
*** Running vivado
    with args -log top.vdi -applog -m64 -messageDb vivado.pb -mode batch -source top.tcl -notrace


****** Vivado v2015.2 (64-bit)
  **** SW Build 1266856 on Fri Jun 26 16:35:25 MDT 2015
  **** IP Build 1264090 on Wed Jun 24 14:22:01 MDT 2015
    ** Copyright 1986-2015 Xilinx, Inc. All Rights Reserved.

source top.tcl -notrace
Design is defaulting to srcset: sources_1
Design is defaulting to constrset: constrs_1
INFO: [Project 1-454] Reading design checkpoint '/home/cmstestbeam/ots/otsdaq-firmware/cactus/projects/nim_plus/top/top.runs/NIM_CLKS_synth_1/NIM_CLKS.dcp' for cell 'NIM_CLKS_BLOCK'
INFO: [Project 1-454] Reading design checkpoint '/home/cmstestbeam/ots/otsdaq-firmware/cactus/projects/nim_plus/top/top.runs/clk_wiz_0_synth_1/clk_wiz_0.dcp' for cell 'clk_wiz_0_BLOCK'
INFO: [Project 1-454] Reading design checkpoint '/home/cmstestbeam/ots/otsdaq-firmware/cactus/projects/nim_plus/top/top.runs/clk_wiz_1_synth_1/clk_wiz_1.dcp' for cell 'clk_wiz_1_BLOCK'
INFO: [Project 1-454] Reading design checkpoint '/home/cmstestbeam/ots/otsdaq-firmware/cactus/projects/nim_plus/top/top.runs/xilinx_64b_counter_synth_1/xilinx_64b_counter.dcp' for cell 'NIM_BLOCK/U115/U7'
INFO: [Project 1-454] Reading design checkpoint '/home/cmstestbeam/ots/otsdaq-firmware/cactus/projects/nim_plus/top/top.runs/xilinx_64b_counter_synth_1/xilinx_64b_counter.dcp' for cell 'NIM_BLOCK/U117/U7'
INFO: [Project 1-454] Reading design checkpoint '/home/cmstestbeam/ots/otsdaq-firmware/cactus/projects/nim_plus/top/top.runs/xilinx_64b_counter_synth_1/xilinx_64b_counter.dcp' for cell 'NIM_BLOCK/U266/U7'
INFO: [Netlist 29-17] Analyzing 479 Unisim elements for replacement
INFO: [Netlist 29-28] Unisim Transformation completed in 0 CPU seconds
INFO: [Project 1-479] Netlist was created with Vivado 2015.2
INFO: [Device 21-403] Loading part xc7a200tffg1156-2
INFO: [Project 1-570] Preparing netlist for logic optimization
Parsing XDC File [/home/cmstestbeam/ots/otsdaq-firmware/cactus/projects/nim_plus/top/top.srcs/sources_1/ip/NIM_CLKS/NIM_CLKS_board.xdc] for cell 'NIM_CLKS_BLOCK/U0'
Finished Parsing XDC File [/home/cmstestbeam/ots/otsdaq-firmware/cactus/projects/nim_plus/top/top.srcs/sources_1/ip/NIM_CLKS/NIM_CLKS_board.xdc] for cell 'NIM_CLKS_BLOCK/U0'
Parsing XDC File [/home/cmstestbeam/ots/otsdaq-firmware/cactus/projects/nim_plus/top/top.srcs/sources_1/ip/NIM_CLKS/NIM_CLKS.xdc] for cell 'NIM_CLKS_BLOCK/U0'
Finished Parsing XDC File [/home/cmstestbeam/ots/otsdaq-firmware/cactus/projects/nim_plus/top/top.srcs/sources_1/ip/NIM_CLKS/NIM_CLKS.xdc] for cell 'NIM_CLKS_BLOCK/U0'
Parsing XDC File [/home/cmstestbeam/ots/otsdaq-firmware/cactus/projects/nim_plus/top/top.srcs/sources_1/ip/clk_wiz_0/clk_wiz_0_board.xdc] for cell 'clk_wiz_0_BLOCK/U0'
Finished Parsing XDC File [/home/cmstestbeam/ots/otsdaq-firmware/cactus/projects/nim_plus/top/top.srcs/sources_1/ip/clk_wiz_0/clk_wiz_0_board.xdc] for cell 'clk_wiz_0_BLOCK/U0'
Parsing XDC File [/home/cmstestbeam/ots/otsdaq-firmware/cactus/projects/nim_plus/top/top.srcs/sources_1/ip/clk_wiz_0/clk_wiz_0.xdc] for cell 'clk_wiz_0_BLOCK/U0'
Finished Parsing XDC File [/home/cmstestbeam/ots/otsdaq-firmware/cactus/projects/nim_plus/top/top.srcs/sources_1/ip/clk_wiz_0/clk_wiz_0.xdc] for cell 'clk_wiz_0_BLOCK/U0'
Parsing XDC File [/home/cmstestbeam/ots/otsdaq-firmware/cactus/projects/nim_plus/top/top.srcs/sources_1/ip/clk_wiz_1/clk_wiz_1_board.xdc] for cell 'clk_wiz_1_BLOCK/U0'
Finished Parsing XDC File [/home/cmstestbeam/ots/otsdaq-firmware/cactus/projects/nim_plus/top/top.srcs/sources_1/ip/clk_wiz_1/clk_wiz_1_board.xdc] for cell 'clk_wiz_1_BLOCK/U0'
Parsing XDC File [/home/cmstestbeam/ots/otsdaq-firmware/cactus/projects/nim_plus/top/top.srcs/sources_1/ip/clk_wiz_1/clk_wiz_1.xdc] for cell 'clk_wiz_1_BLOCK/U0'
Finished Parsing XDC File [/home/cmstestbeam/ots/otsdaq-firmware/cactus/projects/nim_plus/top/top.srcs/sources_1/ip/clk_wiz_1/clk_wiz_1.xdc] for cell 'clk_wiz_1_BLOCK/U0'
Sourcing Tcl File [/home/cmstestbeam/ots/otsdaq-firmware/cactus/projects/nim_plus/top/top.srcs/constrs_1/imports/ucf/pins.tcl]
Finished Sourcing Tcl File [/home/cmstestbeam/ots/otsdaq-firmware/cactus/projects/nim_plus/top/top.srcs/constrs_1/imports/ucf/pins.tcl]
Sourcing Tcl File [/home/cmstestbeam/ots/otsdaq-firmware/cactus/projects/nim_plus/top/top.srcs/constrs_1/imports/ucf/clock_constraints.tcl]
WARNING: [Constraints 18-401] set_max_delay: 'NIM_BLOCK/U351/U1/int_cnt_out[27]_i_1' is not a valid endpoint. [/home/cmstestbeam/ots/otsdaq-firmware/cactus/projects/nim_plus/top/top.srcs/constrs_1/imports/ucf/clock_constraints.tcl:16]
Resolution: A valid end point is a data pin of a sequential cell or a primary output or inout port. Please validate that all the objects returned by your query belong to this list.
WARNING: [Constraints 18-401] set_max_delay: 'NIM_BLOCK/U351/U1/cnt_out_r_reg[9]_i_2_CARRY4_GND' is not a valid endpoint. [/home/cmstestbeam/ots/otsdaq-firmware/cactus/projects/nim_plus/top/top.srcs/constrs_1/imports/ucf/clock_constraints.tcl:16]
Resolution: A valid end point is a data pin of a sequential cell or a primary output or inout port. Please validate that all the objects returned by your query belong to this list.
WARNING: [Constraints 18-401] set_max_delay: 'NIM_BLOCK/U351/U1/cnt_out_r_reg[9]_i_2_CARRY4' is not a valid endpoint. [/home/cmstestbeam/ots/otsdaq-firmware/cactus/projects/nim_plus/top/top.srcs/constrs_1/imports/ucf/clock_constraints.tcl:16]
Resolution: A valid end point is a data pin of a sequential cell or a primary output or inout port. Please validate that all the objects returned by your query belong to this list.
WARNING: [Constraints 18-401] set_max_delay: 'NIM_BLOCK/U351/U1/cnt_out_r_reg[5]_i_2_CARRY4_GND' is not a valid endpoint. [/home/cmstestbeam/ots/otsdaq-firmware/cactus/projects/nim_plus/top/top.srcs/constrs_1/imports/ucf/clock_constraints.tcl:16]
Resolution: A valid end point is a data pin of a sequential cell or a primary output or inout port. Please validate that all the objects returned by your query belong to this list.
WARNING: [Constraints 18-401] set_max_delay: 'NIM_BLOCK/U351/U1/cnt_out_r_reg[5]_i_2_CARRY4' is not a valid endpoint. [/home/cmstestbeam/ots/otsdaq-firmware/cactus/projects/nim_plus/top/top.srcs/constrs_1/imports/ucf/clock_constraints.tcl:16]
Resolution: A valid end point is a data pin of a sequential cell or a primary output or inout port. Please validate that all the objects returned by your query belong to this list.
WARNING: [Constraints 18-401] set_max_delay: 'NIM_BLOCK/U351/U1/cnt_out_r_reg[29]_i_2_CARRY4_GND' is not a valid endpoint. [/home/cmstestbeam/ots/otsdaq-firmware/cactus/projects/nim_plus/top/top.srcs/constrs_1/imports/ucf/clock_constraints.tcl:16]
Resolution: A valid end point is a data pin of a sequential cell or a primary output or inout port. Please validate that all the objects returned by your query belong to this list.
WARNING: [Constraints 18-401] set_max_delay: 'NIM_BLOCK/U351/U1/cnt_out_r_reg[29]_i_2_CARRY4' is not a valid endpoint. [/home/cmstestbeam/ots/otsdaq-firmware/cactus/projects/nim_plus/top/top.srcs/constrs_1/imports/ucf/clock_constraints.tcl:16]
Resolution: A valid end point is a data pin of a sequential cell or a primary output or inout port. Please validate that all the objects returned by your query belong to this list.
WARNING: [Constraints 18-401] set_max_delay: 'NIM_BLOCK/U351/U1/cnt_out_r_reg[25]_i_2_CARRY4_GND' is not a valid endpoint. [/home/cmstestbeam/ots/otsdaq-firmware/cactus/projects/nim_plus/top/top.srcs/constrs_1/imports/ucf/clock_constraints.tcl:16]
Resolution: A valid end point is a data pin of a sequential cell or a primary output or inout port. Please validate that all the objects returned by your query belong to this list.
WARNING: [Constraints 18-401] set_max_delay: 'NIM_BLOCK/U351/U1/cnt_out_r_reg[25]_i_2_CARRY4' is not a valid endpoint. [/home/cmstestbeam/ots/otsdaq-firmware/cactus/projects/nim_plus/top/top.srcs/constrs_1/imports/ucf/clock_constraints.tcl:16]
Resolution: A valid end point is a data pin of a sequential cell or a primary output or inout port. Please validate that all the objects returned by your query belong to this list.
WARNING: [Constraints 18-401] set_max_delay: 'NIM_BLOCK/U351/U1/cnt_out_r_reg[21]_i_2_CARRY4_GND' is not a valid endpoint. [/home/cmstestbeam/ots/otsdaq-firmware/cactus/projects/nim_plus/top/top.srcs/constrs_1/imports/ucf/clock_constraints.tcl:16]
Resolution: A valid end point is a data pin of a sequential cell or a primary output or inout port. Please validate that all the objects returned by your query belong to this list.
WARNING: [Constraints 18-401] set_max_delay: 'NIM_BLOCK/U351/U1/cnt_out_r_reg[21]_i_2_CARRY4' is not a valid endpoint. [/home/cmstestbeam/ots/otsdaq-firmware/cactus/projects/nim_plus/top/top.srcs/constrs_1/imports/ucf/clock_constraints.tcl:16]
Resolution: A valid end point is a data pin of a sequential cell or a primary output or inout port. Please validate that all the objects returned by your query belong to this list.
WARNING: [Constraints 18-401] set_max_delay: 'NIM_BLOCK/U351/U1/cnt_out_r_reg[1]_i_2_CARRY4_GND' is not a valid endpoint. [/home/cmstestbeam/ots/otsdaq-firmware/cactus/projects/nim_plus/top/top.srcs/constrs_1/imports/ucf/clock_constraints.tcl:16]
Resolution: A valid end point is a data pin of a sequential cell or a primary output or inout port. Please validate that all the objects returned by your query belong to this list.
WARNING: [Constraints 18-401] set_max_delay: 'NIM_BLOCK/U351/U1/cnt_out_r_reg[1]_i_2_CARRY4' is not a valid endpoint. [/home/cmstestbeam/ots/otsdaq-firmware/cactus/projects/nim_plus/top/top.srcs/constrs_1/imports/ucf/clock_constraints.tcl:16]
Resolution: A valid end point is a data pin of a sequential cell or a primary output or inout port. Please validate that all the objects returned by your query belong to this list.
WARNING: [Constraints 18-401] set_max_delay: 'NIM_BLOCK/U351/U1/cnt_out_r_reg[17]_i_2_CARRY4_GND' is not a valid endpoint. [/home/cmstestbeam/ots/otsdaq-firmware/cactus/projects/nim_plus/top/top.srcs/constrs_1/imports/ucf/clock_constraints.tcl:16]
Resolution: A valid end point is a data pin of a sequential cell or a primary output or inout port. Please validate that all the objects returned by your query belong to this list.
WARNING: [Constraints 18-401] set_max_delay: 'NIM_BLOCK/U351/U1/cnt_out_r_reg[17]_i_2_CARRY4' is not a valid endpoint. [/home/cmstestbeam/ots/otsdaq-firmware/cactus/projects/nim_plus/top/top.srcs/constrs_1/imports/ucf/clock_constraints.tcl:16]
Resolution: A valid end point is a data pin of a sequential cell or a primary output or inout port. Please validate that all the objects returned by your query belong to this list.
WARNING: [Constraints 18-401] set_max_delay: 'NIM_BLOCK/U351/U1/cnt_out_r_reg[13]_i_2_CARRY4_GND' is not a valid endpoint. [/home/cmstestbeam/ots/otsdaq-firmware/cactus/projects/nim_plus/top/top.srcs/constrs_1/imports/ucf/clock_constraints.tcl:16]
Resolution: A valid end point is a data pin of a sequential cell or a primary output or inout port. Please validate that all the objects returned by your query belong to this list.
WARNING: [Constraints 18-401] set_max_delay: 'NIM_BLOCK/U351/U1/cnt_out_r_reg[13]_i_2_CARRY4' is not a valid endpoint. [/home/cmstestbeam/ots/otsdaq-firmware/cactus/projects/nim_plus/top/top.srcs/constrs_1/imports/ucf/clock_constraints.tcl:16]
Resolution: A valid end point is a data pin of a sequential cell or a primary output or inout port. Please validate that all the objects returned by your query belong to this list.
WARNING: [Constraints 18-401] set_max_delay: 'NIM_BLOCK/U351/U1/cnt_out_r[0]_i_8' is not a valid endpoint. [/home/cmstestbeam/ots/otsdaq-firmware/cactus/projects/nim_plus/top/top.srcs/constrs_1/imports/ucf/clock_constraints.tcl:16]
Resolution: A valid end point is a data pin of a sequential cell or a primary output or inout port. Please validate that all the objects returned by your query belong to this list.
WARNING: [Constraints 18-401] set_max_delay: 'NIM_BLOCK/U351/U1/cnt_out_r[0]_i_7' is not a valid endpoint. [/home/cmstestbeam/ots/otsdaq-firmware/cactus/projects/nim_plus/top/top.srcs/constrs_1/imports/ucf/clock_constraints.tcl:16]
Resolution: A valid end point is a data pin of a sequential cell or a primary output or inout port. Please validate that all the objects returned by your query belong to this list.
WARNING: [Constraints 18-401] set_max_delay: 'NIM_BLOCK/U351/U1/cnt_out_r[0]_i_9' is not a valid endpoint. [/home/cmstestbeam/ots/otsdaq-firmware/cactus/projects/nim_plus/top/top.srcs/constrs_1/imports/ucf/clock_constraints.tcl:16]
Resolution: A valid end point is a data pin of a sequential cell or a primary output or inout port. Please validate that all the objects returned by your query belong to this list.
WARNING: [Constraints 18-401] set_max_delay: 'NIM_BLOCK/U351/U1/cnt_out_r[0]_i_6' is not a valid endpoint. [/home/cmstestbeam/ots/otsdaq-firmware/cactus/projects/nim_plus/top/top.srcs/constrs_1/imports/ucf/clock_constraints.tcl:16]
Resolution: A valid end point is a data pin of a sequential cell or a primary output or inout port. Please validate that all the objects returned by your query belong to this list.
WARNING: [Constraints 18-401] set_max_delay: 'NIM_BLOCK/U351/U1/cnt_out_r[0]_i_5' is not a valid endpoint. [/home/cmstestbeam/ots/otsdaq-firmware/cactus/projects/nim_plus/top/top.srcs/constrs_1/imports/ucf/clock_constraints.tcl:16]
Resolution: A valid end point is a data pin of a sequential cell or a primary output or inout port. Please validate that all the objects returned by your query belong to this list.
WARNING: [Constraints 18-401] set_max_delay: 'NIM_BLOCK/U351/U1/cnt_out_r[0]_i_4' is not a valid endpoint. [/home/cmstestbeam/ots/otsdaq-firmware/cactus/projects/nim_plus/top/top.srcs/constrs_1/imports/ucf/clock_constraints.tcl:16]
Resolution: A valid end point is a data pin of a sequential cell or a primary output or inout port. Please validate that all the objects returned by your query belong to this list.
WARNING: [Constraints 18-401] set_max_delay: 'NIM_BLOCK/U351/U1/cnt_out_r[0]_i_2' is not a valid endpoint. [/home/cmstestbeam/ots/otsdaq-firmware/cactus/projects/nim_plus/top/top.srcs/constrs_1/imports/ucf/clock_constraints.tcl:16]
Resolution: A valid end point is a data pin of a sequential cell or a primary output or inout port. Please validate that all the objects returned by your query belong to this list.
WARNING: [Constraints 18-401] set_max_delay: 'NIM_BLOCK/U351/U1/cnt_out_r[0]_i_10' is not a valid endpoint. [/home/cmstestbeam/ots/otsdaq-firmware/cactus/projects/nim_plus/top/top.srcs/constrs_1/imports/ucf/clock_constraints.tcl:16]
Resolution: A valid end point is a data pin of a sequential cell or a primary output or inout port. Please validate that all the objects returned by your query belong to this list.
WARNING: [Constraints 18-401] set_max_delay: 'NIM_BLOCK/U351/U1/cnt_out_r[0]_i_1' is not a valid endpoint. [/home/cmstestbeam/ots/otsdaq-firmware/cactus/projects/nim_plus/top/top.srcs/constrs_1/imports/ucf/clock_constraints.tcl:16]
Resolution: A valid end point is a data pin of a sequential cell or a primary output or inout port. Please validate that all the objects returned by your query belong to this list.
WARNING: [Constraints 18-401] set_max_delay: 'NIM_BLOCK/U351/U1/VCC' is not a valid endpoint. [/home/cmstestbeam/ots/otsdaq-firmware/cactus/projects/nim_plus/top/top.srcs/constrs_1/imports/ucf/clock_constraints.tcl:16]
Resolution: A valid end point is a data pin of a sequential cell or a primary output or inout port. Please validate that all the objects returned by your query belong to this list.
WARNING: [Constraints 18-401] set_max_delay: 'NIM_BLOCK/U351/U1/GND' is not a valid endpoint. [/home/cmstestbeam/ots/otsdaq-firmware/cactus/projects/nim_plus/top/top.srcs/constrs_1/imports/ucf/clock_constraints.tcl:16]
Resolution: A valid end point is a data pin of a sequential cell or a primary output or inout port. Please validate that all the objects returned by your query belong to this list.
WARNING: [Constraints 18-401] set_max_delay: 'NIM_BLOCK/U351/GND' is not a valid endpoint. [/home/cmstestbeam/ots/otsdaq-firmware/cactus/projects/nim_plus/top/top.srcs/constrs_1/imports/ucf/clock_constraints.tcl:16]
Resolution: A valid end point is a data pin of a sequential cell or a primary output or inout port. Please validate that all the objects returned by your query belong to this list.
WARNING: [Constraints 18-401] set_max_delay: 'NIM_BLOCK/U351/U2/VCC' is not a valid endpoint. [/home/cmstestbeam/ots/otsdaq-firmware/cactus/projects/nim_plus/top/top.srcs/constrs_1/imports/ucf/clock_constraints.tcl:16]
Resolution: A valid end point is a data pin of a sequential cell or a primary output or inout port. Please validate that all the objects returned by your query belong to this list.
WARNING: [Constraints 18-401] set_max_delay: 'NIM_BLOCK/U351/U2/GND' is not a valid endpoint. [/home/cmstestbeam/ots/otsdaq-firmware/cactus/projects/nim_plus/top/top.srcs/constrs_1/imports/ucf/clock_constraints.tcl:16]
Resolution: A valid end point is a data pin of a sequential cell or a primary output or inout port. Please validate that all the objects returned by your query belong to this list.
WARNING: [Constraints 18-401] set_max_delay: 'NIM_BLOCK/U353/U1/int_cnt_out[27]_i_1' is not a valid endpoint. [/home/cmstestbeam/ots/otsdaq-firmware/cactus/projects/nim_plus/top/top.srcs/constrs_1/imports/ucf/clock_constraints.tcl:17]
Resolution: A valid end point is a data pin of a sequential cell or a primary output or inout port. Please validate that all the objects returned by your query belong to this list.
WARNING: [Constraints 18-401] set_max_delay: 'NIM_BLOCK/U353/U1/cnt_out_r_reg[9]_i_2_CARRY4_GND' is not a valid endpoint. [/home/cmstestbeam/ots/otsdaq-firmware/cactus/projects/nim_plus/top/top.srcs/constrs_1/imports/ucf/clock_constraints.tcl:17]
Resolution: A valid end point is a data pin of a sequential cell or a primary output or inout port. Please validate that all the objects returned by your query belong to this list.
WARNING: [Constraints 18-401] set_max_delay: 'NIM_BLOCK/U353/U1/cnt_out_r_reg[9]_i_2_CARRY4' is not a valid endpoint. [/home/cmstestbeam/ots/otsdaq-firmware/cactus/projects/nim_plus/top/top.srcs/constrs_1/imports/ucf/clock_constraints.tcl:17]
Resolution: A valid end point is a data pin of a sequential cell or a primary output or inout port. Please validate that all the objects returned by your query belong to this list.
WARNING: [Constraints 18-401] set_max_delay: 'NIM_BLOCK/U353/U1/cnt_out_r_reg[5]_i_2_CARRY4_GND' is not a valid endpoint. [/home/cmstestbeam/ots/otsdaq-firmware/cactus/projects/nim_plus/top/top.srcs/constrs_1/imports/ucf/clock_constraints.tcl:17]
Resolution: A valid end point is a data pin of a sequential cell or a primary output or inout port. Please validate that all the objects returned by your query belong to this list.
WARNING: [Constraints 18-401] set_max_delay: 'NIM_BLOCK/U353/U1/cnt_out_r_reg[5]_i_2_CARRY4' is not a valid endpoint. [/home/cmstestbeam/ots/otsdaq-firmware/cactus/projects/nim_plus/top/top.srcs/constrs_1/imports/ucf/clock_constraints.tcl:17]
Resolution: A valid end point is a data pin of a sequential cell or a primary output or inout port. Please validate that all the objects returned by your query belong to this list.
WARNING: [Constraints 18-401] set_max_delay: 'NIM_BLOCK/U353/U1/cnt_out_r_reg[29]_i_2_CARRY4_GND' is not a valid endpoint. [/home/cmstestbeam/ots/otsdaq-firmware/cactus/projects/nim_plus/top/top.srcs/constrs_1/imports/ucf/clock_constraints.tcl:17]
Resolution: A valid end point is a data pin of a sequential cell or a primary output or inout port. Please validate that all the objects returned by your query belong to this list.
WARNING: [Constraints 18-401] set_max_delay: 'NIM_BLOCK/U353/U1/cnt_out_r_reg[29]_i_2_CARRY4' is not a valid endpoint. [/home/cmstestbeam/ots/otsdaq-firmware/cactus/projects/nim_plus/top/top.srcs/constrs_1/imports/ucf/clock_constraints.tcl:17]
Resolution: A valid end point is a data pin of a sequential cell or a primary output or inout port. Please validate that all the objects returned by your query belong to this list.
WARNING: [Constraints 18-401] set_max_delay: 'NIM_BLOCK/U353/U1/cnt_out_r_reg[25]_i_2_CARRY4_GND' is not a valid endpoint. [/home/cmstestbeam/ots/otsdaq-firmware/cactus/projects/nim_plus/top/top.srcs/constrs_1/imports/ucf/clock_constraints.tcl:17]
Resolution: A valid end point is a data pin of a sequential cell or a primary output or inout port. Please validate that all the objects returned by your query belong to this list.
WARNING: [Constraints 18-401] set_max_delay: 'NIM_BLOCK/U353/U1/cnt_out_r_reg[25]_i_2_CARRY4' is not a valid endpoint. [/home/cmstestbeam/ots/otsdaq-firmware/cactus/projects/nim_plus/top/top.srcs/constrs_1/imports/ucf/clock_constraints.tcl:17]
Resolution: A valid end point is a data pin of a sequential cell or a primary output or inout port. Please validate that all the objects returned by your query belong to this list.
WARNING: [Constraints 18-401] set_max_delay: 'NIM_BLOCK/U353/U1/cnt_out_r_reg[21]_i_2_CARRY4_GND' is not a valid endpoint. [/home/cmstestbeam/ots/otsdaq-firmware/cactus/projects/nim_plus/top/top.srcs/constrs_1/imports/ucf/clock_constraints.tcl:17]
Resolution: A valid end point is a data pin of a sequential cell or a primary output or inout port. Please validate that all the objects returned by your query belong to this list.
WARNING: [Constraints 18-401] set_max_delay: 'NIM_BLOCK/U353/U1/cnt_out_r_reg[21]_i_2_CARRY4' is not a valid endpoint. [/home/cmstestbeam/ots/otsdaq-firmware/cactus/projects/nim_plus/top/top.srcs/constrs_1/imports/ucf/clock_constraints.tcl:17]
Resolution: A valid end point is a data pin of a sequential cell or a primary output or inout port. Please validate that all the objects returned by your query belong to this list.
WARNING: [Constraints 18-401] set_max_delay: 'NIM_BLOCK/U353/U1/cnt_out_r_reg[1]_i_2_CARRY4_GND' is not a valid endpoint. [/home/cmstestbeam/ots/otsdaq-firmware/cactus/projects/nim_plus/top/top.srcs/constrs_1/imports/ucf/clock_constraints.tcl:17]
Resolution: A valid end point is a data pin of a sequential cell or a primary output or inout port. Please validate that all the objects returned by your query belong to this list.
WARNING: [Constraints 18-401] set_max_delay: 'NIM_BLOCK/U353/U1/cnt_out_r_reg[1]_i_2_CARRY4' is not a valid endpoint. [/home/cmstestbeam/ots/otsdaq-firmware/cactus/projects/nim_plus/top/top.srcs/constrs_1/imports/ucf/clock_constraints.tcl:17]
Resolution: A valid end point is a data pin of a sequential cell or a primary output or inout port. Please validate that all the objects returned by your query belong to this list.
WARNING: [Constraints 18-401] set_max_delay: 'NIM_BLOCK/U353/U1/cnt_out_r_reg[17]_i_2_CARRY4_GND' is not a valid endpoint. [/home/cmstestbeam/ots/otsdaq-firmware/cactus/projects/nim_plus/top/top.srcs/constrs_1/imports/ucf/clock_constraints.tcl:17]
Resolution: A valid end point is a data pin of a sequential cell or a primary output or inout port. Please validate that all the objects returned by your query belong to this list.
WARNING: [Constraints 18-401] set_max_delay: 'NIM_BLOCK/U353/U1/cnt_out_r_reg[17]_i_2_CARRY4' is not a valid endpoint. [/home/cmstestbeam/ots/otsdaq-firmware/cactus/projects/nim_plus/top/top.srcs/constrs_1/imports/ucf/clock_constraints.tcl:17]
Resolution: A valid end point is a data pin of a sequential cell or a primary output or inout port. Please validate that all the objects returned by your query belong to this list.
WARNING: [Constraints 18-401] set_max_delay: 'NIM_BLOCK/U353/U1/cnt_out_r_reg[13]_i_2_CARRY4_GND' is not a valid endpoint. [/home/cmstestbeam/ots/otsdaq-firmware/cactus/projects/nim_plus/top/top.srcs/constrs_1/imports/ucf/clock_constraints.tcl:17]
Resolution: A valid end point is a data pin of a sequential cell or a primary output or inout port. Please validate that all the objects returned by your query belong to this list.
WARNING: [Constraints 18-401] set_max_delay: 'NIM_BLOCK/U353/U1/cnt_out_r_reg[13]_i_2_CARRY4' is not a valid endpoint. [/home/cmstestbeam/ots/otsdaq-firmware/cactus/projects/nim_plus/top/top.srcs/constrs_1/imports/ucf/clock_constraints.tcl:17]
Resolution: A valid end point is a data pin of a sequential cell or a primary output or inout port. Please validate that all the objects returned by your query belong to this list.
WARNING: [Constraints 18-401] set_max_delay: 'NIM_BLOCK/U353/U1/cnt_out_r[0]_i_8' is not a valid endpoint. [/home/cmstestbeam/ots/otsdaq-firmware/cactus/projects/nim_plus/top/top.srcs/constrs_1/imports/ucf/clock_constraints.tcl:17]
Resolution: A valid end point is a data pin of a sequential cell or a primary output or inout port. Please validate that all the objects returned by your query belong to this list.
WARNING: [Constraints 18-401] set_max_delay: 'NIM_BLOCK/U353/U1/cnt_out_r[0]_i_7' is not a valid endpoint. [/home/cmstestbeam/ots/otsdaq-firmware/cactus/projects/nim_plus/top/top.srcs/constrs_1/imports/ucf/clock_constraints.tcl:17]
Resolution: A valid end point is a data pin of a sequential cell or a primary output or inout port. Please validate that all the objects returned by your query belong to this list.
WARNING: [Constraints 18-401] set_max_delay: 'NIM_BLOCK/U353/U1/cnt_out_r[0]_i_9' is not a valid endpoint. [/home/cmstestbeam/ots/otsdaq-firmware/cactus/projects/nim_plus/top/top.srcs/constrs_1/imports/ucf/clock_constraints.tcl:17]
Resolution: A valid end point is a data pin of a sequential cell or a primary output or inout port. Please validate that all the objects returned by your query belong to this list.
WARNING: [Constraints 18-401] set_max_delay: 'NIM_BLOCK/U353/U1/cnt_out_r[0]_i_6' is not a valid endpoint. [/home/cmstestbeam/ots/otsdaq-firmware/cactus/projects/nim_plus/top/top.srcs/constrs_1/imports/ucf/clock_constraints.tcl:17]
Resolution: A valid end point is a data pin of a sequential cell or a primary output or inout port. Please validate that all the objects returned by your query belong to this list.
WARNING: [Constraints 18-401] set_max_delay: 'NIM_BLOCK/U353/U1/cnt_out_r[0]_i_5' is not a valid endpoint. [/home/cmstestbeam/ots/otsdaq-firmware/cactus/projects/nim_plus/top/top.srcs/constrs_1/imports/ucf/clock_constraints.tcl:17]
Resolution: A valid end point is a data pin of a sequential cell or a primary output or inout port. Please validate that all the objects returned by your query belong to this list.
WARNING: [Constraints 18-401] set_max_delay: 'NIM_BLOCK/U353/U1/cnt_out_r[0]_i_4' is not a valid endpoint. [/home/cmstestbeam/ots/otsdaq-firmware/cactus/projects/nim_plus/top/top.srcs/constrs_1/imports/ucf/clock_constraints.tcl:17]
Resolution: A valid end point is a data pin of a sequential cell or a primary output or inout port. Please validate that all the objects returned by your query belong to this list.
WARNING: [Constraints 18-401] set_max_delay: 'NIM_BLOCK/U353/U1/cnt_out_r[0]_i_2' is not a valid endpoint. [/home/cmstestbeam/ots/otsdaq-firmware/cactus/projects/nim_plus/top/top.srcs/constrs_1/imports/ucf/clock_constraints.tcl:17]
Resolution: A valid end point is a data pin of a sequential cell or a primary output or inout port. Please validate that all the objects returned by your query belong to this list.
WARNING: [Constraints 18-401] set_max_delay: 'NIM_BLOCK/U353/U1/cnt_out_r[0]_i_10' is not a valid endpoint. [/home/cmstestbeam/ots/otsdaq-firmware/cactus/projects/nim_plus/top/top.srcs/constrs_1/imports/ucf/clock_constraints.tcl:17]
Resolution: A valid end point is a data pin of a sequential cell or a primary output or inout port. Please validate that all the objects returned by your query belong to this list.
WARNING: [Constraints 18-401] set_max_delay: 'NIM_BLOCK/U353/U1/cnt_out_r[0]_i_1' is not a valid endpoint. [/home/cmstestbeam/ots/otsdaq-firmware/cactus/projects/nim_plus/top/top.srcs/constrs_1/imports/ucf/clock_constraints.tcl:17]
Resolution: A valid end point is a data pin of a sequential cell or a primary output or inout port. Please validate that all the objects returned by your query belong to this list.
WARNING: [Constraints 18-401] set_max_delay: 'NIM_BLOCK/U353/U1/VCC' is not a valid endpoint. [/home/cmstestbeam/ots/otsdaq-firmware/cactus/projects/nim_plus/top/top.srcs/constrs_1/imports/ucf/clock_constraints.tcl:17]
Resolution: A valid end point is a data pin of a sequential cell or a primary output or inout port. Please validate that all the objects returned by your query belong to this list.
WARNING: [Constraints 18-401] set_max_delay: 'NIM_BLOCK/U353/U1/GND' is not a valid endpoint. [/home/cmstestbeam/ots/otsdaq-firmware/cactus/projects/nim_plus/top/top.srcs/constrs_1/imports/ucf/clock_constraints.tcl:17]
Resolution: A valid end point is a data pin of a sequential cell or a primary output or inout port. Please validate that all the objects returned by your query belong to this list.
WARNING: [Constraints 18-401] set_max_delay: 'NIM_BLOCK/U353/GND' is not a valid endpoint. [/home/cmstestbeam/ots/otsdaq-firmware/cactus/projects/nim_plus/top/top.srcs/constrs_1/imports/ucf/clock_constraints.tcl:17]
Resolution: A valid end point is a data pin of a sequential cell or a primary output or inout port. Please validate that all the objects returned by your query belong to this list.
WARNING: [Constraints 18-401] set_max_delay: 'NIM_BLOCK/U353/U2/VCC' is not a valid endpoint. [/home/cmstestbeam/ots/otsdaq-firmware/cactus/projects/nim_plus/top/top.srcs/constrs_1/imports/ucf/clock_constraints.tcl:17]
Resolution: A valid end point is a data pin of a sequential cell or a primary output or inout port. Please validate that all the objects returned by your query belong to this list.
WARNING: [Constraints 18-401] set_max_delay: 'NIM_BLOCK/U353/U2/GND' is not a valid endpoint. [/home/cmstestbeam/ots/otsdaq-firmware/cactus/projects/nim_plus/top/top.srcs/constrs_1/imports/ucf/clock_constraints.tcl:17]
Resolution: A valid end point is a data pin of a sequential cell or a primary output or inout port. Please validate that all the objects returned by your query belong to this list.
WARNING: [Constraints 18-401] set_max_delay: 'NIM_BLOCK/U355/U1/cnt_out_r_reg[25]_i_2_CARRY4' is not a valid endpoint. [/home/cmstestbeam/ots/otsdaq-firmware/cactus/projects/nim_plus/top/top.srcs/constrs_1/imports/ucf/clock_constraints.tcl:18]
Resolution: A valid end point is a data pin of a sequential cell or a primary output or inout port. Please validate that all the objects returned by your query belong to this list.
WARNING: [Constraints 18-401] set_max_delay: 'NIM_BLOCK/U355/U1/cnt_out_r_reg[21]_i_2_CARRY4_GND' is not a valid endpoint. [/home/cmstestbeam/ots/otsdaq-firmware/cactus/projects/nim_plus/top/top.srcs/constrs_1/imports/ucf/clock_constraints.tcl:18]
Resolution: A valid end point is a data pin of a sequential cell or a primary output or inout port. Please validate that all the objects returned by your query belong to this list.
WARNING: [Constraints 18-401] set_max_delay: 'NIM_BLOCK/U355/U1/cnt_out_r_reg[21]_i_2_CARRY4' is not a valid endpoint. [/home/cmstestbeam/ots/otsdaq-firmware/cactus/projects/nim_plus/top/top.srcs/constrs_1/imports/ucf/clock_constraints.tcl:18]
Resolution: A valid end point is a data pin of a sequential cell or a primary output or inout port. Please validate that all the objects returned by your query belong to this list.
WARNING: [Constraints 18-401] set_max_delay: 'NIM_BLOCK/U355/U1/cnt_out_r_reg[1]_i_2_CARRY4_GND' is not a valid endpoint. [/home/cmstestbeam/ots/otsdaq-firmware/cactus/projects/nim_plus/top/top.srcs/constrs_1/imports/ucf/clock_constraints.tcl:18]
Resolution: A valid end point is a data pin of a sequential cell or a primary output or inout port. Please validate that all the objects returned by your query belong to this list.
WARNING: [Constraints 18-401] set_max_delay: 'NIM_BLOCK/U355/U1/cnt_out_r_reg[1]_i_2_CARRY4' is not a valid endpoint. [/home/cmstestbeam/ots/otsdaq-firmware/cactus/projects/nim_plus/top/top.srcs/constrs_1/imports/ucf/clock_constraints.tcl:18]
Resolution: A valid end point is a data pin of a sequential cell or a primary output or inout port. Please validate that all the objects returned by your query belong to this list.
WARNING: [Constraints 18-401] set_max_delay: 'NIM_BLOCK/U355/U1/cnt_out_r_reg[17]_i_2_CARRY4_GND' is not a valid endpoint. [/home/cmstestbeam/ots/otsdaq-firmware/cactus/projects/nim_plus/top/top.srcs/constrs_1/imports/ucf/clock_constraints.tcl:18]
Resolution: A valid end point is a data pin of a sequential cell or a primary output or inout port. Please validate that all the objects returned by your query belong to this list.
WARNING: [Constraints 18-401] set_max_delay: 'NIM_BLOCK/U355/U1/cnt_out_r_reg[17]_i_2_CARRY4' is not a valid endpoint. [/home/cmstestbeam/ots/otsdaq-firmware/cactus/projects/nim_plus/top/top.srcs/constrs_1/imports/ucf/clock_constraints.tcl:18]
Resolution: A valid end point is a data pin of a sequential cell or a primary output or inout port. Please validate that all the objects returned by your query belong to this list.
WARNING: [Constraints 18-401] set_max_delay: 'NIM_BLOCK/U355/U1/cnt_out_r_reg[13]_i_2_CARRY4_GND' is not a valid endpoint. [/home/cmstestbeam/ots/otsdaq-firmware/cactus/projects/nim_plus/top/top.srcs/constrs_1/imports/ucf/clock_constraints.tcl:18]
Resolution: A valid end point is a data pin of a sequential cell or a primary output or inout port. Please validate that all the objects returned by your query belong to this list.
WARNING: [Constraints 18-401] set_max_delay: 'NIM_BLOCK/U355/U1/cnt_out_r_reg[13]_i_2_CARRY4' is not a valid endpoint. [/home/cmstestbeam/ots/otsdaq-firmware/cactus/projects/nim_plus/top/top.srcs/constrs_1/imports/ucf/clock_constraints.tcl:18]
Resolution: A valid end point is a data pin of a sequential cell or a primary output or inout port. Please validate that all the objects returned by your query belong to this list.
WARNING: [Constraints 18-401] set_max_delay: 'NIM_BLOCK/U355/U1/cnt_out_r[0]_i_8' is not a valid endpoint. [/home/cmstestbeam/ots/otsdaq-firmware/cactus/projects/nim_plus/top/top.srcs/constrs_1/imports/ucf/clock_constraints.tcl:18]
Resolution: A valid end point is a data pin of a sequential cell or a primary output or inout port. Please validate that all the objects returned by your query belong to this list.
WARNING: [Constraints 18-401] set_max_delay: 'NIM_BLOCK/U355/U1/cnt_out_r[0]_i_7' is not a valid endpoint. [/home/cmstestbeam/ots/otsdaq-firmware/cactus/projects/nim_plus/top/top.srcs/constrs_1/imports/ucf/clock_constraints.tcl:18]
Resolution: A valid end point is a data pin of a sequential cell or a primary output or inout port. Please validate that all the objects returned by your query belong to this list.
WARNING: [Constraints 18-401] set_max_delay: 'NIM_BLOCK/U355/U1/cnt_out_r[0]_i_9' is not a valid endpoint. [/home/cmstestbeam/ots/otsdaq-firmware/cactus/projects/nim_plus/top/top.srcs/constrs_1/imports/ucf/clock_constraints.tcl:18]
Resolution: A valid end point is a data pin of a sequential cell or a primary output or inout port. Please validate that all the objects returned by your query belong to this list.
WARNING: [Constraints 18-401] set_max_delay: 'NIM_BLOCK/U355/U1/cnt_out_r[0]_i_6' is not a valid endpoint. [/home/cmstestbeam/ots/otsdaq-firmware/cactus/projects/nim_plus/top/top.srcs/constrs_1/imports/ucf/clock_constraints.tcl:18]
Resolution: A valid end point is a data pin of a sequential cell or a primary output or inout port. Please validate that all the objects returned by your query belong to this list.
WARNING: [Constraints 18-401] set_max_delay: 'NIM_BLOCK/U355/U1/cnt_out_r[0]_i_5' is not a valid endpoint. [/home/cmstestbeam/ots/otsdaq-firmware/cactus/projects/nim_plus/top/top.srcs/constrs_1/imports/ucf/clock_constraints.tcl:18]
Resolution: A valid end point is a data pin of a sequential cell or a primary output or inout port. Please validate that all the objects returned by your query belong to this list.
WARNING: [Constraints 18-401] set_max_delay: 'NIM_BLOCK/U355/U1/cnt_out_r[0]_i_4' is not a valid endpoint. [/home/cmstestbeam/ots/otsdaq-firmware/cactus/projects/nim_plus/top/top.srcs/constrs_1/imports/ucf/clock_constraints.tcl:18]
Resolution: A valid end point is a data pin of a sequential cell or a primary output or inout port. Please validate that all the objects returned by your query belong to this list.
WARNING: [Constraints 18-401] set_max_delay: 'NIM_BLOCK/U355/U1/cnt_out_r[0]_i_2' is not a valid endpoint. [/home/cmstestbeam/ots/otsdaq-firmware/cactus/projects/nim_plus/top/top.srcs/constrs_1/imports/ucf/clock_constraints.tcl:18]
Resolution: A valid end point is a data pin of a sequential cell or a primary output or inout port. Please validate that all the objects returned by your query belong to this list.
WARNING: [Constraints 18-401] set_max_delay: 'NIM_BLOCK/U355/U1/cnt_out_r[0]_i_10' is not a valid endpoint. [/home/cmstestbeam/ots/otsdaq-firmware/cactus/projects/nim_plus/top/top.srcs/constrs_1/imports/ucf/clock_constraints.tcl:18]
Resolution: A valid end point is a data pin of a sequential cell or a primary output or inout port. Please validate that all the objects returned by your query belong to this list.
WARNING: [Constraints 18-401] set_max_delay: 'NIM_BLOCK/U355/U1/cnt_out_r[0]_i_1' is not a valid endpoint. [/home/cmstestbeam/ots/otsdaq-firmware/cactus/projects/nim_plus/top/top.srcs/constrs_1/imports/ucf/clock_constraints.tcl:18]
Resolution: A valid end point is a data pin of a sequential cell or a primary output or inout port. Please validate that all the objects returned by your query belong to this list.
WARNING: [Constraints 18-401] set_max_delay: 'NIM_BLOCK/U355/U1/VCC' is not a valid endpoint. [/home/cmstestbeam/ots/otsdaq-firmware/cactus/projects/nim_plus/top/top.srcs/constrs_1/imports/ucf/clock_constraints.tcl:18]
Resolution: A valid end point is a data pin of a sequential cell or a primary output or inout port. Please validate that all the objects returned by your query belong to this list.
WARNING: [Constraints 18-401] set_max_delay: 'NIM_BLOCK/U355/U1/GND' is not a valid endpoint. [/home/cmstestbeam/ots/otsdaq-firmware/cactus/projects/nim_plus/top/top.srcs/constrs_1/imports/ucf/clock_constraints.tcl:18]
Resolution: A valid end point is a data pin of a sequential cell or a primary output or inout port. Please validate that all the objects returned by your query belong to this list.
WARNING: [Constraints 18-401] set_max_delay: 'NIM_BLOCK/U355/U2/VCC' is not a valid endpoint. [/home/cmstestbeam/ots/otsdaq-firmware/cactus/projects/nim_plus/top/top.srcs/constrs_1/imports/ucf/clock_constraints.tcl:18]
Resolution: A valid end point is a data pin of a sequential cell or a primary output or inout port. Please validate that all the objects returned by your query belong to this list.
WARNING: [Constraints 18-401] set_max_delay: 'NIM_BLOCK/U355/U2/GND' is not a valid endpoint. [/home/cmstestbeam/ots/otsdaq-firmware/cactus/projects/nim_plus/top/top.srcs/constrs_1/imports/ucf/clock_constraints.tcl:18]
Resolution: A valid end point is a data pin of a sequential cell or a primary output or inout port. Please validate that all the objects returned by your query belong to this list.
WARNING: [Constraints 18-401] set_max_delay: 'NIM_BLOCK/U355/U1/int_cnt_out[27]_i_1' is not a valid endpoint. [/home/cmstestbeam/ots/otsdaq-firmware/cactus/projects/nim_plus/top/top.srcs/constrs_1/imports/ucf/clock_constraints.tcl:18]
Resolution: A valid end point is a data pin of a sequential cell or a primary output or inout port. Please validate that all the objects returned by your query belong to this list.
WARNING: [Constraints 18-401] set_max_delay: 'NIM_BLOCK/U355/U1/cnt_out_r_reg[9]_i_2_CARRY4_GND' is not a valid endpoint. [/home/cmstestbeam/ots/otsdaq-firmware/cactus/projects/nim_plus/top/top.srcs/constrs_1/imports/ucf/clock_constraints.tcl:18]
Resolution: A valid end point is a data pin of a sequential cell or a primary output or inout port. Please validate that all the objects returned by your query belong to this list.
WARNING: [Constraints 18-401] set_max_delay: 'NIM_BLOCK/U355/U1/cnt_out_r_reg[9]_i_2_CARRY4' is not a valid endpoint. [/home/cmstestbeam/ots/otsdaq-firmware/cactus/projects/nim_plus/top/top.srcs/constrs_1/imports/ucf/clock_constraints.tcl:18]
Resolution: A valid end point is a data pin of a sequential cell or a primary output or inout port. Please validate that all the objects returned by your query belong to this list.
WARNING: [Constraints 18-401] set_max_delay: 'NIM_BLOCK/U355/U1/cnt_out_r_reg[5]_i_2_CARRY4_GND' is not a valid endpoint. [/home/cmstestbeam/ots/otsdaq-firmware/cactus/projects/nim_plus/top/top.srcs/constrs_1/imports/ucf/clock_constraints.tcl:18]
Resolution: A valid end point is a data pin of a sequential cell or a primary output or inout port. Please validate that all the objects returned by your query belong to this list.
WARNING: [Constraints 18-401] set_max_delay: 'NIM_BLOCK/U355/U1/cnt_out_r_reg[5]_i_2_CARRY4' is not a valid endpoint. [/home/cmstestbeam/ots/otsdaq-firmware/cactus/projects/nim_plus/top/top.srcs/constrs_1/imports/ucf/clock_constraints.tcl:18]
Resolution: A valid end point is a data pin of a sequential cell or a primary output or inout port. Please validate that all the objects returned by your query belong to this list.
WARNING: [Constraints 18-401] set_max_delay: 'NIM_BLOCK/U355/U1/cnt_out_r_reg[29]_i_2_CARRY4_GND' is not a valid endpoint. [/home/cmstestbeam/ots/otsdaq-firmware/cactus/projects/nim_plus/top/top.srcs/constrs_1/imports/ucf/clock_constraints.tcl:18]
Resolution: A valid end point is a data pin of a sequential cell or a primary output or inout port. Please validate that all the objects returned by your query belong to this list.
WARNING: [Constraints 18-401] set_max_delay: 'NIM_BLOCK/U355/U1/cnt_out_r_reg[29]_i_2_CARRY4' is not a valid endpoint. [/home/cmstestbeam/ots/otsdaq-firmware/cactus/projects/nim_plus/top/top.srcs/constrs_1/imports/ucf/clock_constraints.tcl:18]
Resolution: A valid end point is a data pin of a sequential cell or a primary output or inout port. Please validate that all the objects returned by your query belong to this list.
WARNING: [Constraints 18-401] set_max_delay: 'NIM_BLOCK/U355/U1/cnt_out_r_reg[25]_i_2_CARRY4_GND' is not a valid endpoint. [/home/cmstestbeam/ots/otsdaq-firmware/cactus/projects/nim_plus/top/top.srcs/constrs_1/imports/ucf/clock_constraints.tcl:18]
Resolution: A valid end point is a data pin of a sequential cell or a primary output or inout port. Please validate that all the objects returned by your query belong to this list.
WARNING: [Constraints 18-401] set_max_delay: 'NIM_BLOCK/U355/GND' is not a valid endpoint. [/home/cmstestbeam/ots/otsdaq-firmware/cactus/projects/nim_plus/top/top.srcs/constrs_1/imports/ucf/clock_constraints.tcl:18]
Resolution: A valid end point is a data pin of a sequential cell or a primary output or inout port. Please validate that all the objects returned by your query belong to this list.
WARNING: [Constraints 18-401] set_max_delay: 'NIM_BLOCK/U357/U1/int_cnt_out[27]_i_1' is not a valid endpoint. [/home/cmstestbeam/ots/otsdaq-firmware/cactus/projects/nim_plus/top/top.srcs/constrs_1/imports/ucf/clock_constraints.tcl:19]
Resolution: A valid end point is a data pin of a sequential cell or a primary output or inout port. Please validate that all the objects returned by your query belong to this list.
WARNING: [Constraints 18-401] set_max_delay: 'NIM_BLOCK/U357/U1/cnt_out_r_reg[9]_i_2_CARRY4_GND' is not a valid endpoint. [/home/cmstestbeam/ots/otsdaq-firmware/cactus/projects/nim_plus/top/top.srcs/constrs_1/imports/ucf/clock_constraints.tcl:19]
Resolution: A valid end point is a data pin of a sequential cell or a primary output or inout port. Please validate that all the objects returned by your query belong to this list.
WARNING: [Constraints 18-401] set_max_delay: 'NIM_BLOCK/U357/U1/cnt_out_r_reg[9]_i_2_CARRY4' is not a valid endpoint. [/home/cmstestbeam/ots/otsdaq-firmware/cactus/projects/nim_plus/top/top.srcs/constrs_1/imports/ucf/clock_constraints.tcl:19]
Resolution: A valid end point is a data pin of a sequential cell or a primary output or inout port. Please validate that all the objects returned by your query belong to this list.
WARNING: [Constraints 18-401] set_max_delay: 'NIM_BLOCK/U357/U1/cnt_out_r_reg[5]_i_2_CARRY4_GND' is not a valid endpoint. [/home/cmstestbeam/ots/otsdaq-firmware/cactus/projects/nim_plus/top/top.srcs/constrs_1/imports/ucf/clock_constraints.tcl:19]
Resolution: A valid end point is a data pin of a sequential cell or a primary output or inout port. Please validate that all the objects returned by your query belong to this list.
WARNING: [Constraints 18-401] set_max_delay: 'NIM_BLOCK/U357/U1/cnt_out_r_reg[5]_i_2_CARRY4' is not a valid endpoint. [/home/cmstestbeam/ots/otsdaq-firmware/cactus/projects/nim_plus/top/top.srcs/constrs_1/imports/ucf/clock_constraints.tcl:19]
Resolution: A valid end point is a data pin of a sequential cell or a primary output or inout port. Please validate that all the objects returned by your query belong to this list.
WARNING: [Constraints 18-401] set_max_delay: 'NIM_BLOCK/U357/U1/cnt_out_r_reg[29]_i_2_CARRY4_GND' is not a valid endpoint. [/home/cmstestbeam/ots/otsdaq-firmware/cactus/projects/nim_plus/top/top.srcs/constrs_1/imports/ucf/clock_constraints.tcl:19]
Resolution: A valid end point is a data pin of a sequential cell or a primary output or inout port. Please validate that all the objects returned by your query belong to this list.
WARNING: [Constraints 18-401] set_max_delay: 'NIM_BLOCK/U357/U1/cnt_out_r_reg[29]_i_2_CARRY4' is not a valid endpoint. [/home/cmstestbeam/ots/otsdaq-firmware/cactus/projects/nim_plus/top/top.srcs/constrs_1/imports/ucf/clock_constraints.tcl:19]
Resolution: A valid end point is a data pin of a sequential cell or a primary output or inout port. Please validate that all the objects returned by your query belong to this list.
INFO: [Common 17-14] Message 'Constraints 18-401' appears 100 times and further instances of the messages will be disabled. Use the Tcl command set_msg_config to change the current settings. [/home/cmstestbeam/ots/otsdaq-firmware/cactus/projects/nim_plus/top/top.srcs/constrs_1/imports/ucf/clock_constraints.tcl:19]
INFO: [Timing 38-35] Done setting XDC timing constraints. [/home/cmstestbeam/ots/otsdaq-firmware/cactus/projects/nim_plus/top/top.srcs/constrs_1/imports/ucf/clock_constraints.tcl:57]
INFO: [Timing 38-2] Deriving generated clocks [/home/cmstestbeam/ots/otsdaq-firmware/cactus/projects/nim_plus/top/top.srcs/constrs_1/imports/ucf/clock_constraints.tcl:57]
get_clocks: Time (s): cpu = 00:00:11 ; elapsed = 00:00:12 . Memory (MB): peak = 1897.492 ; gain = 536.672 ; free physical = 4294 ; free virtual = 24865
Finished Sourcing Tcl File [/home/cmstestbeam/ots/otsdaq-firmware/cactus/projects/nim_plus/top/top.srcs/constrs_1/imports/ucf/clock_constraints.tcl]
Parsing XDC File [/home/cmstestbeam/ots/otsdaq-firmware/cactus/projects/nim_plus/top/top.srcs/constrs_1/new/top_10.xdc]
Finished Parsing XDC File [/home/cmstestbeam/ots/otsdaq-firmware/cactus/projects/nim_plus/top/top.srcs/constrs_1/new/top_10.xdc]
INFO: [Project 1-538] Using original IP XDC constraints instead of the XDC constraints in dcp '/home/cmstestbeam/ots/otsdaq-firmware/cactus/projects/nim_plus/top/top.runs/NIM_CLKS_synth_1/NIM_CLKS.dcp'
INFO: [Project 1-538] Using original IP XDC constraints instead of the XDC constraints in dcp '/home/cmstestbeam/ots/otsdaq-firmware/cactus/projects/nim_plus/top/top.runs/clk_wiz_0_synth_1/clk_wiz_0.dcp'
INFO: [Project 1-538] Using original IP XDC constraints instead of the XDC constraints in dcp '/home/cmstestbeam/ots/otsdaq-firmware/cactus/projects/nim_plus/top/top.runs/clk_wiz_1_synth_1/clk_wiz_1.dcp'
INFO: [Project 1-538] Using original IP XDC constraints instead of the XDC constraints in dcp '/home/cmstestbeam/ots/otsdaq-firmware/cactus/projects/nim_plus/top/top.runs/xilinx_64b_counter_synth_1/xilinx_64b_counter.dcp'
INFO: [Project 1-538] Using original IP XDC constraints instead of the XDC constraints in dcp '/home/cmstestbeam/ots/otsdaq-firmware/cactus/projects/nim_plus/top/top.runs/xilinx_64b_counter_synth_1/xilinx_64b_counter.dcp'
INFO: [Project 1-538] Using original IP XDC constraints instead of the XDC constraints in dcp '/home/cmstestbeam/ots/otsdaq-firmware/cactus/projects/nim_plus/top/top.runs/xilinx_64b_counter_synth_1/xilinx_64b_counter.dcp'
INFO: [Opt 31-138] Pushed 0 inverter(s) to 0 load pin(s).
INFO: [Project 1-111] Unisim Transformation Summary:
  A total of 8 instances were transformed.
  OBUFDS => OBUFDS: 8 instances

link_design: Time (s): cpu = 00:00:19 ; elapsed = 00:00:19 . Memory (MB): peak = 1897.492 ; gain = 891.820 ; free physical = 4304 ; free virtual = 24883
Command: opt_design
Attempting to get a license for feature 'Implementation' and/or device 'xc7a200t'
INFO: [Common 17-349] Got license for feature 'Implementation' and/or device 'xc7a200t'
Running DRC as a precondition to command opt_design

Starting DRC Task
INFO: [DRC 23-27] Running DRC with 8 threads
INFO: [Project 1-461] DRC finished with 0 Errors
INFO: [Project 1-462] Please refer to the DRC report (report_drc) for more information.

Time (s): cpu = 00:00:00.20 ; elapsed = 00:00:00.20 . Memory (MB): peak = 1912.523 ; gain = 7.027 ; free physical = 4286 ; free virtual = 24879
WARNING: [Constraints 18-401] set_max_delay: 'NIM_BLOCK/U351/U1/int_cnt_out[27]_i_1' is not a valid endpoint. [/home/cmstestbeam/ots/otsdaq-firmware/cactus/projects/nim_plus/top/top.srcs/constrs_1/imports/ucf/clock_constraints.tcl:16]
Resolution: A valid end point is a data pin of a sequential cell or a primary output or inout port. Please validate that all the objects returned by your query belong to this list.
WARNING: [Constraints 18-401] set_max_delay: 'NIM_BLOCK/U351/U1/cnt_out_r_reg[9]_i_2_CARRY4_GND' is not a valid endpoint. [/home/cmstestbeam/ots/otsdaq-firmware/cactus/projects/nim_plus/top/top.srcs/constrs_1/imports/ucf/clock_constraints.tcl:16]
Resolution: A valid end point is a data pin of a sequential cell or a primary output or inout port. Please validate that all the objects returned by your query belong to this list.
WARNING: [Constraints 18-401] set_max_delay: 'NIM_BLOCK/U351/U1/cnt_out_r_reg[9]_i_2_CARRY4' is not a valid endpoint. [/home/cmstestbeam/ots/otsdaq-firmware/cactus/projects/nim_plus/top/top.srcs/constrs_1/imports/ucf/clock_constraints.tcl:16]
Resolution: A valid end point is a data pin of a sequential cell or a primary output or inout port. Please validate that all the objects returned by your query belong to this list.
WARNING: [Constraints 18-401] set_max_delay: 'NIM_BLOCK/U351/U1/cnt_out_r_reg[5]_i_2_CARRY4_GND' is not a valid endpoint. [/home/cmstestbeam/ots/otsdaq-firmware/cactus/projects/nim_plus/top/top.srcs/constrs_1/imports/ucf/clock_constraints.tcl:16]
Resolution: A valid end point is a data pin of a sequential cell or a primary output or inout port. Please validate that all the objects returned by your query belong to this list.
WARNING: [Constraints 18-401] set_max_delay: 'NIM_BLOCK/U351/U1/cnt_out_r_reg[5]_i_2_CARRY4' is not a valid endpoint. [/home/cmstestbeam/ots/otsdaq-firmware/cactus/projects/nim_plus/top/top.srcs/constrs_1/imports/ucf/clock_constraints.tcl:16]
Resolution: A valid end point is a data pin of a sequential cell or a primary output or inout port. Please validate that all the objects returned by your query belong to this list.
WARNING: [Constraints 18-401] set_max_delay: 'NIM_BLOCK/U351/U1/cnt_out_r_reg[29]_i_2_CARRY4_GND' is not a valid endpoint. [/home/cmstestbeam/ots/otsdaq-firmware/cactus/projects/nim_plus/top/top.srcs/constrs_1/imports/ucf/clock_constraints.tcl:16]
Resolution: A valid end point is a data pin of a sequential cell or a primary output or inout port. Please validate that all the objects returned by your query belong to this list.
WARNING: [Constraints 18-401] set_max_delay: 'NIM_BLOCK/U351/U1/cnt_out_r_reg[29]_i_2_CARRY4' is not a valid endpoint. [/home/cmstestbeam/ots/otsdaq-firmware/cactus/projects/nim_plus/top/top.srcs/constrs_1/imports/ucf/clock_constraints.tcl:16]
Resolution: A valid end point is a data pin of a sequential cell or a primary output or inout port. Please validate that all the objects returned by your query belong to this list.
WARNING: [Constraints 18-401] set_max_delay: 'NIM_BLOCK/U351/U1/cnt_out_r_reg[25]_i_2_CARRY4_GND' is not a valid endpoint. [/home/cmstestbeam/ots/otsdaq-firmware/cactus/projects/nim_plus/top/top.srcs/constrs_1/imports/ucf/clock_constraints.tcl:16]
Resolution: A valid end point is a data pin of a sequential cell or a primary output or inout port. Please validate that all the objects returned by your query belong to this list.
WARNING: [Constraints 18-401] set_max_delay: 'NIM_BLOCK/U351/U1/cnt_out_r_reg[25]_i_2_CARRY4' is not a valid endpoint. [/home/cmstestbeam/ots/otsdaq-firmware/cactus/projects/nim_plus/top/top.srcs/constrs_1/imports/ucf/clock_constraints.tcl:16]
Resolution: A valid end point is a data pin of a sequential cell or a primary output or inout port. Please validate that all the objects returned by your query belong to this list.
WARNING: [Constraints 18-401] set_max_delay: 'NIM_BLOCK/U351/U1/cnt_out_r_reg[21]_i_2_CARRY4_GND' is not a valid endpoint. [/home/cmstestbeam/ots/otsdaq-firmware/cactus/projects/nim_plus/top/top.srcs/constrs_1/imports/ucf/clock_constraints.tcl:16]
Resolution: A valid end point is a data pin of a sequential cell or a primary output or inout port. Please validate that all the objects returned by your query belong to this list.
WARNING: [Constraints 18-401] set_max_delay: 'NIM_BLOCK/U351/U1/cnt_out_r_reg[21]_i_2_CARRY4' is not a valid endpoint. [/home/cmstestbeam/ots/otsdaq-firmware/cactus/projects/nim_plus/top/top.srcs/constrs_1/imports/ucf/clock_constraints.tcl:16]
Resolution: A valid end point is a data pin of a sequential cell or a primary output or inout port. Please validate that all the objects returned by your query belong to this list.
WARNING: [Constraints 18-401] set_max_delay: 'NIM_BLOCK/U351/U1/cnt_out_r_reg[1]_i_2_CARRY4_GND' is not a valid endpoint. [/home/cmstestbeam/ots/otsdaq-firmware/cactus/projects/nim_plus/top/top.srcs/constrs_1/imports/ucf/clock_constraints.tcl:16]
Resolution: A valid end point is a data pin of a sequential cell or a primary output or inout port. Please validate that all the objects returned by your query belong to this list.
WARNING: [Constraints 18-401] set_max_delay: 'NIM_BLOCK/U351/U1/cnt_out_r_reg[1]_i_2_CARRY4' is not a valid endpoint. [/home/cmstestbeam/ots/otsdaq-firmware/cactus/projects/nim_plus/top/top.srcs/constrs_1/imports/ucf/clock_constraints.tcl:16]
Resolution: A valid end point is a data pin of a sequential cell or a primary output or inout port. Please validate that all the objects returned by your query belong to this list.
WARNING: [Constraints 18-401] set_max_delay: 'NIM_BLOCK/U351/U1/cnt_out_r_reg[17]_i_2_CARRY4_GND' is not a valid endpoint. [/home/cmstestbeam/ots/otsdaq-firmware/cactus/projects/nim_plus/top/top.srcs/constrs_1/imports/ucf/clock_constraints.tcl:16]
Resolution: A valid end point is a data pin of a sequential cell or a primary output or inout port. Please validate that all the objects returned by your query belong to this list.
WARNING: [Constraints 18-401] set_max_delay: 'NIM_BLOCK/U351/U1/cnt_out_r_reg[17]_i_2_CARRY4' is not a valid endpoint. [/home/cmstestbeam/ots/otsdaq-firmware/cactus/projects/nim_plus/top/top.srcs/constrs_1/imports/ucf/clock_constraints.tcl:16]
Resolution: A valid end point is a data pin of a sequential cell or a primary output or inout port. Please validate that all the objects returned by your query belong to this list.
WARNING: [Constraints 18-401] set_max_delay: 'NIM_BLOCK/U351/U1/cnt_out_r_reg[13]_i_2_CARRY4_GND' is not a valid endpoint. [/home/cmstestbeam/ots/otsdaq-firmware/cactus/projects/nim_plus/top/top.srcs/constrs_1/imports/ucf/clock_constraints.tcl:16]
Resolution: A valid end point is a data pin of a sequential cell or a primary output or inout port. Please validate that all the objects returned by your query belong to this list.
WARNING: [Constraints 18-401] set_max_delay: 'NIM_BLOCK/U351/U1/cnt_out_r_reg[13]_i_2_CARRY4' is not a valid endpoint. [/home/cmstestbeam/ots/otsdaq-firmware/cactus/projects/nim_plus/top/top.srcs/constrs_1/imports/ucf/clock_constraints.tcl:16]
Resolution: A valid end point is a data pin of a sequential cell or a primary output or inout port. Please validate that all the objects returned by your query belong to this list.
WARNING: [Constraints 18-401] set_max_delay: 'NIM_BLOCK/U351/U1/cnt_out_r[0]_i_8' is not a valid endpoint. [/home/cmstestbeam/ots/otsdaq-firmware/cactus/projects/nim_plus/top/top.srcs/constrs_1/imports/ucf/clock_constraints.tcl:16]
Resolution: A valid end point is a data pin of a sequential cell or a primary output or inout port. Please validate that all the objects returned by your query belong to this list.
WARNING: [Constraints 18-401] set_max_delay: 'NIM_BLOCK/U351/U1/cnt_out_r[0]_i_7' is not a valid endpoint. [/home/cmstestbeam/ots/otsdaq-firmware/cactus/projects/nim_plus/top/top.srcs/constrs_1/imports/ucf/clock_constraints.tcl:16]
Resolution: A valid end point is a data pin of a sequential cell or a primary output or inout port. Please validate that all the objects returned by your query belong to this list.
WARNING: [Constraints 18-401] set_max_delay: 'NIM_BLOCK/U351/U1/cnt_out_r[0]_i_9' is not a valid endpoint. [/home/cmstestbeam/ots/otsdaq-firmware/cactus/projects/nim_plus/top/top.srcs/constrs_1/imports/ucf/clock_constraints.tcl:16]
Resolution: A valid end point is a data pin of a sequential cell or a primary output or inout port. Please validate that all the objects returned by your query belong to this list.
WARNING: [Constraints 18-401] set_max_delay: 'NIM_BLOCK/U351/U1/cnt_out_r[0]_i_6' is not a valid endpoint. [/home/cmstestbeam/ots/otsdaq-firmware/cactus/projects/nim_plus/top/top.srcs/constrs_1/imports/ucf/clock_constraints.tcl:16]
Resolution: A valid end point is a data pin of a sequential cell or a primary output or inout port. Please validate that all the objects returned by your query belong to this list.
WARNING: [Constraints 18-401] set_max_delay: 'NIM_BLOCK/U351/U1/cnt_out_r[0]_i_5' is not a valid endpoint. [/home/cmstestbeam/ots/otsdaq-firmware/cactus/projects/nim_plus/top/top.srcs/constrs_1/imports/ucf/clock_constraints.tcl:16]
Resolution: A valid end point is a data pin of a sequential cell or a primary output or inout port. Please validate that all the objects returned by your query belong to this list.
WARNING: [Constraints 18-401] set_max_delay: 'NIM_BLOCK/U351/U1/cnt_out_r[0]_i_4' is not a valid endpoint. [/home/cmstestbeam/ots/otsdaq-firmware/cactus/projects/nim_plus/top/top.srcs/constrs_1/imports/ucf/clock_constraints.tcl:16]
Resolution: A valid end point is a data pin of a sequential cell or a primary output or inout port. Please validate that all the objects returned by your query belong to this list.
WARNING: [Constraints 18-401] set_max_delay: 'NIM_BLOCK/U351/U1/cnt_out_r[0]_i_2' is not a valid endpoint. [/home/cmstestbeam/ots/otsdaq-firmware/cactus/projects/nim_plus/top/top.srcs/constrs_1/imports/ucf/clock_constraints.tcl:16]
Resolution: A valid end point is a data pin of a sequential cell or a primary output or inout port. Please validate that all the objects returned by your query belong to this list.
WARNING: [Constraints 18-401] set_max_delay: 'NIM_BLOCK/U351/U1/cnt_out_r[0]_i_10' is not a valid endpoint. [/home/cmstestbeam/ots/otsdaq-firmware/cactus/projects/nim_plus/top/top.srcs/constrs_1/imports/ucf/clock_constraints.tcl:16]
Resolution: A valid end point is a data pin of a sequential cell or a primary output or inout port. Please validate that all the objects returned by your query belong to this list.
WARNING: [Constraints 18-401] set_max_delay: 'NIM_BLOCK/U351/U1/cnt_out_r[0]_i_1' is not a valid endpoint. [/home/cmstestbeam/ots/otsdaq-firmware/cactus/projects/nim_plus/top/top.srcs/constrs_1/imports/ucf/clock_constraints.tcl:16]
Resolution: A valid end point is a data pin of a sequential cell or a primary output or inout port. Please validate that all the objects returned by your query belong to this list.
WARNING: [Constraints 18-401] set_max_delay: 'NIM_BLOCK/U351/U1/VCC' is not a valid endpoint. [/home/cmstestbeam/ots/otsdaq-firmware/cactus/projects/nim_plus/top/top.srcs/constrs_1/imports/ucf/clock_constraints.tcl:16]
Resolution: A valid end point is a data pin of a sequential cell or a primary output or inout port. Please validate that all the objects returned by your query belong to this list.
WARNING: [Constraints 18-401] set_max_delay: 'NIM_BLOCK/U351/U1/GND' is not a valid endpoint. [/home/cmstestbeam/ots/otsdaq-firmware/cactus/projects/nim_plus/top/top.srcs/constrs_1/imports/ucf/clock_constraints.tcl:16]
Resolution: A valid end point is a data pin of a sequential cell or a primary output or inout port. Please validate that all the objects returned by your query belong to this list.
WARNING: [Constraints 18-401] set_max_delay: 'NIM_BLOCK/U351/GND' is not a valid endpoint. [/home/cmstestbeam/ots/otsdaq-firmware/cactus/projects/nim_plus/top/top.srcs/constrs_1/imports/ucf/clock_constraints.tcl:16]
Resolution: A valid end point is a data pin of a sequential cell or a primary output or inout port. Please validate that all the objects returned by your query belong to this list.
WARNING: [Constraints 18-401] set_max_delay: 'NIM_BLOCK/U351/U2/VCC' is not a valid endpoint. [/home/cmstestbeam/ots/otsdaq-firmware/cactus/projects/nim_plus/top/top.srcs/constrs_1/imports/ucf/clock_constraints.tcl:16]
Resolution: A valid end point is a data pin of a sequential cell or a primary output or inout port. Please validate that all the objects returned by your query belong to this list.
WARNING: [Constraints 18-401] set_max_delay: 'NIM_BLOCK/U351/U2/GND' is not a valid endpoint. [/home/cmstestbeam/ots/otsdaq-firmware/cactus/projects/nim_plus/top/top.srcs/constrs_1/imports/ucf/clock_constraints.tcl:16]
Resolution: A valid end point is a data pin of a sequential cell or a primary output or inout port. Please validate that all the objects returned by your query belong to this list.
WARNING: [Constraints 18-401] set_max_delay: 'NIM_BLOCK/U353/U1/int_cnt_out[27]_i_1' is not a valid endpoint. [/home/cmstestbeam/ots/otsdaq-firmware/cactus/projects/nim_plus/top/top.srcs/constrs_1/imports/ucf/clock_constraints.tcl:17]
Resolution: A valid end point is a data pin of a sequential cell or a primary output or inout port. Please validate that all the objects returned by your query belong to this list.
WARNING: [Constraints 18-401] set_max_delay: 'NIM_BLOCK/U353/U1/cnt_out_r_reg[9]_i_2_CARRY4_GND' is not a valid endpoint. [/home/cmstestbeam/ots/otsdaq-firmware/cactus/projects/nim_plus/top/top.srcs/constrs_1/imports/ucf/clock_constraints.tcl:17]
Resolution: A valid end point is a data pin of a sequential cell or a primary output or inout port. Please validate that all the objects returned by your query belong to this list.
WARNING: [Constraints 18-401] set_max_delay: 'NIM_BLOCK/U353/U1/cnt_out_r_reg[9]_i_2_CARRY4' is not a valid endpoint. [/home/cmstestbeam/ots/otsdaq-firmware/cactus/projects/nim_plus/top/top.srcs/constrs_1/imports/ucf/clock_constraints.tcl:17]
Resolution: A valid end point is a data pin of a sequential cell or a primary output or inout port. Please validate that all the objects returned by your query belong to this list.
WARNING: [Constraints 18-401] set_max_delay: 'NIM_BLOCK/U353/U1/cnt_out_r_reg[5]_i_2_CARRY4_GND' is not a valid endpoint. [/home/cmstestbeam/ots/otsdaq-firmware/cactus/projects/nim_plus/top/top.srcs/constrs_1/imports/ucf/clock_constraints.tcl:17]
Resolution: A valid end point is a data pin of a sequential cell or a primary output or inout port. Please validate that all the objects returned by your query belong to this list.
WARNING: [Constraints 18-401] set_max_delay: 'NIM_BLOCK/U353/U1/cnt_out_r_reg[5]_i_2_CARRY4' is not a valid endpoint. [/home/cmstestbeam/ots/otsdaq-firmware/cactus/projects/nim_plus/top/top.srcs/constrs_1/imports/ucf/clock_constraints.tcl:17]
Resolution: A valid end point is a data pin of a sequential cell or a primary output or inout port. Please validate that all the objects returned by your query belong to this list.
WARNING: [Constraints 18-401] set_max_delay: 'NIM_BLOCK/U353/U1/cnt_out_r_reg[29]_i_2_CARRY4_GND' is not a valid endpoint. [/home/cmstestbeam/ots/otsdaq-firmware/cactus/projects/nim_plus/top/top.srcs/constrs_1/imports/ucf/clock_constraints.tcl:17]
Resolution: A valid end point is a data pin of a sequential cell or a primary output or inout port. Please validate that all the objects returned by your query belong to this list.
WARNING: [Constraints 18-401] set_max_delay: 'NIM_BLOCK/U353/U1/cnt_out_r_reg[29]_i_2_CARRY4' is not a valid endpoint. [/home/cmstestbeam/ots/otsdaq-firmware/cactus/projects/nim_plus/top/top.srcs/constrs_1/imports/ucf/clock_constraints.tcl:17]
Resolution: A valid end point is a data pin of a sequential cell or a primary output or inout port. Please validate that all the objects returned by your query belong to this list.
WARNING: [Constraints 18-401] set_max_delay: 'NIM_BLOCK/U353/U1/cnt_out_r_reg[25]_i_2_CARRY4_GND' is not a valid endpoint. [/home/cmstestbeam/ots/otsdaq-firmware/cactus/projects/nim_plus/top/top.srcs/constrs_1/imports/ucf/clock_constraints.tcl:17]
Resolution: A valid end point is a data pin of a sequential cell or a primary output or inout port. Please validate that all the objects returned by your query belong to this list.
WARNING: [Constraints 18-401] set_max_delay: 'NIM_BLOCK/U353/U1/cnt_out_r_reg[25]_i_2_CARRY4' is not a valid endpoint. [/home/cmstestbeam/ots/otsdaq-firmware/cactus/projects/nim_plus/top/top.srcs/constrs_1/imports/ucf/clock_constraints.tcl:17]
Resolution: A valid end point is a data pin of a sequential cell or a primary output or inout port. Please validate that all the objects returned by your query belong to this list.
WARNING: [Constraints 18-401] set_max_delay: 'NIM_BLOCK/U353/U1/cnt_out_r_reg[21]_i_2_CARRY4_GND' is not a valid endpoint. [/home/cmstestbeam/ots/otsdaq-firmware/cactus/projects/nim_plus/top/top.srcs/constrs_1/imports/ucf/clock_constraints.tcl:17]
Resolution: A valid end point is a data pin of a sequential cell or a primary output or inout port. Please validate that all the objects returned by your query belong to this list.
WARNING: [Constraints 18-401] set_max_delay: 'NIM_BLOCK/U353/U1/cnt_out_r_reg[21]_i_2_CARRY4' is not a valid endpoint. [/home/cmstestbeam/ots/otsdaq-firmware/cactus/projects/nim_plus/top/top.srcs/constrs_1/imports/ucf/clock_constraints.tcl:17]
Resolution: A valid end point is a data pin of a sequential cell or a primary output or inout port. Please validate that all the objects returned by your query belong to this list.
WARNING: [Constraints 18-401] set_max_delay: 'NIM_BLOCK/U353/U1/cnt_out_r_reg[1]_i_2_CARRY4_GND' is not a valid endpoint. [/home/cmstestbeam/ots/otsdaq-firmware/cactus/projects/nim_plus/top/top.srcs/constrs_1/imports/ucf/clock_constraints.tcl:17]
Resolution: A valid end point is a data pin of a sequential cell or a primary output or inout port. Please validate that all the objects returned by your query belong to this list.
WARNING: [Constraints 18-401] set_max_delay: 'NIM_BLOCK/U353/U1/cnt_out_r_reg[1]_i_2_CARRY4' is not a valid endpoint. [/home/cmstestbeam/ots/otsdaq-firmware/cactus/projects/nim_plus/top/top.srcs/constrs_1/imports/ucf/clock_constraints.tcl:17]
Resolution: A valid end point is a data pin of a sequential cell or a primary output or inout port. Please validate that all the objects returned by your query belong to this list.
WARNING: [Constraints 18-401] set_max_delay: 'NIM_BLOCK/U353/U1/cnt_out_r_reg[17]_i_2_CARRY4_GND' is not a valid endpoint. [/home/cmstestbeam/ots/otsdaq-firmware/cactus/projects/nim_plus/top/top.srcs/constrs_1/imports/ucf/clock_constraints.tcl:17]
Resolution: A valid end point is a data pin of a sequential cell or a primary output or inout port. Please validate that all the objects returned by your query belong to this list.
WARNING: [Constraints 18-401] set_max_delay: 'NIM_BLOCK/U353/U1/cnt_out_r_reg[17]_i_2_CARRY4' is not a valid endpoint. [/home/cmstestbeam/ots/otsdaq-firmware/cactus/projects/nim_plus/top/top.srcs/constrs_1/imports/ucf/clock_constraints.tcl:17]
Resolution: A valid end point is a data pin of a sequential cell or a primary output or inout port. Please validate that all the objects returned by your query belong to this list.
WARNING: [Constraints 18-401] set_max_delay: 'NIM_BLOCK/U353/U1/cnt_out_r_reg[13]_i_2_CARRY4_GND' is not a valid endpoint. [/home/cmstestbeam/ots/otsdaq-firmware/cactus/projects/nim_plus/top/top.srcs/constrs_1/imports/ucf/clock_constraints.tcl:17]
Resolution: A valid end point is a data pin of a sequential cell or a primary output or inout port. Please validate that all the objects returned by your query belong to this list.
WARNING: [Constraints 18-401] set_max_delay: 'NIM_BLOCK/U353/U1/cnt_out_r_reg[13]_i_2_CARRY4' is not a valid endpoint. [/home/cmstestbeam/ots/otsdaq-firmware/cactus/projects/nim_plus/top/top.srcs/constrs_1/imports/ucf/clock_constraints.tcl:17]
Resolution: A valid end point is a data pin of a sequential cell or a primary output or inout port. Please validate that all the objects returned by your query belong to this list.
WARNING: [Constraints 18-401] set_max_delay: 'NIM_BLOCK/U353/U1/cnt_out_r[0]_i_8' is not a valid endpoint. [/home/cmstestbeam/ots/otsdaq-firmware/cactus/projects/nim_plus/top/top.srcs/constrs_1/imports/ucf/clock_constraints.tcl:17]
Resolution: A valid end point is a data pin of a sequential cell or a primary output or inout port. Please validate that all the objects returned by your query belong to this list.
WARNING: [Constraints 18-401] set_max_delay: 'NIM_BLOCK/U353/U1/cnt_out_r[0]_i_7' is not a valid endpoint. [/home/cmstestbeam/ots/otsdaq-firmware/cactus/projects/nim_plus/top/top.srcs/constrs_1/imports/ucf/clock_constraints.tcl:17]
Resolution: A valid end point is a data pin of a sequential cell or a primary output or inout port. Please validate that all the objects returned by your query belong to this list.
WARNING: [Constraints 18-401] set_max_delay: 'NIM_BLOCK/U353/U1/cnt_out_r[0]_i_9' is not a valid endpoint. [/home/cmstestbeam/ots/otsdaq-firmware/cactus/projects/nim_plus/top/top.srcs/constrs_1/imports/ucf/clock_constraints.tcl:17]
Resolution: A valid end point is a data pin of a sequential cell or a primary output or inout port. Please validate that all the objects returned by your query belong to this list.
WARNING: [Constraints 18-401] set_max_delay: 'NIM_BLOCK/U353/U1/cnt_out_r[0]_i_6' is not a valid endpoint. [/home/cmstestbeam/ots/otsdaq-firmware/cactus/projects/nim_plus/top/top.srcs/constrs_1/imports/ucf/clock_constraints.tcl:17]
Resolution: A valid end point is a data pin of a sequential cell or a primary output or inout port. Please validate that all the objects returned by your query belong to this list.
WARNING: [Constraints 18-401] set_max_delay: 'NIM_BLOCK/U353/U1/cnt_out_r[0]_i_5' is not a valid endpoint. [/home/cmstestbeam/ots/otsdaq-firmware/cactus/projects/nim_plus/top/top.srcs/constrs_1/imports/ucf/clock_constraints.tcl:17]
Resolution: A valid end point is a data pin of a sequential cell or a primary output or inout port. Please validate that all the objects returned by your query belong to this list.
WARNING: [Constraints 18-401] set_max_delay: 'NIM_BLOCK/U353/U1/cnt_out_r[0]_i_4' is not a valid endpoint. [/home/cmstestbeam/ots/otsdaq-firmware/cactus/projects/nim_plus/top/top.srcs/constrs_1/imports/ucf/clock_constraints.tcl:17]
Resolution: A valid end point is a data pin of a sequential cell or a primary output or inout port. Please validate that all the objects returned by your query belong to this list.
WARNING: [Constraints 18-401] set_max_delay: 'NIM_BLOCK/U353/U1/cnt_out_r[0]_i_2' is not a valid endpoint. [/home/cmstestbeam/ots/otsdaq-firmware/cactus/projects/nim_plus/top/top.srcs/constrs_1/imports/ucf/clock_constraints.tcl:17]
Resolution: A valid end point is a data pin of a sequential cell or a primary output or inout port. Please validate that all the objects returned by your query belong to this list.
WARNING: [Constraints 18-401] set_max_delay: 'NIM_BLOCK/U353/U1/cnt_out_r[0]_i_10' is not a valid endpoint. [/home/cmstestbeam/ots/otsdaq-firmware/cactus/projects/nim_plus/top/top.srcs/constrs_1/imports/ucf/clock_constraints.tcl:17]
Resolution: A valid end point is a data pin of a sequential cell or a primary output or inout port. Please validate that all the objects returned by your query belong to this list.
WARNING: [Constraints 18-401] set_max_delay: 'NIM_BLOCK/U353/U1/cnt_out_r[0]_i_1' is not a valid endpoint. [/home/cmstestbeam/ots/otsdaq-firmware/cactus/projects/nim_plus/top/top.srcs/constrs_1/imports/ucf/clock_constraints.tcl:17]
Resolution: A valid end point is a data pin of a sequential cell or a primary output or inout port. Please validate that all the objects returned by your query belong to this list.
WARNING: [Constraints 18-401] set_max_delay: 'NIM_BLOCK/U353/U1/VCC' is not a valid endpoint. [/home/cmstestbeam/ots/otsdaq-firmware/cactus/projects/nim_plus/top/top.srcs/constrs_1/imports/ucf/clock_constraints.tcl:17]
Resolution: A valid end point is a data pin of a sequential cell or a primary output or inout port. Please validate that all the objects returned by your query belong to this list.
WARNING: [Constraints 18-401] set_max_delay: 'NIM_BLOCK/U353/U1/GND' is not a valid endpoint. [/home/cmstestbeam/ots/otsdaq-firmware/cactus/projects/nim_plus/top/top.srcs/constrs_1/imports/ucf/clock_constraints.tcl:17]
Resolution: A valid end point is a data pin of a sequential cell or a primary output or inout port. Please validate that all the objects returned by your query belong to this list.
WARNING: [Constraints 18-401] set_max_delay: 'NIM_BLOCK/U353/GND' is not a valid endpoint. [/home/cmstestbeam/ots/otsdaq-firmware/cactus/projects/nim_plus/top/top.srcs/constrs_1/imports/ucf/clock_constraints.tcl:17]
Resolution: A valid end point is a data pin of a sequential cell or a primary output or inout port. Please validate that all the objects returned by your query belong to this list.
WARNING: [Constraints 18-401] set_max_delay: 'NIM_BLOCK/U353/U2/VCC' is not a valid endpoint. [/home/cmstestbeam/ots/otsdaq-firmware/cactus/projects/nim_plus/top/top.srcs/constrs_1/imports/ucf/clock_constraints.tcl:17]
Resolution: A valid end point is a data pin of a sequential cell or a primary output or inout port. Please validate that all the objects returned by your query belong to this list.
WARNING: [Constraints 18-401] set_max_delay: 'NIM_BLOCK/U353/U2/GND' is not a valid endpoint. [/home/cmstestbeam/ots/otsdaq-firmware/cactus/projects/nim_plus/top/top.srcs/constrs_1/imports/ucf/clock_constraints.tcl:17]
Resolution: A valid end point is a data pin of a sequential cell or a primary output or inout port. Please validate that all the objects returned by your query belong to this list.
WARNING: [Constraints 18-401] set_max_delay: 'NIM_BLOCK/U355/U1/cnt_out_r_reg[25]_i_2_CARRY4' is not a valid endpoint. [/home/cmstestbeam/ots/otsdaq-firmware/cactus/projects/nim_plus/top/top.srcs/constrs_1/imports/ucf/clock_constraints.tcl:18]
Resolution: A valid end point is a data pin of a sequential cell or a primary output or inout port. Please validate that all the objects returned by your query belong to this list.
WARNING: [Constraints 18-401] set_max_delay: 'NIM_BLOCK/U355/U1/cnt_out_r_reg[21]_i_2_CARRY4_GND' is not a valid endpoint. [/home/cmstestbeam/ots/otsdaq-firmware/cactus/projects/nim_plus/top/top.srcs/constrs_1/imports/ucf/clock_constraints.tcl:18]
Resolution: A valid end point is a data pin of a sequential cell or a primary output or inout port. Please validate that all the objects returned by your query belong to this list.
WARNING: [Constraints 18-401] set_max_delay: 'NIM_BLOCK/U355/U1/cnt_out_r_reg[21]_i_2_CARRY4' is not a valid endpoint. [/home/cmstestbeam/ots/otsdaq-firmware/cactus/projects/nim_plus/top/top.srcs/constrs_1/imports/ucf/clock_constraints.tcl:18]
Resolution: A valid end point is a data pin of a sequential cell or a primary output or inout port. Please validate that all the objects returned by your query belong to this list.
WARNING: [Constraints 18-401] set_max_delay: 'NIM_BLOCK/U355/U1/cnt_out_r_reg[1]_i_2_CARRY4_GND' is not a valid endpoint. [/home/cmstestbeam/ots/otsdaq-firmware/cactus/projects/nim_plus/top/top.srcs/constrs_1/imports/ucf/clock_constraints.tcl:18]
Resolution: A valid end point is a data pin of a sequential cell or a primary output or inout port. Please validate that all the objects returned by your query belong to this list.
WARNING: [Constraints 18-401] set_max_delay: 'NIM_BLOCK/U355/U1/cnt_out_r_reg[1]_i_2_CARRY4' is not a valid endpoint. [/home/cmstestbeam/ots/otsdaq-firmware/cactus/projects/nim_plus/top/top.srcs/constrs_1/imports/ucf/clock_constraints.tcl:18]
Resolution: A valid end point is a data pin of a sequential cell or a primary output or inout port. Please validate that all the objects returned by your query belong to this list.
WARNING: [Constraints 18-401] set_max_delay: 'NIM_BLOCK/U355/U1/cnt_out_r_reg[17]_i_2_CARRY4_GND' is not a valid endpoint. [/home/cmstestbeam/ots/otsdaq-firmware/cactus/projects/nim_plus/top/top.srcs/constrs_1/imports/ucf/clock_constraints.tcl:18]
Resolution: A valid end point is a data pin of a sequential cell or a primary output or inout port. Please validate that all the objects returned by your query belong to this list.
WARNING: [Constraints 18-401] set_max_delay: 'NIM_BLOCK/U355/U1/cnt_out_r_reg[17]_i_2_CARRY4' is not a valid endpoint. [/home/cmstestbeam/ots/otsdaq-firmware/cactus/projects/nim_plus/top/top.srcs/constrs_1/imports/ucf/clock_constraints.tcl:18]
Resolution: A valid end point is a data pin of a sequential cell or a primary output or inout port. Please validate that all the objects returned by your query belong to this list.
WARNING: [Constraints 18-401] set_max_delay: 'NIM_BLOCK/U355/U1/cnt_out_r_reg[13]_i_2_CARRY4_GND' is not a valid endpoint. [/home/cmstestbeam/ots/otsdaq-firmware/cactus/projects/nim_plus/top/top.srcs/constrs_1/imports/ucf/clock_constraints.tcl:18]
Resolution: A valid end point is a data pin of a sequential cell or a primary output or inout port. Please validate that all the objects returned by your query belong to this list.
WARNING: [Constraints 18-401] set_max_delay: 'NIM_BLOCK/U355/U1/cnt_out_r_reg[13]_i_2_CARRY4' is not a valid endpoint. [/home/cmstestbeam/ots/otsdaq-firmware/cactus/projects/nim_plus/top/top.srcs/constrs_1/imports/ucf/clock_constraints.tcl:18]
Resolution: A valid end point is a data pin of a sequential cell or a primary output or inout port. Please validate that all the objects returned by your query belong to this list.
WARNING: [Constraints 18-401] set_max_delay: 'NIM_BLOCK/U355/U1/cnt_out_r[0]_i_8' is not a valid endpoint. [/home/cmstestbeam/ots/otsdaq-firmware/cactus/projects/nim_plus/top/top.srcs/constrs_1/imports/ucf/clock_constraints.tcl:18]
Resolution: A valid end point is a data pin of a sequential cell or a primary output or inout port. Please validate that all the objects returned by your query belong to this list.
WARNING: [Constraints 18-401] set_max_delay: 'NIM_BLOCK/U355/U1/cnt_out_r[0]_i_7' is not a valid endpoint. [/home/cmstestbeam/ots/otsdaq-firmware/cactus/projects/nim_plus/top/top.srcs/constrs_1/imports/ucf/clock_constraints.tcl:18]
Resolution: A valid end point is a data pin of a sequential cell or a primary output or inout port. Please validate that all the objects returned by your query belong to this list.
WARNING: [Constraints 18-401] set_max_delay: 'NIM_BLOCK/U355/U1/cnt_out_r[0]_i_9' is not a valid endpoint. [/home/cmstestbeam/ots/otsdaq-firmware/cactus/projects/nim_plus/top/top.srcs/constrs_1/imports/ucf/clock_constraints.tcl:18]
Resolution: A valid end point is a data pin of a sequential cell or a primary output or inout port. Please validate that all the objects returned by your query belong to this list.
WARNING: [Constraints 18-401] set_max_delay: 'NIM_BLOCK/U355/U1/cnt_out_r[0]_i_6' is not a valid endpoint. [/home/cmstestbeam/ots/otsdaq-firmware/cactus/projects/nim_plus/top/top.srcs/constrs_1/imports/ucf/clock_constraints.tcl:18]
Resolution: A valid end point is a data pin of a sequential cell or a primary output or inout port. Please validate that all the objects returned by your query belong to this list.
WARNING: [Constraints 18-401] set_max_delay: 'NIM_BLOCK/U355/U1/cnt_out_r[0]_i_5' is not a valid endpoint. [/home/cmstestbeam/ots/otsdaq-firmware/cactus/projects/nim_plus/top/top.srcs/constrs_1/imports/ucf/clock_constraints.tcl:18]
Resolution: A valid end point is a data pin of a sequential cell or a primary output or inout port. Please validate that all the objects returned by your query belong to this list.
WARNING: [Constraints 18-401] set_max_delay: 'NIM_BLOCK/U355/U1/cnt_out_r[0]_i_4' is not a valid endpoint. [/home/cmstestbeam/ots/otsdaq-firmware/cactus/projects/nim_plus/top/top.srcs/constrs_1/imports/ucf/clock_constraints.tcl:18]
Resolution: A valid end point is a data pin of a sequential cell or a primary output or inout port. Please validate that all the objects returned by your query belong to this list.
WARNING: [Constraints 18-401] set_max_delay: 'NIM_BLOCK/U355/U1/cnt_out_r[0]_i_2' is not a valid endpoint. [/home/cmstestbeam/ots/otsdaq-firmware/cactus/projects/nim_plus/top/top.srcs/constrs_1/imports/ucf/clock_constraints.tcl:18]
Resolution: A valid end point is a data pin of a sequential cell or a primary output or inout port. Please validate that all the objects returned by your query belong to this list.
WARNING: [Constraints 18-401] set_max_delay: 'NIM_BLOCK/U355/U1/cnt_out_r[0]_i_10' is not a valid endpoint. [/home/cmstestbeam/ots/otsdaq-firmware/cactus/projects/nim_plus/top/top.srcs/constrs_1/imports/ucf/clock_constraints.tcl:18]
Resolution: A valid end point is a data pin of a sequential cell or a primary output or inout port. Please validate that all the objects returned by your query belong to this list.
WARNING: [Constraints 18-401] set_max_delay: 'NIM_BLOCK/U355/U1/cnt_out_r[0]_i_1' is not a valid endpoint. [/home/cmstestbeam/ots/otsdaq-firmware/cactus/projects/nim_plus/top/top.srcs/constrs_1/imports/ucf/clock_constraints.tcl:18]
Resolution: A valid end point is a data pin of a sequential cell or a primary output or inout port. Please validate that all the objects returned by your query belong to this list.
WARNING: [Constraints 18-401] set_max_delay: 'NIM_BLOCK/U355/U1/VCC' is not a valid endpoint. [/home/cmstestbeam/ots/otsdaq-firmware/cactus/projects/nim_plus/top/top.srcs/constrs_1/imports/ucf/clock_constraints.tcl:18]
Resolution: A valid end point is a data pin of a sequential cell or a primary output or inout port. Please validate that all the objects returned by your query belong to this list.
WARNING: [Constraints 18-401] set_max_delay: 'NIM_BLOCK/U355/U1/GND' is not a valid endpoint. [/home/cmstestbeam/ots/otsdaq-firmware/cactus/projects/nim_plus/top/top.srcs/constrs_1/imports/ucf/clock_constraints.tcl:18]
Resolution: A valid end point is a data pin of a sequential cell or a primary output or inout port. Please validate that all the objects returned by your query belong to this list.
WARNING: [Constraints 18-401] set_max_delay: 'NIM_BLOCK/U355/U2/VCC' is not a valid endpoint. [/home/cmstestbeam/ots/otsdaq-firmware/cactus/projects/nim_plus/top/top.srcs/constrs_1/imports/ucf/clock_constraints.tcl:18]
Resolution: A valid end point is a data pin of a sequential cell or a primary output or inout port. Please validate that all the objects returned by your query belong to this list.
WARNING: [Constraints 18-401] set_max_delay: 'NIM_BLOCK/U355/U2/GND' is not a valid endpoint. [/home/cmstestbeam/ots/otsdaq-firmware/cactus/projects/nim_plus/top/top.srcs/constrs_1/imports/ucf/clock_constraints.tcl:18]
Resolution: A valid end point is a data pin of a sequential cell or a primary output or inout port. Please validate that all the objects returned by your query belong to this list.
WARNING: [Constraints 18-401] set_max_delay: 'NIM_BLOCK/U355/U1/int_cnt_out[27]_i_1' is not a valid endpoint. [/home/cmstestbeam/ots/otsdaq-firmware/cactus/projects/nim_plus/top/top.srcs/constrs_1/imports/ucf/clock_constraints.tcl:18]
Resolution: A valid end point is a data pin of a sequential cell or a primary output or inout port. Please validate that all the objects returned by your query belong to this list.
WARNING: [Constraints 18-401] set_max_delay: 'NIM_BLOCK/U355/U1/cnt_out_r_reg[9]_i_2_CARRY4_GND' is not a valid endpoint. [/home/cmstestbeam/ots/otsdaq-firmware/cactus/projects/nim_plus/top/top.srcs/constrs_1/imports/ucf/clock_constraints.tcl:18]
Resolution: A valid end point is a data pin of a sequential cell or a primary output or inout port. Please validate that all the objects returned by your query belong to this list.
WARNING: [Constraints 18-401] set_max_delay: 'NIM_BLOCK/U355/U1/cnt_out_r_reg[9]_i_2_CARRY4' is not a valid endpoint. [/home/cmstestbeam/ots/otsdaq-firmware/cactus/projects/nim_plus/top/top.srcs/constrs_1/imports/ucf/clock_constraints.tcl:18]
Resolution: A valid end point is a data pin of a sequential cell or a primary output or inout port. Please validate that all the objects returned by your query belong to this list.
WARNING: [Constraints 18-401] set_max_delay: 'NIM_BLOCK/U355/U1/cnt_out_r_reg[5]_i_2_CARRY4_GND' is not a valid endpoint. [/home/cmstestbeam/ots/otsdaq-firmware/cactus/projects/nim_plus/top/top.srcs/constrs_1/imports/ucf/clock_constraints.tcl:18]
Resolution: A valid end point is a data pin of a sequential cell or a primary output or inout port. Please validate that all the objects returned by your query belong to this list.
WARNING: [Constraints 18-401] set_max_delay: 'NIM_BLOCK/U355/U1/cnt_out_r_reg[5]_i_2_CARRY4' is not a valid endpoint. [/home/cmstestbeam/ots/otsdaq-firmware/cactus/projects/nim_plus/top/top.srcs/constrs_1/imports/ucf/clock_constraints.tcl:18]
Resolution: A valid end point is a data pin of a sequential cell or a primary output or inout port. Please validate that all the objects returned by your query belong to this list.
WARNING: [Constraints 18-401] set_max_delay: 'NIM_BLOCK/U355/U1/cnt_out_r_reg[29]_i_2_CARRY4_GND' is not a valid endpoint. [/home/cmstestbeam/ots/otsdaq-firmware/cactus/projects/nim_plus/top/top.srcs/constrs_1/imports/ucf/clock_constraints.tcl:18]
Resolution: A valid end point is a data pin of a sequential cell or a primary output or inout port. Please validate that all the objects returned by your query belong to this list.
WARNING: [Constraints 18-401] set_max_delay: 'NIM_BLOCK/U355/U1/cnt_out_r_reg[29]_i_2_CARRY4' is not a valid endpoint. [/home/cmstestbeam/ots/otsdaq-firmware/cactus/projects/nim_plus/top/top.srcs/constrs_1/imports/ucf/clock_constraints.tcl:18]
Resolution: A valid end point is a data pin of a sequential cell or a primary output or inout port. Please validate that all the objects returned by your query belong to this list.
WARNING: [Constraints 18-401] set_max_delay: 'NIM_BLOCK/U355/U1/cnt_out_r_reg[25]_i_2_CARRY4_GND' is not a valid endpoint. [/home/cmstestbeam/ots/otsdaq-firmware/cactus/projects/nim_plus/top/top.srcs/constrs_1/imports/ucf/clock_constraints.tcl:18]
Resolution: A valid end point is a data pin of a sequential cell or a primary output or inout port. Please validate that all the objects returned by your query belong to this list.
WARNING: [Constraints 18-401] set_max_delay: 'NIM_BLOCK/U355/GND' is not a valid endpoint. [/home/cmstestbeam/ots/otsdaq-firmware/cactus/projects/nim_plus/top/top.srcs/constrs_1/imports/ucf/clock_constraints.tcl:18]
Resolution: A valid end point is a data pin of a sequential cell or a primary output or inout port. Please validate that all the objects returned by your query belong to this list.
WARNING: [Constraints 18-401] set_max_delay: 'NIM_BLOCK/U357/U1/int_cnt_out[27]_i_1' is not a valid endpoint. [/home/cmstestbeam/ots/otsdaq-firmware/cactus/projects/nim_plus/top/top.srcs/constrs_1/imports/ucf/clock_constraints.tcl:19]
Resolution: A valid end point is a data pin of a sequential cell or a primary output or inout port. Please validate that all the objects returned by your query belong to this list.
WARNING: [Constraints 18-401] set_max_delay: 'NIM_BLOCK/U357/U1/cnt_out_r_reg[9]_i_2_CARRY4_GND' is not a valid endpoint. [/home/cmstestbeam/ots/otsdaq-firmware/cactus/projects/nim_plus/top/top.srcs/constrs_1/imports/ucf/clock_constraints.tcl:19]
Resolution: A valid end point is a data pin of a sequential cell or a primary output or inout port. Please validate that all the objects returned by your query belong to this list.
WARNING: [Constraints 18-401] set_max_delay: 'NIM_BLOCK/U357/U1/cnt_out_r_reg[9]_i_2_CARRY4' is not a valid endpoint. [/home/cmstestbeam/ots/otsdaq-firmware/cactus/projects/nim_plus/top/top.srcs/constrs_1/imports/ucf/clock_constraints.tcl:19]
Resolution: A valid end point is a data pin of a sequential cell or a primary output or inout port. Please validate that all the objects returned by your query belong to this list.
WARNING: [Constraints 18-401] set_max_delay: 'NIM_BLOCK/U357/U1/cnt_out_r_reg[5]_i_2_CARRY4_GND' is not a valid endpoint. [/home/cmstestbeam/ots/otsdaq-firmware/cactus/projects/nim_plus/top/top.srcs/constrs_1/imports/ucf/clock_constraints.tcl:19]
Resolution: A valid end point is a data pin of a sequential cell or a primary output or inout port. Please validate that all the objects returned by your query belong to this list.
WARNING: [Constraints 18-401] set_max_delay: 'NIM_BLOCK/U357/U1/cnt_out_r_reg[5]_i_2_CARRY4' is not a valid endpoint. [/home/cmstestbeam/ots/otsdaq-firmware/cactus/projects/nim_plus/top/top.srcs/constrs_1/imports/ucf/clock_constraints.tcl:19]
Resolution: A valid end point is a data pin of a sequential cell or a primary output or inout port. Please validate that all the objects returned by your query belong to this list.
WARNING: [Constraints 18-401] set_max_delay: 'NIM_BLOCK/U357/U1/cnt_out_r_reg[29]_i_2_CARRY4_GND' is not a valid endpoint. [/home/cmstestbeam/ots/otsdaq-firmware/cactus/projects/nim_plus/top/top.srcs/constrs_1/imports/ucf/clock_constraints.tcl:19]
Resolution: A valid end point is a data pin of a sequential cell or a primary output or inout port. Please validate that all the objects returned by your query belong to this list.
WARNING: [Constraints 18-401] set_max_delay: 'NIM_BLOCK/U357/U1/cnt_out_r_reg[29]_i_2_CARRY4' is not a valid endpoint. [/home/cmstestbeam/ots/otsdaq-firmware/cactus/projects/nim_plus/top/top.srcs/constrs_1/imports/ucf/clock_constraints.tcl:19]
Resolution: A valid end point is a data pin of a sequential cell or a primary output or inout port. Please validate that all the objects returned by your query belong to this list.
INFO: [Common 17-14] Message 'Constraints 18-401' appears 100 times and further instances of the messages will be disabled. Use the Tcl command set_msg_config to change the current settings.
INFO: [Timing 38-35] Done setting XDC timing constraints.

Starting Logic Optimization Task

Phase 1 Generate And Synthesize Debug Cores
INFO: [IP_Flow 19-234] Refreshing IP repositories
INFO: [IP_Flow 19-1700] Loaded user IP repository '/home/cmstestbeam/ots/otsdaq-firmware/cactus/projects/nim_plus/top/top.cache/ip'.
INFO: [IP_Flow 19-2313] Loaded Vivado IP repository '/opt/local/xilinx/Vivado/2015.2/data/ip'.
INFO: [IP_Flow 19-3806] Processing IP xilinx.com:ip:xsdbm:1.1 for cell dbg_hub_CV.
INFO: [Chipscope 16-220] Re-using generated and synthesized IP, "xilinx.com:ip:xsdbm:1.1", from Vivado IP cache entry "090b4f87311a0380".
INFO: [IP_Flow 19-3806] Processing IP xilinx.com:ip:ila:5.1 for cell u_ila_0_0_CV.
INFO: [Chipscope 16-220] Re-using generated and synthesized IP, "xilinx.com:ip:ila:5.1", from Vivado IP cache entry "d77071642eeb6f8f".
Netlist sorting complete. Time (s): cpu = 00:00:00.05 ; elapsed = 00:00:00.05 . Memory (MB): peak = 2042.578 ; gain = 0.000 ; free physical = 2777 ; free virtual = 23235
Phase 1 Generate And Synthesize Debug Cores | Checksum: 1d1545905

Time (s): cpu = 00:00:57 ; elapsed = 00:01:17 . Memory (MB): peak = 2042.578 ; gain = 128.055 ; free physical = 2777 ; free virtual = 23235
INFO: [Timing 38-35] Done setting XDC timing constraints.

Phase 2 Retarget

INFO: [Opt 31-138] Pushed 21 inverter(s) to 22 load pin(s).
INFO: [Opt 31-274] Optimized connectivity to 4 cascaded BUFGCE cells
INFO: [Opt 31-49] Retargeted 0 cell(s).
Phase 2 Retarget | Checksum: 1ac28dc1e

Time (s): cpu = 00:01:01 ; elapsed = 00:01:21 . Memory (MB): peak = 2062.578 ; gain = 148.055 ; free physical = 2536 ; free virtual = 22995

Phase 3 Constant Propagation
INFO: [Opt 31-138] Pushed 0 inverter(s) to 0 load pin(s).
INFO: [Opt 31-10] Eliminated 5985 cells.
Phase 3 Constant Propagation | Checksum: 16b428c58

Time (s): cpu = 00:01:04 ; elapsed = 00:01:24 . Memory (MB): peak = 2062.578 ; gain = 148.055 ; free physical = 2987 ; free virtual = 23491

Phase 4 Sweep
INFO: [Opt 31-12] Eliminated 9321 unconnected nets.
INFO: [Opt 31-11] Eliminated 3557 unconnected cells.
Phase 4 Sweep | Checksum: 1b3703acd

Time (s): cpu = 00:01:06 ; elapsed = 00:01:27 . Memory (MB): peak = 2062.578 ; gain = 148.055 ; free physical = 2733 ; free virtual = 23264

Starting Connectivity Check Task

Time (s): cpu = 00:00:00.03 ; elapsed = 00:00:00.03 . Memory (MB): peak = 2062.578 ; gain = 0.000 ; free physical = 2730 ; free virtual = 23263
Ending Logic Optimization Task | Checksum: 1b3703acd

Time (s): cpu = 00:01:06 ; elapsed = 00:01:27 . Memory (MB): peak = 2062.578 ; gain = 148.055 ; free physical = 2724 ; free virtual = 23264
Implement Debug Cores | Checksum: 19aa9113d
Logic Optimization | Checksum: 1d0e1c74b

Starting Power Optimization Task
INFO: [Pwropt 34-132] Skipping clock gating for clocks with a period < 3.12 ns.
INFO: [Pwropt 34-9] Applying IDT optimizations ...
INFO: [Pwropt 34-10] Applying ODC optimizations ...


Starting PowerOpt Patch Enables Task
INFO: [Pwropt 34-162] WRITE_MODE attribute of 0 BRAM(s) out of a total of 3 has been updated to save power. Run report_power_opt to get a complete listing of the BRAMs updated.
INFO: [Pwropt 34-201] Structural ODC has moved 0 WE to EN ports
Number of BRAM Ports augmented: 0 newly gated: 0 Total Ports: 6
Ending PowerOpt Patch Enables Task | Checksum: 1b3703acd

Time (s): cpu = 00:00:00.01 ; elapsed = 00:00:00.01 . Memory (MB): peak = 2126.586 ; gain = 0.000 ; free physical = 2550 ; free virtual = 23201
Ending Power Optimization Task | Checksum: 1b3703acd

Time (s): cpu = 00:00:02 ; elapsed = 00:00:02 . Memory (MB): peak = 2126.586 ; gain = 64.008 ; free physical = 2547 ; free virtual = 23201
INFO: [Common 17-83] Releasing license: Implementation
54 Infos, 200 Warnings, 0 Critical Warnings and 0 Errors encountered.
opt_design completed successfully
opt_design: Time (s): cpu = 00:01:09 ; elapsed = 00:01:30 . Memory (MB): peak = 2126.586 ; gain = 229.094 ; free physical = 2547 ; free virtual = 23201
Writing placer database...
Writing XDEF routing.
Writing XDEF routing logical nets.
Writing XDEF routing special nets.
Write XDEF Complete: Time (s): cpu = 00:00:00.03 ; elapsed = 00:00:00.03 . Memory (MB): peak = 2158.594 ; gain = 0.000 ; free physical = 2539 ; free virtual = 23201
INFO: [DRC 23-27] Running DRC with 8 threads
INFO: [Coretcl 2-168] The results of DRC are in file /home/cmstestbeam/ots/otsdaq-firmware/cactus/projects/nim_plus/top/top.runs/impl_1/top_drc_opted.rpt.
INFO: [#UNDEF] Cannot write hardware definition file as there are no IPI block design hardware handoff files present
Command: place_design
Attempting to get a license for feature 'Implementation' and/or device 'xc7a200t'
INFO: [Common 17-349] Got license for feature 'Implementation' and/or device 'xc7a200t'
INFO: [DRC 23-27] Running DRC with 8 threads
INFO: [Vivado_Tcl 4-198] DRC finished with 0 Errors
INFO: [Vivado_Tcl 4-199] Please refer to the DRC report (report_drc) for more information.
Running DRC as a precondition to command place_design
INFO: [DRC 23-27] Running DRC with 8 threads
INFO: [Vivado_Tcl 4-198] DRC finished with 0 Errors
INFO: [Vivado_Tcl 4-199] Please refer to the DRC report (report_drc) for more information.

Starting Placer Task
INFO: [Place 30-611] Multithreading enabled for place_design using a maximum of 8 CPUs

Phase 1 Placer Runtime Estimator
Phase 1 Placer Runtime Estimator | Checksum: dfb5619d

Time (s): cpu = 00:00:00.21 ; elapsed = 00:00:00.21 . Memory (MB): peak = 2158.602 ; gain = 0.000 ; free physical = 2218 ; free virtual = 22948

Phase 2 Placer Initialization
Netlist sorting complete. Time (s): cpu = 00:00:00.02 ; elapsed = 00:00:00.02 . Memory (MB): peak = 2158.602 ; gain = 0.000 ; free physical = 2214 ; free virtual = 22944
Netlist sorting complete. Time (s): cpu = 00:00:00.02 ; elapsed = 00:00:00.02 . Memory (MB): peak = 2158.602 ; gain = 0.000 ; free physical = 2207 ; free virtual = 22937

Phase 2.1 IO Placement/ Clock Placement/ Build Placer Device

Phase 2.1.1 Pre-Place Cells
Phase 2.1.1 Pre-Place Cells | Checksum: b077c1c2

Time (s): cpu = 00:00:00.40 ; elapsed = 00:00:00.40 . Memory (MB): peak = 2158.602 ; gain = 0.000 ; free physical = 2181 ; free virtual = 22911
WARNING: [Constraints 18-401] set_max_delay: 'NIM_BLOCK/U351/U1/int_cnt_out[27]_i_1' is not a valid endpoint. [/home/cmstestbeam/ots/otsdaq-firmware/cactus/projects/nim_plus/top/top.srcs/constrs_1/imports/ucf/clock_constraints.tcl:16]
Resolution: A valid end point is a data pin of a sequential cell or a primary output or inout port. Please validate that all the objects returned by your query belong to this list.
WARNING: [Constraints 18-401] set_max_delay: 'NIM_BLOCK/U351/U1/cnt_out_r_reg[9]_i_2_CARRY4_GND' is not a valid endpoint. [/home/cmstestbeam/ots/otsdaq-firmware/cactus/projects/nim_plus/top/top.srcs/constrs_1/imports/ucf/clock_constraints.tcl:16]
Resolution: A valid end point is a data pin of a sequential cell or a primary output or inout port. Please validate that all the objects returned by your query belong to this list.
WARNING: [Constraints 18-401] set_max_delay: 'NIM_BLOCK/U351/U1/cnt_out_r_reg[9]_i_2_CARRY4' is not a valid endpoint. [/home/cmstestbeam/ots/otsdaq-firmware/cactus/projects/nim_plus/top/top.srcs/constrs_1/imports/ucf/clock_constraints.tcl:16]
Resolution: A valid end point is a data pin of a sequential cell or a primary output or inout port. Please validate that all the objects returned by your query belong to this list.
WARNING: [Constraints 18-401] set_max_delay: 'NIM_BLOCK/U351/U1/cnt_out_r_reg[5]_i_2_CARRY4_GND' is not a valid endpoint. [/home/cmstestbeam/ots/otsdaq-firmware/cactus/projects/nim_plus/top/top.srcs/constrs_1/imports/ucf/clock_constraints.tcl:16]
Resolution: A valid end point is a data pin of a sequential cell or a primary output or inout port. Please validate that all the objects returned by your query belong to this list.
WARNING: [Constraints 18-401] set_max_delay: 'NIM_BLOCK/U351/U1/cnt_out_r_reg[5]_i_2_CARRY4' is not a valid endpoint. [/home/cmstestbeam/ots/otsdaq-firmware/cactus/projects/nim_plus/top/top.srcs/constrs_1/imports/ucf/clock_constraints.tcl:16]
Resolution: A valid end point is a data pin of a sequential cell or a primary output or inout port. Please validate that all the objects returned by your query belong to this list.
WARNING: [Constraints 18-401] set_max_delay: 'NIM_BLOCK/U351/U1/cnt_out_r_reg[29]_i_2_CARRY4_GND' is not a valid endpoint. [/home/cmstestbeam/ots/otsdaq-firmware/cactus/projects/nim_plus/top/top.srcs/constrs_1/imports/ucf/clock_constraints.tcl:16]
Resolution: A valid end point is a data pin of a sequential cell or a primary output or inout port. Please validate that all the objects returned by your query belong to this list.
WARNING: [Constraints 18-401] set_max_delay: 'NIM_BLOCK/U351/U1/cnt_out_r_reg[29]_i_2_CARRY4' is not a valid endpoint. [/home/cmstestbeam/ots/otsdaq-firmware/cactus/projects/nim_plus/top/top.srcs/constrs_1/imports/ucf/clock_constraints.tcl:16]
Resolution: A valid end point is a data pin of a sequential cell or a primary output or inout port. Please validate that all the objects returned by your query belong to this list.
WARNING: [Constraints 18-401] set_max_delay: 'NIM_BLOCK/U351/U1/cnt_out_r_reg[25]_i_2_CARRY4_GND' is not a valid endpoint. [/home/cmstestbeam/ots/otsdaq-firmware/cactus/projects/nim_plus/top/top.srcs/constrs_1/imports/ucf/clock_constraints.tcl:16]
Resolution: A valid end point is a data pin of a sequential cell or a primary output or inout port. Please validate that all the objects returned by your query belong to this list.
WARNING: [Constraints 18-401] set_max_delay: 'NIM_BLOCK/U351/U1/cnt_out_r_reg[25]_i_2_CARRY4' is not a valid endpoint. [/home/cmstestbeam/ots/otsdaq-firmware/cactus/projects/nim_plus/top/top.srcs/constrs_1/imports/ucf/clock_constraints.tcl:16]
Resolution: A valid end point is a data pin of a sequential cell or a primary output or inout port. Please validate that all the objects returned by your query belong to this list.
WARNING: [Constraints 18-401] set_max_delay: 'NIM_BLOCK/U351/U1/cnt_out_r_reg[21]_i_2_CARRY4_GND' is not a valid endpoint. [/home/cmstestbeam/ots/otsdaq-firmware/cactus/projects/nim_plus/top/top.srcs/constrs_1/imports/ucf/clock_constraints.tcl:16]
Resolution: A valid end point is a data pin of a sequential cell or a primary output or inout port. Please validate that all the objects returned by your query belong to this list.
WARNING: [Constraints 18-401] set_max_delay: 'NIM_BLOCK/U351/U1/cnt_out_r_reg[21]_i_2_CARRY4' is not a valid endpoint. [/home/cmstestbeam/ots/otsdaq-firmware/cactus/projects/nim_plus/top/top.srcs/constrs_1/imports/ucf/clock_constraints.tcl:16]
Resolution: A valid end point is a data pin of a sequential cell or a primary output or inout port. Please validate that all the objects returned by your query belong to this list.
WARNING: [Constraints 18-401] set_max_delay: 'NIM_BLOCK/U351/U1/cnt_out_r_reg[1]_i_2_CARRY4_GND' is not a valid endpoint. [/home/cmstestbeam/ots/otsdaq-firmware/cactus/projects/nim_plus/top/top.srcs/constrs_1/imports/ucf/clock_constraints.tcl:16]
Resolution: A valid end point is a data pin of a sequential cell or a primary output or inout port. Please validate that all the objects returned by your query belong to this list.
WARNING: [Constraints 18-401] set_max_delay: 'NIM_BLOCK/U351/U1/cnt_out_r_reg[1]_i_2_CARRY4' is not a valid endpoint. [/home/cmstestbeam/ots/otsdaq-firmware/cactus/projects/nim_plus/top/top.srcs/constrs_1/imports/ucf/clock_constraints.tcl:16]
Resolution: A valid end point is a data pin of a sequential cell or a primary output or inout port. Please validate that all the objects returned by your query belong to this list.
WARNING: [Constraints 18-401] set_max_delay: 'NIM_BLOCK/U351/U1/cnt_out_r_reg[17]_i_2_CARRY4_GND' is not a valid endpoint. [/home/cmstestbeam/ots/otsdaq-firmware/cactus/projects/nim_plus/top/top.srcs/constrs_1/imports/ucf/clock_constraints.tcl:16]
Resolution: A valid end point is a data pin of a sequential cell or a primary output or inout port. Please validate that all the objects returned by your query belong to this list.
WARNING: [Constraints 18-401] set_max_delay: 'NIM_BLOCK/U351/U1/cnt_out_r_reg[17]_i_2_CARRY4' is not a valid endpoint. [/home/cmstestbeam/ots/otsdaq-firmware/cactus/projects/nim_plus/top/top.srcs/constrs_1/imports/ucf/clock_constraints.tcl:16]
Resolution: A valid end point is a data pin of a sequential cell or a primary output or inout port. Please validate that all the objects returned by your query belong to this list.
WARNING: [Constraints 18-401] set_max_delay: 'NIM_BLOCK/U351/U1/cnt_out_r_reg[13]_i_2_CARRY4_GND' is not a valid endpoint. [/home/cmstestbeam/ots/otsdaq-firmware/cactus/projects/nim_plus/top/top.srcs/constrs_1/imports/ucf/clock_constraints.tcl:16]
Resolution: A valid end point is a data pin of a sequential cell or a primary output or inout port. Please validate that all the objects returned by your query belong to this list.
WARNING: [Constraints 18-401] set_max_delay: 'NIM_BLOCK/U351/U1/cnt_out_r_reg[13]_i_2_CARRY4' is not a valid endpoint. [/home/cmstestbeam/ots/otsdaq-firmware/cactus/projects/nim_plus/top/top.srcs/constrs_1/imports/ucf/clock_constraints.tcl:16]
Resolution: A valid end point is a data pin of a sequential cell or a primary output or inout port. Please validate that all the objects returned by your query belong to this list.
WARNING: [Constraints 18-401] set_max_delay: 'NIM_BLOCK/U351/U1/cnt_out_r[0]_i_8' is not a valid endpoint. [/home/cmstestbeam/ots/otsdaq-firmware/cactus/projects/nim_plus/top/top.srcs/constrs_1/imports/ucf/clock_constraints.tcl:16]
Resolution: A valid end point is a data pin of a sequential cell or a primary output or inout port. Please validate that all the objects returned by your query belong to this list.
WARNING: [Constraints 18-401] set_max_delay: 'NIM_BLOCK/U351/U1/cnt_out_r[0]_i_7' is not a valid endpoint. [/home/cmstestbeam/ots/otsdaq-firmware/cactus/projects/nim_plus/top/top.srcs/constrs_1/imports/ucf/clock_constraints.tcl:16]
Resolution: A valid end point is a data pin of a sequential cell or a primary output or inout port. Please validate that all the objects returned by your query belong to this list.
WARNING: [Constraints 18-401] set_max_delay: 'NIM_BLOCK/U351/U1/cnt_out_r[0]_i_9' is not a valid endpoint. [/home/cmstestbeam/ots/otsdaq-firmware/cactus/projects/nim_plus/top/top.srcs/constrs_1/imports/ucf/clock_constraints.tcl:16]
Resolution: A valid end point is a data pin of a sequential cell or a primary output or inout port. Please validate that all the objects returned by your query belong to this list.
WARNING: [Constraints 18-401] set_max_delay: 'NIM_BLOCK/U351/U1/cnt_out_r[0]_i_6' is not a valid endpoint. [/home/cmstestbeam/ots/otsdaq-firmware/cactus/projects/nim_plus/top/top.srcs/constrs_1/imports/ucf/clock_constraints.tcl:16]
Resolution: A valid end point is a data pin of a sequential cell or a primary output or inout port. Please validate that all the objects returned by your query belong to this list.
WARNING: [Constraints 18-401] set_max_delay: 'NIM_BLOCK/U351/U1/cnt_out_r[0]_i_5' is not a valid endpoint. [/home/cmstestbeam/ots/otsdaq-firmware/cactus/projects/nim_plus/top/top.srcs/constrs_1/imports/ucf/clock_constraints.tcl:16]
Resolution: A valid end point is a data pin of a sequential cell or a primary output or inout port. Please validate that all the objects returned by your query belong to this list.
WARNING: [Constraints 18-401] set_max_delay: 'NIM_BLOCK/U351/U1/cnt_out_r[0]_i_4' is not a valid endpoint. [/home/cmstestbeam/ots/otsdaq-firmware/cactus/projects/nim_plus/top/top.srcs/constrs_1/imports/ucf/clock_constraints.tcl:16]
Resolution: A valid end point is a data pin of a sequential cell or a primary output or inout port. Please validate that all the objects returned by your query belong to this list.
WARNING: [Constraints 18-401] set_max_delay: 'NIM_BLOCK/U351/U1/cnt_out_r[0]_i_2' is not a valid endpoint. [/home/cmstestbeam/ots/otsdaq-firmware/cactus/projects/nim_plus/top/top.srcs/constrs_1/imports/ucf/clock_constraints.tcl:16]
Resolution: A valid end point is a data pin of a sequential cell or a primary output or inout port. Please validate that all the objects returned by your query belong to this list.
WARNING: [Constraints 18-401] set_max_delay: 'NIM_BLOCK/U351/U1/cnt_out_r[0]_i_10' is not a valid endpoint. [/home/cmstestbeam/ots/otsdaq-firmware/cactus/projects/nim_plus/top/top.srcs/constrs_1/imports/ucf/clock_constraints.tcl:16]
Resolution: A valid end point is a data pin of a sequential cell or a primary output or inout port. Please validate that all the objects returned by your query belong to this list.
WARNING: [Constraints 18-401] set_max_delay: 'NIM_BLOCK/U351/U1/cnt_out_r[0]_i_1' is not a valid endpoint. [/home/cmstestbeam/ots/otsdaq-firmware/cactus/projects/nim_plus/top/top.srcs/constrs_1/imports/ucf/clock_constraints.tcl:16]
Resolution: A valid end point is a data pin of a sequential cell or a primary output or inout port. Please validate that all the objects returned by your query belong to this list.
WARNING: [Constraints 18-401] set_max_delay: 'NIM_BLOCK/U351/U1/VCC' is not a valid endpoint. [/home/cmstestbeam/ots/otsdaq-firmware/cactus/projects/nim_plus/top/top.srcs/constrs_1/imports/ucf/clock_constraints.tcl:16]
Resolution: A valid end point is a data pin of a sequential cell or a primary output or inout port. Please validate that all the objects returned by your query belong to this list.
WARNING: [Constraints 18-401] set_max_delay: 'NIM_BLOCK/U351/U1/GND' is not a valid endpoint. [/home/cmstestbeam/ots/otsdaq-firmware/cactus/projects/nim_plus/top/top.srcs/constrs_1/imports/ucf/clock_constraints.tcl:16]
Resolution: A valid end point is a data pin of a sequential cell or a primary output or inout port. Please validate that all the objects returned by your query belong to this list.
WARNING: [Constraints 18-401] set_max_delay: 'NIM_BLOCK/U351/U2/VCC' is not a valid endpoint. [/home/cmstestbeam/ots/otsdaq-firmware/cactus/projects/nim_plus/top/top.srcs/constrs_1/imports/ucf/clock_constraints.tcl:16]
Resolution: A valid end point is a data pin of a sequential cell or a primary output or inout port. Please validate that all the objects returned by your query belong to this list.
WARNING: [Constraints 18-401] set_max_delay: 'NIM_BLOCK/U351/U2/GND' is not a valid endpoint. [/home/cmstestbeam/ots/otsdaq-firmware/cactus/projects/nim_plus/top/top.srcs/constrs_1/imports/ucf/clock_constraints.tcl:16]
Resolution: A valid end point is a data pin of a sequential cell or a primary output or inout port. Please validate that all the objects returned by your query belong to this list.
WARNING: [Constraints 18-401] set_max_delay: 'NIM_BLOCK/U353/U1/int_cnt_out[27]_i_1' is not a valid endpoint. [/home/cmstestbeam/ots/otsdaq-firmware/cactus/projects/nim_plus/top/top.srcs/constrs_1/imports/ucf/clock_constraints.tcl:17]
Resolution: A valid end point is a data pin of a sequential cell or a primary output or inout port. Please validate that all the objects returned by your query belong to this list.
WARNING: [Constraints 18-401] set_max_delay: 'NIM_BLOCK/U353/U1/cnt_out_r_reg[9]_i_2_CARRY4_GND' is not a valid endpoint. [/home/cmstestbeam/ots/otsdaq-firmware/cactus/projects/nim_plus/top/top.srcs/constrs_1/imports/ucf/clock_constraints.tcl:17]
Resolution: A valid end point is a data pin of a sequential cell or a primary output or inout port. Please validate that all the objects returned by your query belong to this list.
WARNING: [Constraints 18-401] set_max_delay: 'NIM_BLOCK/U353/U1/cnt_out_r_reg[9]_i_2_CARRY4' is not a valid endpoint. [/home/cmstestbeam/ots/otsdaq-firmware/cactus/projects/nim_plus/top/top.srcs/constrs_1/imports/ucf/clock_constraints.tcl:17]
Resolution: A valid end point is a data pin of a sequential cell or a primary output or inout port. Please validate that all the objects returned by your query belong to this list.
WARNING: [Constraints 18-401] set_max_delay: 'NIM_BLOCK/U353/U1/cnt_out_r_reg[5]_i_2_CARRY4_GND' is not a valid endpoint. [/home/cmstestbeam/ots/otsdaq-firmware/cactus/projects/nim_plus/top/top.srcs/constrs_1/imports/ucf/clock_constraints.tcl:17]
Resolution: A valid end point is a data pin of a sequential cell or a primary output or inout port. Please validate that all the objects returned by your query belong to this list.
WARNING: [Constraints 18-401] set_max_delay: 'NIM_BLOCK/U353/U1/cnt_out_r_reg[5]_i_2_CARRY4' is not a valid endpoint. [/home/cmstestbeam/ots/otsdaq-firmware/cactus/projects/nim_plus/top/top.srcs/constrs_1/imports/ucf/clock_constraints.tcl:17]
Resolution: A valid end point is a data pin of a sequential cell or a primary output or inout port. Please validate that all the objects returned by your query belong to this list.
WARNING: [Constraints 18-401] set_max_delay: 'NIM_BLOCK/U353/U1/cnt_out_r_reg[29]_i_2_CARRY4_GND' is not a valid endpoint. [/home/cmstestbeam/ots/otsdaq-firmware/cactus/projects/nim_plus/top/top.srcs/constrs_1/imports/ucf/clock_constraints.tcl:17]
Resolution: A valid end point is a data pin of a sequential cell or a primary output or inout port. Please validate that all the objects returned by your query belong to this list.
WARNING: [Constraints 18-401] set_max_delay: 'NIM_BLOCK/U353/U1/cnt_out_r_reg[29]_i_2_CARRY4' is not a valid endpoint. [/home/cmstestbeam/ots/otsdaq-firmware/cactus/projects/nim_plus/top/top.srcs/constrs_1/imports/ucf/clock_constraints.tcl:17]
Resolution: A valid end point is a data pin of a sequential cell or a primary output or inout port. Please validate that all the objects returned by your query belong to this list.
WARNING: [Constraints 18-401] set_max_delay: 'NIM_BLOCK/U353/U1/cnt_out_r_reg[25]_i_2_CARRY4_GND' is not a valid endpoint. [/home/cmstestbeam/ots/otsdaq-firmware/cactus/projects/nim_plus/top/top.srcs/constrs_1/imports/ucf/clock_constraints.tcl:17]
Resolution: A valid end point is a data pin of a sequential cell or a primary output or inout port. Please validate that all the objects returned by your query belong to this list.
WARNING: [Constraints 18-401] set_max_delay: 'NIM_BLOCK/U353/U1/cnt_out_r_reg[25]_i_2_CARRY4' is not a valid endpoint. [/home/cmstestbeam/ots/otsdaq-firmware/cactus/projects/nim_plus/top/top.srcs/constrs_1/imports/ucf/clock_constraints.tcl:17]
Resolution: A valid end point is a data pin of a sequential cell or a primary output or inout port. Please validate that all the objects returned by your query belong to this list.
WARNING: [Constraints 18-401] set_max_delay: 'NIM_BLOCK/U353/U1/cnt_out_r_reg[21]_i_2_CARRY4_GND' is not a valid endpoint. [/home/cmstestbeam/ots/otsdaq-firmware/cactus/projects/nim_plus/top/top.srcs/constrs_1/imports/ucf/clock_constraints.tcl:17]
Resolution: A valid end point is a data pin of a sequential cell or a primary output or inout port. Please validate that all the objects returned by your query belong to this list.
WARNING: [Constraints 18-401] set_max_delay: 'NIM_BLOCK/U353/U1/cnt_out_r_reg[21]_i_2_CARRY4' is not a valid endpoint. [/home/cmstestbeam/ots/otsdaq-firmware/cactus/projects/nim_plus/top/top.srcs/constrs_1/imports/ucf/clock_constraints.tcl:17]
Resolution: A valid end point is a data pin of a sequential cell or a primary output or inout port. Please validate that all the objects returned by your query belong to this list.
WARNING: [Constraints 18-401] set_max_delay: 'NIM_BLOCK/U353/U1/cnt_out_r_reg[1]_i_2_CARRY4_GND' is not a valid endpoint. [/home/cmstestbeam/ots/otsdaq-firmware/cactus/projects/nim_plus/top/top.srcs/constrs_1/imports/ucf/clock_constraints.tcl:17]
Resolution: A valid end point is a data pin of a sequential cell or a primary output or inout port. Please validate that all the objects returned by your query belong to this list.
WARNING: [Constraints 18-401] set_max_delay: 'NIM_BLOCK/U353/U1/cnt_out_r_reg[1]_i_2_CARRY4' is not a valid endpoint. [/home/cmstestbeam/ots/otsdaq-firmware/cactus/projects/nim_plus/top/top.srcs/constrs_1/imports/ucf/clock_constraints.tcl:17]
Resolution: A valid end point is a data pin of a sequential cell or a primary output or inout port. Please validate that all the objects returned by your query belong to this list.
WARNING: [Constraints 18-401] set_max_delay: 'NIM_BLOCK/U353/U1/cnt_out_r_reg[17]_i_2_CARRY4_GND' is not a valid endpoint. [/home/cmstestbeam/ots/otsdaq-firmware/cactus/projects/nim_plus/top/top.srcs/constrs_1/imports/ucf/clock_constraints.tcl:17]
Resolution: A valid end point is a data pin of a sequential cell or a primary output or inout port. Please validate that all the objects returned by your query belong to this list.
WARNING: [Constraints 18-401] set_max_delay: 'NIM_BLOCK/U353/U1/cnt_out_r_reg[17]_i_2_CARRY4' is not a valid endpoint. [/home/cmstestbeam/ots/otsdaq-firmware/cactus/projects/nim_plus/top/top.srcs/constrs_1/imports/ucf/clock_constraints.tcl:17]
Resolution: A valid end point is a data pin of a sequential cell or a primary output or inout port. Please validate that all the objects returned by your query belong to this list.
WARNING: [Constraints 18-401] set_max_delay: 'NIM_BLOCK/U353/U1/cnt_out_r_reg[13]_i_2_CARRY4_GND' is not a valid endpoint. [/home/cmstestbeam/ots/otsdaq-firmware/cactus/projects/nim_plus/top/top.srcs/constrs_1/imports/ucf/clock_constraints.tcl:17]
Resolution: A valid end point is a data pin of a sequential cell or a primary output or inout port. Please validate that all the objects returned by your query belong to this list.
WARNING: [Constraints 18-401] set_max_delay: 'NIM_BLOCK/U353/U1/cnt_out_r_reg[13]_i_2_CARRY4' is not a valid endpoint. [/home/cmstestbeam/ots/otsdaq-firmware/cactus/projects/nim_plus/top/top.srcs/constrs_1/imports/ucf/clock_constraints.tcl:17]
Resolution: A valid end point is a data pin of a sequential cell or a primary output or inout port. Please validate that all the objects returned by your query belong to this list.
WARNING: [Constraints 18-401] set_max_delay: 'NIM_BLOCK/U353/U1/cnt_out_r[0]_i_8' is not a valid endpoint. [/home/cmstestbeam/ots/otsdaq-firmware/cactus/projects/nim_plus/top/top.srcs/constrs_1/imports/ucf/clock_constraints.tcl:17]
Resolution: A valid end point is a data pin of a sequential cell or a primary output or inout port. Please validate that all the objects returned by your query belong to this list.
WARNING: [Constraints 18-401] set_max_delay: 'NIM_BLOCK/U353/U1/cnt_out_r[0]_i_7' is not a valid endpoint. [/home/cmstestbeam/ots/otsdaq-firmware/cactus/projects/nim_plus/top/top.srcs/constrs_1/imports/ucf/clock_constraints.tcl:17]
Resolution: A valid end point is a data pin of a sequential cell or a primary output or inout port. Please validate that all the objects returned by your query belong to this list.
WARNING: [Constraints 18-401] set_max_delay: 'NIM_BLOCK/U353/U1/cnt_out_r[0]_i_9' is not a valid endpoint. [/home/cmstestbeam/ots/otsdaq-firmware/cactus/projects/nim_plus/top/top.srcs/constrs_1/imports/ucf/clock_constraints.tcl:17]
Resolution: A valid end point is a data pin of a sequential cell or a primary output or inout port. Please validate that all the objects returned by your query belong to this list.
WARNING: [Constraints 18-401] set_max_delay: 'NIM_BLOCK/U353/U1/cnt_out_r[0]_i_6' is not a valid endpoint. [/home/cmstestbeam/ots/otsdaq-firmware/cactus/projects/nim_plus/top/top.srcs/constrs_1/imports/ucf/clock_constraints.tcl:17]
Resolution: A valid end point is a data pin of a sequential cell or a primary output or inout port. Please validate that all the objects returned by your query belong to this list.
WARNING: [Constraints 18-401] set_max_delay: 'NIM_BLOCK/U353/U1/cnt_out_r[0]_i_5' is not a valid endpoint. [/home/cmstestbeam/ots/otsdaq-firmware/cactus/projects/nim_plus/top/top.srcs/constrs_1/imports/ucf/clock_constraints.tcl:17]
Resolution: A valid end point is a data pin of a sequential cell or a primary output or inout port. Please validate that all the objects returned by your query belong to this list.
WARNING: [Constraints 18-401] set_max_delay: 'NIM_BLOCK/U353/U1/cnt_out_r[0]_i_4' is not a valid endpoint. [/home/cmstestbeam/ots/otsdaq-firmware/cactus/projects/nim_plus/top/top.srcs/constrs_1/imports/ucf/clock_constraints.tcl:17]
Resolution: A valid end point is a data pin of a sequential cell or a primary output or inout port. Please validate that all the objects returned by your query belong to this list.
WARNING: [Constraints 18-401] set_max_delay: 'NIM_BLOCK/U353/U1/cnt_out_r[0]_i_2' is not a valid endpoint. [/home/cmstestbeam/ots/otsdaq-firmware/cactus/projects/nim_plus/top/top.srcs/constrs_1/imports/ucf/clock_constraints.tcl:17]
Resolution: A valid end point is a data pin of a sequential cell or a primary output or inout port. Please validate that all the objects returned by your query belong to this list.
WARNING: [Constraints 18-401] set_max_delay: 'NIM_BLOCK/U353/U1/cnt_out_r[0]_i_10' is not a valid endpoint. [/home/cmstestbeam/ots/otsdaq-firmware/cactus/projects/nim_plus/top/top.srcs/constrs_1/imports/ucf/clock_constraints.tcl:17]
Resolution: A valid end point is a data pin of a sequential cell or a primary output or inout port. Please validate that all the objects returned by your query belong to this list.
WARNING: [Constraints 18-401] set_max_delay: 'NIM_BLOCK/U353/U1/cnt_out_r[0]_i_1' is not a valid endpoint. [/home/cmstestbeam/ots/otsdaq-firmware/cactus/projects/nim_plus/top/top.srcs/constrs_1/imports/ucf/clock_constraints.tcl:17]
Resolution: A valid end point is a data pin of a sequential cell or a primary output or inout port. Please validate that all the objects returned by your query belong to this list.
WARNING: [Constraints 18-401] set_max_delay: 'NIM_BLOCK/U353/U1/VCC' is not a valid endpoint. [/home/cmstestbeam/ots/otsdaq-firmware/cactus/projects/nim_plus/top/top.srcs/constrs_1/imports/ucf/clock_constraints.tcl:17]
Resolution: A valid end point is a data pin of a sequential cell or a primary output or inout port. Please validate that all the objects returned by your query belong to this list.
WARNING: [Constraints 18-401] set_max_delay: 'NIM_BLOCK/U353/U1/GND' is not a valid endpoint. [/home/cmstestbeam/ots/otsdaq-firmware/cactus/projects/nim_plus/top/top.srcs/constrs_1/imports/ucf/clock_constraints.tcl:17]
Resolution: A valid end point is a data pin of a sequential cell or a primary output or inout port. Please validate that all the objects returned by your query belong to this list.
WARNING: [Constraints 18-401] set_max_delay: 'NIM_BLOCK/U353/U2/VCC' is not a valid endpoint. [/home/cmstestbeam/ots/otsdaq-firmware/cactus/projects/nim_plus/top/top.srcs/constrs_1/imports/ucf/clock_constraints.tcl:17]
Resolution: A valid end point is a data pin of a sequential cell or a primary output or inout port. Please validate that all the objects returned by your query belong to this list.
WARNING: [Constraints 18-401] set_max_delay: 'NIM_BLOCK/U353/U2/GND' is not a valid endpoint. [/home/cmstestbeam/ots/otsdaq-firmware/cactus/projects/nim_plus/top/top.srcs/constrs_1/imports/ucf/clock_constraints.tcl:17]
Resolution: A valid end point is a data pin of a sequential cell or a primary output or inout port. Please validate that all the objects returned by your query belong to this list.
WARNING: [Constraints 18-401] set_max_delay: 'NIM_BLOCK/U355/U1/cnt_out_r_reg[25]_i_2_CARRY4' is not a valid endpoint. [/home/cmstestbeam/ots/otsdaq-firmware/cactus/projects/nim_plus/top/top.srcs/constrs_1/imports/ucf/clock_constraints.tcl:18]
Resolution: A valid end point is a data pin of a sequential cell or a primary output or inout port. Please validate that all the objects returned by your query belong to this list.
WARNING: [Constraints 18-401] set_max_delay: 'NIM_BLOCK/U355/U1/cnt_out_r_reg[21]_i_2_CARRY4_GND' is not a valid endpoint. [/home/cmstestbeam/ots/otsdaq-firmware/cactus/projects/nim_plus/top/top.srcs/constrs_1/imports/ucf/clock_constraints.tcl:18]
Resolution: A valid end point is a data pin of a sequential cell or a primary output or inout port. Please validate that all the objects returned by your query belong to this list.
WARNING: [Constraints 18-401] set_max_delay: 'NIM_BLOCK/U355/U1/cnt_out_r_reg[21]_i_2_CARRY4' is not a valid endpoint. [/home/cmstestbeam/ots/otsdaq-firmware/cactus/projects/nim_plus/top/top.srcs/constrs_1/imports/ucf/clock_constraints.tcl:18]
Resolution: A valid end point is a data pin of a sequential cell or a primary output or inout port. Please validate that all the objects returned by your query belong to this list.
WARNING: [Constraints 18-401] set_max_delay: 'NIM_BLOCK/U355/U1/cnt_out_r_reg[1]_i_2_CARRY4_GND' is not a valid endpoint. [/home/cmstestbeam/ots/otsdaq-firmware/cactus/projects/nim_plus/top/top.srcs/constrs_1/imports/ucf/clock_constraints.tcl:18]
Resolution: A valid end point is a data pin of a sequential cell or a primary output or inout port. Please validate that all the objects returned by your query belong to this list.
WARNING: [Constraints 18-401] set_max_delay: 'NIM_BLOCK/U355/U1/cnt_out_r_reg[1]_i_2_CARRY4' is not a valid endpoint. [/home/cmstestbeam/ots/otsdaq-firmware/cactus/projects/nim_plus/top/top.srcs/constrs_1/imports/ucf/clock_constraints.tcl:18]
Resolution: A valid end point is a data pin of a sequential cell or a primary output or inout port. Please validate that all the objects returned by your query belong to this list.
WARNING: [Constraints 18-401] set_max_delay: 'NIM_BLOCK/U355/U1/cnt_out_r_reg[17]_i_2_CARRY4_GND' is not a valid endpoint. [/home/cmstestbeam/ots/otsdaq-firmware/cactus/projects/nim_plus/top/top.srcs/constrs_1/imports/ucf/clock_constraints.tcl:18]
Resolution: A valid end point is a data pin of a sequential cell or a primary output or inout port. Please validate that all the objects returned by your query belong to this list.
WARNING: [Constraints 18-401] set_max_delay: 'NIM_BLOCK/U355/U1/cnt_out_r_reg[17]_i_2_CARRY4' is not a valid endpoint. [/home/cmstestbeam/ots/otsdaq-firmware/cactus/projects/nim_plus/top/top.srcs/constrs_1/imports/ucf/clock_constraints.tcl:18]
Resolution: A valid end point is a data pin of a sequential cell or a primary output or inout port. Please validate that all the objects returned by your query belong to this list.
WARNING: [Constraints 18-401] set_max_delay: 'NIM_BLOCK/U355/U1/cnt_out_r_reg[13]_i_2_CARRY4_GND' is not a valid endpoint. [/home/cmstestbeam/ots/otsdaq-firmware/cactus/projects/nim_plus/top/top.srcs/constrs_1/imports/ucf/clock_constraints.tcl:18]
Resolution: A valid end point is a data pin of a sequential cell or a primary output or inout port. Please validate that all the objects returned by your query belong to this list.
WARNING: [Constraints 18-401] set_max_delay: 'NIM_BLOCK/U355/U1/cnt_out_r_reg[13]_i_2_CARRY4' is not a valid endpoint. [/home/cmstestbeam/ots/otsdaq-firmware/cactus/projects/nim_plus/top/top.srcs/constrs_1/imports/ucf/clock_constraints.tcl:18]
Resolution: A valid end point is a data pin of a sequential cell or a primary output or inout port. Please validate that all the objects returned by your query belong to this list.
WARNING: [Constraints 18-401] set_max_delay: 'NIM_BLOCK/U355/U1/cnt_out_r[0]_i_8' is not a valid endpoint. [/home/cmstestbeam/ots/otsdaq-firmware/cactus/projects/nim_plus/top/top.srcs/constrs_1/imports/ucf/clock_constraints.tcl:18]
Resolution: A valid end point is a data pin of a sequential cell or a primary output or inout port. Please validate that all the objects returned by your query belong to this list.
WARNING: [Constraints 18-401] set_max_delay: 'NIM_BLOCK/U355/U1/cnt_out_r[0]_i_7' is not a valid endpoint. [/home/cmstestbeam/ots/otsdaq-firmware/cactus/projects/nim_plus/top/top.srcs/constrs_1/imports/ucf/clock_constraints.tcl:18]
Resolution: A valid end point is a data pin of a sequential cell or a primary output or inout port. Please validate that all the objects returned by your query belong to this list.
WARNING: [Constraints 18-401] set_max_delay: 'NIM_BLOCK/U355/U1/cnt_out_r[0]_i_9' is not a valid endpoint. [/home/cmstestbeam/ots/otsdaq-firmware/cactus/projects/nim_plus/top/top.srcs/constrs_1/imports/ucf/clock_constraints.tcl:18]
Resolution: A valid end point is a data pin of a sequential cell or a primary output or inout port. Please validate that all the objects returned by your query belong to this list.
WARNING: [Constraints 18-401] set_max_delay: 'NIM_BLOCK/U355/U1/cnt_out_r[0]_i_6' is not a valid endpoint. [/home/cmstestbeam/ots/otsdaq-firmware/cactus/projects/nim_plus/top/top.srcs/constrs_1/imports/ucf/clock_constraints.tcl:18]
Resolution: A valid end point is a data pin of a sequential cell or a primary output or inout port. Please validate that all the objects returned by your query belong to this list.
WARNING: [Constraints 18-401] set_max_delay: 'NIM_BLOCK/U355/U1/cnt_out_r[0]_i_5' is not a valid endpoint. [/home/cmstestbeam/ots/otsdaq-firmware/cactus/projects/nim_plus/top/top.srcs/constrs_1/imports/ucf/clock_constraints.tcl:18]
Resolution: A valid end point is a data pin of a sequential cell or a primary output or inout port. Please validate that all the objects returned by your query belong to this list.
WARNING: [Constraints 18-401] set_max_delay: 'NIM_BLOCK/U355/U1/cnt_out_r[0]_i_4' is not a valid endpoint. [/home/cmstestbeam/ots/otsdaq-firmware/cactus/projects/nim_plus/top/top.srcs/constrs_1/imports/ucf/clock_constraints.tcl:18]
Resolution: A valid end point is a data pin of a sequential cell or a primary output or inout port. Please validate that all the objects returned by your query belong to this list.
WARNING: [Constraints 18-401] set_max_delay: 'NIM_BLOCK/U355/U1/cnt_out_r[0]_i_2' is not a valid endpoint. [/home/cmstestbeam/ots/otsdaq-firmware/cactus/projects/nim_plus/top/top.srcs/constrs_1/imports/ucf/clock_constraints.tcl:18]
Resolution: A valid end point is a data pin of a sequential cell or a primary output or inout port. Please validate that all the objects returned by your query belong to this list.
WARNING: [Constraints 18-401] set_max_delay: 'NIM_BLOCK/U355/U1/cnt_out_r[0]_i_10' is not a valid endpoint. [/home/cmstestbeam/ots/otsdaq-firmware/cactus/projects/nim_plus/top/top.srcs/constrs_1/imports/ucf/clock_constraints.tcl:18]
Resolution: A valid end point is a data pin of a sequential cell or a primary output or inout port. Please validate that all the objects returned by your query belong to this list.
WARNING: [Constraints 18-401] set_max_delay: 'NIM_BLOCK/U355/U1/cnt_out_r[0]_i_1' is not a valid endpoint. [/home/cmstestbeam/ots/otsdaq-firmware/cactus/projects/nim_plus/top/top.srcs/constrs_1/imports/ucf/clock_constraints.tcl:18]
Resolution: A valid end point is a data pin of a sequential cell or a primary output or inout port. Please validate that all the objects returned by your query belong to this list.
WARNING: [Constraints 18-401] set_max_delay: 'NIM_BLOCK/U355/U1/VCC' is not a valid endpoint. [/home/cmstestbeam/ots/otsdaq-firmware/cactus/projects/nim_plus/top/top.srcs/constrs_1/imports/ucf/clock_constraints.tcl:18]
Resolution: A valid end point is a data pin of a sequential cell or a primary output or inout port. Please validate that all the objects returned by your query belong to this list.
WARNING: [Constraints 18-401] set_max_delay: 'NIM_BLOCK/U355/U1/GND' is not a valid endpoint. [/home/cmstestbeam/ots/otsdaq-firmware/cactus/projects/nim_plus/top/top.srcs/constrs_1/imports/ucf/clock_constraints.tcl:18]
Resolution: A valid end point is a data pin of a sequential cell or a primary output or inout port. Please validate that all the objects returned by your query belong to this list.
WARNING: [Constraints 18-401] set_max_delay: 'NIM_BLOCK/U355/U2/VCC' is not a valid endpoint. [/home/cmstestbeam/ots/otsdaq-firmware/cactus/projects/nim_plus/top/top.srcs/constrs_1/imports/ucf/clock_constraints.tcl:18]
Resolution: A valid end point is a data pin of a sequential cell or a primary output or inout port. Please validate that all the objects returned by your query belong to this list.
WARNING: [Constraints 18-401] set_max_delay: 'NIM_BLOCK/U355/U2/GND' is not a valid endpoint. [/home/cmstestbeam/ots/otsdaq-firmware/cactus/projects/nim_plus/top/top.srcs/constrs_1/imports/ucf/clock_constraints.tcl:18]
Resolution: A valid end point is a data pin of a sequential cell or a primary output or inout port. Please validate that all the objects returned by your query belong to this list.
WARNING: [Constraints 18-401] set_max_delay: 'NIM_BLOCK/U355/U1/int_cnt_out[27]_i_1' is not a valid endpoint. [/home/cmstestbeam/ots/otsdaq-firmware/cactus/projects/nim_plus/top/top.srcs/constrs_1/imports/ucf/clock_constraints.tcl:18]
Resolution: A valid end point is a data pin of a sequential cell or a primary output or inout port. Please validate that all the objects returned by your query belong to this list.
WARNING: [Constraints 18-401] set_max_delay: 'NIM_BLOCK/U355/U1/cnt_out_r_reg[9]_i_2_CARRY4_GND' is not a valid endpoint. [/home/cmstestbeam/ots/otsdaq-firmware/cactus/projects/nim_plus/top/top.srcs/constrs_1/imports/ucf/clock_constraints.tcl:18]
Resolution: A valid end point is a data pin of a sequential cell or a primary output or inout port. Please validate that all the objects returned by your query belong to this list.
WARNING: [Constraints 18-401] set_max_delay: 'NIM_BLOCK/U355/U1/cnt_out_r_reg[9]_i_2_CARRY4' is not a valid endpoint. [/home/cmstestbeam/ots/otsdaq-firmware/cactus/projects/nim_plus/top/top.srcs/constrs_1/imports/ucf/clock_constraints.tcl:18]
Resolution: A valid end point is a data pin of a sequential cell or a primary output or inout port. Please validate that all the objects returned by your query belong to this list.
WARNING: [Constraints 18-401] set_max_delay: 'NIM_BLOCK/U355/U1/cnt_out_r_reg[5]_i_2_CARRY4_GND' is not a valid endpoint. [/home/cmstestbeam/ots/otsdaq-firmware/cactus/projects/nim_plus/top/top.srcs/constrs_1/imports/ucf/clock_constraints.tcl:18]
Resolution: A valid end point is a data pin of a sequential cell or a primary output or inout port. Please validate that all the objects returned by your query belong to this list.
WARNING: [Constraints 18-401] set_max_delay: 'NIM_BLOCK/U355/U1/cnt_out_r_reg[5]_i_2_CARRY4' is not a valid endpoint. [/home/cmstestbeam/ots/otsdaq-firmware/cactus/projects/nim_plus/top/top.srcs/constrs_1/imports/ucf/clock_constraints.tcl:18]
Resolution: A valid end point is a data pin of a sequential cell or a primary output or inout port. Please validate that all the objects returned by your query belong to this list.
WARNING: [Constraints 18-401] set_max_delay: 'NIM_BLOCK/U355/U1/cnt_out_r_reg[29]_i_2_CARRY4_GND' is not a valid endpoint. [/home/cmstestbeam/ots/otsdaq-firmware/cactus/projects/nim_plus/top/top.srcs/constrs_1/imports/ucf/clock_constraints.tcl:18]
Resolution: A valid end point is a data pin of a sequential cell or a primary output or inout port. Please validate that all the objects returned by your query belong to this list.
WARNING: [Constraints 18-401] set_max_delay: 'NIM_BLOCK/U355/U1/cnt_out_r_reg[29]_i_2_CARRY4' is not a valid endpoint. [/home/cmstestbeam/ots/otsdaq-firmware/cactus/projects/nim_plus/top/top.srcs/constrs_1/imports/ucf/clock_constraints.tcl:18]
Resolution: A valid end point is a data pin of a sequential cell or a primary output or inout port. Please validate that all the objects returned by your query belong to this list.
WARNING: [Constraints 18-401] set_max_delay: 'NIM_BLOCK/U355/U1/cnt_out_r_reg[25]_i_2_CARRY4_GND' is not a valid endpoint. [/home/cmstestbeam/ots/otsdaq-firmware/cactus/projects/nim_plus/top/top.srcs/constrs_1/imports/ucf/clock_constraints.tcl:18]
Resolution: A valid end point is a data pin of a sequential cell or a primary output or inout port. Please validate that all the objects returned by your query belong to this list.
WARNING: [Constraints 18-401] set_max_delay: 'NIM_BLOCK/U357/U1/int_cnt_out[27]_i_1' is not a valid endpoint. [/home/cmstestbeam/ots/otsdaq-firmware/cactus/projects/nim_plus/top/top.srcs/constrs_1/imports/ucf/clock_constraints.tcl:19]
Resolution: A valid end point is a data pin of a sequential cell or a primary output or inout port. Please validate that all the objects returned by your query belong to this list.
WARNING: [Constraints 18-401] set_max_delay: 'NIM_BLOCK/U357/U1/cnt_out_r_reg[9]_i_2_CARRY4_GND' is not a valid endpoint. [/home/cmstestbeam/ots/otsdaq-firmware/cactus/projects/nim_plus/top/top.srcs/constrs_1/imports/ucf/clock_constraints.tcl:19]
Resolution: A valid end point is a data pin of a sequential cell or a primary output or inout port. Please validate that all the objects returned by your query belong to this list.
WARNING: [Constraints 18-401] set_max_delay: 'NIM_BLOCK/U357/U1/cnt_out_r_reg[9]_i_2_CARRY4' is not a valid endpoint. [/home/cmstestbeam/ots/otsdaq-firmware/cactus/projects/nim_plus/top/top.srcs/constrs_1/imports/ucf/clock_constraints.tcl:19]
Resolution: A valid end point is a data pin of a sequential cell or a primary output or inout port. Please validate that all the objects returned by your query belong to this list.
WARNING: [Constraints 18-401] set_max_delay: 'NIM_BLOCK/U357/U1/cnt_out_r_reg[5]_i_2_CARRY4_GND' is not a valid endpoint. [/home/cmstestbeam/ots/otsdaq-firmware/cactus/projects/nim_plus/top/top.srcs/constrs_1/imports/ucf/clock_constraints.tcl:19]
Resolution: A valid end point is a data pin of a sequential cell or a primary output or inout port. Please validate that all the objects returned by your query belong to this list.
WARNING: [Constraints 18-401] set_max_delay: 'NIM_BLOCK/U357/U1/cnt_out_r_reg[5]_i_2_CARRY4' is not a valid endpoint. [/home/cmstestbeam/ots/otsdaq-firmware/cactus/projects/nim_plus/top/top.srcs/constrs_1/imports/ucf/clock_constraints.tcl:19]
Resolution: A valid end point is a data pin of a sequential cell or a primary output or inout port. Please validate that all the objects returned by your query belong to this list.
WARNING: [Constraints 18-401] set_max_delay: 'NIM_BLOCK/U357/U1/cnt_out_r_reg[29]_i_2_CARRY4_GND' is not a valid endpoint. [/home/cmstestbeam/ots/otsdaq-firmware/cactus/projects/nim_plus/top/top.srcs/constrs_1/imports/ucf/clock_constraints.tcl:19]
Resolution: A valid end point is a data pin of a sequential cell or a primary output or inout port. Please validate that all the objects returned by your query belong to this list.
WARNING: [Constraints 18-401] set_max_delay: 'NIM_BLOCK/U357/U1/cnt_out_r_reg[29]_i_2_CARRY4' is not a valid endpoint. [/home/cmstestbeam/ots/otsdaq-firmware/cactus/projects/nim_plus/top/top.srcs/constrs_1/imports/ucf/clock_constraints.tcl:19]
Resolution: A valid end point is a data pin of a sequential cell or a primary output or inout port. Please validate that all the objects returned by your query belong to this list.
WARNING: [Constraints 18-401] set_max_delay: 'NIM_BLOCK/U357/U1/cnt_out_r_reg[25]_i_2_CARRY4_GND' is not a valid endpoint. [/home/cmstestbeam/ots/otsdaq-firmware/cactus/projects/nim_plus/top/top.srcs/constrs_1/imports/ucf/clock_constraints.tcl:19]
Resolution: A valid end point is a data pin of a sequential cell or a primary output or inout port. Please validate that all the objects returned by your query belong to this list.
WARNING: [Constraints 18-401] set_max_delay: 'NIM_BLOCK/U357/U1/cnt_out_r_reg[25]_i_2_CARRY4' is not a valid endpoint. [/home/cmstestbeam/ots/otsdaq-firmware/cactus/projects/nim_plus/top/top.srcs/constrs_1/imports/ucf/clock_constraints.tcl:19]
Resolution: A valid end point is a data pin of a sequential cell or a primary output or inout port. Please validate that all the objects returned by your query belong to this list.
WARNING: [Constraints 18-401] set_max_delay: 'NIM_BLOCK/U357/U1/cnt_out_r_reg[21]_i_2_CARRY4_GND' is not a valid endpoint. [/home/cmstestbeam/ots/otsdaq-firmware/cactus/projects/nim_plus/top/top.srcs/constrs_1/imports/ucf/clock_constraints.tcl:19]
Resolution: A valid end point is a data pin of a sequential cell or a primary output or inout port. Please validate that all the objects returned by your query belong to this list.
INFO: [Common 17-14] Message 'Constraints 18-401' appears 100 times and further instances of the messages will be disabled. Use the Tcl command set_msg_config to change the current settings.
INFO: [Timing 38-35] Done setting XDC timing constraints.

Phase 2.1.2 IO & Clk Clean Up
Phase 2.1.2 IO & Clk Clean Up | Checksum: b077c1c2

Time (s): cpu = 00:00:07 ; elapsed = 00:00:06 . Memory (MB): peak = 2206.617 ; gain = 48.016 ; free physical = 1214 ; free virtual = 21950

Phase 2.1.3 Implementation Feasibility check On IDelay
Phase 2.1.3 Implementation Feasibility check On IDelay | Checksum: b077c1c2

Time (s): cpu = 00:00:07 ; elapsed = 00:00:06 . Memory (MB): peak = 2206.617 ; gain = 48.016 ; free physical = 1211 ; free virtual = 21947

Phase 2.1.4 Commit IO Placement
Phase 2.1.4 Commit IO Placement | Checksum: 0cf14c0a

Time (s): cpu = 00:00:07 ; elapsed = 00:00:06 . Memory (MB): peak = 2206.617 ; gain = 48.016 ; free physical = 1211 ; free virtual = 21947
Phase 2.1 IO Placement/ Clock Placement/ Build Placer Device | Checksum: 688d1761

Time (s): cpu = 00:00:07 ; elapsed = 00:00:06 . Memory (MB): peak = 2206.617 ; gain = 48.016 ; free physical = 1211 ; free virtual = 21947

Phase 2.2 Build Placer Netlist Model

Phase 2.2.1 Place Init Design

Phase 2.2.1.1 Init Lut Pin Assignment
Phase 2.2.1.1 Init Lut Pin Assignment | Checksum: 13505e289

Time (s): cpu = 00:00:08 ; elapsed = 00:00:08 . Memory (MB): peak = 2206.617 ; gain = 48.016 ; free physical = 1276 ; free virtual = 22012
Phase 2.2.1 Place Init Design | Checksum: e8971aa0

Time (s): cpu = 00:00:14 ; elapsed = 00:00:12 . Memory (MB): peak = 2206.617 ; gain = 48.016 ; free physical = 794 ; free virtual = 21532
Phase 2.2 Build Placer Netlist Model | Checksum: e8971aa0

Time (s): cpu = 00:00:14 ; elapsed = 00:00:12 . Memory (MB): peak = 2206.617 ; gain = 48.016 ; free physical = 794 ; free virtual = 21532

Phase 2.3 Constrain Clocks/Macros

Phase 2.3.1 Constrain Global/Regional Clocks
Phase 2.3.1 Constrain Global/Regional Clocks | Checksum: e8971aa0

Time (s): cpu = 00:00:14 ; elapsed = 00:00:13 . Memory (MB): peak = 2206.617 ; gain = 48.016 ; free physical = 788 ; free virtual = 21525
Phase 2.3 Constrain Clocks/Macros | Checksum: e8971aa0

Time (s): cpu = 00:00:14 ; elapsed = 00:00:13 . Memory (MB): peak = 2206.617 ; gain = 48.016 ; free physical = 787 ; free virtual = 21524
Phase 2 Placer Initialization | Checksum: e8971aa0

Time (s): cpu = 00:00:14 ; elapsed = 00:00:13 . Memory (MB): peak = 2206.617 ; gain = 48.016 ; free physical = 786 ; free virtual = 21524

Phase 3 Global Placement
Phase 3 Global Placement | Checksum: 11d49f02b

Time (s): cpu = 00:02:23 ; elapsed = 00:01:33 . Memory (MB): peak = 2282.703 ; gain = 124.102 ; free physical = 1165 ; free virtual = 21481

Phase 4 Detail Placement

Phase 4.1 Commit Multi Column Macros
Phase 4.1 Commit Multi Column Macros | Checksum: 11d49f02b

Time (s): cpu = 00:02:23 ; elapsed = 00:01:34 . Memory (MB): peak = 2282.703 ; gain = 124.102 ; free physical = 1158 ; free virtual = 21474

Phase 4.2 Commit Most Macros & LUTRAMs
Phase 4.2 Commit Most Macros & LUTRAMs | Checksum: 9b0cff3c

Time (s): cpu = 00:02:28 ; elapsed = 00:01:38 . Memory (MB): peak = 2282.703 ; gain = 124.102 ; free physical = 769 ; free virtual = 21124

Phase 4.3 Area Swap Optimization
Phase 4.3 Area Swap Optimization | Checksum: a8a8b557

Time (s): cpu = 00:02:29 ; elapsed = 00:01:39 . Memory (MB): peak = 2282.703 ; gain = 124.102 ; free physical = 716 ; free virtual = 21107

Phase 4.4 updateClock Trees: DP
Phase 4.4 updateClock Trees: DP | Checksum: a8a8b557

Time (s): cpu = 00:02:29 ; elapsed = 00:01:39 . Memory (MB): peak = 2282.703 ; gain = 124.102 ; free physical = 715 ; free virtual = 21106

Phase 4.5 Timing Path Optimizer
Phase 4.5 Timing Path Optimizer | Checksum: d1c88c21

Time (s): cpu = 00:02:31 ; elapsed = 00:01:41 . Memory (MB): peak = 2282.703 ; gain = 124.102 ; free physical = 595 ; free virtual = 21086

Phase 4.6 Small Shape Detail Placement

Phase 4.6.1 Commit Small Macros & Core Logic

Phase 4.6.1.1 setBudgets
Phase 4.6.1.1 setBudgets | Checksum: 1850cfc45

Time (s): cpu = 00:02:31 ; elapsed = 00:01:41 . Memory (MB): peak = 2282.703 ; gain = 124.102 ; free physical = 571 ; free virtual = 21079

Phase 4.6.1.2 Commit Slice Clusters
Phase 4.6.1.2 Commit Slice Clusters | Checksum: eeea9771

Time (s): cpu = 00:02:36 ; elapsed = 00:01:47 . Memory (MB): peak = 2282.703 ; gain = 124.102 ; free physical = 402 ; free virtual = 20941
Phase 4.6.1 Commit Small Macros & Core Logic | Checksum: eeea9771

Time (s): cpu = 00:02:36 ; elapsed = 00:01:47 . Memory (MB): peak = 2282.703 ; gain = 124.102 ; free physical = 396 ; free virtual = 20934

Phase 4.6.2 Commit LUTs
Phase 4.6.2 Commit LUTs | Checksum: 23c3b8cb2

Time (s): cpu = 00:02:39 ; elapsed = 00:01:49 . Memory (MB): peak = 2282.703 ; gain = 124.102 ; free physical = 235 ; free virtual = 20748

Phase 4.6.3 Clock Restriction Legalization for Leaf Columns
Phase 4.6.3 Clock Restriction Legalization for Leaf Columns | Checksum: 23c3b8cb2

Time (s): cpu = 00:02:39 ; elapsed = 00:01:49 . Memory (MB): peak = 2282.703 ; gain = 124.102 ; free physical = 235 ; free virtual = 20727

Phase 4.6.4 Clock Restriction Legalization for Non-Clock Pins
WARNING: [Constraints 18-647] Placement may not be routable. The following cell(s) are grouped together and are placed in one single tile. The total number of clocks on non-clock pins of these cells is greater than 2, therefore, placer is not able to legalize the design to satisfy the suggested number of clocks that can drive non-clock pins in a single tile. Please modify the design such that each cell has at most 2 clocks driving its non-clock pins. Also, if one or more cells should be grouped together and placed in one tile, make sure the total number of such clocks does not exceed the maximum suggested.
CLK_MUX/out_320_INST_0
CLK_MUX/out_40_INST_0

WARNING: [Constraints 18-643] Placement may not be routable as design contains luts and/or flops whose data pins are driven by global clock signals and final placement is such that the number of such signals exceed the suggested number of such clocks in a single tile, which is 2. The following clock nets need to be routed to non-clock pins in tile CLBLL_L_X54Y146:
clk_wiz_0_BLOCK/U0/clkout320, clk_wiz_1_BLOCK/U0/clk_out40e, clk_wiz_1_BLOCK/U0/clk_out320e, and clk_wiz_0_BLOCK/U0/clkout40
Phase 4.6.4 Clock Restriction Legalization for Non-Clock Pins | Checksum: 23c3b8cb2

Time (s): cpu = 00:02:39 ; elapsed = 00:01:50 . Memory (MB): peak = 2282.703 ; gain = 124.102 ; free physical = 291 ; free virtual = 20675

Phase 4.6.5 Place Remaining
Phase 4.6.5 Place Remaining | Checksum: 23c3b8cb2

Time (s): cpu = 00:02:39 ; elapsed = 00:01:50 . Memory (MB): peak = 2282.703 ; gain = 124.102 ; free physical = 290 ; free virtual = 20674
Phase 4.6 Small Shape Detail Placement | Checksum: 23c3b8cb2

Time (s): cpu = 00:02:40 ; elapsed = 00:01:50 . Memory (MB): peak = 2282.703 ; gain = 124.102 ; free physical = 284 ; free virtual = 20669

Phase 4.7 Re-assign LUT pins
Phase 4.7 Re-assign LUT pins | Checksum: 23c3b8cb2

Time (s): cpu = 00:02:40 ; elapsed = 00:01:51 . Memory (MB): peak = 2282.703 ; gain = 124.102 ; free physical = 239 ; free virtual = 20491
Phase 4 Detail Placement | Checksum: 23c3b8cb2

Time (s): cpu = 00:02:40 ; elapsed = 00:01:51 . Memory (MB): peak = 2282.703 ; gain = 124.102 ; free physical = 299 ; free virtual = 20555

Phase 5 Post Placement Optimization and Clean-Up

Phase 5.1 PCOPT Shape updates
Phase 5.1 PCOPT Shape updates | Checksum: 1293d3eb1

Time (s): cpu = 00:02:41 ; elapsed = 00:01:51 . Memory (MB): peak = 2282.703 ; gain = 124.102 ; free physical = 253 ; free virtual = 20510

Phase 6 Post Commit Optimization

Phase 6.1 updateClock Trees: PCOPT
Phase 6.1 updateClock Trees: PCOPT | Checksum: 1293d3eb1

Time (s): cpu = 00:02:41 ; elapsed = 00:01:51 . Memory (MB): peak = 2282.703 ; gain = 124.102 ; free physical = 245 ; free virtual = 20501

Phase 6.2 Post Placement Optimization

Phase 6.2.1 Post Placement Timing Optimization

Phase 6.2.1.1 Restore Best Placement
Phase 6.2.1.1 Restore Best Placement | Checksum: ca9f6f02

Time (s): cpu = 00:02:50 ; elapsed = 00:02:03 . Memory (MB): peak = 2282.703 ; gain = 124.102 ; free physical = 229 ; free virtual = 20034
INFO: [Place 30-746] Post Placement Timing Summary WNS=-2.510. For the most accurate timing information please run report_timing.
Phase 6.2.1 Post Placement Timing Optimization | Checksum: ca9f6f02

Time (s): cpu = 00:02:50 ; elapsed = 00:02:03 . Memory (MB): peak = 2282.703 ; gain = 124.102 ; free physical = 230 ; free virtual = 20034
Phase 6.2 Post Placement Optimization | Checksum: ca9f6f02

Time (s): cpu = 00:02:50 ; elapsed = 00:02:03 . Memory (MB): peak = 2282.703 ; gain = 124.102 ; free physical = 236 ; free virtual = 20034
Phase 6 Post Commit Optimization | Checksum: ca9f6f02

Time (s): cpu = 00:02:50 ; elapsed = 00:02:03 . Memory (MB): peak = 2282.703 ; gain = 124.102 ; free physical = 233 ; free virtual = 20034

Phase 5.2 Sweep Clock Roots: Post-Placement
Phase 5.2 Sweep Clock Roots: Post-Placement | Checksum: ca9f6f02

Time (s): cpu = 00:02:50 ; elapsed = 00:02:03 . Memory (MB): peak = 2282.703 ; gain = 124.102 ; free physical = 232 ; free virtual = 20035

Phase 5.3 Post Placement Cleanup
Phase 5.3 Post Placement Cleanup | Checksum: ca9f6f02

Time (s): cpu = 00:02:50 ; elapsed = 00:02:03 . Memory (MB): peak = 2282.703 ; gain = 124.102 ; free physical = 233 ; free virtual = 20035

Phase 5.4 Placer Reporting

Phase 5.4.1 Restore STA
Phase 5.4.1 Restore STA | Checksum: ca9f6f02

Time (s): cpu = 00:02:50 ; elapsed = 00:02:03 . Memory (MB): peak = 2282.703 ; gain = 124.102 ; free physical = 234 ; free virtual = 20035
Phase 5.4 Placer Reporting | Checksum: ca9f6f02

Time (s): cpu = 00:02:50 ; elapsed = 00:02:03 . Memory (MB): peak = 2282.703 ; gain = 124.102 ; free physical = 232 ; free virtual = 20035

Phase 5.5 Final Placement Cleanup
Phase 5.5 Final Placement Cleanup | Checksum: ccd273a3

Time (s): cpu = 00:02:50 ; elapsed = 00:02:03 . Memory (MB): peak = 2282.703 ; gain = 124.102 ; free physical = 233 ; free virtual = 20035
Phase 5 Post Placement Optimization and Clean-Up | Checksum: ccd273a3

Time (s): cpu = 00:02:50 ; elapsed = 00:02:04 . Memory (MB): peak = 2282.703 ; gain = 124.102 ; free physical = 231 ; free virtual = 20035
Ending Placer Task | Checksum: 98a51412

Time (s): cpu = 00:02:50 ; elapsed = 00:02:04 . Memory (MB): peak = 2282.703 ; gain = 124.102 ; free physical = 233 ; free virtual = 20036
INFO: [Common 17-83] Releasing license: Implementation
69 Infos, 302 Warnings, 0 Critical Warnings and 0 Errors encountered.
place_design completed successfully
place_design: Time (s): cpu = 00:02:52 ; elapsed = 00:02:05 . Memory (MB): peak = 2282.703 ; gain = 124.105 ; free physical = 232 ; free virtual = 20036
Writing placer database...
Writing XDEF routing.
Writing XDEF routing logical nets.
Writing XDEF routing special nets.
Write XDEF Complete: Time (s): cpu = 00:00:03 ; elapsed = 00:00:02 . Memory (MB): peak = 2282.703 ; gain = 0.000 ; free physical = 225 ; free virtual = 20040
report_io: Time (s): cpu = 00:00:00.21 ; elapsed = 00:00:00.54 . Memory (MB): peak = 2282.703 ; gain = 0.000 ; free physical = 406 ; free virtual = 20233
report_utilization: Time (s): cpu = 00:00:00.38 ; elapsed = 00:00:01 . Memory (MB): peak = 2282.703 ; gain = 0.000 ; free physical = 330 ; free virtual = 20157
report_control_sets: Time (s): cpu = 00:00:00.06 ; elapsed = 00:00:00.65 . Memory (MB): peak = 2282.703 ; gain = 0.000 ; free physical = 279 ; free virtual = 20106
Command: route_design
Attempting to get a license for feature 'Implementation' and/or device 'xc7a200t'
INFO: [Common 17-349] Got license for feature 'Implementation' and/or device 'xc7a200t'
Running DRC as a precondition to command route_design
INFO: [DRC 23-27] Running DRC with 8 threads
INFO: [Vivado_Tcl 4-198] DRC finished with 0 Errors
INFO: [Vivado_Tcl 4-199] Please refer to the DRC report (report_drc) for more information.


Starting Routing Task
INFO: [Route 35-254] Multithreading enabled for route_design using a maximum of 8 CPUs

Phase 1 Build RT Design
Phase 1 Build RT Design | Checksum: 14db0ea64

Time (s): cpu = 00:00:51 ; elapsed = 00:00:55 . Memory (MB): peak = 2365.465 ; gain = 82.762 ; free physical = 693 ; free virtual = 18878

Phase 2 Router Initialization

Phase 2.1 Create Timer
Phase 2.1 Create Timer | Checksum: 14db0ea64

Time (s): cpu = 00:00:51 ; elapsed = 00:00:55 . Memory (MB): peak = 2365.465 ; gain = 82.762 ; free physical = 612 ; free virtual = 18813

Phase 2.2 Pre Route Cleanup
Phase 2.2 Pre Route Cleanup | Checksum: 14db0ea64

Time (s): cpu = 00:00:52 ; elapsed = 00:00:55 . Memory (MB): peak = 2381.453 ; gain = 98.750 ; free physical = 556 ; free virtual = 18760

Phase 2.3 Update Timing
Phase 2.3 Update Timing | Checksum: 18a82bd7a

Time (s): cpu = 00:01:03 ; elapsed = 00:01:03 . Memory (MB): peak = 2466.969 ; gain = 184.266 ; free physical = 241 ; free virtual = 17933
INFO: [Route 35-57] Estimated Timing Summary | WNS=-2.661 | TNS=-8.198 | WHS=-0.383 | THS=-475.468|

Phase 2 Router Initialization | Checksum: 18bf1667e

Time (s): cpu = 00:01:07 ; elapsed = 00:01:05 . Memory (MB): peak = 2466.969 ; gain = 184.266 ; free physical = 235 ; free virtual = 17617

Phase 3 Initial Routing
Phase 3 Initial Routing | Checksum: 8448c88f

Time (s): cpu = 00:01:18 ; elapsed = 00:01:10 . Memory (MB): peak = 2466.969 ; gain = 184.266 ; free physical = 243 ; free virtual = 17430

Phase 4 Rip-up And Reroute

Phase 4.1 Global Iteration 0
 Number of Nodes with overlaps = 1310
 Number of Nodes with overlaps = 92
 Number of Nodes with overlaps = 11
 Number of Nodes with overlaps = 2
 Number of Nodes with overlaps = 2
 Number of Nodes with overlaps = 2
 Number of Nodes with overlaps = 0

Phase 4.1.1 Update Timing
Phase 4.1.1 Update Timing | Checksum: 10bf71e5b

Time (s): cpu = 00:27:38 ; elapsed = 00:12:12 . Memory (MB): peak = 2466.969 ; gain = 184.266 ; free physical = 3283 ; free virtual = 22732
INFO: [Route 35-57] Estimated Timing Summary | WNS=-2.638 | TNS=-7.079 | WHS=N/A    | THS=N/A    |


Phase 4.1.2 GlobIterForTiming

Phase 4.1.2.1 Update Timing
Phase 4.1.2.1 Update Timing | Checksum: 1d10bec0b

Time (s): cpu = 00:27:40 ; elapsed = 00:12:13 . Memory (MB): peak = 2466.969 ; gain = 184.266 ; free physical = 3237 ; free virtual = 22687

Phase 4.1.2.2 Fast Budgeting
Phase 4.1.2.2 Fast Budgeting | Checksum: 22e4bccf2

Time (s): cpu = 00:27:40 ; elapsed = 00:12:14 . Memory (MB): peak = 2466.969 ; gain = 184.266 ; free physical = 3238 ; free virtual = 22688
Phase 4.1.2 GlobIterForTiming | Checksum: 1863a5fb1

Time (s): cpu = 00:27:41 ; elapsed = 00:12:15 . Memory (MB): peak = 2466.969 ; gain = 184.266 ; free physical = 3227 ; free virtual = 22679
Phase 4.1 Global Iteration 0 | Checksum: 1863a5fb1

Time (s): cpu = 00:27:41 ; elapsed = 00:12:15 . Memory (MB): peak = 2466.969 ; gain = 184.266 ; free physical = 3225 ; free virtual = 22677

Phase 4.2 Global Iteration 1
 Number of Nodes with overlaps = 39
 Number of Nodes with overlaps = 14
 Number of Nodes with overlaps = 2
 Number of Nodes with overlaps = 2
 Number of Nodes with overlaps = 0

Phase 4.2.1 Update Timing
Phase 4.2.1 Update Timing | Checksum: 1ff47a9a0

Time (s): cpu = 00:38:06 ; elapsed = 00:16:37 . Memory (MB): peak = 2466.969 ; gain = 184.266 ; free physical = 2952 ; free virtual = 23927
INFO: [Route 35-57] Estimated Timing Summary | WNS=-2.300 | TNS=-6.325 | WHS=N/A    | THS=N/A    |


Phase 4.2.2 GlobIterForTiming

Phase 4.2.2.1 Update Timing
Phase 4.2.2.1 Update Timing | Checksum: 20b665dff

Time (s): cpu = 00:38:07 ; elapsed = 00:16:39 . Memory (MB): peak = 2466.969 ; gain = 184.266 ; free physical = 2904 ; free virtual = 23879

Phase 4.2.2.2 Fast Budgeting
Phase 4.2.2.2 Fast Budgeting | Checksum: 235926818

Time (s): cpu = 00:38:08 ; elapsed = 00:16:40 . Memory (MB): peak = 2466.969 ; gain = 184.266 ; free physical = 2898 ; free virtual = 23873
Phase 4.2.2 GlobIterForTiming | Checksum: e92cdac9

Time (s): cpu = 00:38:09 ; elapsed = 00:16:40 . Memory (MB): peak = 2466.969 ; gain = 184.266 ; free physical = 2891 ; free virtual = 23866
Phase 4.2 Global Iteration 1 | Checksum: e92cdac9

Time (s): cpu = 00:38:09 ; elapsed = 00:16:41 . Memory (MB): peak = 2466.969 ; gain = 184.266 ; free physical = 2889 ; free virtual = 23864

Phase 4.3 Global Iteration 2
 Number of Nodes with overlaps = 28
 Number of Nodes with overlaps = 12
 Number of Nodes with overlaps = 1
 Number of Nodes with overlaps = 0

Phase 4.3.1 Update Timing
Phase 4.3.1 Update Timing | Checksum: 2123c88c0

Time (s): cpu = 00:45:37 ; elapsed = 00:19:21 . Memory (MB): peak = 2466.969 ; gain = 184.266 ; free physical = 2390 ; free virtual = 23555
INFO: [Route 35-57] Estimated Timing Summary | WNS=-2.418 | TNS=-6.601 | WHS=N/A    | THS=N/A    |

Phase 4.3 Global Iteration 2 | Checksum: fa5871d3

Time (s): cpu = 00:45:37 ; elapsed = 00:19:21 . Memory (MB): peak = 2466.969 ; gain = 184.266 ; free physical = 2377 ; free virtual = 23544
Phase 4 Rip-up And Reroute | Checksum: fa5871d3

Time (s): cpu = 00:45:37 ; elapsed = 00:19:21 . Memory (MB): peak = 2466.969 ; gain = 184.266 ; free physical = 2359 ; free virtual = 23530

Phase 5 Delay and Skew Optimization

Phase 5.1 Delay CleanUp

Phase 5.1.1 Update Timing
Phase 5.1.1 Update Timing | Checksum: 14fda44ef

Time (s): cpu = 00:45:38 ; elapsed = 00:19:21 . Memory (MB): peak = 2466.969 ; gain = 184.266 ; free physical = 2220 ; free virtual = 23412
INFO: [Route 35-57] Estimated Timing Summary | WNS=-2.227 | TNS=-5.997 | WHS=N/A    | THS=N/A    |

 Number of Nodes with overlaps = 0
Phase 5.1 Delay CleanUp | Checksum: 1b14adf62

Time (s): cpu = 00:45:41 ; elapsed = 00:19:24 . Memory (MB): peak = 2466.969 ; gain = 184.266 ; free physical = 1743 ; free virtual = 22937

Phase 5.2 Clock Skew Optimization
Phase 5.2 Clock Skew Optimization | Checksum: 1b14adf62

Time (s): cpu = 00:45:41 ; elapsed = 00:19:24 . Memory (MB): peak = 2466.969 ; gain = 184.266 ; free physical = 1712 ; free virtual = 22906
Phase 5 Delay and Skew Optimization | Checksum: 1b14adf62

Time (s): cpu = 00:45:41 ; elapsed = 00:19:24 . Memory (MB): peak = 2466.969 ; gain = 184.266 ; free physical = 1687 ; free virtual = 22882

Phase 6 Post Hold Fix

Phase 6.1 Update Timing
Phase 6.1 Update Timing | Checksum: 1bcff5f4d

Time (s): cpu = 00:45:43 ; elapsed = 00:19:25 . Memory (MB): peak = 2466.969 ; gain = 184.266 ; free physical = 1506 ; free virtual = 22701
INFO: [Route 35-57] Estimated Timing Summary | WNS=-2.165 | TNS=-5.749 | WHS=0.026  | THS=0.000  |

Phase 6 Post Hold Fix | Checksum: 203f058b8

Time (s): cpu = 00:45:43 ; elapsed = 00:19:25 . Memory (MB): peak = 2466.969 ; gain = 184.266 ; free physical = 1505 ; free virtual = 22700

Phase 7 Route finalize

Router Utilization Summary
  Global Vertical Routing Utilization    = 1.43235 %
  Global Horizontal Routing Utilization  = 1.86613 %
  Routable Net Status*
  *Does not include unroutable nets such as driverless and loadless.
  Run report_route_status for detailed report.
  Number of Failed Nets               = 0
  Number of Unrouted Nets             = 0
  Number of Partially Routed Nets     = 0
  Number of Node Overlaps             = 0

Congestion Report
North Dir 1x1 Area, Max Cong = 49.5495%, No Congested Regions.
South Dir 1x1 Area, Max Cong = 72.0721%, No Congested Regions.
East Dir 1x1 Area, Max Cong = 64.7059%, No Congested Regions.
West Dir 1x1 Area, Max Cong = 64.7059%, No Congested Regions.
Phase 7 Route finalize | Checksum: 16e8a5ce4

Time (s): cpu = 00:45:43 ; elapsed = 00:19:25 . Memory (MB): peak = 2466.969 ; gain = 184.266 ; free physical = 1452 ; free virtual = 22648

Phase 8 Verifying routed nets

 Verification completed successfully
Phase 8 Verifying routed nets | Checksum: 16e8a5ce4

Time (s): cpu = 00:45:44 ; elapsed = 00:19:26 . Memory (MB): peak = 2466.969 ; gain = 184.266 ; free physical = 1436 ; free virtual = 22632

Phase 9 Depositing Routes
Phase 9 Depositing Routes | Checksum: eec590b6

Time (s): cpu = 00:45:44 ; elapsed = 00:19:27 . Memory (MB): peak = 2466.969 ; gain = 184.266 ; free physical = 1022 ; free virtual = 22221

Phase 10 Post Router Timing
INFO: [Route 35-57] Estimated Timing Summary | WNS=-2.165 | TNS=-5.749 | WHS=0.026  | THS=0.000  |

WARNING: [Route 35-328] Router estimated timing not met.
Resolution: For a complete and accurate timing signoff, report_timing_summary must be run after route_design. Alternatively, route_design can be run with the -timing_summary option to enable a complete timing signoff at the end of route_design.
Phase 10 Post Router Timing | Checksum: eec590b6

Time (s): cpu = 00:45:44 ; elapsed = 00:19:27 . Memory (MB): peak = 2466.969 ; gain = 184.266 ; free physical = 1013 ; free virtual = 22213
INFO: [Route 35-16] Router Completed Successfully

Time (s): cpu = 00:45:44 ; elapsed = 00:19:27 . Memory (MB): peak = 2466.969 ; gain = 184.266 ; free physical = 1008 ; free virtual = 22210

Routing Is Done.
INFO: [Common 17-83] Releasing license: Implementation
83 Infos, 303 Warnings, 0 Critical Warnings and 0 Errors encountered.
route_design completed successfully
route_design: Time (s): cpu = 00:45:47 ; elapsed = 00:19:30 . Memory (MB): peak = 2466.969 ; gain = 184.266 ; free physical = 995 ; free virtual = 22205
Writing placer database...
Writing XDEF routing.
Writing XDEF routing logical nets.
Writing XDEF routing special nets.
Write XDEF Complete: Time (s): cpu = 00:00:03 ; elapsed = 00:00:02 . Memory (MB): peak = 2482.969 ; gain = 0.000 ; free physical = 740 ; free virtual = 21990
INFO: [DRC 23-27] Running DRC with 8 threads
INFO: [Coretcl 2-168] The results of DRC are in file /home/cmstestbeam/ots/otsdaq-firmware/cactus/projects/nim_plus/top/top.runs/impl_1/top_drc_routed.rpt.
report_drc: Time (s): cpu = 00:00:05 ; elapsed = 00:00:05 . Memory (MB): peak = 2482.973 ; gain = 0.000 ; free physical = 604 ; free virtual = 21825
INFO: [Timing 38-91] UpdateTimingParams: Speed grade: -2, Delay Type: min_max.
INFO: [Timing 38-191] Multithreading enabled for timing update using a maximum of 8 CPUs
CRITICAL WARNING: [Timing 38-282] The design failed to meet the timing requirements. Please see the timing summary report for details on the timing violations.
report_timing_summary: Time (s): cpu = 00:00:07 ; elapsed = 00:00:05 . Memory (MB): peak = 2482.973 ; gain = 0.000 ; free physical = 577 ; free virtual = 21825
Running Vector-less Activity Propagation...

Finished Running Vector-less Activity Propagation
WARNING: [Power 33-218] MMCM/PLL RST static_probability should be either 0 or 1, power analysis is using 0 by default.
Use 'set_switching_activity -static_probability 1 -signal_rate 0 [get_nets reset2_out]'  to set the static_probability to '1'  if desired.
WARNING: [Power 33-218] MMCM/PLL RST static_probability should be either 0 or 1, power analysis is using 0 by default.
Use 'set_switching_activity -static_probability 1 -signal_rate 0 [get_nets reset0_out]'  to set the static_probability to '1'  if desired.
WARNING: [Power 33-218] MMCM/PLL RST static_probability should be either 0 or 1, power analysis is using 0 by default.
Use 'set_switching_activity -static_probability 1 -signal_rate 0 [get_nets reset]'  to set the static_probability to '1'  if desired.
report_power: Time (s): cpu = 00:00:07 ; elapsed = 00:00:07 . Memory (MB): peak = 2506.992 ; gain = 24.020 ; free physical = 1823 ; free virtual = 23093
Attempting to get a license for feature 'Implementation' and/or device 'xc7a200t'
INFO: [Common 17-349] Got license for feature 'Implementation' and/or device 'xc7a200t'
Running DRC as a precondition to command write_bitstream
INFO: [DRC 23-27] Running DRC with 8 threads
WARNING: [DRC 23-20] Rule violation (PDRC-157) Slice clock routing - For SLICE_X83Y146: more than 2 non-clock pins of the SLICE are driven by different global clocks. This condition should be corrected as it easily becomes congested and will fail to route.
WARNING: [DRC 23-20] Rule violation (RTRES-2) BounceAcross resources - 3 GLOBAL_CLOCK net(s) have at least one node with COST_CODE_NAME equal to BOUNCEACROSS (COST_CODE 12). This situation occurs when a global clock net must enter a clock region where all global clock routing resources are occupied. Check the report from report_clock_utilization to determine which clock regions are traversed by the problem net and use floorplanning or other physical constraints to ensure a maximum of 12 global clock nets occupy each clock region. The problem net(s) are clk_wiz_0_BLOCK/U0/clkout40, clk_wiz_1_BLOCK/U0/clk_out40e, bmx_40.
WARNING: [DRC 23-20] Rule violation (RTSTAT-10) No routable loads - 2 net(s) have no routable loads. The problem bus(es) and/or net(s) are u_ila_0_0/inst/clk2x, eth_interface/data_manager_blk/GEC_TX_SEQ_CTL/data_fifo_empty.
INFO: [Vivado 12-3199] DRC finished with 0 Errors, 3 Warnings
INFO: [Vivado 12-3200] Please refer to the DRC report (report_drc) for more information.
Loading data files...
Loading site data...
Loading route data...
Processing options...
Creating bitmap...
Creating bitstream...
Bitstream compression saved 58169568 bits.
Writing bitstream ./top.bit...
INFO: [Vivado 12-1842] Bitgen Completed Successfully.
INFO: [Project 1-118] WebTalk data collection is enabled (User setting is ON. Install Setting is ON.).
INFO: [Common 17-186] '/home/cmstestbeam/ots/otsdaq-firmware/cactus/projects/nim_plus/top/top.runs/impl_1/usage_statistics_webtalk.xml' has been successfully sent to Xilinx on Fri Mar  9 11:50:39 2018. For additional details about this file, please refer to the WebTalk help file at /opt/local/xilinx/Vivado/2015.2/doc/webtalk_introduction.html.
INFO: [Common 17-83] Releasing license: Implementation
write_bitstream: Time (s): cpu = 00:00:46 ; elapsed = 00:01:30 . Memory (MB): peak = 2709.785 ; gain = 202.793 ; free physical = 622 ; free virtual = 21028
INFO: [Vivado_Tcl 4-395] Unable to parse hwdef file top.hwdef
INFO: [Common 17-206] Exiting Vivado at Fri Mar  9 11:50:39 2018...
