
*** Running vivado
    with args -log top.vdi -applog -m64 -messageDb vivado.pb -mode batch -source top.tcl -notrace


****** Vivado v2015.2 (64-bit)
  **** SW Build 1266856 on Fri Jun 26 16:35:25 MDT 2015
  **** IP Build 1264090 on Wed Jun 24 14:22:01 MDT 2015
    ** Copyright 1986-2015 Xilinx, Inc. All Rights Reserved.

source top.tcl -notrace
Design is defaulting to srcset: sources_1
Design is defaulting to constrset: constrs_1
INFO: [Project 1-454] Reading design checkpoint '/home/rrivera/ots/srcs/otsdaq-firmware/cactus/projects/nim_plus_x/top/top.runs/NIM_CLKS_synth_1/NIM_CLKS.dcp' for cell 'NIM_CLKS_BLOCK'
INFO: [Project 1-454] Reading design checkpoint '/home/rrivera/ots/srcs/otsdaq-firmware/cactus/projects/nim_plus_x/top/top.runs/clk_wiz_0_synth_1/clk_wiz_0.dcp' for cell 'clk_wiz_0_BLOCK'
INFO: [Project 1-454] Reading design checkpoint '/home/rrivera/ots/srcs/otsdaq-firmware/cactus/projects/nim_plus_x/top/top.runs/clk_wiz_1_synth_1/clk_wiz_1.dcp' for cell 'genExtClkMux[0].clk_wiz_1_BLOCK'
INFO: [Project 1-454] Reading design checkpoint '/home/rrivera/ots/srcs/otsdaq-firmware/cactus/projects/nim_plus_x/top/top.runs/clk_wiz_2_synth_1/clk_wiz_2.dcp' for cell 'clk_wiz_2_BLOCK'
INFO: [Project 1-454] Reading design checkpoint '/home/rrivera/ots/srcs/otsdaq-firmware/cactus/projects/nim_plus_x/top/top.runs/xilinx_64b_counter_synth_1/xilinx_64b_counter.dcp' for cell 'NIM_BLOCK/U115/U7'
INFO: [Project 1-454] Reading design checkpoint '/home/rrivera/ots/srcs/otsdaq-firmware/cactus/projects/nim_plus_x/top/top.runs/xilinx_64b_counter_synth_1/xilinx_64b_counter.dcp' for cell 'NIM_BLOCK/U117/U7'
INFO: [Project 1-454] Reading design checkpoint '/home/rrivera/ots/srcs/otsdaq-firmware/cactus/projects/nim_plus_x/top/top.runs/xilinx_64b_counter_synth_1/xilinx_64b_counter.dcp' for cell 'NIM_BLOCK/U266/U7'
INFO: [Netlist 29-17] Analyzing 517 Unisim elements for replacement
INFO: [Netlist 29-28] Unisim Transformation completed in 0 CPU seconds
INFO: [Project 1-479] Netlist was created with Vivado 2015.2
INFO: [Device 21-403] Loading part xc7k325tffg900-2
INFO: [Project 1-570] Preparing netlist for logic optimization
WARNING: [Opt 31-32] Removing redundant IBUF since it is not being driven by a top-level port. clk_wiz_2_BLOCK/U0/clkin1_ibufg 
Resolution: The tool has removed redundant IBUF. To resolve this warning, check for redundant IBUF in the input design.
WARNING: [Constraints 18-550] Could not create 'IBUF_LOW_PWR' constraint because net 'clk_wiz_2_BLOCK/clk_39_in' is not directly connected to top level port. 'IBUF_LOW_PWR' is ignored by Vivado but preserved for implementation tool. [/home/rrivera/ots/srcs/otsdaq-firmware/cactus/projects/nim_plus_x/top/top.runs/impl_1/.Xil/Vivado-21708-rulinux03.dhcp.fnal.gov/dcp_5/clk_wiz_2.edf:343]
Parsing XDC File [/home/rrivera/ots/srcs/otsdaq-firmware/cactus/projects/nim_plus_x/top/top.srcs/sources_1/ip/NIM_CLKS/NIM_CLKS_board.xdc] for cell 'NIM_CLKS_BLOCK/U0'
Finished Parsing XDC File [/home/rrivera/ots/srcs/otsdaq-firmware/cactus/projects/nim_plus_x/top/top.srcs/sources_1/ip/NIM_CLKS/NIM_CLKS_board.xdc] for cell 'NIM_CLKS_BLOCK/U0'
Parsing XDC File [/home/rrivera/ots/srcs/otsdaq-firmware/cactus/projects/nim_plus_x/top/top.srcs/sources_1/ip/NIM_CLKS/NIM_CLKS.xdc] for cell 'NIM_CLKS_BLOCK/U0'
Finished Parsing XDC File [/home/rrivera/ots/srcs/otsdaq-firmware/cactus/projects/nim_plus_x/top/top.srcs/sources_1/ip/NIM_CLKS/NIM_CLKS.xdc] for cell 'NIM_CLKS_BLOCK/U0'
Parsing XDC File [/home/rrivera/ots/srcs/otsdaq-firmware/cactus/projects/nim_plus_x/top/top.srcs/sources_1/ip/clk_wiz_0/clk_wiz_0_board.xdc] for cell 'clk_wiz_0_BLOCK/U0'
Finished Parsing XDC File [/home/rrivera/ots/srcs/otsdaq-firmware/cactus/projects/nim_plus_x/top/top.srcs/sources_1/ip/clk_wiz_0/clk_wiz_0_board.xdc] for cell 'clk_wiz_0_BLOCK/U0'
Parsing XDC File [/home/rrivera/ots/srcs/otsdaq-firmware/cactus/projects/nim_plus_x/top/top.srcs/sources_1/ip/clk_wiz_0/clk_wiz_0.xdc] for cell 'clk_wiz_0_BLOCK/U0'
Finished Parsing XDC File [/home/rrivera/ots/srcs/otsdaq-firmware/cactus/projects/nim_plus_x/top/top.srcs/sources_1/ip/clk_wiz_0/clk_wiz_0.xdc] for cell 'clk_wiz_0_BLOCK/U0'
Parsing XDC File [/home/rrivera/ots/srcs/otsdaq-firmware/cactus/projects/nim_plus_x/top/top.srcs/sources_1/ip/clk_wiz_1/clk_wiz_1_board.xdc] for cell 'genExtClkMux[0].clk_wiz_1_BLOCK/U0'
Finished Parsing XDC File [/home/rrivera/ots/srcs/otsdaq-firmware/cactus/projects/nim_plus_x/top/top.srcs/sources_1/ip/clk_wiz_1/clk_wiz_1_board.xdc] for cell 'genExtClkMux[0].clk_wiz_1_BLOCK/U0'
Parsing XDC File [/home/rrivera/ots/srcs/otsdaq-firmware/cactus/projects/nim_plus_x/top/top.srcs/sources_1/ip/clk_wiz_1/clk_wiz_1.xdc] for cell 'genExtClkMux[0].clk_wiz_1_BLOCK/U0'
Finished Parsing XDC File [/home/rrivera/ots/srcs/otsdaq-firmware/cactus/projects/nim_plus_x/top/top.srcs/sources_1/ip/clk_wiz_1/clk_wiz_1.xdc] for cell 'genExtClkMux[0].clk_wiz_1_BLOCK/U0'
Parsing XDC File [/home/rrivera/ots/srcs/otsdaq-firmware/cactus/projects/nim_plus_x/top/top.srcs/sources_1/ip/clk_wiz_2/clk_wiz_2_board.xdc] for cell 'clk_wiz_2_BLOCK/U0'
Finished Parsing XDC File [/home/rrivera/ots/srcs/otsdaq-firmware/cactus/projects/nim_plus_x/top/top.srcs/sources_1/ip/clk_wiz_2/clk_wiz_2_board.xdc] for cell 'clk_wiz_2_BLOCK/U0'
Parsing XDC File [/home/rrivera/ots/srcs/otsdaq-firmware/cactus/projects/nim_plus_x/top/top.srcs/sources_1/ip/clk_wiz_2/clk_wiz_2.xdc] for cell 'clk_wiz_2_BLOCK/U0'
INFO: [Timing 38-35] Done setting XDC timing constraints. [/home/rrivera/ots/srcs/otsdaq-firmware/cactus/projects/nim_plus_x/top/top.srcs/sources_1/ip/clk_wiz_2/clk_wiz_2.xdc:56]
INFO: [Timing 38-2] Deriving generated clocks [/home/rrivera/ots/srcs/otsdaq-firmware/cactus/projects/nim_plus_x/top/top.srcs/sources_1/ip/clk_wiz_2/clk_wiz_2.xdc:56]
get_clocks: Time (s): cpu = 00:00:11 ; elapsed = 00:00:11 . Memory (MB): peak = 1907.527 ; gain = 555.672 ; free physical = 5008 ; free virtual = 41055
WARNING: [Vivado 12-2489] -input_jitter contains time 0.251570 which will be rounded to 0.252 to ensure it is an integer multiple of 1 picosecond [/home/rrivera/ots/srcs/otsdaq-firmware/cactus/projects/nim_plus_x/top/top.srcs/sources_1/ip/clk_wiz_2/clk_wiz_2.xdc:56]
Finished Parsing XDC File [/home/rrivera/ots/srcs/otsdaq-firmware/cactus/projects/nim_plus_x/top/top.srcs/sources_1/ip/clk_wiz_2/clk_wiz_2.xdc] for cell 'clk_wiz_2_BLOCK/U0'
Sourcing Tcl File [/home/rrivera/ots/srcs/otsdaq-firmware/cactus/projects/nim_plus_x/top/top.srcs/constrs_1/imports/ucf/pins.tcl]
Finished Sourcing Tcl File [/home/rrivera/ots/srcs/otsdaq-firmware/cactus/projects/nim_plus_x/top/top.srcs/constrs_1/imports/ucf/pins.tcl]
Sourcing Tcl File [/home/rrivera/ots/srcs/otsdaq-firmware/cactus/projects/nim_plus_x/top/top.srcs/constrs_1/imports/ucf/clock_constraints.tcl]
WARNING: [Constraints 18-401] set_max_delay: 'NIM_BLOCK/U351/U1/cnt_out_r_reg[13]_i_2_CARRY4_GND' is not a valid endpoint. [/home/rrivera/ots/srcs/otsdaq-firmware/cactus/projects/nim_plus_x/top/top.srcs/constrs_1/imports/ucf/clock_constraints.tcl:16]
Resolution: A valid end point is a data pin of a sequential cell or a primary output or inout port. Please validate that all the objects returned by your query belong to this list.
WARNING: [Constraints 18-401] set_max_delay: 'NIM_BLOCK/U351/U1/cnt_out_r_reg[13]_i_2_CARRY4' is not a valid endpoint. [/home/rrivera/ots/srcs/otsdaq-firmware/cactus/projects/nim_plus_x/top/top.srcs/constrs_1/imports/ucf/clock_constraints.tcl:16]
Resolution: A valid end point is a data pin of a sequential cell or a primary output or inout port. Please validate that all the objects returned by your query belong to this list.
WARNING: [Constraints 18-401] set_max_delay: 'NIM_BLOCK/U351/U1/cnt_out_r[0]_i_8' is not a valid endpoint. [/home/rrivera/ots/srcs/otsdaq-firmware/cactus/projects/nim_plus_x/top/top.srcs/constrs_1/imports/ucf/clock_constraints.tcl:16]
Resolution: A valid end point is a data pin of a sequential cell or a primary output or inout port. Please validate that all the objects returned by your query belong to this list.
WARNING: [Constraints 18-401] set_max_delay: 'NIM_BLOCK/U351/U1/cnt_out_r[0]_i_7' is not a valid endpoint. [/home/rrivera/ots/srcs/otsdaq-firmware/cactus/projects/nim_plus_x/top/top.srcs/constrs_1/imports/ucf/clock_constraints.tcl:16]
Resolution: A valid end point is a data pin of a sequential cell or a primary output or inout port. Please validate that all the objects returned by your query belong to this list.
WARNING: [Constraints 18-401] set_max_delay: 'NIM_BLOCK/U351/U1/cnt_out_r[0]_i_9' is not a valid endpoint. [/home/rrivera/ots/srcs/otsdaq-firmware/cactus/projects/nim_plus_x/top/top.srcs/constrs_1/imports/ucf/clock_constraints.tcl:16]
Resolution: A valid end point is a data pin of a sequential cell or a primary output or inout port. Please validate that all the objects returned by your query belong to this list.
WARNING: [Constraints 18-401] set_max_delay: 'NIM_BLOCK/U351/U1/cnt_out_r[0]_i_6' is not a valid endpoint. [/home/rrivera/ots/srcs/otsdaq-firmware/cactus/projects/nim_plus_x/top/top.srcs/constrs_1/imports/ucf/clock_constraints.tcl:16]
Resolution: A valid end point is a data pin of a sequential cell or a primary output or inout port. Please validate that all the objects returned by your query belong to this list.
WARNING: [Constraints 18-401] set_max_delay: 'NIM_BLOCK/U351/U1/cnt_out_r[0]_i_5' is not a valid endpoint. [/home/rrivera/ots/srcs/otsdaq-firmware/cactus/projects/nim_plus_x/top/top.srcs/constrs_1/imports/ucf/clock_constraints.tcl:16]
Resolution: A valid end point is a data pin of a sequential cell or a primary output or inout port. Please validate that all the objects returned by your query belong to this list.
WARNING: [Constraints 18-401] set_max_delay: 'NIM_BLOCK/U351/U1/cnt_out_r[0]_i_4' is not a valid endpoint. [/home/rrivera/ots/srcs/otsdaq-firmware/cactus/projects/nim_plus_x/top/top.srcs/constrs_1/imports/ucf/clock_constraints.tcl:16]
Resolution: A valid end point is a data pin of a sequential cell or a primary output or inout port. Please validate that all the objects returned by your query belong to this list.
WARNING: [Constraints 18-401] set_max_delay: 'NIM_BLOCK/U351/U1/cnt_out_r[0]_i_2' is not a valid endpoint. [/home/rrivera/ots/srcs/otsdaq-firmware/cactus/projects/nim_plus_x/top/top.srcs/constrs_1/imports/ucf/clock_constraints.tcl:16]
Resolution: A valid end point is a data pin of a sequential cell or a primary output or inout port. Please validate that all the objects returned by your query belong to this list.
WARNING: [Constraints 18-401] set_max_delay: 'NIM_BLOCK/U351/U1/cnt_out_r[0]_i_10' is not a valid endpoint. [/home/rrivera/ots/srcs/otsdaq-firmware/cactus/projects/nim_plus_x/top/top.srcs/constrs_1/imports/ucf/clock_constraints.tcl:16]
Resolution: A valid end point is a data pin of a sequential cell or a primary output or inout port. Please validate that all the objects returned by your query belong to this list.
WARNING: [Constraints 18-401] set_max_delay: 'NIM_BLOCK/U351/U1/cnt_out_r[0]_i_1' is not a valid endpoint. [/home/rrivera/ots/srcs/otsdaq-firmware/cactus/projects/nim_plus_x/top/top.srcs/constrs_1/imports/ucf/clock_constraints.tcl:16]
Resolution: A valid end point is a data pin of a sequential cell or a primary output or inout port. Please validate that all the objects returned by your query belong to this list.
WARNING: [Constraints 18-401] set_max_delay: 'NIM_BLOCK/U351/U1/VCC' is not a valid endpoint. [/home/rrivera/ots/srcs/otsdaq-firmware/cactus/projects/nim_plus_x/top/top.srcs/constrs_1/imports/ucf/clock_constraints.tcl:16]
Resolution: A valid end point is a data pin of a sequential cell or a primary output or inout port. Please validate that all the objects returned by your query belong to this list.
WARNING: [Constraints 18-401] set_max_delay: 'NIM_BLOCK/U351/U1/GND' is not a valid endpoint. [/home/rrivera/ots/srcs/otsdaq-firmware/cactus/projects/nim_plus_x/top/top.srcs/constrs_1/imports/ucf/clock_constraints.tcl:16]
Resolution: A valid end point is a data pin of a sequential cell or a primary output or inout port. Please validate that all the objects returned by your query belong to this list.
WARNING: [Constraints 18-401] set_max_delay: 'NIM_BLOCK/U351/U1/int_cnt_out[27]_i_1' is not a valid endpoint. [/home/rrivera/ots/srcs/otsdaq-firmware/cactus/projects/nim_plus_x/top/top.srcs/constrs_1/imports/ucf/clock_constraints.tcl:16]
Resolution: A valid end point is a data pin of a sequential cell or a primary output or inout port. Please validate that all the objects returned by your query belong to this list.
WARNING: [Constraints 18-401] set_max_delay: 'NIM_BLOCK/U351/U1/cnt_out_r_reg[9]_i_2_CARRY4_GND' is not a valid endpoint. [/home/rrivera/ots/srcs/otsdaq-firmware/cactus/projects/nim_plus_x/top/top.srcs/constrs_1/imports/ucf/clock_constraints.tcl:16]
Resolution: A valid end point is a data pin of a sequential cell or a primary output or inout port. Please validate that all the objects returned by your query belong to this list.
WARNING: [Constraints 18-401] set_max_delay: 'NIM_BLOCK/U351/U1/cnt_out_r_reg[9]_i_2_CARRY4' is not a valid endpoint. [/home/rrivera/ots/srcs/otsdaq-firmware/cactus/projects/nim_plus_x/top/top.srcs/constrs_1/imports/ucf/clock_constraints.tcl:16]
Resolution: A valid end point is a data pin of a sequential cell or a primary output or inout port. Please validate that all the objects returned by your query belong to this list.
WARNING: [Constraints 18-401] set_max_delay: 'NIM_BLOCK/U351/U1/cnt_out_r_reg[5]_i_2_CARRY4_GND' is not a valid endpoint. [/home/rrivera/ots/srcs/otsdaq-firmware/cactus/projects/nim_plus_x/top/top.srcs/constrs_1/imports/ucf/clock_constraints.tcl:16]
Resolution: A valid end point is a data pin of a sequential cell or a primary output or inout port. Please validate that all the objects returned by your query belong to this list.
WARNING: [Constraints 18-401] set_max_delay: 'NIM_BLOCK/U351/U1/cnt_out_r_reg[5]_i_2_CARRY4' is not a valid endpoint. [/home/rrivera/ots/srcs/otsdaq-firmware/cactus/projects/nim_plus_x/top/top.srcs/constrs_1/imports/ucf/clock_constraints.tcl:16]
Resolution: A valid end point is a data pin of a sequential cell or a primary output or inout port. Please validate that all the objects returned by your query belong to this list.
WARNING: [Constraints 18-401] set_max_delay: 'NIM_BLOCK/U351/U1/cnt_out_r_reg[29]_i_2_CARRY4_GND' is not a valid endpoint. [/home/rrivera/ots/srcs/otsdaq-firmware/cactus/projects/nim_plus_x/top/top.srcs/constrs_1/imports/ucf/clock_constraints.tcl:16]
Resolution: A valid end point is a data pin of a sequential cell or a primary output or inout port. Please validate that all the objects returned by your query belong to this list.
WARNING: [Constraints 18-401] set_max_delay: 'NIM_BLOCK/U351/U1/cnt_out_r_reg[29]_i_2_CARRY4' is not a valid endpoint. [/home/rrivera/ots/srcs/otsdaq-firmware/cactus/projects/nim_plus_x/top/top.srcs/constrs_1/imports/ucf/clock_constraints.tcl:16]
Resolution: A valid end point is a data pin of a sequential cell or a primary output or inout port. Please validate that all the objects returned by your query belong to this list.
WARNING: [Constraints 18-401] set_max_delay: 'NIM_BLOCK/U351/U1/cnt_out_r_reg[25]_i_2_CARRY4_GND' is not a valid endpoint. [/home/rrivera/ots/srcs/otsdaq-firmware/cactus/projects/nim_plus_x/top/top.srcs/constrs_1/imports/ucf/clock_constraints.tcl:16]
Resolution: A valid end point is a data pin of a sequential cell or a primary output or inout port. Please validate that all the objects returned by your query belong to this list.
WARNING: [Constraints 18-401] set_max_delay: 'NIM_BLOCK/U351/U1/cnt_out_r_reg[25]_i_2_CARRY4' is not a valid endpoint. [/home/rrivera/ots/srcs/otsdaq-firmware/cactus/projects/nim_plus_x/top/top.srcs/constrs_1/imports/ucf/clock_constraints.tcl:16]
Resolution: A valid end point is a data pin of a sequential cell or a primary output or inout port. Please validate that all the objects returned by your query belong to this list.
WARNING: [Constraints 18-401] set_max_delay: 'NIM_BLOCK/U351/U1/cnt_out_r_reg[21]_i_2_CARRY4_GND' is not a valid endpoint. [/home/rrivera/ots/srcs/otsdaq-firmware/cactus/projects/nim_plus_x/top/top.srcs/constrs_1/imports/ucf/clock_constraints.tcl:16]
Resolution: A valid end point is a data pin of a sequential cell or a primary output or inout port. Please validate that all the objects returned by your query belong to this list.
WARNING: [Constraints 18-401] set_max_delay: 'NIM_BLOCK/U351/U1/cnt_out_r_reg[21]_i_2_CARRY4' is not a valid endpoint. [/home/rrivera/ots/srcs/otsdaq-firmware/cactus/projects/nim_plus_x/top/top.srcs/constrs_1/imports/ucf/clock_constraints.tcl:16]
Resolution: A valid end point is a data pin of a sequential cell or a primary output or inout port. Please validate that all the objects returned by your query belong to this list.
WARNING: [Constraints 18-401] set_max_delay: 'NIM_BLOCK/U351/U1/cnt_out_r_reg[1]_i_2_CARRY4_GND' is not a valid endpoint. [/home/rrivera/ots/srcs/otsdaq-firmware/cactus/projects/nim_plus_x/top/top.srcs/constrs_1/imports/ucf/clock_constraints.tcl:16]
Resolution: A valid end point is a data pin of a sequential cell or a primary output or inout port. Please validate that all the objects returned by your query belong to this list.
WARNING: [Constraints 18-401] set_max_delay: 'NIM_BLOCK/U351/U1/cnt_out_r_reg[1]_i_2_CARRY4' is not a valid endpoint. [/home/rrivera/ots/srcs/otsdaq-firmware/cactus/projects/nim_plus_x/top/top.srcs/constrs_1/imports/ucf/clock_constraints.tcl:16]
Resolution: A valid end point is a data pin of a sequential cell or a primary output or inout port. Please validate that all the objects returned by your query belong to this list.
WARNING: [Constraints 18-401] set_max_delay: 'NIM_BLOCK/U351/U1/cnt_out_r_reg[17]_i_2_CARRY4_GND' is not a valid endpoint. [/home/rrivera/ots/srcs/otsdaq-firmware/cactus/projects/nim_plus_x/top/top.srcs/constrs_1/imports/ucf/clock_constraints.tcl:16]
Resolution: A valid end point is a data pin of a sequential cell or a primary output or inout port. Please validate that all the objects returned by your query belong to this list.
WARNING: [Constraints 18-401] set_max_delay: 'NIM_BLOCK/U351/U1/cnt_out_r_reg[17]_i_2_CARRY4' is not a valid endpoint. [/home/rrivera/ots/srcs/otsdaq-firmware/cactus/projects/nim_plus_x/top/top.srcs/constrs_1/imports/ucf/clock_constraints.tcl:16]
Resolution: A valid end point is a data pin of a sequential cell or a primary output or inout port. Please validate that all the objects returned by your query belong to this list.
WARNING: [Constraints 18-401] set_max_delay: 'NIM_BLOCK/U351/GND' is not a valid endpoint. [/home/rrivera/ots/srcs/otsdaq-firmware/cactus/projects/nim_plus_x/top/top.srcs/constrs_1/imports/ucf/clock_constraints.tcl:16]
Resolution: A valid end point is a data pin of a sequential cell or a primary output or inout port. Please validate that all the objects returned by your query belong to this list.
WARNING: [Constraints 18-401] set_max_delay: 'NIM_BLOCK/U351/U2/VCC' is not a valid endpoint. [/home/rrivera/ots/srcs/otsdaq-firmware/cactus/projects/nim_plus_x/top/top.srcs/constrs_1/imports/ucf/clock_constraints.tcl:16]
Resolution: A valid end point is a data pin of a sequential cell or a primary output or inout port. Please validate that all the objects returned by your query belong to this list.
WARNING: [Constraints 18-401] set_max_delay: 'NIM_BLOCK/U351/U2/GND' is not a valid endpoint. [/home/rrivera/ots/srcs/otsdaq-firmware/cactus/projects/nim_plus_x/top/top.srcs/constrs_1/imports/ucf/clock_constraints.tcl:16]
Resolution: A valid end point is a data pin of a sequential cell or a primary output or inout port. Please validate that all the objects returned by your query belong to this list.
WARNING: [Constraints 18-401] set_max_delay: 'NIM_BLOCK/U353/U1/int_cnt_out[27]_i_1' is not a valid endpoint. [/home/rrivera/ots/srcs/otsdaq-firmware/cactus/projects/nim_plus_x/top/top.srcs/constrs_1/imports/ucf/clock_constraints.tcl:17]
Resolution: A valid end point is a data pin of a sequential cell or a primary output or inout port. Please validate that all the objects returned by your query belong to this list.
WARNING: [Constraints 18-401] set_max_delay: 'NIM_BLOCK/U353/U1/cnt_out_r_reg[9]_i_2_CARRY4_GND' is not a valid endpoint. [/home/rrivera/ots/srcs/otsdaq-firmware/cactus/projects/nim_plus_x/top/top.srcs/constrs_1/imports/ucf/clock_constraints.tcl:17]
Resolution: A valid end point is a data pin of a sequential cell or a primary output or inout port. Please validate that all the objects returned by your query belong to this list.
WARNING: [Constraints 18-401] set_max_delay: 'NIM_BLOCK/U353/U1/cnt_out_r_reg[9]_i_2_CARRY4' is not a valid endpoint. [/home/rrivera/ots/srcs/otsdaq-firmware/cactus/projects/nim_plus_x/top/top.srcs/constrs_1/imports/ucf/clock_constraints.tcl:17]
Resolution: A valid end point is a data pin of a sequential cell or a primary output or inout port. Please validate that all the objects returned by your query belong to this list.
WARNING: [Constraints 18-401] set_max_delay: 'NIM_BLOCK/U353/U1/cnt_out_r_reg[5]_i_2_CARRY4_GND' is not a valid endpoint. [/home/rrivera/ots/srcs/otsdaq-firmware/cactus/projects/nim_plus_x/top/top.srcs/constrs_1/imports/ucf/clock_constraints.tcl:17]
Resolution: A valid end point is a data pin of a sequential cell or a primary output or inout port. Please validate that all the objects returned by your query belong to this list.
WARNING: [Constraints 18-401] set_max_delay: 'NIM_BLOCK/U353/U1/cnt_out_r_reg[5]_i_2_CARRY4' is not a valid endpoint. [/home/rrivera/ots/srcs/otsdaq-firmware/cactus/projects/nim_plus_x/top/top.srcs/constrs_1/imports/ucf/clock_constraints.tcl:17]
Resolution: A valid end point is a data pin of a sequential cell or a primary output or inout port. Please validate that all the objects returned by your query belong to this list.
WARNING: [Constraints 18-401] set_max_delay: 'NIM_BLOCK/U353/U1/cnt_out_r_reg[29]_i_2_CARRY4_GND' is not a valid endpoint. [/home/rrivera/ots/srcs/otsdaq-firmware/cactus/projects/nim_plus_x/top/top.srcs/constrs_1/imports/ucf/clock_constraints.tcl:17]
Resolution: A valid end point is a data pin of a sequential cell or a primary output or inout port. Please validate that all the objects returned by your query belong to this list.
WARNING: [Constraints 18-401] set_max_delay: 'NIM_BLOCK/U353/U1/cnt_out_r_reg[29]_i_2_CARRY4' is not a valid endpoint. [/home/rrivera/ots/srcs/otsdaq-firmware/cactus/projects/nim_plus_x/top/top.srcs/constrs_1/imports/ucf/clock_constraints.tcl:17]
Resolution: A valid end point is a data pin of a sequential cell or a primary output or inout port. Please validate that all the objects returned by your query belong to this list.
WARNING: [Constraints 18-401] set_max_delay: 'NIM_BLOCK/U353/U1/cnt_out_r_reg[25]_i_2_CARRY4_GND' is not a valid endpoint. [/home/rrivera/ots/srcs/otsdaq-firmware/cactus/projects/nim_plus_x/top/top.srcs/constrs_1/imports/ucf/clock_constraints.tcl:17]
Resolution: A valid end point is a data pin of a sequential cell or a primary output or inout port. Please validate that all the objects returned by your query belong to this list.
WARNING: [Constraints 18-401] set_max_delay: 'NIM_BLOCK/U353/U1/cnt_out_r_reg[25]_i_2_CARRY4' is not a valid endpoint. [/home/rrivera/ots/srcs/otsdaq-firmware/cactus/projects/nim_plus_x/top/top.srcs/constrs_1/imports/ucf/clock_constraints.tcl:17]
Resolution: A valid end point is a data pin of a sequential cell or a primary output or inout port. Please validate that all the objects returned by your query belong to this list.
WARNING: [Constraints 18-401] set_max_delay: 'NIM_BLOCK/U353/U1/cnt_out_r_reg[21]_i_2_CARRY4_GND' is not a valid endpoint. [/home/rrivera/ots/srcs/otsdaq-firmware/cactus/projects/nim_plus_x/top/top.srcs/constrs_1/imports/ucf/clock_constraints.tcl:17]
Resolution: A valid end point is a data pin of a sequential cell or a primary output or inout port. Please validate that all the objects returned by your query belong to this list.
WARNING: [Constraints 18-401] set_max_delay: 'NIM_BLOCK/U353/U1/cnt_out_r_reg[21]_i_2_CARRY4' is not a valid endpoint. [/home/rrivera/ots/srcs/otsdaq-firmware/cactus/projects/nim_plus_x/top/top.srcs/constrs_1/imports/ucf/clock_constraints.tcl:17]
Resolution: A valid end point is a data pin of a sequential cell or a primary output or inout port. Please validate that all the objects returned by your query belong to this list.
WARNING: [Constraints 18-401] set_max_delay: 'NIM_BLOCK/U353/U1/cnt_out_r_reg[1]_i_2_CARRY4_GND' is not a valid endpoint. [/home/rrivera/ots/srcs/otsdaq-firmware/cactus/projects/nim_plus_x/top/top.srcs/constrs_1/imports/ucf/clock_constraints.tcl:17]
Resolution: A valid end point is a data pin of a sequential cell or a primary output or inout port. Please validate that all the objects returned by your query belong to this list.
WARNING: [Constraints 18-401] set_max_delay: 'NIM_BLOCK/U353/U1/cnt_out_r_reg[1]_i_2_CARRY4' is not a valid endpoint. [/home/rrivera/ots/srcs/otsdaq-firmware/cactus/projects/nim_plus_x/top/top.srcs/constrs_1/imports/ucf/clock_constraints.tcl:17]
Resolution: A valid end point is a data pin of a sequential cell or a primary output or inout port. Please validate that all the objects returned by your query belong to this list.
WARNING: [Constraints 18-401] set_max_delay: 'NIM_BLOCK/U353/U1/cnt_out_r_reg[17]_i_2_CARRY4_GND' is not a valid endpoint. [/home/rrivera/ots/srcs/otsdaq-firmware/cactus/projects/nim_plus_x/top/top.srcs/constrs_1/imports/ucf/clock_constraints.tcl:17]
Resolution: A valid end point is a data pin of a sequential cell or a primary output or inout port. Please validate that all the objects returned by your query belong to this list.
WARNING: [Constraints 18-401] set_max_delay: 'NIM_BLOCK/U353/U1/cnt_out_r_reg[17]_i_2_CARRY4' is not a valid endpoint. [/home/rrivera/ots/srcs/otsdaq-firmware/cactus/projects/nim_plus_x/top/top.srcs/constrs_1/imports/ucf/clock_constraints.tcl:17]
Resolution: A valid end point is a data pin of a sequential cell or a primary output or inout port. Please validate that all the objects returned by your query belong to this list.
WARNING: [Constraints 18-401] set_max_delay: 'NIM_BLOCK/U353/U1/cnt_out_r_reg[13]_i_2_CARRY4_GND' is not a valid endpoint. [/home/rrivera/ots/srcs/otsdaq-firmware/cactus/projects/nim_plus_x/top/top.srcs/constrs_1/imports/ucf/clock_constraints.tcl:17]
Resolution: A valid end point is a data pin of a sequential cell or a primary output or inout port. Please validate that all the objects returned by your query belong to this list.
WARNING: [Constraints 18-401] set_max_delay: 'NIM_BLOCK/U353/U1/cnt_out_r_reg[13]_i_2_CARRY4' is not a valid endpoint. [/home/rrivera/ots/srcs/otsdaq-firmware/cactus/projects/nim_plus_x/top/top.srcs/constrs_1/imports/ucf/clock_constraints.tcl:17]
Resolution: A valid end point is a data pin of a sequential cell or a primary output or inout port. Please validate that all the objects returned by your query belong to this list.
WARNING: [Constraints 18-401] set_max_delay: 'NIM_BLOCK/U353/U1/cnt_out_r[0]_i_8' is not a valid endpoint. [/home/rrivera/ots/srcs/otsdaq-firmware/cactus/projects/nim_plus_x/top/top.srcs/constrs_1/imports/ucf/clock_constraints.tcl:17]
Resolution: A valid end point is a data pin of a sequential cell or a primary output or inout port. Please validate that all the objects returned by your query belong to this list.
WARNING: [Constraints 18-401] set_max_delay: 'NIM_BLOCK/U353/U1/cnt_out_r[0]_i_7' is not a valid endpoint. [/home/rrivera/ots/srcs/otsdaq-firmware/cactus/projects/nim_plus_x/top/top.srcs/constrs_1/imports/ucf/clock_constraints.tcl:17]
Resolution: A valid end point is a data pin of a sequential cell or a primary output or inout port. Please validate that all the objects returned by your query belong to this list.
WARNING: [Constraints 18-401] set_max_delay: 'NIM_BLOCK/U353/U1/cnt_out_r[0]_i_9' is not a valid endpoint. [/home/rrivera/ots/srcs/otsdaq-firmware/cactus/projects/nim_plus_x/top/top.srcs/constrs_1/imports/ucf/clock_constraints.tcl:17]
Resolution: A valid end point is a data pin of a sequential cell or a primary output or inout port. Please validate that all the objects returned by your query belong to this list.
WARNING: [Constraints 18-401] set_max_delay: 'NIM_BLOCK/U353/U1/cnt_out_r[0]_i_6' is not a valid endpoint. [/home/rrivera/ots/srcs/otsdaq-firmware/cactus/projects/nim_plus_x/top/top.srcs/constrs_1/imports/ucf/clock_constraints.tcl:17]
Resolution: A valid end point is a data pin of a sequential cell or a primary output or inout port. Please validate that all the objects returned by your query belong to this list.
WARNING: [Constraints 18-401] set_max_delay: 'NIM_BLOCK/U353/U1/cnt_out_r[0]_i_5' is not a valid endpoint. [/home/rrivera/ots/srcs/otsdaq-firmware/cactus/projects/nim_plus_x/top/top.srcs/constrs_1/imports/ucf/clock_constraints.tcl:17]
Resolution: A valid end point is a data pin of a sequential cell or a primary output or inout port. Please validate that all the objects returned by your query belong to this list.
WARNING: [Constraints 18-401] set_max_delay: 'NIM_BLOCK/U353/U1/cnt_out_r[0]_i_4' is not a valid endpoint. [/home/rrivera/ots/srcs/otsdaq-firmware/cactus/projects/nim_plus_x/top/top.srcs/constrs_1/imports/ucf/clock_constraints.tcl:17]
Resolution: A valid end point is a data pin of a sequential cell or a primary output or inout port. Please validate that all the objects returned by your query belong to this list.
WARNING: [Constraints 18-401] set_max_delay: 'NIM_BLOCK/U353/U1/cnt_out_r[0]_i_2' is not a valid endpoint. [/home/rrivera/ots/srcs/otsdaq-firmware/cactus/projects/nim_plus_x/top/top.srcs/constrs_1/imports/ucf/clock_constraints.tcl:17]
Resolution: A valid end point is a data pin of a sequential cell or a primary output or inout port. Please validate that all the objects returned by your query belong to this list.
WARNING: [Constraints 18-401] set_max_delay: 'NIM_BLOCK/U353/U1/cnt_out_r[0]_i_10' is not a valid endpoint. [/home/rrivera/ots/srcs/otsdaq-firmware/cactus/projects/nim_plus_x/top/top.srcs/constrs_1/imports/ucf/clock_constraints.tcl:17]
Resolution: A valid end point is a data pin of a sequential cell or a primary output or inout port. Please validate that all the objects returned by your query belong to this list.
WARNING: [Constraints 18-401] set_max_delay: 'NIM_BLOCK/U353/U1/cnt_out_r[0]_i_1' is not a valid endpoint. [/home/rrivera/ots/srcs/otsdaq-firmware/cactus/projects/nim_plus_x/top/top.srcs/constrs_1/imports/ucf/clock_constraints.tcl:17]
Resolution: A valid end point is a data pin of a sequential cell or a primary output or inout port. Please validate that all the objects returned by your query belong to this list.
WARNING: [Constraints 18-401] set_max_delay: 'NIM_BLOCK/U353/U1/VCC' is not a valid endpoint. [/home/rrivera/ots/srcs/otsdaq-firmware/cactus/projects/nim_plus_x/top/top.srcs/constrs_1/imports/ucf/clock_constraints.tcl:17]
Resolution: A valid end point is a data pin of a sequential cell or a primary output or inout port. Please validate that all the objects returned by your query belong to this list.
WARNING: [Constraints 18-401] set_max_delay: 'NIM_BLOCK/U353/U1/GND' is not a valid endpoint. [/home/rrivera/ots/srcs/otsdaq-firmware/cactus/projects/nim_plus_x/top/top.srcs/constrs_1/imports/ucf/clock_constraints.tcl:17]
Resolution: A valid end point is a data pin of a sequential cell or a primary output or inout port. Please validate that all the objects returned by your query belong to this list.
WARNING: [Constraints 18-401] set_max_delay: 'NIM_BLOCK/U353/GND' is not a valid endpoint. [/home/rrivera/ots/srcs/otsdaq-firmware/cactus/projects/nim_plus_x/top/top.srcs/constrs_1/imports/ucf/clock_constraints.tcl:17]
Resolution: A valid end point is a data pin of a sequential cell or a primary output or inout port. Please validate that all the objects returned by your query belong to this list.
WARNING: [Constraints 18-401] set_max_delay: 'NIM_BLOCK/U353/U2/VCC' is not a valid endpoint. [/home/rrivera/ots/srcs/otsdaq-firmware/cactus/projects/nim_plus_x/top/top.srcs/constrs_1/imports/ucf/clock_constraints.tcl:17]
Resolution: A valid end point is a data pin of a sequential cell or a primary output or inout port. Please validate that all the objects returned by your query belong to this list.
WARNING: [Constraints 18-401] set_max_delay: 'NIM_BLOCK/U353/U2/GND' is not a valid endpoint. [/home/rrivera/ots/srcs/otsdaq-firmware/cactus/projects/nim_plus_x/top/top.srcs/constrs_1/imports/ucf/clock_constraints.tcl:17]
Resolution: A valid end point is a data pin of a sequential cell or a primary output or inout port. Please validate that all the objects returned by your query belong to this list.
WARNING: [Constraints 18-401] set_max_delay: 'NIM_BLOCK/U355/U1/int_cnt_out[27]_i_1' is not a valid endpoint. [/home/rrivera/ots/srcs/otsdaq-firmware/cactus/projects/nim_plus_x/top/top.srcs/constrs_1/imports/ucf/clock_constraints.tcl:18]
Resolution: A valid end point is a data pin of a sequential cell or a primary output or inout port. Please validate that all the objects returned by your query belong to this list.
WARNING: [Constraints 18-401] set_max_delay: 'NIM_BLOCK/U355/U1/cnt_out_r_reg[9]_i_2_CARRY4_GND' is not a valid endpoint. [/home/rrivera/ots/srcs/otsdaq-firmware/cactus/projects/nim_plus_x/top/top.srcs/constrs_1/imports/ucf/clock_constraints.tcl:18]
Resolution: A valid end point is a data pin of a sequential cell or a primary output or inout port. Please validate that all the objects returned by your query belong to this list.
WARNING: [Constraints 18-401] set_max_delay: 'NIM_BLOCK/U355/U1/cnt_out_r_reg[9]_i_2_CARRY4' is not a valid endpoint. [/home/rrivera/ots/srcs/otsdaq-firmware/cactus/projects/nim_plus_x/top/top.srcs/constrs_1/imports/ucf/clock_constraints.tcl:18]
Resolution: A valid end point is a data pin of a sequential cell or a primary output or inout port. Please validate that all the objects returned by your query belong to this list.
WARNING: [Constraints 18-401] set_max_delay: 'NIM_BLOCK/U355/U1/cnt_out_r_reg[5]_i_2_CARRY4_GND' is not a valid endpoint. [/home/rrivera/ots/srcs/otsdaq-firmware/cactus/projects/nim_plus_x/top/top.srcs/constrs_1/imports/ucf/clock_constraints.tcl:18]
Resolution: A valid end point is a data pin of a sequential cell or a primary output or inout port. Please validate that all the objects returned by your query belong to this list.
WARNING: [Constraints 18-401] set_max_delay: 'NIM_BLOCK/U355/U1/cnt_out_r_reg[5]_i_2_CARRY4' is not a valid endpoint. [/home/rrivera/ots/srcs/otsdaq-firmware/cactus/projects/nim_plus_x/top/top.srcs/constrs_1/imports/ucf/clock_constraints.tcl:18]
Resolution: A valid end point is a data pin of a sequential cell or a primary output or inout port. Please validate that all the objects returned by your query belong to this list.
WARNING: [Constraints 18-401] set_max_delay: 'NIM_BLOCK/U355/U1/cnt_out_r_reg[29]_i_2_CARRY4_GND' is not a valid endpoint. [/home/rrivera/ots/srcs/otsdaq-firmware/cactus/projects/nim_plus_x/top/top.srcs/constrs_1/imports/ucf/clock_constraints.tcl:18]
Resolution: A valid end point is a data pin of a sequential cell or a primary output or inout port. Please validate that all the objects returned by your query belong to this list.
WARNING: [Constraints 18-401] set_max_delay: 'NIM_BLOCK/U355/U1/cnt_out_r_reg[29]_i_2_CARRY4' is not a valid endpoint. [/home/rrivera/ots/srcs/otsdaq-firmware/cactus/projects/nim_plus_x/top/top.srcs/constrs_1/imports/ucf/clock_constraints.tcl:18]
Resolution: A valid end point is a data pin of a sequential cell or a primary output or inout port. Please validate that all the objects returned by your query belong to this list.
WARNING: [Constraints 18-401] set_max_delay: 'NIM_BLOCK/U355/U1/cnt_out_r_reg[25]_i_2_CARRY4_GND' is not a valid endpoint. [/home/rrivera/ots/srcs/otsdaq-firmware/cactus/projects/nim_plus_x/top/top.srcs/constrs_1/imports/ucf/clock_constraints.tcl:18]
Resolution: A valid end point is a data pin of a sequential cell or a primary output or inout port. Please validate that all the objects returned by your query belong to this list.
WARNING: [Constraints 18-401] set_max_delay: 'NIM_BLOCK/U355/U1/cnt_out_r_reg[25]_i_2_CARRY4' is not a valid endpoint. [/home/rrivera/ots/srcs/otsdaq-firmware/cactus/projects/nim_plus_x/top/top.srcs/constrs_1/imports/ucf/clock_constraints.tcl:18]
Resolution: A valid end point is a data pin of a sequential cell or a primary output or inout port. Please validate that all the objects returned by your query belong to this list.
WARNING: [Constraints 18-401] set_max_delay: 'NIM_BLOCK/U355/U1/cnt_out_r_reg[21]_i_2_CARRY4_GND' is not a valid endpoint. [/home/rrivera/ots/srcs/otsdaq-firmware/cactus/projects/nim_plus_x/top/top.srcs/constrs_1/imports/ucf/clock_constraints.tcl:18]
Resolution: A valid end point is a data pin of a sequential cell or a primary output or inout port. Please validate that all the objects returned by your query belong to this list.
WARNING: [Constraints 18-401] set_max_delay: 'NIM_BLOCK/U355/U1/cnt_out_r_reg[21]_i_2_CARRY4' is not a valid endpoint. [/home/rrivera/ots/srcs/otsdaq-firmware/cactus/projects/nim_plus_x/top/top.srcs/constrs_1/imports/ucf/clock_constraints.tcl:18]
Resolution: A valid end point is a data pin of a sequential cell or a primary output or inout port. Please validate that all the objects returned by your query belong to this list.
WARNING: [Constraints 18-401] set_max_delay: 'NIM_BLOCK/U355/U1/cnt_out_r_reg[1]_i_2_CARRY4_GND' is not a valid endpoint. [/home/rrivera/ots/srcs/otsdaq-firmware/cactus/projects/nim_plus_x/top/top.srcs/constrs_1/imports/ucf/clock_constraints.tcl:18]
Resolution: A valid end point is a data pin of a sequential cell or a primary output or inout port. Please validate that all the objects returned by your query belong to this list.
WARNING: [Constraints 18-401] set_max_delay: 'NIM_BLOCK/U355/U1/cnt_out_r_reg[1]_i_2_CARRY4' is not a valid endpoint. [/home/rrivera/ots/srcs/otsdaq-firmware/cactus/projects/nim_plus_x/top/top.srcs/constrs_1/imports/ucf/clock_constraints.tcl:18]
Resolution: A valid end point is a data pin of a sequential cell or a primary output or inout port. Please validate that all the objects returned by your query belong to this list.
WARNING: [Constraints 18-401] set_max_delay: 'NIM_BLOCK/U355/U1/cnt_out_r_reg[17]_i_2_CARRY4_GND' is not a valid endpoint. [/home/rrivera/ots/srcs/otsdaq-firmware/cactus/projects/nim_plus_x/top/top.srcs/constrs_1/imports/ucf/clock_constraints.tcl:18]
Resolution: A valid end point is a data pin of a sequential cell or a primary output or inout port. Please validate that all the objects returned by your query belong to this list.
WARNING: [Constraints 18-401] set_max_delay: 'NIM_BLOCK/U355/U1/cnt_out_r_reg[17]_i_2_CARRY4' is not a valid endpoint. [/home/rrivera/ots/srcs/otsdaq-firmware/cactus/projects/nim_plus_x/top/top.srcs/constrs_1/imports/ucf/clock_constraints.tcl:18]
Resolution: A valid end point is a data pin of a sequential cell or a primary output or inout port. Please validate that all the objects returned by your query belong to this list.
WARNING: [Constraints 18-401] set_max_delay: 'NIM_BLOCK/U355/U1/cnt_out_r_reg[13]_i_2_CARRY4_GND' is not a valid endpoint. [/home/rrivera/ots/srcs/otsdaq-firmware/cactus/projects/nim_plus_x/top/top.srcs/constrs_1/imports/ucf/clock_constraints.tcl:18]
Resolution: A valid end point is a data pin of a sequential cell or a primary output or inout port. Please validate that all the objects returned by your query belong to this list.
WARNING: [Constraints 18-401] set_max_delay: 'NIM_BLOCK/U355/U1/cnt_out_r_reg[13]_i_2_CARRY4' is not a valid endpoint. [/home/rrivera/ots/srcs/otsdaq-firmware/cactus/projects/nim_plus_x/top/top.srcs/constrs_1/imports/ucf/clock_constraints.tcl:18]
Resolution: A valid end point is a data pin of a sequential cell or a primary output or inout port. Please validate that all the objects returned by your query belong to this list.
WARNING: [Constraints 18-401] set_max_delay: 'NIM_BLOCK/U355/U1/cnt_out_r[0]_i_8' is not a valid endpoint. [/home/rrivera/ots/srcs/otsdaq-firmware/cactus/projects/nim_plus_x/top/top.srcs/constrs_1/imports/ucf/clock_constraints.tcl:18]
Resolution: A valid end point is a data pin of a sequential cell or a primary output or inout port. Please validate that all the objects returned by your query belong to this list.
WARNING: [Constraints 18-401] set_max_delay: 'NIM_BLOCK/U355/U1/cnt_out_r[0]_i_7' is not a valid endpoint. [/home/rrivera/ots/srcs/otsdaq-firmware/cactus/projects/nim_plus_x/top/top.srcs/constrs_1/imports/ucf/clock_constraints.tcl:18]
Resolution: A valid end point is a data pin of a sequential cell or a primary output or inout port. Please validate that all the objects returned by your query belong to this list.
WARNING: [Constraints 18-401] set_max_delay: 'NIM_BLOCK/U355/U1/cnt_out_r[0]_i_9' is not a valid endpoint. [/home/rrivera/ots/srcs/otsdaq-firmware/cactus/projects/nim_plus_x/top/top.srcs/constrs_1/imports/ucf/clock_constraints.tcl:18]
Resolution: A valid end point is a data pin of a sequential cell or a primary output or inout port. Please validate that all the objects returned by your query belong to this list.
WARNING: [Constraints 18-401] set_max_delay: 'NIM_BLOCK/U355/U1/cnt_out_r[0]_i_6' is not a valid endpoint. [/home/rrivera/ots/srcs/otsdaq-firmware/cactus/projects/nim_plus_x/top/top.srcs/constrs_1/imports/ucf/clock_constraints.tcl:18]
Resolution: A valid end point is a data pin of a sequential cell or a primary output or inout port. Please validate that all the objects returned by your query belong to this list.
WARNING: [Constraints 18-401] set_max_delay: 'NIM_BLOCK/U355/U1/cnt_out_r[0]_i_5' is not a valid endpoint. [/home/rrivera/ots/srcs/otsdaq-firmware/cactus/projects/nim_plus_x/top/top.srcs/constrs_1/imports/ucf/clock_constraints.tcl:18]
Resolution: A valid end point is a data pin of a sequential cell or a primary output or inout port. Please validate that all the objects returned by your query belong to this list.
WARNING: [Constraints 18-401] set_max_delay: 'NIM_BLOCK/U355/U1/cnt_out_r[0]_i_4' is not a valid endpoint. [/home/rrivera/ots/srcs/otsdaq-firmware/cactus/projects/nim_plus_x/top/top.srcs/constrs_1/imports/ucf/clock_constraints.tcl:18]
Resolution: A valid end point is a data pin of a sequential cell or a primary output or inout port. Please validate that all the objects returned by your query belong to this list.
WARNING: [Constraints 18-401] set_max_delay: 'NIM_BLOCK/U355/U1/cnt_out_r[0]_i_2' is not a valid endpoint. [/home/rrivera/ots/srcs/otsdaq-firmware/cactus/projects/nim_plus_x/top/top.srcs/constrs_1/imports/ucf/clock_constraints.tcl:18]
Resolution: A valid end point is a data pin of a sequential cell or a primary output or inout port. Please validate that all the objects returned by your query belong to this list.
WARNING: [Constraints 18-401] set_max_delay: 'NIM_BLOCK/U355/U1/cnt_out_r[0]_i_10' is not a valid endpoint. [/home/rrivera/ots/srcs/otsdaq-firmware/cactus/projects/nim_plus_x/top/top.srcs/constrs_1/imports/ucf/clock_constraints.tcl:18]
Resolution: A valid end point is a data pin of a sequential cell or a primary output or inout port. Please validate that all the objects returned by your query belong to this list.
WARNING: [Constraints 18-401] set_max_delay: 'NIM_BLOCK/U355/U1/cnt_out_r[0]_i_1' is not a valid endpoint. [/home/rrivera/ots/srcs/otsdaq-firmware/cactus/projects/nim_plus_x/top/top.srcs/constrs_1/imports/ucf/clock_constraints.tcl:18]
Resolution: A valid end point is a data pin of a sequential cell or a primary output or inout port. Please validate that all the objects returned by your query belong to this list.
WARNING: [Constraints 18-401] set_max_delay: 'NIM_BLOCK/U355/U1/VCC' is not a valid endpoint. [/home/rrivera/ots/srcs/otsdaq-firmware/cactus/projects/nim_plus_x/top/top.srcs/constrs_1/imports/ucf/clock_constraints.tcl:18]
Resolution: A valid end point is a data pin of a sequential cell or a primary output or inout port. Please validate that all the objects returned by your query belong to this list.
WARNING: [Constraints 18-401] set_max_delay: 'NIM_BLOCK/U355/U1/GND' is not a valid endpoint. [/home/rrivera/ots/srcs/otsdaq-firmware/cactus/projects/nim_plus_x/top/top.srcs/constrs_1/imports/ucf/clock_constraints.tcl:18]
Resolution: A valid end point is a data pin of a sequential cell or a primary output or inout port. Please validate that all the objects returned by your query belong to this list.
WARNING: [Constraints 18-401] set_max_delay: 'NIM_BLOCK/U355/GND' is not a valid endpoint. [/home/rrivera/ots/srcs/otsdaq-firmware/cactus/projects/nim_plus_x/top/top.srcs/constrs_1/imports/ucf/clock_constraints.tcl:18]
Resolution: A valid end point is a data pin of a sequential cell or a primary output or inout port. Please validate that all the objects returned by your query belong to this list.
WARNING: [Constraints 18-401] set_max_delay: 'NIM_BLOCK/U355/U2/VCC' is not a valid endpoint. [/home/rrivera/ots/srcs/otsdaq-firmware/cactus/projects/nim_plus_x/top/top.srcs/constrs_1/imports/ucf/clock_constraints.tcl:18]
Resolution: A valid end point is a data pin of a sequential cell or a primary output or inout port. Please validate that all the objects returned by your query belong to this list.
WARNING: [Constraints 18-401] set_max_delay: 'NIM_BLOCK/U355/U2/GND' is not a valid endpoint. [/home/rrivera/ots/srcs/otsdaq-firmware/cactus/projects/nim_plus_x/top/top.srcs/constrs_1/imports/ucf/clock_constraints.tcl:18]
Resolution: A valid end point is a data pin of a sequential cell or a primary output or inout port. Please validate that all the objects returned by your query belong to this list.
WARNING: [Constraints 18-401] set_max_delay: 'NIM_BLOCK/U357/U1/int_cnt_out[27]_i_1' is not a valid endpoint. [/home/rrivera/ots/srcs/otsdaq-firmware/cactus/projects/nim_plus_x/top/top.srcs/constrs_1/imports/ucf/clock_constraints.tcl:19]
Resolution: A valid end point is a data pin of a sequential cell or a primary output or inout port. Please validate that all the objects returned by your query belong to this list.
WARNING: [Constraints 18-401] set_max_delay: 'NIM_BLOCK/U357/U1/cnt_out_r_reg[9]_i_2_CARRY4_GND' is not a valid endpoint. [/home/rrivera/ots/srcs/otsdaq-firmware/cactus/projects/nim_plus_x/top/top.srcs/constrs_1/imports/ucf/clock_constraints.tcl:19]
Resolution: A valid end point is a data pin of a sequential cell or a primary output or inout port. Please validate that all the objects returned by your query belong to this list.
WARNING: [Constraints 18-401] set_max_delay: 'NIM_BLOCK/U357/U1/cnt_out_r_reg[9]_i_2_CARRY4' is not a valid endpoint. [/home/rrivera/ots/srcs/otsdaq-firmware/cactus/projects/nim_plus_x/top/top.srcs/constrs_1/imports/ucf/clock_constraints.tcl:19]
Resolution: A valid end point is a data pin of a sequential cell or a primary output or inout port. Please validate that all the objects returned by your query belong to this list.
WARNING: [Constraints 18-401] set_max_delay: 'NIM_BLOCK/U357/U1/cnt_out_r_reg[5]_i_2_CARRY4_GND' is not a valid endpoint. [/home/rrivera/ots/srcs/otsdaq-firmware/cactus/projects/nim_plus_x/top/top.srcs/constrs_1/imports/ucf/clock_constraints.tcl:19]
Resolution: A valid end point is a data pin of a sequential cell or a primary output or inout port. Please validate that all the objects returned by your query belong to this list.
WARNING: [Constraints 18-401] set_max_delay: 'NIM_BLOCK/U357/U1/cnt_out_r_reg[5]_i_2_CARRY4' is not a valid endpoint. [/home/rrivera/ots/srcs/otsdaq-firmware/cactus/projects/nim_plus_x/top/top.srcs/constrs_1/imports/ucf/clock_constraints.tcl:19]
Resolution: A valid end point is a data pin of a sequential cell or a primary output or inout port. Please validate that all the objects returned by your query belong to this list.
WARNING: [Constraints 18-401] set_max_delay: 'NIM_BLOCK/U357/U1/cnt_out_r_reg[29]_i_2_CARRY4_GND' is not a valid endpoint. [/home/rrivera/ots/srcs/otsdaq-firmware/cactus/projects/nim_plus_x/top/top.srcs/constrs_1/imports/ucf/clock_constraints.tcl:19]
Resolution: A valid end point is a data pin of a sequential cell or a primary output or inout port. Please validate that all the objects returned by your query belong to this list.
WARNING: [Constraints 18-401] set_max_delay: 'NIM_BLOCK/U357/U1/cnt_out_r_reg[29]_i_2_CARRY4' is not a valid endpoint. [/home/rrivera/ots/srcs/otsdaq-firmware/cactus/projects/nim_plus_x/top/top.srcs/constrs_1/imports/ucf/clock_constraints.tcl:19]
Resolution: A valid end point is a data pin of a sequential cell or a primary output or inout port. Please validate that all the objects returned by your query belong to this list.
INFO: [Common 17-14] Message 'Constraints 18-401' appears 100 times and further instances of the messages will be disabled. Use the Tcl command set_msg_config to change the current settings. [/home/rrivera/ots/srcs/otsdaq-firmware/cactus/projects/nim_plus_x/top/top.srcs/constrs_1/imports/ucf/clock_constraints.tcl:19]
Finished Sourcing Tcl File [/home/rrivera/ots/srcs/otsdaq-firmware/cactus/projects/nim_plus_x/top/top.srcs/constrs_1/imports/ucf/clock_constraints.tcl]
Parsing XDC File [/home/rrivera/ots/srcs/otsdaq-firmware/cactus/projects/nim_plus_x/top/top.srcs/constrs_1/new/top_11.xdc]
Finished Parsing XDC File [/home/rrivera/ots/srcs/otsdaq-firmware/cactus/projects/nim_plus_x/top/top.srcs/constrs_1/new/top_11.xdc]
INFO: [Project 1-538] Using original IP XDC constraints instead of the XDC constraints in dcp '/home/rrivera/ots/srcs/otsdaq-firmware/cactus/projects/nim_plus_x/top/top.runs/NIM_CLKS_synth_1/NIM_CLKS.dcp'
INFO: [Project 1-538] Using original IP XDC constraints instead of the XDC constraints in dcp '/home/rrivera/ots/srcs/otsdaq-firmware/cactus/projects/nim_plus_x/top/top.runs/clk_wiz_0_synth_1/clk_wiz_0.dcp'
INFO: [Project 1-538] Using original IP XDC constraints instead of the XDC constraints in dcp '/home/rrivera/ots/srcs/otsdaq-firmware/cactus/projects/nim_plus_x/top/top.runs/clk_wiz_1_synth_1/clk_wiz_1.dcp'
INFO: [Project 1-538] Using original IP XDC constraints instead of the XDC constraints in dcp '/home/rrivera/ots/srcs/otsdaq-firmware/cactus/projects/nim_plus_x/top/top.runs/clk_wiz_2_synth_1/clk_wiz_2.dcp'
INFO: [Project 1-538] Using original IP XDC constraints instead of the XDC constraints in dcp '/home/rrivera/ots/srcs/otsdaq-firmware/cactus/projects/nim_plus_x/top/top.runs/xilinx_64b_counter_synth_1/xilinx_64b_counter.dcp'
INFO: [Project 1-538] Using original IP XDC constraints instead of the XDC constraints in dcp '/home/rrivera/ots/srcs/otsdaq-firmware/cactus/projects/nim_plus_x/top/top.runs/xilinx_64b_counter_synth_1/xilinx_64b_counter.dcp'
INFO: [Project 1-538] Using original IP XDC constraints instead of the XDC constraints in dcp '/home/rrivera/ots/srcs/otsdaq-firmware/cactus/projects/nim_plus_x/top/top.runs/xilinx_64b_counter_synth_1/xilinx_64b_counter.dcp'
INFO: [Opt 31-138] Pushed 0 inverter(s) to 0 load pin(s).
INFO: [Project 1-111] Unisim Transformation Summary:
  A total of 44 instances were transformed.
  OBUFDS => OBUFDS: 44 instances

link_design: Time (s): cpu = 00:00:20 ; elapsed = 00:00:20 . Memory (MB): peak = 1910.527 ; gain = 932.234 ; free physical = 5025 ; free virtual = 41050
Command: opt_design
Attempting to get a license for feature 'Implementation' and/or device 'xc7k325t'
INFO: [Common 17-349] Got license for feature 'Implementation' and/or device 'xc7k325t'
INFO: [Common 17-1223] The version limit for your license is '2018.05' and will expire in 17 days. A version limit expiration means that, although you may be able to continue to use the current version of tools or IP with this license, you will not be eligible for any updates or new releases.
Running DRC as a precondition to command opt_design

Starting DRC Task
INFO: [DRC 23-27] Running DRC with 8 threads
INFO: [Project 1-461] DRC finished with 0 Errors
INFO: [Project 1-462] Please refer to the DRC report (report_drc) for more information.

Time (s): cpu = 00:00:00.27 ; elapsed = 00:00:00.27 . Memory (MB): peak = 1927.559 ; gain = 7.027 ; free physical = 5020 ; free virtual = 41045
WARNING: [Constraints 18-401] set_max_delay: 'NIM_BLOCK/U351/U1/cnt_out_r_reg[13]_i_2_CARRY4_GND' is not a valid endpoint. [/home/rrivera/ots/srcs/otsdaq-firmware/cactus/projects/nim_plus_x/top/top.srcs/constrs_1/imports/ucf/clock_constraints.tcl:16]
Resolution: A valid end point is a data pin of a sequential cell or a primary output or inout port. Please validate that all the objects returned by your query belong to this list.
WARNING: [Constraints 18-401] set_max_delay: 'NIM_BLOCK/U351/U1/cnt_out_r_reg[13]_i_2_CARRY4' is not a valid endpoint. [/home/rrivera/ots/srcs/otsdaq-firmware/cactus/projects/nim_plus_x/top/top.srcs/constrs_1/imports/ucf/clock_constraints.tcl:16]
Resolution: A valid end point is a data pin of a sequential cell or a primary output or inout port. Please validate that all the objects returned by your query belong to this list.
WARNING: [Constraints 18-401] set_max_delay: 'NIM_BLOCK/U351/U1/cnt_out_r[0]_i_8' is not a valid endpoint. [/home/rrivera/ots/srcs/otsdaq-firmware/cactus/projects/nim_plus_x/top/top.srcs/constrs_1/imports/ucf/clock_constraints.tcl:16]
Resolution: A valid end point is a data pin of a sequential cell or a primary output or inout port. Please validate that all the objects returned by your query belong to this list.
WARNING: [Constraints 18-401] set_max_delay: 'NIM_BLOCK/U351/U1/cnt_out_r[0]_i_7' is not a valid endpoint. [/home/rrivera/ots/srcs/otsdaq-firmware/cactus/projects/nim_plus_x/top/top.srcs/constrs_1/imports/ucf/clock_constraints.tcl:16]
Resolution: A valid end point is a data pin of a sequential cell or a primary output or inout port. Please validate that all the objects returned by your query belong to this list.
WARNING: [Constraints 18-401] set_max_delay: 'NIM_BLOCK/U351/U1/cnt_out_r[0]_i_9' is not a valid endpoint. [/home/rrivera/ots/srcs/otsdaq-firmware/cactus/projects/nim_plus_x/top/top.srcs/constrs_1/imports/ucf/clock_constraints.tcl:16]
Resolution: A valid end point is a data pin of a sequential cell or a primary output or inout port. Please validate that all the objects returned by your query belong to this list.
WARNING: [Constraints 18-401] set_max_delay: 'NIM_BLOCK/U351/U1/cnt_out_r[0]_i_6' is not a valid endpoint. [/home/rrivera/ots/srcs/otsdaq-firmware/cactus/projects/nim_plus_x/top/top.srcs/constrs_1/imports/ucf/clock_constraints.tcl:16]
Resolution: A valid end point is a data pin of a sequential cell or a primary output or inout port. Please validate that all the objects returned by your query belong to this list.
WARNING: [Constraints 18-401] set_max_delay: 'NIM_BLOCK/U351/U1/cnt_out_r[0]_i_5' is not a valid endpoint. [/home/rrivera/ots/srcs/otsdaq-firmware/cactus/projects/nim_plus_x/top/top.srcs/constrs_1/imports/ucf/clock_constraints.tcl:16]
Resolution: A valid end point is a data pin of a sequential cell or a primary output or inout port. Please validate that all the objects returned by your query belong to this list.
WARNING: [Constraints 18-401] set_max_delay: 'NIM_BLOCK/U351/U1/cnt_out_r[0]_i_4' is not a valid endpoint. [/home/rrivera/ots/srcs/otsdaq-firmware/cactus/projects/nim_plus_x/top/top.srcs/constrs_1/imports/ucf/clock_constraints.tcl:16]
Resolution: A valid end point is a data pin of a sequential cell or a primary output or inout port. Please validate that all the objects returned by your query belong to this list.
WARNING: [Constraints 18-401] set_max_delay: 'NIM_BLOCK/U351/U1/cnt_out_r[0]_i_2' is not a valid endpoint. [/home/rrivera/ots/srcs/otsdaq-firmware/cactus/projects/nim_plus_x/top/top.srcs/constrs_1/imports/ucf/clock_constraints.tcl:16]
Resolution: A valid end point is a data pin of a sequential cell or a primary output or inout port. Please validate that all the objects returned by your query belong to this list.
WARNING: [Constraints 18-401] set_max_delay: 'NIM_BLOCK/U351/U1/cnt_out_r[0]_i_10' is not a valid endpoint. [/home/rrivera/ots/srcs/otsdaq-firmware/cactus/projects/nim_plus_x/top/top.srcs/constrs_1/imports/ucf/clock_constraints.tcl:16]
Resolution: A valid end point is a data pin of a sequential cell or a primary output or inout port. Please validate that all the objects returned by your query belong to this list.
WARNING: [Constraints 18-401] set_max_delay: 'NIM_BLOCK/U351/U1/cnt_out_r[0]_i_1' is not a valid endpoint. [/home/rrivera/ots/srcs/otsdaq-firmware/cactus/projects/nim_plus_x/top/top.srcs/constrs_1/imports/ucf/clock_constraints.tcl:16]
Resolution: A valid end point is a data pin of a sequential cell or a primary output or inout port. Please validate that all the objects returned by your query belong to this list.
WARNING: [Constraints 18-401] set_max_delay: 'NIM_BLOCK/U351/U1/VCC' is not a valid endpoint. [/home/rrivera/ots/srcs/otsdaq-firmware/cactus/projects/nim_plus_x/top/top.srcs/constrs_1/imports/ucf/clock_constraints.tcl:16]
Resolution: A valid end point is a data pin of a sequential cell or a primary output or inout port. Please validate that all the objects returned by your query belong to this list.
WARNING: [Constraints 18-401] set_max_delay: 'NIM_BLOCK/U351/U1/GND' is not a valid endpoint. [/home/rrivera/ots/srcs/otsdaq-firmware/cactus/projects/nim_plus_x/top/top.srcs/constrs_1/imports/ucf/clock_constraints.tcl:16]
Resolution: A valid end point is a data pin of a sequential cell or a primary output or inout port. Please validate that all the objects returned by your query belong to this list.
WARNING: [Constraints 18-401] set_max_delay: 'NIM_BLOCK/U351/U1/int_cnt_out[27]_i_1' is not a valid endpoint. [/home/rrivera/ots/srcs/otsdaq-firmware/cactus/projects/nim_plus_x/top/top.srcs/constrs_1/imports/ucf/clock_constraints.tcl:16]
Resolution: A valid end point is a data pin of a sequential cell or a primary output or inout port. Please validate that all the objects returned by your query belong to this list.
WARNING: [Constraints 18-401] set_max_delay: 'NIM_BLOCK/U351/U1/cnt_out_r_reg[9]_i_2_CARRY4_GND' is not a valid endpoint. [/home/rrivera/ots/srcs/otsdaq-firmware/cactus/projects/nim_plus_x/top/top.srcs/constrs_1/imports/ucf/clock_constraints.tcl:16]
Resolution: A valid end point is a data pin of a sequential cell or a primary output or inout port. Please validate that all the objects returned by your query belong to this list.
WARNING: [Constraints 18-401] set_max_delay: 'NIM_BLOCK/U351/U1/cnt_out_r_reg[9]_i_2_CARRY4' is not a valid endpoint. [/home/rrivera/ots/srcs/otsdaq-firmware/cactus/projects/nim_plus_x/top/top.srcs/constrs_1/imports/ucf/clock_constraints.tcl:16]
Resolution: A valid end point is a data pin of a sequential cell or a primary output or inout port. Please validate that all the objects returned by your query belong to this list.
WARNING: [Constraints 18-401] set_max_delay: 'NIM_BLOCK/U351/U1/cnt_out_r_reg[5]_i_2_CARRY4_GND' is not a valid endpoint. [/home/rrivera/ots/srcs/otsdaq-firmware/cactus/projects/nim_plus_x/top/top.srcs/constrs_1/imports/ucf/clock_constraints.tcl:16]
Resolution: A valid end point is a data pin of a sequential cell or a primary output or inout port. Please validate that all the objects returned by your query belong to this list.
WARNING: [Constraints 18-401] set_max_delay: 'NIM_BLOCK/U351/U1/cnt_out_r_reg[5]_i_2_CARRY4' is not a valid endpoint. [/home/rrivera/ots/srcs/otsdaq-firmware/cactus/projects/nim_plus_x/top/top.srcs/constrs_1/imports/ucf/clock_constraints.tcl:16]
Resolution: A valid end point is a data pin of a sequential cell or a primary output or inout port. Please validate that all the objects returned by your query belong to this list.
WARNING: [Constraints 18-401] set_max_delay: 'NIM_BLOCK/U351/U1/cnt_out_r_reg[29]_i_2_CARRY4_GND' is not a valid endpoint. [/home/rrivera/ots/srcs/otsdaq-firmware/cactus/projects/nim_plus_x/top/top.srcs/constrs_1/imports/ucf/clock_constraints.tcl:16]
Resolution: A valid end point is a data pin of a sequential cell or a primary output or inout port. Please validate that all the objects returned by your query belong to this list.
WARNING: [Constraints 18-401] set_max_delay: 'NIM_BLOCK/U351/U1/cnt_out_r_reg[29]_i_2_CARRY4' is not a valid endpoint. [/home/rrivera/ots/srcs/otsdaq-firmware/cactus/projects/nim_plus_x/top/top.srcs/constrs_1/imports/ucf/clock_constraints.tcl:16]
Resolution: A valid end point is a data pin of a sequential cell or a primary output or inout port. Please validate that all the objects returned by your query belong to this list.
WARNING: [Constraints 18-401] set_max_delay: 'NIM_BLOCK/U351/U1/cnt_out_r_reg[25]_i_2_CARRY4_GND' is not a valid endpoint. [/home/rrivera/ots/srcs/otsdaq-firmware/cactus/projects/nim_plus_x/top/top.srcs/constrs_1/imports/ucf/clock_constraints.tcl:16]
Resolution: A valid end point is a data pin of a sequential cell or a primary output or inout port. Please validate that all the objects returned by your query belong to this list.
WARNING: [Constraints 18-401] set_max_delay: 'NIM_BLOCK/U351/U1/cnt_out_r_reg[25]_i_2_CARRY4' is not a valid endpoint. [/home/rrivera/ots/srcs/otsdaq-firmware/cactus/projects/nim_plus_x/top/top.srcs/constrs_1/imports/ucf/clock_constraints.tcl:16]
Resolution: A valid end point is a data pin of a sequential cell or a primary output or inout port. Please validate that all the objects returned by your query belong to this list.
WARNING: [Constraints 18-401] set_max_delay: 'NIM_BLOCK/U351/U1/cnt_out_r_reg[21]_i_2_CARRY4_GND' is not a valid endpoint. [/home/rrivera/ots/srcs/otsdaq-firmware/cactus/projects/nim_plus_x/top/top.srcs/constrs_1/imports/ucf/clock_constraints.tcl:16]
Resolution: A valid end point is a data pin of a sequential cell or a primary output or inout port. Please validate that all the objects returned by your query belong to this list.
WARNING: [Constraints 18-401] set_max_delay: 'NIM_BLOCK/U351/U1/cnt_out_r_reg[21]_i_2_CARRY4' is not a valid endpoint. [/home/rrivera/ots/srcs/otsdaq-firmware/cactus/projects/nim_plus_x/top/top.srcs/constrs_1/imports/ucf/clock_constraints.tcl:16]
Resolution: A valid end point is a data pin of a sequential cell or a primary output or inout port. Please validate that all the objects returned by your query belong to this list.
WARNING: [Constraints 18-401] set_max_delay: 'NIM_BLOCK/U351/U1/cnt_out_r_reg[1]_i_2_CARRY4_GND' is not a valid endpoint. [/home/rrivera/ots/srcs/otsdaq-firmware/cactus/projects/nim_plus_x/top/top.srcs/constrs_1/imports/ucf/clock_constraints.tcl:16]
Resolution: A valid end point is a data pin of a sequential cell or a primary output or inout port. Please validate that all the objects returned by your query belong to this list.
WARNING: [Constraints 18-401] set_max_delay: 'NIM_BLOCK/U351/U1/cnt_out_r_reg[1]_i_2_CARRY4' is not a valid endpoint. [/home/rrivera/ots/srcs/otsdaq-firmware/cactus/projects/nim_plus_x/top/top.srcs/constrs_1/imports/ucf/clock_constraints.tcl:16]
Resolution: A valid end point is a data pin of a sequential cell or a primary output or inout port. Please validate that all the objects returned by your query belong to this list.
WARNING: [Constraints 18-401] set_max_delay: 'NIM_BLOCK/U351/U1/cnt_out_r_reg[17]_i_2_CARRY4_GND' is not a valid endpoint. [/home/rrivera/ots/srcs/otsdaq-firmware/cactus/projects/nim_plus_x/top/top.srcs/constrs_1/imports/ucf/clock_constraints.tcl:16]
Resolution: A valid end point is a data pin of a sequential cell or a primary output or inout port. Please validate that all the objects returned by your query belong to this list.
WARNING: [Constraints 18-401] set_max_delay: 'NIM_BLOCK/U351/U1/cnt_out_r_reg[17]_i_2_CARRY4' is not a valid endpoint. [/home/rrivera/ots/srcs/otsdaq-firmware/cactus/projects/nim_plus_x/top/top.srcs/constrs_1/imports/ucf/clock_constraints.tcl:16]
Resolution: A valid end point is a data pin of a sequential cell or a primary output or inout port. Please validate that all the objects returned by your query belong to this list.
WARNING: [Constraints 18-401] set_max_delay: 'NIM_BLOCK/U351/GND' is not a valid endpoint. [/home/rrivera/ots/srcs/otsdaq-firmware/cactus/projects/nim_plus_x/top/top.srcs/constrs_1/imports/ucf/clock_constraints.tcl:16]
Resolution: A valid end point is a data pin of a sequential cell or a primary output or inout port. Please validate that all the objects returned by your query belong to this list.
WARNING: [Constraints 18-401] set_max_delay: 'NIM_BLOCK/U351/U2/VCC' is not a valid endpoint. [/home/rrivera/ots/srcs/otsdaq-firmware/cactus/projects/nim_plus_x/top/top.srcs/constrs_1/imports/ucf/clock_constraints.tcl:16]
Resolution: A valid end point is a data pin of a sequential cell or a primary output or inout port. Please validate that all the objects returned by your query belong to this list.
WARNING: [Constraints 18-401] set_max_delay: 'NIM_BLOCK/U351/U2/GND' is not a valid endpoint. [/home/rrivera/ots/srcs/otsdaq-firmware/cactus/projects/nim_plus_x/top/top.srcs/constrs_1/imports/ucf/clock_constraints.tcl:16]
Resolution: A valid end point is a data pin of a sequential cell or a primary output or inout port. Please validate that all the objects returned by your query belong to this list.
WARNING: [Constraints 18-401] set_max_delay: 'NIM_BLOCK/U353/U1/int_cnt_out[27]_i_1' is not a valid endpoint. [/home/rrivera/ots/srcs/otsdaq-firmware/cactus/projects/nim_plus_x/top/top.srcs/constrs_1/imports/ucf/clock_constraints.tcl:17]
Resolution: A valid end point is a data pin of a sequential cell or a primary output or inout port. Please validate that all the objects returned by your query belong to this list.
WARNING: [Constraints 18-401] set_max_delay: 'NIM_BLOCK/U353/U1/cnt_out_r_reg[9]_i_2_CARRY4_GND' is not a valid endpoint. [/home/rrivera/ots/srcs/otsdaq-firmware/cactus/projects/nim_plus_x/top/top.srcs/constrs_1/imports/ucf/clock_constraints.tcl:17]
Resolution: A valid end point is a data pin of a sequential cell or a primary output or inout port. Please validate that all the objects returned by your query belong to this list.
WARNING: [Constraints 18-401] set_max_delay: 'NIM_BLOCK/U353/U1/cnt_out_r_reg[9]_i_2_CARRY4' is not a valid endpoint. [/home/rrivera/ots/srcs/otsdaq-firmware/cactus/projects/nim_plus_x/top/top.srcs/constrs_1/imports/ucf/clock_constraints.tcl:17]
Resolution: A valid end point is a data pin of a sequential cell or a primary output or inout port. Please validate that all the objects returned by your query belong to this list.
WARNING: [Constraints 18-401] set_max_delay: 'NIM_BLOCK/U353/U1/cnt_out_r_reg[5]_i_2_CARRY4_GND' is not a valid endpoint. [/home/rrivera/ots/srcs/otsdaq-firmware/cactus/projects/nim_plus_x/top/top.srcs/constrs_1/imports/ucf/clock_constraints.tcl:17]
Resolution: A valid end point is a data pin of a sequential cell or a primary output or inout port. Please validate that all the objects returned by your query belong to this list.
WARNING: [Constraints 18-401] set_max_delay: 'NIM_BLOCK/U353/U1/cnt_out_r_reg[5]_i_2_CARRY4' is not a valid endpoint. [/home/rrivera/ots/srcs/otsdaq-firmware/cactus/projects/nim_plus_x/top/top.srcs/constrs_1/imports/ucf/clock_constraints.tcl:17]
Resolution: A valid end point is a data pin of a sequential cell or a primary output or inout port. Please validate that all the objects returned by your query belong to this list.
WARNING: [Constraints 18-401] set_max_delay: 'NIM_BLOCK/U353/U1/cnt_out_r_reg[29]_i_2_CARRY4_GND' is not a valid endpoint. [/home/rrivera/ots/srcs/otsdaq-firmware/cactus/projects/nim_plus_x/top/top.srcs/constrs_1/imports/ucf/clock_constraints.tcl:17]
Resolution: A valid end point is a data pin of a sequential cell or a primary output or inout port. Please validate that all the objects returned by your query belong to this list.
WARNING: [Constraints 18-401] set_max_delay: 'NIM_BLOCK/U353/U1/cnt_out_r_reg[29]_i_2_CARRY4' is not a valid endpoint. [/home/rrivera/ots/srcs/otsdaq-firmware/cactus/projects/nim_plus_x/top/top.srcs/constrs_1/imports/ucf/clock_constraints.tcl:17]
Resolution: A valid end point is a data pin of a sequential cell or a primary output or inout port. Please validate that all the objects returned by your query belong to this list.
WARNING: [Constraints 18-401] set_max_delay: 'NIM_BLOCK/U353/U1/cnt_out_r_reg[25]_i_2_CARRY4_GND' is not a valid endpoint. [/home/rrivera/ots/srcs/otsdaq-firmware/cactus/projects/nim_plus_x/top/top.srcs/constrs_1/imports/ucf/clock_constraints.tcl:17]
Resolution: A valid end point is a data pin of a sequential cell or a primary output or inout port. Please validate that all the objects returned by your query belong to this list.
WARNING: [Constraints 18-401] set_max_delay: 'NIM_BLOCK/U353/U1/cnt_out_r_reg[25]_i_2_CARRY4' is not a valid endpoint. [/home/rrivera/ots/srcs/otsdaq-firmware/cactus/projects/nim_plus_x/top/top.srcs/constrs_1/imports/ucf/clock_constraints.tcl:17]
Resolution: A valid end point is a data pin of a sequential cell or a primary output or inout port. Please validate that all the objects returned by your query belong to this list.
WARNING: [Constraints 18-401] set_max_delay: 'NIM_BLOCK/U353/U1/cnt_out_r_reg[21]_i_2_CARRY4_GND' is not a valid endpoint. [/home/rrivera/ots/srcs/otsdaq-firmware/cactus/projects/nim_plus_x/top/top.srcs/constrs_1/imports/ucf/clock_constraints.tcl:17]
Resolution: A valid end point is a data pin of a sequential cell or a primary output or inout port. Please validate that all the objects returned by your query belong to this list.
WARNING: [Constraints 18-401] set_max_delay: 'NIM_BLOCK/U353/U1/cnt_out_r_reg[21]_i_2_CARRY4' is not a valid endpoint. [/home/rrivera/ots/srcs/otsdaq-firmware/cactus/projects/nim_plus_x/top/top.srcs/constrs_1/imports/ucf/clock_constraints.tcl:17]
Resolution: A valid end point is a data pin of a sequential cell or a primary output or inout port. Please validate that all the objects returned by your query belong to this list.
WARNING: [Constraints 18-401] set_max_delay: 'NIM_BLOCK/U353/U1/cnt_out_r_reg[1]_i_2_CARRY4_GND' is not a valid endpoint. [/home/rrivera/ots/srcs/otsdaq-firmware/cactus/projects/nim_plus_x/top/top.srcs/constrs_1/imports/ucf/clock_constraints.tcl:17]
Resolution: A valid end point is a data pin of a sequential cell or a primary output or inout port. Please validate that all the objects returned by your query belong to this list.
WARNING: [Constraints 18-401] set_max_delay: 'NIM_BLOCK/U353/U1/cnt_out_r_reg[1]_i_2_CARRY4' is not a valid endpoint. [/home/rrivera/ots/srcs/otsdaq-firmware/cactus/projects/nim_plus_x/top/top.srcs/constrs_1/imports/ucf/clock_constraints.tcl:17]
Resolution: A valid end point is a data pin of a sequential cell or a primary output or inout port. Please validate that all the objects returned by your query belong to this list.
WARNING: [Constraints 18-401] set_max_delay: 'NIM_BLOCK/U353/U1/cnt_out_r_reg[17]_i_2_CARRY4_GND' is not a valid endpoint. [/home/rrivera/ots/srcs/otsdaq-firmware/cactus/projects/nim_plus_x/top/top.srcs/constrs_1/imports/ucf/clock_constraints.tcl:17]
Resolution: A valid end point is a data pin of a sequential cell or a primary output or inout port. Please validate that all the objects returned by your query belong to this list.
WARNING: [Constraints 18-401] set_max_delay: 'NIM_BLOCK/U353/U1/cnt_out_r_reg[17]_i_2_CARRY4' is not a valid endpoint. [/home/rrivera/ots/srcs/otsdaq-firmware/cactus/projects/nim_plus_x/top/top.srcs/constrs_1/imports/ucf/clock_constraints.tcl:17]
Resolution: A valid end point is a data pin of a sequential cell or a primary output or inout port. Please validate that all the objects returned by your query belong to this list.
WARNING: [Constraints 18-401] set_max_delay: 'NIM_BLOCK/U353/U1/cnt_out_r_reg[13]_i_2_CARRY4_GND' is not a valid endpoint. [/home/rrivera/ots/srcs/otsdaq-firmware/cactus/projects/nim_plus_x/top/top.srcs/constrs_1/imports/ucf/clock_constraints.tcl:17]
Resolution: A valid end point is a data pin of a sequential cell or a primary output or inout port. Please validate that all the objects returned by your query belong to this list.
WARNING: [Constraints 18-401] set_max_delay: 'NIM_BLOCK/U353/U1/cnt_out_r_reg[13]_i_2_CARRY4' is not a valid endpoint. [/home/rrivera/ots/srcs/otsdaq-firmware/cactus/projects/nim_plus_x/top/top.srcs/constrs_1/imports/ucf/clock_constraints.tcl:17]
Resolution: A valid end point is a data pin of a sequential cell or a primary output or inout port. Please validate that all the objects returned by your query belong to this list.
WARNING: [Constraints 18-401] set_max_delay: 'NIM_BLOCK/U353/U1/cnt_out_r[0]_i_8' is not a valid endpoint. [/home/rrivera/ots/srcs/otsdaq-firmware/cactus/projects/nim_plus_x/top/top.srcs/constrs_1/imports/ucf/clock_constraints.tcl:17]
Resolution: A valid end point is a data pin of a sequential cell or a primary output or inout port. Please validate that all the objects returned by your query belong to this list.
WARNING: [Constraints 18-401] set_max_delay: 'NIM_BLOCK/U353/U1/cnt_out_r[0]_i_7' is not a valid endpoint. [/home/rrivera/ots/srcs/otsdaq-firmware/cactus/projects/nim_plus_x/top/top.srcs/constrs_1/imports/ucf/clock_constraints.tcl:17]
Resolution: A valid end point is a data pin of a sequential cell or a primary output or inout port. Please validate that all the objects returned by your query belong to this list.
WARNING: [Constraints 18-401] set_max_delay: 'NIM_BLOCK/U353/U1/cnt_out_r[0]_i_9' is not a valid endpoint. [/home/rrivera/ots/srcs/otsdaq-firmware/cactus/projects/nim_plus_x/top/top.srcs/constrs_1/imports/ucf/clock_constraints.tcl:17]
Resolution: A valid end point is a data pin of a sequential cell or a primary output or inout port. Please validate that all the objects returned by your query belong to this list.
WARNING: [Constraints 18-401] set_max_delay: 'NIM_BLOCK/U353/U1/cnt_out_r[0]_i_6' is not a valid endpoint. [/home/rrivera/ots/srcs/otsdaq-firmware/cactus/projects/nim_plus_x/top/top.srcs/constrs_1/imports/ucf/clock_constraints.tcl:17]
Resolution: A valid end point is a data pin of a sequential cell or a primary output or inout port. Please validate that all the objects returned by your query belong to this list.
WARNING: [Constraints 18-401] set_max_delay: 'NIM_BLOCK/U353/U1/cnt_out_r[0]_i_5' is not a valid endpoint. [/home/rrivera/ots/srcs/otsdaq-firmware/cactus/projects/nim_plus_x/top/top.srcs/constrs_1/imports/ucf/clock_constraints.tcl:17]
Resolution: A valid end point is a data pin of a sequential cell or a primary output or inout port. Please validate that all the objects returned by your query belong to this list.
WARNING: [Constraints 18-401] set_max_delay: 'NIM_BLOCK/U353/U1/cnt_out_r[0]_i_4' is not a valid endpoint. [/home/rrivera/ots/srcs/otsdaq-firmware/cactus/projects/nim_plus_x/top/top.srcs/constrs_1/imports/ucf/clock_constraints.tcl:17]
Resolution: A valid end point is a data pin of a sequential cell or a primary output or inout port. Please validate that all the objects returned by your query belong to this list.
WARNING: [Constraints 18-401] set_max_delay: 'NIM_BLOCK/U353/U1/cnt_out_r[0]_i_2' is not a valid endpoint. [/home/rrivera/ots/srcs/otsdaq-firmware/cactus/projects/nim_plus_x/top/top.srcs/constrs_1/imports/ucf/clock_constraints.tcl:17]
Resolution: A valid end point is a data pin of a sequential cell or a primary output or inout port. Please validate that all the objects returned by your query belong to this list.
WARNING: [Constraints 18-401] set_max_delay: 'NIM_BLOCK/U353/U1/cnt_out_r[0]_i_10' is not a valid endpoint. [/home/rrivera/ots/srcs/otsdaq-firmware/cactus/projects/nim_plus_x/top/top.srcs/constrs_1/imports/ucf/clock_constraints.tcl:17]
Resolution: A valid end point is a data pin of a sequential cell or a primary output or inout port. Please validate that all the objects returned by your query belong to this list.
WARNING: [Constraints 18-401] set_max_delay: 'NIM_BLOCK/U353/U1/cnt_out_r[0]_i_1' is not a valid endpoint. [/home/rrivera/ots/srcs/otsdaq-firmware/cactus/projects/nim_plus_x/top/top.srcs/constrs_1/imports/ucf/clock_constraints.tcl:17]
Resolution: A valid end point is a data pin of a sequential cell or a primary output or inout port. Please validate that all the objects returned by your query belong to this list.
WARNING: [Constraints 18-401] set_max_delay: 'NIM_BLOCK/U353/U1/VCC' is not a valid endpoint. [/home/rrivera/ots/srcs/otsdaq-firmware/cactus/projects/nim_plus_x/top/top.srcs/constrs_1/imports/ucf/clock_constraints.tcl:17]
Resolution: A valid end point is a data pin of a sequential cell or a primary output or inout port. Please validate that all the objects returned by your query belong to this list.
WARNING: [Constraints 18-401] set_max_delay: 'NIM_BLOCK/U353/U1/GND' is not a valid endpoint. [/home/rrivera/ots/srcs/otsdaq-firmware/cactus/projects/nim_plus_x/top/top.srcs/constrs_1/imports/ucf/clock_constraints.tcl:17]
Resolution: A valid end point is a data pin of a sequential cell or a primary output or inout port. Please validate that all the objects returned by your query belong to this list.
WARNING: [Constraints 18-401] set_max_delay: 'NIM_BLOCK/U353/GND' is not a valid endpoint. [/home/rrivera/ots/srcs/otsdaq-firmware/cactus/projects/nim_plus_x/top/top.srcs/constrs_1/imports/ucf/clock_constraints.tcl:17]
Resolution: A valid end point is a data pin of a sequential cell or a primary output or inout port. Please validate that all the objects returned by your query belong to this list.
WARNING: [Constraints 18-401] set_max_delay: 'NIM_BLOCK/U353/U2/VCC' is not a valid endpoint. [/home/rrivera/ots/srcs/otsdaq-firmware/cactus/projects/nim_plus_x/top/top.srcs/constrs_1/imports/ucf/clock_constraints.tcl:17]
Resolution: A valid end point is a data pin of a sequential cell or a primary output or inout port. Please validate that all the objects returned by your query belong to this list.
WARNING: [Constraints 18-401] set_max_delay: 'NIM_BLOCK/U353/U2/GND' is not a valid endpoint. [/home/rrivera/ots/srcs/otsdaq-firmware/cactus/projects/nim_plus_x/top/top.srcs/constrs_1/imports/ucf/clock_constraints.tcl:17]
Resolution: A valid end point is a data pin of a sequential cell or a primary output or inout port. Please validate that all the objects returned by your query belong to this list.
WARNING: [Constraints 18-401] set_max_delay: 'NIM_BLOCK/U355/U1/int_cnt_out[27]_i_1' is not a valid endpoint. [/home/rrivera/ots/srcs/otsdaq-firmware/cactus/projects/nim_plus_x/top/top.srcs/constrs_1/imports/ucf/clock_constraints.tcl:18]
Resolution: A valid end point is a data pin of a sequential cell or a primary output or inout port. Please validate that all the objects returned by your query belong to this list.
WARNING: [Constraints 18-401] set_max_delay: 'NIM_BLOCK/U355/U1/cnt_out_r_reg[9]_i_2_CARRY4_GND' is not a valid endpoint. [/home/rrivera/ots/srcs/otsdaq-firmware/cactus/projects/nim_plus_x/top/top.srcs/constrs_1/imports/ucf/clock_constraints.tcl:18]
Resolution: A valid end point is a data pin of a sequential cell or a primary output or inout port. Please validate that all the objects returned by your query belong to this list.
WARNING: [Constraints 18-401] set_max_delay: 'NIM_BLOCK/U355/U1/cnt_out_r_reg[9]_i_2_CARRY4' is not a valid endpoint. [/home/rrivera/ots/srcs/otsdaq-firmware/cactus/projects/nim_plus_x/top/top.srcs/constrs_1/imports/ucf/clock_constraints.tcl:18]
Resolution: A valid end point is a data pin of a sequential cell or a primary output or inout port. Please validate that all the objects returned by your query belong to this list.
WARNING: [Constraints 18-401] set_max_delay: 'NIM_BLOCK/U355/U1/cnt_out_r_reg[5]_i_2_CARRY4_GND' is not a valid endpoint. [/home/rrivera/ots/srcs/otsdaq-firmware/cactus/projects/nim_plus_x/top/top.srcs/constrs_1/imports/ucf/clock_constraints.tcl:18]
Resolution: A valid end point is a data pin of a sequential cell or a primary output or inout port. Please validate that all the objects returned by your query belong to this list.
WARNING: [Constraints 18-401] set_max_delay: 'NIM_BLOCK/U355/U1/cnt_out_r_reg[5]_i_2_CARRY4' is not a valid endpoint. [/home/rrivera/ots/srcs/otsdaq-firmware/cactus/projects/nim_plus_x/top/top.srcs/constrs_1/imports/ucf/clock_constraints.tcl:18]
Resolution: A valid end point is a data pin of a sequential cell or a primary output or inout port. Please validate that all the objects returned by your query belong to this list.
WARNING: [Constraints 18-401] set_max_delay: 'NIM_BLOCK/U355/U1/cnt_out_r_reg[29]_i_2_CARRY4_GND' is not a valid endpoint. [/home/rrivera/ots/srcs/otsdaq-firmware/cactus/projects/nim_plus_x/top/top.srcs/constrs_1/imports/ucf/clock_constraints.tcl:18]
Resolution: A valid end point is a data pin of a sequential cell or a primary output or inout port. Please validate that all the objects returned by your query belong to this list.
WARNING: [Constraints 18-401] set_max_delay: 'NIM_BLOCK/U355/U1/cnt_out_r_reg[29]_i_2_CARRY4' is not a valid endpoint. [/home/rrivera/ots/srcs/otsdaq-firmware/cactus/projects/nim_plus_x/top/top.srcs/constrs_1/imports/ucf/clock_constraints.tcl:18]
Resolution: A valid end point is a data pin of a sequential cell or a primary output or inout port. Please validate that all the objects returned by your query belong to this list.
WARNING: [Constraints 18-401] set_max_delay: 'NIM_BLOCK/U355/U1/cnt_out_r_reg[25]_i_2_CARRY4_GND' is not a valid endpoint. [/home/rrivera/ots/srcs/otsdaq-firmware/cactus/projects/nim_plus_x/top/top.srcs/constrs_1/imports/ucf/clock_constraints.tcl:18]
Resolution: A valid end point is a data pin of a sequential cell or a primary output or inout port. Please validate that all the objects returned by your query belong to this list.
WARNING: [Constraints 18-401] set_max_delay: 'NIM_BLOCK/U355/U1/cnt_out_r_reg[25]_i_2_CARRY4' is not a valid endpoint. [/home/rrivera/ots/srcs/otsdaq-firmware/cactus/projects/nim_plus_x/top/top.srcs/constrs_1/imports/ucf/clock_constraints.tcl:18]
Resolution: A valid end point is a data pin of a sequential cell or a primary output or inout port. Please validate that all the objects returned by your query belong to this list.
WARNING: [Constraints 18-401] set_max_delay: 'NIM_BLOCK/U355/U1/cnt_out_r_reg[21]_i_2_CARRY4_GND' is not a valid endpoint. [/home/rrivera/ots/srcs/otsdaq-firmware/cactus/projects/nim_plus_x/top/top.srcs/constrs_1/imports/ucf/clock_constraints.tcl:18]
Resolution: A valid end point is a data pin of a sequential cell or a primary output or inout port. Please validate that all the objects returned by your query belong to this list.
WARNING: [Constraints 18-401] set_max_delay: 'NIM_BLOCK/U355/U1/cnt_out_r_reg[21]_i_2_CARRY4' is not a valid endpoint. [/home/rrivera/ots/srcs/otsdaq-firmware/cactus/projects/nim_plus_x/top/top.srcs/constrs_1/imports/ucf/clock_constraints.tcl:18]
Resolution: A valid end point is a data pin of a sequential cell or a primary output or inout port. Please validate that all the objects returned by your query belong to this list.
WARNING: [Constraints 18-401] set_max_delay: 'NIM_BLOCK/U355/U1/cnt_out_r_reg[1]_i_2_CARRY4_GND' is not a valid endpoint. [/home/rrivera/ots/srcs/otsdaq-firmware/cactus/projects/nim_plus_x/top/top.srcs/constrs_1/imports/ucf/clock_constraints.tcl:18]
Resolution: A valid end point is a data pin of a sequential cell or a primary output or inout port. Please validate that all the objects returned by your query belong to this list.
WARNING: [Constraints 18-401] set_max_delay: 'NIM_BLOCK/U355/U1/cnt_out_r_reg[1]_i_2_CARRY4' is not a valid endpoint. [/home/rrivera/ots/srcs/otsdaq-firmware/cactus/projects/nim_plus_x/top/top.srcs/constrs_1/imports/ucf/clock_constraints.tcl:18]
Resolution: A valid end point is a data pin of a sequential cell or a primary output or inout port. Please validate that all the objects returned by your query belong to this list.
WARNING: [Constraints 18-401] set_max_delay: 'NIM_BLOCK/U355/U1/cnt_out_r_reg[17]_i_2_CARRY4_GND' is not a valid endpoint. [/home/rrivera/ots/srcs/otsdaq-firmware/cactus/projects/nim_plus_x/top/top.srcs/constrs_1/imports/ucf/clock_constraints.tcl:18]
Resolution: A valid end point is a data pin of a sequential cell or a primary output or inout port. Please validate that all the objects returned by your query belong to this list.
WARNING: [Constraints 18-401] set_max_delay: 'NIM_BLOCK/U355/U1/cnt_out_r_reg[17]_i_2_CARRY4' is not a valid endpoint. [/home/rrivera/ots/srcs/otsdaq-firmware/cactus/projects/nim_plus_x/top/top.srcs/constrs_1/imports/ucf/clock_constraints.tcl:18]
Resolution: A valid end point is a data pin of a sequential cell or a primary output or inout port. Please validate that all the objects returned by your query belong to this list.
WARNING: [Constraints 18-401] set_max_delay: 'NIM_BLOCK/U355/U1/cnt_out_r_reg[13]_i_2_CARRY4_GND' is not a valid endpoint. [/home/rrivera/ots/srcs/otsdaq-firmware/cactus/projects/nim_plus_x/top/top.srcs/constrs_1/imports/ucf/clock_constraints.tcl:18]
Resolution: A valid end point is a data pin of a sequential cell or a primary output or inout port. Please validate that all the objects returned by your query belong to this list.
WARNING: [Constraints 18-401] set_max_delay: 'NIM_BLOCK/U355/U1/cnt_out_r_reg[13]_i_2_CARRY4' is not a valid endpoint. [/home/rrivera/ots/srcs/otsdaq-firmware/cactus/projects/nim_plus_x/top/top.srcs/constrs_1/imports/ucf/clock_constraints.tcl:18]
Resolution: A valid end point is a data pin of a sequential cell or a primary output or inout port. Please validate that all the objects returned by your query belong to this list.
WARNING: [Constraints 18-401] set_max_delay: 'NIM_BLOCK/U355/U1/cnt_out_r[0]_i_8' is not a valid endpoint. [/home/rrivera/ots/srcs/otsdaq-firmware/cactus/projects/nim_plus_x/top/top.srcs/constrs_1/imports/ucf/clock_constraints.tcl:18]
Resolution: A valid end point is a data pin of a sequential cell or a primary output or inout port. Please validate that all the objects returned by your query belong to this list.
WARNING: [Constraints 18-401] set_max_delay: 'NIM_BLOCK/U355/U1/cnt_out_r[0]_i_7' is not a valid endpoint. [/home/rrivera/ots/srcs/otsdaq-firmware/cactus/projects/nim_plus_x/top/top.srcs/constrs_1/imports/ucf/clock_constraints.tcl:18]
Resolution: A valid end point is a data pin of a sequential cell or a primary output or inout port. Please validate that all the objects returned by your query belong to this list.
WARNING: [Constraints 18-401] set_max_delay: 'NIM_BLOCK/U355/U1/cnt_out_r[0]_i_9' is not a valid endpoint. [/home/rrivera/ots/srcs/otsdaq-firmware/cactus/projects/nim_plus_x/top/top.srcs/constrs_1/imports/ucf/clock_constraints.tcl:18]
Resolution: A valid end point is a data pin of a sequential cell or a primary output or inout port. Please validate that all the objects returned by your query belong to this list.
WARNING: [Constraints 18-401] set_max_delay: 'NIM_BLOCK/U355/U1/cnt_out_r[0]_i_6' is not a valid endpoint. [/home/rrivera/ots/srcs/otsdaq-firmware/cactus/projects/nim_plus_x/top/top.srcs/constrs_1/imports/ucf/clock_constraints.tcl:18]
Resolution: A valid end point is a data pin of a sequential cell or a primary output or inout port. Please validate that all the objects returned by your query belong to this list.
WARNING: [Constraints 18-401] set_max_delay: 'NIM_BLOCK/U355/U1/cnt_out_r[0]_i_5' is not a valid endpoint. [/home/rrivera/ots/srcs/otsdaq-firmware/cactus/projects/nim_plus_x/top/top.srcs/constrs_1/imports/ucf/clock_constraints.tcl:18]
Resolution: A valid end point is a data pin of a sequential cell or a primary output or inout port. Please validate that all the objects returned by your query belong to this list.
WARNING: [Constraints 18-401] set_max_delay: 'NIM_BLOCK/U355/U1/cnt_out_r[0]_i_4' is not a valid endpoint. [/home/rrivera/ots/srcs/otsdaq-firmware/cactus/projects/nim_plus_x/top/top.srcs/constrs_1/imports/ucf/clock_constraints.tcl:18]
Resolution: A valid end point is a data pin of a sequential cell or a primary output or inout port. Please validate that all the objects returned by your query belong to this list.
WARNING: [Constraints 18-401] set_max_delay: 'NIM_BLOCK/U355/U1/cnt_out_r[0]_i_2' is not a valid endpoint. [/home/rrivera/ots/srcs/otsdaq-firmware/cactus/projects/nim_plus_x/top/top.srcs/constrs_1/imports/ucf/clock_constraints.tcl:18]
Resolution: A valid end point is a data pin of a sequential cell or a primary output or inout port. Please validate that all the objects returned by your query belong to this list.
WARNING: [Constraints 18-401] set_max_delay: 'NIM_BLOCK/U355/U1/cnt_out_r[0]_i_10' is not a valid endpoint. [/home/rrivera/ots/srcs/otsdaq-firmware/cactus/projects/nim_plus_x/top/top.srcs/constrs_1/imports/ucf/clock_constraints.tcl:18]
Resolution: A valid end point is a data pin of a sequential cell or a primary output or inout port. Please validate that all the objects returned by your query belong to this list.
WARNING: [Constraints 18-401] set_max_delay: 'NIM_BLOCK/U355/U1/cnt_out_r[0]_i_1' is not a valid endpoint. [/home/rrivera/ots/srcs/otsdaq-firmware/cactus/projects/nim_plus_x/top/top.srcs/constrs_1/imports/ucf/clock_constraints.tcl:18]
Resolution: A valid end point is a data pin of a sequential cell or a primary output or inout port. Please validate that all the objects returned by your query belong to this list.
WARNING: [Constraints 18-401] set_max_delay: 'NIM_BLOCK/U355/U1/VCC' is not a valid endpoint. [/home/rrivera/ots/srcs/otsdaq-firmware/cactus/projects/nim_plus_x/top/top.srcs/constrs_1/imports/ucf/clock_constraints.tcl:18]
Resolution: A valid end point is a data pin of a sequential cell or a primary output or inout port. Please validate that all the objects returned by your query belong to this list.
WARNING: [Constraints 18-401] set_max_delay: 'NIM_BLOCK/U355/U1/GND' is not a valid endpoint. [/home/rrivera/ots/srcs/otsdaq-firmware/cactus/projects/nim_plus_x/top/top.srcs/constrs_1/imports/ucf/clock_constraints.tcl:18]
Resolution: A valid end point is a data pin of a sequential cell or a primary output or inout port. Please validate that all the objects returned by your query belong to this list.
WARNING: [Constraints 18-401] set_max_delay: 'NIM_BLOCK/U355/GND' is not a valid endpoint. [/home/rrivera/ots/srcs/otsdaq-firmware/cactus/projects/nim_plus_x/top/top.srcs/constrs_1/imports/ucf/clock_constraints.tcl:18]
Resolution: A valid end point is a data pin of a sequential cell or a primary output or inout port. Please validate that all the objects returned by your query belong to this list.
WARNING: [Constraints 18-401] set_max_delay: 'NIM_BLOCK/U355/U2/VCC' is not a valid endpoint. [/home/rrivera/ots/srcs/otsdaq-firmware/cactus/projects/nim_plus_x/top/top.srcs/constrs_1/imports/ucf/clock_constraints.tcl:18]
Resolution: A valid end point is a data pin of a sequential cell or a primary output or inout port. Please validate that all the objects returned by your query belong to this list.
WARNING: [Constraints 18-401] set_max_delay: 'NIM_BLOCK/U355/U2/GND' is not a valid endpoint. [/home/rrivera/ots/srcs/otsdaq-firmware/cactus/projects/nim_plus_x/top/top.srcs/constrs_1/imports/ucf/clock_constraints.tcl:18]
Resolution: A valid end point is a data pin of a sequential cell or a primary output or inout port. Please validate that all the objects returned by your query belong to this list.
WARNING: [Constraints 18-401] set_max_delay: 'NIM_BLOCK/U357/U1/int_cnt_out[27]_i_1' is not a valid endpoint. [/home/rrivera/ots/srcs/otsdaq-firmware/cactus/projects/nim_plus_x/top/top.srcs/constrs_1/imports/ucf/clock_constraints.tcl:19]
Resolution: A valid end point is a data pin of a sequential cell or a primary output or inout port. Please validate that all the objects returned by your query belong to this list.
WARNING: [Constraints 18-401] set_max_delay: 'NIM_BLOCK/U357/U1/cnt_out_r_reg[9]_i_2_CARRY4_GND' is not a valid endpoint. [/home/rrivera/ots/srcs/otsdaq-firmware/cactus/projects/nim_plus_x/top/top.srcs/constrs_1/imports/ucf/clock_constraints.tcl:19]
Resolution: A valid end point is a data pin of a sequential cell or a primary output or inout port. Please validate that all the objects returned by your query belong to this list.
WARNING: [Constraints 18-401] set_max_delay: 'NIM_BLOCK/U357/U1/cnt_out_r_reg[9]_i_2_CARRY4' is not a valid endpoint. [/home/rrivera/ots/srcs/otsdaq-firmware/cactus/projects/nim_plus_x/top/top.srcs/constrs_1/imports/ucf/clock_constraints.tcl:19]
Resolution: A valid end point is a data pin of a sequential cell or a primary output or inout port. Please validate that all the objects returned by your query belong to this list.
WARNING: [Constraints 18-401] set_max_delay: 'NIM_BLOCK/U357/U1/cnt_out_r_reg[5]_i_2_CARRY4_GND' is not a valid endpoint. [/home/rrivera/ots/srcs/otsdaq-firmware/cactus/projects/nim_plus_x/top/top.srcs/constrs_1/imports/ucf/clock_constraints.tcl:19]
Resolution: A valid end point is a data pin of a sequential cell or a primary output or inout port. Please validate that all the objects returned by your query belong to this list.
WARNING: [Constraints 18-401] set_max_delay: 'NIM_BLOCK/U357/U1/cnt_out_r_reg[5]_i_2_CARRY4' is not a valid endpoint. [/home/rrivera/ots/srcs/otsdaq-firmware/cactus/projects/nim_plus_x/top/top.srcs/constrs_1/imports/ucf/clock_constraints.tcl:19]
Resolution: A valid end point is a data pin of a sequential cell or a primary output or inout port. Please validate that all the objects returned by your query belong to this list.
WARNING: [Constraints 18-401] set_max_delay: 'NIM_BLOCK/U357/U1/cnt_out_r_reg[29]_i_2_CARRY4_GND' is not a valid endpoint. [/home/rrivera/ots/srcs/otsdaq-firmware/cactus/projects/nim_plus_x/top/top.srcs/constrs_1/imports/ucf/clock_constraints.tcl:19]
Resolution: A valid end point is a data pin of a sequential cell or a primary output or inout port. Please validate that all the objects returned by your query belong to this list.
WARNING: [Constraints 18-401] set_max_delay: 'NIM_BLOCK/U357/U1/cnt_out_r_reg[29]_i_2_CARRY4' is not a valid endpoint. [/home/rrivera/ots/srcs/otsdaq-firmware/cactus/projects/nim_plus_x/top/top.srcs/constrs_1/imports/ucf/clock_constraints.tcl:19]
Resolution: A valid end point is a data pin of a sequential cell or a primary output or inout port. Please validate that all the objects returned by your query belong to this list.
INFO: [Common 17-14] Message 'Constraints 18-401' appears 100 times and further instances of the messages will be disabled. Use the Tcl command set_msg_config to change the current settings.
INFO: [Timing 38-35] Done setting XDC timing constraints.
INFO: [Timing 38-2] Deriving generated clocks

Starting Logic Optimization Task

Phase 1 Generate And Synthesize Debug Cores
INFO: [IP_Flow 19-234] Refreshing IP repositories
INFO: [IP_Flow 19-1700] Loaded user IP repository '/home/rrivera/ots/srcs/otsdaq-firmware/cactus/projects/nim_plus_x/top/top.cache/ip'.
INFO: [IP_Flow 19-2313] Loaded Vivado IP repository '/opt/local/xilinx/Vivado/2015.2/data/ip'.
INFO: [IP_Flow 19-3806] Processing IP xilinx.com:ip:xsdbm:1.1 for cell dbg_hub_CV.
INFO: [Chipscope 16-220] Re-using generated and synthesized IP, "xilinx.com:ip:xsdbm:1.1", from Vivado IP cache entry "60ce41d909435c59".
INFO: [IP_Flow 19-3806] Processing IP xilinx.com:ip:ila:5.1 for cell u_ila_0_CV.
INFO: [Chipscope 16-220] Re-using generated and synthesized IP, "xilinx.com:ip:ila:5.1", from Vivado IP cache entry "21c2e7b47e874d3d".
Netlist sorting complete. Time (s): cpu = 00:00:00.06 ; elapsed = 00:00:00.05 . Memory (MB): peak = 2092.613 ; gain = 0.000 ; free physical = 4822 ; free virtual = 40859
Phase 1 Generate And Synthesize Debug Cores | Checksum: 141548c87

Time (s): cpu = 00:01:00 ; elapsed = 00:01:02 . Memory (MB): peak = 2092.613 ; gain = 160.055 ; free physical = 4822 ; free virtual = 40858
INFO: [Timing 38-35] Done setting XDC timing constraints.

Phase 2 Retarget

INFO: [Opt 31-138] Pushed 21 inverter(s) to 22 load pin(s).
INFO: [Opt 31-274] Optimized connectivity to 4 cascaded BUFGCE cells
INFO: [Opt 31-49] Retargeted 0 cell(s).
Phase 2 Retarget | Checksum: 24af8009f

Time (s): cpu = 00:01:04 ; elapsed = 00:01:05 . Memory (MB): peak = 2114.613 ; gain = 182.055 ; free physical = 4808 ; free virtual = 40845

Phase 3 Constant Propagation
INFO: [Opt 31-138] Pushed 0 inverter(s) to 0 load pin(s).
INFO: [Opt 31-10] Eliminated 5983 cells.
Phase 3 Constant Propagation | Checksum: 20928ff15

Time (s): cpu = 00:01:08 ; elapsed = 00:01:08 . Memory (MB): peak = 2114.613 ; gain = 182.055 ; free physical = 4802 ; free virtual = 40838

Phase 4 Sweep
INFO: [Opt 31-12] Eliminated 9315 unconnected nets.
INFO: [Opt 31-11] Eliminated 3559 unconnected cells.
Phase 4 Sweep | Checksum: 155588b99

Time (s): cpu = 00:01:10 ; elapsed = 00:01:10 . Memory (MB): peak = 2114.613 ; gain = 182.055 ; free physical = 4800 ; free virtual = 40836

Starting Connectivity Check Task

Time (s): cpu = 00:00:00.03 ; elapsed = 00:00:00.03 . Memory (MB): peak = 2114.613 ; gain = 0.000 ; free physical = 4800 ; free virtual = 40836
Ending Logic Optimization Task | Checksum: 155588b99

Time (s): cpu = 00:01:10 ; elapsed = 00:01:10 . Memory (MB): peak = 2114.613 ; gain = 182.055 ; free physical = 4799 ; free virtual = 40835
Implement Debug Cores | Checksum: 19f2ec65d
Logic Optimization | Checksum: 137d09311

Starting Power Optimization Task
INFO: [Pwropt 34-132] Skipping clock gating for clocks with a period < 3.12 ns.
INFO: [Pwropt 34-9] Applying IDT optimizations ...
INFO: [Pwropt 34-10] Applying ODC optimizations ...


Starting PowerOpt Patch Enables Task
INFO: [Pwropt 34-162] WRITE_MODE attribute of 0 BRAM(s) out of a total of 3 has been updated to save power. Run report_power_opt to get a complete listing of the BRAMs updated.
INFO: [Pwropt 34-201] Structural ODC has moved 0 WE to EN ports
Number of BRAM Ports augmented: 0 newly gated: 0 Total Ports: 6
Ending PowerOpt Patch Enables Task | Checksum: 155588b99

Time (s): cpu = 00:00:00.01 ; elapsed = 00:00:00.01 . Memory (MB): peak = 2178.621 ; gain = 0.000 ; free physical = 4746 ; free virtual = 40782
Ending Power Optimization Task | Checksum: 155588b99

Time (s): cpu = 00:00:02 ; elapsed = 00:00:01 . Memory (MB): peak = 2178.621 ; gain = 64.008 ; free physical = 4746 ; free virtual = 40782
INFO: [Common 17-83] Releasing license: Implementation
59 Infos, 203 Warnings, 0 Critical Warnings and 0 Errors encountered.
opt_design completed successfully
opt_design: Time (s): cpu = 00:01:14 ; elapsed = 00:01:13 . Memory (MB): peak = 2178.621 ; gain = 268.094 ; free physical = 4746 ; free virtual = 40782
Writing placer database...
Writing XDEF routing.
Writing XDEF routing logical nets.
Writing XDEF routing special nets.
Write XDEF Complete: Time (s): cpu = 00:00:00.04 ; elapsed = 00:00:00.01 . Memory (MB): peak = 2218.629 ; gain = 0.000 ; free physical = 4746 ; free virtual = 40783
INFO: [DRC 23-27] Running DRC with 8 threads
INFO: [Coretcl 2-168] The results of DRC are in file /home/rrivera/ots/srcs/otsdaq-firmware/cactus/projects/nim_plus_x/top/top.runs/impl_1/top_drc_opted.rpt.
INFO: [#UNDEF] Cannot write hardware definition file as there are no IPI block design hardware handoff files present
Command: place_design
Attempting to get a license for feature 'Implementation' and/or device 'xc7k325t'
INFO: [Common 17-349] Got license for feature 'Implementation' and/or device 'xc7k325t'
INFO: [Common 17-1223] The version limit for your license is '2018.05' and will expire in 17 days. A version limit expiration means that, although you may be able to continue to use the current version of tools or IP with this license, you will not be eligible for any updates or new releases.
INFO: [DRC 23-27] Running DRC with 8 threads
INFO: [Vivado_Tcl 4-198] DRC finished with 0 Errors
INFO: [Vivado_Tcl 4-199] Please refer to the DRC report (report_drc) for more information.
Running DRC as a precondition to command place_design
INFO: [DRC 23-27] Running DRC with 8 threads
INFO: [Vivado_Tcl 4-198] DRC finished with 0 Errors
INFO: [Vivado_Tcl 4-199] Please refer to the DRC report (report_drc) for more information.

Starting Placer Task
INFO: [Place 30-611] Multithreading enabled for place_design using a maximum of 8 CPUs

Phase 1 Placer Runtime Estimator
Phase 1 Placer Runtime Estimator | Checksum: 1428659d2

Time (s): cpu = 00:00:00.22 ; elapsed = 00:00:00.23 . Memory (MB): peak = 2218.629 ; gain = 0.000 ; free physical = 4710 ; free virtual = 40750

Phase 2 Placer Initialization
Netlist sorting complete. Time (s): cpu = 00:00:00.02 ; elapsed = 00:00:00.02 . Memory (MB): peak = 2218.629 ; gain = 0.000 ; free physical = 4710 ; free virtual = 40750
Netlist sorting complete. Time (s): cpu = 00:00:00.02 ; elapsed = 00:00:00.02 . Memory (MB): peak = 2218.629 ; gain = 0.000 ; free physical = 4711 ; free virtual = 40751

Phase 2.1 IO Placement/ Clock Placement/ Build Placer Device

Phase 2.1.1 Pre-Place Cells
Phase 2.1.1 Pre-Place Cells | Checksum: 81665afa

Time (s): cpu = 00:00:00.44 ; elapsed = 00:00:00.45 . Memory (MB): peak = 2218.629 ; gain = 0.000 ; free physical = 4711 ; free virtual = 40751
WARNING: [Constraints 18-401] set_max_delay: 'NIM_BLOCK/U351/U1/cnt_out_r_reg[13]_i_2_CARRY4_GND' is not a valid endpoint. [/home/rrivera/ots/srcs/otsdaq-firmware/cactus/projects/nim_plus_x/top/top.srcs/constrs_1/imports/ucf/clock_constraints.tcl:16]
Resolution: A valid end point is a data pin of a sequential cell or a primary output or inout port. Please validate that all the objects returned by your query belong to this list.
WARNING: [Constraints 18-401] set_max_delay: 'NIM_BLOCK/U351/U1/cnt_out_r_reg[13]_i_2_CARRY4' is not a valid endpoint. [/home/rrivera/ots/srcs/otsdaq-firmware/cactus/projects/nim_plus_x/top/top.srcs/constrs_1/imports/ucf/clock_constraints.tcl:16]
Resolution: A valid end point is a data pin of a sequential cell or a primary output or inout port. Please validate that all the objects returned by your query belong to this list.
WARNING: [Constraints 18-401] set_max_delay: 'NIM_BLOCK/U351/U1/cnt_out_r[0]_i_8' is not a valid endpoint. [/home/rrivera/ots/srcs/otsdaq-firmware/cactus/projects/nim_plus_x/top/top.srcs/constrs_1/imports/ucf/clock_constraints.tcl:16]
Resolution: A valid end point is a data pin of a sequential cell or a primary output or inout port. Please validate that all the objects returned by your query belong to this list.
WARNING: [Constraints 18-401] set_max_delay: 'NIM_BLOCK/U351/U1/cnt_out_r[0]_i_7' is not a valid endpoint. [/home/rrivera/ots/srcs/otsdaq-firmware/cactus/projects/nim_plus_x/top/top.srcs/constrs_1/imports/ucf/clock_constraints.tcl:16]
Resolution: A valid end point is a data pin of a sequential cell or a primary output or inout port. Please validate that all the objects returned by your query belong to this list.
WARNING: [Constraints 18-401] set_max_delay: 'NIM_BLOCK/U351/U1/cnt_out_r[0]_i_9' is not a valid endpoint. [/home/rrivera/ots/srcs/otsdaq-firmware/cactus/projects/nim_plus_x/top/top.srcs/constrs_1/imports/ucf/clock_constraints.tcl:16]
Resolution: A valid end point is a data pin of a sequential cell or a primary output or inout port. Please validate that all the objects returned by your query belong to this list.
WARNING: [Constraints 18-401] set_max_delay: 'NIM_BLOCK/U351/U1/cnt_out_r[0]_i_6' is not a valid endpoint. [/home/rrivera/ots/srcs/otsdaq-firmware/cactus/projects/nim_plus_x/top/top.srcs/constrs_1/imports/ucf/clock_constraints.tcl:16]
Resolution: A valid end point is a data pin of a sequential cell or a primary output or inout port. Please validate that all the objects returned by your query belong to this list.
WARNING: [Constraints 18-401] set_max_delay: 'NIM_BLOCK/U351/U1/cnt_out_r[0]_i_5' is not a valid endpoint. [/home/rrivera/ots/srcs/otsdaq-firmware/cactus/projects/nim_plus_x/top/top.srcs/constrs_1/imports/ucf/clock_constraints.tcl:16]
Resolution: A valid end point is a data pin of a sequential cell or a primary output or inout port. Please validate that all the objects returned by your query belong to this list.
WARNING: [Constraints 18-401] set_max_delay: 'NIM_BLOCK/U351/U1/cnt_out_r[0]_i_4' is not a valid endpoint. [/home/rrivera/ots/srcs/otsdaq-firmware/cactus/projects/nim_plus_x/top/top.srcs/constrs_1/imports/ucf/clock_constraints.tcl:16]
Resolution: A valid end point is a data pin of a sequential cell or a primary output or inout port. Please validate that all the objects returned by your query belong to this list.
WARNING: [Constraints 18-401] set_max_delay: 'NIM_BLOCK/U351/U1/cnt_out_r[0]_i_2' is not a valid endpoint. [/home/rrivera/ots/srcs/otsdaq-firmware/cactus/projects/nim_plus_x/top/top.srcs/constrs_1/imports/ucf/clock_constraints.tcl:16]
Resolution: A valid end point is a data pin of a sequential cell or a primary output or inout port. Please validate that all the objects returned by your query belong to this list.
WARNING: [Constraints 18-401] set_max_delay: 'NIM_BLOCK/U351/U1/cnt_out_r[0]_i_10' is not a valid endpoint. [/home/rrivera/ots/srcs/otsdaq-firmware/cactus/projects/nim_plus_x/top/top.srcs/constrs_1/imports/ucf/clock_constraints.tcl:16]
Resolution: A valid end point is a data pin of a sequential cell or a primary output or inout port. Please validate that all the objects returned by your query belong to this list.
WARNING: [Constraints 18-401] set_max_delay: 'NIM_BLOCK/U351/U1/cnt_out_r[0]_i_1' is not a valid endpoint. [/home/rrivera/ots/srcs/otsdaq-firmware/cactus/projects/nim_plus_x/top/top.srcs/constrs_1/imports/ucf/clock_constraints.tcl:16]
Resolution: A valid end point is a data pin of a sequential cell or a primary output or inout port. Please validate that all the objects returned by your query belong to this list.
WARNING: [Constraints 18-401] set_max_delay: 'NIM_BLOCK/U351/U1/VCC' is not a valid endpoint. [/home/rrivera/ots/srcs/otsdaq-firmware/cactus/projects/nim_plus_x/top/top.srcs/constrs_1/imports/ucf/clock_constraints.tcl:16]
Resolution: A valid end point is a data pin of a sequential cell or a primary output or inout port. Please validate that all the objects returned by your query belong to this list.
WARNING: [Constraints 18-401] set_max_delay: 'NIM_BLOCK/U351/U1/GND' is not a valid endpoint. [/home/rrivera/ots/srcs/otsdaq-firmware/cactus/projects/nim_plus_x/top/top.srcs/constrs_1/imports/ucf/clock_constraints.tcl:16]
Resolution: A valid end point is a data pin of a sequential cell or a primary output or inout port. Please validate that all the objects returned by your query belong to this list.
WARNING: [Constraints 18-401] set_max_delay: 'NIM_BLOCK/U351/U1/int_cnt_out[27]_i_1' is not a valid endpoint. [/home/rrivera/ots/srcs/otsdaq-firmware/cactus/projects/nim_plus_x/top/top.srcs/constrs_1/imports/ucf/clock_constraints.tcl:16]
Resolution: A valid end point is a data pin of a sequential cell or a primary output or inout port. Please validate that all the objects returned by your query belong to this list.
WARNING: [Constraints 18-401] set_max_delay: 'NIM_BLOCK/U351/U1/cnt_out_r_reg[9]_i_2_CARRY4_GND' is not a valid endpoint. [/home/rrivera/ots/srcs/otsdaq-firmware/cactus/projects/nim_plus_x/top/top.srcs/constrs_1/imports/ucf/clock_constraints.tcl:16]
Resolution: A valid end point is a data pin of a sequential cell or a primary output or inout port. Please validate that all the objects returned by your query belong to this list.
WARNING: [Constraints 18-401] set_max_delay: 'NIM_BLOCK/U351/U1/cnt_out_r_reg[9]_i_2_CARRY4' is not a valid endpoint. [/home/rrivera/ots/srcs/otsdaq-firmware/cactus/projects/nim_plus_x/top/top.srcs/constrs_1/imports/ucf/clock_constraints.tcl:16]
Resolution: A valid end point is a data pin of a sequential cell or a primary output or inout port. Please validate that all the objects returned by your query belong to this list.
WARNING: [Constraints 18-401] set_max_delay: 'NIM_BLOCK/U351/U1/cnt_out_r_reg[5]_i_2_CARRY4_GND' is not a valid endpoint. [/home/rrivera/ots/srcs/otsdaq-firmware/cactus/projects/nim_plus_x/top/top.srcs/constrs_1/imports/ucf/clock_constraints.tcl:16]
Resolution: A valid end point is a data pin of a sequential cell or a primary output or inout port. Please validate that all the objects returned by your query belong to this list.
WARNING: [Constraints 18-401] set_max_delay: 'NIM_BLOCK/U351/U1/cnt_out_r_reg[5]_i_2_CARRY4' is not a valid endpoint. [/home/rrivera/ots/srcs/otsdaq-firmware/cactus/projects/nim_plus_x/top/top.srcs/constrs_1/imports/ucf/clock_constraints.tcl:16]
Resolution: A valid end point is a data pin of a sequential cell or a primary output or inout port. Please validate that all the objects returned by your query belong to this list.
WARNING: [Constraints 18-401] set_max_delay: 'NIM_BLOCK/U351/U1/cnt_out_r_reg[29]_i_2_CARRY4_GND' is not a valid endpoint. [/home/rrivera/ots/srcs/otsdaq-firmware/cactus/projects/nim_plus_x/top/top.srcs/constrs_1/imports/ucf/clock_constraints.tcl:16]
Resolution: A valid end point is a data pin of a sequential cell or a primary output or inout port. Please validate that all the objects returned by your query belong to this list.
WARNING: [Constraints 18-401] set_max_delay: 'NIM_BLOCK/U351/U1/cnt_out_r_reg[29]_i_2_CARRY4' is not a valid endpoint. [/home/rrivera/ots/srcs/otsdaq-firmware/cactus/projects/nim_plus_x/top/top.srcs/constrs_1/imports/ucf/clock_constraints.tcl:16]
Resolution: A valid end point is a data pin of a sequential cell or a primary output or inout port. Please validate that all the objects returned by your query belong to this list.
WARNING: [Constraints 18-401] set_max_delay: 'NIM_BLOCK/U351/U1/cnt_out_r_reg[25]_i_2_CARRY4_GND' is not a valid endpoint. [/home/rrivera/ots/srcs/otsdaq-firmware/cactus/projects/nim_plus_x/top/top.srcs/constrs_1/imports/ucf/clock_constraints.tcl:16]
Resolution: A valid end point is a data pin of a sequential cell or a primary output or inout port. Please validate that all the objects returned by your query belong to this list.
WARNING: [Constraints 18-401] set_max_delay: 'NIM_BLOCK/U351/U1/cnt_out_r_reg[25]_i_2_CARRY4' is not a valid endpoint. [/home/rrivera/ots/srcs/otsdaq-firmware/cactus/projects/nim_plus_x/top/top.srcs/constrs_1/imports/ucf/clock_constraints.tcl:16]
Resolution: A valid end point is a data pin of a sequential cell or a primary output or inout port. Please validate that all the objects returned by your query belong to this list.
WARNING: [Constraints 18-401] set_max_delay: 'NIM_BLOCK/U351/U1/cnt_out_r_reg[21]_i_2_CARRY4_GND' is not a valid endpoint. [/home/rrivera/ots/srcs/otsdaq-firmware/cactus/projects/nim_plus_x/top/top.srcs/constrs_1/imports/ucf/clock_constraints.tcl:16]
Resolution: A valid end point is a data pin of a sequential cell or a primary output or inout port. Please validate that all the objects returned by your query belong to this list.
WARNING: [Constraints 18-401] set_max_delay: 'NIM_BLOCK/U351/U1/cnt_out_r_reg[21]_i_2_CARRY4' is not a valid endpoint. [/home/rrivera/ots/srcs/otsdaq-firmware/cactus/projects/nim_plus_x/top/top.srcs/constrs_1/imports/ucf/clock_constraints.tcl:16]
Resolution: A valid end point is a data pin of a sequential cell or a primary output or inout port. Please validate that all the objects returned by your query belong to this list.
WARNING: [Constraints 18-401] set_max_delay: 'NIM_BLOCK/U351/U1/cnt_out_r_reg[1]_i_2_CARRY4_GND' is not a valid endpoint. [/home/rrivera/ots/srcs/otsdaq-firmware/cactus/projects/nim_plus_x/top/top.srcs/constrs_1/imports/ucf/clock_constraints.tcl:16]
Resolution: A valid end point is a data pin of a sequential cell or a primary output or inout port. Please validate that all the objects returned by your query belong to this list.
WARNING: [Constraints 18-401] set_max_delay: 'NIM_BLOCK/U351/U1/cnt_out_r_reg[1]_i_2_CARRY4' is not a valid endpoint. [/home/rrivera/ots/srcs/otsdaq-firmware/cactus/projects/nim_plus_x/top/top.srcs/constrs_1/imports/ucf/clock_constraints.tcl:16]
Resolution: A valid end point is a data pin of a sequential cell or a primary output or inout port. Please validate that all the objects returned by your query belong to this list.
WARNING: [Constraints 18-401] set_max_delay: 'NIM_BLOCK/U351/U1/cnt_out_r_reg[17]_i_2_CARRY4_GND' is not a valid endpoint. [/home/rrivera/ots/srcs/otsdaq-firmware/cactus/projects/nim_plus_x/top/top.srcs/constrs_1/imports/ucf/clock_constraints.tcl:16]
Resolution: A valid end point is a data pin of a sequential cell or a primary output or inout port. Please validate that all the objects returned by your query belong to this list.
WARNING: [Constraints 18-401] set_max_delay: 'NIM_BLOCK/U351/U1/cnt_out_r_reg[17]_i_2_CARRY4' is not a valid endpoint. [/home/rrivera/ots/srcs/otsdaq-firmware/cactus/projects/nim_plus_x/top/top.srcs/constrs_1/imports/ucf/clock_constraints.tcl:16]
Resolution: A valid end point is a data pin of a sequential cell or a primary output or inout port. Please validate that all the objects returned by your query belong to this list.
WARNING: [Constraints 18-401] set_max_delay: 'NIM_BLOCK/U351/U2/VCC' is not a valid endpoint. [/home/rrivera/ots/srcs/otsdaq-firmware/cactus/projects/nim_plus_x/top/top.srcs/constrs_1/imports/ucf/clock_constraints.tcl:16]
Resolution: A valid end point is a data pin of a sequential cell or a primary output or inout port. Please validate that all the objects returned by your query belong to this list.
WARNING: [Constraints 18-401] set_max_delay: 'NIM_BLOCK/U351/U2/GND' is not a valid endpoint. [/home/rrivera/ots/srcs/otsdaq-firmware/cactus/projects/nim_plus_x/top/top.srcs/constrs_1/imports/ucf/clock_constraints.tcl:16]
Resolution: A valid end point is a data pin of a sequential cell or a primary output or inout port. Please validate that all the objects returned by your query belong to this list.
WARNING: [Constraints 18-401] set_max_delay: 'NIM_BLOCK/U353/U1/int_cnt_out[27]_i_1' is not a valid endpoint. [/home/rrivera/ots/srcs/otsdaq-firmware/cactus/projects/nim_plus_x/top/top.srcs/constrs_1/imports/ucf/clock_constraints.tcl:17]
Resolution: A valid end point is a data pin of a sequential cell or a primary output or inout port. Please validate that all the objects returned by your query belong to this list.
WARNING: [Constraints 18-401] set_max_delay: 'NIM_BLOCK/U353/U1/cnt_out_r_reg[9]_i_2_CARRY4_GND' is not a valid endpoint. [/home/rrivera/ots/srcs/otsdaq-firmware/cactus/projects/nim_plus_x/top/top.srcs/constrs_1/imports/ucf/clock_constraints.tcl:17]
Resolution: A valid end point is a data pin of a sequential cell or a primary output or inout port. Please validate that all the objects returned by your query belong to this list.
WARNING: [Constraints 18-401] set_max_delay: 'NIM_BLOCK/U353/U1/cnt_out_r_reg[9]_i_2_CARRY4' is not a valid endpoint. [/home/rrivera/ots/srcs/otsdaq-firmware/cactus/projects/nim_plus_x/top/top.srcs/constrs_1/imports/ucf/clock_constraints.tcl:17]
Resolution: A valid end point is a data pin of a sequential cell or a primary output or inout port. Please validate that all the objects returned by your query belong to this list.
WARNING: [Constraints 18-401] set_max_delay: 'NIM_BLOCK/U353/U1/cnt_out_r_reg[5]_i_2_CARRY4_GND' is not a valid endpoint. [/home/rrivera/ots/srcs/otsdaq-firmware/cactus/projects/nim_plus_x/top/top.srcs/constrs_1/imports/ucf/clock_constraints.tcl:17]
Resolution: A valid end point is a data pin of a sequential cell or a primary output or inout port. Please validate that all the objects returned by your query belong to this list.
WARNING: [Constraints 18-401] set_max_delay: 'NIM_BLOCK/U353/U1/cnt_out_r_reg[5]_i_2_CARRY4' is not a valid endpoint. [/home/rrivera/ots/srcs/otsdaq-firmware/cactus/projects/nim_plus_x/top/top.srcs/constrs_1/imports/ucf/clock_constraints.tcl:17]
Resolution: A valid end point is a data pin of a sequential cell or a primary output or inout port. Please validate that all the objects returned by your query belong to this list.
WARNING: [Constraints 18-401] set_max_delay: 'NIM_BLOCK/U353/U1/cnt_out_r_reg[29]_i_2_CARRY4_GND' is not a valid endpoint. [/home/rrivera/ots/srcs/otsdaq-firmware/cactus/projects/nim_plus_x/top/top.srcs/constrs_1/imports/ucf/clock_constraints.tcl:17]
Resolution: A valid end point is a data pin of a sequential cell or a primary output or inout port. Please validate that all the objects returned by your query belong to this list.
WARNING: [Constraints 18-401] set_max_delay: 'NIM_BLOCK/U353/U1/cnt_out_r_reg[29]_i_2_CARRY4' is not a valid endpoint. [/home/rrivera/ots/srcs/otsdaq-firmware/cactus/projects/nim_plus_x/top/top.srcs/constrs_1/imports/ucf/clock_constraints.tcl:17]
Resolution: A valid end point is a data pin of a sequential cell or a primary output or inout port. Please validate that all the objects returned by your query belong to this list.
WARNING: [Constraints 18-401] set_max_delay: 'NIM_BLOCK/U353/U1/cnt_out_r_reg[25]_i_2_CARRY4_GND' is not a valid endpoint. [/home/rrivera/ots/srcs/otsdaq-firmware/cactus/projects/nim_plus_x/top/top.srcs/constrs_1/imports/ucf/clock_constraints.tcl:17]
Resolution: A valid end point is a data pin of a sequential cell or a primary output or inout port. Please validate that all the objects returned by your query belong to this list.
WARNING: [Constraints 18-401] set_max_delay: 'NIM_BLOCK/U353/U1/cnt_out_r_reg[25]_i_2_CARRY4' is not a valid endpoint. [/home/rrivera/ots/srcs/otsdaq-firmware/cactus/projects/nim_plus_x/top/top.srcs/constrs_1/imports/ucf/clock_constraints.tcl:17]
Resolution: A valid end point is a data pin of a sequential cell or a primary output or inout port. Please validate that all the objects returned by your query belong to this list.
WARNING: [Constraints 18-401] set_max_delay: 'NIM_BLOCK/U353/U1/cnt_out_r_reg[21]_i_2_CARRY4_GND' is not a valid endpoint. [/home/rrivera/ots/srcs/otsdaq-firmware/cactus/projects/nim_plus_x/top/top.srcs/constrs_1/imports/ucf/clock_constraints.tcl:17]
Resolution: A valid end point is a data pin of a sequential cell or a primary output or inout port. Please validate that all the objects returned by your query belong to this list.
WARNING: [Constraints 18-401] set_max_delay: 'NIM_BLOCK/U353/U1/cnt_out_r_reg[21]_i_2_CARRY4' is not a valid endpoint. [/home/rrivera/ots/srcs/otsdaq-firmware/cactus/projects/nim_plus_x/top/top.srcs/constrs_1/imports/ucf/clock_constraints.tcl:17]
Resolution: A valid end point is a data pin of a sequential cell or a primary output or inout port. Please validate that all the objects returned by your query belong to this list.
WARNING: [Constraints 18-401] set_max_delay: 'NIM_BLOCK/U353/U1/cnt_out_r_reg[1]_i_2_CARRY4_GND' is not a valid endpoint. [/home/rrivera/ots/srcs/otsdaq-firmware/cactus/projects/nim_plus_x/top/top.srcs/constrs_1/imports/ucf/clock_constraints.tcl:17]
Resolution: A valid end point is a data pin of a sequential cell or a primary output or inout port. Please validate that all the objects returned by your query belong to this list.
WARNING: [Constraints 18-401] set_max_delay: 'NIM_BLOCK/U353/U1/cnt_out_r_reg[1]_i_2_CARRY4' is not a valid endpoint. [/home/rrivera/ots/srcs/otsdaq-firmware/cactus/projects/nim_plus_x/top/top.srcs/constrs_1/imports/ucf/clock_constraints.tcl:17]
Resolution: A valid end point is a data pin of a sequential cell or a primary output or inout port. Please validate that all the objects returned by your query belong to this list.
WARNING: [Constraints 18-401] set_max_delay: 'NIM_BLOCK/U353/U1/cnt_out_r_reg[17]_i_2_CARRY4_GND' is not a valid endpoint. [/home/rrivera/ots/srcs/otsdaq-firmware/cactus/projects/nim_plus_x/top/top.srcs/constrs_1/imports/ucf/clock_constraints.tcl:17]
Resolution: A valid end point is a data pin of a sequential cell or a primary output or inout port. Please validate that all the objects returned by your query belong to this list.
WARNING: [Constraints 18-401] set_max_delay: 'NIM_BLOCK/U353/U1/cnt_out_r_reg[17]_i_2_CARRY4' is not a valid endpoint. [/home/rrivera/ots/srcs/otsdaq-firmware/cactus/projects/nim_plus_x/top/top.srcs/constrs_1/imports/ucf/clock_constraints.tcl:17]
Resolution: A valid end point is a data pin of a sequential cell or a primary output or inout port. Please validate that all the objects returned by your query belong to this list.
WARNING: [Constraints 18-401] set_max_delay: 'NIM_BLOCK/U353/U1/cnt_out_r_reg[13]_i_2_CARRY4_GND' is not a valid endpoint. [/home/rrivera/ots/srcs/otsdaq-firmware/cactus/projects/nim_plus_x/top/top.srcs/constrs_1/imports/ucf/clock_constraints.tcl:17]
Resolution: A valid end point is a data pin of a sequential cell or a primary output or inout port. Please validate that all the objects returned by your query belong to this list.
WARNING: [Constraints 18-401] set_max_delay: 'NIM_BLOCK/U353/U1/cnt_out_r_reg[13]_i_2_CARRY4' is not a valid endpoint. [/home/rrivera/ots/srcs/otsdaq-firmware/cactus/projects/nim_plus_x/top/top.srcs/constrs_1/imports/ucf/clock_constraints.tcl:17]
Resolution: A valid end point is a data pin of a sequential cell or a primary output or inout port. Please validate that all the objects returned by your query belong to this list.
WARNING: [Constraints 18-401] set_max_delay: 'NIM_BLOCK/U353/U1/cnt_out_r[0]_i_8' is not a valid endpoint. [/home/rrivera/ots/srcs/otsdaq-firmware/cactus/projects/nim_plus_x/top/top.srcs/constrs_1/imports/ucf/clock_constraints.tcl:17]
Resolution: A valid end point is a data pin of a sequential cell or a primary output or inout port. Please validate that all the objects returned by your query belong to this list.
WARNING: [Constraints 18-401] set_max_delay: 'NIM_BLOCK/U353/U1/cnt_out_r[0]_i_7' is not a valid endpoint. [/home/rrivera/ots/srcs/otsdaq-firmware/cactus/projects/nim_plus_x/top/top.srcs/constrs_1/imports/ucf/clock_constraints.tcl:17]
Resolution: A valid end point is a data pin of a sequential cell or a primary output or inout port. Please validate that all the objects returned by your query belong to this list.
WARNING: [Constraints 18-401] set_max_delay: 'NIM_BLOCK/U353/U1/cnt_out_r[0]_i_9' is not a valid endpoint. [/home/rrivera/ots/srcs/otsdaq-firmware/cactus/projects/nim_plus_x/top/top.srcs/constrs_1/imports/ucf/clock_constraints.tcl:17]
Resolution: A valid end point is a data pin of a sequential cell or a primary output or inout port. Please validate that all the objects returned by your query belong to this list.
WARNING: [Constraints 18-401] set_max_delay: 'NIM_BLOCK/U353/U1/cnt_out_r[0]_i_6' is not a valid endpoint. [/home/rrivera/ots/srcs/otsdaq-firmware/cactus/projects/nim_plus_x/top/top.srcs/constrs_1/imports/ucf/clock_constraints.tcl:17]
Resolution: A valid end point is a data pin of a sequential cell or a primary output or inout port. Please validate that all the objects returned by your query belong to this list.
WARNING: [Constraints 18-401] set_max_delay: 'NIM_BLOCK/U353/U1/cnt_out_r[0]_i_5' is not a valid endpoint. [/home/rrivera/ots/srcs/otsdaq-firmware/cactus/projects/nim_plus_x/top/top.srcs/constrs_1/imports/ucf/clock_constraints.tcl:17]
Resolution: A valid end point is a data pin of a sequential cell or a primary output or inout port. Please validate that all the objects returned by your query belong to this list.
WARNING: [Constraints 18-401] set_max_delay: 'NIM_BLOCK/U353/U1/cnt_out_r[0]_i_4' is not a valid endpoint. [/home/rrivera/ots/srcs/otsdaq-firmware/cactus/projects/nim_plus_x/top/top.srcs/constrs_1/imports/ucf/clock_constraints.tcl:17]
Resolution: A valid end point is a data pin of a sequential cell or a primary output or inout port. Please validate that all the objects returned by your query belong to this list.
WARNING: [Constraints 18-401] set_max_delay: 'NIM_BLOCK/U353/U1/cnt_out_r[0]_i_2' is not a valid endpoint. [/home/rrivera/ots/srcs/otsdaq-firmware/cactus/projects/nim_plus_x/top/top.srcs/constrs_1/imports/ucf/clock_constraints.tcl:17]
Resolution: A valid end point is a data pin of a sequential cell or a primary output or inout port. Please validate that all the objects returned by your query belong to this list.
WARNING: [Constraints 18-401] set_max_delay: 'NIM_BLOCK/U353/U1/cnt_out_r[0]_i_10' is not a valid endpoint. [/home/rrivera/ots/srcs/otsdaq-firmware/cactus/projects/nim_plus_x/top/top.srcs/constrs_1/imports/ucf/clock_constraints.tcl:17]
Resolution: A valid end point is a data pin of a sequential cell or a primary output or inout port. Please validate that all the objects returned by your query belong to this list.
WARNING: [Constraints 18-401] set_max_delay: 'NIM_BLOCK/U353/U1/cnt_out_r[0]_i_1' is not a valid endpoint. [/home/rrivera/ots/srcs/otsdaq-firmware/cactus/projects/nim_plus_x/top/top.srcs/constrs_1/imports/ucf/clock_constraints.tcl:17]
Resolution: A valid end point is a data pin of a sequential cell or a primary output or inout port. Please validate that all the objects returned by your query belong to this list.
WARNING: [Constraints 18-401] set_max_delay: 'NIM_BLOCK/U353/U1/VCC' is not a valid endpoint. [/home/rrivera/ots/srcs/otsdaq-firmware/cactus/projects/nim_plus_x/top/top.srcs/constrs_1/imports/ucf/clock_constraints.tcl:17]
Resolution: A valid end point is a data pin of a sequential cell or a primary output or inout port. Please validate that all the objects returned by your query belong to this list.
WARNING: [Constraints 18-401] set_max_delay: 'NIM_BLOCK/U353/U1/GND' is not a valid endpoint. [/home/rrivera/ots/srcs/otsdaq-firmware/cactus/projects/nim_plus_x/top/top.srcs/constrs_1/imports/ucf/clock_constraints.tcl:17]
Resolution: A valid end point is a data pin of a sequential cell or a primary output or inout port. Please validate that all the objects returned by your query belong to this list.
WARNING: [Constraints 18-401] set_max_delay: 'NIM_BLOCK/U353/U2/VCC' is not a valid endpoint. [/home/rrivera/ots/srcs/otsdaq-firmware/cactus/projects/nim_plus_x/top/top.srcs/constrs_1/imports/ucf/clock_constraints.tcl:17]
Resolution: A valid end point is a data pin of a sequential cell or a primary output or inout port. Please validate that all the objects returned by your query belong to this list.
WARNING: [Constraints 18-401] set_max_delay: 'NIM_BLOCK/U353/U2/GND' is not a valid endpoint. [/home/rrivera/ots/srcs/otsdaq-firmware/cactus/projects/nim_plus_x/top/top.srcs/constrs_1/imports/ucf/clock_constraints.tcl:17]
Resolution: A valid end point is a data pin of a sequential cell or a primary output or inout port. Please validate that all the objects returned by your query belong to this list.
WARNING: [Constraints 18-401] set_max_delay: 'NIM_BLOCK/U355/U1/int_cnt_out[27]_i_1' is not a valid endpoint. [/home/rrivera/ots/srcs/otsdaq-firmware/cactus/projects/nim_plus_x/top/top.srcs/constrs_1/imports/ucf/clock_constraints.tcl:18]
Resolution: A valid end point is a data pin of a sequential cell or a primary output or inout port. Please validate that all the objects returned by your query belong to this list.
WARNING: [Constraints 18-401] set_max_delay: 'NIM_BLOCK/U355/U1/cnt_out_r_reg[9]_i_2_CARRY4_GND' is not a valid endpoint. [/home/rrivera/ots/srcs/otsdaq-firmware/cactus/projects/nim_plus_x/top/top.srcs/constrs_1/imports/ucf/clock_constraints.tcl:18]
Resolution: A valid end point is a data pin of a sequential cell or a primary output or inout port. Please validate that all the objects returned by your query belong to this list.
WARNING: [Constraints 18-401] set_max_delay: 'NIM_BLOCK/U355/U1/cnt_out_r_reg[9]_i_2_CARRY4' is not a valid endpoint. [/home/rrivera/ots/srcs/otsdaq-firmware/cactus/projects/nim_plus_x/top/top.srcs/constrs_1/imports/ucf/clock_constraints.tcl:18]
Resolution: A valid end point is a data pin of a sequential cell or a primary output or inout port. Please validate that all the objects returned by your query belong to this list.
WARNING: [Constraints 18-401] set_max_delay: 'NIM_BLOCK/U355/U1/cnt_out_r_reg[5]_i_2_CARRY4_GND' is not a valid endpoint. [/home/rrivera/ots/srcs/otsdaq-firmware/cactus/projects/nim_plus_x/top/top.srcs/constrs_1/imports/ucf/clock_constraints.tcl:18]
Resolution: A valid end point is a data pin of a sequential cell or a primary output or inout port. Please validate that all the objects returned by your query belong to this list.
WARNING: [Constraints 18-401] set_max_delay: 'NIM_BLOCK/U355/U1/cnt_out_r_reg[5]_i_2_CARRY4' is not a valid endpoint. [/home/rrivera/ots/srcs/otsdaq-firmware/cactus/projects/nim_plus_x/top/top.srcs/constrs_1/imports/ucf/clock_constraints.tcl:18]
Resolution: A valid end point is a data pin of a sequential cell or a primary output or inout port. Please validate that all the objects returned by your query belong to this list.
WARNING: [Constraints 18-401] set_max_delay: 'NIM_BLOCK/U355/U1/cnt_out_r_reg[29]_i_2_CARRY4_GND' is not a valid endpoint. [/home/rrivera/ots/srcs/otsdaq-firmware/cactus/projects/nim_plus_x/top/top.srcs/constrs_1/imports/ucf/clock_constraints.tcl:18]
Resolution: A valid end point is a data pin of a sequential cell or a primary output or inout port. Please validate that all the objects returned by your query belong to this list.
WARNING: [Constraints 18-401] set_max_delay: 'NIM_BLOCK/U355/U1/cnt_out_r_reg[29]_i_2_CARRY4' is not a valid endpoint. [/home/rrivera/ots/srcs/otsdaq-firmware/cactus/projects/nim_plus_x/top/top.srcs/constrs_1/imports/ucf/clock_constraints.tcl:18]
Resolution: A valid end point is a data pin of a sequential cell or a primary output or inout port. Please validate that all the objects returned by your query belong to this list.
WARNING: [Constraints 18-401] set_max_delay: 'NIM_BLOCK/U355/U1/cnt_out_r_reg[25]_i_2_CARRY4_GND' is not a valid endpoint. [/home/rrivera/ots/srcs/otsdaq-firmware/cactus/projects/nim_plus_x/top/top.srcs/constrs_1/imports/ucf/clock_constraints.tcl:18]
Resolution: A valid end point is a data pin of a sequential cell or a primary output or inout port. Please validate that all the objects returned by your query belong to this list.
WARNING: [Constraints 18-401] set_max_delay: 'NIM_BLOCK/U355/U1/cnt_out_r_reg[25]_i_2_CARRY4' is not a valid endpoint. [/home/rrivera/ots/srcs/otsdaq-firmware/cactus/projects/nim_plus_x/top/top.srcs/constrs_1/imports/ucf/clock_constraints.tcl:18]
Resolution: A valid end point is a data pin of a sequential cell or a primary output or inout port. Please validate that all the objects returned by your query belong to this list.
WARNING: [Constraints 18-401] set_max_delay: 'NIM_BLOCK/U355/U1/cnt_out_r_reg[21]_i_2_CARRY4_GND' is not a valid endpoint. [/home/rrivera/ots/srcs/otsdaq-firmware/cactus/projects/nim_plus_x/top/top.srcs/constrs_1/imports/ucf/clock_constraints.tcl:18]
Resolution: A valid end point is a data pin of a sequential cell or a primary output or inout port. Please validate that all the objects returned by your query belong to this list.
WARNING: [Constraints 18-401] set_max_delay: 'NIM_BLOCK/U355/U1/cnt_out_r_reg[21]_i_2_CARRY4' is not a valid endpoint. [/home/rrivera/ots/srcs/otsdaq-firmware/cactus/projects/nim_plus_x/top/top.srcs/constrs_1/imports/ucf/clock_constraints.tcl:18]
Resolution: A valid end point is a data pin of a sequential cell or a primary output or inout port. Please validate that all the objects returned by your query belong to this list.
WARNING: [Constraints 18-401] set_max_delay: 'NIM_BLOCK/U355/U1/cnt_out_r_reg[1]_i_2_CARRY4_GND' is not a valid endpoint. [/home/rrivera/ots/srcs/otsdaq-firmware/cactus/projects/nim_plus_x/top/top.srcs/constrs_1/imports/ucf/clock_constraints.tcl:18]
Resolution: A valid end point is a data pin of a sequential cell or a primary output or inout port. Please validate that all the objects returned by your query belong to this list.
WARNING: [Constraints 18-401] set_max_delay: 'NIM_BLOCK/U355/U1/cnt_out_r_reg[1]_i_2_CARRY4' is not a valid endpoint. [/home/rrivera/ots/srcs/otsdaq-firmware/cactus/projects/nim_plus_x/top/top.srcs/constrs_1/imports/ucf/clock_constraints.tcl:18]
Resolution: A valid end point is a data pin of a sequential cell or a primary output or inout port. Please validate that all the objects returned by your query belong to this list.
WARNING: [Constraints 18-401] set_max_delay: 'NIM_BLOCK/U355/U1/cnt_out_r_reg[17]_i_2_CARRY4_GND' is not a valid endpoint. [/home/rrivera/ots/srcs/otsdaq-firmware/cactus/projects/nim_plus_x/top/top.srcs/constrs_1/imports/ucf/clock_constraints.tcl:18]
Resolution: A valid end point is a data pin of a sequential cell or a primary output or inout port. Please validate that all the objects returned by your query belong to this list.
WARNING: [Constraints 18-401] set_max_delay: 'NIM_BLOCK/U355/U1/cnt_out_r_reg[17]_i_2_CARRY4' is not a valid endpoint. [/home/rrivera/ots/srcs/otsdaq-firmware/cactus/projects/nim_plus_x/top/top.srcs/constrs_1/imports/ucf/clock_constraints.tcl:18]
Resolution: A valid end point is a data pin of a sequential cell or a primary output or inout port. Please validate that all the objects returned by your query belong to this list.
WARNING: [Constraints 18-401] set_max_delay: 'NIM_BLOCK/U355/U1/cnt_out_r_reg[13]_i_2_CARRY4_GND' is not a valid endpoint. [/home/rrivera/ots/srcs/otsdaq-firmware/cactus/projects/nim_plus_x/top/top.srcs/constrs_1/imports/ucf/clock_constraints.tcl:18]
Resolution: A valid end point is a data pin of a sequential cell or a primary output or inout port. Please validate that all the objects returned by your query belong to this list.
WARNING: [Constraints 18-401] set_max_delay: 'NIM_BLOCK/U355/U1/cnt_out_r_reg[13]_i_2_CARRY4' is not a valid endpoint. [/home/rrivera/ots/srcs/otsdaq-firmware/cactus/projects/nim_plus_x/top/top.srcs/constrs_1/imports/ucf/clock_constraints.tcl:18]
Resolution: A valid end point is a data pin of a sequential cell or a primary output or inout port. Please validate that all the objects returned by your query belong to this list.
WARNING: [Constraints 18-401] set_max_delay: 'NIM_BLOCK/U355/U1/cnt_out_r[0]_i_8' is not a valid endpoint. [/home/rrivera/ots/srcs/otsdaq-firmware/cactus/projects/nim_plus_x/top/top.srcs/constrs_1/imports/ucf/clock_constraints.tcl:18]
Resolution: A valid end point is a data pin of a sequential cell or a primary output or inout port. Please validate that all the objects returned by your query belong to this list.
WARNING: [Constraints 18-401] set_max_delay: 'NIM_BLOCK/U355/U1/cnt_out_r[0]_i_7' is not a valid endpoint. [/home/rrivera/ots/srcs/otsdaq-firmware/cactus/projects/nim_plus_x/top/top.srcs/constrs_1/imports/ucf/clock_constraints.tcl:18]
Resolution: A valid end point is a data pin of a sequential cell or a primary output or inout port. Please validate that all the objects returned by your query belong to this list.
WARNING: [Constraints 18-401] set_max_delay: 'NIM_BLOCK/U355/U1/cnt_out_r[0]_i_9' is not a valid endpoint. [/home/rrivera/ots/srcs/otsdaq-firmware/cactus/projects/nim_plus_x/top/top.srcs/constrs_1/imports/ucf/clock_constraints.tcl:18]
Resolution: A valid end point is a data pin of a sequential cell or a primary output or inout port. Please validate that all the objects returned by your query belong to this list.
WARNING: [Constraints 18-401] set_max_delay: 'NIM_BLOCK/U355/U1/cnt_out_r[0]_i_6' is not a valid endpoint. [/home/rrivera/ots/srcs/otsdaq-firmware/cactus/projects/nim_plus_x/top/top.srcs/constrs_1/imports/ucf/clock_constraints.tcl:18]
Resolution: A valid end point is a data pin of a sequential cell or a primary output or inout port. Please validate that all the objects returned by your query belong to this list.
WARNING: [Constraints 18-401] set_max_delay: 'NIM_BLOCK/U355/U1/cnt_out_r[0]_i_5' is not a valid endpoint. [/home/rrivera/ots/srcs/otsdaq-firmware/cactus/projects/nim_plus_x/top/top.srcs/constrs_1/imports/ucf/clock_constraints.tcl:18]
Resolution: A valid end point is a data pin of a sequential cell or a primary output or inout port. Please validate that all the objects returned by your query belong to this list.
WARNING: [Constraints 18-401] set_max_delay: 'NIM_BLOCK/U355/U1/cnt_out_r[0]_i_4' is not a valid endpoint. [/home/rrivera/ots/srcs/otsdaq-firmware/cactus/projects/nim_plus_x/top/top.srcs/constrs_1/imports/ucf/clock_constraints.tcl:18]
Resolution: A valid end point is a data pin of a sequential cell or a primary output or inout port. Please validate that all the objects returned by your query belong to this list.
WARNING: [Constraints 18-401] set_max_delay: 'NIM_BLOCK/U355/U1/cnt_out_r[0]_i_2' is not a valid endpoint. [/home/rrivera/ots/srcs/otsdaq-firmware/cactus/projects/nim_plus_x/top/top.srcs/constrs_1/imports/ucf/clock_constraints.tcl:18]
Resolution: A valid end point is a data pin of a sequential cell or a primary output or inout port. Please validate that all the objects returned by your query belong to this list.
WARNING: [Constraints 18-401] set_max_delay: 'NIM_BLOCK/U355/U1/cnt_out_r[0]_i_10' is not a valid endpoint. [/home/rrivera/ots/srcs/otsdaq-firmware/cactus/projects/nim_plus_x/top/top.srcs/constrs_1/imports/ucf/clock_constraints.tcl:18]
Resolution: A valid end point is a data pin of a sequential cell or a primary output or inout port. Please validate that all the objects returned by your query belong to this list.
WARNING: [Constraints 18-401] set_max_delay: 'NIM_BLOCK/U355/U1/cnt_out_r[0]_i_1' is not a valid endpoint. [/home/rrivera/ots/srcs/otsdaq-firmware/cactus/projects/nim_plus_x/top/top.srcs/constrs_1/imports/ucf/clock_constraints.tcl:18]
Resolution: A valid end point is a data pin of a sequential cell or a primary output or inout port. Please validate that all the objects returned by your query belong to this list.
WARNING: [Constraints 18-401] set_max_delay: 'NIM_BLOCK/U355/U1/VCC' is not a valid endpoint. [/home/rrivera/ots/srcs/otsdaq-firmware/cactus/projects/nim_plus_x/top/top.srcs/constrs_1/imports/ucf/clock_constraints.tcl:18]
Resolution: A valid end point is a data pin of a sequential cell or a primary output or inout port. Please validate that all the objects returned by your query belong to this list.
WARNING: [Constraints 18-401] set_max_delay: 'NIM_BLOCK/U355/U1/GND' is not a valid endpoint. [/home/rrivera/ots/srcs/otsdaq-firmware/cactus/projects/nim_plus_x/top/top.srcs/constrs_1/imports/ucf/clock_constraints.tcl:18]
Resolution: A valid end point is a data pin of a sequential cell or a primary output or inout port. Please validate that all the objects returned by your query belong to this list.
WARNING: [Constraints 18-401] set_max_delay: 'NIM_BLOCK/U355/U2/VCC' is not a valid endpoint. [/home/rrivera/ots/srcs/otsdaq-firmware/cactus/projects/nim_plus_x/top/top.srcs/constrs_1/imports/ucf/clock_constraints.tcl:18]
Resolution: A valid end point is a data pin of a sequential cell or a primary output or inout port. Please validate that all the objects returned by your query belong to this list.
WARNING: [Constraints 18-401] set_max_delay: 'NIM_BLOCK/U355/U2/GND' is not a valid endpoint. [/home/rrivera/ots/srcs/otsdaq-firmware/cactus/projects/nim_plus_x/top/top.srcs/constrs_1/imports/ucf/clock_constraints.tcl:18]
Resolution: A valid end point is a data pin of a sequential cell or a primary output or inout port. Please validate that all the objects returned by your query belong to this list.
WARNING: [Constraints 18-401] set_max_delay: 'NIM_BLOCK/U357/U1/int_cnt_out[27]_i_1' is not a valid endpoint. [/home/rrivera/ots/srcs/otsdaq-firmware/cactus/projects/nim_plus_x/top/top.srcs/constrs_1/imports/ucf/clock_constraints.tcl:19]
Resolution: A valid end point is a data pin of a sequential cell or a primary output or inout port. Please validate that all the objects returned by your query belong to this list.
WARNING: [Constraints 18-401] set_max_delay: 'NIM_BLOCK/U357/U1/cnt_out_r_reg[9]_i_2_CARRY4_GND' is not a valid endpoint. [/home/rrivera/ots/srcs/otsdaq-firmware/cactus/projects/nim_plus_x/top/top.srcs/constrs_1/imports/ucf/clock_constraints.tcl:19]
Resolution: A valid end point is a data pin of a sequential cell or a primary output or inout port. Please validate that all the objects returned by your query belong to this list.
WARNING: [Constraints 18-401] set_max_delay: 'NIM_BLOCK/U357/U1/cnt_out_r_reg[9]_i_2_CARRY4' is not a valid endpoint. [/home/rrivera/ots/srcs/otsdaq-firmware/cactus/projects/nim_plus_x/top/top.srcs/constrs_1/imports/ucf/clock_constraints.tcl:19]
Resolution: A valid end point is a data pin of a sequential cell or a primary output or inout port. Please validate that all the objects returned by your query belong to this list.
WARNING: [Constraints 18-401] set_max_delay: 'NIM_BLOCK/U357/U1/cnt_out_r_reg[5]_i_2_CARRY4_GND' is not a valid endpoint. [/home/rrivera/ots/srcs/otsdaq-firmware/cactus/projects/nim_plus_x/top/top.srcs/constrs_1/imports/ucf/clock_constraints.tcl:19]
Resolution: A valid end point is a data pin of a sequential cell or a primary output or inout port. Please validate that all the objects returned by your query belong to this list.
WARNING: [Constraints 18-401] set_max_delay: 'NIM_BLOCK/U357/U1/cnt_out_r_reg[5]_i_2_CARRY4' is not a valid endpoint. [/home/rrivera/ots/srcs/otsdaq-firmware/cactus/projects/nim_plus_x/top/top.srcs/constrs_1/imports/ucf/clock_constraints.tcl:19]
Resolution: A valid end point is a data pin of a sequential cell or a primary output or inout port. Please validate that all the objects returned by your query belong to this list.
WARNING: [Constraints 18-401] set_max_delay: 'NIM_BLOCK/U357/U1/cnt_out_r_reg[29]_i_2_CARRY4_GND' is not a valid endpoint. [/home/rrivera/ots/srcs/otsdaq-firmware/cactus/projects/nim_plus_x/top/top.srcs/constrs_1/imports/ucf/clock_constraints.tcl:19]
Resolution: A valid end point is a data pin of a sequential cell or a primary output or inout port. Please validate that all the objects returned by your query belong to this list.
WARNING: [Constraints 18-401] set_max_delay: 'NIM_BLOCK/U357/U1/cnt_out_r_reg[29]_i_2_CARRY4' is not a valid endpoint. [/home/rrivera/ots/srcs/otsdaq-firmware/cactus/projects/nim_plus_x/top/top.srcs/constrs_1/imports/ucf/clock_constraints.tcl:19]
Resolution: A valid end point is a data pin of a sequential cell or a primary output or inout port. Please validate that all the objects returned by your query belong to this list.
WARNING: [Constraints 18-401] set_max_delay: 'NIM_BLOCK/U357/U1/cnt_out_r_reg[25]_i_2_CARRY4_GND' is not a valid endpoint. [/home/rrivera/ots/srcs/otsdaq-firmware/cactus/projects/nim_plus_x/top/top.srcs/constrs_1/imports/ucf/clock_constraints.tcl:19]
Resolution: A valid end point is a data pin of a sequential cell or a primary output or inout port. Please validate that all the objects returned by your query belong to this list.
WARNING: [Constraints 18-401] set_max_delay: 'NIM_BLOCK/U357/U1/cnt_out_r_reg[25]_i_2_CARRY4' is not a valid endpoint. [/home/rrivera/ots/srcs/otsdaq-firmware/cactus/projects/nim_plus_x/top/top.srcs/constrs_1/imports/ucf/clock_constraints.tcl:19]
Resolution: A valid end point is a data pin of a sequential cell or a primary output or inout port. Please validate that all the objects returned by your query belong to this list.
WARNING: [Constraints 18-401] set_max_delay: 'NIM_BLOCK/U357/U1/cnt_out_r_reg[21]_i_2_CARRY4_GND' is not a valid endpoint. [/home/rrivera/ots/srcs/otsdaq-firmware/cactus/projects/nim_plus_x/top/top.srcs/constrs_1/imports/ucf/clock_constraints.tcl:19]
Resolution: A valid end point is a data pin of a sequential cell or a primary output or inout port. Please validate that all the objects returned by your query belong to this list.
INFO: [Common 17-14] Message 'Constraints 18-401' appears 100 times and further instances of the messages will be disabled. Use the Tcl command set_msg_config to change the current settings.
INFO: [Timing 38-35] Done setting XDC timing constraints.

Phase 2.1.2 IO & Clk Clean Up
Phase 2.1.2 IO & Clk Clean Up | Checksum: 81665afa

Time (s): cpu = 00:00:09 ; elapsed = 00:00:06 . Memory (MB): peak = 2278.652 ; gain = 60.023 ; free physical = 4695 ; free virtual = 40735

Phase 2.1.3 Implementation Feasibility check On IDelay
Phase 2.1.3 Implementation Feasibility check On IDelay | Checksum: 81665afa

Time (s): cpu = 00:00:09 ; elapsed = 00:00:06 . Memory (MB): peak = 2278.652 ; gain = 60.023 ; free physical = 4694 ; free virtual = 40735

Phase 2.1.4 Commit IO Placement
Phase 2.1.4 Commit IO Placement | Checksum: fc21afc5

Time (s): cpu = 00:00:09 ; elapsed = 00:00:06 . Memory (MB): peak = 2278.652 ; gain = 60.023 ; free physical = 4694 ; free virtual = 40734
Phase 2.1 IO Placement/ Clock Placement/ Build Placer Device | Checksum: 115a55690

Time (s): cpu = 00:00:09 ; elapsed = 00:00:06 . Memory (MB): peak = 2278.652 ; gain = 60.023 ; free physical = 4692 ; free virtual = 40732

Phase 2.2 Build Placer Netlist Model

Phase 2.2.1 Place Init Design

Phase 2.2.1.1 Init Lut Pin Assignment
Phase 2.2.1.1 Init Lut Pin Assignment | Checksum: 1305aa38c

Time (s): cpu = 00:00:09 ; elapsed = 00:00:07 . Memory (MB): peak = 2278.652 ; gain = 60.023 ; free physical = 4692 ; free virtual = 40732
Phase 2.2.1 Place Init Design | Checksum: 1ba851904

Time (s): cpu = 00:00:19 ; elapsed = 00:00:09 . Memory (MB): peak = 2295.645 ; gain = 77.016 ; free physical = 4671 ; free virtual = 40711
Phase 2.2 Build Placer Netlist Model | Checksum: 1ba851904

Time (s): cpu = 00:00:19 ; elapsed = 00:00:09 . Memory (MB): peak = 2295.645 ; gain = 77.016 ; free physical = 4671 ; free virtual = 40711

Phase 2.3 Constrain Clocks/Macros

Phase 2.3.1 Constrain Global/Regional Clocks
Phase 2.3.1 Constrain Global/Regional Clocks | Checksum: 1ba851904

Time (s): cpu = 00:00:19 ; elapsed = 00:00:09 . Memory (MB): peak = 2295.645 ; gain = 77.016 ; free physical = 4671 ; free virtual = 40711
Phase 2.3 Constrain Clocks/Macros | Checksum: 1ba851904

Time (s): cpu = 00:00:19 ; elapsed = 00:00:09 . Memory (MB): peak = 2295.645 ; gain = 77.016 ; free physical = 4671 ; free virtual = 40711
Phase 2 Placer Initialization | Checksum: 1ba851904

Time (s): cpu = 00:00:19 ; elapsed = 00:00:09 . Memory (MB): peak = 2295.645 ; gain = 77.016 ; free physical = 4671 ; free virtual = 40711

Phase 3 Global Placement
Phase 3 Global Placement | Checksum: c89a4dd1

Time (s): cpu = 00:00:45 ; elapsed = 00:00:21 . Memory (MB): peak = 2375.879 ; gain = 157.250 ; free physical = 4625 ; free virtual = 40665

Phase 4 Detail Placement

Phase 4.1 Commit Multi Column Macros
Phase 4.1 Commit Multi Column Macros | Checksum: c89a4dd1

Time (s): cpu = 00:00:45 ; elapsed = 00:00:21 . Memory (MB): peak = 2375.879 ; gain = 157.250 ; free physical = 4626 ; free virtual = 40665

Phase 4.2 Commit Most Macros & LUTRAMs
Phase 4.2 Commit Most Macros & LUTRAMs | Checksum: 1646a2c71

Time (s): cpu = 00:00:53 ; elapsed = 00:00:23 . Memory (MB): peak = 2375.879 ; gain = 157.250 ; free physical = 4624 ; free virtual = 40664

Phase 4.3 Area Swap Optimization
Phase 4.3 Area Swap Optimization | Checksum: 15e6172ee

Time (s): cpu = 00:00:53 ; elapsed = 00:00:23 . Memory (MB): peak = 2375.879 ; gain = 157.250 ; free physical = 4624 ; free virtual = 40664

Phase 4.4 updateClock Trees: DP
Phase 4.4 updateClock Trees: DP | Checksum: 15e6172ee

Time (s): cpu = 00:00:53 ; elapsed = 00:00:23 . Memory (MB): peak = 2375.879 ; gain = 157.250 ; free physical = 4624 ; free virtual = 40664

Phase 4.5 Timing Path Optimizer
Phase 4.5 Timing Path Optimizer | Checksum: 168f011ee

Time (s): cpu = 00:00:57 ; elapsed = 00:00:24 . Memory (MB): peak = 2375.879 ; gain = 157.250 ; free physical = 4623 ; free virtual = 40662

Phase 4.6 Small Shape Detail Placement

Phase 4.6.1 Commit Small Macros & Core Logic

Phase 4.6.1.1 setBudgets
Phase 4.6.1.1 setBudgets | Checksum: 14adf17b4

Time (s): cpu = 00:00:57 ; elapsed = 00:00:24 . Memory (MB): peak = 2375.879 ; gain = 157.250 ; free physical = 4623 ; free virtual = 40662

Phase 4.6.1.2 Commit Slice Clusters
Phase 4.6.1.2 Commit Slice Clusters | Checksum: cb60f152

Time (s): cpu = 00:01:01 ; elapsed = 00:00:28 . Memory (MB): peak = 2375.879 ; gain = 157.250 ; free physical = 4614 ; free virtual = 40654
Phase 4.6.1 Commit Small Macros & Core Logic | Checksum: cb60f152

Time (s): cpu = 00:01:01 ; elapsed = 00:00:28 . Memory (MB): peak = 2375.879 ; gain = 157.250 ; free physical = 4617 ; free virtual = 40657

Phase 4.6.2 Clock Restriction Legalization for Leaf Columns
Phase 4.6.2 Clock Restriction Legalization for Leaf Columns | Checksum: cb60f152

Time (s): cpu = 00:01:01 ; elapsed = 00:00:28 . Memory (MB): peak = 2375.879 ; gain = 157.250 ; free physical = 4621 ; free virtual = 40661

Phase 4.6.3 Clock Restriction Legalization for Non-Clock Pins
WARNING: [Constraints 18-647] Placement may not be routable. The following cell(s) are grouped together and are placed in one single tile. The total number of clocks on non-clock pins of these cells is greater than 2, therefore, placer is not able to legalize the design to satisfy the suggested number of clocks that can drive non-clock pins in a single tile. Please modify the design such that each cell has at most 2 clocks driving its non-clock pins. Also, if one or more cells should be grouped together and placed in one tile, make sure the total number of such clocks does not exceed the maximum suggested.
CLK_MUX/out_320_INST_0
CLK_MUX/out_40_INST_0

WARNING: [Constraints 18-643] Placement may not be routable as design contains luts and/or flops whose data pins are driven by global clock signals and final placement is such that the number of such signals exceed the suggested number of such clocks in a single tile, which is 2. The following clock nets need to be routed to non-clock pins in tile CLBLM_L_X48Y197:
genExtClkMux[0].clk_wiz_1_BLOCK/U0/clk_out320e, clk_wiz_0_BLOCK/U0/clkout40, and clk_wiz_0_BLOCK/U0/clkout320
Phase 4.6.3 Clock Restriction Legalization for Non-Clock Pins | Checksum: dbef745d

Time (s): cpu = 00:01:02 ; elapsed = 00:00:28 . Memory (MB): peak = 2375.879 ; gain = 157.250 ; free physical = 4621 ; free virtual = 40661

Phase 4.6.4 Place Remaining
Phase 4.6.4 Place Remaining | Checksum: 1cac2f87

Time (s): cpu = 00:01:02 ; elapsed = 00:00:28 . Memory (MB): peak = 2375.879 ; gain = 157.250 ; free physical = 4622 ; free virtual = 40661
Phase 4.6 Small Shape Detail Placement | Checksum: 1cac2f87

Time (s): cpu = 00:01:02 ; elapsed = 00:00:28 . Memory (MB): peak = 2375.879 ; gain = 157.250 ; free physical = 4613 ; free virtual = 40652

Phase 4.7 Re-assign LUT pins
Phase 4.7 Re-assign LUT pins | Checksum: 1cac2f87

Time (s): cpu = 00:01:02 ; elapsed = 00:00:29 . Memory (MB): peak = 2375.879 ; gain = 157.250 ; free physical = 4620 ; free virtual = 40660
Phase 4 Detail Placement | Checksum: 1cac2f87

Time (s): cpu = 00:01:02 ; elapsed = 00:00:29 . Memory (MB): peak = 2375.879 ; gain = 157.250 ; free physical = 4613 ; free virtual = 40653

Phase 5 Post Placement Optimization and Clean-Up

Phase 5.1 PCOPT Shape updates
Phase 5.1 PCOPT Shape updates | Checksum: 184261714

Time (s): cpu = 00:01:02 ; elapsed = 00:00:29 . Memory (MB): peak = 2375.879 ; gain = 157.250 ; free physical = 4620 ; free virtual = 40660

Phase 5.2 Post Commit Optimization

Phase 5.2.1 updateClock Trees: PCOPT
Phase 5.2.1 updateClock Trees: PCOPT | Checksum: 184261714

Time (s): cpu = 00:01:03 ; elapsed = 00:00:29 . Memory (MB): peak = 2375.879 ; gain = 157.250 ; free physical = 4620 ; free virtual = 40660

Phase 5.2.2 Post Placement Optimization

Phase 5.2.2.1 Post Placement Timing Optimization

Phase 5.2.2.1.1 Restore Best Placement
Phase 5.2.2.1.1 Restore Best Placement | Checksum: 29f9e7f42

Time (s): cpu = 00:01:19 ; elapsed = 00:00:40 . Memory (MB): peak = 2375.879 ; gain = 157.250 ; free physical = 4624 ; free virtual = 40664

Phase 5.2.2.1.2 updateTiming after Restore Best Placement
Phase 5.2.2.1.2 updateTiming after Restore Best Placement | Checksum: 29f9e7f42

Time (s): cpu = 00:01:19 ; elapsed = 00:00:40 . Memory (MB): peak = 2375.879 ; gain = 157.250 ; free physical = 4624 ; free virtual = 40664
INFO: [Place 30-746] Post Placement Timing Summary WNS=-0.052. For the most accurate timing information please run report_timing.
Phase 5.2.2.1 Post Placement Timing Optimization | Checksum: 29f9e7f42

Time (s): cpu = 00:01:19 ; elapsed = 00:00:40 . Memory (MB): peak = 2375.879 ; gain = 157.250 ; free physical = 4624 ; free virtual = 40664
Phase 5.2.2 Post Placement Optimization | Checksum: 29f9e7f42

Time (s): cpu = 00:01:19 ; elapsed = 00:00:40 . Memory (MB): peak = 2375.879 ; gain = 157.250 ; free physical = 4624 ; free virtual = 40664
Phase 5.2 Post Commit Optimization | Checksum: 29f9e7f42

Time (s): cpu = 00:01:19 ; elapsed = 00:00:40 . Memory (MB): peak = 2375.879 ; gain = 157.250 ; free physical = 4624 ; free virtual = 40663

Phase 5.3 Sweep Clock Roots: Post-Placement
Phase 5.3 Sweep Clock Roots: Post-Placement | Checksum: 29f9e7f42

Time (s): cpu = 00:01:19 ; elapsed = 00:00:40 . Memory (MB): peak = 2375.879 ; gain = 157.250 ; free physical = 4623 ; free virtual = 40663

Phase 5.4 Post Placement Cleanup
Phase 5.4 Post Placement Cleanup | Checksum: 29f9e7f42

Time (s): cpu = 00:01:19 ; elapsed = 00:00:41 . Memory (MB): peak = 2375.879 ; gain = 157.250 ; free physical = 4623 ; free virtual = 40663

Phase 5.5 Placer Reporting

Phase 5.5.1 Restore STA
Phase 5.5.1 Restore STA | Checksum: 29f9e7f42

Time (s): cpu = 00:01:19 ; elapsed = 00:00:41 . Memory (MB): peak = 2375.879 ; gain = 157.250 ; free physical = 4623 ; free virtual = 40663
Phase 5.5 Placer Reporting | Checksum: 29f9e7f42

Time (s): cpu = 00:01:19 ; elapsed = 00:00:41 . Memory (MB): peak = 2375.879 ; gain = 157.250 ; free physical = 4623 ; free virtual = 40663

Phase 5.6 Final Placement Cleanup
Phase 5.6 Final Placement Cleanup | Checksum: 23fdae85a

Time (s): cpu = 00:01:19 ; elapsed = 00:00:41 . Memory (MB): peak = 2375.879 ; gain = 157.250 ; free physical = 4623 ; free virtual = 40663
Phase 5 Post Placement Optimization and Clean-Up | Checksum: 23fdae85a

Time (s): cpu = 00:01:19 ; elapsed = 00:00:41 . Memory (MB): peak = 2375.879 ; gain = 157.250 ; free physical = 4623 ; free virtual = 40663
Ending Placer Task | Checksum: 149b292a2

Time (s): cpu = 00:01:19 ; elapsed = 00:00:41 . Memory (MB): peak = 2375.879 ; gain = 157.250 ; free physical = 4623 ; free virtual = 40663
INFO: [Common 17-83] Releasing license: Implementation
75 Infos, 305 Warnings, 0 Critical Warnings and 0 Errors encountered.
place_design completed successfully
place_design: Time (s): cpu = 00:01:22 ; elapsed = 00:00:42 . Memory (MB): peak = 2375.879 ; gain = 157.250 ; free physical = 4623 ; free virtual = 40663
Writing placer database...
Writing XDEF routing.
Writing XDEF routing logical nets.
Writing XDEF routing special nets.
Write XDEF Complete: Time (s): cpu = 00:00:03 ; elapsed = 00:00:00.99 . Memory (MB): peak = 2375.879 ; gain = 0.000 ; free physical = 4604 ; free virtual = 40663
report_io: Time (s): cpu = 00:00:00.20 ; elapsed = 00:00:00.24 . Memory (MB): peak = 2375.879 ; gain = 0.000 ; free physical = 4615 ; free virtual = 40660
report_utilization: Time (s): cpu = 00:00:00.50 ; elapsed = 00:00:00.57 . Memory (MB): peak = 2375.879 ; gain = 0.000 ; free physical = 4615 ; free virtual = 40660
report_control_sets: Time (s): cpu = 00:00:00.09 ; elapsed = 00:00:00.13 . Memory (MB): peak = 2375.879 ; gain = 0.000 ; free physical = 4615 ; free virtual = 40660
Command: route_design
Attempting to get a license for feature 'Implementation' and/or device 'xc7k325t'
INFO: [Common 17-349] Got license for feature 'Implementation' and/or device 'xc7k325t'
INFO: [Common 17-1223] The version limit for your license is '2018.05' and will expire in 17 days. A version limit expiration means that, although you may be able to continue to use the current version of tools or IP with this license, you will not be eligible for any updates or new releases.
Running DRC as a precondition to command route_design
INFO: [DRC 23-27] Running DRC with 8 threads
INFO: [Vivado_Tcl 4-198] DRC finished with 0 Errors
INFO: [Vivado_Tcl 4-199] Please refer to the DRC report (report_drc) for more information.


Starting Routing Task
INFO: [Route 35-254] Multithreading enabled for route_design using a maximum of 8 CPUs

Phase 1 Build RT Design
Phase 1 Build RT Design | Checksum: a302c1aa

Time (s): cpu = 00:01:02 ; elapsed = 00:00:49 . Memory (MB): peak = 2462.469 ; gain = 86.590 ; free physical = 4455 ; free virtual = 40500

Phase 2 Router Initialization

Phase 2.1 Create Timer
Phase 2.1 Create Timer | Checksum: a302c1aa

Time (s): cpu = 00:01:02 ; elapsed = 00:00:49 . Memory (MB): peak = 2462.469 ; gain = 86.590 ; free physical = 4455 ; free virtual = 40500

Phase 2.2 Pre Route Cleanup
Phase 2.2 Pre Route Cleanup | Checksum: a302c1aa

Time (s): cpu = 00:01:02 ; elapsed = 00:00:49 . Memory (MB): peak = 2462.469 ; gain = 86.590 ; free physical = 4416 ; free virtual = 40461

Phase 2.3 Update Timing
Phase 2.3 Update Timing | Checksum: 13cce0d2e

Time (s): cpu = 00:01:21 ; elapsed = 00:00:59 . Memory (MB): peak = 2581.336 ; gain = 205.457 ; free physical = 4295 ; free virtual = 40340
INFO: [Route 35-57] Estimated Timing Summary | WNS=0.099  | TNS=0.000  | WHS=-0.399 | THS=-643.977|

Phase 2 Router Initialization | Checksum: fa52cf4b

Time (s): cpu = 00:01:27 ; elapsed = 00:01:00 . Memory (MB): peak = 2581.336 ; gain = 205.457 ; free physical = 4294 ; free virtual = 40340

Phase 3 Initial Routing
Phase 3 Initial Routing | Checksum: b31f2c81

Time (s): cpu = 00:01:34 ; elapsed = 00:01:02 . Memory (MB): peak = 2581.336 ; gain = 205.457 ; free physical = 4285 ; free virtual = 40330

Phase 4 Rip-up And Reroute

Phase 4.1 Global Iteration 0
 Number of Nodes with overlaps = 1365
 Number of Nodes with overlaps = 96
 Number of Nodes with overlaps = 13
 Number of Nodes with overlaps = 0

Phase 4.1.1 Update Timing
Phase 4.1.1 Update Timing | Checksum: 142c2014c

Time (s): cpu = 00:01:46 ; elapsed = 00:01:05 . Memory (MB): peak = 2581.336 ; gain = 205.457 ; free physical = 4290 ; free virtual = 40335
INFO: [Route 35-57] Estimated Timing Summary | WNS=-0.042 | TNS=-0.167 | WHS=N/A    | THS=N/A    |


Phase 4.1.2 GlobIterForTiming

Phase 4.1.2.1 Update Timing
Phase 4.1.2.1 Update Timing | Checksum: 19f1c4cee

Time (s): cpu = 00:01:47 ; elapsed = 00:01:06 . Memory (MB): peak = 2581.336 ; gain = 205.457 ; free physical = 4297 ; free virtual = 40342

Phase 4.1.2.2 Fast Budgeting
Phase 4.1.2.2 Fast Budgeting | Checksum: 1c74f5435

Time (s): cpu = 00:01:47 ; elapsed = 00:01:06 . Memory (MB): peak = 2581.336 ; gain = 205.457 ; free physical = 4286 ; free virtual = 40332
Phase 4.1.2 GlobIterForTiming | Checksum: 1293a787a

Time (s): cpu = 00:01:47 ; elapsed = 00:01:07 . Memory (MB): peak = 2581.336 ; gain = 205.457 ; free physical = 4298 ; free virtual = 40343
Phase 4.1 Global Iteration 0 | Checksum: 1293a787a

Time (s): cpu = 00:01:47 ; elapsed = 00:01:07 . Memory (MB): peak = 2581.336 ; gain = 205.457 ; free physical = 4298 ; free virtual = 40343

Phase 4.2 Global Iteration 1
 Number of Nodes with overlaps = 315
 Number of Nodes with overlaps = 51
 Number of Nodes with overlaps = 13
 Number of Nodes with overlaps = 10
 Number of Nodes with overlaps = 0

Phase 4.2.1 Update Timing
Phase 4.2.1 Update Timing | Checksum: 1d558ebfd

Time (s): cpu = 00:01:52 ; elapsed = 00:01:09 . Memory (MB): peak = 2581.336 ; gain = 205.457 ; free physical = 4317 ; free virtual = 40363
INFO: [Route 35-57] Estimated Timing Summary | WNS=-0.028 | TNS=-0.111 | WHS=N/A    | THS=N/A    |


Phase 4.2.2 GlobIterForTiming

Phase 4.2.2.1 Update Timing
Phase 4.2.2.1 Update Timing | Checksum: 17aad9f8c

Time (s): cpu = 00:01:52 ; elapsed = 00:01:09 . Memory (MB): peak = 2581.336 ; gain = 205.457 ; free physical = 4317 ; free virtual = 40363

Phase 4.2.2.2 Fast Budgeting
Phase 4.2.2.2 Fast Budgeting | Checksum: 1c73c2502

Time (s): cpu = 00:01:53 ; elapsed = 00:01:10 . Memory (MB): peak = 2581.336 ; gain = 205.457 ; free physical = 4317 ; free virtual = 40363
Phase 4.2.2 GlobIterForTiming | Checksum: 13fed9c87

Time (s): cpu = 00:01:53 ; elapsed = 00:01:10 . Memory (MB): peak = 2581.336 ; gain = 205.457 ; free physical = 4317 ; free virtual = 40362
Phase 4.2 Global Iteration 1 | Checksum: 13fed9c87

Time (s): cpu = 00:01:53 ; elapsed = 00:01:10 . Memory (MB): peak = 2581.336 ; gain = 205.457 ; free physical = 4317 ; free virtual = 40362

Phase 4.3 Global Iteration 2
 Number of Nodes with overlaps = 317
 Number of Nodes with overlaps = 16
 Number of Nodes with overlaps = 3
 Number of Nodes with overlaps = 2
 Number of Nodes with overlaps = 0

Phase 4.3.1 Update Timing
Phase 4.3.1 Update Timing | Checksum: 12e783b4d

Time (s): cpu = 00:01:57 ; elapsed = 00:01:12 . Memory (MB): peak = 2581.336 ; gain = 205.457 ; free physical = 4317 ; free virtual = 40363
INFO: [Route 35-57] Estimated Timing Summary | WNS=-0.035 | TNS=-0.139 | WHS=N/A    | THS=N/A    |

Phase 4.3 Global Iteration 2 | Checksum: 193dceec9

Time (s): cpu = 00:01:57 ; elapsed = 00:01:12 . Memory (MB): peak = 2581.336 ; gain = 205.457 ; free physical = 4317 ; free virtual = 40362
Phase 4 Rip-up And Reroute | Checksum: 193dceec9

Time (s): cpu = 00:01:57 ; elapsed = 00:01:12 . Memory (MB): peak = 2581.336 ; gain = 205.457 ; free physical = 4317 ; free virtual = 40362

Phase 5 Delay and Skew Optimization

Phase 5.1 Delay CleanUp

Phase 5.1.1 Update Timing
Phase 5.1.1 Update Timing | Checksum: 1d8a91402

Time (s): cpu = 00:01:59 ; elapsed = 00:01:12 . Memory (MB): peak = 2581.336 ; gain = 205.457 ; free physical = 4317 ; free virtual = 40362
INFO: [Route 35-57] Estimated Timing Summary | WNS=-0.011 | TNS=-0.043 | WHS=N/A    | THS=N/A    |

 Number of Nodes with overlaps = 0
Phase 5.1 Delay CleanUp | Checksum: 13da0aeca

Time (s): cpu = 00:01:59 ; elapsed = 00:01:12 . Memory (MB): peak = 2581.336 ; gain = 205.457 ; free physical = 4316 ; free virtual = 40362

Phase 5.2 Clock Skew Optimization
Phase 5.2 Clock Skew Optimization | Checksum: 13da0aeca

Time (s): cpu = 00:01:59 ; elapsed = 00:01:12 . Memory (MB): peak = 2581.336 ; gain = 205.457 ; free physical = 4316 ; free virtual = 40362
Phase 5 Delay and Skew Optimization | Checksum: 13da0aeca

Time (s): cpu = 00:01:59 ; elapsed = 00:01:12 . Memory (MB): peak = 2581.336 ; gain = 205.457 ; free physical = 4317 ; free virtual = 40362

Phase 6 Post Hold Fix

Phase 6.1 Update Timing
Phase 6.1 Update Timing | Checksum: ab9cce01

Time (s): cpu = 00:02:02 ; elapsed = 00:01:13 . Memory (MB): peak = 2581.336 ; gain = 205.457 ; free physical = 4317 ; free virtual = 40362
INFO: [Route 35-57] Estimated Timing Summary | WNS=-0.011 | TNS=-0.043 | WHS=0.045  | THS=0.000  |

Phase 6 Post Hold Fix | Checksum: d4abd4a2

Time (s): cpu = 00:02:02 ; elapsed = 00:01:13 . Memory (MB): peak = 2581.336 ; gain = 205.457 ; free physical = 4316 ; free virtual = 40362

Phase 7 Route finalize

Router Utilization Summary
  Global Vertical Routing Utilization    = 1.0431 %
  Global Horizontal Routing Utilization  = 1.19653 %
  Routable Net Status*
  *Does not include unroutable nets such as driverless and loadless.
  Run report_route_status for detailed report.
  Number of Failed Nets               = 0
  Number of Unrouted Nets             = 0
  Number of Partially Routed Nets     = 0
  Number of Node Overlaps             = 0

Congestion Report
North Dir 1x1 Area, Max Cong = 75.6757%, No Congested Regions.
South Dir 1x1 Area, Max Cong = 54.0541%, No Congested Regions.
East Dir 1x1 Area, Max Cong = 58.8235%, No Congested Regions.
West Dir 1x1 Area, Max Cong = 58.8235%, No Congested Regions.
Phase 7 Route finalize | Checksum: 1369b5b80

Time (s): cpu = 00:02:02 ; elapsed = 00:01:13 . Memory (MB): peak = 2581.336 ; gain = 205.457 ; free physical = 4316 ; free virtual = 40361

Phase 8 Verifying routed nets

 Verification completed successfully
Phase 8 Verifying routed nets | Checksum: 1369b5b80

Time (s): cpu = 00:02:02 ; elapsed = 00:01:13 . Memory (MB): peak = 2581.336 ; gain = 205.457 ; free physical = 4316 ; free virtual = 40361

Phase 9 Depositing Routes
Phase 9 Depositing Routes | Checksum: 142d59bb0

Time (s): cpu = 00:02:03 ; elapsed = 00:01:14 . Memory (MB): peak = 2581.336 ; gain = 205.457 ; free physical = 4315 ; free virtual = 40360

Phase 10 Post Router Timing
INFO: [Route 35-57] Estimated Timing Summary | WNS=-0.011 | TNS=-0.043 | WHS=0.045  | THS=0.000  |

WARNING: [Route 35-328] Router estimated timing not met.
Resolution: For a complete and accurate timing signoff, report_timing_summary must be run after route_design. Alternatively, route_design can be run with the -timing_summary option to enable a complete timing signoff at the end of route_design.
Phase 10 Post Router Timing | Checksum: 142d59bb0

Time (s): cpu = 00:02:03 ; elapsed = 00:01:14 . Memory (MB): peak = 2581.336 ; gain = 205.457 ; free physical = 4315 ; free virtual = 40360
INFO: [Route 35-16] Router Completed Successfully

Time (s): cpu = 00:02:03 ; elapsed = 00:01:14 . Memory (MB): peak = 2581.336 ; gain = 205.457 ; free physical = 4315 ; free virtual = 40360

Routing Is Done.
INFO: [Common 17-83] Releasing license: Implementation
90 Infos, 306 Warnings, 0 Critical Warnings and 0 Errors encountered.
route_design completed successfully
route_design: Time (s): cpu = 00:02:06 ; elapsed = 00:01:16 . Memory (MB): peak = 2581.336 ; gain = 205.457 ; free physical = 4315 ; free virtual = 40360
Writing placer database...
Writing XDEF routing.
Writing XDEF routing logical nets.
Writing XDEF routing special nets.
Write XDEF Complete: Time (s): cpu = 00:00:03 ; elapsed = 00:00:01 . Memory (MB): peak = 2591.340 ; gain = 0.000 ; free physical = 4291 ; free virtual = 40361
INFO: [DRC 23-27] Running DRC with 8 threads
INFO: [Coretcl 2-168] The results of DRC are in file /home/rrivera/ots/srcs/otsdaq-firmware/cactus/projects/nim_plus_x/top/top.runs/impl_1/top_drc_routed.rpt.
INFO: [Timing 38-91] UpdateTimingParams: Speed grade: -2, Delay Type: min_max.
INFO: [Timing 38-191] Multithreading enabled for timing update using a maximum of 8 CPUs
CRITICAL WARNING: [Timing 38-282] The design failed to meet the timing requirements. Please see the timing summary report for details on the timing violations.
Running Vector-less Activity Propagation...

Finished Running Vector-less Activity Propagation
WARNING: [Power 33-218] MMCM/PLL RST static_probability should be either 0 or 1, power analysis is using 0 by default.
Use 'set_switching_activity -static_probability 1 -signal_rate 0 [get_nets extra_clk_reset_OR[0]]'  to set the static_probability to '1'  if desired.
WARNING: [Power 33-218] MMCM/PLL RST static_probability should be either 0 or 1, power analysis is using 0 by default.
Use 'set_switching_activity -static_probability 1 -signal_rate 0 [get_nets extra_clk_reset_OR[3]]'  to set the static_probability to '1'  if desired.
WARNING: [Power 33-218] MMCM/PLL RST static_probability should be either 0 or 1, power analysis is using 0 by default.
Use 'set_switching_activity -static_probability 1 -signal_rate 0 [get_nets extra_clk_reset_OR[2]]'  to set the static_probability to '1'  if desired.
WARNING: [Power 33-218] MMCM/PLL RST static_probability should be either 0 or 1, power analysis is using 0 by default.
Use 'set_switching_activity -static_probability 1 -signal_rate 0 [get_nets extra_clk_reset_OR[1]]'  to set the static_probability to '1'  if desired.
Attempting to get a license for feature 'Implementation' and/or device 'xc7k325t'
INFO: [Common 17-349] Got license for feature 'Implementation' and/or device 'xc7k325t'
INFO: [Common 17-1223] The version limit for your license is '2018.05' and will expire in 17 days. A version limit expiration means that, although you may be able to continue to use the current version of tools or IP with this license, you will not be eligible for any updates or new releases.
Running DRC as a precondition to command write_bitstream
INFO: [DRC 23-27] Running DRC with 8 threads
WARNING: [DRC 23-20] Rule violation (PDRC-157) Slice clock routing - For SLICE_X79Y197: more than 2 non-clock pins of the SLICE are driven by different global clocks. This condition should be corrected as it easily becomes congested and will fail to route.
WARNING: [DRC 23-20] Rule violation (REQP-1709) Clock output buffering - PLLE2_ADV connectivity violation. The signal genExtClkMux[0].clk_wiz_1_BLOCK/U0/clk_out1325 on the genExtClkMux[0].clk_wiz_1_BLOCK/U0/plle2_adv_inst/CLKOUT2 pin of genExtClkMux[0].clk_wiz_1_BLOCK/U0/plle2_adv_inst does not drive the same kind of BUFFER load as the other CLKOUT pins. Routing from the different buffer types will not be phase aligned.
WARNING: [DRC 23-20] Rule violation (REQP-1709) Clock output buffering - PLLE2_ADV connectivity violation. The signal genExtClkMux[0].clk_wiz_1_BLOCK/U0/clk_out265 on the genExtClkMux[0].clk_wiz_1_BLOCK/U0/plle2_adv_inst/CLKOUT1 pin of genExtClkMux[0].clk_wiz_1_BLOCK/U0/plle2_adv_inst does not drive the same kind of BUFFER load as the other CLKOUT pins. Routing from the different buffer types will not be phase aligned.
WARNING: [DRC 23-20] Rule violation (RTRES-2) BounceAcross resources - 4 GLOBAL_CLOCK net(s) have at least one node with COST_CODE_NAME equal to BOUNCEACROSS (COST_CODE 12). This situation occurs when a global clock net must enter a clock region where all global clock routing resources are occupied. Check the report from report_clock_utilization to determine which clock regions are traversed by the problem net and use floorplanning or other physical constraints to ensure a maximum of 12 global clock nets occupy each clock region. The problem net(s) are genExtClkMux[0].clk_wiz_1_BLOCK/U0/clk_out320e, clk_wiz_0_BLOCK/U0/clkout40, selected_ext_clkg, bmx_40.
WARNING: [DRC 23-20] Rule violation (RTSTAT-10) No routable loads - 6 net(s) have no routable loads. The problem bus(es) and/or net(s) are u_ila_0/inst/clk2x, eth_interface/data_manager_blk/GEC_TX_SEQ_CTL/data_fifo_empty, s_ck_mx_out[7:0].
INFO: [Vivado 12-3199] DRC finished with 0 Errors, 5 Warnings
INFO: [Vivado 12-3200] Please refer to the DRC report (report_drc) for more information.
Loading data files...
Loading site data...
Loading route data...
Processing options...
Creating bitmap...
Creating bitstream...
Bitstream compression saved 69490784 bits.
Writing bitstream ./top.bit...
INFO: [Vivado 12-1842] Bitgen Completed Successfully.
INFO: [Project 1-118] WebTalk data collection is enabled (User setting is ON. Install Setting is ON.).
INFO: [Common 17-186] '/home/rrivera/ots/srcs/otsdaq-firmware/cactus/projects/nim_plus_x/top/top.runs/impl_1/usage_statistics_webtalk.xml' has been successfully sent to Xilinx on Mon May 14 15:53:46 2018. For additional details about this file, please refer to the WebTalk help file at /opt/local/xilinx/Vivado/2015.2/doc/webtalk_introduction.html.
INFO: [Common 17-83] Releasing license: Implementation
write_bitstream: Time (s): cpu = 00:00:58 ; elapsed = 00:00:57 . Memory (MB): peak = 2783.734 ; gain = 192.395 ; free physical = 4075 ; free virtual = 40131
INFO: [Vivado_Tcl 4-395] Unable to parse hwdef file top.hwdef
INFO: [Common 17-206] Exiting Vivado at Mon May 14 15:53:46 2018...
