Copyright 1986-2015 Xilinx, Inc. All Rights Reserved.
-----------------------------------------------------------------------------------------------------------------------------------------------
| Tool Version : Vivado v.2015.2 (lin64) Build 1266856 Fri Jun 26 16:35:25 MDT 2015
| Date         : Thu May 17 14:54:59 2018
| Host         : rulinux03.dhcp.fnal.gov running 64-bit Scientific Linux Fermi release 6.9 (Ramsey)
| Command      : report_timing_summary -warn_on_violation -max_paths 10 -file top_timing_summary_routed.rpt -rpx top_timing_summary_routed.rpx
| Design       : top
| Device       : 7k325t-ffg900
| Speed File   : -2  PRODUCTION 1.12 2014-09-11
-----------------------------------------------------------------------------------------------------------------------------------------------

Timing Summary Report

------------------------------------------------------------------------------------------------
| Timer Settings
| --------------
------------------------------------------------------------------------------------------------

  Enable Multi Corner Analysis               :  Yes
  Enable Pessimism Removal                   :  Yes
  Pessimism Removal Resolution               :  Nearest Common Node
  Enable Input Delay Default Clock           :  No
  Enable Preset / Clear Arcs                 :  No
  Disable Flight Delays                      :  No

  Corner  Analyze    Analyze    
  Name    Max Paths  Min Paths  
  ------  ---------  ---------  
  Slow    Yes        Yes        
  Fast    Yes        Yes        



check_timing report

Table of Contents
-----------------
1. checking no_clock
2. checking constant_clock
3. checking pulse_width_clock
4. checking unconstrained_internal_endpoints
5. checking no_input_delay
6. checking no_output_delay
7. checking multiple_clock
8. checking generated_clocks
9. checking loops
10. checking partial_input_delay
11. checking partial_output_delay
12. checking latch_loops

1. checking no_clock
--------------------
 There are 18 register/latch pins with no clock driven by root clock pin: USER_CLOCK (HIGH)


2. checking constant_clock
--------------------------
 There are 0 register/latch pins with constant_clock.


3. checking pulse_width_clock
-----------------------------
 There are 0 register/latch pins which need pulse_width check


4. checking unconstrained_internal_endpoints
--------------------------------------------
 There are 0 pins that are not constrained for maximum delay.

 There are 0 pins that are not constrained for maximum delay due to constant clock.


5. checking no_input_delay
--------------------------
 There are 17 input ports with no input delay specified. (HIGH)

 There are 0 input ports with no input delay but user has a false path constraint.


6. checking no_output_delay
---------------------------
 There are 24 ports with no output delay specified. (HIGH)

 There are 0 ports with no output delay but user has a false path constraint

 There are 30 ports with no output delay but with a timing clock defined on it or propagating through it (LOW)


7. checking multiple_clock
--------------------------
 There are 0 register/latch pins with multiple clocks.


8. checking generated_clocks
----------------------------
 There are 0 generated clocks that are not connected to a clock source.


9. checking loops
-----------------
 There are 0 combinational loops in the design.


10. checking partial_input_delay
--------------------------------
 There are 0 input ports with partial input delay specified.


11. checking partial_output_delay
---------------------------------
 There are 0 ports with partial output delay specified.


12. checking latch_loops
------------------------
 There are 0 combinational latch loops in the design through latch input



------------------------------------------------------------------------------------------------
| Design Timing Summary
| ---------------------
------------------------------------------------------------------------------------------------

    WNS(ns)      TNS(ns)  TNS Failing Endpoints  TNS Total Endpoints      WHS(ns)      THS(ns)  THS Failing Endpoints  THS Total Endpoints     WPWS(ns)     TPWS(ns)  TPWS Failing Endpoints  TPWS Total Endpoints  
    -------      -------  ---------------------  -------------------      -------      -------  ---------------------  -------------------     --------     --------  ----------------------  --------------------  
      0.320        0.000                      0                19173        0.047        0.000                      0                19173        1.162        0.000                       0                 11614  


All user specified timing constraints are met.


------------------------------------------------------------------------------------------------
| Clock Summary
| -------------
------------------------------------------------------------------------------------------------

Clock                                                                  Waveform(ns)         Period(ns)      Frequency(MHz)
-----                                                                  ------------         ----------      --------------
CLK_bmx_320                                                            {0.000 1.562}        3.125           320.000         
CLK_bmx_40                                                             {0.000 12.500}       25.000          40.000          
DAC_IN_CLK                                                             {0.000 40.000}       80.000          12.500          
DAC_SER_CLK                                                            {0.000 80.000}       160.000         6.250           
PHY_RXCLK                                                              {0.000 4.000}        8.000           125.000         
  clk_out0_NIM_CLKS                                                    {0.000 4.000}        8.000           125.000         
  clkfbout_NIM_CLKS                                                    {0.000 4.000}        8.000           125.000         
  clkfbout_clk_wiz_0                                                   {0.000 4.000}        8.000           125.000         
  clkout320_clk_wiz_0                                                  {0.000 1.562}        3.125           320.000         
  clkout40_clk_wiz_0                                                   {0.000 12.500}       25.000          40.000          
clk_wiz_2_BLOCK/U0/clk_39_in                                           {0.000 12.578}       25.157          39.750          
  clk_39_adj_clk_wiz_2                                                 {0.000 12.578}       25.157          39.750          
  clkfbout_clk_wiz_2                                                   {0.000 12.578}       25.157          39.750          
dbg_hub/inst/N_EXT_BSCAN.bscan_inst/SERIES7_BSCAN.bscan_inst/DRCK      {0.000 15.000}       30.000          33.333          
  dbg_hub/inst/N_EXT_BSCAN.bscan_inst/SERIES7_BSCAN.bscan_inst/UPDATE  {0.000 30.000}       60.000          16.667          


------------------------------------------------------------------------------------------------
| Intra Clock Table
| -----------------
------------------------------------------------------------------------------------------------

Clock                                                                      WNS(ns)      TNS(ns)  TNS Failing Endpoints  TNS Total Endpoints      WHS(ns)      THS(ns)  THS Failing Endpoints  THS Total Endpoints     WPWS(ns)     TPWS(ns)  TPWS Failing Endpoints  TPWS Total Endpoints  
-----                                                                      -------      -------  ---------------------  -------------------      -------      -------  ---------------------  -------------------     --------     --------  ----------------------  --------------------  
CLK_bmx_320                                                                  0.320        0.000                      0                 6210        0.071        0.000                      0                 6210        1.162        0.000                       0                  4737  
DAC_IN_CLK                                                                  77.985        0.000                      0                   30        0.200        0.000                      0                   30       39.600        0.000                       0                    26  
PHY_RXCLK                                                                    1.850        0.000                      0                12182        0.047        0.000                      0                12182        2.000        0.000                       0                  6559  
  clk_out0_NIM_CLKS                                                                                                                                                                                                      6.591        0.000                       0                     2  
  clkfbout_NIM_CLKS                                                                                                                                                                                                      6.591        0.000                       0                     3  
  clkfbout_clk_wiz_0                                                                                                                                                                                                     6.591        0.000                       0                     3  
  clkout320_clk_wiz_0                                                                                                                                                                                                    1.716        0.000                       0                     3  
  clkout40_clk_wiz_0                                                                                                                                                                                                    23.591        0.000                       0                     3  
clk_wiz_2_BLOCK/U0/clk_39_in                                                                                                                                                                                             7.578        0.000                       0                     1  
  clk_39_adj_clk_wiz_2                                                                                                                                                                                                  23.748        0.000                       0                     2  
  clkfbout_clk_wiz_2                                                                                                                                                                                                    23.748        0.000                       0                     3  
dbg_hub/inst/N_EXT_BSCAN.bscan_inst/SERIES7_BSCAN.bscan_inst/DRCK           26.039        0.000                      0                  531        0.068        0.000                      0                  531       14.232        0.000                       0                   270  
  dbg_hub/inst/N_EXT_BSCAN.bscan_inst/SERIES7_BSCAN.bscan_inst/UPDATE       58.596        0.000                      0                    1        0.644        0.000                      0                    1       29.650        0.000                       0                     2  


------------------------------------------------------------------------------------------------
| Inter Clock Table
| -----------------
------------------------------------------------------------------------------------------------

From Clock                                                           To Clock                                                                 WNS(ns)      TNS(ns)  TNS Failing Endpoints  TNS Total Endpoints      WHS(ns)      THS(ns)  THS Failing Endpoints  THS Total Endpoints  
----------                                                           --------                                                                 -------      -------  ---------------------  -------------------      -------      -------  ---------------------  -------------------  
input port clock                                                     CLK_bmx_320                                                               22.606        0.000                      0                    5                                                                        
CLK_bmx_40                                                           CLK_bmx_320                                                               28.008        0.000                      0                    5        0.237        0.000                      0                    5  
dbg_hub/inst/N_EXT_BSCAN.bscan_inst/SERIES7_BSCAN.bscan_inst/UPDATE  dbg_hub/inst/N_EXT_BSCAN.bscan_inst/SERIES7_BSCAN.bscan_inst/DRCK         57.199        0.000                      0                   18        0.333        0.000                      0                   18  


------------------------------------------------------------------------------------------------
| Other Path Groups Table
| -----------------------
------------------------------------------------------------------------------------------------

Path Group                                                         From Clock                                                         To Clock                                                               WNS(ns)      TNS(ns)  TNS Failing Endpoints  TNS Total Endpoints      WHS(ns)      THS(ns)  THS Failing Endpoints  THS Total Endpoints  
----------                                                         ----------                                                         --------                                                               -------      -------  ---------------------  -------------------      -------      -------  ---------------------  -------------------  
**async_default**                                                  PHY_RXCLK                                                          PHY_RXCLK                                                                3.593        0.000                      0                   99        0.184        0.000                      0                   99  
**async_default**                                                  dbg_hub/inst/N_EXT_BSCAN.bscan_inst/SERIES7_BSCAN.bscan_inst/DRCK  dbg_hub/inst/N_EXT_BSCAN.bscan_inst/SERIES7_BSCAN.bscan_inst/DRCK       26.250        0.000                      0                  102        0.154        0.000                      0                  102  


------------------------------------------------------------------------------------------------
| Timing Details
| --------------
------------------------------------------------------------------------------------------------


---------------------------------------------------------------------------------------------------
From Clock:  CLK_bmx_320
  To Clock:  CLK_bmx_320

Setup :            0  Failing Endpoints,  Worst Slack        0.320ns,  Total Violation        0.000ns
Hold  :            0  Failing Endpoints,  Worst Slack        0.071ns,  Total Violation        0.000ns
PW    :            0  Failing Endpoints,  Worst Slack        1.162ns,  Total Violation        0.000ns
---------------------------------------------------------------------------------------------------


Max Delay Paths
--------------------------------------------------------------------------------------
Slack (MET) :             0.320ns  (required time - arrival time)
  Source:                 NIM_BLOCK/U24/U9/int_load_out_reg/C
                            (rising edge-triggered cell FDRE clocked by CLK_bmx_320  {rise@0.000ns fall@1.562ns period=3.125ns})
  Destination:            NIM_BLOCK/U24/U1/U8/int_q_reg/D
                            (rising edge-triggered cell FDRE clocked by CLK_bmx_320  {rise@0.000ns fall@1.562ns period=3.125ns})
  Path Group:             CLK_bmx_320
  Path Type:              Setup (Max at Slow Process Corner)
  Requirement:            3.125ns  (CLK_bmx_320 rise@3.125ns - CLK_bmx_320 rise@0.000ns)
  Data Path Delay:        2.629ns  (logic 0.330ns (12.554%)  route 2.299ns (87.446%))
  Logic Levels:           1  (LUT4=1)
  Clock Path Skew:        -0.093ns (DCD - SCD + CPR)
    Destination Clock Delay (DCD):    1.100ns = ( 4.225 - 3.125 ) 
    Source Clock Delay      (SCD):    1.206ns
    Clock Pessimism Removal (CPR):    0.013ns
  Clock Uncertainty:      0.118ns  ((TSJ^2 + DJ^2)^1/2) / 2 + PE
    Total System Jitter     (TSJ):    0.071ns
    Discrete Jitter          (DJ):    0.225ns
    Phase Error              (PE):    0.000ns

    Location             Delay type                Incr(ns)  Path(ns)    Netlist Resource(s)
  -------------------------------------------------------------------    -------------------
                         (clock CLK_bmx_320 rise edge)
                                                      0.000     0.000 r  
    BUFGCTRL_X0Y16       BUFG                         0.000     0.000 r  CLK_mx_320_bufg/O
                         net (fo=4737, routed)        1.206     1.206    NIM_BLOCK/U24/U9/clk
    SLICE_X57Y176        FDRE                                         r  NIM_BLOCK/U24/U9/int_load_out_reg/C
  -------------------------------------------------------------------    -------------------
    SLICE_X57Y176        FDRE (Prop_fdre_C_Q)         0.204     1.410 r  NIM_BLOCK/U24/U9/int_load_out_reg/Q
                         net (fo=64, routed)          2.299     3.709    NIM_BLOCK/U24/U1/U8/ld
    SLICE_X81Y196        LUT4 (Prop_lut4_I0_O)        0.126     3.835 r  NIM_BLOCK/U24/U1/U8/int_q_i_1/O
                         net (fo=1, routed)           0.000     3.835    NIM_BLOCK/U24/U1/U8/int_q_i_1_n_321
    SLICE_X81Y196        FDRE                                         r  NIM_BLOCK/U24/U1/U8/int_q_reg/D
  -------------------------------------------------------------------    -------------------

                         (clock CLK_bmx_320 rise edge)
                                                      3.125     3.125 r  
    BUFGCTRL_X0Y16       BUFG                         0.000     3.125 r  CLK_mx_320_bufg/O
                         net (fo=4737, routed)        1.100     4.225    NIM_BLOCK/U24/U1/U8/clk
    SLICE_X81Y196        FDRE                                         r  NIM_BLOCK/U24/U1/U8/int_q_reg/C
                         clock pessimism              0.013     4.238    
                         clock uncertainty           -0.118     4.120    
    SLICE_X81Y196        FDRE (Setup_fdre_C_D)        0.034     4.154    NIM_BLOCK/U24/U1/U8/int_q_reg
  -------------------------------------------------------------------
                         required time                          4.154    
                         arrival time                          -3.835    
  -------------------------------------------------------------------
                         slack                                  0.320    

Slack (MET) :             0.358ns  (required time - arrival time)
  Source:                 NIM_BLOCK/U121/U9/int_latch_sig_reg/C
                            (rising edge-triggered cell FDRE clocked by CLK_bmx_320  {rise@0.000ns fall@1.562ns period=3.125ns})
  Destination:            NIM_BLOCK/U121/U1/d_reg_reg[1]/CE
                            (rising edge-triggered cell FDRE clocked by CLK_bmx_320  {rise@0.000ns fall@1.562ns period=3.125ns})
  Path Group:             CLK_bmx_320
  Path Type:              Setup (Max at Slow Process Corner)
  Requirement:            3.125ns  (CLK_bmx_320 rise@3.125ns - CLK_bmx_320 rise@0.000ns)
  Data Path Delay:        2.394ns  (logic 0.223ns (9.314%)  route 2.171ns (90.686%))
  Logic Levels:           0  
  Clock Path Skew:        -0.054ns (DCD - SCD + CPR)
    Destination Clock Delay (DCD):    1.157ns = ( 4.282 - 3.125 ) 
    Source Clock Delay      (SCD):    1.211ns
    Clock Pessimism Removal (CPR):    0.000ns
  Clock Uncertainty:      0.118ns  ((TSJ^2 + DJ^2)^1/2) / 2 + PE
    Total System Jitter     (TSJ):    0.071ns
    Discrete Jitter          (DJ):    0.225ns
    Phase Error              (PE):    0.000ns

    Location             Delay type                Incr(ns)  Path(ns)    Netlist Resource(s)
  -------------------------------------------------------------------    -------------------
                         (clock CLK_bmx_320 rise edge)
                                                      0.000     0.000 r  
    BUFGCTRL_X0Y16       BUFG                         0.000     0.000 r  CLK_mx_320_bufg/O
                         net (fo=4737, routed)        1.211     1.211    NIM_BLOCK/U121/U9/clk
    SLICE_X59Y204        FDRE                                         r  NIM_BLOCK/U121/U9/int_latch_sig_reg/C
  -------------------------------------------------------------------    -------------------
    SLICE_X59Y204        FDRE (Prop_fdre_C_Q)         0.223     1.434 r  NIM_BLOCK/U121/U9/int_latch_sig_reg/Q
                         net (fo=177, routed)         2.171     3.605    NIM_BLOCK/U121/U1/wr_en
    SLICE_X36Y193        FDRE                                         r  NIM_BLOCK/U121/U1/d_reg_reg[1]/CE
  -------------------------------------------------------------------    -------------------

                         (clock CLK_bmx_320 rise edge)
                                                      3.125     3.125 r  
    BUFGCTRL_X0Y16       BUFG                         0.000     3.125 r  CLK_mx_320_bufg/O
                         net (fo=4737, routed)        1.157     4.282    NIM_BLOCK/U121/U1/clk
    SLICE_X36Y193        FDRE                                         r  NIM_BLOCK/U121/U1/d_reg_reg[1]/C
                         clock pessimism              0.000     4.282    
                         clock uncertainty           -0.118     4.164    
    SLICE_X36Y193        FDRE (Setup_fdre_C_CE)      -0.201     3.963    NIM_BLOCK/U121/U1/d_reg_reg[1]
  -------------------------------------------------------------------
                         required time                          3.963    
                         arrival time                          -3.605    
  -------------------------------------------------------------------
                         slack                                  0.358    

Slack (MET) :             0.358ns  (required time - arrival time)
  Source:                 NIM_BLOCK/U121/U9/int_latch_sig_reg/C
                            (rising edge-triggered cell FDRE clocked by CLK_bmx_320  {rise@0.000ns fall@1.562ns period=3.125ns})
  Destination:            NIM_BLOCK/U121/U1/d_reg_reg[4]/CE
                            (rising edge-triggered cell FDRE clocked by CLK_bmx_320  {rise@0.000ns fall@1.562ns period=3.125ns})
  Path Group:             CLK_bmx_320
  Path Type:              Setup (Max at Slow Process Corner)
  Requirement:            3.125ns  (CLK_bmx_320 rise@3.125ns - CLK_bmx_320 rise@0.000ns)
  Data Path Delay:        2.394ns  (logic 0.223ns (9.314%)  route 2.171ns (90.686%))
  Logic Levels:           0  
  Clock Path Skew:        -0.054ns (DCD - SCD + CPR)
    Destination Clock Delay (DCD):    1.157ns = ( 4.282 - 3.125 ) 
    Source Clock Delay      (SCD):    1.211ns
    Clock Pessimism Removal (CPR):    0.000ns
  Clock Uncertainty:      0.118ns  ((TSJ^2 + DJ^2)^1/2) / 2 + PE
    Total System Jitter     (TSJ):    0.071ns
    Discrete Jitter          (DJ):    0.225ns
    Phase Error              (PE):    0.000ns

    Location             Delay type                Incr(ns)  Path(ns)    Netlist Resource(s)
  -------------------------------------------------------------------    -------------------
                         (clock CLK_bmx_320 rise edge)
                                                      0.000     0.000 r  
    BUFGCTRL_X0Y16       BUFG                         0.000     0.000 r  CLK_mx_320_bufg/O
                         net (fo=4737, routed)        1.211     1.211    NIM_BLOCK/U121/U9/clk
    SLICE_X59Y204        FDRE                                         r  NIM_BLOCK/U121/U9/int_latch_sig_reg/C
  -------------------------------------------------------------------    -------------------
    SLICE_X59Y204        FDRE (Prop_fdre_C_Q)         0.223     1.434 r  NIM_BLOCK/U121/U9/int_latch_sig_reg/Q
                         net (fo=177, routed)         2.171     3.605    NIM_BLOCK/U121/U1/wr_en
    SLICE_X36Y193        FDRE                                         r  NIM_BLOCK/U121/U1/d_reg_reg[4]/CE
  -------------------------------------------------------------------    -------------------

                         (clock CLK_bmx_320 rise edge)
                                                      3.125     3.125 r  
    BUFGCTRL_X0Y16       BUFG                         0.000     3.125 r  CLK_mx_320_bufg/O
                         net (fo=4737, routed)        1.157     4.282    NIM_BLOCK/U121/U1/clk
    SLICE_X36Y193        FDRE                                         r  NIM_BLOCK/U121/U1/d_reg_reg[4]/C
                         clock pessimism              0.000     4.282    
                         clock uncertainty           -0.118     4.164    
    SLICE_X36Y193        FDRE (Setup_fdre_C_CE)      -0.201     3.963    NIM_BLOCK/U121/U1/d_reg_reg[4]
  -------------------------------------------------------------------
                         required time                          3.963    
                         arrival time                          -3.605    
  -------------------------------------------------------------------
                         slack                                  0.358    

Slack (MET) :             0.358ns  (required time - arrival time)
  Source:                 NIM_BLOCK/U121/U9/int_latch_sig_reg/C
                            (rising edge-triggered cell FDRE clocked by CLK_bmx_320  {rise@0.000ns fall@1.562ns period=3.125ns})
  Destination:            NIM_BLOCK/U121/U3/d_reg_reg[1]/CE
                            (rising edge-triggered cell FDRE clocked by CLK_bmx_320  {rise@0.000ns fall@1.562ns period=3.125ns})
  Path Group:             CLK_bmx_320
  Path Type:              Setup (Max at Slow Process Corner)
  Requirement:            3.125ns  (CLK_bmx_320 rise@3.125ns - CLK_bmx_320 rise@0.000ns)
  Data Path Delay:        2.394ns  (logic 0.223ns (9.314%)  route 2.171ns (90.686%))
  Logic Levels:           0  
  Clock Path Skew:        -0.054ns (DCD - SCD + CPR)
    Destination Clock Delay (DCD):    1.157ns = ( 4.282 - 3.125 ) 
    Source Clock Delay      (SCD):    1.211ns
    Clock Pessimism Removal (CPR):    0.000ns
  Clock Uncertainty:      0.118ns  ((TSJ^2 + DJ^2)^1/2) / 2 + PE
    Total System Jitter     (TSJ):    0.071ns
    Discrete Jitter          (DJ):    0.225ns
    Phase Error              (PE):    0.000ns

    Location             Delay type                Incr(ns)  Path(ns)    Netlist Resource(s)
  -------------------------------------------------------------------    -------------------
                         (clock CLK_bmx_320 rise edge)
                                                      0.000     0.000 r  
    BUFGCTRL_X0Y16       BUFG                         0.000     0.000 r  CLK_mx_320_bufg/O
                         net (fo=4737, routed)        1.211     1.211    NIM_BLOCK/U121/U9/clk
    SLICE_X59Y204        FDRE                                         r  NIM_BLOCK/U121/U9/int_latch_sig_reg/C
  -------------------------------------------------------------------    -------------------
    SLICE_X59Y204        FDRE (Prop_fdre_C_Q)         0.223     1.434 r  NIM_BLOCK/U121/U9/int_latch_sig_reg/Q
                         net (fo=177, routed)         2.171     3.605    NIM_BLOCK/U121/U3/wr_en
    SLICE_X36Y193        FDRE                                         r  NIM_BLOCK/U121/U3/d_reg_reg[1]/CE
  -------------------------------------------------------------------    -------------------

                         (clock CLK_bmx_320 rise edge)
                                                      3.125     3.125 r  
    BUFGCTRL_X0Y16       BUFG                         0.000     3.125 r  CLK_mx_320_bufg/O
                         net (fo=4737, routed)        1.157     4.282    NIM_BLOCK/U121/U3/clk
    SLICE_X36Y193        FDRE                                         r  NIM_BLOCK/U121/U3/d_reg_reg[1]/C
                         clock pessimism              0.000     4.282    
                         clock uncertainty           -0.118     4.164    
    SLICE_X36Y193        FDRE (Setup_fdre_C_CE)      -0.201     3.963    NIM_BLOCK/U121/U3/d_reg_reg[1]
  -------------------------------------------------------------------
                         required time                          3.963    
                         arrival time                          -3.605    
  -------------------------------------------------------------------
                         slack                                  0.358    

Slack (MET) :             0.358ns  (required time - arrival time)
  Source:                 NIM_BLOCK/U121/U9/int_latch_sig_reg/C
                            (rising edge-triggered cell FDRE clocked by CLK_bmx_320  {rise@0.000ns fall@1.562ns period=3.125ns})
  Destination:            NIM_BLOCK/U121/U3/d_reg_reg[4]/CE
                            (rising edge-triggered cell FDRE clocked by CLK_bmx_320  {rise@0.000ns fall@1.562ns period=3.125ns})
  Path Group:             CLK_bmx_320
  Path Type:              Setup (Max at Slow Process Corner)
  Requirement:            3.125ns  (CLK_bmx_320 rise@3.125ns - CLK_bmx_320 rise@0.000ns)
  Data Path Delay:        2.394ns  (logic 0.223ns (9.314%)  route 2.171ns (90.686%))
  Logic Levels:           0  
  Clock Path Skew:        -0.054ns (DCD - SCD + CPR)
    Destination Clock Delay (DCD):    1.157ns = ( 4.282 - 3.125 ) 
    Source Clock Delay      (SCD):    1.211ns
    Clock Pessimism Removal (CPR):    0.000ns
  Clock Uncertainty:      0.118ns  ((TSJ^2 + DJ^2)^1/2) / 2 + PE
    Total System Jitter     (TSJ):    0.071ns
    Discrete Jitter          (DJ):    0.225ns
    Phase Error              (PE):    0.000ns

    Location             Delay type                Incr(ns)  Path(ns)    Netlist Resource(s)
  -------------------------------------------------------------------    -------------------
                         (clock CLK_bmx_320 rise edge)
                                                      0.000     0.000 r  
    BUFGCTRL_X0Y16       BUFG                         0.000     0.000 r  CLK_mx_320_bufg/O
                         net (fo=4737, routed)        1.211     1.211    NIM_BLOCK/U121/U9/clk
    SLICE_X59Y204        FDRE                                         r  NIM_BLOCK/U121/U9/int_latch_sig_reg/C
  -------------------------------------------------------------------    -------------------
    SLICE_X59Y204        FDRE (Prop_fdre_C_Q)         0.223     1.434 r  NIM_BLOCK/U121/U9/int_latch_sig_reg/Q
                         net (fo=177, routed)         2.171     3.605    NIM_BLOCK/U121/U3/wr_en
    SLICE_X36Y193        FDRE                                         r  NIM_BLOCK/U121/U3/d_reg_reg[4]/CE
  -------------------------------------------------------------------    -------------------

                         (clock CLK_bmx_320 rise edge)
                                                      3.125     3.125 r  
    BUFGCTRL_X0Y16       BUFG                         0.000     3.125 r  CLK_mx_320_bufg/O
                         net (fo=4737, routed)        1.157     4.282    NIM_BLOCK/U121/U3/clk
    SLICE_X36Y193        FDRE                                         r  NIM_BLOCK/U121/U3/d_reg_reg[4]/C
                         clock pessimism              0.000     4.282    
                         clock uncertainty           -0.118     4.164    
    SLICE_X36Y193        FDRE (Setup_fdre_C_CE)      -0.201     3.963    NIM_BLOCK/U121/U3/d_reg_reg[4]
  -------------------------------------------------------------------
                         required time                          3.963    
                         arrival time                          -3.605    
  -------------------------------------------------------------------
                         slack                                  0.358    

Slack (MET) :             0.374ns  (required time - arrival time)
  Source:                 NIM_BLOCK/U4/count_reg_reg[0]/C
                            (rising edge-triggered cell FDRE clocked by CLK_bmx_320  {rise@0.000ns fall@1.562ns period=3.125ns})
  Destination:            NIM_BLOCK/U4/count_reg_reg[10]/R
                            (rising edge-triggered cell FDRE clocked by CLK_bmx_320  {rise@0.000ns fall@1.562ns period=3.125ns})
  Path Group:             CLK_bmx_320
  Path Type:              Setup (Max at Slow Process Corner)
  Requirement:            3.125ns  (CLK_bmx_320 rise@3.125ns - CLK_bmx_320 rise@0.000ns)
  Data Path Delay:        2.308ns  (logic 0.804ns (34.837%)  route 1.504ns (65.163%))
  Logic Levels:           5  (CARRY4=3 LUT5=1 LUT6=1)
  Clock Path Skew:        -0.021ns (DCD - SCD + CPR)
    Destination Clock Delay (DCD):    1.087ns = ( 4.212 - 3.125 ) 
    Source Clock Delay      (SCD):    1.214ns
    Clock Pessimism Removal (CPR):    0.106ns
  Clock Uncertainty:      0.118ns  ((TSJ^2 + DJ^2)^1/2) / 2 + PE
    Total System Jitter     (TSJ):    0.071ns
    Discrete Jitter          (DJ):    0.225ns
    Phase Error              (PE):    0.000ns

    Location             Delay type                Incr(ns)  Path(ns)    Netlist Resource(s)
  -------------------------------------------------------------------    -------------------
                         (clock CLK_bmx_320 rise edge)
                                                      0.000     0.000 r  
    BUFGCTRL_X0Y16       BUFG                         0.000     0.000 r  CLK_mx_320_bufg/O
                         net (fo=4737, routed)        1.214     1.214    NIM_BLOCK/U4/clk
    SLICE_X57Y182        FDRE                                         r  NIM_BLOCK/U4/count_reg_reg[0]/C
  -------------------------------------------------------------------    -------------------
    SLICE_X57Y182        FDRE (Prop_fdre_C_Q)         0.223     1.437 r  NIM_BLOCK/U4/count_reg_reg[0]/Q
                         net (fo=3, routed)           0.532     1.969    NIM_BLOCK/U4/count_reg_reg[0]
    SLICE_X58Y184        LUT6 (Prop_lut6_I0_O)        0.043     2.012 r  NIM_BLOCK/U4/int_veto_out_n_i_29/O
                         net (fo=1, routed)           0.000     2.012    NIM_BLOCK/U4/int_veto_out_n_i_29_n_321
    SLICE_X58Y184        CARRY4 (Prop_carry4_S[0]_CO[3])
                                                      0.246     2.258 r  NIM_BLOCK/U4/int_veto_out_n_reg_i_17/CO[3]
                         net (fo=1, routed)           0.000     2.258    NIM_BLOCK/U4/int_veto_out_n_reg_i_17_n_321
    SLICE_X58Y185        CARRY4 (Prop_carry4_CI_CO[3])
                                                      0.054     2.312 r  NIM_BLOCK/U4/int_veto_out_n_reg_i_8/CO[3]
                         net (fo=1, routed)           0.000     2.312    NIM_BLOCK/U4/int_veto_out_n_reg_i_8_n_321
    SLICE_X58Y186        CARRY4 (Prop_carry4_CI_CO[2])
                                                      0.110     2.422 r  NIM_BLOCK/U4/int_veto_out_n_reg_i_3/CO[2]
                         net (fo=3, routed)           0.393     2.814    NIM_BLOCK/U4/eqOp
    SLICE_X57Y190        LUT5 (Prop_lut5_I4_O)        0.128     2.942 r  NIM_BLOCK/U4/count_reg[0]_i_1/O
                         net (fo=33, routed)          0.579     3.522    NIM_BLOCK/U4/count_reg[0]_i_1_n_321
    SLICE_X57Y184        FDRE                                         r  NIM_BLOCK/U4/count_reg_reg[10]/R
  -------------------------------------------------------------------    -------------------

                         (clock CLK_bmx_320 rise edge)
                                                      3.125     3.125 r  
    BUFGCTRL_X0Y16       BUFG                         0.000     3.125 r  CLK_mx_320_bufg/O
                         net (fo=4737, routed)        1.087     4.212    NIM_BLOCK/U4/clk
    SLICE_X57Y184        FDRE                                         r  NIM_BLOCK/U4/count_reg_reg[10]/C
                         clock pessimism              0.106     4.318    
                         clock uncertainty           -0.118     4.200    
    SLICE_X57Y184        FDRE (Setup_fdre_C_R)       -0.304     3.896    NIM_BLOCK/U4/count_reg_reg[10]
  -------------------------------------------------------------------
                         required time                          3.896    
                         arrival time                          -3.522    
  -------------------------------------------------------------------
                         slack                                  0.374    

Slack (MET) :             0.374ns  (required time - arrival time)
  Source:                 NIM_BLOCK/U4/count_reg_reg[0]/C
                            (rising edge-triggered cell FDRE clocked by CLK_bmx_320  {rise@0.000ns fall@1.562ns period=3.125ns})
  Destination:            NIM_BLOCK/U4/count_reg_reg[11]/R
                            (rising edge-triggered cell FDRE clocked by CLK_bmx_320  {rise@0.000ns fall@1.562ns period=3.125ns})
  Path Group:             CLK_bmx_320
  Path Type:              Setup (Max at Slow Process Corner)
  Requirement:            3.125ns  (CLK_bmx_320 rise@3.125ns - CLK_bmx_320 rise@0.000ns)
  Data Path Delay:        2.308ns  (logic 0.804ns (34.837%)  route 1.504ns (65.163%))
  Logic Levels:           5  (CARRY4=3 LUT5=1 LUT6=1)
  Clock Path Skew:        -0.021ns (DCD - SCD + CPR)
    Destination Clock Delay (DCD):    1.087ns = ( 4.212 - 3.125 ) 
    Source Clock Delay      (SCD):    1.214ns
    Clock Pessimism Removal (CPR):    0.106ns
  Clock Uncertainty:      0.118ns  ((TSJ^2 + DJ^2)^1/2) / 2 + PE
    Total System Jitter     (TSJ):    0.071ns
    Discrete Jitter          (DJ):    0.225ns
    Phase Error              (PE):    0.000ns

    Location             Delay type                Incr(ns)  Path(ns)    Netlist Resource(s)
  -------------------------------------------------------------------    -------------------
                         (clock CLK_bmx_320 rise edge)
                                                      0.000     0.000 r  
    BUFGCTRL_X0Y16       BUFG                         0.000     0.000 r  CLK_mx_320_bufg/O
                         net (fo=4737, routed)        1.214     1.214    NIM_BLOCK/U4/clk
    SLICE_X57Y182        FDRE                                         r  NIM_BLOCK/U4/count_reg_reg[0]/C
  -------------------------------------------------------------------    -------------------
    SLICE_X57Y182        FDRE (Prop_fdre_C_Q)         0.223     1.437 r  NIM_BLOCK/U4/count_reg_reg[0]/Q
                         net (fo=3, routed)           0.532     1.969    NIM_BLOCK/U4/count_reg_reg[0]
    SLICE_X58Y184        LUT6 (Prop_lut6_I0_O)        0.043     2.012 r  NIM_BLOCK/U4/int_veto_out_n_i_29/O
                         net (fo=1, routed)           0.000     2.012    NIM_BLOCK/U4/int_veto_out_n_i_29_n_321
    SLICE_X58Y184        CARRY4 (Prop_carry4_S[0]_CO[3])
                                                      0.246     2.258 r  NIM_BLOCK/U4/int_veto_out_n_reg_i_17/CO[3]
                         net (fo=1, routed)           0.000     2.258    NIM_BLOCK/U4/int_veto_out_n_reg_i_17_n_321
    SLICE_X58Y185        CARRY4 (Prop_carry4_CI_CO[3])
                                                      0.054     2.312 r  NIM_BLOCK/U4/int_veto_out_n_reg_i_8/CO[3]
                         net (fo=1, routed)           0.000     2.312    NIM_BLOCK/U4/int_veto_out_n_reg_i_8_n_321
    SLICE_X58Y186        CARRY4 (Prop_carry4_CI_CO[2])
                                                      0.110     2.422 r  NIM_BLOCK/U4/int_veto_out_n_reg_i_3/CO[2]
                         net (fo=3, routed)           0.393     2.814    NIM_BLOCK/U4/eqOp
    SLICE_X57Y190        LUT5 (Prop_lut5_I4_O)        0.128     2.942 r  NIM_BLOCK/U4/count_reg[0]_i_1/O
                         net (fo=33, routed)          0.579     3.522    NIM_BLOCK/U4/count_reg[0]_i_1_n_321
    SLICE_X57Y184        FDRE                                         r  NIM_BLOCK/U4/count_reg_reg[11]/R
  -------------------------------------------------------------------    -------------------

                         (clock CLK_bmx_320 rise edge)
                                                      3.125     3.125 r  
    BUFGCTRL_X0Y16       BUFG                         0.000     3.125 r  CLK_mx_320_bufg/O
                         net (fo=4737, routed)        1.087     4.212    NIM_BLOCK/U4/clk
    SLICE_X57Y184        FDRE                                         r  NIM_BLOCK/U4/count_reg_reg[11]/C
                         clock pessimism              0.106     4.318    
                         clock uncertainty           -0.118     4.200    
    SLICE_X57Y184        FDRE (Setup_fdre_C_R)       -0.304     3.896    NIM_BLOCK/U4/count_reg_reg[11]
  -------------------------------------------------------------------
                         required time                          3.896    
                         arrival time                          -3.522    
  -------------------------------------------------------------------
                         slack                                  0.374    

Slack (MET) :             0.374ns  (required time - arrival time)
  Source:                 NIM_BLOCK/U4/count_reg_reg[0]/C
                            (rising edge-triggered cell FDRE clocked by CLK_bmx_320  {rise@0.000ns fall@1.562ns period=3.125ns})
  Destination:            NIM_BLOCK/U4/count_reg_reg[8]/R
                            (rising edge-triggered cell FDRE clocked by CLK_bmx_320  {rise@0.000ns fall@1.562ns period=3.125ns})
  Path Group:             CLK_bmx_320
  Path Type:              Setup (Max at Slow Process Corner)
  Requirement:            3.125ns  (CLK_bmx_320 rise@3.125ns - CLK_bmx_320 rise@0.000ns)
  Data Path Delay:        2.308ns  (logic 0.804ns (34.837%)  route 1.504ns (65.163%))
  Logic Levels:           5  (CARRY4=3 LUT5=1 LUT6=1)
  Clock Path Skew:        -0.021ns (DCD - SCD + CPR)
    Destination Clock Delay (DCD):    1.087ns = ( 4.212 - 3.125 ) 
    Source Clock Delay      (SCD):    1.214ns
    Clock Pessimism Removal (CPR):    0.106ns
  Clock Uncertainty:      0.118ns  ((TSJ^2 + DJ^2)^1/2) / 2 + PE
    Total System Jitter     (TSJ):    0.071ns
    Discrete Jitter          (DJ):    0.225ns
    Phase Error              (PE):    0.000ns

    Location             Delay type                Incr(ns)  Path(ns)    Netlist Resource(s)
  -------------------------------------------------------------------    -------------------
                         (clock CLK_bmx_320 rise edge)
                                                      0.000     0.000 r  
    BUFGCTRL_X0Y16       BUFG                         0.000     0.000 r  CLK_mx_320_bufg/O
                         net (fo=4737, routed)        1.214     1.214    NIM_BLOCK/U4/clk
    SLICE_X57Y182        FDRE                                         r  NIM_BLOCK/U4/count_reg_reg[0]/C
  -------------------------------------------------------------------    -------------------
    SLICE_X57Y182        FDRE (Prop_fdre_C_Q)         0.223     1.437 r  NIM_BLOCK/U4/count_reg_reg[0]/Q
                         net (fo=3, routed)           0.532     1.969    NIM_BLOCK/U4/count_reg_reg[0]
    SLICE_X58Y184        LUT6 (Prop_lut6_I0_O)        0.043     2.012 r  NIM_BLOCK/U4/int_veto_out_n_i_29/O
                         net (fo=1, routed)           0.000     2.012    NIM_BLOCK/U4/int_veto_out_n_i_29_n_321
    SLICE_X58Y184        CARRY4 (Prop_carry4_S[0]_CO[3])
                                                      0.246     2.258 r  NIM_BLOCK/U4/int_veto_out_n_reg_i_17/CO[3]
                         net (fo=1, routed)           0.000     2.258    NIM_BLOCK/U4/int_veto_out_n_reg_i_17_n_321
    SLICE_X58Y185        CARRY4 (Prop_carry4_CI_CO[3])
                                                      0.054     2.312 r  NIM_BLOCK/U4/int_veto_out_n_reg_i_8/CO[3]
                         net (fo=1, routed)           0.000     2.312    NIM_BLOCK/U4/int_veto_out_n_reg_i_8_n_321
    SLICE_X58Y186        CARRY4 (Prop_carry4_CI_CO[2])
                                                      0.110     2.422 r  NIM_BLOCK/U4/int_veto_out_n_reg_i_3/CO[2]
                         net (fo=3, routed)           0.393     2.814    NIM_BLOCK/U4/eqOp
    SLICE_X57Y190        LUT5 (Prop_lut5_I4_O)        0.128     2.942 r  NIM_BLOCK/U4/count_reg[0]_i_1/O
                         net (fo=33, routed)          0.579     3.522    NIM_BLOCK/U4/count_reg[0]_i_1_n_321
    SLICE_X57Y184        FDRE                                         r  NIM_BLOCK/U4/count_reg_reg[8]/R
  -------------------------------------------------------------------    -------------------

                         (clock CLK_bmx_320 rise edge)
                                                      3.125     3.125 r  
    BUFGCTRL_X0Y16       BUFG                         0.000     3.125 r  CLK_mx_320_bufg/O
                         net (fo=4737, routed)        1.087     4.212    NIM_BLOCK/U4/clk
    SLICE_X57Y184        FDRE                                         r  NIM_BLOCK/U4/count_reg_reg[8]/C
                         clock pessimism              0.106     4.318    
                         clock uncertainty           -0.118     4.200    
    SLICE_X57Y184        FDRE (Setup_fdre_C_R)       -0.304     3.896    NIM_BLOCK/U4/count_reg_reg[8]
  -------------------------------------------------------------------
                         required time                          3.896    
                         arrival time                          -3.522    
  -------------------------------------------------------------------
                         slack                                  0.374    

Slack (MET) :             0.374ns  (required time - arrival time)
  Source:                 NIM_BLOCK/U4/count_reg_reg[0]/C
                            (rising edge-triggered cell FDRE clocked by CLK_bmx_320  {rise@0.000ns fall@1.562ns period=3.125ns})
  Destination:            NIM_BLOCK/U4/count_reg_reg[9]/R
                            (rising edge-triggered cell FDRE clocked by CLK_bmx_320  {rise@0.000ns fall@1.562ns period=3.125ns})
  Path Group:             CLK_bmx_320
  Path Type:              Setup (Max at Slow Process Corner)
  Requirement:            3.125ns  (CLK_bmx_320 rise@3.125ns - CLK_bmx_320 rise@0.000ns)
  Data Path Delay:        2.308ns  (logic 0.804ns (34.837%)  route 1.504ns (65.163%))
  Logic Levels:           5  (CARRY4=3 LUT5=1 LUT6=1)
  Clock Path Skew:        -0.021ns (DCD - SCD + CPR)
    Destination Clock Delay (DCD):    1.087ns = ( 4.212 - 3.125 ) 
    Source Clock Delay      (SCD):    1.214ns
    Clock Pessimism Removal (CPR):    0.106ns
  Clock Uncertainty:      0.118ns  ((TSJ^2 + DJ^2)^1/2) / 2 + PE
    Total System Jitter     (TSJ):    0.071ns
    Discrete Jitter          (DJ):    0.225ns
    Phase Error              (PE):    0.000ns

    Location             Delay type                Incr(ns)  Path(ns)    Netlist Resource(s)
  -------------------------------------------------------------------    -------------------
                         (clock CLK_bmx_320 rise edge)
                                                      0.000     0.000 r  
    BUFGCTRL_X0Y16       BUFG                         0.000     0.000 r  CLK_mx_320_bufg/O
                         net (fo=4737, routed)        1.214     1.214    NIM_BLOCK/U4/clk
    SLICE_X57Y182        FDRE                                         r  NIM_BLOCK/U4/count_reg_reg[0]/C
  -------------------------------------------------------------------    -------------------
    SLICE_X57Y182        FDRE (Prop_fdre_C_Q)         0.223     1.437 r  NIM_BLOCK/U4/count_reg_reg[0]/Q
                         net (fo=3, routed)           0.532     1.969    NIM_BLOCK/U4/count_reg_reg[0]
    SLICE_X58Y184        LUT6 (Prop_lut6_I0_O)        0.043     2.012 r  NIM_BLOCK/U4/int_veto_out_n_i_29/O
                         net (fo=1, routed)           0.000     2.012    NIM_BLOCK/U4/int_veto_out_n_i_29_n_321
    SLICE_X58Y184        CARRY4 (Prop_carry4_S[0]_CO[3])
                                                      0.246     2.258 r  NIM_BLOCK/U4/int_veto_out_n_reg_i_17/CO[3]
                         net (fo=1, routed)           0.000     2.258    NIM_BLOCK/U4/int_veto_out_n_reg_i_17_n_321
    SLICE_X58Y185        CARRY4 (Prop_carry4_CI_CO[3])
                                                      0.054     2.312 r  NIM_BLOCK/U4/int_veto_out_n_reg_i_8/CO[3]
                         net (fo=1, routed)           0.000     2.312    NIM_BLOCK/U4/int_veto_out_n_reg_i_8_n_321
    SLICE_X58Y186        CARRY4 (Prop_carry4_CI_CO[2])
                                                      0.110     2.422 r  NIM_BLOCK/U4/int_veto_out_n_reg_i_3/CO[2]
                         net (fo=3, routed)           0.393     2.814    NIM_BLOCK/U4/eqOp
    SLICE_X57Y190        LUT5 (Prop_lut5_I4_O)        0.128     2.942 r  NIM_BLOCK/U4/count_reg[0]_i_1/O
                         net (fo=33, routed)          0.579     3.522    NIM_BLOCK/U4/count_reg[0]_i_1_n_321
    SLICE_X57Y184        FDRE                                         r  NIM_BLOCK/U4/count_reg_reg[9]/R
  -------------------------------------------------------------------    -------------------

                         (clock CLK_bmx_320 rise edge)
                                                      3.125     3.125 r  
    BUFGCTRL_X0Y16       BUFG                         0.000     3.125 r  CLK_mx_320_bufg/O
                         net (fo=4737, routed)        1.087     4.212    NIM_BLOCK/U4/clk
    SLICE_X57Y184        FDRE                                         r  NIM_BLOCK/U4/count_reg_reg[9]/C
                         clock pessimism              0.106     4.318    
                         clock uncertainty           -0.118     4.200    
    SLICE_X57Y184        FDRE (Setup_fdre_C_R)       -0.304     3.896    NIM_BLOCK/U4/count_reg_reg[9]
  -------------------------------------------------------------------
                         required time                          3.896    
                         arrival time                          -3.522    
  -------------------------------------------------------------------
                         slack                                  0.374    

Slack (MET) :             0.386ns  (required time - arrival time)
  Source:                 NIM_BLOCK/U266/U9/int_load_out_reg/C
                            (rising edge-triggered cell FDRE clocked by CLK_bmx_320  {rise@0.000ns fall@1.562ns period=3.125ns})
  Destination:            NIM_BLOCK/U266/U2/U3/int_q_reg/D
                            (rising edge-triggered cell FDRE clocked by CLK_bmx_320  {rise@0.000ns fall@1.562ns period=3.125ns})
  Path Group:             CLK_bmx_320
  Path Type:              Setup (Max at Slow Process Corner)
  Requirement:            3.125ns  (CLK_bmx_320 rise@3.125ns - CLK_bmx_320 rise@0.000ns)
  Data Path Delay:        2.540ns  (logic 0.266ns (10.473%)  route 2.274ns (89.527%))
  Logic Levels:           1  (LUT4=1)
  Clock Path Skew:        -0.116ns (DCD - SCD + CPR)
    Destination Clock Delay (DCD):    1.095ns = ( 4.220 - 3.125 ) 
    Source Clock Delay      (SCD):    1.224ns
    Clock Pessimism Removal (CPR):    0.013ns
  Clock Uncertainty:      0.118ns  ((TSJ^2 + DJ^2)^1/2) / 2 + PE
    Total System Jitter     (TSJ):    0.071ns
    Discrete Jitter          (DJ):    0.225ns
    Phase Error              (PE):    0.000ns

    Location             Delay type                Incr(ns)  Path(ns)    Netlist Resource(s)
  -------------------------------------------------------------------    -------------------
                         (clock CLK_bmx_320 rise edge)
                                                      0.000     0.000 r  
    BUFGCTRL_X0Y16       BUFG                         0.000     0.000 r  CLK_mx_320_bufg/O
                         net (fo=4737, routed)        1.224     1.224    NIM_BLOCK/U266/U9/clk
    SLICE_X57Y196        FDRE                                         r  NIM_BLOCK/U266/U9/int_load_out_reg/C
  -------------------------------------------------------------------    -------------------
    SLICE_X57Y196        FDRE (Prop_fdre_C_Q)         0.223     1.447 r  NIM_BLOCK/U266/U9/int_load_out_reg/Q
                         net (fo=64, routed)          2.274     3.721    NIM_BLOCK/U266/U2/U3/ld
    SLICE_X85Y183        LUT4 (Prop_lut4_I0_O)        0.043     3.764 r  NIM_BLOCK/U266/U2/U3/int_q_i_1/O
                         net (fo=1, routed)           0.000     3.764    NIM_BLOCK/U266/U2/U3/int_q_i_1_n_321
    SLICE_X85Y183        FDRE                                         r  NIM_BLOCK/U266/U2/U3/int_q_reg/D
  -------------------------------------------------------------------    -------------------

                         (clock CLK_bmx_320 rise edge)
                                                      3.125     3.125 r  
    BUFGCTRL_X0Y16       BUFG                         0.000     3.125 r  CLK_mx_320_bufg/O
                         net (fo=4737, routed)        1.095     4.220    NIM_BLOCK/U266/U2/U3/clk
    SLICE_X85Y183        FDRE                                         r  NIM_BLOCK/U266/U2/U3/int_q_reg/C
                         clock pessimism              0.013     4.233    
                         clock uncertainty           -0.118     4.115    
    SLICE_X85Y183        FDRE (Setup_fdre_C_D)        0.034     4.149    NIM_BLOCK/U266/U2/U3/int_q_reg
  -------------------------------------------------------------------
                         required time                          4.149    
                         arrival time                          -3.764    
  -------------------------------------------------------------------
                         slack                                  0.386    





Min Delay Paths
--------------------------------------------------------------------------------------
Slack (MET) :             0.071ns  (arrival time - required time)
  Source:                 NIM_BLOCK/U411/d_reg_reg[7]/C
                            (rising edge-triggered cell FDRE clocked by CLK_bmx_320  {rise@0.000ns fall@1.562ns period=3.125ns})
  Destination:            NIM_BLOCK/U245/int_b_read_out_reg[7]/D
                            (rising edge-triggered cell FDRE clocked by CLK_bmx_320  {rise@0.000ns fall@1.562ns period=3.125ns})
  Path Group:             CLK_bmx_320
  Path Type:              Hold (Min at Fast Process Corner)
  Requirement:            0.000ns  (CLK_bmx_320 rise@0.000ns - CLK_bmx_320 rise@0.000ns)
  Data Path Delay:        0.358ns  (logic 0.230ns (64.248%)  route 0.128ns (35.752%))
  Logic Levels:           2  (LUT6=1 MUXF7=1)
  Clock Path Skew:        0.217ns (DCD - SCD - CPR)
    Destination Clock Delay (DCD):    0.746ns
    Source Clock Delay      (SCD):    0.529ns
    Clock Pessimism Removal (CPR):    -0.000ns

    Location             Delay type                Incr(ns)  Path(ns)    Netlist Resource(s)
  -------------------------------------------------------------------    -------------------
                         (clock CLK_bmx_320 rise edge)
                                                      0.000     0.000 r  
    BUFGCTRL_X0Y16       BUFG                         0.000     0.000 r  CLK_mx_320_bufg/O
                         net (fo=4737, routed)        0.529     0.529    NIM_BLOCK/U411/clk
    SLICE_X50Y200        FDRE                                         r  NIM_BLOCK/U411/d_reg_reg[7]/C
  -------------------------------------------------------------------    -------------------
    SLICE_X50Y200        FDRE (Prop_fdre_C_Q)         0.107     0.636 r  NIM_BLOCK/U411/d_reg_reg[7]/Q
                         net (fo=1, routed)           0.128     0.764    NIM_BLOCK/U245/sig0[7]
    SLICE_X51Y199        LUT6 (Prop_lut6_I5_O)        0.064     0.828 r  NIM_BLOCK/U245/int_b_read_out[7]_i_2/O
                         net (fo=1, routed)           0.000     0.828    NIM_BLOCK/U245/int_b_read_out[7]_i_2_n_321
    SLICE_X51Y199        MUXF7 (Prop_muxf7_I0_O)      0.059     0.887 r  NIM_BLOCK/U245/int_b_read_out_reg[7]_i_1/O
                         net (fo=1, routed)           0.000     0.887    NIM_BLOCK/U245/next_b_read_out[7]
    SLICE_X51Y199        FDRE                                         r  NIM_BLOCK/U245/int_b_read_out_reg[7]/D
  -------------------------------------------------------------------    -------------------

                         (clock CLK_bmx_320 rise edge)
                                                      0.000     0.000 r  
    BUFGCTRL_X0Y16       BUFG                         0.000     0.000 r  CLK_mx_320_bufg/O
                         net (fo=4737, routed)        0.746     0.746    NIM_BLOCK/U245/clk0
    SLICE_X51Y199        FDRE                                         r  NIM_BLOCK/U245/int_b_read_out_reg[7]/C
                         clock pessimism              0.000     0.746    
    SLICE_X51Y199        FDRE (Hold_fdre_C_D)         0.070     0.816    NIM_BLOCK/U245/int_b_read_out_reg[7]
  -------------------------------------------------------------------
                         required time                         -0.816    
                         arrival time                           0.887    
  -------------------------------------------------------------------
                         slack                                  0.071    

Slack (MET) :             0.079ns  (arrival time - required time)
  Source:                 NIM_BLOCK/U362/int_out32_reg[18]/C
                            (rising edge-triggered cell FDRE clocked by CLK_bmx_320  {rise@0.000ns fall@1.562ns period=3.125ns})
  Destination:            NIM_BLOCK/U322/U10/d_reg_reg[18]/D
                            (rising edge-triggered cell FDRE clocked by CLK_bmx_320  {rise@0.000ns fall@1.562ns period=3.125ns})
  Path Group:             CLK_bmx_320
  Path Type:              Hold (Min at Fast Process Corner)
  Requirement:            0.000ns  (CLK_bmx_320 rise@0.000ns - CLK_bmx_320 rise@0.000ns)
  Data Path Delay:        0.298ns  (logic 0.118ns (39.543%)  route 0.180ns (60.457%))
  Logic Levels:           0  
  Clock Path Skew:        0.187ns (DCD - SCD - CPR)
    Destination Clock Delay (DCD):    0.768ns
    Source Clock Delay      (SCD):    0.581ns
    Clock Pessimism Removal (CPR):    -0.000ns

    Location             Delay type                Incr(ns)  Path(ns)    Netlist Resource(s)
  -------------------------------------------------------------------    -------------------
                         (clock CLK_bmx_320 rise edge)
                                                      0.000     0.000 r  
    BUFGCTRL_X0Y16       BUFG                         0.000     0.000 r  CLK_mx_320_bufg/O
                         net (fo=4737, routed)        0.581     0.581    NIM_BLOCK/U362/clk
    SLICE_X42Y199        FDRE                                         r  NIM_BLOCK/U362/int_out32_reg[18]/C
  -------------------------------------------------------------------    -------------------
    SLICE_X42Y199        FDRE (Prop_fdre_C_Q)         0.118     0.699 r  NIM_BLOCK/U362/int_out32_reg[18]/Q
                         net (fo=2, routed)           0.180     0.879    NIM_BLOCK/U322/U10/d[18]
    SLICE_X39Y205        FDRE                                         r  NIM_BLOCK/U322/U10/d_reg_reg[18]/D
  -------------------------------------------------------------------    -------------------

                         (clock CLK_bmx_320 rise edge)
                                                      0.000     0.000 r  
    BUFGCTRL_X0Y16       BUFG                         0.000     0.000 r  CLK_mx_320_bufg/O
                         net (fo=4737, routed)        0.768     0.768    NIM_BLOCK/U322/U10/clk
    SLICE_X39Y205        FDRE                                         r  NIM_BLOCK/U322/U10/d_reg_reg[18]/C
                         clock pessimism              0.000     0.768    
    SLICE_X39Y205        FDRE (Hold_fdre_C_D)         0.032     0.800    NIM_BLOCK/U322/U10/d_reg_reg[18]
  -------------------------------------------------------------------
                         required time                         -0.800    
                         arrival time                           0.879    
  -------------------------------------------------------------------
                         slack                                  0.079    

Slack (MET) :             0.084ns  (arrival time - required time)
  Source:                 NIM_BLOCK/U3/U2/U5/int_q_reg/C
                            (rising edge-triggered cell FDRE clocked by CLK_bmx_320  {rise@0.000ns fall@1.562ns period=3.125ns})
  Destination:            NIM_BLOCK/U3/U2/U6/int_q_reg/D
                            (rising edge-triggered cell FDRE clocked by CLK_bmx_320  {rise@0.000ns fall@1.562ns period=3.125ns})
  Path Group:             CLK_bmx_320
  Path Type:              Hold (Min at Fast Process Corner)
  Requirement:            0.000ns  (CLK_bmx_320 rise@0.000ns - CLK_bmx_320 rise@0.000ns)
  Data Path Delay:        0.182ns  (logic 0.128ns (70.512%)  route 0.054ns (29.488%))
  Logic Levels:           1  (LUT4=1)
  Clock Path Skew:        0.011ns (DCD - SCD - CPR)
    Destination Clock Delay (DCD):    0.744ns
    Source Clock Delay      (SCD):    0.546ns
    Clock Pessimism Removal (CPR):    0.187ns

    Location             Delay type                Incr(ns)  Path(ns)    Netlist Resource(s)
  -------------------------------------------------------------------    -------------------
                         (clock CLK_bmx_320 rise edge)
                                                      0.000     0.000 r  
    BUFGCTRL_X0Y16       BUFG                         0.000     0.000 r  CLK_mx_320_bufg/O
                         net (fo=4737, routed)        0.546     0.546    NIM_BLOCK/U3/U2/U5/clk
    SLICE_X91Y187        FDRE                                         r  NIM_BLOCK/U3/U2/U5/int_q_reg/C
  -------------------------------------------------------------------    -------------------
    SLICE_X91Y187        FDRE (Prop_fdre_C_Q)         0.100     0.646 r  NIM_BLOCK/U3/U2/U5/int_q_reg/Q
                         net (fo=1, routed)           0.054     0.700    NIM_BLOCK/U3/U2/U6/ds
    SLICE_X90Y187        LUT4 (Prop_lut4_I2_O)        0.028     0.728 r  NIM_BLOCK/U3/U2/U6/int_q_i_1/O
                         net (fo=1, routed)           0.000     0.728    NIM_BLOCK/U3/U2/U6/int_q_i_1_n_321
    SLICE_X90Y187        FDRE                                         r  NIM_BLOCK/U3/U2/U6/int_q_reg/D
  -------------------------------------------------------------------    -------------------

                         (clock CLK_bmx_320 rise edge)
                                                      0.000     0.000 r  
    BUFGCTRL_X0Y16       BUFG                         0.000     0.000 r  CLK_mx_320_bufg/O
                         net (fo=4737, routed)        0.744     0.744    NIM_BLOCK/U3/U2/U6/clk
    SLICE_X90Y187        FDRE                                         r  NIM_BLOCK/U3/U2/U6/int_q_reg/C
                         clock pessimism             -0.187     0.557    
    SLICE_X90Y187        FDRE (Hold_fdre_C_D)         0.087     0.644    NIM_BLOCK/U3/U2/U6/int_q_reg
  -------------------------------------------------------------------
                         required time                         -0.644    
                         arrival time                           0.728    
  -------------------------------------------------------------------
                         slack                                  0.084    

Slack (MET) :             0.085ns  (arrival time - required time)
  Source:                 NIM_BLOCK/U115/U2/U12/int_q_reg/C
                            (rising edge-triggered cell FDRE clocked by CLK_bmx_320  {rise@0.000ns fall@1.562ns period=3.125ns})
  Destination:            NIM_BLOCK/U115/U2/U13/int_q_reg/D
                            (rising edge-triggered cell FDRE clocked by CLK_bmx_320  {rise@0.000ns fall@1.562ns period=3.125ns})
  Path Group:             CLK_bmx_320
  Path Type:              Hold (Min at Fast Process Corner)
  Requirement:            0.000ns  (CLK_bmx_320 rise@0.000ns - CLK_bmx_320 rise@0.000ns)
  Data Path Delay:        0.333ns  (logic 0.128ns (38.496%)  route 0.205ns (61.504%))
  Logic Levels:           1  (LUT4=1)
  Clock Path Skew:        0.188ns (DCD - SCD - CPR)
    Destination Clock Delay (DCD):    0.730ns
    Source Clock Delay      (SCD):    0.534ns
    Clock Pessimism Removal (CPR):    0.008ns

    Location             Delay type                Incr(ns)  Path(ns)    Netlist Resource(s)
  -------------------------------------------------------------------    -------------------
                         (clock CLK_bmx_320 rise edge)
                                                      0.000     0.000 r  
    BUFGCTRL_X0Y16       BUFG                         0.000     0.000 r  CLK_mx_320_bufg/O
                         net (fo=4737, routed)        0.534     0.534    NIM_BLOCK/U115/U2/U12/clk
    SLICE_X80Y177        FDRE                                         r  NIM_BLOCK/U115/U2/U12/int_q_reg/C
  -------------------------------------------------------------------    -------------------
    SLICE_X80Y177        FDRE (Prop_fdre_C_Q)         0.100     0.634 r  NIM_BLOCK/U115/U2/U12/int_q_reg/Q
                         net (fo=1, routed)           0.205     0.839    NIM_BLOCK/U115/U2/U13/ds
    SLICE_X76Y179        LUT4 (Prop_lut4_I2_O)        0.028     0.867 r  NIM_BLOCK/U115/U2/U13/int_q_i_1/O
                         net (fo=1, routed)           0.000     0.867    NIM_BLOCK/U115/U2/U13/int_q_i_1_n_321
    SLICE_X76Y179        FDRE                                         r  NIM_BLOCK/U115/U2/U13/int_q_reg/D
  -------------------------------------------------------------------    -------------------

                         (clock CLK_bmx_320 rise edge)
                                                      0.000     0.000 r  
    BUFGCTRL_X0Y16       BUFG                         0.000     0.000 r  CLK_mx_320_bufg/O
                         net (fo=4737, routed)        0.730     0.730    NIM_BLOCK/U115/U2/U13/clk
    SLICE_X76Y179        FDRE                                         r  NIM_BLOCK/U115/U2/U13/int_q_reg/C
                         clock pessimism             -0.008     0.722    
    SLICE_X76Y179        FDRE (Hold_fdre_C_D)         0.060     0.782    NIM_BLOCK/U115/U2/U13/int_q_reg
  -------------------------------------------------------------------
                         required time                         -0.782    
                         arrival time                           0.867    
  -------------------------------------------------------------------
                         slack                                  0.085    

Slack (MET) :             0.085ns  (arrival time - required time)
  Source:                 NIM_BLOCK/U123/U4/d_reg_reg[22]/C
                            (rising edge-triggered cell FDRE clocked by CLK_bmx_320  {rise@0.000ns fall@1.562ns period=3.125ns})
  Destination:            NIM_BLOCK/U123/U10/int_out64_reg[54]/D
                            (rising edge-triggered cell FDRE clocked by CLK_bmx_320  {rise@0.000ns fall@1.562ns period=3.125ns})
  Path Group:             CLK_bmx_320
  Path Type:              Hold (Min at Fast Process Corner)
  Requirement:            0.000ns  (CLK_bmx_320 rise@0.000ns - CLK_bmx_320 rise@0.000ns)
  Data Path Delay:        0.183ns  (logic 0.128ns (70.125%)  route 0.055ns (29.875%))
  Logic Levels:           1  (LUT5=1)
  Clock Path Skew:        0.011ns (DCD - SCD - CPR)
    Destination Clock Delay (DCD):    0.719ns
    Source Clock Delay      (SCD):    0.517ns
    Clock Pessimism Removal (CPR):    0.191ns

    Location             Delay type                Incr(ns)  Path(ns)    Netlist Resource(s)
  -------------------------------------------------------------------    -------------------
                         (clock CLK_bmx_320 rise edge)
                                                      0.000     0.000 r  
    BUFGCTRL_X0Y16       BUFG                         0.000     0.000 r  CLK_mx_320_bufg/O
                         net (fo=4737, routed)        0.517     0.517    NIM_BLOCK/U123/U4/clk
    SLICE_X51Y222        FDRE                                         r  NIM_BLOCK/U123/U4/d_reg_reg[22]/C
  -------------------------------------------------------------------    -------------------
    SLICE_X51Y222        FDRE (Prop_fdre_C_Q)         0.100     0.617 r  NIM_BLOCK/U123/U4/d_reg_reg[22]/Q
                         net (fo=1, routed)           0.055     0.672    NIM_BLOCK/U123/U10/cwd3[22]
    SLICE_X50Y222        LUT5 (Prop_lut5_I2_O)        0.028     0.700 r  NIM_BLOCK/U123/U10/int_out64[54]_i_1/O
                         net (fo=1, routed)           0.000     0.700    NIM_BLOCK/U123/U10/int_out64[54]_i_1_n_321
    SLICE_X50Y222        FDRE                                         r  NIM_BLOCK/U123/U10/int_out64_reg[54]/D
  -------------------------------------------------------------------    -------------------

                         (clock CLK_bmx_320 rise edge)
                                                      0.000     0.000 r  
    BUFGCTRL_X0Y16       BUFG                         0.000     0.000 r  CLK_mx_320_bufg/O
                         net (fo=4737, routed)        0.719     0.719    NIM_BLOCK/U123/U10/clk0
    SLICE_X50Y222        FDRE                                         r  NIM_BLOCK/U123/U10/int_out64_reg[54]/C
                         clock pessimism             -0.191     0.528    
    SLICE_X50Y222        FDRE (Hold_fdre_C_D)         0.087     0.615    NIM_BLOCK/U123/U10/int_out64_reg[54]
  -------------------------------------------------------------------
                         required time                         -0.615    
                         arrival time                           0.700    
  -------------------------------------------------------------------
                         slack                                  0.085    

Slack (MET) :             0.085ns  (arrival time - required time)
  Source:                 NIM_BLOCK/U123/U1/d_reg_reg[22]/C
                            (rising edge-triggered cell FDRE clocked by CLK_bmx_320  {rise@0.000ns fall@1.562ns period=3.125ns})
  Destination:            NIM_BLOCK/U123/U10/int_out64_reg[22]/D
                            (rising edge-triggered cell FDRE clocked by CLK_bmx_320  {rise@0.000ns fall@1.562ns period=3.125ns})
  Path Group:             CLK_bmx_320
  Path Type:              Hold (Min at Fast Process Corner)
  Requirement:            0.000ns  (CLK_bmx_320 rise@0.000ns - CLK_bmx_320 rise@0.000ns)
  Data Path Delay:        0.183ns  (logic 0.128ns (70.125%)  route 0.055ns (29.875%))
  Logic Levels:           1  (LUT5=1)
  Clock Path Skew:        0.011ns (DCD - SCD - CPR)
    Destination Clock Delay (DCD):    0.765ns
    Source Clock Delay      (SCD):    0.561ns
    Clock Pessimism Removal (CPR):    0.193ns

    Location             Delay type                Incr(ns)  Path(ns)    Netlist Resource(s)
  -------------------------------------------------------------------    -------------------
                         (clock CLK_bmx_320 rise edge)
                                                      0.000     0.000 r  
    BUFGCTRL_X0Y16       BUFG                         0.000     0.000 r  CLK_mx_320_bufg/O
                         net (fo=4737, routed)        0.561     0.561    NIM_BLOCK/U123/U1/clk
    SLICE_X43Y207        FDRE                                         r  NIM_BLOCK/U123/U1/d_reg_reg[22]/C
  -------------------------------------------------------------------    -------------------
    SLICE_X43Y207        FDRE (Prop_fdre_C_Q)         0.100     0.661 r  NIM_BLOCK/U123/U1/d_reg_reg[22]/Q
                         net (fo=1, routed)           0.055     0.716    NIM_BLOCK/U123/U10/cwd0[22]
    SLICE_X42Y207        LUT5 (Prop_lut5_I3_O)        0.028     0.744 r  NIM_BLOCK/U123/U10/int_out64[22]_i_1/O
                         net (fo=1, routed)           0.000     0.744    NIM_BLOCK/U123/U10/int_out64[22]_i_1_n_321
    SLICE_X42Y207        FDRE                                         r  NIM_BLOCK/U123/U10/int_out64_reg[22]/D
  -------------------------------------------------------------------    -------------------

                         (clock CLK_bmx_320 rise edge)
                                                      0.000     0.000 r  
    BUFGCTRL_X0Y16       BUFG                         0.000     0.000 r  CLK_mx_320_bufg/O
                         net (fo=4737, routed)        0.765     0.765    NIM_BLOCK/U123/U10/clk0
    SLICE_X42Y207        FDRE                                         r  NIM_BLOCK/U123/U10/int_out64_reg[22]/C
                         clock pessimism             -0.193     0.572    
    SLICE_X42Y207        FDRE (Hold_fdre_C_D)         0.087     0.659    NIM_BLOCK/U123/U10/int_out64_reg[22]
  -------------------------------------------------------------------
                         required time                         -0.659    
                         arrival time                           0.744    
  -------------------------------------------------------------------
                         slack                                  0.085    

Slack (MET) :             0.085ns  (arrival time - required time)
  Source:                 NIM_BLOCK/U266/U4/U5/int_q_reg/C
                            (rising edge-triggered cell FDRE clocked by CLK_bmx_320  {rise@0.000ns fall@1.562ns period=3.125ns})
  Destination:            NIM_BLOCK/U266/U4/U6/int_q_reg/D
                            (rising edge-triggered cell FDRE clocked by CLK_bmx_320  {rise@0.000ns fall@1.562ns period=3.125ns})
  Path Group:             CLK_bmx_320
  Path Type:              Hold (Min at Fast Process Corner)
  Requirement:            0.000ns  (CLK_bmx_320 rise@0.000ns - CLK_bmx_320 rise@0.000ns)
  Data Path Delay:        0.183ns  (logic 0.128ns (70.125%)  route 0.055ns (29.875%))
  Logic Levels:           1  (LUT4=1)
  Clock Path Skew:        0.011ns (DCD - SCD - CPR)
    Destination Clock Delay (DCD):    0.732ns
    Source Clock Delay      (SCD):    0.535ns
    Clock Pessimism Removal (CPR):    0.186ns

    Location             Delay type                Incr(ns)  Path(ns)    Netlist Resource(s)
  -------------------------------------------------------------------    -------------------
                         (clock CLK_bmx_320 rise edge)
                                                      0.000     0.000 r  
    BUFGCTRL_X0Y16       BUFG                         0.000     0.000 r  CLK_mx_320_bufg/O
                         net (fo=4737, routed)        0.535     0.535    NIM_BLOCK/U266/U4/U5/clk
    SLICE_X59Y178        FDRE                                         r  NIM_BLOCK/U266/U4/U5/int_q_reg/C
  -------------------------------------------------------------------    -------------------
    SLICE_X59Y178        FDRE (Prop_fdre_C_Q)         0.100     0.635 r  NIM_BLOCK/U266/U4/U5/int_q_reg/Q
                         net (fo=1, routed)           0.055     0.690    NIM_BLOCK/U266/U4/U6/ds
    SLICE_X58Y178        LUT4 (Prop_lut4_I2_O)        0.028     0.718 r  NIM_BLOCK/U266/U4/U6/int_q_i_1/O
                         net (fo=1, routed)           0.000     0.718    NIM_BLOCK/U266/U4/U6/int_q_i_1_n_321
    SLICE_X58Y178        FDRE                                         r  NIM_BLOCK/U266/U4/U6/int_q_reg/D
  -------------------------------------------------------------------    -------------------

                         (clock CLK_bmx_320 rise edge)
                                                      0.000     0.000 r  
    BUFGCTRL_X0Y16       BUFG                         0.000     0.000 r  CLK_mx_320_bufg/O
                         net (fo=4737, routed)        0.732     0.732    NIM_BLOCK/U266/U4/U6/clk
    SLICE_X58Y178        FDRE                                         r  NIM_BLOCK/U266/U4/U6/int_q_reg/C
                         clock pessimism             -0.186     0.546    
    SLICE_X58Y178        FDRE (Hold_fdre_C_D)         0.087     0.633    NIM_BLOCK/U266/U4/U6/int_q_reg
  -------------------------------------------------------------------
                         required time                         -0.633    
                         arrival time                           0.718    
  -------------------------------------------------------------------
                         slack                                  0.085    

Slack (MET) :             0.086ns  (arrival time - required time)
  Source:                 NIM_BLOCK/U121/U4/d_reg_reg[13]/C
                            (rising edge-triggered cell FDRE clocked by CLK_bmx_320  {rise@0.000ns fall@1.562ns period=3.125ns})
  Destination:            NIM_BLOCK/U121/U10/int_out64_reg[45]/D
                            (rising edge-triggered cell FDRE clocked by CLK_bmx_320  {rise@0.000ns fall@1.562ns period=3.125ns})
  Path Group:             CLK_bmx_320
  Path Type:              Hold (Min at Fast Process Corner)
  Requirement:            0.000ns  (CLK_bmx_320 rise@0.000ns - CLK_bmx_320 rise@0.000ns)
  Data Path Delay:        0.184ns  (logic 0.128ns (69.743%)  route 0.056ns (30.257%))
  Logic Levels:           1  (LUT5=1)
  Clock Path Skew:        0.011ns (DCD - SCD - CPR)
    Destination Clock Delay (DCD):    0.722ns
    Source Clock Delay      (SCD):    0.520ns
    Clock Pessimism Removal (CPR):    0.191ns

    Location             Delay type                Incr(ns)  Path(ns)    Netlist Resource(s)
  -------------------------------------------------------------------    -------------------
                         (clock CLK_bmx_320 rise edge)
                                                      0.000     0.000 r  
    BUFGCTRL_X0Y16       BUFG                         0.000     0.000 r  CLK_mx_320_bufg/O
                         net (fo=4737, routed)        0.520     0.520    NIM_BLOCK/U121/U4/clk
    SLICE_X57Y218        FDRE                                         r  NIM_BLOCK/U121/U4/d_reg_reg[13]/C
  -------------------------------------------------------------------    -------------------
    SLICE_X57Y218        FDRE (Prop_fdre_C_Q)         0.100     0.620 r  NIM_BLOCK/U121/U4/d_reg_reg[13]/Q
                         net (fo=1, routed)           0.056     0.676    NIM_BLOCK/U121/U10/cwd3[13]
    SLICE_X56Y218        LUT5 (Prop_lut5_I2_O)        0.028     0.704 r  NIM_BLOCK/U121/U10/int_out64[45]_i_1/O
                         net (fo=1, routed)           0.000     0.704    NIM_BLOCK/U121/U10/int_out64[45]_i_1_n_321
    SLICE_X56Y218        FDRE                                         r  NIM_BLOCK/U121/U10/int_out64_reg[45]/D
  -------------------------------------------------------------------    -------------------

                         (clock CLK_bmx_320 rise edge)
                                                      0.000     0.000 r  
    BUFGCTRL_X0Y16       BUFG                         0.000     0.000 r  CLK_mx_320_bufg/O
                         net (fo=4737, routed)        0.722     0.722    NIM_BLOCK/U121/U10/clk0
    SLICE_X56Y218        FDRE                                         r  NIM_BLOCK/U121/U10/int_out64_reg[45]/C
                         clock pessimism             -0.191     0.531    
    SLICE_X56Y218        FDRE (Hold_fdre_C_D)         0.087     0.618    NIM_BLOCK/U121/U10/int_out64_reg[45]
  -------------------------------------------------------------------
                         required time                         -0.618    
                         arrival time                           0.704    
  -------------------------------------------------------------------
                         slack                                  0.086    

Slack (MET) :             0.086ns  (arrival time - required time)
  Source:                 NIM_BLOCK/U121/U6/d_reg_reg[3]/C
                            (rising edge-triggered cell FDRE clocked by CLK_bmx_320  {rise@0.000ns fall@1.562ns period=3.125ns})
  Destination:            NIM_BLOCK/U121/U10/int_out64_reg[35]/D
                            (rising edge-triggered cell FDRE clocked by CLK_bmx_320  {rise@0.000ns fall@1.562ns period=3.125ns})
  Path Group:             CLK_bmx_320
  Path Type:              Hold (Min at Fast Process Corner)
  Requirement:            0.000ns  (CLK_bmx_320 rise@0.000ns - CLK_bmx_320 rise@0.000ns)
  Data Path Delay:        0.184ns  (logic 0.128ns (69.743%)  route 0.056ns (30.257%))
  Logic Levels:           1  (LUT5=1)
  Clock Path Skew:        0.011ns (DCD - SCD - CPR)
    Destination Clock Delay (DCD):    0.727ns
    Source Clock Delay      (SCD):    0.524ns
    Clock Pessimism Removal (CPR):    0.192ns

    Location             Delay type                Incr(ns)  Path(ns)    Netlist Resource(s)
  -------------------------------------------------------------------    -------------------
                         (clock CLK_bmx_320 rise edge)
                                                      0.000     0.000 r  
    BUFGCTRL_X0Y16       BUFG                         0.000     0.000 r  CLK_mx_320_bufg/O
                         net (fo=4737, routed)        0.524     0.524    NIM_BLOCK/U121/U6/clk
    SLICE_X51Y213        FDRE                                         r  NIM_BLOCK/U121/U6/d_reg_reg[3]/C
  -------------------------------------------------------------------    -------------------
    SLICE_X51Y213        FDRE (Prop_fdre_C_Q)         0.100     0.624 r  NIM_BLOCK/U121/U6/d_reg_reg[3]/Q
                         net (fo=1, routed)           0.056     0.680    NIM_BLOCK/U121/U10/cwd5[3]
    SLICE_X50Y213        LUT5 (Prop_lut5_I0_O)        0.028     0.708 r  NIM_BLOCK/U121/U10/int_out64[35]_i_1/O
                         net (fo=1, routed)           0.000     0.708    NIM_BLOCK/U121/U10/int_out64[35]_i_1_n_321
    SLICE_X50Y213        FDRE                                         r  NIM_BLOCK/U121/U10/int_out64_reg[35]/D
  -------------------------------------------------------------------    -------------------

                         (clock CLK_bmx_320 rise edge)
                                                      0.000     0.000 r  
    BUFGCTRL_X0Y16       BUFG                         0.000     0.000 r  CLK_mx_320_bufg/O
                         net (fo=4737, routed)        0.727     0.727    NIM_BLOCK/U121/U10/clk0
    SLICE_X50Y213        FDRE                                         r  NIM_BLOCK/U121/U10/int_out64_reg[35]/C
                         clock pessimism             -0.192     0.535    
    SLICE_X50Y213        FDRE (Hold_fdre_C_D)         0.087     0.622    NIM_BLOCK/U121/U10/int_out64_reg[35]
  -------------------------------------------------------------------
                         required time                         -0.622    
                         arrival time                           0.708    
  -------------------------------------------------------------------
                         slack                                  0.086    

Slack (MET) :             0.087ns  (arrival time - required time)
  Source:                 NIM_BLOCK/U162/U1/int_cnt_out_reg[20]/C
                            (rising edge-triggered cell FDRE clocked by CLK_bmx_320  {rise@0.000ns fall@1.562ns period=3.125ns})
  Destination:            NIM_BLOCK/U367/int_out32_reg[20]/D
                            (rising edge-triggered cell FDRE clocked by CLK_bmx_320  {rise@0.000ns fall@1.562ns period=3.125ns})
  Path Group:             CLK_bmx_320
  Path Type:              Hold (Min at Fast Process Corner)
  Requirement:            0.000ns  (CLK_bmx_320 rise@0.000ns - CLK_bmx_320 rise@0.000ns)
  Data Path Delay:        0.317ns  (logic 0.100ns (31.559%)  route 0.217ns (68.441%))
  Logic Levels:           0  
  Clock Path Skew:        0.190ns (DCD - SCD - CPR)
    Destination Clock Delay (DCD):    0.772ns
    Source Clock Delay      (SCD):    0.582ns
    Clock Pessimism Removal (CPR):    -0.000ns

    Location             Delay type                Incr(ns)  Path(ns)    Netlist Resource(s)
  -------------------------------------------------------------------    -------------------
                         (clock CLK_bmx_320 rise edge)
                                                      0.000     0.000 r  
    BUFGCTRL_X0Y16       BUFG                         0.000     0.000 r  CLK_mx_320_bufg/O
                         net (fo=4737, routed)        0.582     0.582    NIM_BLOCK/U162/U1/clk
    SLICE_X40Y198        FDRE                                         r  NIM_BLOCK/U162/U1/int_cnt_out_reg[20]/C
  -------------------------------------------------------------------    -------------------
    SLICE_X40Y198        FDRE (Prop_fdre_C_Q)         0.100     0.682 r  NIM_BLOCK/U162/U1/int_cnt_out_reg[20]/Q
                         net (fo=1, routed)           0.217     0.899    NIM_BLOCK/U367/d28[20]
    SLICE_X33Y204        FDRE                                         r  NIM_BLOCK/U367/int_out32_reg[20]/D
  -------------------------------------------------------------------    -------------------

                         (clock CLK_bmx_320 rise edge)
                                                      0.000     0.000 r  
    BUFGCTRL_X0Y16       BUFG                         0.000     0.000 r  CLK_mx_320_bufg/O
                         net (fo=4737, routed)        0.772     0.772    NIM_BLOCK/U367/clk
    SLICE_X33Y204        FDRE                                         r  NIM_BLOCK/U367/int_out32_reg[20]/C
                         clock pessimism              0.000     0.772    
    SLICE_X33Y204        FDRE (Hold_fdre_C_D)         0.040     0.812    NIM_BLOCK/U367/int_out32_reg[20]
  -------------------------------------------------------------------
                         required time                         -0.812    
                         arrival time                           0.899    
  -------------------------------------------------------------------
                         slack                                  0.087    





Pulse Width Checks
--------------------------------------------------------------------------------------
Clock Name:         CLK_bmx_320
Waveform(ns):       { 0.000 1.562 }
Period(ns):         3.125
Sources:            { CLK_mx_320_bufg/O }

Check Type        Corner  Lib Pin         Reference Pin  Required(ns)  Actual(ns)  Slack(ns)  Location       Pin
Min Period        n/a     FIFO36E1/WRCLK  n/a            1.839         3.125       1.286      RAMB36_X2Y42   genNimPlusAndBurstFifo[0].FIFO_DUALCLOCK_MACRO_inst/bl.fifo_36_inst_bl_1.fifo_36_bl_1/WRCLK
Min Period        n/a     FDSE/C          n/a            0.750         3.125       2.375      SLICE_X54Y195  NIM_BLOCK/U115/U6/Sreg0_reg[1]/C
Min Period        n/a     FDRE/C          n/a            0.750         3.125       2.375      SLICE_X68Y196  NIM_BLOCK/U115/U9/int_ps_ld_ct_reg/C
Min Period        n/a     FDSE/C          n/a            0.750         3.125       2.375      SLICE_X53Y196  NIM_BLOCK/U117/U6/Sreg0_reg[1]/C
Min Period        n/a     FDSE/C          n/a            0.750         3.125       2.375      SLICE_X53Y196  NIM_BLOCK/U117/U6/int_ctr_rst_reg/C
Min Period        n/a     FDRE/C          n/a            0.750         3.125       2.375      SLICE_X67Y198  NIM_BLOCK/U117/U9/int_ps_ld_ct_reg/C
Min Period        n/a     FDRE/C          n/a            0.750         3.125       2.375      SLICE_X37Y205  NIM_BLOCK/U121/U3/d_reg_reg[17]/C
Min Period        n/a     FDRE/C          n/a            0.750         3.125       2.375      SLICE_X37Y205  NIM_BLOCK/U121/U3/d_reg_reg[18]/C
Min Period        n/a     FDRE/C          n/a            0.750         3.125       2.375      SLICE_X34Y201  NIM_BLOCK/U121/U3/d_reg_reg[7]/C
Min Period        n/a     FDRE/C          n/a            0.750         3.125       2.375      SLICE_X61Y216  NIM_BLOCK/U121/U4/d_reg_reg[9]/C
Low Pulse Width   Slow    FDRE/C          n/a            0.400         1.562       1.162      SLICE_X48Y214  NIM_BLOCK/U177/U1/int_cnt_out_reg[21]/C
Low Pulse Width   Slow    FDRE/C          n/a            0.400         1.562       1.162      SLICE_X47Y214  NIM_BLOCK/U177/U1/int_cnt_out_reg[23]/C
Low Pulse Width   Slow    FDRE/C          n/a            0.400         1.562       1.162      SLICE_X48Y214  NIM_BLOCK/U177/U1/int_cnt_out_reg[24]/C
Low Pulse Width   Slow    FDRE/C          n/a            0.400         1.562       1.162      SLICE_X48Y214  NIM_BLOCK/U177/U1/int_cnt_out_reg[25]/C
Low Pulse Width   Slow    FDRE/C          n/a            0.400         1.562       1.162      SLICE_X47Y214  NIM_BLOCK/U177/U1/int_cnt_out_reg[26]/C
Low Pulse Width   Slow    FDRE/C          n/a            0.400         1.562       1.162      SLICE_X47Y214  NIM_BLOCK/U177/U1/int_cnt_out_reg[27]/C
Low Pulse Width   Slow    FDRE/C          n/a            0.400         1.562       1.162      SLICE_X48Y214  NIM_BLOCK/U177/U1/int_cnt_out_reg[9]/C
Low Pulse Width   Slow    FDRE/C          n/a            0.400         1.562       1.162      SLICE_X67Y176  NIM_BLOCK/U311/U10/d_reg_reg[21]/C
Low Pulse Width   Slow    FDRE/C          n/a            0.400         1.562       1.162      SLICE_X77Y177  NIM_BLOCK/U311/U10/d_reg_reg[34]/C
Low Pulse Width   Slow    FDRE/C          n/a            0.400         1.562       1.162      SLICE_X82Y177  NIM_BLOCK/U311/U10/d_reg_reg[37]/C
High Pulse Width  Slow    FDRE/C          n/a            0.350         1.562       1.212      SLICE_X58Y190  NIM_BLOCK/U113/count_reg_reg[10]/C
High Pulse Width  Fast    FDRE/C          n/a            0.350         1.562       1.212      SLICE_X58Y190  NIM_BLOCK/U113/count_reg_reg[10]/C
High Pulse Width  Slow    FDRE/C          n/a            0.350         1.562       1.212      SLICE_X58Y190  NIM_BLOCK/U113/count_reg_reg[11]/C
High Pulse Width  Fast    FDRE/C          n/a            0.350         1.562       1.212      SLICE_X58Y190  NIM_BLOCK/U113/count_reg_reg[11]/C
High Pulse Width  Slow    FDRE/C          n/a            0.350         1.562       1.212      SLICE_X58Y191  NIM_BLOCK/U113/count_reg_reg[12]/C
High Pulse Width  Fast    FDRE/C          n/a            0.350         1.562       1.212      SLICE_X58Y191  NIM_BLOCK/U113/count_reg_reg[12]/C
High Pulse Width  Slow    FDRE/C          n/a            0.350         1.562       1.212      SLICE_X58Y191  NIM_BLOCK/U113/count_reg_reg[13]/C
High Pulse Width  Fast    FDRE/C          n/a            0.350         1.562       1.212      SLICE_X58Y191  NIM_BLOCK/U113/count_reg_reg[13]/C
High Pulse Width  Slow    FDRE/C          n/a            0.350         1.562       1.212      SLICE_X58Y191  NIM_BLOCK/U113/count_reg_reg[14]/C
High Pulse Width  Fast    FDRE/C          n/a            0.350         1.562       1.212      SLICE_X58Y191  NIM_BLOCK/U113/count_reg_reg[14]/C



---------------------------------------------------------------------------------------------------
From Clock:  DAC_IN_CLK
  To Clock:  DAC_IN_CLK

Setup :            0  Failing Endpoints,  Worst Slack       77.985ns,  Total Violation        0.000ns
Hold  :            0  Failing Endpoints,  Worst Slack        0.200ns,  Total Violation        0.000ns
PW    :            0  Failing Endpoints,  Worst Slack       39.600ns,  Total Violation        0.000ns
---------------------------------------------------------------------------------------------------


Max Delay Paths
--------------------------------------------------------------------------------------
Slack (MET) :             77.985ns  (required time - arrival time)
  Source:                 NIM_BLOCK/U11/bit_ptr_reg[0]/C
                            (rising edge-triggered cell FDSE clocked by DAC_IN_CLK  {rise@0.000ns fall@40.000ns period=80.000ns})
  Destination:            NIM_BLOCK/U11/int_dac_out_reg/D
                            (rising edge-triggered cell FDRE clocked by DAC_IN_CLK  {rise@0.000ns fall@40.000ns period=80.000ns})
  Path Group:             DAC_IN_CLK
  Path Type:              Setup (Max at Slow Process Corner)
  Requirement:            80.000ns  (DAC_IN_CLK rise@80.000ns - DAC_IN_CLK rise@0.000ns)
  Data Path Delay:        1.936ns  (logic 0.528ns (27.272%)  route 1.408ns (72.728%))
  Logic Levels:           3  (LUT6=2 MUXF7=1)
  Clock Path Skew:        -0.042ns (DCD - SCD + CPR)
    Destination Clock Delay (DCD):    1.137ns = ( 81.137 - 80.000 ) 
    Source Clock Delay      (SCD):    1.265ns
    Clock Pessimism Removal (CPR):    0.086ns
  Clock Uncertainty:      0.071ns  ((TSJ^2 + DJ^2)^1/2) / 2 + PE
    Total System Jitter     (TSJ):    0.071ns
    Discrete Jitter          (DJ):    0.124ns
    Phase Error              (PE):    0.000ns

    Location             Delay type                Incr(ns)  Path(ns)    Netlist Resource(s)
  -------------------------------------------------------------------    -------------------
                         (clock DAC_IN_CLK rise edge)
                                                      0.000     0.000 r  
    BUFGCTRL_X0Y5        BUFG                         0.000     0.000 r  DAC_CLK_bufg/O
                         net (fo=26, routed)          1.265     1.265    NIM_BLOCK/U11/clock
    SLICE_X42Y174        FDSE                                         r  NIM_BLOCK/U11/bit_ptr_reg[0]/C
  -------------------------------------------------------------------    -------------------
    SLICE_X42Y174        FDSE (Prop_fdse_C_Q)         0.259     1.524 r  NIM_BLOCK/U11/bit_ptr_reg[0]/Q
                         net (fo=9, routed)           1.024     2.548    NIM_BLOCK/U11/bit_ptr[0]
    SLICE_X50Y175        LUT6 (Prop_lut6_I4_O)        0.043     2.591 r  NIM_BLOCK/U11/int_dac_out_i_9/O
                         net (fo=1, routed)           0.000     2.591    NIM_BLOCK/U11/int_dac_out_i_9_n_321
    SLICE_X50Y175        MUXF7 (Prop_muxf7_I1_O)      0.103     2.694 r  NIM_BLOCK/U11/int_dac_out_reg_i_4/O
                         net (fo=1, routed)           0.384     3.078    NIM_BLOCK/U11/int_dac_out_reg_i_4_n_321
    SLICE_X43Y175        LUT6 (Prop_lut6_I3_O)        0.123     3.201 r  NIM_BLOCK/U11/int_dac_out_i_1/O
                         net (fo=1, routed)           0.000     3.201    NIM_BLOCK/U11/int_dac_out_i_1_n_321
    SLICE_X43Y175        FDRE                                         r  NIM_BLOCK/U11/int_dac_out_reg/D
  -------------------------------------------------------------------    -------------------

                         (clock DAC_IN_CLK rise edge)
                                                     80.000    80.000 r  
    BUFGCTRL_X0Y5        BUFG                         0.000    80.000 r  DAC_CLK_bufg/O
                         net (fo=26, routed)          1.137    81.137    NIM_BLOCK/U11/clock
    SLICE_X43Y175        FDRE                                         r  NIM_BLOCK/U11/int_dac_out_reg/C
                         clock pessimism              0.086    81.223    
                         clock uncertainty           -0.071    81.152    
    SLICE_X43Y175        FDRE (Setup_fdre_C_D)        0.034    81.186    NIM_BLOCK/U11/int_dac_out_reg
  -------------------------------------------------------------------
                         required time                         81.186    
                         arrival time                          -3.201    
  -------------------------------------------------------------------
                         slack                                 77.985    

Slack (MET) :             78.165ns  (required time - arrival time)
  Source:                 NIM_BLOCK/U11/FSM_sequential_Sreg0_reg[0]/C
                            (rising edge-triggered cell FDRE clocked by DAC_IN_CLK  {rise@0.000ns fall@40.000ns period=80.000ns})
  Destination:            NIM_BLOCK/U11/data_reg_reg[10]/CE
                            (rising edge-triggered cell FDRE clocked by DAC_IN_CLK  {rise@0.000ns fall@40.000ns period=80.000ns})
  Path Group:             DAC_IN_CLK
  Path Type:              Setup (Max at Slow Process Corner)
  Requirement:            80.000ns  (DAC_IN_CLK rise@80.000ns - DAC_IN_CLK rise@0.000ns)
  Data Path Delay:        1.480ns  (logic 0.266ns (17.979%)  route 1.214ns (82.021%))
  Logic Levels:           1  (LUT5=1)
  Clock Path Skew:        -0.106ns (DCD - SCD + CPR)
    Destination Clock Delay (DCD):    1.076ns = ( 81.076 - 80.000 ) 
    Source Clock Delay      (SCD):    1.268ns
    Clock Pessimism Removal (CPR):    0.086ns
  Clock Uncertainty:      0.071ns  ((TSJ^2 + DJ^2)^1/2) / 2 + PE
    Total System Jitter     (TSJ):    0.071ns
    Discrete Jitter          (DJ):    0.124ns
    Phase Error              (PE):    0.000ns

    Location             Delay type                Incr(ns)  Path(ns)    Netlist Resource(s)
  -------------------------------------------------------------------    -------------------
                         (clock DAC_IN_CLK rise edge)
                                                      0.000     0.000 r  
    BUFGCTRL_X0Y5        BUFG                         0.000     0.000 r  DAC_CLK_bufg/O
                         net (fo=26, routed)          1.268     1.268    NIM_BLOCK/U11/clock
    SLICE_X41Y173        FDRE                                         r  NIM_BLOCK/U11/FSM_sequential_Sreg0_reg[0]/C
  -------------------------------------------------------------------    -------------------
    SLICE_X41Y173        FDRE (Prop_fdre_C_Q)         0.223     1.491 f  NIM_BLOCK/U11/FSM_sequential_Sreg0_reg[0]/Q
                         net (fo=9, routed)           0.520     2.011    NIM_BLOCK/U11/Sreg0[0]
    SLICE_X43Y175        LUT5 (Prop_lut5_I4_O)        0.043     2.054 r  NIM_BLOCK/U11/data_reg[15]_i_1/O
                         net (fo=16, routed)          0.694     2.748    NIM_BLOCK/U11/data_reg[15]_i_1_n_321
    SLICE_X50Y175        FDRE                                         r  NIM_BLOCK/U11/data_reg_reg[10]/CE
  -------------------------------------------------------------------    -------------------

                         (clock DAC_IN_CLK rise edge)
                                                     80.000    80.000 r  
    BUFGCTRL_X0Y5        BUFG                         0.000    80.000 r  DAC_CLK_bufg/O
                         net (fo=26, routed)          1.076    81.076    NIM_BLOCK/U11/clock
    SLICE_X50Y175        FDRE                                         r  NIM_BLOCK/U11/data_reg_reg[10]/C
                         clock pessimism              0.086    81.162    
                         clock uncertainty           -0.071    81.091    
    SLICE_X50Y175        FDRE (Setup_fdre_C_CE)      -0.178    80.913    NIM_BLOCK/U11/data_reg_reg[10]
  -------------------------------------------------------------------
                         required time                         80.913    
                         arrival time                          -2.748    
  -------------------------------------------------------------------
                         slack                                 78.165    

Slack (MET) :             78.165ns  (required time - arrival time)
  Source:                 NIM_BLOCK/U11/FSM_sequential_Sreg0_reg[0]/C
                            (rising edge-triggered cell FDRE clocked by DAC_IN_CLK  {rise@0.000ns fall@40.000ns period=80.000ns})
  Destination:            NIM_BLOCK/U11/data_reg_reg[11]/CE
                            (rising edge-triggered cell FDRE clocked by DAC_IN_CLK  {rise@0.000ns fall@40.000ns period=80.000ns})
  Path Group:             DAC_IN_CLK
  Path Type:              Setup (Max at Slow Process Corner)
  Requirement:            80.000ns  (DAC_IN_CLK rise@80.000ns - DAC_IN_CLK rise@0.000ns)
  Data Path Delay:        1.480ns  (logic 0.266ns (17.979%)  route 1.214ns (82.021%))
  Logic Levels:           1  (LUT5=1)
  Clock Path Skew:        -0.106ns (DCD - SCD + CPR)
    Destination Clock Delay (DCD):    1.076ns = ( 81.076 - 80.000 ) 
    Source Clock Delay      (SCD):    1.268ns
    Clock Pessimism Removal (CPR):    0.086ns
  Clock Uncertainty:      0.071ns  ((TSJ^2 + DJ^2)^1/2) / 2 + PE
    Total System Jitter     (TSJ):    0.071ns
    Discrete Jitter          (DJ):    0.124ns
    Phase Error              (PE):    0.000ns

    Location             Delay type                Incr(ns)  Path(ns)    Netlist Resource(s)
  -------------------------------------------------------------------    -------------------
                         (clock DAC_IN_CLK rise edge)
                                                      0.000     0.000 r  
    BUFGCTRL_X0Y5        BUFG                         0.000     0.000 r  DAC_CLK_bufg/O
                         net (fo=26, routed)          1.268     1.268    NIM_BLOCK/U11/clock
    SLICE_X41Y173        FDRE                                         r  NIM_BLOCK/U11/FSM_sequential_Sreg0_reg[0]/C
  -------------------------------------------------------------------    -------------------
    SLICE_X41Y173        FDRE (Prop_fdre_C_Q)         0.223     1.491 f  NIM_BLOCK/U11/FSM_sequential_Sreg0_reg[0]/Q
                         net (fo=9, routed)           0.520     2.011    NIM_BLOCK/U11/Sreg0[0]
    SLICE_X43Y175        LUT5 (Prop_lut5_I4_O)        0.043     2.054 r  NIM_BLOCK/U11/data_reg[15]_i_1/O
                         net (fo=16, routed)          0.694     2.748    NIM_BLOCK/U11/data_reg[15]_i_1_n_321
    SLICE_X50Y175        FDRE                                         r  NIM_BLOCK/U11/data_reg_reg[11]/CE
  -------------------------------------------------------------------    -------------------

                         (clock DAC_IN_CLK rise edge)
                                                     80.000    80.000 r  
    BUFGCTRL_X0Y5        BUFG                         0.000    80.000 r  DAC_CLK_bufg/O
                         net (fo=26, routed)          1.076    81.076    NIM_BLOCK/U11/clock
    SLICE_X50Y175        FDRE                                         r  NIM_BLOCK/U11/data_reg_reg[11]/C
                         clock pessimism              0.086    81.162    
                         clock uncertainty           -0.071    81.091    
    SLICE_X50Y175        FDRE (Setup_fdre_C_CE)      -0.178    80.913    NIM_BLOCK/U11/data_reg_reg[11]
  -------------------------------------------------------------------
                         required time                         80.913    
                         arrival time                          -2.748    
  -------------------------------------------------------------------
                         slack                                 78.165    

Slack (MET) :             78.165ns  (required time - arrival time)
  Source:                 NIM_BLOCK/U11/FSM_sequential_Sreg0_reg[0]/C
                            (rising edge-triggered cell FDRE clocked by DAC_IN_CLK  {rise@0.000ns fall@40.000ns period=80.000ns})
  Destination:            NIM_BLOCK/U11/data_reg_reg[12]/CE
                            (rising edge-triggered cell FDRE clocked by DAC_IN_CLK  {rise@0.000ns fall@40.000ns period=80.000ns})
  Path Group:             DAC_IN_CLK
  Path Type:              Setup (Max at Slow Process Corner)
  Requirement:            80.000ns  (DAC_IN_CLK rise@80.000ns - DAC_IN_CLK rise@0.000ns)
  Data Path Delay:        1.480ns  (logic 0.266ns (17.979%)  route 1.214ns (82.021%))
  Logic Levels:           1  (LUT5=1)
  Clock Path Skew:        -0.106ns (DCD - SCD + CPR)
    Destination Clock Delay (DCD):    1.076ns = ( 81.076 - 80.000 ) 
    Source Clock Delay      (SCD):    1.268ns
    Clock Pessimism Removal (CPR):    0.086ns
  Clock Uncertainty:      0.071ns  ((TSJ^2 + DJ^2)^1/2) / 2 + PE
    Total System Jitter     (TSJ):    0.071ns
    Discrete Jitter          (DJ):    0.124ns
    Phase Error              (PE):    0.000ns

    Location             Delay type                Incr(ns)  Path(ns)    Netlist Resource(s)
  -------------------------------------------------------------------    -------------------
                         (clock DAC_IN_CLK rise edge)
                                                      0.000     0.000 r  
    BUFGCTRL_X0Y5        BUFG                         0.000     0.000 r  DAC_CLK_bufg/O
                         net (fo=26, routed)          1.268     1.268    NIM_BLOCK/U11/clock
    SLICE_X41Y173        FDRE                                         r  NIM_BLOCK/U11/FSM_sequential_Sreg0_reg[0]/C
  -------------------------------------------------------------------    -------------------
    SLICE_X41Y173        FDRE (Prop_fdre_C_Q)         0.223     1.491 f  NIM_BLOCK/U11/FSM_sequential_Sreg0_reg[0]/Q
                         net (fo=9, routed)           0.520     2.011    NIM_BLOCK/U11/Sreg0[0]
    SLICE_X43Y175        LUT5 (Prop_lut5_I4_O)        0.043     2.054 r  NIM_BLOCK/U11/data_reg[15]_i_1/O
                         net (fo=16, routed)          0.694     2.748    NIM_BLOCK/U11/data_reg[15]_i_1_n_321
    SLICE_X50Y175        FDRE                                         r  NIM_BLOCK/U11/data_reg_reg[12]/CE
  -------------------------------------------------------------------    -------------------

                         (clock DAC_IN_CLK rise edge)
                                                     80.000    80.000 r  
    BUFGCTRL_X0Y5        BUFG                         0.000    80.000 r  DAC_CLK_bufg/O
                         net (fo=26, routed)          1.076    81.076    NIM_BLOCK/U11/clock
    SLICE_X50Y175        FDRE                                         r  NIM_BLOCK/U11/data_reg_reg[12]/C
                         clock pessimism              0.086    81.162    
                         clock uncertainty           -0.071    81.091    
    SLICE_X50Y175        FDRE (Setup_fdre_C_CE)      -0.178    80.913    NIM_BLOCK/U11/data_reg_reg[12]
  -------------------------------------------------------------------
                         required time                         80.913    
                         arrival time                          -2.748    
  -------------------------------------------------------------------
                         slack                                 78.165    

Slack (MET) :             78.165ns  (required time - arrival time)
  Source:                 NIM_BLOCK/U11/FSM_sequential_Sreg0_reg[0]/C
                            (rising edge-triggered cell FDRE clocked by DAC_IN_CLK  {rise@0.000ns fall@40.000ns period=80.000ns})
  Destination:            NIM_BLOCK/U11/data_reg_reg[13]/CE
                            (rising edge-triggered cell FDRE clocked by DAC_IN_CLK  {rise@0.000ns fall@40.000ns period=80.000ns})
  Path Group:             DAC_IN_CLK
  Path Type:              Setup (Max at Slow Process Corner)
  Requirement:            80.000ns  (DAC_IN_CLK rise@80.000ns - DAC_IN_CLK rise@0.000ns)
  Data Path Delay:        1.480ns  (logic 0.266ns (17.979%)  route 1.214ns (82.021%))
  Logic Levels:           1  (LUT5=1)
  Clock Path Skew:        -0.106ns (DCD - SCD + CPR)
    Destination Clock Delay (DCD):    1.076ns = ( 81.076 - 80.000 ) 
    Source Clock Delay      (SCD):    1.268ns
    Clock Pessimism Removal (CPR):    0.086ns
  Clock Uncertainty:      0.071ns  ((TSJ^2 + DJ^2)^1/2) / 2 + PE
    Total System Jitter     (TSJ):    0.071ns
    Discrete Jitter          (DJ):    0.124ns
    Phase Error              (PE):    0.000ns

    Location             Delay type                Incr(ns)  Path(ns)    Netlist Resource(s)
  -------------------------------------------------------------------    -------------------
                         (clock DAC_IN_CLK rise edge)
                                                      0.000     0.000 r  
    BUFGCTRL_X0Y5        BUFG                         0.000     0.000 r  DAC_CLK_bufg/O
                         net (fo=26, routed)          1.268     1.268    NIM_BLOCK/U11/clock
    SLICE_X41Y173        FDRE                                         r  NIM_BLOCK/U11/FSM_sequential_Sreg0_reg[0]/C
  -------------------------------------------------------------------    -------------------
    SLICE_X41Y173        FDRE (Prop_fdre_C_Q)         0.223     1.491 f  NIM_BLOCK/U11/FSM_sequential_Sreg0_reg[0]/Q
                         net (fo=9, routed)           0.520     2.011    NIM_BLOCK/U11/Sreg0[0]
    SLICE_X43Y175        LUT5 (Prop_lut5_I4_O)        0.043     2.054 r  NIM_BLOCK/U11/data_reg[15]_i_1/O
                         net (fo=16, routed)          0.694     2.748    NIM_BLOCK/U11/data_reg[15]_i_1_n_321
    SLICE_X50Y175        FDRE                                         r  NIM_BLOCK/U11/data_reg_reg[13]/CE
  -------------------------------------------------------------------    -------------------

                         (clock DAC_IN_CLK rise edge)
                                                     80.000    80.000 r  
    BUFGCTRL_X0Y5        BUFG                         0.000    80.000 r  DAC_CLK_bufg/O
                         net (fo=26, routed)          1.076    81.076    NIM_BLOCK/U11/clock
    SLICE_X50Y175        FDRE                                         r  NIM_BLOCK/U11/data_reg_reg[13]/C
                         clock pessimism              0.086    81.162    
                         clock uncertainty           -0.071    81.091    
    SLICE_X50Y175        FDRE (Setup_fdre_C_CE)      -0.178    80.913    NIM_BLOCK/U11/data_reg_reg[13]
  -------------------------------------------------------------------
                         required time                         80.913    
                         arrival time                          -2.748    
  -------------------------------------------------------------------
                         slack                                 78.165    

Slack (MET) :             78.165ns  (required time - arrival time)
  Source:                 NIM_BLOCK/U11/FSM_sequential_Sreg0_reg[0]/C
                            (rising edge-triggered cell FDRE clocked by DAC_IN_CLK  {rise@0.000ns fall@40.000ns period=80.000ns})
  Destination:            NIM_BLOCK/U11/data_reg_reg[9]/CE
                            (rising edge-triggered cell FDRE clocked by DAC_IN_CLK  {rise@0.000ns fall@40.000ns period=80.000ns})
  Path Group:             DAC_IN_CLK
  Path Type:              Setup (Max at Slow Process Corner)
  Requirement:            80.000ns  (DAC_IN_CLK rise@80.000ns - DAC_IN_CLK rise@0.000ns)
  Data Path Delay:        1.480ns  (logic 0.266ns (17.979%)  route 1.214ns (82.021%))
  Logic Levels:           1  (LUT5=1)
  Clock Path Skew:        -0.106ns (DCD - SCD + CPR)
    Destination Clock Delay (DCD):    1.076ns = ( 81.076 - 80.000 ) 
    Source Clock Delay      (SCD):    1.268ns
    Clock Pessimism Removal (CPR):    0.086ns
  Clock Uncertainty:      0.071ns  ((TSJ^2 + DJ^2)^1/2) / 2 + PE
    Total System Jitter     (TSJ):    0.071ns
    Discrete Jitter          (DJ):    0.124ns
    Phase Error              (PE):    0.000ns

    Location             Delay type                Incr(ns)  Path(ns)    Netlist Resource(s)
  -------------------------------------------------------------------    -------------------
                         (clock DAC_IN_CLK rise edge)
                                                      0.000     0.000 r  
    BUFGCTRL_X0Y5        BUFG                         0.000     0.000 r  DAC_CLK_bufg/O
                         net (fo=26, routed)          1.268     1.268    NIM_BLOCK/U11/clock
    SLICE_X41Y173        FDRE                                         r  NIM_BLOCK/U11/FSM_sequential_Sreg0_reg[0]/C
  -------------------------------------------------------------------    -------------------
    SLICE_X41Y173        FDRE (Prop_fdre_C_Q)         0.223     1.491 f  NIM_BLOCK/U11/FSM_sequential_Sreg0_reg[0]/Q
                         net (fo=9, routed)           0.520     2.011    NIM_BLOCK/U11/Sreg0[0]
    SLICE_X43Y175        LUT5 (Prop_lut5_I4_O)        0.043     2.054 r  NIM_BLOCK/U11/data_reg[15]_i_1/O
                         net (fo=16, routed)          0.694     2.748    NIM_BLOCK/U11/data_reg[15]_i_1_n_321
    SLICE_X50Y175        FDRE                                         r  NIM_BLOCK/U11/data_reg_reg[9]/CE
  -------------------------------------------------------------------    -------------------

                         (clock DAC_IN_CLK rise edge)
                                                     80.000    80.000 r  
    BUFGCTRL_X0Y5        BUFG                         0.000    80.000 r  DAC_CLK_bufg/O
                         net (fo=26, routed)          1.076    81.076    NIM_BLOCK/U11/clock
    SLICE_X50Y175        FDRE                                         r  NIM_BLOCK/U11/data_reg_reg[9]/C
                         clock pessimism              0.086    81.162    
                         clock uncertainty           -0.071    81.091    
    SLICE_X50Y175        FDRE (Setup_fdre_C_CE)      -0.178    80.913    NIM_BLOCK/U11/data_reg_reg[9]
  -------------------------------------------------------------------
                         required time                         80.913    
                         arrival time                          -2.748    
  -------------------------------------------------------------------
                         slack                                 78.165    

Slack (MET) :             78.248ns  (required time - arrival time)
  Source:                 NIM_BLOCK/U11/FSM_sequential_Sreg0_reg[0]/C
                            (rising edge-triggered cell FDRE clocked by DAC_IN_CLK  {rise@0.000ns fall@40.000ns period=80.000ns})
  Destination:            NIM_BLOCK/U11/data_reg_reg[14]/CE
                            (rising edge-triggered cell FDRE clocked by DAC_IN_CLK  {rise@0.000ns fall@40.000ns period=80.000ns})
  Path Group:             DAC_IN_CLK
  Path Type:              Setup (Max at Slow Process Corner)
  Requirement:            80.000ns  (DAC_IN_CLK rise@80.000ns - DAC_IN_CLK rise@0.000ns)
  Data Path Delay:        1.397ns  (logic 0.266ns (19.037%)  route 1.131ns (80.963%))
  Logic Levels:           1  (LUT5=1)
  Clock Path Skew:        -0.105ns (DCD - SCD + CPR)
    Destination Clock Delay (DCD):    1.077ns = ( 81.077 - 80.000 ) 
    Source Clock Delay      (SCD):    1.268ns
    Clock Pessimism Removal (CPR):    0.086ns
  Clock Uncertainty:      0.071ns  ((TSJ^2 + DJ^2)^1/2) / 2 + PE
    Total System Jitter     (TSJ):    0.071ns
    Discrete Jitter          (DJ):    0.124ns
    Phase Error              (PE):    0.000ns

    Location             Delay type                Incr(ns)  Path(ns)    Netlist Resource(s)
  -------------------------------------------------------------------    -------------------
                         (clock DAC_IN_CLK rise edge)
                                                      0.000     0.000 r  
    BUFGCTRL_X0Y5        BUFG                         0.000     0.000 r  DAC_CLK_bufg/O
                         net (fo=26, routed)          1.268     1.268    NIM_BLOCK/U11/clock
    SLICE_X41Y173        FDRE                                         r  NIM_BLOCK/U11/FSM_sequential_Sreg0_reg[0]/C
  -------------------------------------------------------------------    -------------------
    SLICE_X41Y173        FDRE (Prop_fdre_C_Q)         0.223     1.491 f  NIM_BLOCK/U11/FSM_sequential_Sreg0_reg[0]/Q
                         net (fo=9, routed)           0.520     2.011    NIM_BLOCK/U11/Sreg0[0]
    SLICE_X43Y175        LUT5 (Prop_lut5_I4_O)        0.043     2.054 r  NIM_BLOCK/U11/data_reg[15]_i_1/O
                         net (fo=16, routed)          0.612     2.665    NIM_BLOCK/U11/data_reg[15]_i_1_n_321
    SLICE_X50Y176        FDRE                                         r  NIM_BLOCK/U11/data_reg_reg[14]/CE
  -------------------------------------------------------------------    -------------------

                         (clock DAC_IN_CLK rise edge)
                                                     80.000    80.000 r  
    BUFGCTRL_X0Y5        BUFG                         0.000    80.000 r  DAC_CLK_bufg/O
                         net (fo=26, routed)          1.077    81.077    NIM_BLOCK/U11/clock
    SLICE_X50Y176        FDRE                                         r  NIM_BLOCK/U11/data_reg_reg[14]/C
                         clock pessimism              0.086    81.163    
                         clock uncertainty           -0.071    81.092    
    SLICE_X50Y176        FDRE (Setup_fdre_C_CE)      -0.178    80.914    NIM_BLOCK/U11/data_reg_reg[14]
  -------------------------------------------------------------------
                         required time                         80.914    
                         arrival time                          -2.665    
  -------------------------------------------------------------------
                         slack                                 78.248    

Slack (MET) :             78.248ns  (required time - arrival time)
  Source:                 NIM_BLOCK/U11/FSM_sequential_Sreg0_reg[0]/C
                            (rising edge-triggered cell FDRE clocked by DAC_IN_CLK  {rise@0.000ns fall@40.000ns period=80.000ns})
  Destination:            NIM_BLOCK/U11/data_reg_reg[15]/CE
                            (rising edge-triggered cell FDRE clocked by DAC_IN_CLK  {rise@0.000ns fall@40.000ns period=80.000ns})
  Path Group:             DAC_IN_CLK
  Path Type:              Setup (Max at Slow Process Corner)
  Requirement:            80.000ns  (DAC_IN_CLK rise@80.000ns - DAC_IN_CLK rise@0.000ns)
  Data Path Delay:        1.397ns  (logic 0.266ns (19.037%)  route 1.131ns (80.963%))
  Logic Levels:           1  (LUT5=1)
  Clock Path Skew:        -0.105ns (DCD - SCD + CPR)
    Destination Clock Delay (DCD):    1.077ns = ( 81.077 - 80.000 ) 
    Source Clock Delay      (SCD):    1.268ns
    Clock Pessimism Removal (CPR):    0.086ns
  Clock Uncertainty:      0.071ns  ((TSJ^2 + DJ^2)^1/2) / 2 + PE
    Total System Jitter     (TSJ):    0.071ns
    Discrete Jitter          (DJ):    0.124ns
    Phase Error              (PE):    0.000ns

    Location             Delay type                Incr(ns)  Path(ns)    Netlist Resource(s)
  -------------------------------------------------------------------    -------------------
                         (clock DAC_IN_CLK rise edge)
                                                      0.000     0.000 r  
    BUFGCTRL_X0Y5        BUFG                         0.000     0.000 r  DAC_CLK_bufg/O
                         net (fo=26, routed)          1.268     1.268    NIM_BLOCK/U11/clock
    SLICE_X41Y173        FDRE                                         r  NIM_BLOCK/U11/FSM_sequential_Sreg0_reg[0]/C
  -------------------------------------------------------------------    -------------------
    SLICE_X41Y173        FDRE (Prop_fdre_C_Q)         0.223     1.491 f  NIM_BLOCK/U11/FSM_sequential_Sreg0_reg[0]/Q
                         net (fo=9, routed)           0.520     2.011    NIM_BLOCK/U11/Sreg0[0]
    SLICE_X43Y175        LUT5 (Prop_lut5_I4_O)        0.043     2.054 r  NIM_BLOCK/U11/data_reg[15]_i_1/O
                         net (fo=16, routed)          0.612     2.665    NIM_BLOCK/U11/data_reg[15]_i_1_n_321
    SLICE_X50Y176        FDRE                                         r  NIM_BLOCK/U11/data_reg_reg[15]/CE
  -------------------------------------------------------------------    -------------------

                         (clock DAC_IN_CLK rise edge)
                                                     80.000    80.000 r  
    BUFGCTRL_X0Y5        BUFG                         0.000    80.000 r  DAC_CLK_bufg/O
                         net (fo=26, routed)          1.077    81.077    NIM_BLOCK/U11/clock
    SLICE_X50Y176        FDRE                                         r  NIM_BLOCK/U11/data_reg_reg[15]/C
                         clock pessimism              0.086    81.163    
                         clock uncertainty           -0.071    81.092    
    SLICE_X50Y176        FDRE (Setup_fdre_C_CE)      -0.178    80.914    NIM_BLOCK/U11/data_reg_reg[15]
  -------------------------------------------------------------------
                         required time                         80.914    
                         arrival time                          -2.665    
  -------------------------------------------------------------------
                         slack                                 78.248    

Slack (MET) :             78.248ns  (required time - arrival time)
  Source:                 NIM_BLOCK/U11/FSM_sequential_Sreg0_reg[0]/C
                            (rising edge-triggered cell FDRE clocked by DAC_IN_CLK  {rise@0.000ns fall@40.000ns period=80.000ns})
  Destination:            NIM_BLOCK/U11/data_reg_reg[8]/CE
                            (rising edge-triggered cell FDRE clocked by DAC_IN_CLK  {rise@0.000ns fall@40.000ns period=80.000ns})
  Path Group:             DAC_IN_CLK
  Path Type:              Setup (Max at Slow Process Corner)
  Requirement:            80.000ns  (DAC_IN_CLK rise@80.000ns - DAC_IN_CLK rise@0.000ns)
  Data Path Delay:        1.397ns  (logic 0.266ns (19.037%)  route 1.131ns (80.963%))
  Logic Levels:           1  (LUT5=1)
  Clock Path Skew:        -0.105ns (DCD - SCD + CPR)
    Destination Clock Delay (DCD):    1.077ns = ( 81.077 - 80.000 ) 
    Source Clock Delay      (SCD):    1.268ns
    Clock Pessimism Removal (CPR):    0.086ns
  Clock Uncertainty:      0.071ns  ((TSJ^2 + DJ^2)^1/2) / 2 + PE
    Total System Jitter     (TSJ):    0.071ns
    Discrete Jitter          (DJ):    0.124ns
    Phase Error              (PE):    0.000ns

    Location             Delay type                Incr(ns)  Path(ns)    Netlist Resource(s)
  -------------------------------------------------------------------    -------------------
                         (clock DAC_IN_CLK rise edge)
                                                      0.000     0.000 r  
    BUFGCTRL_X0Y5        BUFG                         0.000     0.000 r  DAC_CLK_bufg/O
                         net (fo=26, routed)          1.268     1.268    NIM_BLOCK/U11/clock
    SLICE_X41Y173        FDRE                                         r  NIM_BLOCK/U11/FSM_sequential_Sreg0_reg[0]/C
  -------------------------------------------------------------------    -------------------
    SLICE_X41Y173        FDRE (Prop_fdre_C_Q)         0.223     1.491 f  NIM_BLOCK/U11/FSM_sequential_Sreg0_reg[0]/Q
                         net (fo=9, routed)           0.520     2.011    NIM_BLOCK/U11/Sreg0[0]
    SLICE_X43Y175        LUT5 (Prop_lut5_I4_O)        0.043     2.054 r  NIM_BLOCK/U11/data_reg[15]_i_1/O
                         net (fo=16, routed)          0.612     2.665    NIM_BLOCK/U11/data_reg[15]_i_1_n_321
    SLICE_X50Y176        FDRE                                         r  NIM_BLOCK/U11/data_reg_reg[8]/CE
  -------------------------------------------------------------------    -------------------

                         (clock DAC_IN_CLK rise edge)
                                                     80.000    80.000 r  
    BUFGCTRL_X0Y5        BUFG                         0.000    80.000 r  DAC_CLK_bufg/O
                         net (fo=26, routed)          1.077    81.077    NIM_BLOCK/U11/clock
    SLICE_X50Y176        FDRE                                         r  NIM_BLOCK/U11/data_reg_reg[8]/C
                         clock pessimism              0.086    81.163    
                         clock uncertainty           -0.071    81.092    
    SLICE_X50Y176        FDRE (Setup_fdre_C_CE)      -0.178    80.914    NIM_BLOCK/U11/data_reg_reg[8]
  -------------------------------------------------------------------
                         required time                         80.914    
                         arrival time                          -2.665    
  -------------------------------------------------------------------
                         slack                                 78.248    

Slack (MET) :             78.526ns  (required time - arrival time)
  Source:                 NIM_BLOCK/U11/FSM_sequential_Sreg0_reg[0]/C
                            (rising edge-triggered cell FDRE clocked by DAC_IN_CLK  {rise@0.000ns fall@40.000ns period=80.000ns})
  Destination:            NIM_BLOCK/U11/bit_ptr_reg[0]/CE
                            (rising edge-triggered cell FDSE clocked by DAC_IN_CLK  {rise@0.000ns fall@40.000ns period=80.000ns})
  Path Group:             DAC_IN_CLK
  Path Type:              Setup (Max at Slow Process Corner)
  Requirement:            80.000ns  (DAC_IN_CLK rise@80.000ns - DAC_IN_CLK rise@0.000ns)
  Data Path Delay:        1.180ns  (logic 0.266ns (22.548%)  route 0.914ns (77.452%))
  Logic Levels:           1  (LUT4=1)
  Clock Path Skew:        -0.045ns (DCD - SCD + CPR)
    Destination Clock Delay (DCD):    1.137ns = ( 81.137 - 80.000 ) 
    Source Clock Delay      (SCD):    1.268ns
    Clock Pessimism Removal (CPR):    0.086ns
  Clock Uncertainty:      0.071ns  ((TSJ^2 + DJ^2)^1/2) / 2 + PE
    Total System Jitter     (TSJ):    0.071ns
    Discrete Jitter          (DJ):    0.124ns
    Phase Error              (PE):    0.000ns

    Location             Delay type                Incr(ns)  Path(ns)    Netlist Resource(s)
  -------------------------------------------------------------------    -------------------
                         (clock DAC_IN_CLK rise edge)
                                                      0.000     0.000 r  
    BUFGCTRL_X0Y5        BUFG                         0.000     0.000 r  DAC_CLK_bufg/O
                         net (fo=26, routed)          1.268     1.268    NIM_BLOCK/U11/clock
    SLICE_X41Y173        FDRE                                         r  NIM_BLOCK/U11/FSM_sequential_Sreg0_reg[0]/C
  -------------------------------------------------------------------    -------------------
    SLICE_X41Y173        FDRE (Prop_fdre_C_Q)         0.223     1.491 f  NIM_BLOCK/U11/FSM_sequential_Sreg0_reg[0]/Q
                         net (fo=9, routed)           0.626     2.117    NIM_BLOCK/U11/Sreg0[0]
    SLICE_X42Y175        LUT4 (Prop_lut4_I3_O)        0.043     2.160 r  NIM_BLOCK/U11/bit_ptr[3]_i_1/O
                         net (fo=4, routed)           0.288     2.448    NIM_BLOCK/U11/bit_ptr[3]_i_1_n_321
    SLICE_X42Y174        FDSE                                         r  NIM_BLOCK/U11/bit_ptr_reg[0]/CE
  -------------------------------------------------------------------    -------------------

                         (clock DAC_IN_CLK rise edge)
                                                     80.000    80.000 r  
    BUFGCTRL_X0Y5        BUFG                         0.000    80.000 r  DAC_CLK_bufg/O
                         net (fo=26, routed)          1.137    81.137    NIM_BLOCK/U11/clock
    SLICE_X42Y174        FDSE                                         r  NIM_BLOCK/U11/bit_ptr_reg[0]/C
                         clock pessimism              0.086    81.223    
                         clock uncertainty           -0.071    81.152    
    SLICE_X42Y174        FDSE (Setup_fdse_C_CE)      -0.178    80.974    NIM_BLOCK/U11/bit_ptr_reg[0]
  -------------------------------------------------------------------
                         required time                         80.974    
                         arrival time                          -2.448    
  -------------------------------------------------------------------
                         slack                                 78.526    





Min Delay Paths
--------------------------------------------------------------------------------------
Slack (MET) :             0.200ns  (arrival time - required time)
  Source:                 NIM_BLOCK/U11/bit_ptr_reg[0]/C
                            (rising edge-triggered cell FDSE clocked by DAC_IN_CLK  {rise@0.000ns fall@40.000ns period=80.000ns})
  Destination:            NIM_BLOCK/U11/bit_ptr_reg[3]/D
                            (rising edge-triggered cell FDSE clocked by DAC_IN_CLK  {rise@0.000ns fall@40.000ns period=80.000ns})
  Path Group:             DAC_IN_CLK
  Path Type:              Hold (Min at Fast Process Corner)
  Requirement:            0.000ns  (DAC_IN_CLK rise@0.000ns - DAC_IN_CLK rise@0.000ns)
  Data Path Delay:        0.287ns  (logic 0.146ns (50.932%)  route 0.141ns (49.068%))
  Logic Levels:           1  (LUT5=1)
  Clock Path Skew:        0.000ns (DCD - SCD - CPR)
    Destination Clock Delay (DCD):    0.761ns
    Source Clock Delay      (SCD):    0.565ns
    Clock Pessimism Removal (CPR):    0.196ns

    Location             Delay type                Incr(ns)  Path(ns)    Netlist Resource(s)
  -------------------------------------------------------------------    -------------------
                         (clock DAC_IN_CLK rise edge)
                                                      0.000     0.000 r  
    BUFGCTRL_X0Y5        BUFG                         0.000     0.000 r  DAC_CLK_bufg/O
                         net (fo=26, routed)          0.565     0.565    NIM_BLOCK/U11/clock
    SLICE_X42Y174        FDSE                                         r  NIM_BLOCK/U11/bit_ptr_reg[0]/C
  -------------------------------------------------------------------    -------------------
    SLICE_X42Y174        FDSE (Prop_fdse_C_Q)         0.118     0.683 r  NIM_BLOCK/U11/bit_ptr_reg[0]/Q
                         net (fo=9, routed)           0.141     0.824    NIM_BLOCK/U11/bit_ptr[0]
    SLICE_X42Y174        LUT5 (Prop_lut5_I2_O)        0.028     0.852 r  NIM_BLOCK/U11/bit_ptr[3]_i_2/O
                         net (fo=1, routed)           0.000     0.852    NIM_BLOCK/U11/bit_ptr[3]_i_2_n_321
    SLICE_X42Y174        FDSE                                         r  NIM_BLOCK/U11/bit_ptr_reg[3]/D
  -------------------------------------------------------------------    -------------------

                         (clock DAC_IN_CLK rise edge)
                                                      0.000     0.000 r  
    BUFGCTRL_X0Y5        BUFG                         0.000     0.000 r  DAC_CLK_bufg/O
                         net (fo=26, routed)          0.761     0.761    NIM_BLOCK/U11/clock
    SLICE_X42Y174        FDSE                                         r  NIM_BLOCK/U11/bit_ptr_reg[3]/C
                         clock pessimism             -0.196     0.565    
    SLICE_X42Y174        FDSE (Hold_fdse_C_D)         0.087     0.652    NIM_BLOCK/U11/bit_ptr_reg[3]
  -------------------------------------------------------------------
                         required time                         -0.652    
                         arrival time                           0.852    
  -------------------------------------------------------------------
                         slack                                  0.200    

Slack (MET) :             0.201ns  (arrival time - required time)
  Source:                 NIM_BLOCK/U11/bit_ptr_reg[0]/C
                            (rising edge-triggered cell FDSE clocked by DAC_IN_CLK  {rise@0.000ns fall@40.000ns period=80.000ns})
  Destination:            NIM_BLOCK/U11/bit_ptr_reg[2]/D
                            (rising edge-triggered cell FDSE clocked by DAC_IN_CLK  {rise@0.000ns fall@40.000ns period=80.000ns})
  Path Group:             DAC_IN_CLK
  Path Type:              Hold (Min at Fast Process Corner)
  Requirement:            0.000ns  (DAC_IN_CLK rise@0.000ns - DAC_IN_CLK rise@0.000ns)
  Data Path Delay:        0.288ns  (logic 0.146ns (50.755%)  route 0.142ns (49.245%))
  Logic Levels:           1  (LUT4=1)
  Clock Path Skew:        0.000ns (DCD - SCD - CPR)
    Destination Clock Delay (DCD):    0.761ns
    Source Clock Delay      (SCD):    0.565ns
    Clock Pessimism Removal (CPR):    0.196ns

    Location             Delay type                Incr(ns)  Path(ns)    Netlist Resource(s)
  -------------------------------------------------------------------    -------------------
                         (clock DAC_IN_CLK rise edge)
                                                      0.000     0.000 r  
    BUFGCTRL_X0Y5        BUFG                         0.000     0.000 r  DAC_CLK_bufg/O
                         net (fo=26, routed)          0.565     0.565    NIM_BLOCK/U11/clock
    SLICE_X42Y174        FDSE                                         r  NIM_BLOCK/U11/bit_ptr_reg[0]/C
  -------------------------------------------------------------------    -------------------
    SLICE_X42Y174        FDSE (Prop_fdse_C_Q)         0.118     0.683 r  NIM_BLOCK/U11/bit_ptr_reg[0]/Q
                         net (fo=9, routed)           0.142     0.825    NIM_BLOCK/U11/bit_ptr[0]
    SLICE_X42Y174        LUT4 (Prop_lut4_I3_O)        0.028     0.853 r  NIM_BLOCK/U11/bit_ptr[2]_i_1/O
                         net (fo=1, routed)           0.000     0.853    NIM_BLOCK/U11/bit_ptr[2]_i_1_n_321
    SLICE_X42Y174        FDSE                                         r  NIM_BLOCK/U11/bit_ptr_reg[2]/D
  -------------------------------------------------------------------    -------------------

                         (clock DAC_IN_CLK rise edge)
                                                      0.000     0.000 r  
    BUFGCTRL_X0Y5        BUFG                         0.000     0.000 r  DAC_CLK_bufg/O
                         net (fo=26, routed)          0.761     0.761    NIM_BLOCK/U11/clock
    SLICE_X42Y174        FDSE                                         r  NIM_BLOCK/U11/bit_ptr_reg[2]/C
                         clock pessimism             -0.196     0.565    
    SLICE_X42Y174        FDSE (Hold_fdse_C_D)         0.087     0.652    NIM_BLOCK/U11/bit_ptr_reg[2]
  -------------------------------------------------------------------
                         required time                         -0.652    
                         arrival time                           0.853    
  -------------------------------------------------------------------
                         slack                                  0.201    

Slack (MET) :             0.204ns  (arrival time - required time)
  Source:                 NIM_BLOCK/U11/int_dac_out_reg/C
                            (rising edge-triggered cell FDRE clocked by DAC_IN_CLK  {rise@0.000ns fall@40.000ns period=80.000ns})
  Destination:            NIM_BLOCK/U11/int_dac_out_reg/D
                            (rising edge-triggered cell FDRE clocked by DAC_IN_CLK  {rise@0.000ns fall@40.000ns period=80.000ns})
  Path Group:             DAC_IN_CLK
  Path Type:              Hold (Min at Fast Process Corner)
  Requirement:            0.000ns  (DAC_IN_CLK rise@0.000ns - DAC_IN_CLK rise@0.000ns)
  Data Path Delay:        0.264ns  (logic 0.128ns (48.477%)  route 0.136ns (51.523%))
  Logic Levels:           1  (LUT6=1)
  Clock Path Skew:        0.000ns (DCD - SCD - CPR)
    Destination Clock Delay (DCD):    0.761ns
    Source Clock Delay      (SCD):    0.565ns
    Clock Pessimism Removal (CPR):    0.196ns

    Location             Delay type                Incr(ns)  Path(ns)    Netlist Resource(s)
  -------------------------------------------------------------------    -------------------
                         (clock DAC_IN_CLK rise edge)
                                                      0.000     0.000 r  
    BUFGCTRL_X0Y5        BUFG                         0.000     0.000 r  DAC_CLK_bufg/O
                         net (fo=26, routed)          0.565     0.565    NIM_BLOCK/U11/clock
    SLICE_X43Y175        FDRE                                         r  NIM_BLOCK/U11/int_dac_out_reg/C
  -------------------------------------------------------------------    -------------------
    SLICE_X43Y175        FDRE (Prop_fdre_C_Q)         0.100     0.665 r  NIM_BLOCK/U11/int_dac_out_reg/Q
                         net (fo=2, routed)           0.136     0.801    NIM_BLOCK/U11/dac_out
    SLICE_X43Y175        LUT6 (Prop_lut6_I5_O)        0.028     0.829 r  NIM_BLOCK/U11/int_dac_out_i_1/O
                         net (fo=1, routed)           0.000     0.829    NIM_BLOCK/U11/int_dac_out_i_1_n_321
    SLICE_X43Y175        FDRE                                         r  NIM_BLOCK/U11/int_dac_out_reg/D
  -------------------------------------------------------------------    -------------------

                         (clock DAC_IN_CLK rise edge)
                                                      0.000     0.000 r  
    BUFGCTRL_X0Y5        BUFG                         0.000     0.000 r  DAC_CLK_bufg/O
                         net (fo=26, routed)          0.761     0.761    NIM_BLOCK/U11/clock
    SLICE_X43Y175        FDRE                                         r  NIM_BLOCK/U11/int_dac_out_reg/C
                         clock pessimism             -0.196     0.565    
    SLICE_X43Y175        FDRE (Hold_fdre_C_D)         0.060     0.625    NIM_BLOCK/U11/int_dac_out_reg
  -------------------------------------------------------------------
                         required time                         -0.625    
                         arrival time                           0.829    
  -------------------------------------------------------------------
                         slack                                  0.204    

Slack (MET) :             0.207ns  (arrival time - required time)
  Source:                 NIM_BLOCK/U11/FSM_sequential_Sreg0_reg[0]/C
                            (rising edge-triggered cell FDRE clocked by DAC_IN_CLK  {rise@0.000ns fall@40.000ns period=80.000ns})
  Destination:            NIM_BLOCK/U11/int_sync_reg/D
                            (rising edge-triggered cell FDSE clocked by DAC_IN_CLK  {rise@0.000ns fall@40.000ns period=80.000ns})
  Path Group:             DAC_IN_CLK
  Path Type:              Hold (Min at Fast Process Corner)
  Requirement:            0.000ns  (DAC_IN_CLK rise@0.000ns - DAC_IN_CLK rise@0.000ns)
  Data Path Delay:        0.268ns  (logic 0.128ns (47.779%)  route 0.140ns (52.221%))
  Logic Levels:           1  (LUT6=1)
  Clock Path Skew:        0.000ns (DCD - SCD - CPR)
    Destination Clock Delay (DCD):    0.764ns
    Source Clock Delay      (SCD):    0.567ns
    Clock Pessimism Removal (CPR):    0.197ns

    Location             Delay type                Incr(ns)  Path(ns)    Netlist Resource(s)
  -------------------------------------------------------------------    -------------------
                         (clock DAC_IN_CLK rise edge)
                                                      0.000     0.000 r  
    BUFGCTRL_X0Y5        BUFG                         0.000     0.000 r  DAC_CLK_bufg/O
                         net (fo=26, routed)          0.567     0.567    NIM_BLOCK/U11/clock
    SLICE_X41Y173        FDRE                                         r  NIM_BLOCK/U11/FSM_sequential_Sreg0_reg[0]/C
  -------------------------------------------------------------------    -------------------
    SLICE_X41Y173        FDRE (Prop_fdre_C_Q)         0.100     0.667 r  NIM_BLOCK/U11/FSM_sequential_Sreg0_reg[0]/Q
                         net (fo=9, routed)           0.140     0.807    NIM_BLOCK/U11/Sreg0[0]
    SLICE_X41Y173        LUT6 (Prop_lut6_I0_O)        0.028     0.835 r  NIM_BLOCK/U11/int_sync_i_1/O
                         net (fo=1, routed)           0.000     0.835    NIM_BLOCK/U11/int_sync_i_1_n_321
    SLICE_X41Y173        FDSE                                         r  NIM_BLOCK/U11/int_sync_reg/D
  -------------------------------------------------------------------    -------------------

                         (clock DAC_IN_CLK rise edge)
                                                      0.000     0.000 r  
    BUFGCTRL_X0Y5        BUFG                         0.000     0.000 r  DAC_CLK_bufg/O
                         net (fo=26, routed)          0.764     0.764    NIM_BLOCK/U11/clock
    SLICE_X41Y173        FDSE                                         r  NIM_BLOCK/U11/int_sync_reg/C
                         clock pessimism             -0.197     0.567    
    SLICE_X41Y173        FDSE (Hold_fdse_C_D)         0.061     0.628    NIM_BLOCK/U11/int_sync_reg
  -------------------------------------------------------------------
                         required time                         -0.628    
                         arrival time                           0.835    
  -------------------------------------------------------------------
                         slack                                  0.207    

Slack (MET) :             0.212ns  (arrival time - required time)
  Source:                 NIM_BLOCK/U11/FSM_sequential_Sreg0_reg[0]/C
                            (rising edge-triggered cell FDRE clocked by DAC_IN_CLK  {rise@0.000ns fall@40.000ns period=80.000ns})
  Destination:            NIM_BLOCK/U11/FSM_sequential_Sreg0_reg[0]/D
                            (rising edge-triggered cell FDRE clocked by DAC_IN_CLK  {rise@0.000ns fall@40.000ns period=80.000ns})
  Path Group:             DAC_IN_CLK
  Path Type:              Hold (Min at Fast Process Corner)
  Requirement:            0.000ns  (DAC_IN_CLK rise@0.000ns - DAC_IN_CLK rise@0.000ns)
  Data Path Delay:        0.272ns  (logic 0.128ns (47.105%)  route 0.144ns (52.895%))
  Logic Levels:           1  (LUT5=1)
  Clock Path Skew:        0.000ns (DCD - SCD - CPR)
    Destination Clock Delay (DCD):    0.764ns
    Source Clock Delay      (SCD):    0.567ns
    Clock Pessimism Removal (CPR):    0.197ns

    Location             Delay type                Incr(ns)  Path(ns)    Netlist Resource(s)
  -------------------------------------------------------------------    -------------------
                         (clock DAC_IN_CLK rise edge)
                                                      0.000     0.000 r  
    BUFGCTRL_X0Y5        BUFG                         0.000     0.000 r  DAC_CLK_bufg/O
                         net (fo=26, routed)          0.567     0.567    NIM_BLOCK/U11/clock
    SLICE_X41Y173        FDRE                                         r  NIM_BLOCK/U11/FSM_sequential_Sreg0_reg[0]/C
  -------------------------------------------------------------------    -------------------
    SLICE_X41Y173        FDRE (Prop_fdre_C_Q)         0.100     0.667 r  NIM_BLOCK/U11/FSM_sequential_Sreg0_reg[0]/Q
                         net (fo=9, routed)           0.144     0.811    NIM_BLOCK/U11/Sreg0[0]
    SLICE_X41Y173        LUT5 (Prop_lut5_I0_O)        0.028     0.839 r  NIM_BLOCK/U11/FSM_sequential_Sreg0[0]_i_1/O
                         net (fo=1, routed)           0.000     0.839    NIM_BLOCK/U11/FSM_sequential_Sreg0[0]_i_1_n_321
    SLICE_X41Y173        FDRE                                         r  NIM_BLOCK/U11/FSM_sequential_Sreg0_reg[0]/D
  -------------------------------------------------------------------    -------------------

                         (clock DAC_IN_CLK rise edge)
                                                      0.000     0.000 r  
    BUFGCTRL_X0Y5        BUFG                         0.000     0.000 r  DAC_CLK_bufg/O
                         net (fo=26, routed)          0.764     0.764    NIM_BLOCK/U11/clock
    SLICE_X41Y173        FDRE                                         r  NIM_BLOCK/U11/FSM_sequential_Sreg0_reg[0]/C
                         clock pessimism             -0.197     0.567    
    SLICE_X41Y173        FDRE (Hold_fdre_C_D)         0.060     0.627    NIM_BLOCK/U11/FSM_sequential_Sreg0_reg[0]
  -------------------------------------------------------------------
                         required time                         -0.627    
                         arrival time                           0.839    
  -------------------------------------------------------------------
                         slack                                  0.212    

Slack (MET) :             0.222ns  (arrival time - required time)
  Source:                 NIM_BLOCK/U11/FSM_sequential_Sreg0_reg[2]/C
                            (rising edge-triggered cell FDRE clocked by DAC_IN_CLK  {rise@0.000ns fall@40.000ns period=80.000ns})
  Destination:            NIM_BLOCK/U11/bit_ptr_reg[0]/D
                            (rising edge-triggered cell FDSE clocked by DAC_IN_CLK  {rise@0.000ns fall@40.000ns period=80.000ns})
  Path Group:             DAC_IN_CLK
  Path Type:              Hold (Min at Fast Process Corner)
  Requirement:            0.000ns  (DAC_IN_CLK rise@0.000ns - DAC_IN_CLK rise@0.000ns)
  Data Path Delay:        0.337ns  (logic 0.146ns (43.321%)  route 0.191ns (56.679%))
  Logic Levels:           1  (LUT2=1)
  Clock Path Skew:        0.028ns (DCD - SCD - CPR)
    Destination Clock Delay (DCD):    0.761ns
    Source Clock Delay      (SCD):    0.565ns
    Clock Pessimism Removal (CPR):    0.168ns

    Location             Delay type                Incr(ns)  Path(ns)    Netlist Resource(s)
  -------------------------------------------------------------------    -------------------
                         (clock DAC_IN_CLK rise edge)
                                                      0.000     0.000 r  
    BUFGCTRL_X0Y5        BUFG                         0.000     0.000 r  DAC_CLK_bufg/O
                         net (fo=26, routed)          0.565     0.565    NIM_BLOCK/U11/clock
    SLICE_X42Y175        FDRE                                         r  NIM_BLOCK/U11/FSM_sequential_Sreg0_reg[2]/C
  -------------------------------------------------------------------    -------------------
    SLICE_X42Y175        FDRE (Prop_fdre_C_Q)         0.118     0.683 r  NIM_BLOCK/U11/FSM_sequential_Sreg0_reg[2]/Q
                         net (fo=12, routed)          0.191     0.874    NIM_BLOCK/U11/Sreg0[2]
    SLICE_X42Y174        LUT2 (Prop_lut2_I0_O)        0.028     0.902 r  NIM_BLOCK/U11/bit_ptr[0]_i_1/O
                         net (fo=1, routed)           0.000     0.902    NIM_BLOCK/U11/bit_ptr[0]_i_1_n_321
    SLICE_X42Y174        FDSE                                         r  NIM_BLOCK/U11/bit_ptr_reg[0]/D
  -------------------------------------------------------------------    -------------------

                         (clock DAC_IN_CLK rise edge)
                                                      0.000     0.000 r  
    BUFGCTRL_X0Y5        BUFG                         0.000     0.000 r  DAC_CLK_bufg/O
                         net (fo=26, routed)          0.761     0.761    NIM_BLOCK/U11/clock
    SLICE_X42Y174        FDSE                                         r  NIM_BLOCK/U11/bit_ptr_reg[0]/C
                         clock pessimism             -0.168     0.593    
    SLICE_X42Y174        FDSE (Hold_fdse_C_D)         0.087     0.680    NIM_BLOCK/U11/bit_ptr_reg[0]
  -------------------------------------------------------------------
                         required time                         -0.680    
                         arrival time                           0.902    
  -------------------------------------------------------------------
                         slack                                  0.222    

Slack (MET) :             0.224ns  (arrival time - required time)
  Source:                 NIM_BLOCK/U11/FSM_sequential_Sreg0_reg[2]/C
                            (rising edge-triggered cell FDRE clocked by DAC_IN_CLK  {rise@0.000ns fall@40.000ns period=80.000ns})
  Destination:            NIM_BLOCK/U11/bit_ptr_reg[1]/D
                            (rising edge-triggered cell FDSE clocked by DAC_IN_CLK  {rise@0.000ns fall@40.000ns period=80.000ns})
  Path Group:             DAC_IN_CLK
  Path Type:              Hold (Min at Fast Process Corner)
  Requirement:            0.000ns  (DAC_IN_CLK rise@0.000ns - DAC_IN_CLK rise@0.000ns)
  Data Path Delay:        0.339ns  (logic 0.146ns (43.066%)  route 0.193ns (56.934%))
  Logic Levels:           1  (LUT3=1)
  Clock Path Skew:        0.028ns (DCD - SCD - CPR)
    Destination Clock Delay (DCD):    0.761ns
    Source Clock Delay      (SCD):    0.565ns
    Clock Pessimism Removal (CPR):    0.168ns

    Location             Delay type                Incr(ns)  Path(ns)    Netlist Resource(s)
  -------------------------------------------------------------------    -------------------
                         (clock DAC_IN_CLK rise edge)
                                                      0.000     0.000 r  
    BUFGCTRL_X0Y5        BUFG                         0.000     0.000 r  DAC_CLK_bufg/O
                         net (fo=26, routed)          0.565     0.565    NIM_BLOCK/U11/clock
    SLICE_X42Y175        FDRE                                         r  NIM_BLOCK/U11/FSM_sequential_Sreg0_reg[2]/C
  -------------------------------------------------------------------    -------------------
    SLICE_X42Y175        FDRE (Prop_fdre_C_Q)         0.118     0.683 r  NIM_BLOCK/U11/FSM_sequential_Sreg0_reg[2]/Q
                         net (fo=12, routed)          0.193     0.876    NIM_BLOCK/U11/Sreg0[2]
    SLICE_X42Y174        LUT3 (Prop_lut3_I0_O)        0.028     0.904 r  NIM_BLOCK/U11/bit_ptr[1]_i_1/O
                         net (fo=1, routed)           0.000     0.904    NIM_BLOCK/U11/bit_ptr[1]_i_1_n_321
    SLICE_X42Y174        FDSE                                         r  NIM_BLOCK/U11/bit_ptr_reg[1]/D
  -------------------------------------------------------------------    -------------------

                         (clock DAC_IN_CLK rise edge)
                                                      0.000     0.000 r  
    BUFGCTRL_X0Y5        BUFG                         0.000     0.000 r  DAC_CLK_bufg/O
                         net (fo=26, routed)          0.761     0.761    NIM_BLOCK/U11/clock
    SLICE_X42Y174        FDSE                                         r  NIM_BLOCK/U11/bit_ptr_reg[1]/C
                         clock pessimism             -0.168     0.593    
    SLICE_X42Y174        FDSE (Hold_fdse_C_D)         0.087     0.680    NIM_BLOCK/U11/bit_ptr_reg[1]
  -------------------------------------------------------------------
                         required time                         -0.680    
                         arrival time                           0.904    
  -------------------------------------------------------------------
                         slack                                  0.224    

Slack (MET) :             0.232ns  (arrival time - required time)
  Source:                 NIM_BLOCK/U11/FSM_sequential_Sreg0_reg[2]/C
                            (rising edge-triggered cell FDRE clocked by DAC_IN_CLK  {rise@0.000ns fall@40.000ns period=80.000ns})
  Destination:            NIM_BLOCK/U11/FSM_sequential_Sreg0_reg[1]/D
                            (rising edge-triggered cell FDRE clocked by DAC_IN_CLK  {rise@0.000ns fall@40.000ns period=80.000ns})
  Path Group:             DAC_IN_CLK
  Path Type:              Hold (Min at Fast Process Corner)
  Requirement:            0.000ns  (DAC_IN_CLK rise@0.000ns - DAC_IN_CLK rise@0.000ns)
  Data Path Delay:        0.319ns  (logic 0.146ns (45.798%)  route 0.173ns (54.202%))
  Logic Levels:           1  (LUT6=1)
  Clock Path Skew:        0.000ns (DCD - SCD - CPR)
    Destination Clock Delay (DCD):    0.761ns
    Source Clock Delay      (SCD):    0.565ns
    Clock Pessimism Removal (CPR):    0.196ns

    Location             Delay type                Incr(ns)  Path(ns)    Netlist Resource(s)
  -------------------------------------------------------------------    -------------------
                         (clock DAC_IN_CLK rise edge)
                                                      0.000     0.000 r  
    BUFGCTRL_X0Y5        BUFG                         0.000     0.000 r  DAC_CLK_bufg/O
                         net (fo=26, routed)          0.565     0.565    NIM_BLOCK/U11/clock
    SLICE_X42Y175        FDRE                                         r  NIM_BLOCK/U11/FSM_sequential_Sreg0_reg[2]/C
  -------------------------------------------------------------------    -------------------
    SLICE_X42Y175        FDRE (Prop_fdre_C_Q)         0.118     0.683 r  NIM_BLOCK/U11/FSM_sequential_Sreg0_reg[2]/Q
                         net (fo=12, routed)          0.173     0.856    NIM_BLOCK/U11/Sreg0[2]
    SLICE_X42Y175        LUT6 (Prop_lut6_I5_O)        0.028     0.884 r  NIM_BLOCK/U11/FSM_sequential_Sreg0[1]_i_1/O
                         net (fo=1, routed)           0.000     0.884    NIM_BLOCK/U11/FSM_sequential_Sreg0[1]_i_1_n_321
    SLICE_X42Y175        FDRE                                         r  NIM_BLOCK/U11/FSM_sequential_Sreg0_reg[1]/D
  -------------------------------------------------------------------    -------------------

                         (clock DAC_IN_CLK rise edge)
                                                      0.000     0.000 r  
    BUFGCTRL_X0Y5        BUFG                         0.000     0.000 r  DAC_CLK_bufg/O
                         net (fo=26, routed)          0.761     0.761    NIM_BLOCK/U11/clock
    SLICE_X42Y175        FDRE                                         r  NIM_BLOCK/U11/FSM_sequential_Sreg0_reg[1]/C
                         clock pessimism             -0.196     0.565    
    SLICE_X42Y175        FDRE (Hold_fdre_C_D)         0.087     0.652    NIM_BLOCK/U11/FSM_sequential_Sreg0_reg[1]
  -------------------------------------------------------------------
                         required time                         -0.652    
                         arrival time                           0.884    
  -------------------------------------------------------------------
                         slack                                  0.232    

Slack (MET) :             0.232ns  (arrival time - required time)
  Source:                 NIM_BLOCK/U11/FSM_sequential_Sreg0_reg[2]/C
                            (rising edge-triggered cell FDRE clocked by DAC_IN_CLK  {rise@0.000ns fall@40.000ns period=80.000ns})
  Destination:            NIM_BLOCK/U11/FSM_sequential_Sreg0_reg[2]/D
                            (rising edge-triggered cell FDRE clocked by DAC_IN_CLK  {rise@0.000ns fall@40.000ns period=80.000ns})
  Path Group:             DAC_IN_CLK
  Path Type:              Hold (Min at Fast Process Corner)
  Requirement:            0.000ns  (DAC_IN_CLK rise@0.000ns - DAC_IN_CLK rise@0.000ns)
  Data Path Delay:        0.319ns  (logic 0.146ns (45.798%)  route 0.173ns (54.202%))
  Logic Levels:           1  (LUT6=1)
  Clock Path Skew:        0.000ns (DCD - SCD - CPR)
    Destination Clock Delay (DCD):    0.761ns
    Source Clock Delay      (SCD):    0.565ns
    Clock Pessimism Removal (CPR):    0.196ns

    Location             Delay type                Incr(ns)  Path(ns)    Netlist Resource(s)
  -------------------------------------------------------------------    -------------------
                         (clock DAC_IN_CLK rise edge)
                                                      0.000     0.000 r  
    BUFGCTRL_X0Y5        BUFG                         0.000     0.000 r  DAC_CLK_bufg/O
                         net (fo=26, routed)          0.565     0.565    NIM_BLOCK/U11/clock
    SLICE_X42Y175        FDRE                                         r  NIM_BLOCK/U11/FSM_sequential_Sreg0_reg[2]/C
  -------------------------------------------------------------------    -------------------
    SLICE_X42Y175        FDRE (Prop_fdre_C_Q)         0.118     0.683 r  NIM_BLOCK/U11/FSM_sequential_Sreg0_reg[2]/Q
                         net (fo=12, routed)          0.173     0.856    NIM_BLOCK/U11/Sreg0[2]
    SLICE_X42Y175        LUT6 (Prop_lut6_I5_O)        0.028     0.884 r  NIM_BLOCK/U11/FSM_sequential_Sreg0[2]_i_1/O
                         net (fo=1, routed)           0.000     0.884    NIM_BLOCK/U11/FSM_sequential_Sreg0[2]_i_1_n_321
    SLICE_X42Y175        FDRE                                         r  NIM_BLOCK/U11/FSM_sequential_Sreg0_reg[2]/D
  -------------------------------------------------------------------    -------------------

                         (clock DAC_IN_CLK rise edge)
                                                      0.000     0.000 r  
    BUFGCTRL_X0Y5        BUFG                         0.000     0.000 r  DAC_CLK_bufg/O
                         net (fo=26, routed)          0.761     0.761    NIM_BLOCK/U11/clock
    SLICE_X42Y175        FDRE                                         r  NIM_BLOCK/U11/FSM_sequential_Sreg0_reg[2]/C
                         clock pessimism             -0.196     0.565    
    SLICE_X42Y175        FDRE (Hold_fdre_C_D)         0.087     0.652    NIM_BLOCK/U11/FSM_sequential_Sreg0_reg[2]
  -------------------------------------------------------------------
                         required time                         -0.652    
                         arrival time                           0.884    
  -------------------------------------------------------------------
                         slack                                  0.232    

Slack (MET) :             0.255ns  (arrival time - required time)
  Source:                 NIM_BLOCK/U11/int_sclk_reg/C
                            (rising edge-triggered cell FDRE clocked by DAC_IN_CLK  {rise@0.000ns fall@40.000ns period=80.000ns})
  Destination:            NIM_BLOCK/U11/int_sclk_reg/D
                            (rising edge-triggered cell FDRE clocked by DAC_IN_CLK  {rise@0.000ns fall@40.000ns period=80.000ns})
  Path Group:             DAC_IN_CLK
  Path Type:              Hold (Min at Fast Process Corner)
  Requirement:            0.000ns  (DAC_IN_CLK rise@0.000ns - DAC_IN_CLK rise@0.000ns)
  Data Path Delay:        0.315ns  (logic 0.128ns (40.642%)  route 0.187ns (59.358%))
  Logic Levels:           1  (LUT6=1)
  Clock Path Skew:        0.000ns (DCD - SCD - CPR)
    Destination Clock Delay (DCD):    0.764ns
    Source Clock Delay      (SCD):    0.567ns
    Clock Pessimism Removal (CPR):    0.197ns

    Location             Delay type                Incr(ns)  Path(ns)    Netlist Resource(s)
  -------------------------------------------------------------------    -------------------
                         (clock DAC_IN_CLK rise edge)
                                                      0.000     0.000 r  
    BUFGCTRL_X0Y5        BUFG                         0.000     0.000 r  DAC_CLK_bufg/O
                         net (fo=26, routed)          0.567     0.567    NIM_BLOCK/U11/clock
    SLICE_X41Y173        FDRE                                         r  NIM_BLOCK/U11/int_sclk_reg/C
  -------------------------------------------------------------------    -------------------
    SLICE_X41Y173        FDRE (Prop_fdre_C_Q)         0.100     0.667 r  NIM_BLOCK/U11/int_sclk_reg/Q
                         net (fo=2, routed)           0.187     0.854    NIM_BLOCK/U11/sclk
    SLICE_X41Y173        LUT6 (Prop_lut6_I5_O)        0.028     0.882 r  NIM_BLOCK/U11/int_sclk_i_1/O
                         net (fo=1, routed)           0.000     0.882    NIM_BLOCK/U11/int_sclk_i_1_n_321
    SLICE_X41Y173        FDRE                                         r  NIM_BLOCK/U11/int_sclk_reg/D
  -------------------------------------------------------------------    -------------------

                         (clock DAC_IN_CLK rise edge)
                                                      0.000     0.000 r  
    BUFGCTRL_X0Y5        BUFG                         0.000     0.000 r  DAC_CLK_bufg/O
                         net (fo=26, routed)          0.764     0.764    NIM_BLOCK/U11/clock
    SLICE_X41Y173        FDRE                                         r  NIM_BLOCK/U11/int_sclk_reg/C
                         clock pessimism             -0.197     0.567    
    SLICE_X41Y173        FDRE (Hold_fdre_C_D)         0.060     0.627    NIM_BLOCK/U11/int_sclk_reg
  -------------------------------------------------------------------
                         required time                         -0.627    
                         arrival time                           0.882    
  -------------------------------------------------------------------
                         slack                                  0.255    





Pulse Width Checks
--------------------------------------------------------------------------------------
Clock Name:         DAC_IN_CLK
Waveform(ns):       { 0.000 40.000 }
Period(ns):         80.000
Sources:            { DAC_CLK_bufg/O }

Check Type        Corner  Lib Pin  Reference Pin  Required(ns)  Actual(ns)  Slack(ns)  Location       Pin
Min Period        n/a     FDRE/C   n/a            0.750         80.000      79.250     SLICE_X50Y175  NIM_BLOCK/U11/data_reg_reg[13]/C
Min Period        n/a     FDRE/C   n/a            0.750         80.000      79.250     SLICE_X46Y177  NIM_BLOCK/U11/data_reg_reg[4]/C
Min Period        n/a     FDRE/C   n/a            0.750         80.000      79.250     SLICE_X46Y177  NIM_BLOCK/U11/data_reg_reg[5]/C
Min Period        n/a     FDRE/C   n/a            0.750         80.000      79.250     SLICE_X46Y177  NIM_BLOCK/U11/data_reg_reg[6]/C
Min Period        n/a     FDRE/C   n/a            0.750         80.000      79.250     SLICE_X46Y177  NIM_BLOCK/U11/data_reg_reg[7]/C
Min Period        n/a     FDRE/C   n/a            0.750         80.000      79.250     SLICE_X50Y175  NIM_BLOCK/U11/data_reg_reg[9]/C
Min Period        n/a     FDRE/C   n/a            0.700         80.000      79.300     SLICE_X41Y173  NIM_BLOCK/U11/FSM_sequential_Sreg0_reg[0]/C
Min Period        n/a     FDRE/C   n/a            0.700         80.000      79.300     SLICE_X42Y175  NIM_BLOCK/U11/FSM_sequential_Sreg0_reg[1]/C
Min Period        n/a     FDRE/C   n/a            0.700         80.000      79.300     SLICE_X42Y175  NIM_BLOCK/U11/FSM_sequential_Sreg0_reg[2]/C
Min Period        n/a     FDSE/C   n/a            0.700         80.000      79.300     SLICE_X42Y174  NIM_BLOCK/U11/bit_ptr_reg[0]/C
Low Pulse Width   Slow    FDRE/C   n/a            0.400         40.000      39.600     SLICE_X50Y175  NIM_BLOCK/U11/data_reg_reg[13]/C
Low Pulse Width   Fast    FDRE/C   n/a            0.400         40.000      39.600     SLICE_X50Y175  NIM_BLOCK/U11/data_reg_reg[13]/C
Low Pulse Width   Slow    FDRE/C   n/a            0.400         40.000      39.600     SLICE_X46Y177  NIM_BLOCK/U11/data_reg_reg[4]/C
Low Pulse Width   Fast    FDRE/C   n/a            0.400         40.000      39.600     SLICE_X46Y177  NIM_BLOCK/U11/data_reg_reg[4]/C
Low Pulse Width   Slow    FDRE/C   n/a            0.400         40.000      39.600     SLICE_X46Y177  NIM_BLOCK/U11/data_reg_reg[5]/C
Low Pulse Width   Fast    FDRE/C   n/a            0.400         40.000      39.600     SLICE_X46Y177  NIM_BLOCK/U11/data_reg_reg[5]/C
Low Pulse Width   Slow    FDRE/C   n/a            0.400         40.000      39.600     SLICE_X46Y177  NIM_BLOCK/U11/data_reg_reg[6]/C
Low Pulse Width   Fast    FDRE/C   n/a            0.400         40.000      39.600     SLICE_X46Y177  NIM_BLOCK/U11/data_reg_reg[6]/C
Low Pulse Width   Slow    FDRE/C   n/a            0.400         40.000      39.600     SLICE_X46Y177  NIM_BLOCK/U11/data_reg_reg[7]/C
Low Pulse Width   Fast    FDRE/C   n/a            0.400         40.000      39.600     SLICE_X46Y177  NIM_BLOCK/U11/data_reg_reg[7]/C
High Pulse Width  Slow    FDRE/C   n/a            0.350         40.000      39.650     SLICE_X41Y173  NIM_BLOCK/U11/FSM_sequential_Sreg0_reg[0]/C
High Pulse Width  Fast    FDRE/C   n/a            0.350         40.000      39.650     SLICE_X41Y173  NIM_BLOCK/U11/FSM_sequential_Sreg0_reg[0]/C
High Pulse Width  Slow    FDRE/C   n/a            0.350         40.000      39.650     SLICE_X42Y175  NIM_BLOCK/U11/FSM_sequential_Sreg0_reg[1]/C
High Pulse Width  Fast    FDRE/C   n/a            0.350         40.000      39.650     SLICE_X42Y175  NIM_BLOCK/U11/FSM_sequential_Sreg0_reg[1]/C
High Pulse Width  Slow    FDRE/C   n/a            0.350         40.000      39.650     SLICE_X42Y175  NIM_BLOCK/U11/FSM_sequential_Sreg0_reg[2]/C
High Pulse Width  Fast    FDRE/C   n/a            0.350         40.000      39.650     SLICE_X42Y175  NIM_BLOCK/U11/FSM_sequential_Sreg0_reg[2]/C
High Pulse Width  Slow    FDSE/C   n/a            0.350         40.000      39.650     SLICE_X42Y174  NIM_BLOCK/U11/bit_ptr_reg[0]/C
High Pulse Width  Fast    FDSE/C   n/a            0.350         40.000      39.650     SLICE_X42Y174  NIM_BLOCK/U11/bit_ptr_reg[0]/C
High Pulse Width  Slow    FDSE/C   n/a            0.350         40.000      39.650     SLICE_X42Y174  NIM_BLOCK/U11/bit_ptr_reg[1]/C
High Pulse Width  Fast    FDSE/C   n/a            0.350         40.000      39.650     SLICE_X42Y174  NIM_BLOCK/U11/bit_ptr_reg[1]/C



---------------------------------------------------------------------------------------------------
From Clock:  PHY_RXCLK
  To Clock:  PHY_RXCLK

Setup :            0  Failing Endpoints,  Worst Slack        1.850ns,  Total Violation        0.000ns
Hold  :            0  Failing Endpoints,  Worst Slack        0.047ns,  Total Violation        0.000ns
PW    :            0  Failing Endpoints,  Worst Slack        2.000ns,  Total Violation        0.000ns
---------------------------------------------------------------------------------------------------


Max Delay Paths
--------------------------------------------------------------------------------------
Slack (MET) :             1.850ns  (required time - arrival time)
  Source:                 eth_interface/data_manager_blk/RAM_COMM_DEC/ram_addr_sig_reg[1]/C
                            (rising edge-triggered cell FDRE clocked by PHY_RXCLK  {rise@0.000ns fall@4.000ns period=8.000ns})
  Destination:            NIM_BLOCK/U328/d_reg_reg[14]/D
                            (rising edge-triggered cell FDRE clocked by PHY_RXCLK  {rise@0.000ns fall@4.000ns period=8.000ns})
  Path Group:             PHY_RXCLK
  Path Type:              Setup (Max at Slow Process Corner)
  Requirement:            8.000ns  (PHY_RXCLK rise@8.000ns - PHY_RXCLK rise@0.000ns)
  Data Path Delay:        6.034ns  (logic 0.638ns (10.574%)  route 5.396ns (89.426%))
  Logic Levels:           5  (LUT3=1 LUT5=2 MUXF7=1 MUXF8=1)
  Clock Path Skew:        -0.145ns (DCD - SCD + CPR)
    Destination Clock Delay (DCD):    4.150ns = ( 12.150 - 8.000 ) 
    Source Clock Delay      (SCD):    4.537ns
    Clock Pessimism Removal (CPR):    0.242ns
  Clock Uncertainty:      0.035ns  ((TSJ^2 + TIJ^2)^1/2 + DJ) / 2 + PE
    Total System Jitter     (TSJ):    0.071ns
    Total Input Jitter      (TIJ):    0.000ns
    Discrete Jitter          (DJ):    0.000ns
    Phase Error              (PE):    0.000ns

    Location             Delay type                Incr(ns)  Path(ns)    Netlist Resource(s)
  -------------------------------------------------------------------    -------------------
                         (clock PHY_RXCLK rise edge)
                                                      0.000     0.000 r  
    T26                                               0.000     0.000 r  PHY_RXCLK (IN)
                         net (fo=0)                   0.000     0.000    PHY_RXCLK
    T26                  IBUF (Prop_ibuf_I_O)         1.251     1.251 r  PHY_RXCLK_IBUF_inst/O
                         net (fo=1, routed)           1.973     3.224    PHY_RXCLK_IBUF
    BUFGCTRL_X0Y0        BUFG (Prop_bufg_I_O)         0.093     3.317 r  IBUF_PHY_RXCLK/O
                         net (fo=6559, routed)        1.220     4.537    eth_interface/data_manager_blk/RAM_COMM_DEC/clock
    SLICE_X94Y171        FDRE                                         r  eth_interface/data_manager_blk/RAM_COMM_DEC/ram_addr_sig_reg[1]/C
  -------------------------------------------------------------------    -------------------
    SLICE_X94Y171        FDRE (Prop_fdre_C_Q)         0.259     4.796 r  eth_interface/data_manager_blk/RAM_COMM_DEC/ram_addr_sig_reg[1]/Q
                         net (fo=647, routed)         4.159     8.954    NIM_BLOCK/U322/U1/addr[1]
    SLICE_X36Y205        LUT5 (Prop_lut5_I1_O)        0.043     8.997 r  NIM_BLOCK/U322/U1/read_data_out[14]_INST_0_i_11/O
                         net (fo=1, routed)           0.000     8.997    NIM_BLOCK/U322/U1/read_data_out[14]_INST_0_i_11_n_321
    SLICE_X36Y205        MUXF7 (Prop_muxf7_I1_O)      0.122     9.119 r  NIM_BLOCK/U322/U1/read_data_out[14]_INST_0_i_4/O
                         net (fo=1, routed)           0.000     9.119    NIM_BLOCK/U322/U1/read_data_out[14]_INST_0_i_4_n_321
    SLICE_X36Y205        MUXF8 (Prop_muxf8_I0_O)      0.045     9.164 r  NIM_BLOCK/U322/U1/read_data_out[14]_INST_0_i_1/O
                         net (fo=1, routed)           0.457     9.622    NIM_BLOCK/U322/U1/read_data_out[14]_INST_0_i_1_n_321
    SLICE_X43Y204        LUT5 (Prop_lut5_I0_O)        0.126     9.748 r  NIM_BLOCK/U322/U1/read_data_out[14]_INST_0/O
                         net (fo=1, routed)           0.780    10.528    NIM_BLOCK/U327/in_1[14]
    SLICE_X54Y203        LUT3 (Prop_lut3_I0_O)        0.043    10.571 r  NIM_BLOCK/U327/out64[14]_INST_0/O
                         net (fo=1, routed)           0.000    10.571    NIM_BLOCK/U328/d[14]
    SLICE_X54Y203        FDRE                                         r  NIM_BLOCK/U328/d_reg_reg[14]/D
  -------------------------------------------------------------------    -------------------

                         (clock PHY_RXCLK rise edge)
                                                      8.000     8.000 r  
    T26                                               0.000     8.000 r  PHY_RXCLK (IN)
                         net (fo=0)                   0.000     8.000    PHY_RXCLK
    T26                  IBUF (Prop_ibuf_I_O)         1.138     9.138 r  PHY_RXCLK_IBUF_inst/O
                         net (fo=1, routed)           1.854    10.992    PHY_RXCLK_IBUF
    BUFGCTRL_X0Y0        BUFG (Prop_bufg_I_O)         0.083    11.075 r  IBUF_PHY_RXCLK/O
                         net (fo=6559, routed)        1.075    12.150    NIM_BLOCK/U328/clk
    SLICE_X54Y203        FDRE                                         r  NIM_BLOCK/U328/d_reg_reg[14]/C
                         clock pessimism              0.242    12.392    
                         clock uncertainty           -0.035    12.356    
    SLICE_X54Y203        FDRE (Setup_fdre_C_D)        0.064    12.420    NIM_BLOCK/U328/d_reg_reg[14]
  -------------------------------------------------------------------
                         required time                         12.420    
                         arrival time                         -10.571    
  -------------------------------------------------------------------
                         slack                                  1.850    

Slack (MET) :             1.854ns  (required time - arrival time)
  Source:                 eth_interface/data_manager_blk/RAM_COMM_DEC/ram_addr_sig_reg[1]/C
                            (rising edge-triggered cell FDRE clocked by PHY_RXCLK  {rise@0.000ns fall@4.000ns period=8.000ns})
  Destination:            NIM_BLOCK/U328/d_reg_reg[53]/D
                            (rising edge-triggered cell FDRE clocked by PHY_RXCLK  {rise@0.000ns fall@4.000ns period=8.000ns})
  Path Group:             PHY_RXCLK
  Path Type:              Setup (Max at Slow Process Corner)
  Requirement:            8.000ns  (PHY_RXCLK rise@8.000ns - PHY_RXCLK rise@0.000ns)
  Data Path Delay:        6.050ns  (logic 0.635ns (10.496%)  route 5.415ns (89.504%))
  Logic Levels:           5  (LUT3=2 LUT5=1 MUXF7=1 MUXF8=1)
  Clock Path Skew:        -0.147ns (DCD - SCD + CPR)
    Destination Clock Delay (DCD):    4.148ns = ( 12.148 - 8.000 ) 
    Source Clock Delay      (SCD):    4.537ns
    Clock Pessimism Removal (CPR):    0.242ns
  Clock Uncertainty:      0.035ns  ((TSJ^2 + TIJ^2)^1/2 + DJ) / 2 + PE
    Total System Jitter     (TSJ):    0.071ns
    Total Input Jitter      (TIJ):    0.000ns
    Discrete Jitter          (DJ):    0.000ns
    Phase Error              (PE):    0.000ns

    Location             Delay type                Incr(ns)  Path(ns)    Netlist Resource(s)
  -------------------------------------------------------------------    -------------------
                         (clock PHY_RXCLK rise edge)
                                                      0.000     0.000 r  
    T26                                               0.000     0.000 r  PHY_RXCLK (IN)
                         net (fo=0)                   0.000     0.000    PHY_RXCLK
    T26                  IBUF (Prop_ibuf_I_O)         1.251     1.251 r  PHY_RXCLK_IBUF_inst/O
                         net (fo=1, routed)           1.973     3.224    PHY_RXCLK_IBUF
    BUFGCTRL_X0Y0        BUFG (Prop_bufg_I_O)         0.093     3.317 r  IBUF_PHY_RXCLK/O
                         net (fo=6559, routed)        1.220     4.537    eth_interface/data_manager_blk/RAM_COMM_DEC/clock
    SLICE_X94Y171        FDRE                                         r  eth_interface/data_manager_blk/RAM_COMM_DEC/ram_addr_sig_reg[1]/C
  -------------------------------------------------------------------    -------------------
    SLICE_X94Y171        FDRE (Prop_fdre_C_Q)         0.259     4.796 r  eth_interface/data_manager_blk/RAM_COMM_DEC/ram_addr_sig_reg[1]/Q
                         net (fo=647, routed)         4.049     8.845    NIM_BLOCK/U322/U1/addr[1]
    SLICE_X54Y223        LUT5 (Prop_lut5_I1_O)        0.043     8.888 r  NIM_BLOCK/U322/U1/read_data_out[53]_INST_0_i_10/O
                         net (fo=1, routed)           0.000     8.888    NIM_BLOCK/U322/U1/read_data_out[53]_INST_0_i_10_n_321
    SLICE_X54Y223        MUXF7 (Prop_muxf7_I0_O)      0.115     9.003 r  NIM_BLOCK/U322/U1/read_data_out[53]_INST_0_i_4/O
                         net (fo=1, routed)           0.000     9.003    NIM_BLOCK/U322/U1/read_data_out[53]_INST_0_i_4_n_321
    SLICE_X54Y223        MUXF8 (Prop_muxf8_I0_O)      0.046     9.049 r  NIM_BLOCK/U322/U1/read_data_out[53]_INST_0_i_1/O
                         net (fo=1, routed)           0.700     9.749    NIM_BLOCK/U322/U1/read_data_out[53]_INST_0_i_1_n_321
    SLICE_X60Y214        LUT3 (Prop_lut3_I0_O)        0.125     9.874 r  NIM_BLOCK/U322/U1/read_data_out[53]_INST_0/O
                         net (fo=1, routed)           0.665    10.539    NIM_BLOCK/U327/in_1[53]
    SLICE_X62Y207        LUT3 (Prop_lut3_I0_O)        0.047    10.586 r  NIM_BLOCK/U327/out64[53]_INST_0/O
                         net (fo=1, routed)           0.000    10.586    NIM_BLOCK/U328/d[53]
    SLICE_X62Y207        FDRE                                         r  NIM_BLOCK/U328/d_reg_reg[53]/D
  -------------------------------------------------------------------    -------------------

                         (clock PHY_RXCLK rise edge)
                                                      8.000     8.000 r  
    T26                                               0.000     8.000 r  PHY_RXCLK (IN)
                         net (fo=0)                   0.000     8.000    PHY_RXCLK
    T26                  IBUF (Prop_ibuf_I_O)         1.138     9.138 r  PHY_RXCLK_IBUF_inst/O
                         net (fo=1, routed)           1.854    10.992    PHY_RXCLK_IBUF
    BUFGCTRL_X0Y0        BUFG (Prop_bufg_I_O)         0.083    11.075 r  IBUF_PHY_RXCLK/O
                         net (fo=6559, routed)        1.073    12.148    NIM_BLOCK/U328/clk
    SLICE_X62Y207        FDRE                                         r  NIM_BLOCK/U328/d_reg_reg[53]/C
                         clock pessimism              0.242    12.390    
                         clock uncertainty           -0.035    12.354    
    SLICE_X62Y207        FDRE (Setup_fdre_C_D)        0.086    12.440    NIM_BLOCK/U328/d_reg_reg[53]
  -------------------------------------------------------------------
                         required time                         12.440    
                         arrival time                         -10.586    
  -------------------------------------------------------------------
                         slack                                  1.854    

Slack (MET) :             1.892ns  (required time - arrival time)
  Source:                 eth_interface/ec_wrapper/ethernet_controller/DecipherBlock/FSM_sequential_Sreg0_reg[4]/C
                            (rising edge-triggered cell FDRE clocked by PHY_RXCLK  {rise@0.000ns fall@4.000ns period=8.000ns})
  Destination:            eth_interface/ec_wrapper/ethernet_controller/DecipherBlock/udp_dest_ip_reg[2]/D
                            (rising edge-triggered cell FDRE clocked by PHY_RXCLK  {rise@0.000ns fall@4.000ns period=8.000ns})
  Path Group:             PHY_RXCLK
  Path Type:              Setup (Max at Slow Process Corner)
  Requirement:            8.000ns  (PHY_RXCLK rise@8.000ns - PHY_RXCLK rise@0.000ns)
  Data Path Delay:        6.071ns  (logic 0.352ns (5.798%)  route 5.719ns (94.202%))
  Logic Levels:           3  (LUT5=1 LUT6=2)
  Clock Path Skew:        -0.065ns (DCD - SCD + CPR)
    Destination Clock Delay (DCD):    4.154ns = ( 12.154 - 8.000 ) 
    Source Clock Delay      (SCD):    4.554ns
    Clock Pessimism Removal (CPR):    0.335ns
  Clock Uncertainty:      0.035ns  ((TSJ^2 + TIJ^2)^1/2 + DJ) / 2 + PE
    Total System Jitter     (TSJ):    0.071ns
    Total Input Jitter      (TIJ):    0.000ns
    Discrete Jitter          (DJ):    0.000ns
    Phase Error              (PE):    0.000ns

    Location             Delay type                Incr(ns)  Path(ns)    Netlist Resource(s)
  -------------------------------------------------------------------    -------------------
                         (clock PHY_RXCLK rise edge)
                                                      0.000     0.000 r  
    T26                                               0.000     0.000 r  PHY_RXCLK (IN)
                         net (fo=0)                   0.000     0.000    PHY_RXCLK
    T26                  IBUF (Prop_ibuf_I_O)         1.251     1.251 r  PHY_RXCLK_IBUF_inst/O
                         net (fo=1, routed)           1.973     3.224    PHY_RXCLK_IBUF
    BUFGCTRL_X0Y0        BUFG (Prop_bufg_I_O)         0.093     3.317 r  IBUF_PHY_RXCLK/O
                         net (fo=6559, routed)        1.237     4.554    eth_interface/ec_wrapper/ethernet_controller/DecipherBlock/clk
    SLICE_X109Y203       FDRE                                         r  eth_interface/ec_wrapper/ethernet_controller/DecipherBlock/FSM_sequential_Sreg0_reg[4]/C
  -------------------------------------------------------------------    -------------------
    SLICE_X109Y203       FDRE (Prop_fdre_C_Q)         0.223     4.777 r  eth_interface/ec_wrapper/ethernet_controller/DecipherBlock/FSM_sequential_Sreg0_reg[4]/Q
                         net (fo=306, routed)         4.797     9.574    eth_interface/ec_wrapper/ethernet_controller/DecipherBlock/Sreg0[4]
    SLICE_X93Y217        LUT6 (Prop_lut6_I1_O)        0.043     9.617 f  eth_interface/ec_wrapper/ethernet_controller/DecipherBlock/udp_dest_ip[7]_i_3/O
                         net (fo=8, routed)           0.678    10.295    eth_interface/ec_wrapper/ethernet_controller/DecipherBlock/udp_dest_ip[7]_i_3_n_321
    SLICE_X90Y216        LUT5 (Prop_lut5_I1_O)        0.043    10.338 r  eth_interface/ec_wrapper/ethernet_controller/DecipherBlock/udp_dest_ip[2]_i_2/O
                         net (fo=1, routed)           0.244    10.582    eth_interface/ec_wrapper/ethernet_controller/DecipherBlock/udp_dest_ip[2]_i_2_n_321
    SLICE_X90Y216        LUT6 (Prop_lut6_I4_O)        0.043    10.625 r  eth_interface/ec_wrapper/ethernet_controller/DecipherBlock/udp_dest_ip[2]_i_1/O
                         net (fo=1, routed)           0.000    10.625    eth_interface/ec_wrapper/ethernet_controller/DecipherBlock/udp_dest_ip[2]_i_1_n_321
    SLICE_X90Y216        FDRE                                         r  eth_interface/ec_wrapper/ethernet_controller/DecipherBlock/udp_dest_ip_reg[2]/D
  -------------------------------------------------------------------    -------------------

                         (clock PHY_RXCLK rise edge)
                                                      8.000     8.000 r  
    T26                                               0.000     8.000 r  PHY_RXCLK (IN)
                         net (fo=0)                   0.000     8.000    PHY_RXCLK
    T26                  IBUF (Prop_ibuf_I_O)         1.138     9.138 r  PHY_RXCLK_IBUF_inst/O
                         net (fo=1, routed)           1.854    10.992    PHY_RXCLK_IBUF
    BUFGCTRL_X0Y0        BUFG (Prop_bufg_I_O)         0.083    11.075 r  IBUF_PHY_RXCLK/O
                         net (fo=6559, routed)        1.079    12.154    eth_interface/ec_wrapper/ethernet_controller/DecipherBlock/clk
    SLICE_X90Y216        FDRE                                         r  eth_interface/ec_wrapper/ethernet_controller/DecipherBlock/udp_dest_ip_reg[2]/C
                         clock pessimism              0.335    12.489    
                         clock uncertainty           -0.035    12.453    
    SLICE_X90Y216        FDRE (Setup_fdre_C_D)        0.064    12.517    eth_interface/ec_wrapper/ethernet_controller/DecipherBlock/udp_dest_ip_reg[2]
  -------------------------------------------------------------------
                         required time                         12.517    
                         arrival time                         -10.625    
  -------------------------------------------------------------------
                         slack                                  1.892    

Slack (MET) :             1.935ns  (required time - arrival time)
  Source:                 eth_interface/data_manager_blk/RAM_COMM_DEC/ram_addr_sig_reg[1]/C
                            (rising edge-triggered cell FDRE clocked by PHY_RXCLK  {rise@0.000ns fall@4.000ns period=8.000ns})
  Destination:            NIM_BLOCK/U328/d_reg_reg[54]/D
                            (rising edge-triggered cell FDRE clocked by PHY_RXCLK  {rise@0.000ns fall@4.000ns period=8.000ns})
  Path Group:             PHY_RXCLK
  Path Type:              Setup (Max at Slow Process Corner)
  Requirement:            8.000ns  (PHY_RXCLK rise@8.000ns - PHY_RXCLK rise@0.000ns)
  Data Path Delay:        5.918ns  (logic 0.636ns (10.746%)  route 5.282ns (89.254%))
  Logic Levels:           5  (LUT3=2 LUT5=1 MUXF7=1 MUXF8=1)
  Clock Path Skew:        -0.145ns (DCD - SCD + CPR)
    Destination Clock Delay (DCD):    4.150ns = ( 12.150 - 8.000 ) 
    Source Clock Delay      (SCD):    4.537ns
    Clock Pessimism Removal (CPR):    0.242ns
  Clock Uncertainty:      0.035ns  ((TSJ^2 + TIJ^2)^1/2 + DJ) / 2 + PE
    Total System Jitter     (TSJ):    0.071ns
    Total Input Jitter      (TIJ):    0.000ns
    Discrete Jitter          (DJ):    0.000ns
    Phase Error              (PE):    0.000ns

    Location             Delay type                Incr(ns)  Path(ns)    Netlist Resource(s)
  -------------------------------------------------------------------    -------------------
                         (clock PHY_RXCLK rise edge)
                                                      0.000     0.000 r  
    T26                                               0.000     0.000 r  PHY_RXCLK (IN)
                         net (fo=0)                   0.000     0.000    PHY_RXCLK
    T26                  IBUF (Prop_ibuf_I_O)         1.251     1.251 r  PHY_RXCLK_IBUF_inst/O
                         net (fo=1, routed)           1.973     3.224    PHY_RXCLK_IBUF
    BUFGCTRL_X0Y0        BUFG (Prop_bufg_I_O)         0.093     3.317 r  IBUF_PHY_RXCLK/O
                         net (fo=6559, routed)        1.220     4.537    eth_interface/data_manager_blk/RAM_COMM_DEC/clock
    SLICE_X94Y171        FDRE                                         r  eth_interface/data_manager_blk/RAM_COMM_DEC/ram_addr_sig_reg[1]/C
  -------------------------------------------------------------------    -------------------
    SLICE_X94Y171        FDRE (Prop_fdre_C_Q)         0.259     4.796 r  eth_interface/data_manager_blk/RAM_COMM_DEC/ram_addr_sig_reg[1]/Q
                         net (fo=647, routed)         3.691     8.487    NIM_BLOCK/U322/U1/addr[1]
    SLICE_X51Y223        LUT5 (Prop_lut5_I1_O)        0.043     8.530 r  NIM_BLOCK/U322/U1/read_data_out[54]_INST_0_i_10/O
                         net (fo=1, routed)           0.000     8.530    NIM_BLOCK/U322/U1/read_data_out[54]_INST_0_i_10_n_321
    SLICE_X51Y223        MUXF7 (Prop_muxf7_I0_O)      0.120     8.650 r  NIM_BLOCK/U322/U1/read_data_out[54]_INST_0_i_4/O
                         net (fo=1, routed)           0.000     8.650    NIM_BLOCK/U322/U1/read_data_out[54]_INST_0_i_4_n_321
    SLICE_X51Y223        MUXF8 (Prop_muxf8_I0_O)      0.045     8.695 r  NIM_BLOCK/U322/U1/read_data_out[54]_INST_0_i_1/O
                         net (fo=1, routed)           0.828     9.523    NIM_BLOCK/U322/U1/read_data_out[54]_INST_0_i_1_n_321
    SLICE_X60Y214        LUT3 (Prop_lut3_I0_O)        0.126     9.649 r  NIM_BLOCK/U322/U1/read_data_out[54]_INST_0/O
                         net (fo=1, routed)           0.763    10.412    NIM_BLOCK/U327/in_1[54]
    SLICE_X61Y202        LUT3 (Prop_lut3_I0_O)        0.043    10.455 r  NIM_BLOCK/U327/out64[54]_INST_0/O
                         net (fo=1, routed)           0.000    10.455    NIM_BLOCK/U328/d[54]
    SLICE_X61Y202        FDRE                                         r  NIM_BLOCK/U328/d_reg_reg[54]/D
  -------------------------------------------------------------------    -------------------

                         (clock PHY_RXCLK rise edge)
                                                      8.000     8.000 r  
    T26                                               0.000     8.000 r  PHY_RXCLK (IN)
                         net (fo=0)                   0.000     8.000    PHY_RXCLK
    T26                  IBUF (Prop_ibuf_I_O)         1.138     9.138 r  PHY_RXCLK_IBUF_inst/O
                         net (fo=1, routed)           1.854    10.992    PHY_RXCLK_IBUF
    BUFGCTRL_X0Y0        BUFG (Prop_bufg_I_O)         0.083    11.075 r  IBUF_PHY_RXCLK/O
                         net (fo=6559, routed)        1.075    12.150    NIM_BLOCK/U328/clk
    SLICE_X61Y202        FDRE                                         r  NIM_BLOCK/U328/d_reg_reg[54]/C
                         clock pessimism              0.242    12.392    
                         clock uncertainty           -0.035    12.356    
    SLICE_X61Y202        FDRE (Setup_fdre_C_D)        0.034    12.390    NIM_BLOCK/U328/d_reg_reg[54]
  -------------------------------------------------------------------
                         required time                         12.390    
                         arrival time                         -10.455    
  -------------------------------------------------------------------
                         slack                                  1.935    

Slack (MET) :             1.950ns  (required time - arrival time)
  Source:                 eth_interface/data_manager_blk/RAM_COMM_DEC/ram_addr_sig_reg[1]/C
                            (rising edge-triggered cell FDRE clocked by PHY_RXCLK  {rise@0.000ns fall@4.000ns period=8.000ns})
  Destination:            eth_interface/internal_eth_dout_reg[13]/D
                            (rising edge-triggered cell FDRE clocked by PHY_RXCLK  {rise@0.000ns fall@4.000ns period=8.000ns})
  Path Group:             PHY_RXCLK
  Path Type:              Setup (Max at Slow Process Corner)
  Requirement:            8.000ns  (PHY_RXCLK rise@8.000ns - PHY_RXCLK rise@0.000ns)
  Data Path Delay:        5.928ns  (logic 0.388ns (6.545%)  route 5.540ns (93.455%))
  Logic Levels:           3  (LUT4=1 LUT6=2)
  Clock Path Skew:        -0.150ns (DCD - SCD + CPR)
    Destination Clock Delay (DCD):    4.145ns = ( 12.145 - 8.000 ) 
    Source Clock Delay      (SCD):    4.537ns
    Clock Pessimism Removal (CPR):    0.242ns
  Clock Uncertainty:      0.035ns  ((TSJ^2 + TIJ^2)^1/2 + DJ) / 2 + PE
    Total System Jitter     (TSJ):    0.071ns
    Total Input Jitter      (TIJ):    0.000ns
    Discrete Jitter          (DJ):    0.000ns
    Phase Error              (PE):    0.000ns

    Location             Delay type                Incr(ns)  Path(ns)    Netlist Resource(s)
  -------------------------------------------------------------------    -------------------
                         (clock PHY_RXCLK rise edge)
                                                      0.000     0.000 r  
    T26                                               0.000     0.000 r  PHY_RXCLK (IN)
                         net (fo=0)                   0.000     0.000    PHY_RXCLK
    T26                  IBUF (Prop_ibuf_I_O)         1.251     1.251 r  PHY_RXCLK_IBUF_inst/O
                         net (fo=1, routed)           1.973     3.224    PHY_RXCLK_IBUF
    BUFGCTRL_X0Y0        BUFG (Prop_bufg_I_O)         0.093     3.317 r  IBUF_PHY_RXCLK/O
                         net (fo=6559, routed)        1.220     4.537    eth_interface/data_manager_blk/RAM_COMM_DEC/clock
    SLICE_X94Y171        FDRE                                         r  eth_interface/data_manager_blk/RAM_COMM_DEC/ram_addr_sig_reg[1]/C
  -------------------------------------------------------------------    -------------------
    SLICE_X94Y171        FDRE (Prop_fdre_C_Q)         0.259     4.796 r  eth_interface/data_manager_blk/RAM_COMM_DEC/ram_addr_sig_reg[1]/Q
                         net (fo=647, routed)         4.486     9.282    eth_interface/rx_addr[1]
    SLICE_X81Y209        LUT6 (Prop_lut6_I0_O)        0.043     9.325 r  eth_interface/internal_eth_dout[13]_i_11/O
                         net (fo=1, routed)           0.533     9.858    eth_interface/internal_eth_dout[13]_i_11_n_321
    SLICE_X81Y207        LUT4 (Prop_lut4_I2_O)        0.043     9.901 f  eth_interface/internal_eth_dout[13]_i_4/O
                         net (fo=1, routed)           0.521    10.422    eth_interface/internal_eth_dout[13]_i_4_n_321
    SLICE_X74Y208        LUT6 (Prop_lut6_I5_O)        0.043    10.465 r  eth_interface/internal_eth_dout[13]_i_1/O
                         net (fo=1, routed)           0.000    10.465    eth_interface/internal_eth_dout[13]_i_1_n_321
    SLICE_X74Y208        FDRE                                         r  eth_interface/internal_eth_dout_reg[13]/D
  -------------------------------------------------------------------    -------------------

                         (clock PHY_RXCLK rise edge)
                                                      8.000     8.000 r  
    T26                                               0.000     8.000 r  PHY_RXCLK (IN)
                         net (fo=0)                   0.000     8.000    PHY_RXCLK
    T26                  IBUF (Prop_ibuf_I_O)         1.138     9.138 r  PHY_RXCLK_IBUF_inst/O
                         net (fo=1, routed)           1.854    10.992    PHY_RXCLK_IBUF
    BUFGCTRL_X0Y0        BUFG (Prop_bufg_I_O)         0.083    11.075 r  IBUF_PHY_RXCLK/O
                         net (fo=6559, routed)        1.070    12.145    eth_interface/MASTER_CLK
    SLICE_X74Y208        FDRE                                         r  eth_interface/internal_eth_dout_reg[13]/C
                         clock pessimism              0.242    12.387    
                         clock uncertainty           -0.035    12.351    
    SLICE_X74Y208        FDRE (Setup_fdre_C_D)        0.064    12.415    eth_interface/internal_eth_dout_reg[13]
  -------------------------------------------------------------------
                         required time                         12.415    
                         arrival time                         -10.465    
  -------------------------------------------------------------------
                         slack                                  1.950    

Slack (MET) :             1.955ns  (required time - arrival time)
  Source:                 eth_interface/ec_wrapper/ethernet_controller/DecipherBlock/FSM_sequential_Sreg0_reg[4]/C
                            (rising edge-triggered cell FDRE clocked by PHY_RXCLK  {rise@0.000ns fall@4.000ns period=8.000ns})
  Destination:            eth_interface/ec_wrapper/ethernet_controller/DecipherBlock/udp_dest_ip_reg[1]/D
                            (rising edge-triggered cell FDRE clocked by PHY_RXCLK  {rise@0.000ns fall@4.000ns period=8.000ns})
  Path Group:             PHY_RXCLK
  Path Type:              Setup (Max at Slow Process Corner)
  Requirement:            8.000ns  (PHY_RXCLK rise@8.000ns - PHY_RXCLK rise@0.000ns)
  Data Path Delay:        5.975ns  (logic 0.352ns (5.891%)  route 5.623ns (94.109%))
  Logic Levels:           3  (LUT5=1 LUT6=2)
  Clock Path Skew:        -0.067ns (DCD - SCD + CPR)
    Destination Clock Delay (DCD):    4.152ns = ( 12.152 - 8.000 ) 
    Source Clock Delay      (SCD):    4.554ns
    Clock Pessimism Removal (CPR):    0.335ns
  Clock Uncertainty:      0.035ns  ((TSJ^2 + TIJ^2)^1/2 + DJ) / 2 + PE
    Total System Jitter     (TSJ):    0.071ns
    Total Input Jitter      (TIJ):    0.000ns
    Discrete Jitter          (DJ):    0.000ns
    Phase Error              (PE):    0.000ns

    Location             Delay type                Incr(ns)  Path(ns)    Netlist Resource(s)
  -------------------------------------------------------------------    -------------------
                         (clock PHY_RXCLK rise edge)
                                                      0.000     0.000 r  
    T26                                               0.000     0.000 r  PHY_RXCLK (IN)
                         net (fo=0)                   0.000     0.000    PHY_RXCLK
    T26                  IBUF (Prop_ibuf_I_O)         1.251     1.251 r  PHY_RXCLK_IBUF_inst/O
                         net (fo=1, routed)           1.973     3.224    PHY_RXCLK_IBUF
    BUFGCTRL_X0Y0        BUFG (Prop_bufg_I_O)         0.093     3.317 r  IBUF_PHY_RXCLK/O
                         net (fo=6559, routed)        1.237     4.554    eth_interface/ec_wrapper/ethernet_controller/DecipherBlock/clk
    SLICE_X109Y203       FDRE                                         r  eth_interface/ec_wrapper/ethernet_controller/DecipherBlock/FSM_sequential_Sreg0_reg[4]/C
  -------------------------------------------------------------------    -------------------
    SLICE_X109Y203       FDRE (Prop_fdre_C_Q)         0.223     4.777 r  eth_interface/ec_wrapper/ethernet_controller/DecipherBlock/FSM_sequential_Sreg0_reg[4]/Q
                         net (fo=306, routed)         4.797     9.574    eth_interface/ec_wrapper/ethernet_controller/DecipherBlock/Sreg0[4]
    SLICE_X93Y217        LUT6 (Prop_lut6_I1_O)        0.043     9.617 f  eth_interface/ec_wrapper/ethernet_controller/DecipherBlock/udp_dest_ip[7]_i_3/O
                         net (fo=8, routed)           0.472    10.088    eth_interface/ec_wrapper/ethernet_controller/DecipherBlock/udp_dest_ip[7]_i_3_n_321
    SLICE_X89Y218        LUT5 (Prop_lut5_I1_O)        0.043    10.131 r  eth_interface/ec_wrapper/ethernet_controller/DecipherBlock/udp_dest_ip[1]_i_2/O
                         net (fo=1, routed)           0.355    10.486    eth_interface/ec_wrapper/ethernet_controller/DecipherBlock/udp_dest_ip[1]_i_2_n_321
    SLICE_X89Y218        LUT6 (Prop_lut6_I4_O)        0.043    10.529 r  eth_interface/ec_wrapper/ethernet_controller/DecipherBlock/udp_dest_ip[1]_i_1/O
                         net (fo=1, routed)           0.000    10.529    eth_interface/ec_wrapper/ethernet_controller/DecipherBlock/udp_dest_ip[1]_i_1_n_321
    SLICE_X89Y218        FDRE                                         r  eth_interface/ec_wrapper/ethernet_controller/DecipherBlock/udp_dest_ip_reg[1]/D
  -------------------------------------------------------------------    -------------------

                         (clock PHY_RXCLK rise edge)
                                                      8.000     8.000 r  
    T26                                               0.000     8.000 r  PHY_RXCLK (IN)
                         net (fo=0)                   0.000     8.000    PHY_RXCLK
    T26                  IBUF (Prop_ibuf_I_O)         1.138     9.138 r  PHY_RXCLK_IBUF_inst/O
                         net (fo=1, routed)           1.854    10.992    PHY_RXCLK_IBUF
    BUFGCTRL_X0Y0        BUFG (Prop_bufg_I_O)         0.083    11.075 r  IBUF_PHY_RXCLK/O
                         net (fo=6559, routed)        1.077    12.152    eth_interface/ec_wrapper/ethernet_controller/DecipherBlock/clk
    SLICE_X89Y218        FDRE                                         r  eth_interface/ec_wrapper/ethernet_controller/DecipherBlock/udp_dest_ip_reg[1]/C
                         clock pessimism              0.335    12.487    
                         clock uncertainty           -0.035    12.451    
    SLICE_X89Y218        FDRE (Setup_fdre_C_D)        0.033    12.484    eth_interface/ec_wrapper/ethernet_controller/DecipherBlock/udp_dest_ip_reg[1]
  -------------------------------------------------------------------
                         required time                         12.484    
                         arrival time                         -10.529    
  -------------------------------------------------------------------
                         slack                                  1.955    

Slack (MET) :             1.962ns  (required time - arrival time)
  Source:                 eth_interface/ec_wrapper/ethernet_controller/DecipherBlock/FSM_sequential_Sreg0_reg[4]/C
                            (rising edge-triggered cell FDRE clocked by PHY_RXCLK  {rise@0.000ns fall@4.000ns period=8.000ns})
  Destination:            eth_interface/ec_wrapper/ethernet_controller/DecipherBlock/udp_dest_ip_reg[0]/D
                            (rising edge-triggered cell FDRE clocked by PHY_RXCLK  {rise@0.000ns fall@4.000ns period=8.000ns})
  Path Group:             PHY_RXCLK
  Path Type:              Setup (Max at Slow Process Corner)
  Requirement:            8.000ns  (PHY_RXCLK rise@8.000ns - PHY_RXCLK rise@0.000ns)
  Data Path Delay:        5.971ns  (logic 0.352ns (5.896%)  route 5.619ns (94.104%))
  Logic Levels:           3  (LUT5=1 LUT6=2)
  Clock Path Skew:        -0.066ns (DCD - SCD + CPR)
    Destination Clock Delay (DCD):    4.153ns = ( 12.153 - 8.000 ) 
    Source Clock Delay      (SCD):    4.554ns
    Clock Pessimism Removal (CPR):    0.335ns
  Clock Uncertainty:      0.035ns  ((TSJ^2 + TIJ^2)^1/2 + DJ) / 2 + PE
    Total System Jitter     (TSJ):    0.071ns
    Total Input Jitter      (TIJ):    0.000ns
    Discrete Jitter          (DJ):    0.000ns
    Phase Error              (PE):    0.000ns

    Location             Delay type                Incr(ns)  Path(ns)    Netlist Resource(s)
  -------------------------------------------------------------------    -------------------
                         (clock PHY_RXCLK rise edge)
                                                      0.000     0.000 r  
    T26                                               0.000     0.000 r  PHY_RXCLK (IN)
                         net (fo=0)                   0.000     0.000    PHY_RXCLK
    T26                  IBUF (Prop_ibuf_I_O)         1.251     1.251 r  PHY_RXCLK_IBUF_inst/O
                         net (fo=1, routed)           1.973     3.224    PHY_RXCLK_IBUF
    BUFGCTRL_X0Y0        BUFG (Prop_bufg_I_O)         0.093     3.317 r  IBUF_PHY_RXCLK/O
                         net (fo=6559, routed)        1.237     4.554    eth_interface/ec_wrapper/ethernet_controller/DecipherBlock/clk
    SLICE_X109Y203       FDRE                                         r  eth_interface/ec_wrapper/ethernet_controller/DecipherBlock/FSM_sequential_Sreg0_reg[4]/C
  -------------------------------------------------------------------    -------------------
    SLICE_X109Y203       FDRE (Prop_fdre_C_Q)         0.223     4.777 r  eth_interface/ec_wrapper/ethernet_controller/DecipherBlock/FSM_sequential_Sreg0_reg[4]/Q
                         net (fo=306, routed)         4.797     9.574    eth_interface/ec_wrapper/ethernet_controller/DecipherBlock/Sreg0[4]
    SLICE_X93Y217        LUT6 (Prop_lut6_I1_O)        0.043     9.617 f  eth_interface/ec_wrapper/ethernet_controller/DecipherBlock/udp_dest_ip[7]_i_3/O
                         net (fo=8, routed)           0.467    10.083    eth_interface/ec_wrapper/ethernet_controller/DecipherBlock/udp_dest_ip[7]_i_3_n_321
    SLICE_X91Y217        LUT5 (Prop_lut5_I1_O)        0.043    10.126 r  eth_interface/ec_wrapper/ethernet_controller/DecipherBlock/udp_dest_ip[0]_i_2/O
                         net (fo=1, routed)           0.355    10.481    eth_interface/ec_wrapper/ethernet_controller/DecipherBlock/udp_dest_ip[0]_i_2_n_321
    SLICE_X91Y217        LUT6 (Prop_lut6_I4_O)        0.043    10.524 r  eth_interface/ec_wrapper/ethernet_controller/DecipherBlock/udp_dest_ip[0]_i_1/O
                         net (fo=1, routed)           0.000    10.524    eth_interface/ec_wrapper/ethernet_controller/DecipherBlock/udp_dest_ip[0]_i_1_n_321
    SLICE_X91Y217        FDRE                                         r  eth_interface/ec_wrapper/ethernet_controller/DecipherBlock/udp_dest_ip_reg[0]/D
  -------------------------------------------------------------------    -------------------

                         (clock PHY_RXCLK rise edge)
                                                      8.000     8.000 r  
    T26                                               0.000     8.000 r  PHY_RXCLK (IN)
                         net (fo=0)                   0.000     8.000    PHY_RXCLK
    T26                  IBUF (Prop_ibuf_I_O)         1.138     9.138 r  PHY_RXCLK_IBUF_inst/O
                         net (fo=1, routed)           1.854    10.992    PHY_RXCLK_IBUF
    BUFGCTRL_X0Y0        BUFG (Prop_bufg_I_O)         0.083    11.075 r  IBUF_PHY_RXCLK/O
                         net (fo=6559, routed)        1.078    12.153    eth_interface/ec_wrapper/ethernet_controller/DecipherBlock/clk
    SLICE_X91Y217        FDRE                                         r  eth_interface/ec_wrapper/ethernet_controller/DecipherBlock/udp_dest_ip_reg[0]/C
                         clock pessimism              0.335    12.488    
                         clock uncertainty           -0.035    12.452    
    SLICE_X91Y217        FDRE (Setup_fdre_C_D)        0.034    12.486    eth_interface/ec_wrapper/ethernet_controller/DecipherBlock/udp_dest_ip_reg[0]
  -------------------------------------------------------------------
                         required time                         12.486    
                         arrival time                         -10.524    
  -------------------------------------------------------------------
                         slack                                  1.962    

Slack (MET) :             1.978ns  (required time - arrival time)
  Source:                 eth_interface/data_manager_blk/RAM_COMM_DEC/ram_addr_sig_reg[3]/C
                            (rising edge-triggered cell FDRE clocked by PHY_RXCLK  {rise@0.000ns fall@4.000ns period=8.000ns})
  Destination:            NIM_BLOCK/U328/d_reg_reg[17]/D
                            (rising edge-triggered cell FDRE clocked by PHY_RXCLK  {rise@0.000ns fall@4.000ns period=8.000ns})
  Path Group:             PHY_RXCLK
  Path Type:              Setup (Max at Slow Process Corner)
  Requirement:            8.000ns  (PHY_RXCLK rise@8.000ns - PHY_RXCLK rise@0.000ns)
  Data Path Delay:        5.929ns  (logic 0.313ns (5.279%)  route 5.616ns (94.721%))
  Logic Levels:           2  (LUT3=1 LUT5=1)
  Clock Path Skew:        -0.144ns (DCD - SCD + CPR)
    Destination Clock Delay (DCD):    4.150ns = ( 12.150 - 8.000 ) 
    Source Clock Delay      (SCD):    4.536ns
    Clock Pessimism Removal (CPR):    0.242ns
  Clock Uncertainty:      0.035ns  ((TSJ^2 + TIJ^2)^1/2 + DJ) / 2 + PE
    Total System Jitter     (TSJ):    0.071ns
    Total Input Jitter      (TIJ):    0.000ns
    Discrete Jitter          (DJ):    0.000ns
    Phase Error              (PE):    0.000ns

    Location             Delay type                Incr(ns)  Path(ns)    Netlist Resource(s)
  -------------------------------------------------------------------    -------------------
                         (clock PHY_RXCLK rise edge)
                                                      0.000     0.000 r  
    T26                                               0.000     0.000 r  PHY_RXCLK (IN)
                         net (fo=0)                   0.000     0.000    PHY_RXCLK
    T26                  IBUF (Prop_ibuf_I_O)         1.251     1.251 r  PHY_RXCLK_IBUF_inst/O
                         net (fo=1, routed)           1.973     3.224    PHY_RXCLK_IBUF
    BUFGCTRL_X0Y0        BUFG (Prop_bufg_I_O)         0.093     3.317 r  IBUF_PHY_RXCLK/O
                         net (fo=6559, routed)        1.219     4.536    eth_interface/data_manager_blk/RAM_COMM_DEC/clock
    SLICE_X95Y172        FDRE                                         r  eth_interface/data_manager_blk/RAM_COMM_DEC/ram_addr_sig_reg[3]/C
  -------------------------------------------------------------------    -------------------
    SLICE_X95Y172        FDRE (Prop_fdre_C_Q)         0.223     4.759 f  eth_interface/data_manager_blk/RAM_COMM_DEC/ram_addr_sig_reg[3]/Q
                         net (fo=295, routed)         4.708     9.467    NIM_BLOCK/U322/U1/addr[3]
    SLICE_X41Y203        LUT5 (Prop_lut5_I3_O)        0.043     9.510 r  NIM_BLOCK/U322/U1/read_data_out[17]_INST_0/O
                         net (fo=1, routed)           0.908    10.417    NIM_BLOCK/U327/in_1[17]
    SLICE_X58Y202        LUT3 (Prop_lut3_I0_O)        0.047    10.464 r  NIM_BLOCK/U327/out64[17]_INST_0/O
                         net (fo=1, routed)           0.000    10.464    NIM_BLOCK/U328/d[17]
    SLICE_X58Y202        FDRE                                         r  NIM_BLOCK/U328/d_reg_reg[17]/D
  -------------------------------------------------------------------    -------------------

                         (clock PHY_RXCLK rise edge)
                                                      8.000     8.000 r  
    T26                                               0.000     8.000 r  PHY_RXCLK (IN)
                         net (fo=0)                   0.000     8.000    PHY_RXCLK
    T26                  IBUF (Prop_ibuf_I_O)         1.138     9.138 r  PHY_RXCLK_IBUF_inst/O
                         net (fo=1, routed)           1.854    10.992    PHY_RXCLK_IBUF
    BUFGCTRL_X0Y0        BUFG (Prop_bufg_I_O)         0.083    11.075 r  IBUF_PHY_RXCLK/O
                         net (fo=6559, routed)        1.075    12.150    NIM_BLOCK/U328/clk
    SLICE_X58Y202        FDRE                                         r  NIM_BLOCK/U328/d_reg_reg[17]/C
                         clock pessimism              0.242    12.392    
                         clock uncertainty           -0.035    12.356    
    SLICE_X58Y202        FDRE (Setup_fdre_C_D)        0.086    12.442    NIM_BLOCK/U328/d_reg_reg[17]
  -------------------------------------------------------------------
                         required time                         12.442    
                         arrival time                         -10.464    
  -------------------------------------------------------------------
                         slack                                  1.978    

Slack (MET) :             2.002ns  (required time - arrival time)
  Source:                 eth_interface/data_manager_blk/RAM_COMM_DEC/ram_addr_sig_reg[1]/C
                            (rising edge-triggered cell FDRE clocked by PHY_RXCLK  {rise@0.000ns fall@4.000ns period=8.000ns})
  Destination:            NIM_BLOCK/U328/d_reg_reg[34]/D
                            (rising edge-triggered cell FDRE clocked by PHY_RXCLK  {rise@0.000ns fall@4.000ns period=8.000ns})
  Path Group:             PHY_RXCLK
  Path Type:              Setup (Max at Slow Process Corner)
  Requirement:            8.000ns  (PHY_RXCLK rise@8.000ns - PHY_RXCLK rise@0.000ns)
  Data Path Delay:        5.878ns  (logic 0.633ns (10.769%)  route 5.245ns (89.231%))
  Logic Levels:           5  (LUT3=2 LUT5=1 MUXF7=1 MUXF8=1)
  Clock Path Skew:        -0.149ns (DCD - SCD + CPR)
    Destination Clock Delay (DCD):    4.146ns = ( 12.146 - 8.000 ) 
    Source Clock Delay      (SCD):    4.537ns
    Clock Pessimism Removal (CPR):    0.242ns
  Clock Uncertainty:      0.035ns  ((TSJ^2 + TIJ^2)^1/2 + DJ) / 2 + PE
    Total System Jitter     (TSJ):    0.071ns
    Total Input Jitter      (TIJ):    0.000ns
    Discrete Jitter          (DJ):    0.000ns
    Phase Error              (PE):    0.000ns

    Location             Delay type                Incr(ns)  Path(ns)    Netlist Resource(s)
  -------------------------------------------------------------------    -------------------
                         (clock PHY_RXCLK rise edge)
                                                      0.000     0.000 r  
    T26                                               0.000     0.000 r  PHY_RXCLK (IN)
                         net (fo=0)                   0.000     0.000    PHY_RXCLK
    T26                  IBUF (Prop_ibuf_I_O)         1.251     1.251 r  PHY_RXCLK_IBUF_inst/O
                         net (fo=1, routed)           1.973     3.224    PHY_RXCLK_IBUF
    BUFGCTRL_X0Y0        BUFG (Prop_bufg_I_O)         0.093     3.317 r  IBUF_PHY_RXCLK/O
                         net (fo=6559, routed)        1.220     4.537    eth_interface/data_manager_blk/RAM_COMM_DEC/clock
    SLICE_X94Y171        FDRE                                         r  eth_interface/data_manager_blk/RAM_COMM_DEC/ram_addr_sig_reg[1]/C
  -------------------------------------------------------------------    -------------------
    SLICE_X94Y171        FDRE (Prop_fdre_C_Q)         0.259     4.796 r  eth_interface/data_manager_blk/RAM_COMM_DEC/ram_addr_sig_reg[1]/Q
                         net (fo=647, routed)         4.154     8.949    NIM_BLOCK/U322/U1/addr[1]
    SLICE_X54Y211        LUT5 (Prop_lut5_I1_O)        0.043     8.992 r  NIM_BLOCK/U322/U1/read_data_out[34]_INST_0_i_11/O
                         net (fo=1, routed)           0.000     8.992    NIM_BLOCK/U322/U1/read_data_out[34]_INST_0_i_11_n_321
    SLICE_X54Y211        MUXF7 (Prop_muxf7_I1_O)      0.117     9.109 r  NIM_BLOCK/U322/U1/read_data_out[34]_INST_0_i_4/O
                         net (fo=1, routed)           0.000     9.109    NIM_BLOCK/U322/U1/read_data_out[34]_INST_0_i_4_n_321
    SLICE_X54Y211        MUXF8 (Prop_muxf8_I0_O)      0.046     9.155 r  NIM_BLOCK/U322/U1/read_data_out[34]_INST_0_i_1/O
                         net (fo=1, routed)           0.643     9.798    NIM_BLOCK/U322/U1/read_data_out[34]_INST_0_i_1_n_321
    SLICE_X62Y209        LUT3 (Prop_lut3_I0_O)        0.125     9.923 r  NIM_BLOCK/U322/U1/read_data_out[34]_INST_0/O
                         net (fo=1, routed)           0.448    10.372    NIM_BLOCK/U327/in_1[34]
    SLICE_X66Y208        LUT3 (Prop_lut3_I0_O)        0.043    10.415 r  NIM_BLOCK/U327/out64[34]_INST_0/O
                         net (fo=1, routed)           0.000    10.415    NIM_BLOCK/U328/d[34]
    SLICE_X66Y208        FDRE                                         r  NIM_BLOCK/U328/d_reg_reg[34]/D
  -------------------------------------------------------------------    -------------------

                         (clock PHY_RXCLK rise edge)
                                                      8.000     8.000 r  
    T26                                               0.000     8.000 r  PHY_RXCLK (IN)
                         net (fo=0)                   0.000     8.000    PHY_RXCLK
    T26                  IBUF (Prop_ibuf_I_O)         1.138     9.138 r  PHY_RXCLK_IBUF_inst/O
                         net (fo=1, routed)           1.854    10.992    PHY_RXCLK_IBUF
    BUFGCTRL_X0Y0        BUFG (Prop_bufg_I_O)         0.083    11.075 r  IBUF_PHY_RXCLK/O
                         net (fo=6559, routed)        1.071    12.146    NIM_BLOCK/U328/clk
    SLICE_X66Y208        FDRE                                         r  NIM_BLOCK/U328/d_reg_reg[34]/C
                         clock pessimism              0.242    12.388    
                         clock uncertainty           -0.035    12.352    
    SLICE_X66Y208        FDRE (Setup_fdre_C_D)        0.064    12.416    NIM_BLOCK/U328/d_reg_reg[34]
  -------------------------------------------------------------------
                         required time                         12.416    
                         arrival time                         -10.415    
  -------------------------------------------------------------------
                         slack                                  2.002    

Slack (MET) :             2.030ns  (required time - arrival time)
  Source:                 eth_interface/data_manager_blk/RAM_COMM_DEC/ram_addr_sig_reg[3]/C
                            (rising edge-triggered cell FDRE clocked by PHY_RXCLK  {rise@0.000ns fall@4.000ns period=8.000ns})
  Destination:            NIM_BLOCK/U328/d_reg_reg[29]/D
                            (rising edge-triggered cell FDRE clocked by PHY_RXCLK  {rise@0.000ns fall@4.000ns period=8.000ns})
  Path Group:             PHY_RXCLK
  Path Type:              Setup (Max at Slow Process Corner)
  Requirement:            8.000ns  (PHY_RXCLK rise@8.000ns - PHY_RXCLK rise@0.000ns)
  Data Path Delay:        5.847ns  (logic 0.541ns (9.253%)  route 5.306ns (90.747%))
  Logic Levels:           3  (LUT3=2 MUXF8=1)
  Clock Path Skew:        -0.146ns (DCD - SCD + CPR)
    Destination Clock Delay (DCD):    4.148ns = ( 12.148 - 8.000 ) 
    Source Clock Delay      (SCD):    4.536ns
    Clock Pessimism Removal (CPR):    0.242ns
  Clock Uncertainty:      0.035ns  ((TSJ^2 + TIJ^2)^1/2 + DJ) / 2 + PE
    Total System Jitter     (TSJ):    0.071ns
    Total Input Jitter      (TIJ):    0.000ns
    Discrete Jitter          (DJ):    0.000ns
    Phase Error              (PE):    0.000ns

    Location             Delay type                Incr(ns)  Path(ns)    Netlist Resource(s)
  -------------------------------------------------------------------    -------------------
                         (clock PHY_RXCLK rise edge)
                                                      0.000     0.000 r  
    T26                                               0.000     0.000 r  PHY_RXCLK (IN)
                         net (fo=0)                   0.000     0.000    PHY_RXCLK
    T26                  IBUF (Prop_ibuf_I_O)         1.251     1.251 r  PHY_RXCLK_IBUF_inst/O
                         net (fo=1, routed)           1.973     3.224    PHY_RXCLK_IBUF
    BUFGCTRL_X0Y0        BUFG (Prop_bufg_I_O)         0.093     3.317 r  IBUF_PHY_RXCLK/O
                         net (fo=6559, routed)        1.219     4.536    eth_interface/data_manager_blk/RAM_COMM_DEC/clock
    SLICE_X95Y172        FDRE                                         r  eth_interface/data_manager_blk/RAM_COMM_DEC/ram_addr_sig_reg[3]/C
  -------------------------------------------------------------------    -------------------
    SLICE_X95Y172        FDRE (Prop_fdre_C_Q)         0.223     4.759 f  eth_interface/data_manager_blk/RAM_COMM_DEC/ram_addr_sig_reg[3]/Q
                         net (fo=295, routed)         3.733     8.492    NIM_BLOCK/U322/U1/addr[3]
    SLICE_X34Y211        MUXF8 (Prop_muxf8_S_O)       0.141     8.633 r  NIM_BLOCK/U322/U1/read_data_out[29]_INST_0_i_1/O
                         net (fo=1, routed)           0.795     9.428    NIM_BLOCK/U322/U1/read_data_out[29]_INST_0_i_1_n_321
    SLICE_X51Y210        LUT3 (Prop_lut3_I0_O)        0.126     9.554 r  NIM_BLOCK/U322/U1/read_data_out[29]_INST_0/O
                         net (fo=1, routed)           0.778    10.332    NIM_BLOCK/U327/in_1[29]
    SLICE_X64Y207        LUT3 (Prop_lut3_I0_O)        0.051    10.383 r  NIM_BLOCK/U327/out64[29]_INST_0/O
                         net (fo=1, routed)           0.000    10.383    NIM_BLOCK/U328/d[29]
    SLICE_X64Y207        FDRE                                         r  NIM_BLOCK/U328/d_reg_reg[29]/D
  -------------------------------------------------------------------    -------------------

                         (clock PHY_RXCLK rise edge)
                                                      8.000     8.000 r  
    T26                                               0.000     8.000 r  PHY_RXCLK (IN)
                         net (fo=0)                   0.000     8.000    PHY_RXCLK
    T26                  IBUF (Prop_ibuf_I_O)         1.138     9.138 r  PHY_RXCLK_IBUF_inst/O
                         net (fo=1, routed)           1.854    10.992    PHY_RXCLK_IBUF
    BUFGCTRL_X0Y0        BUFG (Prop_bufg_I_O)         0.083    11.075 r  IBUF_PHY_RXCLK/O
                         net (fo=6559, routed)        1.073    12.148    NIM_BLOCK/U328/clk
    SLICE_X64Y207        FDRE                                         r  NIM_BLOCK/U328/d_reg_reg[29]/C
                         clock pessimism              0.242    12.390    
                         clock uncertainty           -0.035    12.354    
    SLICE_X64Y207        FDRE (Setup_fdre_C_D)        0.058    12.412    NIM_BLOCK/U328/d_reg_reg[29]
  -------------------------------------------------------------------
                         required time                         12.412    
                         arrival time                         -10.383    
  -------------------------------------------------------------------
                         slack                                  2.030    





Min Delay Paths
--------------------------------------------------------------------------------------
Slack (MET) :             0.047ns  (arrival time - required time)
  Source:                 eth_interface/data_manager_blk/RAM_COMM_DEC/rx_info_fifo_rden_reg/C
                            (rising edge-triggered cell FDRE clocked by PHY_RXCLK  {rise@0.000ns fall@4.000ns period=8.000ns})
  Destination:            eth_interface/data_manager_blk/RX_DATA_INFO_FIFO/FIFO_SYNC_MACRO_inst/bl.fifo_18_inst_bl.fifo_18_bl/RDEN
                            (rising edge-triggered cell FIFO18E1 clocked by PHY_RXCLK  {rise@0.000ns fall@4.000ns period=8.000ns})
  Path Group:             PHY_RXCLK
  Path Type:              Hold (Min at Slow Process Corner)
  Requirement:            0.000ns  (PHY_RXCLK rise@0.000ns - PHY_RXCLK rise@0.000ns)
  Data Path Delay:        0.396ns  (logic 0.206ns (52.041%)  route 0.190ns (47.959%))
  Logic Levels:           0  
  Clock Path Skew:        0.053ns (DCD - SCD - CPR)
    Destination Clock Delay (DCD):    4.575ns
    Source Clock Delay      (SCD):    4.173ns
    Clock Pessimism Removal (CPR):    0.350ns

    Location             Delay type                Incr(ns)  Path(ns)    Netlist Resource(s)
  -------------------------------------------------------------------    -------------------
                         (clock PHY_RXCLK rise edge)
                                                      0.000     0.000 r  
    T26                                               0.000     0.000 r  PHY_RXCLK (IN)
                         net (fo=0)                   0.000     0.000    PHY_RXCLK
    T26                  IBUF (Prop_ibuf_I_O)         1.138     1.138 r  PHY_RXCLK_IBUF_inst/O
                         net (fo=1, routed)           1.854     2.992    PHY_RXCLK_IBUF
    BUFGCTRL_X0Y0        BUFG (Prop_bufg_I_O)         0.083     3.075 r  IBUF_PHY_RXCLK/O
                         net (fo=6559, routed)        1.098     4.173    eth_interface/data_manager_blk/RAM_COMM_DEC/clock
    SLICE_X104Y177       FDRE                                         r  eth_interface/data_manager_blk/RAM_COMM_DEC/rx_info_fifo_rden_reg/C
  -------------------------------------------------------------------    -------------------
    SLICE_X104Y177       FDRE (Prop_fdre_C_Q)         0.206     4.379 r  eth_interface/data_manager_blk/RAM_COMM_DEC/rx_info_fifo_rden_reg/Q
                         net (fo=4, routed)           0.190     4.569    eth_interface/data_manager_blk/RX_DATA_INFO_FIFO/FIFO_SYNC_MACRO_inst/RDEN
    RAMB18_X3Y70         FIFO18E1                                     r  eth_interface/data_manager_blk/RX_DATA_INFO_FIFO/FIFO_SYNC_MACRO_inst/bl.fifo_18_inst_bl.fifo_18_bl/RDEN
  -------------------------------------------------------------------    -------------------

                         (clock PHY_RXCLK rise edge)
                                                      0.000     0.000 r  
    T26                                               0.000     0.000 r  PHY_RXCLK (IN)
                         net (fo=0)                   0.000     0.000    PHY_RXCLK
    T26                  IBUF (Prop_ibuf_I_O)         1.251     1.251 r  PHY_RXCLK_IBUF_inst/O
                         net (fo=1, routed)           1.973     3.224    PHY_RXCLK_IBUF
    BUFGCTRL_X0Y0        BUFG (Prop_bufg_I_O)         0.093     3.317 r  IBUF_PHY_RXCLK/O
                         net (fo=6559, routed)        1.259     4.575    eth_interface/data_manager_blk/RX_DATA_INFO_FIFO/FIFO_SYNC_MACRO_inst/CLK
    RAMB18_X3Y70         FIFO18E1                                     r  eth_interface/data_manager_blk/RX_DATA_INFO_FIFO/FIFO_SYNC_MACRO_inst/bl.fifo_18_inst_bl.fifo_18_bl/RDCLK
                         clock pessimism             -0.350     4.225    
    RAMB18_X3Y70         FIFO18E1 (Hold_fifo18e1_RDCLK_RDEN)
                                                      0.296     4.521    eth_interface/data_manager_blk/RX_DATA_INFO_FIFO/FIFO_SYNC_MACRO_inst/bl.fifo_18_inst_bl.fifo_18_bl
  -------------------------------------------------------------------
                         required time                         -4.521    
                         arrival time                           4.569    
  -------------------------------------------------------------------
                         slack                                  0.047    

Slack (MET) :             0.054ns  (arrival time - required time)
  Source:                 dbg_hub/inst/CORE_XSDB.UUT_MASTER/U_XSDB_BUS_MSTR2SL_PORT_IFACE/MA_RD_DIN_O_reg[9]/C
                            (rising edge-triggered cell FDRE clocked by PHY_RXCLK  {rise@0.000ns fall@4.000ns period=8.000ns})
  Destination:            dbg_hub/inst/CORE_XSDB.UUT_MASTER/U_ICON_INTERFACE/U_CMD6_RD/U_RD_FIFO/SUBCORE_FIFO.xsdbm_v1_1_rdfifo_inst/inst_fifo_gen/gconvfifo.rf/grf.rf/gntv_or_sync_fifo.mem/gdm.dm/RAM_reg_0_15_6_11/RAMB_D1/I
                            (rising edge-triggered cell RAMD32 clocked by PHY_RXCLK  {rise@0.000ns fall@4.000ns period=8.000ns})
  Path Group:             PHY_RXCLK
  Path Type:              Hold (Min at Fast Process Corner)
  Requirement:            0.000ns  (PHY_RXCLK rise@0.000ns - PHY_RXCLK rise@0.000ns)
  Data Path Delay:        0.144ns  (logic 0.091ns (63.065%)  route 0.053ns (36.935%))
  Logic Levels:           0  
  Clock Path Skew:        0.011ns (DCD - SCD - CPR)
    Destination Clock Delay (DCD):    2.552ns
    Source Clock Delay      (SCD):    2.113ns
    Clock Pessimism Removal (CPR):    0.428ns

    Location             Delay type                Incr(ns)  Path(ns)    Netlist Resource(s)
  -------------------------------------------------------------------    -------------------
                         (clock PHY_RXCLK rise edge)
                                                      0.000     0.000 r  
    T26                                               0.000     0.000 r  PHY_RXCLK (IN)
                         net (fo=0)                   0.000     0.000    PHY_RXCLK
    T26                  IBUF (Prop_ibuf_I_O)         0.641     0.641 r  PHY_RXCLK_IBUF_inst/O
                         net (fo=1, routed)           0.904     1.545    PHY_RXCLK_IBUF
    BUFGCTRL_X0Y0        BUFG (Prop_bufg_I_O)         0.026     1.571 r  IBUF_PHY_RXCLK/O
                         net (fo=6559, routed)        0.542     2.113    dbg_hub/inst/CORE_XSDB.UUT_MASTER/U_XSDB_BUS_MSTR2SL_PORT_IFACE/clk
    SLICE_X67Y150        FDRE                                         r  dbg_hub/inst/CORE_XSDB.UUT_MASTER/U_XSDB_BUS_MSTR2SL_PORT_IFACE/MA_RD_DIN_O_reg[9]/C
  -------------------------------------------------------------------    -------------------
    SLICE_X67Y150        FDRE (Prop_fdre_C_Q)         0.091     2.204 r  dbg_hub/inst/CORE_XSDB.UUT_MASTER/U_XSDB_BUS_MSTR2SL_PORT_IFACE/MA_RD_DIN_O_reg[9]/Q
                         net (fo=1, routed)           0.053     2.257    dbg_hub/inst/CORE_XSDB.UUT_MASTER/U_ICON_INTERFACE/U_CMD6_RD/U_RD_FIFO/SUBCORE_FIFO.xsdbm_v1_1_rdfifo_inst/inst_fifo_gen/gconvfifo.rf/grf.rf/gntv_or_sync_fifo.mem/gdm.dm/RAM_reg_0_15_6_11/DIB1
    SLICE_X66Y150        RAMD32                                       r  dbg_hub/inst/CORE_XSDB.UUT_MASTER/U_ICON_INTERFACE/U_CMD6_RD/U_RD_FIFO/SUBCORE_FIFO.xsdbm_v1_1_rdfifo_inst/inst_fifo_gen/gconvfifo.rf/grf.rf/gntv_or_sync_fifo.mem/gdm.dm/RAM_reg_0_15_6_11/RAMB_D1/I
  -------------------------------------------------------------------    -------------------

                         (clock PHY_RXCLK rise edge)
                                                      0.000     0.000 r  
    T26                                               0.000     0.000 r  PHY_RXCLK (IN)
                         net (fo=0)                   0.000     0.000    PHY_RXCLK
    T26                  IBUF (Prop_ibuf_I_O)         0.807     0.807 r  PHY_RXCLK_IBUF_inst/O
                         net (fo=1, routed)           0.973     1.780    PHY_RXCLK_IBUF
    BUFGCTRL_X0Y0        BUFG (Prop_bufg_I_O)         0.030     1.810 r  IBUF_PHY_RXCLK/O
                         net (fo=6559, routed)        0.742     2.552    dbg_hub/inst/CORE_XSDB.UUT_MASTER/U_ICON_INTERFACE/U_CMD6_RD/U_RD_FIFO/SUBCORE_FIFO.xsdbm_v1_1_rdfifo_inst/inst_fifo_gen/gconvfifo.rf/grf.rf/gntv_or_sync_fifo.mem/gdm.dm/RAM_reg_0_15_6_11/WCLK
    SLICE_X66Y150        RAMD32                                       r  dbg_hub/inst/CORE_XSDB.UUT_MASTER/U_ICON_INTERFACE/U_CMD6_RD/U_RD_FIFO/SUBCORE_FIFO.xsdbm_v1_1_rdfifo_inst/inst_fifo_gen/gconvfifo.rf/grf.rf/gntv_or_sync_fifo.mem/gdm.dm/RAM_reg_0_15_6_11/RAMB_D1/CLK
                         clock pessimism             -0.428     2.124    
    SLICE_X66Y150        RAMD32 (Hold_ramd32_CLK_I)
                                                      0.079     2.203    dbg_hub/inst/CORE_XSDB.UUT_MASTER/U_ICON_INTERFACE/U_CMD6_RD/U_RD_FIFO/SUBCORE_FIFO.xsdbm_v1_1_rdfifo_inst/inst_fifo_gen/gconvfifo.rf/grf.rf/gntv_or_sync_fifo.mem/gdm.dm/RAM_reg_0_15_6_11/RAMB_D1
  -------------------------------------------------------------------
                         required time                         -2.203    
                         arrival time                           2.257    
  -------------------------------------------------------------------
                         slack                                  0.054    

Slack (MET) :             0.071ns  (arrival time - required time)
  Source:                 u_ila_0/inst/ila_core_inst/shifted_data_in_reg[8][40]/C
                            (rising edge-triggered cell FDRE clocked by PHY_RXCLK  {rise@0.000ns fall@4.000ns period=8.000ns})
  Destination:            u_ila_0/inst/ila_core_inst/ila_trace_memory_inst/SUBCORE_RAM_BLK_MEM_1.trace_block_memory/inst_blk_mem_gen/gnativebmg.native_blk_mem_gen/valid.cstr/ramloop[1].ram.r/prim_noinit.ram/DEVICE_7SERIES.NO_BMM_INFO.SDP.SIMPLE_PRIM36.ram/DIADI[20]
                            (rising edge-triggered cell RAMB36E1 clocked by PHY_RXCLK  {rise@0.000ns fall@4.000ns period=8.000ns})
  Path Group:             PHY_RXCLK
  Path Type:              Hold (Min at Fast Process Corner)
  Requirement:            0.000ns  (PHY_RXCLK rise@0.000ns - PHY_RXCLK rise@0.000ns)
  Data Path Delay:        0.266ns  (logic 0.118ns (44.443%)  route 0.148ns (55.557%))
  Logic Levels:           0  
  Clock Path Skew:        0.040ns (DCD - SCD - CPR)
    Destination Clock Delay (DCD):    2.573ns
    Source Clock Delay      (SCD):    2.110ns
    Clock Pessimism Removal (CPR):    0.424ns

    Location             Delay type                Incr(ns)  Path(ns)    Netlist Resource(s)
  -------------------------------------------------------------------    -------------------
                         (clock PHY_RXCLK rise edge)
                                                      0.000     0.000 r  
    T26                                               0.000     0.000 r  PHY_RXCLK (IN)
                         net (fo=0)                   0.000     0.000    PHY_RXCLK
    T26                  IBUF (Prop_ibuf_I_O)         0.641     0.641 r  PHY_RXCLK_IBUF_inst/O
                         net (fo=1, routed)           0.904     1.545    PHY_RXCLK_IBUF
    BUFGCTRL_X0Y0        BUFG (Prop_bufg_I_O)         0.026     1.571 r  IBUF_PHY_RXCLK/O
                         net (fo=6559, routed)        0.539     2.110    u_ila_0/inst/ila_core_inst/clk
    SLICE_X50Y166        FDRE                                         r  u_ila_0/inst/ila_core_inst/shifted_data_in_reg[8][40]/C
  -------------------------------------------------------------------    -------------------
    SLICE_X50Y166        FDRE (Prop_fdre_C_Q)         0.118     2.228 r  u_ila_0/inst/ila_core_inst/shifted_data_in_reg[8][40]/Q
                         net (fo=1, routed)           0.148     2.375    u_ila_0/inst/ila_core_inst/ila_trace_memory_inst/SUBCORE_RAM_BLK_MEM_1.trace_block_memory/inst_blk_mem_gen/gnativebmg.native_blk_mem_gen/valid.cstr/ramloop[1].ram.r/prim_noinit.ram/DINA[22]
    RAMB36_X2Y33         RAMB36E1                                     r  u_ila_0/inst/ila_core_inst/ila_trace_memory_inst/SUBCORE_RAM_BLK_MEM_1.trace_block_memory/inst_blk_mem_gen/gnativebmg.native_blk_mem_gen/valid.cstr/ramloop[1].ram.r/prim_noinit.ram/DEVICE_7SERIES.NO_BMM_INFO.SDP.SIMPLE_PRIM36.ram/DIADI[20]
  -------------------------------------------------------------------    -------------------

                         (clock PHY_RXCLK rise edge)
                                                      0.000     0.000 r  
    T26                                               0.000     0.000 r  PHY_RXCLK (IN)
                         net (fo=0)                   0.000     0.000    PHY_RXCLK
    T26                  IBUF (Prop_ibuf_I_O)         0.807     0.807 r  PHY_RXCLK_IBUF_inst/O
                         net (fo=1, routed)           0.973     1.780    PHY_RXCLK_IBUF
    BUFGCTRL_X0Y0        BUFG (Prop_bufg_I_O)         0.030     1.810 r  IBUF_PHY_RXCLK/O
                         net (fo=6559, routed)        0.764     2.573    u_ila_0/inst/ila_core_inst/ila_trace_memory_inst/SUBCORE_RAM_BLK_MEM_1.trace_block_memory/inst_blk_mem_gen/gnativebmg.native_blk_mem_gen/valid.cstr/ramloop[1].ram.r/prim_noinit.ram/clk
    RAMB36_X2Y33         RAMB36E1                                     r  u_ila_0/inst/ila_core_inst/ila_trace_memory_inst/SUBCORE_RAM_BLK_MEM_1.trace_block_memory/inst_blk_mem_gen/gnativebmg.native_blk_mem_gen/valid.cstr/ramloop[1].ram.r/prim_noinit.ram/DEVICE_7SERIES.NO_BMM_INFO.SDP.SIMPLE_PRIM36.ram/CLKARDCLK
                         clock pessimism             -0.424     2.149    
    RAMB36_X2Y33         RAMB36E1 (Hold_ramb36e1_CLKARDCLK_DIADI[20])
                                                      0.155     2.304    u_ila_0/inst/ila_core_inst/ila_trace_memory_inst/SUBCORE_RAM_BLK_MEM_1.trace_block_memory/inst_blk_mem_gen/gnativebmg.native_blk_mem_gen/valid.cstr/ramloop[1].ram.r/prim_noinit.ram/DEVICE_7SERIES.NO_BMM_INFO.SDP.SIMPLE_PRIM36.ram
  -------------------------------------------------------------------
                         required time                         -2.304    
                         arrival time                           2.375    
  -------------------------------------------------------------------
                         slack                                  0.071    

Slack (MET) :             0.074ns  (arrival time - required time)
  Source:                 eth_interface/ec_wrapper/ethernet_controller/ICMPPingShiftRegBlock/din_latch_reg[6]/C
                            (rising edge-triggered cell FDRE clocked by PHY_RXCLK  {rise@0.000ns fall@4.000ns period=8.000ns})
  Destination:            eth_interface/ec_wrapper/ethernet_controller/ICMPPingShiftRegBlock/shReg_reg[31][6]_srl32/D
                            (rising edge-triggered cell SRLC32E clocked by PHY_RXCLK  {rise@0.000ns fall@4.000ns period=8.000ns})
  Path Group:             PHY_RXCLK
  Path Type:              Hold (Min at Fast Process Corner)
  Requirement:            0.000ns  (PHY_RXCLK rise@0.000ns - PHY_RXCLK rise@0.000ns)
  Data Path Delay:        0.203ns  (logic 0.100ns (49.250%)  route 0.103ns (50.750%))
  Logic Levels:           0  
  Clock Path Skew:        0.030ns (DCD - SCD - CPR)
    Destination Clock Delay (DCD):    2.550ns
    Source Clock Delay      (SCD):    2.108ns
    Clock Pessimism Removal (CPR):    0.412ns

    Location             Delay type                Incr(ns)  Path(ns)    Netlist Resource(s)
  -------------------------------------------------------------------    -------------------
                         (clock PHY_RXCLK rise edge)
                                                      0.000     0.000 r  
    T26                                               0.000     0.000 r  PHY_RXCLK (IN)
                         net (fo=0)                   0.000     0.000    PHY_RXCLK
    T26                  IBUF (Prop_ibuf_I_O)         0.641     0.641 r  PHY_RXCLK_IBUF_inst/O
                         net (fo=1, routed)           0.904     1.545    PHY_RXCLK_IBUF
    BUFGCTRL_X0Y0        BUFG (Prop_bufg_I_O)         0.026     1.571 r  IBUF_PHY_RXCLK/O
                         net (fo=6559, routed)        0.537     2.108    eth_interface/ec_wrapper/ethernet_controller/ICMPPingShiftRegBlock/clk
    SLICE_X101Y209       FDRE                                         r  eth_interface/ec_wrapper/ethernet_controller/ICMPPingShiftRegBlock/din_latch_reg[6]/C
  -------------------------------------------------------------------    -------------------
    SLICE_X101Y209       FDRE (Prop_fdre_C_Q)         0.100     2.208 r  eth_interface/ec_wrapper/ethernet_controller/ICMPPingShiftRegBlock/din_latch_reg[6]/Q
                         net (fo=1, routed)           0.103     2.311    eth_interface/ec_wrapper/ethernet_controller/ICMPPingShiftRegBlock/din_latch[6]
    SLICE_X98Y209        SRLC32E                                      r  eth_interface/ec_wrapper/ethernet_controller/ICMPPingShiftRegBlock/shReg_reg[31][6]_srl32/D
  -------------------------------------------------------------------    -------------------

                         (clock PHY_RXCLK rise edge)
                                                      0.000     0.000 r  
    T26                                               0.000     0.000 r  PHY_RXCLK (IN)
                         net (fo=0)                   0.000     0.000    PHY_RXCLK
    T26                  IBUF (Prop_ibuf_I_O)         0.807     0.807 r  PHY_RXCLK_IBUF_inst/O
                         net (fo=1, routed)           0.973     1.780    PHY_RXCLK_IBUF
    BUFGCTRL_X0Y0        BUFG (Prop_bufg_I_O)         0.030     1.810 r  IBUF_PHY_RXCLK/O
                         net (fo=6559, routed)        0.740     2.550    eth_interface/ec_wrapper/ethernet_controller/ICMPPingShiftRegBlock/clk
    SLICE_X98Y209        SRLC32E                                      r  eth_interface/ec_wrapper/ethernet_controller/ICMPPingShiftRegBlock/shReg_reg[31][6]_srl32/CLK
                         clock pessimism             -0.412     2.138    
    SLICE_X98Y209        SRLC32E (Hold_srlc32e_CLK_D)
                                                      0.099     2.237    eth_interface/ec_wrapper/ethernet_controller/ICMPPingShiftRegBlock/shReg_reg[31][6]_srl32
  -------------------------------------------------------------------
                         required time                         -2.237    
                         arrival time                           2.311    
  -------------------------------------------------------------------
                         slack                                  0.074    

Slack (MET) :             0.075ns  (arrival time - required time)
  Source:                 u_ila_0/inst/ila_core_inst/shifted_data_in_reg[8][28]/C
                            (rising edge-triggered cell FDRE clocked by PHY_RXCLK  {rise@0.000ns fall@4.000ns period=8.000ns})
  Destination:            u_ila_0/inst/ila_core_inst/ila_trace_memory_inst/SUBCORE_RAM_BLK_MEM_1.trace_block_memory/inst_blk_mem_gen/gnativebmg.native_blk_mem_gen/valid.cstr/ramloop[1].ram.r/prim_noinit.ram/DEVICE_7SERIES.NO_BMM_INFO.SDP.SIMPLE_PRIM36.ram/DIADI[9]
                            (rising edge-triggered cell RAMB36E1 clocked by PHY_RXCLK  {rise@0.000ns fall@4.000ns period=8.000ns})
  Path Group:             PHY_RXCLK
  Path Type:              Hold (Min at Fast Process Corner)
  Requirement:            0.000ns  (PHY_RXCLK rise@0.000ns - PHY_RXCLK rise@0.000ns)
  Data Path Delay:        0.254ns  (logic 0.107ns (42.205%)  route 0.147ns (57.795%))
  Logic Levels:           0  
  Clock Path Skew:        0.060ns (DCD - SCD - CPR)
    Destination Clock Delay (DCD):    2.573ns
    Source Clock Delay      (SCD):    2.107ns
    Clock Pessimism Removal (CPR):    0.407ns

    Location             Delay type                Incr(ns)  Path(ns)    Netlist Resource(s)
  -------------------------------------------------------------------    -------------------
                         (clock PHY_RXCLK rise edge)
                                                      0.000     0.000 r  
    T26                                               0.000     0.000 r  PHY_RXCLK (IN)
                         net (fo=0)                   0.000     0.000    PHY_RXCLK
    T26                  IBUF (Prop_ibuf_I_O)         0.641     0.641 r  PHY_RXCLK_IBUF_inst/O
                         net (fo=1, routed)           0.904     1.545    PHY_RXCLK_IBUF
    BUFGCTRL_X0Y0        BUFG (Prop_bufg_I_O)         0.026     1.571 r  IBUF_PHY_RXCLK/O
                         net (fo=6559, routed)        0.536     2.107    u_ila_0/inst/ila_core_inst/clk
    SLICE_X52Y169        FDRE                                         r  u_ila_0/inst/ila_core_inst/shifted_data_in_reg[8][28]/C
  -------------------------------------------------------------------    -------------------
    SLICE_X52Y169        FDRE (Prop_fdre_C_Q)         0.107     2.214 r  u_ila_0/inst/ila_core_inst/shifted_data_in_reg[8][28]/Q
                         net (fo=1, routed)           0.147     2.360    u_ila_0/inst/ila_core_inst/ila_trace_memory_inst/SUBCORE_RAM_BLK_MEM_1.trace_block_memory/inst_blk_mem_gen/gnativebmg.native_blk_mem_gen/valid.cstr/ramloop[1].ram.r/prim_noinit.ram/DINA[10]
    RAMB36_X2Y33         RAMB36E1                                     r  u_ila_0/inst/ila_core_inst/ila_trace_memory_inst/SUBCORE_RAM_BLK_MEM_1.trace_block_memory/inst_blk_mem_gen/gnativebmg.native_blk_mem_gen/valid.cstr/ramloop[1].ram.r/prim_noinit.ram/DEVICE_7SERIES.NO_BMM_INFO.SDP.SIMPLE_PRIM36.ram/DIADI[9]
  -------------------------------------------------------------------    -------------------

                         (clock PHY_RXCLK rise edge)
                                                      0.000     0.000 r  
    T26                                               0.000     0.000 r  PHY_RXCLK (IN)
                         net (fo=0)                   0.000     0.000    PHY_RXCLK
    T26                  IBUF (Prop_ibuf_I_O)         0.807     0.807 r  PHY_RXCLK_IBUF_inst/O
                         net (fo=1, routed)           0.973     1.780    PHY_RXCLK_IBUF
    BUFGCTRL_X0Y0        BUFG (Prop_bufg_I_O)         0.030     1.810 r  IBUF_PHY_RXCLK/O
                         net (fo=6559, routed)        0.764     2.573    u_ila_0/inst/ila_core_inst/ila_trace_memory_inst/SUBCORE_RAM_BLK_MEM_1.trace_block_memory/inst_blk_mem_gen/gnativebmg.native_blk_mem_gen/valid.cstr/ramloop[1].ram.r/prim_noinit.ram/clk
    RAMB36_X2Y33         RAMB36E1                                     r  u_ila_0/inst/ila_core_inst/ila_trace_memory_inst/SUBCORE_RAM_BLK_MEM_1.trace_block_memory/inst_blk_mem_gen/gnativebmg.native_blk_mem_gen/valid.cstr/ramloop[1].ram.r/prim_noinit.ram/DEVICE_7SERIES.NO_BMM_INFO.SDP.SIMPLE_PRIM36.ram/CLKARDCLK
                         clock pessimism             -0.407     2.166    
    RAMB36_X2Y33         RAMB36E1 (Hold_ramb36e1_CLKARDCLK_DIADI[9])
                                                      0.119     2.285    u_ila_0/inst/ila_core_inst/ila_trace_memory_inst/SUBCORE_RAM_BLK_MEM_1.trace_block_memory/inst_blk_mem_gen/gnativebmg.native_blk_mem_gen/valid.cstr/ramloop[1].ram.r/prim_noinit.ram/DEVICE_7SERIES.NO_BMM_INFO.SDP.SIMPLE_PRIM36.ram
  -------------------------------------------------------------------
                         required time                         -2.285    
                         arrival time                           2.360    
  -------------------------------------------------------------------
                         slack                                  0.075    

Slack (MET) :             0.075ns  (arrival time - required time)
  Source:                 eth_interface/ec_wrapper/ethernet_controller/ICMPPingShiftRegBlock/din_latch_reg[0]/C
                            (rising edge-triggered cell FDRE clocked by PHY_RXCLK  {rise@0.000ns fall@4.000ns period=8.000ns})
  Destination:            eth_interface/ec_wrapper/ethernet_controller/ICMPPingShiftRegBlock/shReg_reg[31][0]_srl32/D
                            (rising edge-triggered cell SRLC32E clocked by PHY_RXCLK  {rise@0.000ns fall@4.000ns period=8.000ns})
  Path Group:             PHY_RXCLK
  Path Type:              Hold (Min at Fast Process Corner)
  Requirement:            0.000ns  (PHY_RXCLK rise@0.000ns - PHY_RXCLK rise@0.000ns)
  Data Path Delay:        0.203ns  (logic 0.100ns (49.250%)  route 0.103ns (50.750%))
  Logic Levels:           0  
  Clock Path Skew:        0.029ns (DCD - SCD - CPR)
    Destination Clock Delay (DCD):    2.549ns
    Source Clock Delay      (SCD):    2.108ns
    Clock Pessimism Removal (CPR):    0.412ns

    Location             Delay type                Incr(ns)  Path(ns)    Netlist Resource(s)
  -------------------------------------------------------------------    -------------------
                         (clock PHY_RXCLK rise edge)
                                                      0.000     0.000 r  
    T26                                               0.000     0.000 r  PHY_RXCLK (IN)
                         net (fo=0)                   0.000     0.000    PHY_RXCLK
    T26                  IBUF (Prop_ibuf_I_O)         0.641     0.641 r  PHY_RXCLK_IBUF_inst/O
                         net (fo=1, routed)           0.904     1.545    PHY_RXCLK_IBUF
    BUFGCTRL_X0Y0        BUFG (Prop_bufg_I_O)         0.026     1.571 r  IBUF_PHY_RXCLK/O
                         net (fo=6559, routed)        0.537     2.108    eth_interface/ec_wrapper/ethernet_controller/ICMPPingShiftRegBlock/clk
    SLICE_X97Y206        FDRE                                         r  eth_interface/ec_wrapper/ethernet_controller/ICMPPingShiftRegBlock/din_latch_reg[0]/C
  -------------------------------------------------------------------    -------------------
    SLICE_X97Y206        FDRE (Prop_fdre_C_Q)         0.100     2.208 r  eth_interface/ec_wrapper/ethernet_controller/ICMPPingShiftRegBlock/din_latch_reg[0]/Q
                         net (fo=1, routed)           0.103     2.311    eth_interface/ec_wrapper/ethernet_controller/ICMPPingShiftRegBlock/din_latch[0]
    SLICE_X94Y206        SRLC32E                                      r  eth_interface/ec_wrapper/ethernet_controller/ICMPPingShiftRegBlock/shReg_reg[31][0]_srl32/D
  -------------------------------------------------------------------    -------------------

                         (clock PHY_RXCLK rise edge)
                                                      0.000     0.000 r  
    T26                                               0.000     0.000 r  PHY_RXCLK (IN)
                         net (fo=0)                   0.000     0.000    PHY_RXCLK
    T26                  IBUF (Prop_ibuf_I_O)         0.807     0.807 r  PHY_RXCLK_IBUF_inst/O
                         net (fo=1, routed)           0.973     1.780    PHY_RXCLK_IBUF
    BUFGCTRL_X0Y0        BUFG (Prop_bufg_I_O)         0.030     1.810 r  IBUF_PHY_RXCLK/O
                         net (fo=6559, routed)        0.739     2.549    eth_interface/ec_wrapper/ethernet_controller/ICMPPingShiftRegBlock/clk
    SLICE_X94Y206        SRLC32E                                      r  eth_interface/ec_wrapper/ethernet_controller/ICMPPingShiftRegBlock/shReg_reg[31][0]_srl32/CLK
                         clock pessimism             -0.412     2.137    
    SLICE_X94Y206        SRLC32E (Hold_srlc32e_CLK_D)
                                                      0.099     2.236    eth_interface/ec_wrapper/ethernet_controller/ICMPPingShiftRegBlock/shReg_reg[31][0]_srl32
  -------------------------------------------------------------------
                         required time                         -2.236    
                         arrival time                           2.311    
  -------------------------------------------------------------------
                         slack                                  0.075    

Slack (MET) :             0.077ns  (arrival time - required time)
  Source:                 dbg_hub/inst/CORE_XSDB.UUT_MASTER/U_XSDB_BUS_MSTR2SL_PORT_IFACE/MA_RD_DIN_O_reg[13]/C
                            (rising edge-triggered cell FDRE clocked by PHY_RXCLK  {rise@0.000ns fall@4.000ns period=8.000ns})
  Destination:            dbg_hub/inst/CORE_XSDB.UUT_MASTER/U_ICON_INTERFACE/U_CMD6_RD/U_RD_FIFO/SUBCORE_FIFO.xsdbm_v1_1_rdfifo_inst/inst_fifo_gen/gconvfifo.rf/grf.rf/gntv_or_sync_fifo.mem/gdm.dm/RAM_reg_0_15_12_15/RAMA_D1/I
                            (rising edge-triggered cell RAMD32 clocked by PHY_RXCLK  {rise@0.000ns fall@4.000ns period=8.000ns})
  Path Group:             PHY_RXCLK
  Path Type:              Hold (Min at Fast Process Corner)
  Requirement:            0.000ns  (PHY_RXCLK rise@0.000ns - PHY_RXCLK rise@0.000ns)
  Data Path Delay:        0.196ns  (logic 0.100ns (51.054%)  route 0.096ns (48.946%))
  Logic Levels:           0  
  Clock Path Skew:        0.011ns (DCD - SCD - CPR)
    Destination Clock Delay (DCD):    2.552ns
    Source Clock Delay      (SCD):    2.113ns
    Clock Pessimism Removal (CPR):    0.428ns

    Location             Delay type                Incr(ns)  Path(ns)    Netlist Resource(s)
  -------------------------------------------------------------------    -------------------
                         (clock PHY_RXCLK rise edge)
                                                      0.000     0.000 r  
    T26                                               0.000     0.000 r  PHY_RXCLK (IN)
                         net (fo=0)                   0.000     0.000    PHY_RXCLK
    T26                  IBUF (Prop_ibuf_I_O)         0.641     0.641 r  PHY_RXCLK_IBUF_inst/O
                         net (fo=1, routed)           0.904     1.545    PHY_RXCLK_IBUF
    BUFGCTRL_X0Y0        BUFG (Prop_bufg_I_O)         0.026     1.571 r  IBUF_PHY_RXCLK/O
                         net (fo=6559, routed)        0.542     2.113    dbg_hub/inst/CORE_XSDB.UUT_MASTER/U_XSDB_BUS_MSTR2SL_PORT_IFACE/clk
    SLICE_X67Y151        FDRE                                         r  dbg_hub/inst/CORE_XSDB.UUT_MASTER/U_XSDB_BUS_MSTR2SL_PORT_IFACE/MA_RD_DIN_O_reg[13]/C
  -------------------------------------------------------------------    -------------------
    SLICE_X67Y151        FDRE (Prop_fdre_C_Q)         0.100     2.213 r  dbg_hub/inst/CORE_XSDB.UUT_MASTER/U_XSDB_BUS_MSTR2SL_PORT_IFACE/MA_RD_DIN_O_reg[13]/Q
                         net (fo=1, routed)           0.096     2.309    dbg_hub/inst/CORE_XSDB.UUT_MASTER/U_ICON_INTERFACE/U_CMD6_RD/U_RD_FIFO/SUBCORE_FIFO.xsdbm_v1_1_rdfifo_inst/inst_fifo_gen/gconvfifo.rf/grf.rf/gntv_or_sync_fifo.mem/gdm.dm/RAM_reg_0_15_12_15/DIA1
    SLICE_X66Y151        RAMD32                                       r  dbg_hub/inst/CORE_XSDB.UUT_MASTER/U_ICON_INTERFACE/U_CMD6_RD/U_RD_FIFO/SUBCORE_FIFO.xsdbm_v1_1_rdfifo_inst/inst_fifo_gen/gconvfifo.rf/grf.rf/gntv_or_sync_fifo.mem/gdm.dm/RAM_reg_0_15_12_15/RAMA_D1/I
  -------------------------------------------------------------------    -------------------

                         (clock PHY_RXCLK rise edge)
                                                      0.000     0.000 r  
    T26                                               0.000     0.000 r  PHY_RXCLK (IN)
                         net (fo=0)                   0.000     0.000    PHY_RXCLK
    T26                  IBUF (Prop_ibuf_I_O)         0.807     0.807 r  PHY_RXCLK_IBUF_inst/O
                         net (fo=1, routed)           0.973     1.780    PHY_RXCLK_IBUF
    BUFGCTRL_X0Y0        BUFG (Prop_bufg_I_O)         0.030     1.810 r  IBUF_PHY_RXCLK/O
                         net (fo=6559, routed)        0.742     2.552    dbg_hub/inst/CORE_XSDB.UUT_MASTER/U_ICON_INTERFACE/U_CMD6_RD/U_RD_FIFO/SUBCORE_FIFO.xsdbm_v1_1_rdfifo_inst/inst_fifo_gen/gconvfifo.rf/grf.rf/gntv_or_sync_fifo.mem/gdm.dm/RAM_reg_0_15_12_15/WCLK
    SLICE_X66Y151        RAMD32                                       r  dbg_hub/inst/CORE_XSDB.UUT_MASTER/U_ICON_INTERFACE/U_CMD6_RD/U_RD_FIFO/SUBCORE_FIFO.xsdbm_v1_1_rdfifo_inst/inst_fifo_gen/gconvfifo.rf/grf.rf/gntv_or_sync_fifo.mem/gdm.dm/RAM_reg_0_15_12_15/RAMA_D1/CLK
                         clock pessimism             -0.428     2.124    
    SLICE_X66Y151        RAMD32 (Hold_ramd32_CLK_I)
                                                      0.108     2.232    dbg_hub/inst/CORE_XSDB.UUT_MASTER/U_ICON_INTERFACE/U_CMD6_RD/U_RD_FIFO/SUBCORE_FIFO.xsdbm_v1_1_rdfifo_inst/inst_fifo_gen/gconvfifo.rf/grf.rf/gntv_or_sync_fifo.mem/gdm.dm/RAM_reg_0_15_12_15/RAMA_D1
  -------------------------------------------------------------------
                         required time                         -2.232    
                         arrival time                           2.309    
  -------------------------------------------------------------------
                         slack                                  0.077    

Slack (MET) :             0.078ns  (arrival time - required time)
  Source:                 u_ila_0/inst/ila_core_inst/shifted_data_in_reg[8][69]/C
                            (rising edge-triggered cell FDRE clocked by PHY_RXCLK  {rise@0.000ns fall@4.000ns period=8.000ns})
  Destination:            u_ila_0/inst/ila_core_inst/ila_trace_memory_inst/SUBCORE_RAM_BLK_MEM_1.trace_block_memory/inst_blk_mem_gen/gnativebmg.native_blk_mem_gen/valid.cstr/ramloop[2].ram.r/prim_noinit.ram/DEVICE_7SERIES.NO_BMM_INFO.SDP.SIMPLE_PRIM36.ram/DIADI[19]
                            (rising edge-triggered cell RAMB36E1 clocked by PHY_RXCLK  {rise@0.000ns fall@4.000ns period=8.000ns})
  Path Group:             PHY_RXCLK
  Path Type:              Hold (Min at Fast Process Corner)
  Requirement:            0.000ns  (PHY_RXCLK rise@0.000ns - PHY_RXCLK rise@0.000ns)
  Data Path Delay:        0.254ns  (logic 0.107ns (42.050%)  route 0.147ns (57.950%))
  Logic Levels:           0  
  Clock Path Skew:        0.060ns (DCD - SCD - CPR)
    Destination Clock Delay (DCD):    2.577ns
    Source Clock Delay      (SCD):    2.111ns
    Clock Pessimism Removal (CPR):    0.407ns

    Location             Delay type                Incr(ns)  Path(ns)    Netlist Resource(s)
  -------------------------------------------------------------------    -------------------
                         (clock PHY_RXCLK rise edge)
                                                      0.000     0.000 r  
    T26                                               0.000     0.000 r  PHY_RXCLK (IN)
                         net (fo=0)                   0.000     0.000    PHY_RXCLK
    T26                  IBUF (Prop_ibuf_I_O)         0.641     0.641 r  PHY_RXCLK_IBUF_inst/O
                         net (fo=1, routed)           0.904     1.545    PHY_RXCLK_IBUF
    BUFGCTRL_X0Y0        BUFG (Prop_bufg_I_O)         0.026     1.571 r  IBUF_PHY_RXCLK/O
                         net (fo=6559, routed)        0.540     2.111    u_ila_0/inst/ila_core_inst/clk
    SLICE_X52Y163        FDRE                                         r  u_ila_0/inst/ila_core_inst/shifted_data_in_reg[8][69]/C
  -------------------------------------------------------------------    -------------------
    SLICE_X52Y163        FDRE (Prop_fdre_C_Q)         0.107     2.218 r  u_ila_0/inst/ila_core_inst/shifted_data_in_reg[8][69]/Q
                         net (fo=1, routed)           0.147     2.365    u_ila_0/inst/ila_core_inst/ila_trace_memory_inst/SUBCORE_RAM_BLK_MEM_1.trace_block_memory/inst_blk_mem_gen/gnativebmg.native_blk_mem_gen/valid.cstr/ramloop[2].ram.r/prim_noinit.ram/DINA[15]
    RAMB36_X2Y32         RAMB36E1                                     r  u_ila_0/inst/ila_core_inst/ila_trace_memory_inst/SUBCORE_RAM_BLK_MEM_1.trace_block_memory/inst_blk_mem_gen/gnativebmg.native_blk_mem_gen/valid.cstr/ramloop[2].ram.r/prim_noinit.ram/DEVICE_7SERIES.NO_BMM_INFO.SDP.SIMPLE_PRIM36.ram/DIADI[19]
  -------------------------------------------------------------------    -------------------

                         (clock PHY_RXCLK rise edge)
                                                      0.000     0.000 r  
    T26                                               0.000     0.000 r  PHY_RXCLK (IN)
                         net (fo=0)                   0.000     0.000    PHY_RXCLK
    T26                  IBUF (Prop_ibuf_I_O)         0.807     0.807 r  PHY_RXCLK_IBUF_inst/O
                         net (fo=1, routed)           0.973     1.780    PHY_RXCLK_IBUF
    BUFGCTRL_X0Y0        BUFG (Prop_bufg_I_O)         0.030     1.810 r  IBUF_PHY_RXCLK/O
                         net (fo=6559, routed)        0.768     2.577    u_ila_0/inst/ila_core_inst/ila_trace_memory_inst/SUBCORE_RAM_BLK_MEM_1.trace_block_memory/inst_blk_mem_gen/gnativebmg.native_blk_mem_gen/valid.cstr/ramloop[2].ram.r/prim_noinit.ram/clk
    RAMB36_X2Y32         RAMB36E1                                     r  u_ila_0/inst/ila_core_inst/ila_trace_memory_inst/SUBCORE_RAM_BLK_MEM_1.trace_block_memory/inst_blk_mem_gen/gnativebmg.native_blk_mem_gen/valid.cstr/ramloop[2].ram.r/prim_noinit.ram/DEVICE_7SERIES.NO_BMM_INFO.SDP.SIMPLE_PRIM36.ram/CLKARDCLK
                         clock pessimism             -0.407     2.170    
    RAMB36_X2Y32         RAMB36E1 (Hold_ramb36e1_CLKARDCLK_DIADI[19])
                                                      0.117     2.287    u_ila_0/inst/ila_core_inst/ila_trace_memory_inst/SUBCORE_RAM_BLK_MEM_1.trace_block_memory/inst_blk_mem_gen/gnativebmg.native_blk_mem_gen/valid.cstr/ramloop[2].ram.r/prim_noinit.ram/DEVICE_7SERIES.NO_BMM_INFO.SDP.SIMPLE_PRIM36.ram
  -------------------------------------------------------------------
                         required time                         -2.287    
                         arrival time                           2.365    
  -------------------------------------------------------------------
                         slack                                  0.078    

Slack (MET) :             0.078ns  (arrival time - required time)
  Source:                 u_ila_0/inst/ila_core_inst/shifted_data_in_reg[8][37]/C
                            (rising edge-triggered cell FDRE clocked by PHY_RXCLK  {rise@0.000ns fall@4.000ns period=8.000ns})
  Destination:            u_ila_0/inst/ila_core_inst/ila_trace_memory_inst/SUBCORE_RAM_BLK_MEM_1.trace_block_memory/inst_blk_mem_gen/gnativebmg.native_blk_mem_gen/valid.cstr/ramloop[1].ram.r/prim_noinit.ram/DEVICE_7SERIES.NO_BMM_INFO.SDP.SIMPLE_PRIM36.ram/DIADI[17]
                            (rising edge-triggered cell RAMB36E1 clocked by PHY_RXCLK  {rise@0.000ns fall@4.000ns period=8.000ns})
  Path Group:             PHY_RXCLK
  Path Type:              Hold (Min at Fast Process Corner)
  Requirement:            0.000ns  (PHY_RXCLK rise@0.000ns - PHY_RXCLK rise@0.000ns)
  Data Path Delay:        0.254ns  (logic 0.107ns (42.195%)  route 0.147ns (57.805%))
  Logic Levels:           0  
  Clock Path Skew:        0.059ns (DCD - SCD - CPR)
    Destination Clock Delay (DCD):    2.573ns
    Source Clock Delay      (SCD):    2.108ns
    Clock Pessimism Removal (CPR):    0.407ns

    Location             Delay type                Incr(ns)  Path(ns)    Netlist Resource(s)
  -------------------------------------------------------------------    -------------------
                         (clock PHY_RXCLK rise edge)
                                                      0.000     0.000 r  
    T26                                               0.000     0.000 r  PHY_RXCLK (IN)
                         net (fo=0)                   0.000     0.000    PHY_RXCLK
    T26                  IBUF (Prop_ibuf_I_O)         0.641     0.641 r  PHY_RXCLK_IBUF_inst/O
                         net (fo=1, routed)           0.904     1.545    PHY_RXCLK_IBUF
    BUFGCTRL_X0Y0        BUFG (Prop_bufg_I_O)         0.026     1.571 r  IBUF_PHY_RXCLK/O
                         net (fo=6559, routed)        0.537     2.108    u_ila_0/inst/ila_core_inst/clk
    SLICE_X52Y168        FDRE                                         r  u_ila_0/inst/ila_core_inst/shifted_data_in_reg[8][37]/C
  -------------------------------------------------------------------    -------------------
    SLICE_X52Y168        FDRE (Prop_fdre_C_Q)         0.107     2.215 r  u_ila_0/inst/ila_core_inst/shifted_data_in_reg[8][37]/Q
                         net (fo=1, routed)           0.147     2.361    u_ila_0/inst/ila_core_inst/ila_trace_memory_inst/SUBCORE_RAM_BLK_MEM_1.trace_block_memory/inst_blk_mem_gen/gnativebmg.native_blk_mem_gen/valid.cstr/ramloop[1].ram.r/prim_noinit.ram/DINA[19]
    RAMB36_X2Y33         RAMB36E1                                     r  u_ila_0/inst/ila_core_inst/ila_trace_memory_inst/SUBCORE_RAM_BLK_MEM_1.trace_block_memory/inst_blk_mem_gen/gnativebmg.native_blk_mem_gen/valid.cstr/ramloop[1].ram.r/prim_noinit.ram/DEVICE_7SERIES.NO_BMM_INFO.SDP.SIMPLE_PRIM36.ram/DIADI[17]
  -------------------------------------------------------------------    -------------------

                         (clock PHY_RXCLK rise edge)
                                                      0.000     0.000 r  
    T26                                               0.000     0.000 r  PHY_RXCLK (IN)
                         net (fo=0)                   0.000     0.000    PHY_RXCLK
    T26                  IBUF (Prop_ibuf_I_O)         0.807     0.807 r  PHY_RXCLK_IBUF_inst/O
                         net (fo=1, routed)           0.973     1.780    PHY_RXCLK_IBUF
    BUFGCTRL_X0Y0        BUFG (Prop_bufg_I_O)         0.030     1.810 r  IBUF_PHY_RXCLK/O
                         net (fo=6559, routed)        0.764     2.573    u_ila_0/inst/ila_core_inst/ila_trace_memory_inst/SUBCORE_RAM_BLK_MEM_1.trace_block_memory/inst_blk_mem_gen/gnativebmg.native_blk_mem_gen/valid.cstr/ramloop[1].ram.r/prim_noinit.ram/clk
    RAMB36_X2Y33         RAMB36E1                                     r  u_ila_0/inst/ila_core_inst/ila_trace_memory_inst/SUBCORE_RAM_BLK_MEM_1.trace_block_memory/inst_blk_mem_gen/gnativebmg.native_blk_mem_gen/valid.cstr/ramloop[1].ram.r/prim_noinit.ram/DEVICE_7SERIES.NO_BMM_INFO.SDP.SIMPLE_PRIM36.ram/CLKARDCLK
                         clock pessimism             -0.407     2.166    
    RAMB36_X2Y33         RAMB36E1 (Hold_ramb36e1_CLKARDCLK_DIADI[17])
                                                      0.117     2.283    u_ila_0/inst/ila_core_inst/ila_trace_memory_inst/SUBCORE_RAM_BLK_MEM_1.trace_block_memory/inst_blk_mem_gen/gnativebmg.native_blk_mem_gen/valid.cstr/ramloop[1].ram.r/prim_noinit.ram/DEVICE_7SERIES.NO_BMM_INFO.SDP.SIMPLE_PRIM36.ram
  -------------------------------------------------------------------
                         required time                         -2.283    
                         arrival time                           2.361    
  -------------------------------------------------------------------
                         slack                                  0.078    

Slack (MET) :             0.081ns  (arrival time - required time)
  Source:                 u_ila_0/inst/ila_core_inst/shifted_data_in_reg[8][39]/C
                            (rising edge-triggered cell FDRE clocked by PHY_RXCLK  {rise@0.000ns fall@4.000ns period=8.000ns})
  Destination:            u_ila_0/inst/ila_core_inst/ila_trace_memory_inst/SUBCORE_RAM_BLK_MEM_1.trace_block_memory/inst_blk_mem_gen/gnativebmg.native_blk_mem_gen/valid.cstr/ramloop[1].ram.r/prim_noinit.ram/DEVICE_7SERIES.NO_BMM_INFO.SDP.SIMPLE_PRIM36.ram/DIADI[19]
                            (rising edge-triggered cell RAMB36E1 clocked by PHY_RXCLK  {rise@0.000ns fall@4.000ns period=8.000ns})
  Path Group:             PHY_RXCLK
  Path Type:              Hold (Min at Fast Process Corner)
  Requirement:            0.000ns  (PHY_RXCLK rise@0.000ns - PHY_RXCLK rise@0.000ns)
  Data Path Delay:        0.251ns  (logic 0.107ns (42.709%)  route 0.144ns (57.291%))
  Logic Levels:           0  
  Clock Path Skew:        0.059ns (DCD - SCD - CPR)
    Destination Clock Delay (DCD):    2.573ns
    Source Clock Delay      (SCD):    2.108ns
    Clock Pessimism Removal (CPR):    0.407ns

    Location             Delay type                Incr(ns)  Path(ns)    Netlist Resource(s)
  -------------------------------------------------------------------    -------------------
                         (clock PHY_RXCLK rise edge)
                                                      0.000     0.000 r  
    T26                                               0.000     0.000 r  PHY_RXCLK (IN)
                         net (fo=0)                   0.000     0.000    PHY_RXCLK
    T26                  IBUF (Prop_ibuf_I_O)         0.641     0.641 r  PHY_RXCLK_IBUF_inst/O
                         net (fo=1, routed)           0.904     1.545    PHY_RXCLK_IBUF
    BUFGCTRL_X0Y0        BUFG (Prop_bufg_I_O)         0.026     1.571 r  IBUF_PHY_RXCLK/O
                         net (fo=6559, routed)        0.537     2.108    u_ila_0/inst/ila_core_inst/clk
    SLICE_X52Y168        FDRE                                         r  u_ila_0/inst/ila_core_inst/shifted_data_in_reg[8][39]/C
  -------------------------------------------------------------------    -------------------
    SLICE_X52Y168        FDRE (Prop_fdre_C_Q)         0.107     2.215 r  u_ila_0/inst/ila_core_inst/shifted_data_in_reg[8][39]/Q
                         net (fo=1, routed)           0.144     2.358    u_ila_0/inst/ila_core_inst/ila_trace_memory_inst/SUBCORE_RAM_BLK_MEM_1.trace_block_memory/inst_blk_mem_gen/gnativebmg.native_blk_mem_gen/valid.cstr/ramloop[1].ram.r/prim_noinit.ram/DINA[21]
    RAMB36_X2Y33         RAMB36E1                                     r  u_ila_0/inst/ila_core_inst/ila_trace_memory_inst/SUBCORE_RAM_BLK_MEM_1.trace_block_memory/inst_blk_mem_gen/gnativebmg.native_blk_mem_gen/valid.cstr/ramloop[1].ram.r/prim_noinit.ram/DEVICE_7SERIES.NO_BMM_INFO.SDP.SIMPLE_PRIM36.ram/DIADI[19]
  -------------------------------------------------------------------    -------------------

                         (clock PHY_RXCLK rise edge)
                                                      0.000     0.000 r  
    T26                                               0.000     0.000 r  PHY_RXCLK (IN)
                         net (fo=0)                   0.000     0.000    PHY_RXCLK
    T26                  IBUF (Prop_ibuf_I_O)         0.807     0.807 r  PHY_RXCLK_IBUF_inst/O
                         net (fo=1, routed)           0.973     1.780    PHY_RXCLK_IBUF
    BUFGCTRL_X0Y0        BUFG (Prop_bufg_I_O)         0.030     1.810 r  IBUF_PHY_RXCLK/O
                         net (fo=6559, routed)        0.764     2.573    u_ila_0/inst/ila_core_inst/ila_trace_memory_inst/SUBCORE_RAM_BLK_MEM_1.trace_block_memory/inst_blk_mem_gen/gnativebmg.native_blk_mem_gen/valid.cstr/ramloop[1].ram.r/prim_noinit.ram/clk
    RAMB36_X2Y33         RAMB36E1                                     r  u_ila_0/inst/ila_core_inst/ila_trace_memory_inst/SUBCORE_RAM_BLK_MEM_1.trace_block_memory/inst_blk_mem_gen/gnativebmg.native_blk_mem_gen/valid.cstr/ramloop[1].ram.r/prim_noinit.ram/DEVICE_7SERIES.NO_BMM_INFO.SDP.SIMPLE_PRIM36.ram/CLKARDCLK
                         clock pessimism             -0.407     2.166    
    RAMB36_X2Y33         RAMB36E1 (Hold_ramb36e1_CLKARDCLK_DIADI[19])
                                                      0.111     2.277    u_ila_0/inst/ila_core_inst/ila_trace_memory_inst/SUBCORE_RAM_BLK_MEM_1.trace_block_memory/inst_blk_mem_gen/gnativebmg.native_blk_mem_gen/valid.cstr/ramloop[1].ram.r/prim_noinit.ram/DEVICE_7SERIES.NO_BMM_INFO.SDP.SIMPLE_PRIM36.ram
  -------------------------------------------------------------------
                         required time                         -2.277    
                         arrival time                           2.358    
  -------------------------------------------------------------------
                         slack                                  0.081    





Pulse Width Checks
--------------------------------------------------------------------------------------
Clock Name:         PHY_RXCLK
Waveform(ns):       { 0.000 4.000 }
Period(ns):         8.000
Sources:            { PHY_RXCLK }

Check Type        Corner  Lib Pin             Reference Pin  Required(ns)  Actual(ns)  Slack(ns)  Location         Pin
Min Period        n/a     RAMB18E1/CLKARDCLK  n/a            2.095         8.000       5.905      RAMB18_X2Y68     u_ila_0/inst/ila_core_inst/ila_trace_memory_inst/SUBCORE_RAM_BLK_MEM_1.trace_block_memory/inst_blk_mem_gen/gnativebmg.native_blk_mem_gen/valid.cstr/ramloop[0].ram.r/prim_noinit.ram/DEVICE_7SERIES.NO_BMM_INFO.SDP.SIMPLE_PRIM18.ram/CLKARDCLK
Min Period        n/a     RAMB18E1/CLKBWRCLK  n/a            2.095         8.000       5.905      RAMB18_X2Y68     u_ila_0/inst/ila_core_inst/ila_trace_memory_inst/SUBCORE_RAM_BLK_MEM_1.trace_block_memory/inst_blk_mem_gen/gnativebmg.native_blk_mem_gen/valid.cstr/ramloop[0].ram.r/prim_noinit.ram/DEVICE_7SERIES.NO_BMM_INFO.SDP.SIMPLE_PRIM18.ram/CLKBWRCLK
Min Period        n/a     RAMB36E1/CLKARDCLK  n/a            2.095         8.000       5.905      RAMB36_X2Y33     u_ila_0/inst/ila_core_inst/ila_trace_memory_inst/SUBCORE_RAM_BLK_MEM_1.trace_block_memory/inst_blk_mem_gen/gnativebmg.native_blk_mem_gen/valid.cstr/ramloop[1].ram.r/prim_noinit.ram/DEVICE_7SERIES.NO_BMM_INFO.SDP.SIMPLE_PRIM36.ram/CLKARDCLK
Min Period        n/a     RAMB36E1/CLKBWRCLK  n/a            2.095         8.000       5.905      RAMB36_X2Y33     u_ila_0/inst/ila_core_inst/ila_trace_memory_inst/SUBCORE_RAM_BLK_MEM_1.trace_block_memory/inst_blk_mem_gen/gnativebmg.native_blk_mem_gen/valid.cstr/ramloop[1].ram.r/prim_noinit.ram/DEVICE_7SERIES.NO_BMM_INFO.SDP.SIMPLE_PRIM36.ram/CLKBWRCLK
Min Period        n/a     RAMB36E1/CLKARDCLK  n/a            2.095         8.000       5.905      RAMB36_X2Y32     u_ila_0/inst/ila_core_inst/ila_trace_memory_inst/SUBCORE_RAM_BLK_MEM_1.trace_block_memory/inst_blk_mem_gen/gnativebmg.native_blk_mem_gen/valid.cstr/ramloop[2].ram.r/prim_noinit.ram/DEVICE_7SERIES.NO_BMM_INFO.SDP.SIMPLE_PRIM36.ram/CLKARDCLK
Min Period        n/a     RAMB36E1/CLKBWRCLK  n/a            2.095         8.000       5.905      RAMB36_X2Y32     u_ila_0/inst/ila_core_inst/ila_trace_memory_inst/SUBCORE_RAM_BLK_MEM_1.trace_block_memory/inst_blk_mem_gen/gnativebmg.native_blk_mem_gen/valid.cstr/ramloop[2].ram.r/prim_noinit.ram/DEVICE_7SERIES.NO_BMM_INFO.SDP.SIMPLE_PRIM36.ram/CLKBWRCLK
Min Period        n/a     MMCME2_ADV/PSCLK    n/a            1.999         8.000       6.001      MMCME2_ADV_X1Y0  clk_wiz_2_BLOCK/U0/mmcm_adv_inst/PSCLK
Min Period        n/a     FIFO36E1/RDCLK      n/a            1.839         8.000       6.161      RAMB36_X3Y34     eth_interface/data_manager_blk/RX_DATA_FIFO/FIFO_SYNC_MACRO_inst/bl.fifo_36_inst_bl_1.fifo_36_bl_1/RDCLK
Min Period        n/a     FIFO36E1/WRCLK      n/a            1.839         8.000       6.161      RAMB36_X3Y34     eth_interface/data_manager_blk/RX_DATA_FIFO/FIFO_SYNC_MACRO_inst/bl.fifo_36_inst_bl_1.fifo_36_bl_1/WRCLK
Min Period        n/a     FIFO18E1/RDCLK      n/a            1.839         8.000       6.161      RAMB18_X3Y70     eth_interface/data_manager_blk/RX_DATA_INFO_FIFO/FIFO_SYNC_MACRO_inst/bl.fifo_18_inst_bl.fifo_18_bl/RDCLK
Max Period        n/a     PLLE2_ADV/CLKIN1    n/a            52.633        8.000       44.633     PLLE2_ADV_X0Y3   NIM_CLKS_BLOCK/U0/plle2_adv_inst/CLKIN1
Max Period        n/a     MMCME2_ADV/CLKIN1   n/a            100.000       8.000       92.000     MMCME2_ADV_X0Y3  clk_wiz_0_BLOCK/U0/mmcm_adv_inst/CLKIN1
Low Pulse Width   Slow    PLLE2_ADV/CLKIN1    n/a            2.000         4.000       2.000      PLLE2_ADV_X0Y3   NIM_CLKS_BLOCK/U0/plle2_adv_inst/CLKIN1
Low Pulse Width   Fast    MMCME2_ADV/CLKIN1   n/a            2.000         4.000       2.000      MMCME2_ADV_X0Y3  clk_wiz_0_BLOCK/U0/mmcm_adv_inst/CLKIN1
Low Pulse Width   Fast    PLLE2_ADV/CLKIN1    n/a            2.000         4.000       2.000      PLLE2_ADV_X0Y3   NIM_CLKS_BLOCK/U0/plle2_adv_inst/CLKIN1
Low Pulse Width   Slow    MMCME2_ADV/CLKIN1   n/a            2.000         4.000       2.000      MMCME2_ADV_X0Y3  clk_wiz_0_BLOCK/U0/mmcm_adv_inst/CLKIN1
Low Pulse Width   Slow    MMCME2_ADV/PSCLK    n/a            1.000         4.000       3.000      MMCME2_ADV_X1Y0  clk_wiz_2_BLOCK/U0/mmcm_adv_inst/PSCLK
Low Pulse Width   Fast    MMCME2_ADV/PSCLK    n/a            1.000         4.000       3.000      MMCME2_ADV_X1Y0  clk_wiz_2_BLOCK/U0/mmcm_adv_inst/PSCLK
Low Pulse Width   Slow    RAMD32/CLK          n/a            0.768         4.000       3.232      SLICE_X66Y149    dbg_hub/inst/CORE_XSDB.UUT_MASTER/U_ICON_INTERFACE/U_CMD6_RD/U_RD_FIFO/SUBCORE_FIFO.xsdbm_v1_1_rdfifo_inst/inst_fifo_gen/gconvfifo.rf/grf.rf/gntv_or_sync_fifo.mem/gdm.dm/RAM_reg_0_15_0_5/RAMA/CLK
Low Pulse Width   Slow    RAMD32/CLK          n/a            0.768         4.000       3.232      SLICE_X66Y149    dbg_hub/inst/CORE_XSDB.UUT_MASTER/U_ICON_INTERFACE/U_CMD6_RD/U_RD_FIFO/SUBCORE_FIFO.xsdbm_v1_1_rdfifo_inst/inst_fifo_gen/gconvfifo.rf/grf.rf/gntv_or_sync_fifo.mem/gdm.dm/RAM_reg_0_15_0_5/RAMA_D1/CLK
Low Pulse Width   Slow    RAMD32/CLK          n/a            0.768         4.000       3.232      SLICE_X66Y149    dbg_hub/inst/CORE_XSDB.UUT_MASTER/U_ICON_INTERFACE/U_CMD6_RD/U_RD_FIFO/SUBCORE_FIFO.xsdbm_v1_1_rdfifo_inst/inst_fifo_gen/gconvfifo.rf/grf.rf/gntv_or_sync_fifo.mem/gdm.dm/RAM_reg_0_15_0_5/RAMB/CLK
Low Pulse Width   Slow    RAMD32/CLK          n/a            0.768         4.000       3.232      SLICE_X66Y149    dbg_hub/inst/CORE_XSDB.UUT_MASTER/U_ICON_INTERFACE/U_CMD6_RD/U_RD_FIFO/SUBCORE_FIFO.xsdbm_v1_1_rdfifo_inst/inst_fifo_gen/gconvfifo.rf/grf.rf/gntv_or_sync_fifo.mem/gdm.dm/RAM_reg_0_15_0_5/RAMB_D1/CLK
High Pulse Width  Fast    PLLE2_ADV/CLKIN1    n/a            2.000         4.000       2.000      PLLE2_ADV_X0Y3   NIM_CLKS_BLOCK/U0/plle2_adv_inst/CLKIN1
High Pulse Width  Fast    MMCME2_ADV/CLKIN1   n/a            2.000         4.000       2.000      MMCME2_ADV_X0Y3  clk_wiz_0_BLOCK/U0/mmcm_adv_inst/CLKIN1
High Pulse Width  Slow    MMCME2_ADV/CLKIN1   n/a            2.000         4.000       2.000      MMCME2_ADV_X0Y3  clk_wiz_0_BLOCK/U0/mmcm_adv_inst/CLKIN1
High Pulse Width  Slow    PLLE2_ADV/CLKIN1    n/a            2.000         4.000       2.000      PLLE2_ADV_X0Y3   NIM_CLKS_BLOCK/U0/plle2_adv_inst/CLKIN1
High Pulse Width  Fast    MMCME2_ADV/PSCLK    n/a            1.000         4.000       3.000      MMCME2_ADV_X1Y0  clk_wiz_2_BLOCK/U0/mmcm_adv_inst/PSCLK
High Pulse Width  Slow    MMCME2_ADV/PSCLK    n/a            1.000         4.000       3.001      MMCME2_ADV_X1Y0  clk_wiz_2_BLOCK/U0/mmcm_adv_inst/PSCLK
High Pulse Width  Fast    RAMD32/CLK          n/a            0.768         4.000       3.232      SLICE_X66Y149    dbg_hub/inst/CORE_XSDB.UUT_MASTER/U_ICON_INTERFACE/U_CMD6_RD/U_RD_FIFO/SUBCORE_FIFO.xsdbm_v1_1_rdfifo_inst/inst_fifo_gen/gconvfifo.rf/grf.rf/gntv_or_sync_fifo.mem/gdm.dm/RAM_reg_0_15_0_5/RAMA/CLK
High Pulse Width  Fast    RAMD32/CLK          n/a            0.768         4.000       3.232      SLICE_X66Y149    dbg_hub/inst/CORE_XSDB.UUT_MASTER/U_ICON_INTERFACE/U_CMD6_RD/U_RD_FIFO/SUBCORE_FIFO.xsdbm_v1_1_rdfifo_inst/inst_fifo_gen/gconvfifo.rf/grf.rf/gntv_or_sync_fifo.mem/gdm.dm/RAM_reg_0_15_0_5/RAMA_D1/CLK
High Pulse Width  Fast    RAMD32/CLK          n/a            0.768         4.000       3.232      SLICE_X66Y149    dbg_hub/inst/CORE_XSDB.UUT_MASTER/U_ICON_INTERFACE/U_CMD6_RD/U_RD_FIFO/SUBCORE_FIFO.xsdbm_v1_1_rdfifo_inst/inst_fifo_gen/gconvfifo.rf/grf.rf/gntv_or_sync_fifo.mem/gdm.dm/RAM_reg_0_15_0_5/RAMB/CLK
High Pulse Width  Fast    RAMD32/CLK          n/a            0.768         4.000       3.232      SLICE_X66Y149    dbg_hub/inst/CORE_XSDB.UUT_MASTER/U_ICON_INTERFACE/U_CMD6_RD/U_RD_FIFO/SUBCORE_FIFO.xsdbm_v1_1_rdfifo_inst/inst_fifo_gen/gconvfifo.rf/grf.rf/gntv_or_sync_fifo.mem/gdm.dm/RAM_reg_0_15_0_5/RAMB_D1/CLK



---------------------------------------------------------------------------------------------------
From Clock:  clk_out0_NIM_CLKS
  To Clock:  clk_out0_NIM_CLKS

Setup :           NA  Failing Endpoints,  Worst Slack           NA  ,  Total Violation           NA
Hold  :           NA  Failing Endpoints,  Worst Slack           NA  ,  Total Violation           NA
PW    :            0  Failing Endpoints,  Worst Slack        6.591ns,  Total Violation        0.000ns
---------------------------------------------------------------------------------------------------


Pulse Width Checks
--------------------------------------------------------------------------------------
Clock Name:         clk_out0_NIM_CLKS
Waveform(ns):       { 0.000 4.000 }
Period(ns):         8.000
Sources:            { NIM_CLKS_BLOCK/U0/plle2_adv_inst/CLKOUT0 }

Check Type  Corner  Lib Pin            Reference Pin  Required(ns)  Actual(ns)  Slack(ns)  Location        Pin
Min Period  n/a     BUFG/I             n/a            1.408         8.000       6.591      BUFGCTRL_X0Y5   DAC_CLK_bufg/I
Min Period  n/a     PLLE2_ADV/CLKOUT0  n/a            1.071         8.000       6.929      PLLE2_ADV_X0Y3  NIM_CLKS_BLOCK/U0/plle2_adv_inst/CLKOUT0
Max Period  n/a     PLLE2_ADV/CLKOUT0  n/a            160.000       8.000       152.000    PLLE2_ADV_X0Y3  NIM_CLKS_BLOCK/U0/plle2_adv_inst/CLKOUT0



---------------------------------------------------------------------------------------------------
From Clock:  clkfbout_NIM_CLKS
  To Clock:  clkfbout_NIM_CLKS

Setup :           NA  Failing Endpoints,  Worst Slack           NA  ,  Total Violation           NA
Hold  :           NA  Failing Endpoints,  Worst Slack           NA  ,  Total Violation           NA
PW    :            0  Failing Endpoints,  Worst Slack        6.591ns,  Total Violation        0.000ns
---------------------------------------------------------------------------------------------------


Pulse Width Checks
--------------------------------------------------------------------------------------
Clock Name:         clkfbout_NIM_CLKS
Waveform(ns):       { 0.000 4.000 }
Period(ns):         8.000
Sources:            { NIM_CLKS_BLOCK/U0/plle2_adv_inst/CLKFBOUT }

Check Type  Corner  Lib Pin             Reference Pin  Required(ns)  Actual(ns)  Slack(ns)  Location        Pin
Min Period  n/a     BUFG/I              n/a            1.408         8.000       6.591      BUFGCTRL_X0Y8   NIM_CLKS_BLOCK/U0/clkf_buf/I
Min Period  n/a     PLLE2_ADV/CLKFBIN   n/a            1.071         8.000       6.929      PLLE2_ADV_X0Y3  NIM_CLKS_BLOCK/U0/plle2_adv_inst/CLKFBIN
Min Period  n/a     PLLE2_ADV/CLKFBOUT  n/a            1.071         8.000       6.929      PLLE2_ADV_X0Y3  NIM_CLKS_BLOCK/U0/plle2_adv_inst/CLKFBOUT
Max Period  n/a     PLLE2_ADV/CLKFBIN   n/a            52.633        8.000       44.633     PLLE2_ADV_X0Y3  NIM_CLKS_BLOCK/U0/plle2_adv_inst/CLKFBIN
Max Period  n/a     PLLE2_ADV/CLKFBOUT  n/a            160.000       8.000       152.000    PLLE2_ADV_X0Y3  NIM_CLKS_BLOCK/U0/plle2_adv_inst/CLKFBOUT



---------------------------------------------------------------------------------------------------
From Clock:  clkfbout_clk_wiz_0
  To Clock:  clkfbout_clk_wiz_0

Setup :           NA  Failing Endpoints,  Worst Slack           NA  ,  Total Violation           NA
Hold  :           NA  Failing Endpoints,  Worst Slack           NA  ,  Total Violation           NA
PW    :            0  Failing Endpoints,  Worst Slack        6.591ns,  Total Violation        0.000ns
---------------------------------------------------------------------------------------------------


Pulse Width Checks
--------------------------------------------------------------------------------------
Clock Name:         clkfbout_clk_wiz_0
Waveform(ns):       { 0.000 4.000 }
Period(ns):         8.000
Sources:            { clk_wiz_0_BLOCK/U0/mmcm_adv_inst/CLKFBOUT }

Check Type  Corner  Lib Pin              Reference Pin  Required(ns)  Actual(ns)  Slack(ns)  Location         Pin
Min Period  n/a     BUFG/I               n/a            1.408         8.000       6.591      BUFGCTRL_X0Y9    clk_wiz_0_BLOCK/U0/clkf_buf/I
Min Period  n/a     MMCME2_ADV/CLKFBIN   n/a            1.071         8.000       6.929      MMCME2_ADV_X0Y3  clk_wiz_0_BLOCK/U0/mmcm_adv_inst/CLKFBIN
Min Period  n/a     MMCME2_ADV/CLKFBOUT  n/a            1.071         8.000       6.929      MMCME2_ADV_X0Y3  clk_wiz_0_BLOCK/U0/mmcm_adv_inst/CLKFBOUT
Max Period  n/a     MMCME2_ADV/CLKFBIN   n/a            100.000       8.000       92.000     MMCME2_ADV_X0Y3  clk_wiz_0_BLOCK/U0/mmcm_adv_inst/CLKFBIN
Max Period  n/a     MMCME2_ADV/CLKFBOUT  n/a            213.360       8.000       205.360    MMCME2_ADV_X0Y3  clk_wiz_0_BLOCK/U0/mmcm_adv_inst/CLKFBOUT



---------------------------------------------------------------------------------------------------
From Clock:  clkout320_clk_wiz_0
  To Clock:  clkout320_clk_wiz_0

Setup :           NA  Failing Endpoints,  Worst Slack           NA  ,  Total Violation           NA
Hold  :           NA  Failing Endpoints,  Worst Slack           NA  ,  Total Violation           NA
PW    :            0  Failing Endpoints,  Worst Slack        1.716ns,  Total Violation        0.000ns
---------------------------------------------------------------------------------------------------


Pulse Width Checks
--------------------------------------------------------------------------------------
Clock Name:         clkout320_clk_wiz_0
Waveform(ns):       { 0.000 1.562 }
Period(ns):         3.125
Sources:            { clk_wiz_0_BLOCK/U0/mmcm_adv_inst/CLKOUT0 }

Check Type  Corner  Lib Pin             Reference Pin  Required(ns)  Actual(ns)  Slack(ns)  Location         Pin
Min Period  n/a     BUFG/I              n/a            1.408         3.125       1.716      BUFGCTRL_X0Y16   CLK_mx_320_bufg/I
Min Period  n/a     BUFG/I              n/a            1.408         3.125       1.716      BUFGCTRL_X0Y10   clk_wiz_0_BLOCK/U0/clkout1_buf/I
Min Period  n/a     MMCME2_ADV/CLKOUT0  n/a            1.071         3.125       2.054      MMCME2_ADV_X0Y3  clk_wiz_0_BLOCK/U0/mmcm_adv_inst/CLKOUT0
Max Period  n/a     MMCME2_ADV/CLKOUT0  n/a            213.360       3.125       210.235    MMCME2_ADV_X0Y3  clk_wiz_0_BLOCK/U0/mmcm_adv_inst/CLKOUT0



---------------------------------------------------------------------------------------------------
From Clock:  clkout40_clk_wiz_0
  To Clock:  clkout40_clk_wiz_0

Setup :           NA  Failing Endpoints,  Worst Slack           NA  ,  Total Violation           NA
Hold  :           NA  Failing Endpoints,  Worst Slack           NA  ,  Total Violation           NA
PW    :            0  Failing Endpoints,  Worst Slack       23.591ns,  Total Violation        0.000ns
---------------------------------------------------------------------------------------------------


Pulse Width Checks
--------------------------------------------------------------------------------------
Clock Name:         clkout40_clk_wiz_0
Waveform(ns):       { 0.000 12.500 }
Period(ns):         25.000
Sources:            { clk_wiz_0_BLOCK/U0/mmcm_adv_inst/CLKOUT1 }

Check Type  Corner  Lib Pin             Reference Pin  Required(ns)  Actual(ns)  Slack(ns)  Location         Pin
Min Period  n/a     BUFG/I              n/a            1.408         25.000      23.591     BUFGCTRL_X0Y17   CLK_mx_40_bufg/I
Min Period  n/a     BUFG/I              n/a            1.408         25.000      23.591     BUFGCTRL_X0Y11   clk_wiz_0_BLOCK/U0/clkout2_buf/I
Min Period  n/a     MMCME2_ADV/CLKOUT1  n/a            1.071         25.000      23.929     MMCME2_ADV_X0Y3  clk_wiz_0_BLOCK/U0/mmcm_adv_inst/CLKOUT1
Max Period  n/a     MMCME2_ADV/CLKOUT1  n/a            213.360       25.000      188.360    MMCME2_ADV_X0Y3  clk_wiz_0_BLOCK/U0/mmcm_adv_inst/CLKOUT1



---------------------------------------------------------------------------------------------------
From Clock:  clk_wiz_2_BLOCK/U0/clk_39_in
  To Clock:  clk_wiz_2_BLOCK/U0/clk_39_in

Setup :           NA  Failing Endpoints,  Worst Slack           NA  ,  Total Violation           NA
Hold  :           NA  Failing Endpoints,  Worst Slack           NA  ,  Total Violation           NA
PW    :            0  Failing Endpoints,  Worst Slack        7.578ns,  Total Violation        0.000ns
---------------------------------------------------------------------------------------------------


Pulse Width Checks
--------------------------------------------------------------------------------------
Clock Name:         clk_wiz_2_BLOCK/U0/clk_39_in
Waveform(ns):       { 0.000 12.578 }
Period(ns):         25.157
Sources:            { clk_wiz_2_BLOCK/U0/clk_39_in }

Check Type        Corner  Lib Pin            Reference Pin  Required(ns)  Actual(ns)  Slack(ns)  Location         Pin
Min Period        n/a     MMCME2_ADV/CLKIN1  n/a            1.071         25.157      24.086     MMCME2_ADV_X1Y0  clk_wiz_2_BLOCK/U0/mmcm_adv_inst/CLKIN1
Max Period        n/a     MMCME2_ADV/CLKIN1  n/a            100.000       25.157      74.843     MMCME2_ADV_X1Y0  clk_wiz_2_BLOCK/U0/mmcm_adv_inst/CLKIN1
Low Pulse Width   Slow    MMCME2_ADV/CLKIN1  n/a            5.000         12.578      7.578      MMCME2_ADV_X1Y0  clk_wiz_2_BLOCK/U0/mmcm_adv_inst/CLKIN1
Low Pulse Width   Fast    MMCME2_ADV/CLKIN1  n/a            5.000         12.578      7.578      MMCME2_ADV_X1Y0  clk_wiz_2_BLOCK/U0/mmcm_adv_inst/CLKIN1
High Pulse Width  Slow    MMCME2_ADV/CLKIN1  n/a            5.000         12.578      7.578      MMCME2_ADV_X1Y0  clk_wiz_2_BLOCK/U0/mmcm_adv_inst/CLKIN1
High Pulse Width  Fast    MMCME2_ADV/CLKIN1  n/a            5.000         12.578      7.578      MMCME2_ADV_X1Y0  clk_wiz_2_BLOCK/U0/mmcm_adv_inst/CLKIN1



---------------------------------------------------------------------------------------------------
From Clock:  clk_39_adj_clk_wiz_2
  To Clock:  clk_39_adj_clk_wiz_2

Setup :           NA  Failing Endpoints,  Worst Slack           NA  ,  Total Violation           NA
Hold  :           NA  Failing Endpoints,  Worst Slack           NA  ,  Total Violation           NA
PW    :            0  Failing Endpoints,  Worst Slack       23.748ns,  Total Violation        0.000ns
---------------------------------------------------------------------------------------------------


Pulse Width Checks
--------------------------------------------------------------------------------------
Clock Name:         clk_39_adj_clk_wiz_2
Waveform(ns):       { 0.000 12.578 }
Period(ns):         25.157
Sources:            { clk_wiz_2_BLOCK/U0/mmcm_adv_inst/CLKOUT0 }

Check Type  Corner  Lib Pin             Reference Pin  Required(ns)  Actual(ns)  Slack(ns)  Location         Pin
Min Period  n/a     BUFG/I              n/a            1.408         25.157      23.748     BUFGCTRL_X0Y3    clk_wiz_2_BLOCK/U0/clkout1_buf/I
Min Period  n/a     MMCME2_ADV/CLKOUT0  n/a            1.071         25.157      24.086     MMCME2_ADV_X1Y0  clk_wiz_2_BLOCK/U0/mmcm_adv_inst/CLKOUT0
Max Period  n/a     MMCME2_ADV/CLKOUT0  n/a            213.360       25.157      188.203    MMCME2_ADV_X1Y0  clk_wiz_2_BLOCK/U0/mmcm_adv_inst/CLKOUT0



---------------------------------------------------------------------------------------------------
From Clock:  clkfbout_clk_wiz_2
  To Clock:  clkfbout_clk_wiz_2

Setup :           NA  Failing Endpoints,  Worst Slack           NA  ,  Total Violation           NA
Hold  :           NA  Failing Endpoints,  Worst Slack           NA  ,  Total Violation           NA
PW    :            0  Failing Endpoints,  Worst Slack       23.748ns,  Total Violation        0.000ns
---------------------------------------------------------------------------------------------------


Pulse Width Checks
--------------------------------------------------------------------------------------
Clock Name:         clkfbout_clk_wiz_2
Waveform(ns):       { 0.000 12.578 }
Period(ns):         25.157
Sources:            { clk_wiz_2_BLOCK/U0/mmcm_adv_inst/CLKFBOUT }

Check Type  Corner  Lib Pin              Reference Pin  Required(ns)  Actual(ns)  Slack(ns)  Location         Pin
Min Period  n/a     BUFG/I               n/a            1.408         25.157      23.748     BUFGCTRL_X0Y12   clk_wiz_2_BLOCK/U0/clkf_buf/I
Min Period  n/a     MMCME2_ADV/CLKFBIN   n/a            1.071         25.157      24.086     MMCME2_ADV_X1Y0  clk_wiz_2_BLOCK/U0/mmcm_adv_inst/CLKFBIN
Min Period  n/a     MMCME2_ADV/CLKFBOUT  n/a            1.071         25.157      24.086     MMCME2_ADV_X1Y0  clk_wiz_2_BLOCK/U0/mmcm_adv_inst/CLKFBOUT
Max Period  n/a     MMCME2_ADV/CLKFBIN   n/a            100.000       25.157      74.843     MMCME2_ADV_X1Y0  clk_wiz_2_BLOCK/U0/mmcm_adv_inst/CLKFBIN
Max Period  n/a     MMCME2_ADV/CLKFBOUT  n/a            213.360       25.157      188.203    MMCME2_ADV_X1Y0  clk_wiz_2_BLOCK/U0/mmcm_adv_inst/CLKFBOUT



---------------------------------------------------------------------------------------------------
From Clock:  dbg_hub/inst/N_EXT_BSCAN.bscan_inst/SERIES7_BSCAN.bscan_inst/DRCK
  To Clock:  dbg_hub/inst/N_EXT_BSCAN.bscan_inst/SERIES7_BSCAN.bscan_inst/DRCK

Setup :            0  Failing Endpoints,  Worst Slack       26.039ns,  Total Violation        0.000ns
Hold  :            0  Failing Endpoints,  Worst Slack        0.068ns,  Total Violation        0.000ns
PW    :            0  Failing Endpoints,  Worst Slack       14.232ns,  Total Violation        0.000ns
---------------------------------------------------------------------------------------------------


Max Delay Paths
--------------------------------------------------------------------------------------
Slack (MET) :             26.039ns  (required time - arrival time)
  Source:                 dbg_hub/inst/CORE_XSDB.U_ICON/U_SYNC/SYNC_reg/C
                            (rising edge-triggered cell FDRE clocked by dbg_hub/inst/N_EXT_BSCAN.bscan_inst/SERIES7_BSCAN.bscan_inst/DRCK  {rise@0.000ns fall@15.000ns period=30.000ns})
  Destination:            dbg_hub/inst/CORE_XSDB.UUT_MASTER/U_ICON_INTERFACE/U_CMD6_WR/U_WR_FIFO/SUBCORE_FIFO.xsdbm_v1_1_wrfifo_inst/inst_fifo_gen/gconvfifo.rf/grf.rf/gntv_or_sync_fifo.mem/gdm.dm/RAM_reg_0_15_0_5/RAMA/WE
                            (rising edge-triggered cell RAMD32 clocked by dbg_hub/inst/N_EXT_BSCAN.bscan_inst/SERIES7_BSCAN.bscan_inst/DRCK  {rise@0.000ns fall@15.000ns period=30.000ns})
  Path Group:             dbg_hub/inst/N_EXT_BSCAN.bscan_inst/SERIES7_BSCAN.bscan_inst/DRCK
  Path Type:              Setup (Max at Slow Process Corner)
  Requirement:            30.000ns  (dbg_hub/inst/N_EXT_BSCAN.bscan_inst/SERIES7_BSCAN.bscan_inst/DRCK rise@30.000ns - dbg_hub/inst/N_EXT_BSCAN.bscan_inst/SERIES7_BSCAN.bscan_inst/DRCK rise@0.000ns)
  Data Path Delay:        3.333ns  (logic 0.431ns (12.930%)  route 2.902ns (87.070%))
  Logic Levels:           4  (LUT2=2 LUT6=2)
  Clock Path Skew:        -0.289ns (DCD - SCD + CPR)
    Destination Clock Delay (DCD):    3.720ns = ( 33.720 - 30.000 ) 
    Source Clock Delay      (SCD):    4.502ns
    Clock Pessimism Removal (CPR):    0.493ns
  Clock Uncertainty:      0.035ns  ((TSJ^2 + TIJ^2)^1/2 + DJ) / 2 + PE
    Total System Jitter     (TSJ):    0.071ns
    Total Input Jitter      (TIJ):    0.000ns
    Discrete Jitter          (DJ):    0.000ns
    Phase Error              (PE):    0.000ns

    Location             Delay type                Incr(ns)  Path(ns)    Netlist Resource(s)
  -------------------------------------------------------------------    -------------------
                         (clock dbg_hub/inst/N_EXT_BSCAN.bscan_inst/SERIES7_BSCAN.bscan_inst/DRCK rise edge)
                                                      0.000     0.000 r  
    BSCAN_X0Y0           BSCANE2                      0.000     0.000 r  dbg_hub/inst/N_EXT_BSCAN.bscan_inst/SERIES7_BSCAN.bscan_inst/DRCK
                         net (fo=1, routed)           3.018     3.018    dbg_hub/inst/DRCK
    BUFGCTRL_X0Y4        BUFG (Prop_bufg_I_O)         0.093     3.111 r  dbg_hub/inst/N_EXT_BSCAN.u_bufg_icon/O
                         net (fo=269, routed)         1.391     4.502    dbg_hub/inst/CORE_XSDB.U_ICON/U_SYNC/CLK
    SLICE_X66Y140        FDRE                                         r  dbg_hub/inst/CORE_XSDB.U_ICON/U_SYNC/SYNC_reg/C
  -------------------------------------------------------------------    -------------------
    SLICE_X66Y140        FDRE (Prop_fdre_C_Q)         0.259     4.761 r  dbg_hub/inst/CORE_XSDB.U_ICON/U_SYNC/SYNC_reg/Q
                         net (fo=3, routed)           0.546     5.307    dbg_hub/inst/CORE_XSDB.U_ICON/U_SYNC/iSYNC
    SLICE_X63Y141        LUT2 (Prop_lut2_I0_O)        0.043     5.350 r  dbg_hub/inst/CORE_XSDB.U_ICON/U_SYNC/shift_reg_in[1]_i_3/O
                         net (fo=9, routed)           0.657     6.007    dbg_hub/inst/CORE_XSDB.U_ICON/U_CMD/p_103_in
    SLICE_X65Y142        LUT6 (Prop_lut6_I1_O)        0.043     6.050 r  dbg_hub/inst/CORE_XSDB.U_ICON/U_CMD/shift_reg_in[15]_i_2/O
                         net (fo=7, routed)           0.645     6.695    dbg_hub/inst/CORE_XSDB.U_ICON/U_CMD/shift_reg_in_reg[15][1]
    SLICE_X65Y146        LUT2 (Prop_lut2_I0_O)        0.043     6.738 r  dbg_hub/inst/CORE_XSDB.U_ICON/U_CMD/shift_reg_in[15]_i_1/O
                         net (fo=18, routed)          0.640     7.378    dbg_hub/inst/CORE_XSDB.UUT_MASTER/U_ICON_INTERFACE/U_CMD6_WR/U_WR_FIFO/SUBCORE_FIFO.xsdbm_v1_1_wrfifo_inst/inst_fifo_gen/gconvfifo.rf/grf.rf/gntv_or_sync_fifo.gl0.wr/gwas.wsts/shift_reg_in_reg[17][0]
    SLICE_X78Y153        LUT6 (Prop_lut6_I0_O)        0.043     7.421 r  dbg_hub/inst/CORE_XSDB.UUT_MASTER/U_ICON_INTERFACE/U_CMD6_WR/U_WR_FIFO/SUBCORE_FIFO.xsdbm_v1_1_wrfifo_inst/inst_fifo_gen/gconvfifo.rf/grf.rf/gntv_or_sync_fifo.gl0.wr/gwas.wsts/gic0.gc0.count_d1[3]_i_1/O
                         net (fo=37, routed)          0.414     7.835    dbg_hub/inst/CORE_XSDB.UUT_MASTER/U_ICON_INTERFACE/U_CMD6_WR/U_WR_FIFO/SUBCORE_FIFO.xsdbm_v1_1_wrfifo_inst/inst_fifo_gen/gconvfifo.rf/grf.rf/gntv_or_sync_fifo.mem/gdm.dm/RAM_reg_0_15_0_5/WE
    SLICE_X70Y153        RAMD32                                       r  dbg_hub/inst/CORE_XSDB.UUT_MASTER/U_ICON_INTERFACE/U_CMD6_WR/U_WR_FIFO/SUBCORE_FIFO.xsdbm_v1_1_wrfifo_inst/inst_fifo_gen/gconvfifo.rf/grf.rf/gntv_or_sync_fifo.mem/gdm.dm/RAM_reg_0_15_0_5/RAMA/WE
  -------------------------------------------------------------------    -------------------

                         (clock dbg_hub/inst/N_EXT_BSCAN.bscan_inst/SERIES7_BSCAN.bscan_inst/DRCK rise edge)
                                                     30.000    30.000 r  
    BSCAN_X0Y0           BSCANE2                      0.000    30.000 r  dbg_hub/inst/N_EXT_BSCAN.bscan_inst/SERIES7_BSCAN.bscan_inst/DRCK
                         net (fo=1, routed)           2.548    32.548    dbg_hub/inst/DRCK
    BUFGCTRL_X0Y4        BUFG (Prop_bufg_I_O)         0.083    32.631 r  dbg_hub/inst/N_EXT_BSCAN.u_bufg_icon/O
                         net (fo=269, routed)         1.089    33.720    dbg_hub/inst/CORE_XSDB.UUT_MASTER/U_ICON_INTERFACE/U_CMD6_WR/U_WR_FIFO/SUBCORE_FIFO.xsdbm_v1_1_wrfifo_inst/inst_fifo_gen/gconvfifo.rf/grf.rf/gntv_or_sync_fifo.mem/gdm.dm/RAM_reg_0_15_0_5/WCLK
    SLICE_X70Y153        RAMD32                                       r  dbg_hub/inst/CORE_XSDB.UUT_MASTER/U_ICON_INTERFACE/U_CMD6_WR/U_WR_FIFO/SUBCORE_FIFO.xsdbm_v1_1_wrfifo_inst/inst_fifo_gen/gconvfifo.rf/grf.rf/gntv_or_sync_fifo.mem/gdm.dm/RAM_reg_0_15_0_5/RAMA/CLK
                         clock pessimism              0.493    34.213    
                         clock uncertainty           -0.035    34.177    
    SLICE_X70Y153        RAMD32 (Setup_ramd32_CLK_WE)
                                                     -0.303    33.874    dbg_hub/inst/CORE_XSDB.UUT_MASTER/U_ICON_INTERFACE/U_CMD6_WR/U_WR_FIFO/SUBCORE_FIFO.xsdbm_v1_1_wrfifo_inst/inst_fifo_gen/gconvfifo.rf/grf.rf/gntv_or_sync_fifo.mem/gdm.dm/RAM_reg_0_15_0_5/RAMA
  -------------------------------------------------------------------
                         required time                         33.874    
                         arrival time                          -7.835    
  -------------------------------------------------------------------
                         slack                                 26.039    

Slack (MET) :             26.039ns  (required time - arrival time)
  Source:                 dbg_hub/inst/CORE_XSDB.U_ICON/U_SYNC/SYNC_reg/C
                            (rising edge-triggered cell FDRE clocked by dbg_hub/inst/N_EXT_BSCAN.bscan_inst/SERIES7_BSCAN.bscan_inst/DRCK  {rise@0.000ns fall@15.000ns period=30.000ns})
  Destination:            dbg_hub/inst/CORE_XSDB.UUT_MASTER/U_ICON_INTERFACE/U_CMD6_WR/U_WR_FIFO/SUBCORE_FIFO.xsdbm_v1_1_wrfifo_inst/inst_fifo_gen/gconvfifo.rf/grf.rf/gntv_or_sync_fifo.mem/gdm.dm/RAM_reg_0_15_0_5/RAMA_D1/WE
                            (rising edge-triggered cell RAMD32 clocked by dbg_hub/inst/N_EXT_BSCAN.bscan_inst/SERIES7_BSCAN.bscan_inst/DRCK  {rise@0.000ns fall@15.000ns period=30.000ns})
  Path Group:             dbg_hub/inst/N_EXT_BSCAN.bscan_inst/SERIES7_BSCAN.bscan_inst/DRCK
  Path Type:              Setup (Max at Slow Process Corner)
  Requirement:            30.000ns  (dbg_hub/inst/N_EXT_BSCAN.bscan_inst/SERIES7_BSCAN.bscan_inst/DRCK rise@30.000ns - dbg_hub/inst/N_EXT_BSCAN.bscan_inst/SERIES7_BSCAN.bscan_inst/DRCK rise@0.000ns)
  Data Path Delay:        3.333ns  (logic 0.431ns (12.930%)  route 2.902ns (87.070%))
  Logic Levels:           4  (LUT2=2 LUT6=2)
  Clock Path Skew:        -0.289ns (DCD - SCD + CPR)
    Destination Clock Delay (DCD):    3.720ns = ( 33.720 - 30.000 ) 
    Source Clock Delay      (SCD):    4.502ns
    Clock Pessimism Removal (CPR):    0.493ns
  Clock Uncertainty:      0.035ns  ((TSJ^2 + TIJ^2)^1/2 + DJ) / 2 + PE
    Total System Jitter     (TSJ):    0.071ns
    Total Input Jitter      (TIJ):    0.000ns
    Discrete Jitter          (DJ):    0.000ns
    Phase Error              (PE):    0.000ns

    Location             Delay type                Incr(ns)  Path(ns)    Netlist Resource(s)
  -------------------------------------------------------------------    -------------------
                         (clock dbg_hub/inst/N_EXT_BSCAN.bscan_inst/SERIES7_BSCAN.bscan_inst/DRCK rise edge)
                                                      0.000     0.000 r  
    BSCAN_X0Y0           BSCANE2                      0.000     0.000 r  dbg_hub/inst/N_EXT_BSCAN.bscan_inst/SERIES7_BSCAN.bscan_inst/DRCK
                         net (fo=1, routed)           3.018     3.018    dbg_hub/inst/DRCK
    BUFGCTRL_X0Y4        BUFG (Prop_bufg_I_O)         0.093     3.111 r  dbg_hub/inst/N_EXT_BSCAN.u_bufg_icon/O
                         net (fo=269, routed)         1.391     4.502    dbg_hub/inst/CORE_XSDB.U_ICON/U_SYNC/CLK
    SLICE_X66Y140        FDRE                                         r  dbg_hub/inst/CORE_XSDB.U_ICON/U_SYNC/SYNC_reg/C
  -------------------------------------------------------------------    -------------------
    SLICE_X66Y140        FDRE (Prop_fdre_C_Q)         0.259     4.761 r  dbg_hub/inst/CORE_XSDB.U_ICON/U_SYNC/SYNC_reg/Q
                         net (fo=3, routed)           0.546     5.307    dbg_hub/inst/CORE_XSDB.U_ICON/U_SYNC/iSYNC
    SLICE_X63Y141        LUT2 (Prop_lut2_I0_O)        0.043     5.350 r  dbg_hub/inst/CORE_XSDB.U_ICON/U_SYNC/shift_reg_in[1]_i_3/O
                         net (fo=9, routed)           0.657     6.007    dbg_hub/inst/CORE_XSDB.U_ICON/U_CMD/p_103_in
    SLICE_X65Y142        LUT6 (Prop_lut6_I1_O)        0.043     6.050 r  dbg_hub/inst/CORE_XSDB.U_ICON/U_CMD/shift_reg_in[15]_i_2/O
                         net (fo=7, routed)           0.645     6.695    dbg_hub/inst/CORE_XSDB.U_ICON/U_CMD/shift_reg_in_reg[15][1]
    SLICE_X65Y146        LUT2 (Prop_lut2_I0_O)        0.043     6.738 r  dbg_hub/inst/CORE_XSDB.U_ICON/U_CMD/shift_reg_in[15]_i_1/O
                         net (fo=18, routed)          0.640     7.378    dbg_hub/inst/CORE_XSDB.UUT_MASTER/U_ICON_INTERFACE/U_CMD6_WR/U_WR_FIFO/SUBCORE_FIFO.xsdbm_v1_1_wrfifo_inst/inst_fifo_gen/gconvfifo.rf/grf.rf/gntv_or_sync_fifo.gl0.wr/gwas.wsts/shift_reg_in_reg[17][0]
    SLICE_X78Y153        LUT6 (Prop_lut6_I0_O)        0.043     7.421 r  dbg_hub/inst/CORE_XSDB.UUT_MASTER/U_ICON_INTERFACE/U_CMD6_WR/U_WR_FIFO/SUBCORE_FIFO.xsdbm_v1_1_wrfifo_inst/inst_fifo_gen/gconvfifo.rf/grf.rf/gntv_or_sync_fifo.gl0.wr/gwas.wsts/gic0.gc0.count_d1[3]_i_1/O
                         net (fo=37, routed)          0.414     7.835    dbg_hub/inst/CORE_XSDB.UUT_MASTER/U_ICON_INTERFACE/U_CMD6_WR/U_WR_FIFO/SUBCORE_FIFO.xsdbm_v1_1_wrfifo_inst/inst_fifo_gen/gconvfifo.rf/grf.rf/gntv_or_sync_fifo.mem/gdm.dm/RAM_reg_0_15_0_5/WE
    SLICE_X70Y153        RAMD32                                       r  dbg_hub/inst/CORE_XSDB.UUT_MASTER/U_ICON_INTERFACE/U_CMD6_WR/U_WR_FIFO/SUBCORE_FIFO.xsdbm_v1_1_wrfifo_inst/inst_fifo_gen/gconvfifo.rf/grf.rf/gntv_or_sync_fifo.mem/gdm.dm/RAM_reg_0_15_0_5/RAMA_D1/WE
  -------------------------------------------------------------------    -------------------

                         (clock dbg_hub/inst/N_EXT_BSCAN.bscan_inst/SERIES7_BSCAN.bscan_inst/DRCK rise edge)
                                                     30.000    30.000 r  
    BSCAN_X0Y0           BSCANE2                      0.000    30.000 r  dbg_hub/inst/N_EXT_BSCAN.bscan_inst/SERIES7_BSCAN.bscan_inst/DRCK
                         net (fo=1, routed)           2.548    32.548    dbg_hub/inst/DRCK
    BUFGCTRL_X0Y4        BUFG (Prop_bufg_I_O)         0.083    32.631 r  dbg_hub/inst/N_EXT_BSCAN.u_bufg_icon/O
                         net (fo=269, routed)         1.089    33.720    dbg_hub/inst/CORE_XSDB.UUT_MASTER/U_ICON_INTERFACE/U_CMD6_WR/U_WR_FIFO/SUBCORE_FIFO.xsdbm_v1_1_wrfifo_inst/inst_fifo_gen/gconvfifo.rf/grf.rf/gntv_or_sync_fifo.mem/gdm.dm/RAM_reg_0_15_0_5/WCLK
    SLICE_X70Y153        RAMD32                                       r  dbg_hub/inst/CORE_XSDB.UUT_MASTER/U_ICON_INTERFACE/U_CMD6_WR/U_WR_FIFO/SUBCORE_FIFO.xsdbm_v1_1_wrfifo_inst/inst_fifo_gen/gconvfifo.rf/grf.rf/gntv_or_sync_fifo.mem/gdm.dm/RAM_reg_0_15_0_5/RAMA_D1/CLK
                         clock pessimism              0.493    34.213    
                         clock uncertainty           -0.035    34.177    
    SLICE_X70Y153        RAMD32 (Setup_ramd32_CLK_WE)
                                                     -0.303    33.874    dbg_hub/inst/CORE_XSDB.UUT_MASTER/U_ICON_INTERFACE/U_CMD6_WR/U_WR_FIFO/SUBCORE_FIFO.xsdbm_v1_1_wrfifo_inst/inst_fifo_gen/gconvfifo.rf/grf.rf/gntv_or_sync_fifo.mem/gdm.dm/RAM_reg_0_15_0_5/RAMA_D1
  -------------------------------------------------------------------
                         required time                         33.874    
                         arrival time                          -7.835    
  -------------------------------------------------------------------
                         slack                                 26.039    

Slack (MET) :             26.039ns  (required time - arrival time)
  Source:                 dbg_hub/inst/CORE_XSDB.U_ICON/U_SYNC/SYNC_reg/C
                            (rising edge-triggered cell FDRE clocked by dbg_hub/inst/N_EXT_BSCAN.bscan_inst/SERIES7_BSCAN.bscan_inst/DRCK  {rise@0.000ns fall@15.000ns period=30.000ns})
  Destination:            dbg_hub/inst/CORE_XSDB.UUT_MASTER/U_ICON_INTERFACE/U_CMD6_WR/U_WR_FIFO/SUBCORE_FIFO.xsdbm_v1_1_wrfifo_inst/inst_fifo_gen/gconvfifo.rf/grf.rf/gntv_or_sync_fifo.mem/gdm.dm/RAM_reg_0_15_0_5/RAMB/WE
                            (rising edge-triggered cell RAMD32 clocked by dbg_hub/inst/N_EXT_BSCAN.bscan_inst/SERIES7_BSCAN.bscan_inst/DRCK  {rise@0.000ns fall@15.000ns period=30.000ns})
  Path Group:             dbg_hub/inst/N_EXT_BSCAN.bscan_inst/SERIES7_BSCAN.bscan_inst/DRCK
  Path Type:              Setup (Max at Slow Process Corner)
  Requirement:            30.000ns  (dbg_hub/inst/N_EXT_BSCAN.bscan_inst/SERIES7_BSCAN.bscan_inst/DRCK rise@30.000ns - dbg_hub/inst/N_EXT_BSCAN.bscan_inst/SERIES7_BSCAN.bscan_inst/DRCK rise@0.000ns)
  Data Path Delay:        3.333ns  (logic 0.431ns (12.930%)  route 2.902ns (87.070%))
  Logic Levels:           4  (LUT2=2 LUT6=2)
  Clock Path Skew:        -0.289ns (DCD - SCD + CPR)
    Destination Clock Delay (DCD):    3.720ns = ( 33.720 - 30.000 ) 
    Source Clock Delay      (SCD):    4.502ns
    Clock Pessimism Removal (CPR):    0.493ns
  Clock Uncertainty:      0.035ns  ((TSJ^2 + TIJ^2)^1/2 + DJ) / 2 + PE
    Total System Jitter     (TSJ):    0.071ns
    Total Input Jitter      (TIJ):    0.000ns
    Discrete Jitter          (DJ):    0.000ns
    Phase Error              (PE):    0.000ns

    Location             Delay type                Incr(ns)  Path(ns)    Netlist Resource(s)
  -------------------------------------------------------------------    -------------------
                         (clock dbg_hub/inst/N_EXT_BSCAN.bscan_inst/SERIES7_BSCAN.bscan_inst/DRCK rise edge)
                                                      0.000     0.000 r  
    BSCAN_X0Y0           BSCANE2                      0.000     0.000 r  dbg_hub/inst/N_EXT_BSCAN.bscan_inst/SERIES7_BSCAN.bscan_inst/DRCK
                         net (fo=1, routed)           3.018     3.018    dbg_hub/inst/DRCK
    BUFGCTRL_X0Y4        BUFG (Prop_bufg_I_O)         0.093     3.111 r  dbg_hub/inst/N_EXT_BSCAN.u_bufg_icon/O
                         net (fo=269, routed)         1.391     4.502    dbg_hub/inst/CORE_XSDB.U_ICON/U_SYNC/CLK
    SLICE_X66Y140        FDRE                                         r  dbg_hub/inst/CORE_XSDB.U_ICON/U_SYNC/SYNC_reg/C
  -------------------------------------------------------------------    -------------------
    SLICE_X66Y140        FDRE (Prop_fdre_C_Q)         0.259     4.761 r  dbg_hub/inst/CORE_XSDB.U_ICON/U_SYNC/SYNC_reg/Q
                         net (fo=3, routed)           0.546     5.307    dbg_hub/inst/CORE_XSDB.U_ICON/U_SYNC/iSYNC
    SLICE_X63Y141        LUT2 (Prop_lut2_I0_O)        0.043     5.350 r  dbg_hub/inst/CORE_XSDB.U_ICON/U_SYNC/shift_reg_in[1]_i_3/O
                         net (fo=9, routed)           0.657     6.007    dbg_hub/inst/CORE_XSDB.U_ICON/U_CMD/p_103_in
    SLICE_X65Y142        LUT6 (Prop_lut6_I1_O)        0.043     6.050 r  dbg_hub/inst/CORE_XSDB.U_ICON/U_CMD/shift_reg_in[15]_i_2/O
                         net (fo=7, routed)           0.645     6.695    dbg_hub/inst/CORE_XSDB.U_ICON/U_CMD/shift_reg_in_reg[15][1]
    SLICE_X65Y146        LUT2 (Prop_lut2_I0_O)        0.043     6.738 r  dbg_hub/inst/CORE_XSDB.U_ICON/U_CMD/shift_reg_in[15]_i_1/O
                         net (fo=18, routed)          0.640     7.378    dbg_hub/inst/CORE_XSDB.UUT_MASTER/U_ICON_INTERFACE/U_CMD6_WR/U_WR_FIFO/SUBCORE_FIFO.xsdbm_v1_1_wrfifo_inst/inst_fifo_gen/gconvfifo.rf/grf.rf/gntv_or_sync_fifo.gl0.wr/gwas.wsts/shift_reg_in_reg[17][0]
    SLICE_X78Y153        LUT6 (Prop_lut6_I0_O)        0.043     7.421 r  dbg_hub/inst/CORE_XSDB.UUT_MASTER/U_ICON_INTERFACE/U_CMD6_WR/U_WR_FIFO/SUBCORE_FIFO.xsdbm_v1_1_wrfifo_inst/inst_fifo_gen/gconvfifo.rf/grf.rf/gntv_or_sync_fifo.gl0.wr/gwas.wsts/gic0.gc0.count_d1[3]_i_1/O
                         net (fo=37, routed)          0.414     7.835    dbg_hub/inst/CORE_XSDB.UUT_MASTER/U_ICON_INTERFACE/U_CMD6_WR/U_WR_FIFO/SUBCORE_FIFO.xsdbm_v1_1_wrfifo_inst/inst_fifo_gen/gconvfifo.rf/grf.rf/gntv_or_sync_fifo.mem/gdm.dm/RAM_reg_0_15_0_5/WE
    SLICE_X70Y153        RAMD32                                       r  dbg_hub/inst/CORE_XSDB.UUT_MASTER/U_ICON_INTERFACE/U_CMD6_WR/U_WR_FIFO/SUBCORE_FIFO.xsdbm_v1_1_wrfifo_inst/inst_fifo_gen/gconvfifo.rf/grf.rf/gntv_or_sync_fifo.mem/gdm.dm/RAM_reg_0_15_0_5/RAMB/WE
  -------------------------------------------------------------------    -------------------

                         (clock dbg_hub/inst/N_EXT_BSCAN.bscan_inst/SERIES7_BSCAN.bscan_inst/DRCK rise edge)
                                                     30.000    30.000 r  
    BSCAN_X0Y0           BSCANE2                      0.000    30.000 r  dbg_hub/inst/N_EXT_BSCAN.bscan_inst/SERIES7_BSCAN.bscan_inst/DRCK
                         net (fo=1, routed)           2.548    32.548    dbg_hub/inst/DRCK
    BUFGCTRL_X0Y4        BUFG (Prop_bufg_I_O)         0.083    32.631 r  dbg_hub/inst/N_EXT_BSCAN.u_bufg_icon/O
                         net (fo=269, routed)         1.089    33.720    dbg_hub/inst/CORE_XSDB.UUT_MASTER/U_ICON_INTERFACE/U_CMD6_WR/U_WR_FIFO/SUBCORE_FIFO.xsdbm_v1_1_wrfifo_inst/inst_fifo_gen/gconvfifo.rf/grf.rf/gntv_or_sync_fifo.mem/gdm.dm/RAM_reg_0_15_0_5/WCLK
    SLICE_X70Y153        RAMD32                                       r  dbg_hub/inst/CORE_XSDB.UUT_MASTER/U_ICON_INTERFACE/U_CMD6_WR/U_WR_FIFO/SUBCORE_FIFO.xsdbm_v1_1_wrfifo_inst/inst_fifo_gen/gconvfifo.rf/grf.rf/gntv_or_sync_fifo.mem/gdm.dm/RAM_reg_0_15_0_5/RAMB/CLK
                         clock pessimism              0.493    34.213    
                         clock uncertainty           -0.035    34.177    
    SLICE_X70Y153        RAMD32 (Setup_ramd32_CLK_WE)
                                                     -0.303    33.874    dbg_hub/inst/CORE_XSDB.UUT_MASTER/U_ICON_INTERFACE/U_CMD6_WR/U_WR_FIFO/SUBCORE_FIFO.xsdbm_v1_1_wrfifo_inst/inst_fifo_gen/gconvfifo.rf/grf.rf/gntv_or_sync_fifo.mem/gdm.dm/RAM_reg_0_15_0_5/RAMB
  -------------------------------------------------------------------
                         required time                         33.874    
                         arrival time                          -7.835    
  -------------------------------------------------------------------
                         slack                                 26.039    

Slack (MET) :             26.039ns  (required time - arrival time)
  Source:                 dbg_hub/inst/CORE_XSDB.U_ICON/U_SYNC/SYNC_reg/C
                            (rising edge-triggered cell FDRE clocked by dbg_hub/inst/N_EXT_BSCAN.bscan_inst/SERIES7_BSCAN.bscan_inst/DRCK  {rise@0.000ns fall@15.000ns period=30.000ns})
  Destination:            dbg_hub/inst/CORE_XSDB.UUT_MASTER/U_ICON_INTERFACE/U_CMD6_WR/U_WR_FIFO/SUBCORE_FIFO.xsdbm_v1_1_wrfifo_inst/inst_fifo_gen/gconvfifo.rf/grf.rf/gntv_or_sync_fifo.mem/gdm.dm/RAM_reg_0_15_0_5/RAMB_D1/WE
                            (rising edge-triggered cell RAMD32 clocked by dbg_hub/inst/N_EXT_BSCAN.bscan_inst/SERIES7_BSCAN.bscan_inst/DRCK  {rise@0.000ns fall@15.000ns period=30.000ns})
  Path Group:             dbg_hub/inst/N_EXT_BSCAN.bscan_inst/SERIES7_BSCAN.bscan_inst/DRCK
  Path Type:              Setup (Max at Slow Process Corner)
  Requirement:            30.000ns  (dbg_hub/inst/N_EXT_BSCAN.bscan_inst/SERIES7_BSCAN.bscan_inst/DRCK rise@30.000ns - dbg_hub/inst/N_EXT_BSCAN.bscan_inst/SERIES7_BSCAN.bscan_inst/DRCK rise@0.000ns)
  Data Path Delay:        3.333ns  (logic 0.431ns (12.930%)  route 2.902ns (87.070%))
  Logic Levels:           4  (LUT2=2 LUT6=2)
  Clock Path Skew:        -0.289ns (DCD - SCD + CPR)
    Destination Clock Delay (DCD):    3.720ns = ( 33.720 - 30.000 ) 
    Source Clock Delay      (SCD):    4.502ns
    Clock Pessimism Removal (CPR):    0.493ns
  Clock Uncertainty:      0.035ns  ((TSJ^2 + TIJ^2)^1/2 + DJ) / 2 + PE
    Total System Jitter     (TSJ):    0.071ns
    Total Input Jitter      (TIJ):    0.000ns
    Discrete Jitter          (DJ):    0.000ns
    Phase Error              (PE):    0.000ns

    Location             Delay type                Incr(ns)  Path(ns)    Netlist Resource(s)
  -------------------------------------------------------------------    -------------------
                         (clock dbg_hub/inst/N_EXT_BSCAN.bscan_inst/SERIES7_BSCAN.bscan_inst/DRCK rise edge)
                                                      0.000     0.000 r  
    BSCAN_X0Y0           BSCANE2                      0.000     0.000 r  dbg_hub/inst/N_EXT_BSCAN.bscan_inst/SERIES7_BSCAN.bscan_inst/DRCK
                         net (fo=1, routed)           3.018     3.018    dbg_hub/inst/DRCK
    BUFGCTRL_X0Y4        BUFG (Prop_bufg_I_O)         0.093     3.111 r  dbg_hub/inst/N_EXT_BSCAN.u_bufg_icon/O
                         net (fo=269, routed)         1.391     4.502    dbg_hub/inst/CORE_XSDB.U_ICON/U_SYNC/CLK
    SLICE_X66Y140        FDRE                                         r  dbg_hub/inst/CORE_XSDB.U_ICON/U_SYNC/SYNC_reg/C
  -------------------------------------------------------------------    -------------------
    SLICE_X66Y140        FDRE (Prop_fdre_C_Q)         0.259     4.761 r  dbg_hub/inst/CORE_XSDB.U_ICON/U_SYNC/SYNC_reg/Q
                         net (fo=3, routed)           0.546     5.307    dbg_hub/inst/CORE_XSDB.U_ICON/U_SYNC/iSYNC
    SLICE_X63Y141        LUT2 (Prop_lut2_I0_O)        0.043     5.350 r  dbg_hub/inst/CORE_XSDB.U_ICON/U_SYNC/shift_reg_in[1]_i_3/O
                         net (fo=9, routed)           0.657     6.007    dbg_hub/inst/CORE_XSDB.U_ICON/U_CMD/p_103_in
    SLICE_X65Y142        LUT6 (Prop_lut6_I1_O)        0.043     6.050 r  dbg_hub/inst/CORE_XSDB.U_ICON/U_CMD/shift_reg_in[15]_i_2/O
                         net (fo=7, routed)           0.645     6.695    dbg_hub/inst/CORE_XSDB.U_ICON/U_CMD/shift_reg_in_reg[15][1]
    SLICE_X65Y146        LUT2 (Prop_lut2_I0_O)        0.043     6.738 r  dbg_hub/inst/CORE_XSDB.U_ICON/U_CMD/shift_reg_in[15]_i_1/O
                         net (fo=18, routed)          0.640     7.378    dbg_hub/inst/CORE_XSDB.UUT_MASTER/U_ICON_INTERFACE/U_CMD6_WR/U_WR_FIFO/SUBCORE_FIFO.xsdbm_v1_1_wrfifo_inst/inst_fifo_gen/gconvfifo.rf/grf.rf/gntv_or_sync_fifo.gl0.wr/gwas.wsts/shift_reg_in_reg[17][0]
    SLICE_X78Y153        LUT6 (Prop_lut6_I0_O)        0.043     7.421 r  dbg_hub/inst/CORE_XSDB.UUT_MASTER/U_ICON_INTERFACE/U_CMD6_WR/U_WR_FIFO/SUBCORE_FIFO.xsdbm_v1_1_wrfifo_inst/inst_fifo_gen/gconvfifo.rf/grf.rf/gntv_or_sync_fifo.gl0.wr/gwas.wsts/gic0.gc0.count_d1[3]_i_1/O
                         net (fo=37, routed)          0.414     7.835    dbg_hub/inst/CORE_XSDB.UUT_MASTER/U_ICON_INTERFACE/U_CMD6_WR/U_WR_FIFO/SUBCORE_FIFO.xsdbm_v1_1_wrfifo_inst/inst_fifo_gen/gconvfifo.rf/grf.rf/gntv_or_sync_fifo.mem/gdm.dm/RAM_reg_0_15_0_5/WE
    SLICE_X70Y153        RAMD32                                       r  dbg_hub/inst/CORE_XSDB.UUT_MASTER/U_ICON_INTERFACE/U_CMD6_WR/U_WR_FIFO/SUBCORE_FIFO.xsdbm_v1_1_wrfifo_inst/inst_fifo_gen/gconvfifo.rf/grf.rf/gntv_or_sync_fifo.mem/gdm.dm/RAM_reg_0_15_0_5/RAMB_D1/WE
  -------------------------------------------------------------------    -------------------

                         (clock dbg_hub/inst/N_EXT_BSCAN.bscan_inst/SERIES7_BSCAN.bscan_inst/DRCK rise edge)
                                                     30.000    30.000 r  
    BSCAN_X0Y0           BSCANE2                      0.000    30.000 r  dbg_hub/inst/N_EXT_BSCAN.bscan_inst/SERIES7_BSCAN.bscan_inst/DRCK
                         net (fo=1, routed)           2.548    32.548    dbg_hub/inst/DRCK
    BUFGCTRL_X0Y4        BUFG (Prop_bufg_I_O)         0.083    32.631 r  dbg_hub/inst/N_EXT_BSCAN.u_bufg_icon/O
                         net (fo=269, routed)         1.089    33.720    dbg_hub/inst/CORE_XSDB.UUT_MASTER/U_ICON_INTERFACE/U_CMD6_WR/U_WR_FIFO/SUBCORE_FIFO.xsdbm_v1_1_wrfifo_inst/inst_fifo_gen/gconvfifo.rf/grf.rf/gntv_or_sync_fifo.mem/gdm.dm/RAM_reg_0_15_0_5/WCLK
    SLICE_X70Y153        RAMD32                                       r  dbg_hub/inst/CORE_XSDB.UUT_MASTER/U_ICON_INTERFACE/U_CMD6_WR/U_WR_FIFO/SUBCORE_FIFO.xsdbm_v1_1_wrfifo_inst/inst_fifo_gen/gconvfifo.rf/grf.rf/gntv_or_sync_fifo.mem/gdm.dm/RAM_reg_0_15_0_5/RAMB_D1/CLK
                         clock pessimism              0.493    34.213    
                         clock uncertainty           -0.035    34.177    
    SLICE_X70Y153        RAMD32 (Setup_ramd32_CLK_WE)
                                                     -0.303    33.874    dbg_hub/inst/CORE_XSDB.UUT_MASTER/U_ICON_INTERFACE/U_CMD6_WR/U_WR_FIFO/SUBCORE_FIFO.xsdbm_v1_1_wrfifo_inst/inst_fifo_gen/gconvfifo.rf/grf.rf/gntv_or_sync_fifo.mem/gdm.dm/RAM_reg_0_15_0_5/RAMB_D1
  -------------------------------------------------------------------
                         required time                         33.874    
                         arrival time                          -7.835    
  -------------------------------------------------------------------
                         slack                                 26.039    

Slack (MET) :             26.039ns  (required time - arrival time)
  Source:                 dbg_hub/inst/CORE_XSDB.U_ICON/U_SYNC/SYNC_reg/C
                            (rising edge-triggered cell FDRE clocked by dbg_hub/inst/N_EXT_BSCAN.bscan_inst/SERIES7_BSCAN.bscan_inst/DRCK  {rise@0.000ns fall@15.000ns period=30.000ns})
  Destination:            dbg_hub/inst/CORE_XSDB.UUT_MASTER/U_ICON_INTERFACE/U_CMD6_WR/U_WR_FIFO/SUBCORE_FIFO.xsdbm_v1_1_wrfifo_inst/inst_fifo_gen/gconvfifo.rf/grf.rf/gntv_or_sync_fifo.mem/gdm.dm/RAM_reg_0_15_0_5/RAMC/WE
                            (rising edge-triggered cell RAMD32 clocked by dbg_hub/inst/N_EXT_BSCAN.bscan_inst/SERIES7_BSCAN.bscan_inst/DRCK  {rise@0.000ns fall@15.000ns period=30.000ns})
  Path Group:             dbg_hub/inst/N_EXT_BSCAN.bscan_inst/SERIES7_BSCAN.bscan_inst/DRCK
  Path Type:              Setup (Max at Slow Process Corner)
  Requirement:            30.000ns  (dbg_hub/inst/N_EXT_BSCAN.bscan_inst/SERIES7_BSCAN.bscan_inst/DRCK rise@30.000ns - dbg_hub/inst/N_EXT_BSCAN.bscan_inst/SERIES7_BSCAN.bscan_inst/DRCK rise@0.000ns)
  Data Path Delay:        3.333ns  (logic 0.431ns (12.930%)  route 2.902ns (87.070%))
  Logic Levels:           4  (LUT2=2 LUT6=2)
  Clock Path Skew:        -0.289ns (DCD - SCD + CPR)
    Destination Clock Delay (DCD):    3.720ns = ( 33.720 - 30.000 ) 
    Source Clock Delay      (SCD):    4.502ns
    Clock Pessimism Removal (CPR):    0.493ns
  Clock Uncertainty:      0.035ns  ((TSJ^2 + TIJ^2)^1/2 + DJ) / 2 + PE
    Total System Jitter     (TSJ):    0.071ns
    Total Input Jitter      (TIJ):    0.000ns
    Discrete Jitter          (DJ):    0.000ns
    Phase Error              (PE):    0.000ns

    Location             Delay type                Incr(ns)  Path(ns)    Netlist Resource(s)
  -------------------------------------------------------------------    -------------------
                         (clock dbg_hub/inst/N_EXT_BSCAN.bscan_inst/SERIES7_BSCAN.bscan_inst/DRCK rise edge)
                                                      0.000     0.000 r  
    BSCAN_X0Y0           BSCANE2                      0.000     0.000 r  dbg_hub/inst/N_EXT_BSCAN.bscan_inst/SERIES7_BSCAN.bscan_inst/DRCK
                         net (fo=1, routed)           3.018     3.018    dbg_hub/inst/DRCK
    BUFGCTRL_X0Y4        BUFG (Prop_bufg_I_O)         0.093     3.111 r  dbg_hub/inst/N_EXT_BSCAN.u_bufg_icon/O
                         net (fo=269, routed)         1.391     4.502    dbg_hub/inst/CORE_XSDB.U_ICON/U_SYNC/CLK
    SLICE_X66Y140        FDRE                                         r  dbg_hub/inst/CORE_XSDB.U_ICON/U_SYNC/SYNC_reg/C
  -------------------------------------------------------------------    -------------------
    SLICE_X66Y140        FDRE (Prop_fdre_C_Q)         0.259     4.761 r  dbg_hub/inst/CORE_XSDB.U_ICON/U_SYNC/SYNC_reg/Q
                         net (fo=3, routed)           0.546     5.307    dbg_hub/inst/CORE_XSDB.U_ICON/U_SYNC/iSYNC
    SLICE_X63Y141        LUT2 (Prop_lut2_I0_O)        0.043     5.350 r  dbg_hub/inst/CORE_XSDB.U_ICON/U_SYNC/shift_reg_in[1]_i_3/O
                         net (fo=9, routed)           0.657     6.007    dbg_hub/inst/CORE_XSDB.U_ICON/U_CMD/p_103_in
    SLICE_X65Y142        LUT6 (Prop_lut6_I1_O)        0.043     6.050 r  dbg_hub/inst/CORE_XSDB.U_ICON/U_CMD/shift_reg_in[15]_i_2/O
                         net (fo=7, routed)           0.645     6.695    dbg_hub/inst/CORE_XSDB.U_ICON/U_CMD/shift_reg_in_reg[15][1]
    SLICE_X65Y146        LUT2 (Prop_lut2_I0_O)        0.043     6.738 r  dbg_hub/inst/CORE_XSDB.U_ICON/U_CMD/shift_reg_in[15]_i_1/O
                         net (fo=18, routed)          0.640     7.378    dbg_hub/inst/CORE_XSDB.UUT_MASTER/U_ICON_INTERFACE/U_CMD6_WR/U_WR_FIFO/SUBCORE_FIFO.xsdbm_v1_1_wrfifo_inst/inst_fifo_gen/gconvfifo.rf/grf.rf/gntv_or_sync_fifo.gl0.wr/gwas.wsts/shift_reg_in_reg[17][0]
    SLICE_X78Y153        LUT6 (Prop_lut6_I0_O)        0.043     7.421 r  dbg_hub/inst/CORE_XSDB.UUT_MASTER/U_ICON_INTERFACE/U_CMD6_WR/U_WR_FIFO/SUBCORE_FIFO.xsdbm_v1_1_wrfifo_inst/inst_fifo_gen/gconvfifo.rf/grf.rf/gntv_or_sync_fifo.gl0.wr/gwas.wsts/gic0.gc0.count_d1[3]_i_1/O
                         net (fo=37, routed)          0.414     7.835    dbg_hub/inst/CORE_XSDB.UUT_MASTER/U_ICON_INTERFACE/U_CMD6_WR/U_WR_FIFO/SUBCORE_FIFO.xsdbm_v1_1_wrfifo_inst/inst_fifo_gen/gconvfifo.rf/grf.rf/gntv_or_sync_fifo.mem/gdm.dm/RAM_reg_0_15_0_5/WE
    SLICE_X70Y153        RAMD32                                       r  dbg_hub/inst/CORE_XSDB.UUT_MASTER/U_ICON_INTERFACE/U_CMD6_WR/U_WR_FIFO/SUBCORE_FIFO.xsdbm_v1_1_wrfifo_inst/inst_fifo_gen/gconvfifo.rf/grf.rf/gntv_or_sync_fifo.mem/gdm.dm/RAM_reg_0_15_0_5/RAMC/WE
  -------------------------------------------------------------------    -------------------

                         (clock dbg_hub/inst/N_EXT_BSCAN.bscan_inst/SERIES7_BSCAN.bscan_inst/DRCK rise edge)
                                                     30.000    30.000 r  
    BSCAN_X0Y0           BSCANE2                      0.000    30.000 r  dbg_hub/inst/N_EXT_BSCAN.bscan_inst/SERIES7_BSCAN.bscan_inst/DRCK
                         net (fo=1, routed)           2.548    32.548    dbg_hub/inst/DRCK
    BUFGCTRL_X0Y4        BUFG (Prop_bufg_I_O)         0.083    32.631 r  dbg_hub/inst/N_EXT_BSCAN.u_bufg_icon/O
                         net (fo=269, routed)         1.089    33.720    dbg_hub/inst/CORE_XSDB.UUT_MASTER/U_ICON_INTERFACE/U_CMD6_WR/U_WR_FIFO/SUBCORE_FIFO.xsdbm_v1_1_wrfifo_inst/inst_fifo_gen/gconvfifo.rf/grf.rf/gntv_or_sync_fifo.mem/gdm.dm/RAM_reg_0_15_0_5/WCLK
    SLICE_X70Y153        RAMD32                                       r  dbg_hub/inst/CORE_XSDB.UUT_MASTER/U_ICON_INTERFACE/U_CMD6_WR/U_WR_FIFO/SUBCORE_FIFO.xsdbm_v1_1_wrfifo_inst/inst_fifo_gen/gconvfifo.rf/grf.rf/gntv_or_sync_fifo.mem/gdm.dm/RAM_reg_0_15_0_5/RAMC/CLK
                         clock pessimism              0.493    34.213    
                         clock uncertainty           -0.035    34.177    
    SLICE_X70Y153        RAMD32 (Setup_ramd32_CLK_WE)
                                                     -0.303    33.874    dbg_hub/inst/CORE_XSDB.UUT_MASTER/U_ICON_INTERFACE/U_CMD6_WR/U_WR_FIFO/SUBCORE_FIFO.xsdbm_v1_1_wrfifo_inst/inst_fifo_gen/gconvfifo.rf/grf.rf/gntv_or_sync_fifo.mem/gdm.dm/RAM_reg_0_15_0_5/RAMC
  -------------------------------------------------------------------
                         required time                         33.874    
                         arrival time                          -7.835    
  -------------------------------------------------------------------
                         slack                                 26.039    

Slack (MET) :             26.039ns  (required time - arrival time)
  Source:                 dbg_hub/inst/CORE_XSDB.U_ICON/U_SYNC/SYNC_reg/C
                            (rising edge-triggered cell FDRE clocked by dbg_hub/inst/N_EXT_BSCAN.bscan_inst/SERIES7_BSCAN.bscan_inst/DRCK  {rise@0.000ns fall@15.000ns period=30.000ns})
  Destination:            dbg_hub/inst/CORE_XSDB.UUT_MASTER/U_ICON_INTERFACE/U_CMD6_WR/U_WR_FIFO/SUBCORE_FIFO.xsdbm_v1_1_wrfifo_inst/inst_fifo_gen/gconvfifo.rf/grf.rf/gntv_or_sync_fifo.mem/gdm.dm/RAM_reg_0_15_0_5/RAMC_D1/WE
                            (rising edge-triggered cell RAMD32 clocked by dbg_hub/inst/N_EXT_BSCAN.bscan_inst/SERIES7_BSCAN.bscan_inst/DRCK  {rise@0.000ns fall@15.000ns period=30.000ns})
  Path Group:             dbg_hub/inst/N_EXT_BSCAN.bscan_inst/SERIES7_BSCAN.bscan_inst/DRCK
  Path Type:              Setup (Max at Slow Process Corner)
  Requirement:            30.000ns  (dbg_hub/inst/N_EXT_BSCAN.bscan_inst/SERIES7_BSCAN.bscan_inst/DRCK rise@30.000ns - dbg_hub/inst/N_EXT_BSCAN.bscan_inst/SERIES7_BSCAN.bscan_inst/DRCK rise@0.000ns)
  Data Path Delay:        3.333ns  (logic 0.431ns (12.930%)  route 2.902ns (87.070%))
  Logic Levels:           4  (LUT2=2 LUT6=2)
  Clock Path Skew:        -0.289ns (DCD - SCD + CPR)
    Destination Clock Delay (DCD):    3.720ns = ( 33.720 - 30.000 ) 
    Source Clock Delay      (SCD):    4.502ns
    Clock Pessimism Removal (CPR):    0.493ns
  Clock Uncertainty:      0.035ns  ((TSJ^2 + TIJ^2)^1/2 + DJ) / 2 + PE
    Total System Jitter     (TSJ):    0.071ns
    Total Input Jitter      (TIJ):    0.000ns
    Discrete Jitter          (DJ):    0.000ns
    Phase Error              (PE):    0.000ns

    Location             Delay type                Incr(ns)  Path(ns)    Netlist Resource(s)
  -------------------------------------------------------------------    -------------------
                         (clock dbg_hub/inst/N_EXT_BSCAN.bscan_inst/SERIES7_BSCAN.bscan_inst/DRCK rise edge)
                                                      0.000     0.000 r  
    BSCAN_X0Y0           BSCANE2                      0.000     0.000 r  dbg_hub/inst/N_EXT_BSCAN.bscan_inst/SERIES7_BSCAN.bscan_inst/DRCK
                         net (fo=1, routed)           3.018     3.018    dbg_hub/inst/DRCK
    BUFGCTRL_X0Y4        BUFG (Prop_bufg_I_O)         0.093     3.111 r  dbg_hub/inst/N_EXT_BSCAN.u_bufg_icon/O
                         net (fo=269, routed)         1.391     4.502    dbg_hub/inst/CORE_XSDB.U_ICON/U_SYNC/CLK
    SLICE_X66Y140        FDRE                                         r  dbg_hub/inst/CORE_XSDB.U_ICON/U_SYNC/SYNC_reg/C
  -------------------------------------------------------------------    -------------------
    SLICE_X66Y140        FDRE (Prop_fdre_C_Q)         0.259     4.761 r  dbg_hub/inst/CORE_XSDB.U_ICON/U_SYNC/SYNC_reg/Q
                         net (fo=3, routed)           0.546     5.307    dbg_hub/inst/CORE_XSDB.U_ICON/U_SYNC/iSYNC
    SLICE_X63Y141        LUT2 (Prop_lut2_I0_O)        0.043     5.350 r  dbg_hub/inst/CORE_XSDB.U_ICON/U_SYNC/shift_reg_in[1]_i_3/O
                         net (fo=9, routed)           0.657     6.007    dbg_hub/inst/CORE_XSDB.U_ICON/U_CMD/p_103_in
    SLICE_X65Y142        LUT6 (Prop_lut6_I1_O)        0.043     6.050 r  dbg_hub/inst/CORE_XSDB.U_ICON/U_CMD/shift_reg_in[15]_i_2/O
                         net (fo=7, routed)           0.645     6.695    dbg_hub/inst/CORE_XSDB.U_ICON/U_CMD/shift_reg_in_reg[15][1]
    SLICE_X65Y146        LUT2 (Prop_lut2_I0_O)        0.043     6.738 r  dbg_hub/inst/CORE_XSDB.U_ICON/U_CMD/shift_reg_in[15]_i_1/O
                         net (fo=18, routed)          0.640     7.378    dbg_hub/inst/CORE_XSDB.UUT_MASTER/U_ICON_INTERFACE/U_CMD6_WR/U_WR_FIFO/SUBCORE_FIFO.xsdbm_v1_1_wrfifo_inst/inst_fifo_gen/gconvfifo.rf/grf.rf/gntv_or_sync_fifo.gl0.wr/gwas.wsts/shift_reg_in_reg[17][0]
    SLICE_X78Y153        LUT6 (Prop_lut6_I0_O)        0.043     7.421 r  dbg_hub/inst/CORE_XSDB.UUT_MASTER/U_ICON_INTERFACE/U_CMD6_WR/U_WR_FIFO/SUBCORE_FIFO.xsdbm_v1_1_wrfifo_inst/inst_fifo_gen/gconvfifo.rf/grf.rf/gntv_or_sync_fifo.gl0.wr/gwas.wsts/gic0.gc0.count_d1[3]_i_1/O
                         net (fo=37, routed)          0.414     7.835    dbg_hub/inst/CORE_XSDB.UUT_MASTER/U_ICON_INTERFACE/U_CMD6_WR/U_WR_FIFO/SUBCORE_FIFO.xsdbm_v1_1_wrfifo_inst/inst_fifo_gen/gconvfifo.rf/grf.rf/gntv_or_sync_fifo.mem/gdm.dm/RAM_reg_0_15_0_5/WE
    SLICE_X70Y153        RAMD32                                       r  dbg_hub/inst/CORE_XSDB.UUT_MASTER/U_ICON_INTERFACE/U_CMD6_WR/U_WR_FIFO/SUBCORE_FIFO.xsdbm_v1_1_wrfifo_inst/inst_fifo_gen/gconvfifo.rf/grf.rf/gntv_or_sync_fifo.mem/gdm.dm/RAM_reg_0_15_0_5/RAMC_D1/WE
  -------------------------------------------------------------------    -------------------

                         (clock dbg_hub/inst/N_EXT_BSCAN.bscan_inst/SERIES7_BSCAN.bscan_inst/DRCK rise edge)
                                                     30.000    30.000 r  
    BSCAN_X0Y0           BSCANE2                      0.000    30.000 r  dbg_hub/inst/N_EXT_BSCAN.bscan_inst/SERIES7_BSCAN.bscan_inst/DRCK
                         net (fo=1, routed)           2.548    32.548    dbg_hub/inst/DRCK
    BUFGCTRL_X0Y4        BUFG (Prop_bufg_I_O)         0.083    32.631 r  dbg_hub/inst/N_EXT_BSCAN.u_bufg_icon/O
                         net (fo=269, routed)         1.089    33.720    dbg_hub/inst/CORE_XSDB.UUT_MASTER/U_ICON_INTERFACE/U_CMD6_WR/U_WR_FIFO/SUBCORE_FIFO.xsdbm_v1_1_wrfifo_inst/inst_fifo_gen/gconvfifo.rf/grf.rf/gntv_or_sync_fifo.mem/gdm.dm/RAM_reg_0_15_0_5/WCLK
    SLICE_X70Y153        RAMD32                                       r  dbg_hub/inst/CORE_XSDB.UUT_MASTER/U_ICON_INTERFACE/U_CMD6_WR/U_WR_FIFO/SUBCORE_FIFO.xsdbm_v1_1_wrfifo_inst/inst_fifo_gen/gconvfifo.rf/grf.rf/gntv_or_sync_fifo.mem/gdm.dm/RAM_reg_0_15_0_5/RAMC_D1/CLK
                         clock pessimism              0.493    34.213    
                         clock uncertainty           -0.035    34.177    
    SLICE_X70Y153        RAMD32 (Setup_ramd32_CLK_WE)
                                                     -0.303    33.874    dbg_hub/inst/CORE_XSDB.UUT_MASTER/U_ICON_INTERFACE/U_CMD6_WR/U_WR_FIFO/SUBCORE_FIFO.xsdbm_v1_1_wrfifo_inst/inst_fifo_gen/gconvfifo.rf/grf.rf/gntv_or_sync_fifo.mem/gdm.dm/RAM_reg_0_15_0_5/RAMC_D1
  -------------------------------------------------------------------
                         required time                         33.874    
                         arrival time                          -7.835    
  -------------------------------------------------------------------
                         slack                                 26.039    

Slack (MET) :             26.039ns  (required time - arrival time)
  Source:                 dbg_hub/inst/CORE_XSDB.U_ICON/U_SYNC/SYNC_reg/C
                            (rising edge-triggered cell FDRE clocked by dbg_hub/inst/N_EXT_BSCAN.bscan_inst/SERIES7_BSCAN.bscan_inst/DRCK  {rise@0.000ns fall@15.000ns period=30.000ns})
  Destination:            dbg_hub/inst/CORE_XSDB.UUT_MASTER/U_ICON_INTERFACE/U_CMD6_WR/U_WR_FIFO/SUBCORE_FIFO.xsdbm_v1_1_wrfifo_inst/inst_fifo_gen/gconvfifo.rf/grf.rf/gntv_or_sync_fifo.mem/gdm.dm/RAM_reg_0_15_0_5/RAMD/WE
                            (rising edge-triggered cell RAMS32 clocked by dbg_hub/inst/N_EXT_BSCAN.bscan_inst/SERIES7_BSCAN.bscan_inst/DRCK  {rise@0.000ns fall@15.000ns period=30.000ns})
  Path Group:             dbg_hub/inst/N_EXT_BSCAN.bscan_inst/SERIES7_BSCAN.bscan_inst/DRCK
  Path Type:              Setup (Max at Slow Process Corner)
  Requirement:            30.000ns  (dbg_hub/inst/N_EXT_BSCAN.bscan_inst/SERIES7_BSCAN.bscan_inst/DRCK rise@30.000ns - dbg_hub/inst/N_EXT_BSCAN.bscan_inst/SERIES7_BSCAN.bscan_inst/DRCK rise@0.000ns)
  Data Path Delay:        3.333ns  (logic 0.431ns (12.930%)  route 2.902ns (87.070%))
  Logic Levels:           4  (LUT2=2 LUT6=2)
  Clock Path Skew:        -0.289ns (DCD - SCD + CPR)
    Destination Clock Delay (DCD):    3.720ns = ( 33.720 - 30.000 ) 
    Source Clock Delay      (SCD):    4.502ns
    Clock Pessimism Removal (CPR):    0.493ns
  Clock Uncertainty:      0.035ns  ((TSJ^2 + TIJ^2)^1/2 + DJ) / 2 + PE
    Total System Jitter     (TSJ):    0.071ns
    Total Input Jitter      (TIJ):    0.000ns
    Discrete Jitter          (DJ):    0.000ns
    Phase Error              (PE):    0.000ns

    Location             Delay type                Incr(ns)  Path(ns)    Netlist Resource(s)
  -------------------------------------------------------------------    -------------------
                         (clock dbg_hub/inst/N_EXT_BSCAN.bscan_inst/SERIES7_BSCAN.bscan_inst/DRCK rise edge)
                                                      0.000     0.000 r  
    BSCAN_X0Y0           BSCANE2                      0.000     0.000 r  dbg_hub/inst/N_EXT_BSCAN.bscan_inst/SERIES7_BSCAN.bscan_inst/DRCK
                         net (fo=1, routed)           3.018     3.018    dbg_hub/inst/DRCK
    BUFGCTRL_X0Y4        BUFG (Prop_bufg_I_O)         0.093     3.111 r  dbg_hub/inst/N_EXT_BSCAN.u_bufg_icon/O
                         net (fo=269, routed)         1.391     4.502    dbg_hub/inst/CORE_XSDB.U_ICON/U_SYNC/CLK
    SLICE_X66Y140        FDRE                                         r  dbg_hub/inst/CORE_XSDB.U_ICON/U_SYNC/SYNC_reg/C
  -------------------------------------------------------------------    -------------------
    SLICE_X66Y140        FDRE (Prop_fdre_C_Q)         0.259     4.761 r  dbg_hub/inst/CORE_XSDB.U_ICON/U_SYNC/SYNC_reg/Q
                         net (fo=3, routed)           0.546     5.307    dbg_hub/inst/CORE_XSDB.U_ICON/U_SYNC/iSYNC
    SLICE_X63Y141        LUT2 (Prop_lut2_I0_O)        0.043     5.350 r  dbg_hub/inst/CORE_XSDB.U_ICON/U_SYNC/shift_reg_in[1]_i_3/O
                         net (fo=9, routed)           0.657     6.007    dbg_hub/inst/CORE_XSDB.U_ICON/U_CMD/p_103_in
    SLICE_X65Y142        LUT6 (Prop_lut6_I1_O)        0.043     6.050 r  dbg_hub/inst/CORE_XSDB.U_ICON/U_CMD/shift_reg_in[15]_i_2/O
                         net (fo=7, routed)           0.645     6.695    dbg_hub/inst/CORE_XSDB.U_ICON/U_CMD/shift_reg_in_reg[15][1]
    SLICE_X65Y146        LUT2 (Prop_lut2_I0_O)        0.043     6.738 r  dbg_hub/inst/CORE_XSDB.U_ICON/U_CMD/shift_reg_in[15]_i_1/O
                         net (fo=18, routed)          0.640     7.378    dbg_hub/inst/CORE_XSDB.UUT_MASTER/U_ICON_INTERFACE/U_CMD6_WR/U_WR_FIFO/SUBCORE_FIFO.xsdbm_v1_1_wrfifo_inst/inst_fifo_gen/gconvfifo.rf/grf.rf/gntv_or_sync_fifo.gl0.wr/gwas.wsts/shift_reg_in_reg[17][0]
    SLICE_X78Y153        LUT6 (Prop_lut6_I0_O)        0.043     7.421 r  dbg_hub/inst/CORE_XSDB.UUT_MASTER/U_ICON_INTERFACE/U_CMD6_WR/U_WR_FIFO/SUBCORE_FIFO.xsdbm_v1_1_wrfifo_inst/inst_fifo_gen/gconvfifo.rf/grf.rf/gntv_or_sync_fifo.gl0.wr/gwas.wsts/gic0.gc0.count_d1[3]_i_1/O
                         net (fo=37, routed)          0.414     7.835    dbg_hub/inst/CORE_XSDB.UUT_MASTER/U_ICON_INTERFACE/U_CMD6_WR/U_WR_FIFO/SUBCORE_FIFO.xsdbm_v1_1_wrfifo_inst/inst_fifo_gen/gconvfifo.rf/grf.rf/gntv_or_sync_fifo.mem/gdm.dm/RAM_reg_0_15_0_5/WE
    SLICE_X70Y153        RAMS32                                       r  dbg_hub/inst/CORE_XSDB.UUT_MASTER/U_ICON_INTERFACE/U_CMD6_WR/U_WR_FIFO/SUBCORE_FIFO.xsdbm_v1_1_wrfifo_inst/inst_fifo_gen/gconvfifo.rf/grf.rf/gntv_or_sync_fifo.mem/gdm.dm/RAM_reg_0_15_0_5/RAMD/WE
  -------------------------------------------------------------------    -------------------

                         (clock dbg_hub/inst/N_EXT_BSCAN.bscan_inst/SERIES7_BSCAN.bscan_inst/DRCK rise edge)
                                                     30.000    30.000 r  
    BSCAN_X0Y0           BSCANE2                      0.000    30.000 r  dbg_hub/inst/N_EXT_BSCAN.bscan_inst/SERIES7_BSCAN.bscan_inst/DRCK
                         net (fo=1, routed)           2.548    32.548    dbg_hub/inst/DRCK
    BUFGCTRL_X0Y4        BUFG (Prop_bufg_I_O)         0.083    32.631 r  dbg_hub/inst/N_EXT_BSCAN.u_bufg_icon/O
                         net (fo=269, routed)         1.089    33.720    dbg_hub/inst/CORE_XSDB.UUT_MASTER/U_ICON_INTERFACE/U_CMD6_WR/U_WR_FIFO/SUBCORE_FIFO.xsdbm_v1_1_wrfifo_inst/inst_fifo_gen/gconvfifo.rf/grf.rf/gntv_or_sync_fifo.mem/gdm.dm/RAM_reg_0_15_0_5/WCLK
    SLICE_X70Y153        RAMS32                                       r  dbg_hub/inst/CORE_XSDB.UUT_MASTER/U_ICON_INTERFACE/U_CMD6_WR/U_WR_FIFO/SUBCORE_FIFO.xsdbm_v1_1_wrfifo_inst/inst_fifo_gen/gconvfifo.rf/grf.rf/gntv_or_sync_fifo.mem/gdm.dm/RAM_reg_0_15_0_5/RAMD/CLK
                         clock pessimism              0.493    34.213    
                         clock uncertainty           -0.035    34.177    
    SLICE_X70Y153        RAMS32 (Setup_rams32_CLK_WE)
                                                     -0.303    33.874    dbg_hub/inst/CORE_XSDB.UUT_MASTER/U_ICON_INTERFACE/U_CMD6_WR/U_WR_FIFO/SUBCORE_FIFO.xsdbm_v1_1_wrfifo_inst/inst_fifo_gen/gconvfifo.rf/grf.rf/gntv_or_sync_fifo.mem/gdm.dm/RAM_reg_0_15_0_5/RAMD
  -------------------------------------------------------------------
                         required time                         33.874    
                         arrival time                          -7.835    
  -------------------------------------------------------------------
                         slack                                 26.039    

Slack (MET) :             26.039ns  (required time - arrival time)
  Source:                 dbg_hub/inst/CORE_XSDB.U_ICON/U_SYNC/SYNC_reg/C
                            (rising edge-triggered cell FDRE clocked by dbg_hub/inst/N_EXT_BSCAN.bscan_inst/SERIES7_BSCAN.bscan_inst/DRCK  {rise@0.000ns fall@15.000ns period=30.000ns})
  Destination:            dbg_hub/inst/CORE_XSDB.UUT_MASTER/U_ICON_INTERFACE/U_CMD6_WR/U_WR_FIFO/SUBCORE_FIFO.xsdbm_v1_1_wrfifo_inst/inst_fifo_gen/gconvfifo.rf/grf.rf/gntv_or_sync_fifo.mem/gdm.dm/RAM_reg_0_15_0_5/RAMD_D1/WE
                            (rising edge-triggered cell RAMS32 clocked by dbg_hub/inst/N_EXT_BSCAN.bscan_inst/SERIES7_BSCAN.bscan_inst/DRCK  {rise@0.000ns fall@15.000ns period=30.000ns})
  Path Group:             dbg_hub/inst/N_EXT_BSCAN.bscan_inst/SERIES7_BSCAN.bscan_inst/DRCK
  Path Type:              Setup (Max at Slow Process Corner)
  Requirement:            30.000ns  (dbg_hub/inst/N_EXT_BSCAN.bscan_inst/SERIES7_BSCAN.bscan_inst/DRCK rise@30.000ns - dbg_hub/inst/N_EXT_BSCAN.bscan_inst/SERIES7_BSCAN.bscan_inst/DRCK rise@0.000ns)
  Data Path Delay:        3.333ns  (logic 0.431ns (12.930%)  route 2.902ns (87.070%))
  Logic Levels:           4  (LUT2=2 LUT6=2)
  Clock Path Skew:        -0.289ns (DCD - SCD + CPR)
    Destination Clock Delay (DCD):    3.720ns = ( 33.720 - 30.000 ) 
    Source Clock Delay      (SCD):    4.502ns
    Clock Pessimism Removal (CPR):    0.493ns
  Clock Uncertainty:      0.035ns  ((TSJ^2 + TIJ^2)^1/2 + DJ) / 2 + PE
    Total System Jitter     (TSJ):    0.071ns
    Total Input Jitter      (TIJ):    0.000ns
    Discrete Jitter          (DJ):    0.000ns
    Phase Error              (PE):    0.000ns

    Location             Delay type                Incr(ns)  Path(ns)    Netlist Resource(s)
  -------------------------------------------------------------------    -------------------
                         (clock dbg_hub/inst/N_EXT_BSCAN.bscan_inst/SERIES7_BSCAN.bscan_inst/DRCK rise edge)
                                                      0.000     0.000 r  
    BSCAN_X0Y0           BSCANE2                      0.000     0.000 r  dbg_hub/inst/N_EXT_BSCAN.bscan_inst/SERIES7_BSCAN.bscan_inst/DRCK
                         net (fo=1, routed)           3.018     3.018    dbg_hub/inst/DRCK
    BUFGCTRL_X0Y4        BUFG (Prop_bufg_I_O)         0.093     3.111 r  dbg_hub/inst/N_EXT_BSCAN.u_bufg_icon/O
                         net (fo=269, routed)         1.391     4.502    dbg_hub/inst/CORE_XSDB.U_ICON/U_SYNC/CLK
    SLICE_X66Y140        FDRE                                         r  dbg_hub/inst/CORE_XSDB.U_ICON/U_SYNC/SYNC_reg/C
  -------------------------------------------------------------------    -------------------
    SLICE_X66Y140        FDRE (Prop_fdre_C_Q)         0.259     4.761 r  dbg_hub/inst/CORE_XSDB.U_ICON/U_SYNC/SYNC_reg/Q
                         net (fo=3, routed)           0.546     5.307    dbg_hub/inst/CORE_XSDB.U_ICON/U_SYNC/iSYNC
    SLICE_X63Y141        LUT2 (Prop_lut2_I0_O)        0.043     5.350 r  dbg_hub/inst/CORE_XSDB.U_ICON/U_SYNC/shift_reg_in[1]_i_3/O
                         net (fo=9, routed)           0.657     6.007    dbg_hub/inst/CORE_XSDB.U_ICON/U_CMD/p_103_in
    SLICE_X65Y142        LUT6 (Prop_lut6_I1_O)        0.043     6.050 r  dbg_hub/inst/CORE_XSDB.U_ICON/U_CMD/shift_reg_in[15]_i_2/O
                         net (fo=7, routed)           0.645     6.695    dbg_hub/inst/CORE_XSDB.U_ICON/U_CMD/shift_reg_in_reg[15][1]
    SLICE_X65Y146        LUT2 (Prop_lut2_I0_O)        0.043     6.738 r  dbg_hub/inst/CORE_XSDB.U_ICON/U_CMD/shift_reg_in[15]_i_1/O
                         net (fo=18, routed)          0.640     7.378    dbg_hub/inst/CORE_XSDB.UUT_MASTER/U_ICON_INTERFACE/U_CMD6_WR/U_WR_FIFO/SUBCORE_FIFO.xsdbm_v1_1_wrfifo_inst/inst_fifo_gen/gconvfifo.rf/grf.rf/gntv_or_sync_fifo.gl0.wr/gwas.wsts/shift_reg_in_reg[17][0]
    SLICE_X78Y153        LUT6 (Prop_lut6_I0_O)        0.043     7.421 r  dbg_hub/inst/CORE_XSDB.UUT_MASTER/U_ICON_INTERFACE/U_CMD6_WR/U_WR_FIFO/SUBCORE_FIFO.xsdbm_v1_1_wrfifo_inst/inst_fifo_gen/gconvfifo.rf/grf.rf/gntv_or_sync_fifo.gl0.wr/gwas.wsts/gic0.gc0.count_d1[3]_i_1/O
                         net (fo=37, routed)          0.414     7.835    dbg_hub/inst/CORE_XSDB.UUT_MASTER/U_ICON_INTERFACE/U_CMD6_WR/U_WR_FIFO/SUBCORE_FIFO.xsdbm_v1_1_wrfifo_inst/inst_fifo_gen/gconvfifo.rf/grf.rf/gntv_or_sync_fifo.mem/gdm.dm/RAM_reg_0_15_0_5/WE
    SLICE_X70Y153        RAMS32                                       r  dbg_hub/inst/CORE_XSDB.UUT_MASTER/U_ICON_INTERFACE/U_CMD6_WR/U_WR_FIFO/SUBCORE_FIFO.xsdbm_v1_1_wrfifo_inst/inst_fifo_gen/gconvfifo.rf/grf.rf/gntv_or_sync_fifo.mem/gdm.dm/RAM_reg_0_15_0_5/RAMD_D1/WE
  -------------------------------------------------------------------    -------------------

                         (clock dbg_hub/inst/N_EXT_BSCAN.bscan_inst/SERIES7_BSCAN.bscan_inst/DRCK rise edge)
                                                     30.000    30.000 r  
    BSCAN_X0Y0           BSCANE2                      0.000    30.000 r  dbg_hub/inst/N_EXT_BSCAN.bscan_inst/SERIES7_BSCAN.bscan_inst/DRCK
                         net (fo=1, routed)           2.548    32.548    dbg_hub/inst/DRCK
    BUFGCTRL_X0Y4        BUFG (Prop_bufg_I_O)         0.083    32.631 r  dbg_hub/inst/N_EXT_BSCAN.u_bufg_icon/O
                         net (fo=269, routed)         1.089    33.720    dbg_hub/inst/CORE_XSDB.UUT_MASTER/U_ICON_INTERFACE/U_CMD6_WR/U_WR_FIFO/SUBCORE_FIFO.xsdbm_v1_1_wrfifo_inst/inst_fifo_gen/gconvfifo.rf/grf.rf/gntv_or_sync_fifo.mem/gdm.dm/RAM_reg_0_15_0_5/WCLK
    SLICE_X70Y153        RAMS32                                       r  dbg_hub/inst/CORE_XSDB.UUT_MASTER/U_ICON_INTERFACE/U_CMD6_WR/U_WR_FIFO/SUBCORE_FIFO.xsdbm_v1_1_wrfifo_inst/inst_fifo_gen/gconvfifo.rf/grf.rf/gntv_or_sync_fifo.mem/gdm.dm/RAM_reg_0_15_0_5/RAMD_D1/CLK
                         clock pessimism              0.493    34.213    
                         clock uncertainty           -0.035    34.177    
    SLICE_X70Y153        RAMS32 (Setup_rams32_CLK_WE)
                                                     -0.303    33.874    dbg_hub/inst/CORE_XSDB.UUT_MASTER/U_ICON_INTERFACE/U_CMD6_WR/U_WR_FIFO/SUBCORE_FIFO.xsdbm_v1_1_wrfifo_inst/inst_fifo_gen/gconvfifo.rf/grf.rf/gntv_or_sync_fifo.mem/gdm.dm/RAM_reg_0_15_0_5/RAMD_D1
  -------------------------------------------------------------------
                         required time                         33.874    
                         arrival time                          -7.835    
  -------------------------------------------------------------------
                         slack                                 26.039    

Slack (MET) :             26.050ns  (required time - arrival time)
  Source:                 dbg_hub/inst/CORE_XSDB.U_ICON/U_SYNC/SYNC_reg/C
                            (rising edge-triggered cell FDRE clocked by dbg_hub/inst/N_EXT_BSCAN.bscan_inst/SERIES7_BSCAN.bscan_inst/DRCK  {rise@0.000ns fall@15.000ns period=30.000ns})
  Destination:            dbg_hub/inst/CORE_XSDB.UUT_MASTER/U_ICON_INTERFACE/U_CMD6_WR/U_WR_FIFO/SUBCORE_FIFO.xsdbm_v1_1_wrfifo_inst/inst_fifo_gen/gconvfifo.rf/grf.rf/gntv_or_sync_fifo.mem/gdm.dm/RAM_reg_0_15_6_11/RAMA/WE
                            (rising edge-triggered cell RAMD32 clocked by dbg_hub/inst/N_EXT_BSCAN.bscan_inst/SERIES7_BSCAN.bscan_inst/DRCK  {rise@0.000ns fall@15.000ns period=30.000ns})
  Path Group:             dbg_hub/inst/N_EXT_BSCAN.bscan_inst/SERIES7_BSCAN.bscan_inst/DRCK
  Path Type:              Setup (Max at Slow Process Corner)
  Requirement:            30.000ns  (dbg_hub/inst/N_EXT_BSCAN.bscan_inst/SERIES7_BSCAN.bscan_inst/DRCK rise@30.000ns - dbg_hub/inst/N_EXT_BSCAN.bscan_inst/SERIES7_BSCAN.bscan_inst/DRCK rise@0.000ns)
  Data Path Delay:        3.323ns  (logic 0.431ns (12.970%)  route 2.892ns (87.030%))
  Logic Levels:           4  (LUT2=2 LUT6=2)
  Clock Path Skew:        -0.289ns (DCD - SCD + CPR)
    Destination Clock Delay (DCD):    3.720ns = ( 33.720 - 30.000 ) 
    Source Clock Delay      (SCD):    4.502ns
    Clock Pessimism Removal (CPR):    0.493ns
  Clock Uncertainty:      0.035ns  ((TSJ^2 + TIJ^2)^1/2 + DJ) / 2 + PE
    Total System Jitter     (TSJ):    0.071ns
    Total Input Jitter      (TIJ):    0.000ns
    Discrete Jitter          (DJ):    0.000ns
    Phase Error              (PE):    0.000ns

    Location             Delay type                Incr(ns)  Path(ns)    Netlist Resource(s)
  -------------------------------------------------------------------    -------------------
                         (clock dbg_hub/inst/N_EXT_BSCAN.bscan_inst/SERIES7_BSCAN.bscan_inst/DRCK rise edge)
                                                      0.000     0.000 r  
    BSCAN_X0Y0           BSCANE2                      0.000     0.000 r  dbg_hub/inst/N_EXT_BSCAN.bscan_inst/SERIES7_BSCAN.bscan_inst/DRCK
                         net (fo=1, routed)           3.018     3.018    dbg_hub/inst/DRCK
    BUFGCTRL_X0Y4        BUFG (Prop_bufg_I_O)         0.093     3.111 r  dbg_hub/inst/N_EXT_BSCAN.u_bufg_icon/O
                         net (fo=269, routed)         1.391     4.502    dbg_hub/inst/CORE_XSDB.U_ICON/U_SYNC/CLK
    SLICE_X66Y140        FDRE                                         r  dbg_hub/inst/CORE_XSDB.U_ICON/U_SYNC/SYNC_reg/C
  -------------------------------------------------------------------    -------------------
    SLICE_X66Y140        FDRE (Prop_fdre_C_Q)         0.259     4.761 r  dbg_hub/inst/CORE_XSDB.U_ICON/U_SYNC/SYNC_reg/Q
                         net (fo=3, routed)           0.546     5.307    dbg_hub/inst/CORE_XSDB.U_ICON/U_SYNC/iSYNC
    SLICE_X63Y141        LUT2 (Prop_lut2_I0_O)        0.043     5.350 r  dbg_hub/inst/CORE_XSDB.U_ICON/U_SYNC/shift_reg_in[1]_i_3/O
                         net (fo=9, routed)           0.657     6.007    dbg_hub/inst/CORE_XSDB.U_ICON/U_CMD/p_103_in
    SLICE_X65Y142        LUT6 (Prop_lut6_I1_O)        0.043     6.050 r  dbg_hub/inst/CORE_XSDB.U_ICON/U_CMD/shift_reg_in[15]_i_2/O
                         net (fo=7, routed)           0.645     6.695    dbg_hub/inst/CORE_XSDB.U_ICON/U_CMD/shift_reg_in_reg[15][1]
    SLICE_X65Y146        LUT2 (Prop_lut2_I0_O)        0.043     6.738 r  dbg_hub/inst/CORE_XSDB.U_ICON/U_CMD/shift_reg_in[15]_i_1/O
                         net (fo=18, routed)          0.640     7.378    dbg_hub/inst/CORE_XSDB.UUT_MASTER/U_ICON_INTERFACE/U_CMD6_WR/U_WR_FIFO/SUBCORE_FIFO.xsdbm_v1_1_wrfifo_inst/inst_fifo_gen/gconvfifo.rf/grf.rf/gntv_or_sync_fifo.gl0.wr/gwas.wsts/shift_reg_in_reg[17][0]
    SLICE_X78Y153        LUT6 (Prop_lut6_I0_O)        0.043     7.421 r  dbg_hub/inst/CORE_XSDB.UUT_MASTER/U_ICON_INTERFACE/U_CMD6_WR/U_WR_FIFO/SUBCORE_FIFO.xsdbm_v1_1_wrfifo_inst/inst_fifo_gen/gconvfifo.rf/grf.rf/gntv_or_sync_fifo.gl0.wr/gwas.wsts/gic0.gc0.count_d1[3]_i_1/O
                         net (fo=37, routed)          0.403     7.825    dbg_hub/inst/CORE_XSDB.UUT_MASTER/U_ICON_INTERFACE/U_CMD6_WR/U_WR_FIFO/SUBCORE_FIFO.xsdbm_v1_1_wrfifo_inst/inst_fifo_gen/gconvfifo.rf/grf.rf/gntv_or_sync_fifo.mem/gdm.dm/RAM_reg_0_15_6_11/WE
    SLICE_X70Y152        RAMD32                                       r  dbg_hub/inst/CORE_XSDB.UUT_MASTER/U_ICON_INTERFACE/U_CMD6_WR/U_WR_FIFO/SUBCORE_FIFO.xsdbm_v1_1_wrfifo_inst/inst_fifo_gen/gconvfifo.rf/grf.rf/gntv_or_sync_fifo.mem/gdm.dm/RAM_reg_0_15_6_11/RAMA/WE
  -------------------------------------------------------------------    -------------------

                         (clock dbg_hub/inst/N_EXT_BSCAN.bscan_inst/SERIES7_BSCAN.bscan_inst/DRCK rise edge)
                                                     30.000    30.000 r  
    BSCAN_X0Y0           BSCANE2                      0.000    30.000 r  dbg_hub/inst/N_EXT_BSCAN.bscan_inst/SERIES7_BSCAN.bscan_inst/DRCK
                         net (fo=1, routed)           2.548    32.548    dbg_hub/inst/DRCK
    BUFGCTRL_X0Y4        BUFG (Prop_bufg_I_O)         0.083    32.631 r  dbg_hub/inst/N_EXT_BSCAN.u_bufg_icon/O
                         net (fo=269, routed)         1.089    33.720    dbg_hub/inst/CORE_XSDB.UUT_MASTER/U_ICON_INTERFACE/U_CMD6_WR/U_WR_FIFO/SUBCORE_FIFO.xsdbm_v1_1_wrfifo_inst/inst_fifo_gen/gconvfifo.rf/grf.rf/gntv_or_sync_fifo.mem/gdm.dm/RAM_reg_0_15_6_11/WCLK
    SLICE_X70Y152        RAMD32                                       r  dbg_hub/inst/CORE_XSDB.UUT_MASTER/U_ICON_INTERFACE/U_CMD6_WR/U_WR_FIFO/SUBCORE_FIFO.xsdbm_v1_1_wrfifo_inst/inst_fifo_gen/gconvfifo.rf/grf.rf/gntv_or_sync_fifo.mem/gdm.dm/RAM_reg_0_15_6_11/RAMA/CLK
                         clock pessimism              0.493    34.213    
                         clock uncertainty           -0.035    34.177    
    SLICE_X70Y152        RAMD32 (Setup_ramd32_CLK_WE)
                                                     -0.303    33.874    dbg_hub/inst/CORE_XSDB.UUT_MASTER/U_ICON_INTERFACE/U_CMD6_WR/U_WR_FIFO/SUBCORE_FIFO.xsdbm_v1_1_wrfifo_inst/inst_fifo_gen/gconvfifo.rf/grf.rf/gntv_or_sync_fifo.mem/gdm.dm/RAM_reg_0_15_6_11/RAMA
  -------------------------------------------------------------------
                         required time                         33.874    
                         arrival time                          -7.825    
  -------------------------------------------------------------------
                         slack                                 26.050    

Slack (MET) :             26.050ns  (required time - arrival time)
  Source:                 dbg_hub/inst/CORE_XSDB.U_ICON/U_SYNC/SYNC_reg/C
                            (rising edge-triggered cell FDRE clocked by dbg_hub/inst/N_EXT_BSCAN.bscan_inst/SERIES7_BSCAN.bscan_inst/DRCK  {rise@0.000ns fall@15.000ns period=30.000ns})
  Destination:            dbg_hub/inst/CORE_XSDB.UUT_MASTER/U_ICON_INTERFACE/U_CMD6_WR/U_WR_FIFO/SUBCORE_FIFO.xsdbm_v1_1_wrfifo_inst/inst_fifo_gen/gconvfifo.rf/grf.rf/gntv_or_sync_fifo.mem/gdm.dm/RAM_reg_0_15_6_11/RAMA_D1/WE
                            (rising edge-triggered cell RAMD32 clocked by dbg_hub/inst/N_EXT_BSCAN.bscan_inst/SERIES7_BSCAN.bscan_inst/DRCK  {rise@0.000ns fall@15.000ns period=30.000ns})
  Path Group:             dbg_hub/inst/N_EXT_BSCAN.bscan_inst/SERIES7_BSCAN.bscan_inst/DRCK
  Path Type:              Setup (Max at Slow Process Corner)
  Requirement:            30.000ns  (dbg_hub/inst/N_EXT_BSCAN.bscan_inst/SERIES7_BSCAN.bscan_inst/DRCK rise@30.000ns - dbg_hub/inst/N_EXT_BSCAN.bscan_inst/SERIES7_BSCAN.bscan_inst/DRCK rise@0.000ns)
  Data Path Delay:        3.323ns  (logic 0.431ns (12.970%)  route 2.892ns (87.030%))
  Logic Levels:           4  (LUT2=2 LUT6=2)
  Clock Path Skew:        -0.289ns (DCD - SCD + CPR)
    Destination Clock Delay (DCD):    3.720ns = ( 33.720 - 30.000 ) 
    Source Clock Delay      (SCD):    4.502ns
    Clock Pessimism Removal (CPR):    0.493ns
  Clock Uncertainty:      0.035ns  ((TSJ^2 + TIJ^2)^1/2 + DJ) / 2 + PE
    Total System Jitter     (TSJ):    0.071ns
    Total Input Jitter      (TIJ):    0.000ns
    Discrete Jitter          (DJ):    0.000ns
    Phase Error              (PE):    0.000ns

    Location             Delay type                Incr(ns)  Path(ns)    Netlist Resource(s)
  -------------------------------------------------------------------    -------------------
                         (clock dbg_hub/inst/N_EXT_BSCAN.bscan_inst/SERIES7_BSCAN.bscan_inst/DRCK rise edge)
                                                      0.000     0.000 r  
    BSCAN_X0Y0           BSCANE2                      0.000     0.000 r  dbg_hub/inst/N_EXT_BSCAN.bscan_inst/SERIES7_BSCAN.bscan_inst/DRCK
                         net (fo=1, routed)           3.018     3.018    dbg_hub/inst/DRCK
    BUFGCTRL_X0Y4        BUFG (Prop_bufg_I_O)         0.093     3.111 r  dbg_hub/inst/N_EXT_BSCAN.u_bufg_icon/O
                         net (fo=269, routed)         1.391     4.502    dbg_hub/inst/CORE_XSDB.U_ICON/U_SYNC/CLK
    SLICE_X66Y140        FDRE                                         r  dbg_hub/inst/CORE_XSDB.U_ICON/U_SYNC/SYNC_reg/C
  -------------------------------------------------------------------    -------------------
    SLICE_X66Y140        FDRE (Prop_fdre_C_Q)         0.259     4.761 r  dbg_hub/inst/CORE_XSDB.U_ICON/U_SYNC/SYNC_reg/Q
                         net (fo=3, routed)           0.546     5.307    dbg_hub/inst/CORE_XSDB.U_ICON/U_SYNC/iSYNC
    SLICE_X63Y141        LUT2 (Prop_lut2_I0_O)        0.043     5.350 r  dbg_hub/inst/CORE_XSDB.U_ICON/U_SYNC/shift_reg_in[1]_i_3/O
                         net (fo=9, routed)           0.657     6.007    dbg_hub/inst/CORE_XSDB.U_ICON/U_CMD/p_103_in
    SLICE_X65Y142        LUT6 (Prop_lut6_I1_O)        0.043     6.050 r  dbg_hub/inst/CORE_XSDB.U_ICON/U_CMD/shift_reg_in[15]_i_2/O
                         net (fo=7, routed)           0.645     6.695    dbg_hub/inst/CORE_XSDB.U_ICON/U_CMD/shift_reg_in_reg[15][1]
    SLICE_X65Y146        LUT2 (Prop_lut2_I0_O)        0.043     6.738 r  dbg_hub/inst/CORE_XSDB.U_ICON/U_CMD/shift_reg_in[15]_i_1/O
                         net (fo=18, routed)          0.640     7.378    dbg_hub/inst/CORE_XSDB.UUT_MASTER/U_ICON_INTERFACE/U_CMD6_WR/U_WR_FIFO/SUBCORE_FIFO.xsdbm_v1_1_wrfifo_inst/inst_fifo_gen/gconvfifo.rf/grf.rf/gntv_or_sync_fifo.gl0.wr/gwas.wsts/shift_reg_in_reg[17][0]
    SLICE_X78Y153        LUT6 (Prop_lut6_I0_O)        0.043     7.421 r  dbg_hub/inst/CORE_XSDB.UUT_MASTER/U_ICON_INTERFACE/U_CMD6_WR/U_WR_FIFO/SUBCORE_FIFO.xsdbm_v1_1_wrfifo_inst/inst_fifo_gen/gconvfifo.rf/grf.rf/gntv_or_sync_fifo.gl0.wr/gwas.wsts/gic0.gc0.count_d1[3]_i_1/O
                         net (fo=37, routed)          0.403     7.825    dbg_hub/inst/CORE_XSDB.UUT_MASTER/U_ICON_INTERFACE/U_CMD6_WR/U_WR_FIFO/SUBCORE_FIFO.xsdbm_v1_1_wrfifo_inst/inst_fifo_gen/gconvfifo.rf/grf.rf/gntv_or_sync_fifo.mem/gdm.dm/RAM_reg_0_15_6_11/WE
    SLICE_X70Y152        RAMD32                                       r  dbg_hub/inst/CORE_XSDB.UUT_MASTER/U_ICON_INTERFACE/U_CMD6_WR/U_WR_FIFO/SUBCORE_FIFO.xsdbm_v1_1_wrfifo_inst/inst_fifo_gen/gconvfifo.rf/grf.rf/gntv_or_sync_fifo.mem/gdm.dm/RAM_reg_0_15_6_11/RAMA_D1/WE
  -------------------------------------------------------------------    -------------------

                         (clock dbg_hub/inst/N_EXT_BSCAN.bscan_inst/SERIES7_BSCAN.bscan_inst/DRCK rise edge)
                                                     30.000    30.000 r  
    BSCAN_X0Y0           BSCANE2                      0.000    30.000 r  dbg_hub/inst/N_EXT_BSCAN.bscan_inst/SERIES7_BSCAN.bscan_inst/DRCK
                         net (fo=1, routed)           2.548    32.548    dbg_hub/inst/DRCK
    BUFGCTRL_X0Y4        BUFG (Prop_bufg_I_O)         0.083    32.631 r  dbg_hub/inst/N_EXT_BSCAN.u_bufg_icon/O
                         net (fo=269, routed)         1.089    33.720    dbg_hub/inst/CORE_XSDB.UUT_MASTER/U_ICON_INTERFACE/U_CMD6_WR/U_WR_FIFO/SUBCORE_FIFO.xsdbm_v1_1_wrfifo_inst/inst_fifo_gen/gconvfifo.rf/grf.rf/gntv_or_sync_fifo.mem/gdm.dm/RAM_reg_0_15_6_11/WCLK
    SLICE_X70Y152        RAMD32                                       r  dbg_hub/inst/CORE_XSDB.UUT_MASTER/U_ICON_INTERFACE/U_CMD6_WR/U_WR_FIFO/SUBCORE_FIFO.xsdbm_v1_1_wrfifo_inst/inst_fifo_gen/gconvfifo.rf/grf.rf/gntv_or_sync_fifo.mem/gdm.dm/RAM_reg_0_15_6_11/RAMA_D1/CLK
                         clock pessimism              0.493    34.213    
                         clock uncertainty           -0.035    34.177    
    SLICE_X70Y152        RAMD32 (Setup_ramd32_CLK_WE)
                                                     -0.303    33.874    dbg_hub/inst/CORE_XSDB.UUT_MASTER/U_ICON_INTERFACE/U_CMD6_WR/U_WR_FIFO/SUBCORE_FIFO.xsdbm_v1_1_wrfifo_inst/inst_fifo_gen/gconvfifo.rf/grf.rf/gntv_or_sync_fifo.mem/gdm.dm/RAM_reg_0_15_6_11/RAMA_D1
  -------------------------------------------------------------------
                         required time                         33.874    
                         arrival time                          -7.825    
  -------------------------------------------------------------------
                         slack                                 26.050    





Min Delay Paths
--------------------------------------------------------------------------------------
Slack (MET) :             0.068ns  (arrival time - required time)
  Source:                 dbg_hub/inst/CORE_XSDB.UUT_MASTER/U_ICON_INTERFACE/U_CMD6_WR/shift_reg_in_reg[13]/C
                            (rising edge-triggered cell FDCE clocked by dbg_hub/inst/N_EXT_BSCAN.bscan_inst/SERIES7_BSCAN.bscan_inst/DRCK  {rise@0.000ns fall@15.000ns period=30.000ns})
  Destination:            dbg_hub/inst/CORE_XSDB.UUT_MASTER/U_ICON_INTERFACE/U_CMD6_WR/U_WR_FIFO/SUBCORE_FIFO.xsdbm_v1_1_wrfifo_inst/inst_fifo_gen/gconvfifo.rf/grf.rf/gntv_or_sync_fifo.mem/gdm.dm/RAM_reg_0_15_12_15/RAMA/I
                            (rising edge-triggered cell RAMD32 clocked by dbg_hub/inst/N_EXT_BSCAN.bscan_inst/SERIES7_BSCAN.bscan_inst/DRCK  {rise@0.000ns fall@15.000ns period=30.000ns})
  Path Group:             dbg_hub/inst/N_EXT_BSCAN.bscan_inst/SERIES7_BSCAN.bscan_inst/DRCK
  Path Type:              Hold (Min at Fast Process Corner)
  Requirement:            0.000ns  (dbg_hub/inst/N_EXT_BSCAN.bscan_inst/SERIES7_BSCAN.bscan_inst/DRCK rise@0.000ns - dbg_hub/inst/N_EXT_BSCAN.bscan_inst/SERIES7_BSCAN.bscan_inst/DRCK rise@0.000ns)
  Data Path Delay:        0.213ns  (logic 0.118ns (55.433%)  route 0.095ns (44.567%))
  Logic Levels:           0  
  Clock Path Skew:        0.014ns (DCD - SCD - CPR)
    Destination Clock Delay (DCD):    2.654ns
    Source Clock Delay      (SCD):    2.167ns
    Clock Pessimism Removal (CPR):    0.473ns

    Location             Delay type                Incr(ns)  Path(ns)    Netlist Resource(s)
  -------------------------------------------------------------------    -------------------
                         (clock dbg_hub/inst/N_EXT_BSCAN.bscan_inst/SERIES7_BSCAN.bscan_inst/DRCK rise edge)
                                                      0.000     0.000 r  
    BSCAN_X0Y0           BSCANE2                      0.000     0.000 r  dbg_hub/inst/N_EXT_BSCAN.bscan_inst/SERIES7_BSCAN.bscan_inst/DRCK
                         net (fo=1, routed)           1.601     1.601    dbg_hub/inst/DRCK
    BUFGCTRL_X0Y4        BUFG (Prop_bufg_I_O)         0.026     1.627 r  dbg_hub/inst/N_EXT_BSCAN.u_bufg_icon/O
                         net (fo=269, routed)         0.540     2.167    dbg_hub/inst/CORE_XSDB.UUT_MASTER/U_ICON_INTERFACE/U_CMD6_WR/idrck
    SLICE_X74Y151        FDCE                                         r  dbg_hub/inst/CORE_XSDB.UUT_MASTER/U_ICON_INTERFACE/U_CMD6_WR/shift_reg_in_reg[13]/C
  -------------------------------------------------------------------    -------------------
    SLICE_X74Y151        FDCE (Prop_fdce_C_Q)         0.118     2.285 r  dbg_hub/inst/CORE_XSDB.UUT_MASTER/U_ICON_INTERFACE/U_CMD6_WR/shift_reg_in_reg[13]/Q
                         net (fo=2, routed)           0.095     2.379    dbg_hub/inst/CORE_XSDB.UUT_MASTER/U_ICON_INTERFACE/U_CMD6_WR/U_WR_FIFO/SUBCORE_FIFO.xsdbm_v1_1_wrfifo_inst/inst_fifo_gen/gconvfifo.rf/grf.rf/gntv_or_sync_fifo.mem/gdm.dm/RAM_reg_0_15_12_15/DIA0
    SLICE_X74Y152        RAMD32                                       r  dbg_hub/inst/CORE_XSDB.UUT_MASTER/U_ICON_INTERFACE/U_CMD6_WR/U_WR_FIFO/SUBCORE_FIFO.xsdbm_v1_1_wrfifo_inst/inst_fifo_gen/gconvfifo.rf/grf.rf/gntv_or_sync_fifo.mem/gdm.dm/RAM_reg_0_15_12_15/RAMA/I
  -------------------------------------------------------------------    -------------------

                         (clock dbg_hub/inst/N_EXT_BSCAN.bscan_inst/SERIES7_BSCAN.bscan_inst/DRCK rise edge)
                                                      0.000     0.000 r  
    BSCAN_X0Y0           BSCANE2                      0.000     0.000 r  dbg_hub/inst/N_EXT_BSCAN.bscan_inst/SERIES7_BSCAN.bscan_inst/DRCK
                         net (fo=1, routed)           1.884     1.884    dbg_hub/inst/DRCK
    BUFGCTRL_X0Y4        BUFG (Prop_bufg_I_O)         0.030     1.914 r  dbg_hub/inst/N_EXT_BSCAN.u_bufg_icon/O
                         net (fo=269, routed)         0.740     2.654    dbg_hub/inst/CORE_XSDB.UUT_MASTER/U_ICON_INTERFACE/U_CMD6_WR/U_WR_FIFO/SUBCORE_FIFO.xsdbm_v1_1_wrfifo_inst/inst_fifo_gen/gconvfifo.rf/grf.rf/gntv_or_sync_fifo.mem/gdm.dm/RAM_reg_0_15_12_15/WCLK
    SLICE_X74Y152        RAMD32                                       r  dbg_hub/inst/CORE_XSDB.UUT_MASTER/U_ICON_INTERFACE/U_CMD6_WR/U_WR_FIFO/SUBCORE_FIFO.xsdbm_v1_1_wrfifo_inst/inst_fifo_gen/gconvfifo.rf/grf.rf/gntv_or_sync_fifo.mem/gdm.dm/RAM_reg_0_15_12_15/RAMA/CLK
                         clock pessimism             -0.473     2.181    
    SLICE_X74Y152        RAMD32 (Hold_ramd32_CLK_I)
                                                      0.131     2.312    dbg_hub/inst/CORE_XSDB.UUT_MASTER/U_ICON_INTERFACE/U_CMD6_WR/U_WR_FIFO/SUBCORE_FIFO.xsdbm_v1_1_wrfifo_inst/inst_fifo_gen/gconvfifo.rf/grf.rf/gntv_or_sync_fifo.mem/gdm.dm/RAM_reg_0_15_12_15/RAMA
  -------------------------------------------------------------------
                         required time                         -2.312    
                         arrival time                           2.379    
  -------------------------------------------------------------------
                         slack                                  0.068    

Slack (MET) :             0.080ns  (arrival time - required time)
  Source:                 dbg_hub/inst/CORE_XSDB.UUT_MASTER/U_ICON_INTERFACE/U_CMD6_WR/shift_reg_in_reg[1]/C
                            (rising edge-triggered cell FDCE clocked by dbg_hub/inst/N_EXT_BSCAN.bscan_inst/SERIES7_BSCAN.bscan_inst/DRCK  {rise@0.000ns fall@15.000ns period=30.000ns})
  Destination:            dbg_hub/inst/CORE_XSDB.UUT_MASTER/U_ICON_INTERFACE/U_CMD6_WR/U_WR_FIFO/SUBCORE_FIFO.xsdbm_v1_1_wrfifo_inst/inst_fifo_gen/gconvfifo.rf/grf.rf/gntv_or_sync_fifo.mem/gdm.dm/RAM_reg_0_15_0_5/RAMA/I
                            (rising edge-triggered cell RAMD32 clocked by dbg_hub/inst/N_EXT_BSCAN.bscan_inst/SERIES7_BSCAN.bscan_inst/DRCK  {rise@0.000ns fall@15.000ns period=30.000ns})
  Path Group:             dbg_hub/inst/N_EXT_BSCAN.bscan_inst/SERIES7_BSCAN.bscan_inst/DRCK
  Path Type:              Hold (Min at Fast Process Corner)
  Requirement:            0.000ns  (dbg_hub/inst/N_EXT_BSCAN.bscan_inst/SERIES7_BSCAN.bscan_inst/DRCK rise@0.000ns - dbg_hub/inst/N_EXT_BSCAN.bscan_inst/SERIES7_BSCAN.bscan_inst/DRCK rise@0.000ns)
  Data Path Delay:        0.224ns  (logic 0.118ns (52.607%)  route 0.106ns (47.393%))
  Logic Levels:           0  
  Clock Path Skew:        0.013ns (DCD - SCD - CPR)
    Destination Clock Delay (DCD):    2.654ns
    Source Clock Delay      (SCD):    2.168ns
    Clock Pessimism Removal (CPR):    0.473ns

    Location             Delay type                Incr(ns)  Path(ns)    Netlist Resource(s)
  -------------------------------------------------------------------    -------------------
                         (clock dbg_hub/inst/N_EXT_BSCAN.bscan_inst/SERIES7_BSCAN.bscan_inst/DRCK rise edge)
                                                      0.000     0.000 r  
    BSCAN_X0Y0           BSCANE2                      0.000     0.000 r  dbg_hub/inst/N_EXT_BSCAN.bscan_inst/SERIES7_BSCAN.bscan_inst/DRCK
                         net (fo=1, routed)           1.601     1.601    dbg_hub/inst/DRCK
    BUFGCTRL_X0Y4        BUFG (Prop_bufg_I_O)         0.026     1.627 r  dbg_hub/inst/N_EXT_BSCAN.u_bufg_icon/O
                         net (fo=269, routed)         0.541     2.168    dbg_hub/inst/CORE_XSDB.UUT_MASTER/U_ICON_INTERFACE/U_CMD6_WR/idrck
    SLICE_X70Y151        FDCE                                         r  dbg_hub/inst/CORE_XSDB.UUT_MASTER/U_ICON_INTERFACE/U_CMD6_WR/shift_reg_in_reg[1]/C
  -------------------------------------------------------------------    -------------------
    SLICE_X70Y151        FDCE (Prop_fdce_C_Q)         0.118     2.286 r  dbg_hub/inst/CORE_XSDB.UUT_MASTER/U_ICON_INTERFACE/U_CMD6_WR/shift_reg_in_reg[1]/Q
                         net (fo=2, routed)           0.106     2.392    dbg_hub/inst/CORE_XSDB.UUT_MASTER/U_ICON_INTERFACE/U_CMD6_WR/U_WR_FIFO/SUBCORE_FIFO.xsdbm_v1_1_wrfifo_inst/inst_fifo_gen/gconvfifo.rf/grf.rf/gntv_or_sync_fifo.mem/gdm.dm/RAM_reg_0_15_0_5/DIA0
    SLICE_X70Y153        RAMD32                                       r  dbg_hub/inst/CORE_XSDB.UUT_MASTER/U_ICON_INTERFACE/U_CMD6_WR/U_WR_FIFO/SUBCORE_FIFO.xsdbm_v1_1_wrfifo_inst/inst_fifo_gen/gconvfifo.rf/grf.rf/gntv_or_sync_fifo.mem/gdm.dm/RAM_reg_0_15_0_5/RAMA/I
  -------------------------------------------------------------------    -------------------

                         (clock dbg_hub/inst/N_EXT_BSCAN.bscan_inst/SERIES7_BSCAN.bscan_inst/DRCK rise edge)
                                                      0.000     0.000 r  
    BSCAN_X0Y0           BSCANE2                      0.000     0.000 r  dbg_hub/inst/N_EXT_BSCAN.bscan_inst/SERIES7_BSCAN.bscan_inst/DRCK
                         net (fo=1, routed)           1.884     1.884    dbg_hub/inst/DRCK
    BUFGCTRL_X0Y4        BUFG (Prop_bufg_I_O)         0.030     1.914 r  dbg_hub/inst/N_EXT_BSCAN.u_bufg_icon/O
                         net (fo=269, routed)         0.740     2.654    dbg_hub/inst/CORE_XSDB.UUT_MASTER/U_ICON_INTERFACE/U_CMD6_WR/U_WR_FIFO/SUBCORE_FIFO.xsdbm_v1_1_wrfifo_inst/inst_fifo_gen/gconvfifo.rf/grf.rf/gntv_or_sync_fifo.mem/gdm.dm/RAM_reg_0_15_0_5/WCLK
    SLICE_X70Y153        RAMD32                                       r  dbg_hub/inst/CORE_XSDB.UUT_MASTER/U_ICON_INTERFACE/U_CMD6_WR/U_WR_FIFO/SUBCORE_FIFO.xsdbm_v1_1_wrfifo_inst/inst_fifo_gen/gconvfifo.rf/grf.rf/gntv_or_sync_fifo.mem/gdm.dm/RAM_reg_0_15_0_5/RAMA/CLK
                         clock pessimism             -0.473     2.181    
    SLICE_X70Y153        RAMD32 (Hold_ramd32_CLK_I)
                                                      0.131     2.312    dbg_hub/inst/CORE_XSDB.UUT_MASTER/U_ICON_INTERFACE/U_CMD6_WR/U_WR_FIFO/SUBCORE_FIFO.xsdbm_v1_1_wrfifo_inst/inst_fifo_gen/gconvfifo.rf/grf.rf/gntv_or_sync_fifo.mem/gdm.dm/RAM_reg_0_15_0_5/RAMA
  -------------------------------------------------------------------
                         required time                         -2.312    
                         arrival time                           2.392    
  -------------------------------------------------------------------
                         slack                                  0.080    

Slack (MET) :             0.083ns  (arrival time - required time)
  Source:                 dbg_hub/inst/CORE_XSDB.UUT_MASTER/U_ICON_INTERFACE/U_CMD6_WR/shift_reg_in_reg[3]/C
                            (rising edge-triggered cell FDCE clocked by dbg_hub/inst/N_EXT_BSCAN.bscan_inst/SERIES7_BSCAN.bscan_inst/DRCK  {rise@0.000ns fall@15.000ns period=30.000ns})
  Destination:            dbg_hub/inst/CORE_XSDB.UUT_MASTER/U_ICON_INTERFACE/U_CMD6_WR/U_WR_FIFO/SUBCORE_FIFO.xsdbm_v1_1_wrfifo_inst/inst_fifo_gen/gconvfifo.rf/grf.rf/gntv_or_sync_fifo.mem/gdm.dm/RAM_reg_0_15_0_5/RAMB/I
                            (rising edge-triggered cell RAMD32 clocked by dbg_hub/inst/N_EXT_BSCAN.bscan_inst/SERIES7_BSCAN.bscan_inst/DRCK  {rise@0.000ns fall@15.000ns period=30.000ns})
  Path Group:             dbg_hub/inst/N_EXT_BSCAN.bscan_inst/SERIES7_BSCAN.bscan_inst/DRCK
  Path Type:              Hold (Min at Fast Process Corner)
  Requirement:            0.000ns  (dbg_hub/inst/N_EXT_BSCAN.bscan_inst/SERIES7_BSCAN.bscan_inst/DRCK rise@0.000ns - dbg_hub/inst/N_EXT_BSCAN.bscan_inst/SERIES7_BSCAN.bscan_inst/DRCK rise@0.000ns)
  Data Path Delay:        0.228ns  (logic 0.118ns (51.778%)  route 0.110ns (48.222%))
  Logic Levels:           0  
  Clock Path Skew:        0.013ns (DCD - SCD - CPR)
    Destination Clock Delay (DCD):    2.654ns
    Source Clock Delay      (SCD):    2.168ns
    Clock Pessimism Removal (CPR):    0.473ns

    Location             Delay type                Incr(ns)  Path(ns)    Netlist Resource(s)
  -------------------------------------------------------------------    -------------------
                         (clock dbg_hub/inst/N_EXT_BSCAN.bscan_inst/SERIES7_BSCAN.bscan_inst/DRCK rise edge)
                                                      0.000     0.000 r  
    BSCAN_X0Y0           BSCANE2                      0.000     0.000 r  dbg_hub/inst/N_EXT_BSCAN.bscan_inst/SERIES7_BSCAN.bscan_inst/DRCK
                         net (fo=1, routed)           1.601     1.601    dbg_hub/inst/DRCK
    BUFGCTRL_X0Y4        BUFG (Prop_bufg_I_O)         0.026     1.627 r  dbg_hub/inst/N_EXT_BSCAN.u_bufg_icon/O
                         net (fo=269, routed)         0.541     2.168    dbg_hub/inst/CORE_XSDB.UUT_MASTER/U_ICON_INTERFACE/U_CMD6_WR/idrck
    SLICE_X70Y151        FDCE                                         r  dbg_hub/inst/CORE_XSDB.UUT_MASTER/U_ICON_INTERFACE/U_CMD6_WR/shift_reg_in_reg[3]/C
  -------------------------------------------------------------------    -------------------
    SLICE_X70Y151        FDCE (Prop_fdce_C_Q)         0.118     2.286 r  dbg_hub/inst/CORE_XSDB.UUT_MASTER/U_ICON_INTERFACE/U_CMD6_WR/shift_reg_in_reg[3]/Q
                         net (fo=2, routed)           0.110     2.395    dbg_hub/inst/CORE_XSDB.UUT_MASTER/U_ICON_INTERFACE/U_CMD6_WR/U_WR_FIFO/SUBCORE_FIFO.xsdbm_v1_1_wrfifo_inst/inst_fifo_gen/gconvfifo.rf/grf.rf/gntv_or_sync_fifo.mem/gdm.dm/RAM_reg_0_15_0_5/DIB0
    SLICE_X70Y153        RAMD32                                       r  dbg_hub/inst/CORE_XSDB.UUT_MASTER/U_ICON_INTERFACE/U_CMD6_WR/U_WR_FIFO/SUBCORE_FIFO.xsdbm_v1_1_wrfifo_inst/inst_fifo_gen/gconvfifo.rf/grf.rf/gntv_or_sync_fifo.mem/gdm.dm/RAM_reg_0_15_0_5/RAMB/I
  -------------------------------------------------------------------    -------------------

                         (clock dbg_hub/inst/N_EXT_BSCAN.bscan_inst/SERIES7_BSCAN.bscan_inst/DRCK rise edge)
                                                      0.000     0.000 r  
    BSCAN_X0Y0           BSCANE2                      0.000     0.000 r  dbg_hub/inst/N_EXT_BSCAN.bscan_inst/SERIES7_BSCAN.bscan_inst/DRCK
                         net (fo=1, routed)           1.884     1.884    dbg_hub/inst/DRCK
    BUFGCTRL_X0Y4        BUFG (Prop_bufg_I_O)         0.030     1.914 r  dbg_hub/inst/N_EXT_BSCAN.u_bufg_icon/O
                         net (fo=269, routed)         0.740     2.654    dbg_hub/inst/CORE_XSDB.UUT_MASTER/U_ICON_INTERFACE/U_CMD6_WR/U_WR_FIFO/SUBCORE_FIFO.xsdbm_v1_1_wrfifo_inst/inst_fifo_gen/gconvfifo.rf/grf.rf/gntv_or_sync_fifo.mem/gdm.dm/RAM_reg_0_15_0_5/WCLK
    SLICE_X70Y153        RAMD32                                       r  dbg_hub/inst/CORE_XSDB.UUT_MASTER/U_ICON_INTERFACE/U_CMD6_WR/U_WR_FIFO/SUBCORE_FIFO.xsdbm_v1_1_wrfifo_inst/inst_fifo_gen/gconvfifo.rf/grf.rf/gntv_or_sync_fifo.mem/gdm.dm/RAM_reg_0_15_0_5/RAMB/CLK
                         clock pessimism             -0.473     2.181    
    SLICE_X70Y153        RAMD32 (Hold_ramd32_CLK_I)
                                                      0.132     2.313    dbg_hub/inst/CORE_XSDB.UUT_MASTER/U_ICON_INTERFACE/U_CMD6_WR/U_WR_FIFO/SUBCORE_FIFO.xsdbm_v1_1_wrfifo_inst/inst_fifo_gen/gconvfifo.rf/grf.rf/gntv_or_sync_fifo.mem/gdm.dm/RAM_reg_0_15_0_5/RAMB
  -------------------------------------------------------------------
                         required time                         -2.313    
                         arrival time                           2.395    
  -------------------------------------------------------------------
                         slack                                  0.083    

Slack (MET) :             0.099ns  (arrival time - required time)
  Source:                 dbg_hub/inst/CORE_XSDB.UUT_MASTER/U_ICON_INTERFACE/U_CMD6_WR/shift_reg_in_reg[11]/C
                            (rising edge-triggered cell FDCE clocked by dbg_hub/inst/N_EXT_BSCAN.bscan_inst/SERIES7_BSCAN.bscan_inst/DRCK  {rise@0.000ns fall@15.000ns period=30.000ns})
  Destination:            dbg_hub/inst/CORE_XSDB.UUT_MASTER/U_ICON_INTERFACE/U_CMD6_WR/U_WR_FIFO/SUBCORE_FIFO.xsdbm_v1_1_wrfifo_inst/inst_fifo_gen/gconvfifo.rf/grf.rf/gntv_or_sync_fifo.mem/gdm.dm/RAM_reg_0_15_6_11/RAMC/I
                            (rising edge-triggered cell RAMD32 clocked by dbg_hub/inst/N_EXT_BSCAN.bscan_inst/SERIES7_BSCAN.bscan_inst/DRCK  {rise@0.000ns fall@15.000ns period=30.000ns})
  Path Group:             dbg_hub/inst/N_EXT_BSCAN.bscan_inst/SERIES7_BSCAN.bscan_inst/DRCK
  Path Type:              Hold (Min at Fast Process Corner)
  Requirement:            0.000ns  (dbg_hub/inst/N_EXT_BSCAN.bscan_inst/SERIES7_BSCAN.bscan_inst/DRCK rise@0.000ns - dbg_hub/inst/N_EXT_BSCAN.bscan_inst/SERIES7_BSCAN.bscan_inst/DRCK rise@0.000ns)
  Data Path Delay:        0.242ns  (logic 0.100ns (41.264%)  route 0.142ns (58.736%))
  Logic Levels:           0  
  Clock Path Skew:        0.014ns (DCD - SCD - CPR)
    Destination Clock Delay (DCD):    2.655ns
    Source Clock Delay      (SCD):    2.168ns
    Clock Pessimism Removal (CPR):    0.473ns

    Location             Delay type                Incr(ns)  Path(ns)    Netlist Resource(s)
  -------------------------------------------------------------------    -------------------
                         (clock dbg_hub/inst/N_EXT_BSCAN.bscan_inst/SERIES7_BSCAN.bscan_inst/DRCK rise edge)
                                                      0.000     0.000 r  
    BSCAN_X0Y0           BSCANE2                      0.000     0.000 r  dbg_hub/inst/N_EXT_BSCAN.bscan_inst/SERIES7_BSCAN.bscan_inst/DRCK
                         net (fo=1, routed)           1.601     1.601    dbg_hub/inst/DRCK
    BUFGCTRL_X0Y4        BUFG (Prop_bufg_I_O)         0.026     1.627 r  dbg_hub/inst/N_EXT_BSCAN.u_bufg_icon/O
                         net (fo=269, routed)         0.541     2.168    dbg_hub/inst/CORE_XSDB.UUT_MASTER/U_ICON_INTERFACE/U_CMD6_WR/idrck
    SLICE_X73Y152        FDCE                                         r  dbg_hub/inst/CORE_XSDB.UUT_MASTER/U_ICON_INTERFACE/U_CMD6_WR/shift_reg_in_reg[11]/C
  -------------------------------------------------------------------    -------------------
    SLICE_X73Y152        FDCE (Prop_fdce_C_Q)         0.100     2.268 r  dbg_hub/inst/CORE_XSDB.UUT_MASTER/U_ICON_INTERFACE/U_CMD6_WR/shift_reg_in_reg[11]/Q
                         net (fo=2, routed)           0.142     2.410    dbg_hub/inst/CORE_XSDB.UUT_MASTER/U_ICON_INTERFACE/U_CMD6_WR/U_WR_FIFO/SUBCORE_FIFO.xsdbm_v1_1_wrfifo_inst/inst_fifo_gen/gconvfifo.rf/grf.rf/gntv_or_sync_fifo.mem/gdm.dm/RAM_reg_0_15_6_11/DIC0
    SLICE_X70Y152        RAMD32                                       r  dbg_hub/inst/CORE_XSDB.UUT_MASTER/U_ICON_INTERFACE/U_CMD6_WR/U_WR_FIFO/SUBCORE_FIFO.xsdbm_v1_1_wrfifo_inst/inst_fifo_gen/gconvfifo.rf/grf.rf/gntv_or_sync_fifo.mem/gdm.dm/RAM_reg_0_15_6_11/RAMC/I
  -------------------------------------------------------------------    -------------------

                         (clock dbg_hub/inst/N_EXT_BSCAN.bscan_inst/SERIES7_BSCAN.bscan_inst/DRCK rise edge)
                                                      0.000     0.000 r  
    BSCAN_X0Y0           BSCANE2                      0.000     0.000 r  dbg_hub/inst/N_EXT_BSCAN.bscan_inst/SERIES7_BSCAN.bscan_inst/DRCK
                         net (fo=1, routed)           1.884     1.884    dbg_hub/inst/DRCK
    BUFGCTRL_X0Y4        BUFG (Prop_bufg_I_O)         0.030     1.914 r  dbg_hub/inst/N_EXT_BSCAN.u_bufg_icon/O
                         net (fo=269, routed)         0.741     2.655    dbg_hub/inst/CORE_XSDB.UUT_MASTER/U_ICON_INTERFACE/U_CMD6_WR/U_WR_FIFO/SUBCORE_FIFO.xsdbm_v1_1_wrfifo_inst/inst_fifo_gen/gconvfifo.rf/grf.rf/gntv_or_sync_fifo.mem/gdm.dm/RAM_reg_0_15_6_11/WCLK
    SLICE_X70Y152        RAMD32                                       r  dbg_hub/inst/CORE_XSDB.UUT_MASTER/U_ICON_INTERFACE/U_CMD6_WR/U_WR_FIFO/SUBCORE_FIFO.xsdbm_v1_1_wrfifo_inst/inst_fifo_gen/gconvfifo.rf/grf.rf/gntv_or_sync_fifo.mem/gdm.dm/RAM_reg_0_15_6_11/RAMC/CLK
                         clock pessimism             -0.473     2.182    
    SLICE_X70Y152        RAMD32 (Hold_ramd32_CLK_I)
                                                      0.129     2.311    dbg_hub/inst/CORE_XSDB.UUT_MASTER/U_ICON_INTERFACE/U_CMD6_WR/U_WR_FIFO/SUBCORE_FIFO.xsdbm_v1_1_wrfifo_inst/inst_fifo_gen/gconvfifo.rf/grf.rf/gntv_or_sync_fifo.mem/gdm.dm/RAM_reg_0_15_6_11/RAMC
  -------------------------------------------------------------------
                         required time                         -2.311    
                         arrival time                           2.410    
  -------------------------------------------------------------------
                         slack                                  0.099    

Slack (MET) :             0.100ns  (arrival time - required time)
  Source:                 dbg_hub/inst/CORE_XSDB.UUT_MASTER/U_ICON_INTERFACE/U_CMD6_WR/shift_reg_in_reg[9]/C
                            (rising edge-triggered cell FDCE clocked by dbg_hub/inst/N_EXT_BSCAN.bscan_inst/SERIES7_BSCAN.bscan_inst/DRCK  {rise@0.000ns fall@15.000ns period=30.000ns})
  Destination:            dbg_hub/inst/CORE_XSDB.UUT_MASTER/U_ICON_INTERFACE/U_CMD6_WR/U_WR_FIFO/SUBCORE_FIFO.xsdbm_v1_1_wrfifo_inst/inst_fifo_gen/gconvfifo.rf/grf.rf/gntv_or_sync_fifo.mem/gdm.dm/RAM_reg_0_15_6_11/RAMB/I
                            (rising edge-triggered cell RAMD32 clocked by dbg_hub/inst/N_EXT_BSCAN.bscan_inst/SERIES7_BSCAN.bscan_inst/DRCK  {rise@0.000ns fall@15.000ns period=30.000ns})
  Path Group:             dbg_hub/inst/N_EXT_BSCAN.bscan_inst/SERIES7_BSCAN.bscan_inst/DRCK
  Path Type:              Hold (Min at Fast Process Corner)
  Requirement:            0.000ns  (dbg_hub/inst/N_EXT_BSCAN.bscan_inst/SERIES7_BSCAN.bscan_inst/DRCK rise@0.000ns - dbg_hub/inst/N_EXT_BSCAN.bscan_inst/SERIES7_BSCAN.bscan_inst/DRCK rise@0.000ns)
  Data Path Delay:        0.202ns  (logic 0.107ns (52.989%)  route 0.095ns (47.011%))
  Logic Levels:           0  
  Clock Path Skew:        0.014ns (DCD - SCD - CPR)
    Destination Clock Delay (DCD):    2.655ns
    Source Clock Delay      (SCD):    2.168ns
    Clock Pessimism Removal (CPR):    0.473ns

    Location             Delay type                Incr(ns)  Path(ns)    Netlist Resource(s)
  -------------------------------------------------------------------    -------------------
                         (clock dbg_hub/inst/N_EXT_BSCAN.bscan_inst/SERIES7_BSCAN.bscan_inst/DRCK rise edge)
                                                      0.000     0.000 r  
    BSCAN_X0Y0           BSCANE2                      0.000     0.000 r  dbg_hub/inst/N_EXT_BSCAN.bscan_inst/SERIES7_BSCAN.bscan_inst/DRCK
                         net (fo=1, routed)           1.601     1.601    dbg_hub/inst/DRCK
    BUFGCTRL_X0Y4        BUFG (Prop_bufg_I_O)         0.026     1.627 r  dbg_hub/inst/N_EXT_BSCAN.u_bufg_icon/O
                         net (fo=269, routed)         0.541     2.168    dbg_hub/inst/CORE_XSDB.UUT_MASTER/U_ICON_INTERFACE/U_CMD6_WR/idrck
    SLICE_X70Y151        FDCE                                         r  dbg_hub/inst/CORE_XSDB.UUT_MASTER/U_ICON_INTERFACE/U_CMD6_WR/shift_reg_in_reg[9]/C
  -------------------------------------------------------------------    -------------------
    SLICE_X70Y151        FDCE (Prop_fdce_C_Q)         0.107     2.275 r  dbg_hub/inst/CORE_XSDB.UUT_MASTER/U_ICON_INTERFACE/U_CMD6_WR/shift_reg_in_reg[9]/Q
                         net (fo=2, routed)           0.095     2.369    dbg_hub/inst/CORE_XSDB.UUT_MASTER/U_ICON_INTERFACE/U_CMD6_WR/U_WR_FIFO/SUBCORE_FIFO.xsdbm_v1_1_wrfifo_inst/inst_fifo_gen/gconvfifo.rf/grf.rf/gntv_or_sync_fifo.mem/gdm.dm/RAM_reg_0_15_6_11/DIB0
    SLICE_X70Y152        RAMD32                                       r  dbg_hub/inst/CORE_XSDB.UUT_MASTER/U_ICON_INTERFACE/U_CMD6_WR/U_WR_FIFO/SUBCORE_FIFO.xsdbm_v1_1_wrfifo_inst/inst_fifo_gen/gconvfifo.rf/grf.rf/gntv_or_sync_fifo.mem/gdm.dm/RAM_reg_0_15_6_11/RAMB/I
  -------------------------------------------------------------------    -------------------

                         (clock dbg_hub/inst/N_EXT_BSCAN.bscan_inst/SERIES7_BSCAN.bscan_inst/DRCK rise edge)
                                                      0.000     0.000 r  
    BSCAN_X0Y0           BSCANE2                      0.000     0.000 r  dbg_hub/inst/N_EXT_BSCAN.bscan_inst/SERIES7_BSCAN.bscan_inst/DRCK
                         net (fo=1, routed)           1.884     1.884    dbg_hub/inst/DRCK
    BUFGCTRL_X0Y4        BUFG (Prop_bufg_I_O)         0.030     1.914 r  dbg_hub/inst/N_EXT_BSCAN.u_bufg_icon/O
                         net (fo=269, routed)         0.741     2.655    dbg_hub/inst/CORE_XSDB.UUT_MASTER/U_ICON_INTERFACE/U_CMD6_WR/U_WR_FIFO/SUBCORE_FIFO.xsdbm_v1_1_wrfifo_inst/inst_fifo_gen/gconvfifo.rf/grf.rf/gntv_or_sync_fifo.mem/gdm.dm/RAM_reg_0_15_6_11/WCLK
    SLICE_X70Y152        RAMD32                                       r  dbg_hub/inst/CORE_XSDB.UUT_MASTER/U_ICON_INTERFACE/U_CMD6_WR/U_WR_FIFO/SUBCORE_FIFO.xsdbm_v1_1_wrfifo_inst/inst_fifo_gen/gconvfifo.rf/grf.rf/gntv_or_sync_fifo.mem/gdm.dm/RAM_reg_0_15_6_11/RAMB/CLK
                         clock pessimism             -0.473     2.182    
    SLICE_X70Y152        RAMD32 (Hold_ramd32_CLK_I)
                                                      0.088     2.270    dbg_hub/inst/CORE_XSDB.UUT_MASTER/U_ICON_INTERFACE/U_CMD6_WR/U_WR_FIFO/SUBCORE_FIFO.xsdbm_v1_1_wrfifo_inst/inst_fifo_gen/gconvfifo.rf/grf.rf/gntv_or_sync_fifo.mem/gdm.dm/RAM_reg_0_15_6_11/RAMB
  -------------------------------------------------------------------
                         required time                         -2.270    
                         arrival time                           2.369    
  -------------------------------------------------------------------
                         slack                                  0.100    

Slack (MET) :             0.108ns  (arrival time - required time)
  Source:                 dbg_hub/inst/CORE_XSDB.UUT_MASTER/U_ICON_INTERFACE/U_CMD6_WR/U_WR_FIFO/SUBCORE_FIFO.xsdbm_v1_1_wrfifo_inst/inst_fifo_gen/gconvfifo.rf/grf.rf/gntv_or_sync_fifo.gcx.clkx/gsync_stage[1].wr_stg_inst/Q_reg_reg[2]/C
                            (rising edge-triggered cell FDCE clocked by dbg_hub/inst/N_EXT_BSCAN.bscan_inst/SERIES7_BSCAN.bscan_inst/DRCK  {rise@0.000ns fall@15.000ns period=30.000ns})
  Destination:            dbg_hub/inst/CORE_XSDB.UUT_MASTER/U_ICON_INTERFACE/U_CMD6_WR/U_WR_FIFO/SUBCORE_FIFO.xsdbm_v1_1_wrfifo_inst/inst_fifo_gen/gconvfifo.rf/grf.rf/gntv_or_sync_fifo.gcx.clkx/gsync_stage[2].wr_stg_inst/Q_reg_reg[2]/D
                            (rising edge-triggered cell FDCE clocked by dbg_hub/inst/N_EXT_BSCAN.bscan_inst/SERIES7_BSCAN.bscan_inst/DRCK  {rise@0.000ns fall@15.000ns period=30.000ns})
  Path Group:             dbg_hub/inst/N_EXT_BSCAN.bscan_inst/SERIES7_BSCAN.bscan_inst/DRCK
  Path Type:              Hold (Min at Fast Process Corner)
  Requirement:            0.000ns  (dbg_hub/inst/N_EXT_BSCAN.bscan_inst/SERIES7_BSCAN.bscan_inst/DRCK rise@0.000ns - dbg_hub/inst/N_EXT_BSCAN.bscan_inst/SERIES7_BSCAN.bscan_inst/DRCK rise@0.000ns)
  Data Path Delay:        0.155ns  (logic 0.100ns (64.566%)  route 0.055ns (35.434%))
  Logic Levels:           0  
  Clock Path Skew:        0.000ns (DCD - SCD - CPR)
    Destination Clock Delay (DCD):    2.654ns
    Source Clock Delay      (SCD):    2.167ns
    Clock Pessimism Removal (CPR):    0.487ns

    Location             Delay type                Incr(ns)  Path(ns)    Netlist Resource(s)
  -------------------------------------------------------------------    -------------------
                         (clock dbg_hub/inst/N_EXT_BSCAN.bscan_inst/SERIES7_BSCAN.bscan_inst/DRCK rise edge)
                                                      0.000     0.000 r  
    BSCAN_X0Y0           BSCANE2                      0.000     0.000 r  dbg_hub/inst/N_EXT_BSCAN.bscan_inst/SERIES7_BSCAN.bscan_inst/DRCK
                         net (fo=1, routed)           1.601     1.601    dbg_hub/inst/DRCK
    BUFGCTRL_X0Y4        BUFG (Prop_bufg_I_O)         0.026     1.627 r  dbg_hub/inst/N_EXT_BSCAN.u_bufg_icon/O
                         net (fo=269, routed)         0.540     2.167    dbg_hub/inst/CORE_XSDB.UUT_MASTER/U_ICON_INTERFACE/U_CMD6_WR/U_WR_FIFO/SUBCORE_FIFO.xsdbm_v1_1_wrfifo_inst/inst_fifo_gen/gconvfifo.rf/grf.rf/gntv_or_sync_fifo.gcx.clkx/gsync_stage[1].wr_stg_inst/idrck
    SLICE_X77Y151        FDCE                                         r  dbg_hub/inst/CORE_XSDB.UUT_MASTER/U_ICON_INTERFACE/U_CMD6_WR/U_WR_FIFO/SUBCORE_FIFO.xsdbm_v1_1_wrfifo_inst/inst_fifo_gen/gconvfifo.rf/grf.rf/gntv_or_sync_fifo.gcx.clkx/gsync_stage[1].wr_stg_inst/Q_reg_reg[2]/C
  -------------------------------------------------------------------    -------------------
    SLICE_X77Y151        FDCE (Prop_fdce_C_Q)         0.100     2.267 r  dbg_hub/inst/CORE_XSDB.UUT_MASTER/U_ICON_INTERFACE/U_CMD6_WR/U_WR_FIFO/SUBCORE_FIFO.xsdbm_v1_1_wrfifo_inst/inst_fifo_gen/gconvfifo.rf/grf.rf/gntv_or_sync_fifo.gcx.clkx/gsync_stage[1].wr_stg_inst/Q_reg_reg[2]/Q
                         net (fo=1, routed)           0.055     2.321    dbg_hub/inst/CORE_XSDB.UUT_MASTER/U_ICON_INTERFACE/U_CMD6_WR/U_WR_FIFO/SUBCORE_FIFO.xsdbm_v1_1_wrfifo_inst/inst_fifo_gen/gconvfifo.rf/grf.rf/gntv_or_sync_fifo.gcx.clkx/gsync_stage[2].wr_stg_inst/D[2]
    SLICE_X77Y151        FDCE                                         r  dbg_hub/inst/CORE_XSDB.UUT_MASTER/U_ICON_INTERFACE/U_CMD6_WR/U_WR_FIFO/SUBCORE_FIFO.xsdbm_v1_1_wrfifo_inst/inst_fifo_gen/gconvfifo.rf/grf.rf/gntv_or_sync_fifo.gcx.clkx/gsync_stage[2].wr_stg_inst/Q_reg_reg[2]/D
  -------------------------------------------------------------------    -------------------

                         (clock dbg_hub/inst/N_EXT_BSCAN.bscan_inst/SERIES7_BSCAN.bscan_inst/DRCK rise edge)
                                                      0.000     0.000 r  
    BSCAN_X0Y0           BSCANE2                      0.000     0.000 r  dbg_hub/inst/N_EXT_BSCAN.bscan_inst/SERIES7_BSCAN.bscan_inst/DRCK
                         net (fo=1, routed)           1.884     1.884    dbg_hub/inst/DRCK
    BUFGCTRL_X0Y4        BUFG (Prop_bufg_I_O)         0.030     1.914 r  dbg_hub/inst/N_EXT_BSCAN.u_bufg_icon/O
                         net (fo=269, routed)         0.740     2.654    dbg_hub/inst/CORE_XSDB.UUT_MASTER/U_ICON_INTERFACE/U_CMD6_WR/U_WR_FIFO/SUBCORE_FIFO.xsdbm_v1_1_wrfifo_inst/inst_fifo_gen/gconvfifo.rf/grf.rf/gntv_or_sync_fifo.gcx.clkx/gsync_stage[2].wr_stg_inst/idrck
    SLICE_X77Y151        FDCE                                         r  dbg_hub/inst/CORE_XSDB.UUT_MASTER/U_ICON_INTERFACE/U_CMD6_WR/U_WR_FIFO/SUBCORE_FIFO.xsdbm_v1_1_wrfifo_inst/inst_fifo_gen/gconvfifo.rf/grf.rf/gntv_or_sync_fifo.gcx.clkx/gsync_stage[2].wr_stg_inst/Q_reg_reg[2]/C
                         clock pessimism             -0.487     2.167    
    SLICE_X77Y151        FDCE (Hold_fdce_C_D)         0.047     2.214    dbg_hub/inst/CORE_XSDB.UUT_MASTER/U_ICON_INTERFACE/U_CMD6_WR/U_WR_FIFO/SUBCORE_FIFO.xsdbm_v1_1_wrfifo_inst/inst_fifo_gen/gconvfifo.rf/grf.rf/gntv_or_sync_fifo.gcx.clkx/gsync_stage[2].wr_stg_inst/Q_reg_reg[2]
  -------------------------------------------------------------------
                         required time                         -2.214    
                         arrival time                           2.321    
  -------------------------------------------------------------------
                         slack                                  0.108    

Slack (MET) :             0.108ns  (arrival time - required time)
  Source:                 dbg_hub/inst/CORE_XSDB.UUT_MASTER/U_ICON_INTERFACE/U_CMD6_RD/U_RD_FIFO/SUBCORE_FIFO.xsdbm_v1_1_rdfifo_inst/inst_fifo_gen/gconvfifo.rf/grf.rf/rstblk/ngwrdrst.grst.g7serrst.rst_rd_reg1_reg/C
                            (rising edge-triggered cell FDPE clocked by dbg_hub/inst/N_EXT_BSCAN.bscan_inst/SERIES7_BSCAN.bscan_inst/DRCK  {rise@0.000ns fall@15.000ns period=30.000ns})
  Destination:            dbg_hub/inst/CORE_XSDB.UUT_MASTER/U_ICON_INTERFACE/U_CMD6_RD/U_RD_FIFO/SUBCORE_FIFO.xsdbm_v1_1_rdfifo_inst/inst_fifo_gen/gconvfifo.rf/grf.rf/rstblk/ngwrdrst.grst.g7serrst.rst_rd_reg2_reg/D
                            (rising edge-triggered cell FDPE clocked by dbg_hub/inst/N_EXT_BSCAN.bscan_inst/SERIES7_BSCAN.bscan_inst/DRCK  {rise@0.000ns fall@15.000ns period=30.000ns})
  Path Group:             dbg_hub/inst/N_EXT_BSCAN.bscan_inst/SERIES7_BSCAN.bscan_inst/DRCK
  Path Type:              Hold (Min at Fast Process Corner)
  Requirement:            0.000ns  (dbg_hub/inst/N_EXT_BSCAN.bscan_inst/SERIES7_BSCAN.bscan_inst/DRCK rise@0.000ns - dbg_hub/inst/N_EXT_BSCAN.bscan_inst/SERIES7_BSCAN.bscan_inst/DRCK rise@0.000ns)
  Data Path Delay:        0.155ns  (logic 0.100ns (64.566%)  route 0.055ns (35.434%))
  Logic Levels:           0  
  Clock Path Skew:        0.000ns (DCD - SCD - CPR)
    Destination Clock Delay (DCD):    2.655ns
    Source Clock Delay      (SCD):    2.168ns
    Clock Pessimism Removal (CPR):    0.487ns

    Location             Delay type                Incr(ns)  Path(ns)    Netlist Resource(s)
  -------------------------------------------------------------------    -------------------
                         (clock dbg_hub/inst/N_EXT_BSCAN.bscan_inst/SERIES7_BSCAN.bscan_inst/DRCK rise edge)
                                                      0.000     0.000 r  
    BSCAN_X0Y0           BSCANE2                      0.000     0.000 r  dbg_hub/inst/N_EXT_BSCAN.bscan_inst/SERIES7_BSCAN.bscan_inst/DRCK
                         net (fo=1, routed)           1.601     1.601    dbg_hub/inst/DRCK
    BUFGCTRL_X0Y4        BUFG (Prop_bufg_I_O)         0.026     1.627 r  dbg_hub/inst/N_EXT_BSCAN.u_bufg_icon/O
                         net (fo=269, routed)         0.541     2.168    dbg_hub/inst/CORE_XSDB.UUT_MASTER/U_ICON_INTERFACE/U_CMD6_RD/U_RD_FIFO/SUBCORE_FIFO.xsdbm_v1_1_rdfifo_inst/inst_fifo_gen/gconvfifo.rf/grf.rf/rstblk/idrck
    SLICE_X73Y150        FDPE                                         r  dbg_hub/inst/CORE_XSDB.UUT_MASTER/U_ICON_INTERFACE/U_CMD6_RD/U_RD_FIFO/SUBCORE_FIFO.xsdbm_v1_1_rdfifo_inst/inst_fifo_gen/gconvfifo.rf/grf.rf/rstblk/ngwrdrst.grst.g7serrst.rst_rd_reg1_reg/C
  -------------------------------------------------------------------    -------------------
    SLICE_X73Y150        FDPE (Prop_fdpe_C_Q)         0.100     2.268 r  dbg_hub/inst/CORE_XSDB.UUT_MASTER/U_ICON_INTERFACE/U_CMD6_RD/U_RD_FIFO/SUBCORE_FIFO.xsdbm_v1_1_rdfifo_inst/inst_fifo_gen/gconvfifo.rf/grf.rf/rstblk/ngwrdrst.grst.g7serrst.rst_rd_reg1_reg/Q
                         net (fo=1, routed)           0.055     2.322    dbg_hub/inst/CORE_XSDB.UUT_MASTER/U_ICON_INTERFACE/U_CMD6_RD/U_RD_FIFO/SUBCORE_FIFO.xsdbm_v1_1_rdfifo_inst/inst_fifo_gen/gconvfifo.rf/grf.rf/rstblk/rst_rd_reg1
    SLICE_X73Y150        FDPE                                         r  dbg_hub/inst/CORE_XSDB.UUT_MASTER/U_ICON_INTERFACE/U_CMD6_RD/U_RD_FIFO/SUBCORE_FIFO.xsdbm_v1_1_rdfifo_inst/inst_fifo_gen/gconvfifo.rf/grf.rf/rstblk/ngwrdrst.grst.g7serrst.rst_rd_reg2_reg/D
  -------------------------------------------------------------------    -------------------

                         (clock dbg_hub/inst/N_EXT_BSCAN.bscan_inst/SERIES7_BSCAN.bscan_inst/DRCK rise edge)
                                                      0.000     0.000 r  
    BSCAN_X0Y0           BSCANE2                      0.000     0.000 r  dbg_hub/inst/N_EXT_BSCAN.bscan_inst/SERIES7_BSCAN.bscan_inst/DRCK
                         net (fo=1, routed)           1.884     1.884    dbg_hub/inst/DRCK
    BUFGCTRL_X0Y4        BUFG (Prop_bufg_I_O)         0.030     1.914 r  dbg_hub/inst/N_EXT_BSCAN.u_bufg_icon/O
                         net (fo=269, routed)         0.741     2.655    dbg_hub/inst/CORE_XSDB.UUT_MASTER/U_ICON_INTERFACE/U_CMD6_RD/U_RD_FIFO/SUBCORE_FIFO.xsdbm_v1_1_rdfifo_inst/inst_fifo_gen/gconvfifo.rf/grf.rf/rstblk/idrck
    SLICE_X73Y150        FDPE                                         r  dbg_hub/inst/CORE_XSDB.UUT_MASTER/U_ICON_INTERFACE/U_CMD6_RD/U_RD_FIFO/SUBCORE_FIFO.xsdbm_v1_1_rdfifo_inst/inst_fifo_gen/gconvfifo.rf/grf.rf/rstblk/ngwrdrst.grst.g7serrst.rst_rd_reg2_reg/C
                         clock pessimism             -0.487     2.168    
    SLICE_X73Y150        FDPE (Hold_fdpe_C_D)         0.047     2.215    dbg_hub/inst/CORE_XSDB.UUT_MASTER/U_ICON_INTERFACE/U_CMD6_RD/U_RD_FIFO/SUBCORE_FIFO.xsdbm_v1_1_rdfifo_inst/inst_fifo_gen/gconvfifo.rf/grf.rf/rstblk/ngwrdrst.grst.g7serrst.rst_rd_reg2_reg
  -------------------------------------------------------------------
                         required time                         -2.215    
                         arrival time                           2.322    
  -------------------------------------------------------------------
                         slack                                  0.108    

Slack (MET) :             0.111ns  (arrival time - required time)
  Source:                 dbg_hub/inst/CORE_XSDB.UUT_MASTER/U_ICON_INTERFACE/U_CMD5/shift_reg_in_reg[5]/C
                            (rising edge-triggered cell FDCE clocked by dbg_hub/inst/N_EXT_BSCAN.bscan_inst/SERIES7_BSCAN.bscan_inst/DRCK  {rise@0.000ns fall@15.000ns period=30.000ns})
  Destination:            dbg_hub/inst/CORE_XSDB.UUT_MASTER/U_ICON_INTERFACE/U_CMD5/shift_reg_in_reg[4]/D
                            (rising edge-triggered cell FDCE clocked by dbg_hub/inst/N_EXT_BSCAN.bscan_inst/SERIES7_BSCAN.bscan_inst/DRCK  {rise@0.000ns fall@15.000ns period=30.000ns})
  Path Group:             dbg_hub/inst/N_EXT_BSCAN.bscan_inst/SERIES7_BSCAN.bscan_inst/DRCK
  Path Type:              Hold (Min at Fast Process Corner)
  Requirement:            0.000ns  (dbg_hub/inst/N_EXT_BSCAN.bscan_inst/SERIES7_BSCAN.bscan_inst/DRCK rise@0.000ns - dbg_hub/inst/N_EXT_BSCAN.bscan_inst/SERIES7_BSCAN.bscan_inst/DRCK rise@0.000ns)
  Data Path Delay:        0.155ns  (logic 0.100ns (64.566%)  route 0.055ns (35.434%))
  Logic Levels:           0  
  Clock Path Skew:        0.000ns (DCD - SCD - CPR)
    Destination Clock Delay (DCD):    2.728ns
    Source Clock Delay      (SCD):    2.222ns
    Clock Pessimism Removal (CPR):    0.506ns

    Location             Delay type                Incr(ns)  Path(ns)    Netlist Resource(s)
  -------------------------------------------------------------------    -------------------
                         (clock dbg_hub/inst/N_EXT_BSCAN.bscan_inst/SERIES7_BSCAN.bscan_inst/DRCK rise edge)
                                                      0.000     0.000 r  
    BSCAN_X0Y0           BSCANE2                      0.000     0.000 r  dbg_hub/inst/N_EXT_BSCAN.bscan_inst/SERIES7_BSCAN.bscan_inst/DRCK
                         net (fo=1, routed)           1.601     1.601    dbg_hub/inst/DRCK
    BUFGCTRL_X0Y4        BUFG (Prop_bufg_I_O)         0.026     1.627 r  dbg_hub/inst/N_EXT_BSCAN.u_bufg_icon/O
                         net (fo=269, routed)         0.595     2.222    dbg_hub/inst/CORE_XSDB.UUT_MASTER/U_ICON_INTERFACE/U_CMD5/idrck
    SLICE_X61Y146        FDCE                                         r  dbg_hub/inst/CORE_XSDB.UUT_MASTER/U_ICON_INTERFACE/U_CMD5/shift_reg_in_reg[5]/C
  -------------------------------------------------------------------    -------------------
    SLICE_X61Y146        FDCE (Prop_fdce_C_Q)         0.100     2.322 r  dbg_hub/inst/CORE_XSDB.UUT_MASTER/U_ICON_INTERFACE/U_CMD5/shift_reg_in_reg[5]/Q
                         net (fo=2, routed)           0.055     2.376    dbg_hub/inst/CORE_XSDB.UUT_MASTER/U_ICON_INTERFACE/U_CMD5/shift_reg_in[5]
    SLICE_X61Y146        FDCE                                         r  dbg_hub/inst/CORE_XSDB.UUT_MASTER/U_ICON_INTERFACE/U_CMD5/shift_reg_in_reg[4]/D
  -------------------------------------------------------------------    -------------------

                         (clock dbg_hub/inst/N_EXT_BSCAN.bscan_inst/SERIES7_BSCAN.bscan_inst/DRCK rise edge)
                                                      0.000     0.000 r  
    BSCAN_X0Y0           BSCANE2                      0.000     0.000 r  dbg_hub/inst/N_EXT_BSCAN.bscan_inst/SERIES7_BSCAN.bscan_inst/DRCK
                         net (fo=1, routed)           1.884     1.884    dbg_hub/inst/DRCK
    BUFGCTRL_X0Y4        BUFG (Prop_bufg_I_O)         0.030     1.914 r  dbg_hub/inst/N_EXT_BSCAN.u_bufg_icon/O
                         net (fo=269, routed)         0.814     2.728    dbg_hub/inst/CORE_XSDB.UUT_MASTER/U_ICON_INTERFACE/U_CMD5/idrck
    SLICE_X61Y146        FDCE                                         r  dbg_hub/inst/CORE_XSDB.UUT_MASTER/U_ICON_INTERFACE/U_CMD5/shift_reg_in_reg[4]/C
                         clock pessimism             -0.506     2.222    
    SLICE_X61Y146        FDCE (Hold_fdce_C_D)         0.044     2.266    dbg_hub/inst/CORE_XSDB.UUT_MASTER/U_ICON_INTERFACE/U_CMD5/shift_reg_in_reg[4]
  -------------------------------------------------------------------
                         required time                         -2.266    
                         arrival time                           2.376    
  -------------------------------------------------------------------
                         slack                                  0.111    

Slack (MET) :             0.111ns  (arrival time - required time)
  Source:                 dbg_hub/inst/CORE_XSDB.UUT_MASTER/U_ICON_INTERFACE/U_CMD4/shift_reg_in_reg[23]/C
                            (rising edge-triggered cell FDCE clocked by dbg_hub/inst/N_EXT_BSCAN.bscan_inst/SERIES7_BSCAN.bscan_inst/DRCK  {rise@0.000ns fall@15.000ns period=30.000ns})
  Destination:            dbg_hub/inst/CORE_XSDB.UUT_MASTER/U_ICON_INTERFACE/U_CMD4/shift_reg_in_reg[22]/D
                            (rising edge-triggered cell FDCE clocked by dbg_hub/inst/N_EXT_BSCAN.bscan_inst/SERIES7_BSCAN.bscan_inst/DRCK  {rise@0.000ns fall@15.000ns period=30.000ns})
  Path Group:             dbg_hub/inst/N_EXT_BSCAN.bscan_inst/SERIES7_BSCAN.bscan_inst/DRCK
  Path Type:              Hold (Min at Fast Process Corner)
  Requirement:            0.000ns  (dbg_hub/inst/N_EXT_BSCAN.bscan_inst/SERIES7_BSCAN.bscan_inst/DRCK rise@0.000ns - dbg_hub/inst/N_EXT_BSCAN.bscan_inst/SERIES7_BSCAN.bscan_inst/DRCK rise@0.000ns)
  Data Path Delay:        0.155ns  (logic 0.100ns (64.566%)  route 0.055ns (35.434%))
  Logic Levels:           0  
  Clock Path Skew:        0.000ns (DCD - SCD - CPR)
    Destination Clock Delay (DCD):    2.725ns
    Source Clock Delay      (SCD):    2.218ns
    Clock Pessimism Removal (CPR):    0.507ns

    Location             Delay type                Incr(ns)  Path(ns)    Netlist Resource(s)
  -------------------------------------------------------------------    -------------------
                         (clock dbg_hub/inst/N_EXT_BSCAN.bscan_inst/SERIES7_BSCAN.bscan_inst/DRCK rise edge)
                                                      0.000     0.000 r  
    BSCAN_X0Y0           BSCANE2                      0.000     0.000 r  dbg_hub/inst/N_EXT_BSCAN.bscan_inst/SERIES7_BSCAN.bscan_inst/DRCK
                         net (fo=1, routed)           1.601     1.601    dbg_hub/inst/DRCK
    BUFGCTRL_X0Y4        BUFG (Prop_bufg_I_O)         0.026     1.627 r  dbg_hub/inst/N_EXT_BSCAN.u_bufg_icon/O
                         net (fo=269, routed)         0.591     2.218    dbg_hub/inst/CORE_XSDB.UUT_MASTER/U_ICON_INTERFACE/U_CMD4/idrck
    SLICE_X75Y144        FDCE                                         r  dbg_hub/inst/CORE_XSDB.UUT_MASTER/U_ICON_INTERFACE/U_CMD4/shift_reg_in_reg[23]/C
  -------------------------------------------------------------------    -------------------
    SLICE_X75Y144        FDCE (Prop_fdce_C_Q)         0.100     2.318 r  dbg_hub/inst/CORE_XSDB.UUT_MASTER/U_ICON_INTERFACE/U_CMD4/shift_reg_in_reg[23]/Q
                         net (fo=2, routed)           0.055     2.372    dbg_hub/inst/CORE_XSDB.UUT_MASTER/U_ICON_INTERFACE/U_CMD4/shift_reg_in[23]
    SLICE_X75Y144        FDCE                                         r  dbg_hub/inst/CORE_XSDB.UUT_MASTER/U_ICON_INTERFACE/U_CMD4/shift_reg_in_reg[22]/D
  -------------------------------------------------------------------    -------------------

                         (clock dbg_hub/inst/N_EXT_BSCAN.bscan_inst/SERIES7_BSCAN.bscan_inst/DRCK rise edge)
                                                      0.000     0.000 r  
    BSCAN_X0Y0           BSCANE2                      0.000     0.000 r  dbg_hub/inst/N_EXT_BSCAN.bscan_inst/SERIES7_BSCAN.bscan_inst/DRCK
                         net (fo=1, routed)           1.884     1.884    dbg_hub/inst/DRCK
    BUFGCTRL_X0Y4        BUFG (Prop_bufg_I_O)         0.030     1.914 r  dbg_hub/inst/N_EXT_BSCAN.u_bufg_icon/O
                         net (fo=269, routed)         0.811     2.725    dbg_hub/inst/CORE_XSDB.UUT_MASTER/U_ICON_INTERFACE/U_CMD4/idrck
    SLICE_X75Y144        FDCE                                         r  dbg_hub/inst/CORE_XSDB.UUT_MASTER/U_ICON_INTERFACE/U_CMD4/shift_reg_in_reg[22]/C
                         clock pessimism             -0.507     2.218    
    SLICE_X75Y144        FDCE (Hold_fdce_C_D)         0.044     2.262    dbg_hub/inst/CORE_XSDB.UUT_MASTER/U_ICON_INTERFACE/U_CMD4/shift_reg_in_reg[22]
  -------------------------------------------------------------------
                         required time                         -2.262    
                         arrival time                           2.372    
  -------------------------------------------------------------------
                         slack                                  0.111    

Slack (MET) :             0.112ns  (arrival time - required time)
  Source:                 dbg_hub/inst/CORE_XSDB.UUT_MASTER/U_ICON_INTERFACE/U_CMD6_RD/U_RD_FIFO/SUBCORE_FIFO.xsdbm_v1_1_rdfifo_inst/inst_fifo_gen/gconvfifo.rf/grf.rf/gntv_or_sync_fifo.gcx.clkx/gsync_stage[1].rd_stg_inst/Q_reg_reg[1]/C
                            (rising edge-triggered cell FDCE clocked by dbg_hub/inst/N_EXT_BSCAN.bscan_inst/SERIES7_BSCAN.bscan_inst/DRCK  {rise@0.000ns fall@15.000ns period=30.000ns})
  Destination:            dbg_hub/inst/CORE_XSDB.UUT_MASTER/U_ICON_INTERFACE/U_CMD6_RD/U_RD_FIFO/SUBCORE_FIFO.xsdbm_v1_1_rdfifo_inst/inst_fifo_gen/gconvfifo.rf/grf.rf/gntv_or_sync_fifo.gcx.clkx/gsync_stage[2].rd_stg_inst/Q_reg_reg[1]/D
                            (rising edge-triggered cell FDCE clocked by dbg_hub/inst/N_EXT_BSCAN.bscan_inst/SERIES7_BSCAN.bscan_inst/DRCK  {rise@0.000ns fall@15.000ns period=30.000ns})
  Path Group:             dbg_hub/inst/N_EXT_BSCAN.bscan_inst/SERIES7_BSCAN.bscan_inst/DRCK
  Path Type:              Hold (Min at Fast Process Corner)
  Requirement:            0.000ns  (dbg_hub/inst/N_EXT_BSCAN.bscan_inst/SERIES7_BSCAN.bscan_inst/DRCK rise@0.000ns - dbg_hub/inst/N_EXT_BSCAN.bscan_inst/SERIES7_BSCAN.bscan_inst/DRCK rise@0.000ns)
  Data Path Delay:        0.156ns  (logic 0.100ns (64.050%)  route 0.056ns (35.950%))
  Logic Levels:           0  
  Clock Path Skew:        0.000ns (DCD - SCD - CPR)
    Destination Clock Delay (DCD):    2.656ns
    Source Clock Delay      (SCD):    2.169ns
    Clock Pessimism Removal (CPR):    0.487ns

    Location             Delay type                Incr(ns)  Path(ns)    Netlist Resource(s)
  -------------------------------------------------------------------    -------------------
                         (clock dbg_hub/inst/N_EXT_BSCAN.bscan_inst/SERIES7_BSCAN.bscan_inst/DRCK rise edge)
                                                      0.000     0.000 r  
    BSCAN_X0Y0           BSCANE2                      0.000     0.000 r  dbg_hub/inst/N_EXT_BSCAN.bscan_inst/SERIES7_BSCAN.bscan_inst/DRCK
                         net (fo=1, routed)           1.601     1.601    dbg_hub/inst/DRCK
    BUFGCTRL_X0Y4        BUFG (Prop_bufg_I_O)         0.026     1.627 r  dbg_hub/inst/N_EXT_BSCAN.u_bufg_icon/O
                         net (fo=269, routed)         0.542     2.169    dbg_hub/inst/CORE_XSDB.UUT_MASTER/U_ICON_INTERFACE/U_CMD6_RD/U_RD_FIFO/SUBCORE_FIFO.xsdbm_v1_1_rdfifo_inst/inst_fifo_gen/gconvfifo.rf/grf.rf/gntv_or_sync_fifo.gcx.clkx/gsync_stage[1].rd_stg_inst/idrck
    SLICE_X68Y150        FDCE                                         r  dbg_hub/inst/CORE_XSDB.UUT_MASTER/U_ICON_INTERFACE/U_CMD6_RD/U_RD_FIFO/SUBCORE_FIFO.xsdbm_v1_1_rdfifo_inst/inst_fifo_gen/gconvfifo.rf/grf.rf/gntv_or_sync_fifo.gcx.clkx/gsync_stage[1].rd_stg_inst/Q_reg_reg[1]/C
  -------------------------------------------------------------------    -------------------
    SLICE_X68Y150        FDCE (Prop_fdce_C_Q)         0.100     2.269 r  dbg_hub/inst/CORE_XSDB.UUT_MASTER/U_ICON_INTERFACE/U_CMD6_RD/U_RD_FIFO/SUBCORE_FIFO.xsdbm_v1_1_rdfifo_inst/inst_fifo_gen/gconvfifo.rf/grf.rf/gntv_or_sync_fifo.gcx.clkx/gsync_stage[1].rd_stg_inst/Q_reg_reg[1]/Q
                         net (fo=1, routed)           0.056     2.325    dbg_hub/inst/CORE_XSDB.UUT_MASTER/U_ICON_INTERFACE/U_CMD6_RD/U_RD_FIFO/SUBCORE_FIFO.xsdbm_v1_1_rdfifo_inst/inst_fifo_gen/gconvfifo.rf/grf.rf/gntv_or_sync_fifo.gcx.clkx/gsync_stage[2].rd_stg_inst/D[1]
    SLICE_X68Y150        FDCE                                         r  dbg_hub/inst/CORE_XSDB.UUT_MASTER/U_ICON_INTERFACE/U_CMD6_RD/U_RD_FIFO/SUBCORE_FIFO.xsdbm_v1_1_rdfifo_inst/inst_fifo_gen/gconvfifo.rf/grf.rf/gntv_or_sync_fifo.gcx.clkx/gsync_stage[2].rd_stg_inst/Q_reg_reg[1]/D
  -------------------------------------------------------------------    -------------------

                         (clock dbg_hub/inst/N_EXT_BSCAN.bscan_inst/SERIES7_BSCAN.bscan_inst/DRCK rise edge)
                                                      0.000     0.000 r  
    BSCAN_X0Y0           BSCANE2                      0.000     0.000 r  dbg_hub/inst/N_EXT_BSCAN.bscan_inst/SERIES7_BSCAN.bscan_inst/DRCK
                         net (fo=1, routed)           1.884     1.884    dbg_hub/inst/DRCK
    BUFGCTRL_X0Y4        BUFG (Prop_bufg_I_O)         0.030     1.914 r  dbg_hub/inst/N_EXT_BSCAN.u_bufg_icon/O
                         net (fo=269, routed)         0.742     2.656    dbg_hub/inst/CORE_XSDB.UUT_MASTER/U_ICON_INTERFACE/U_CMD6_RD/U_RD_FIFO/SUBCORE_FIFO.xsdbm_v1_1_rdfifo_inst/inst_fifo_gen/gconvfifo.rf/grf.rf/gntv_or_sync_fifo.gcx.clkx/gsync_stage[2].rd_stg_inst/idrck
    SLICE_X68Y150        FDCE                                         r  dbg_hub/inst/CORE_XSDB.UUT_MASTER/U_ICON_INTERFACE/U_CMD6_RD/U_RD_FIFO/SUBCORE_FIFO.xsdbm_v1_1_rdfifo_inst/inst_fifo_gen/gconvfifo.rf/grf.rf/gntv_or_sync_fifo.gcx.clkx/gsync_stage[2].rd_stg_inst/Q_reg_reg[1]/C
                         clock pessimism             -0.487     2.169    
    SLICE_X68Y150        FDCE (Hold_fdce_C_D)         0.044     2.213    dbg_hub/inst/CORE_XSDB.UUT_MASTER/U_ICON_INTERFACE/U_CMD6_RD/U_RD_FIFO/SUBCORE_FIFO.xsdbm_v1_1_rdfifo_inst/inst_fifo_gen/gconvfifo.rf/grf.rf/gntv_or_sync_fifo.gcx.clkx/gsync_stage[2].rd_stg_inst/Q_reg_reg[1]
  -------------------------------------------------------------------
                         required time                         -2.213    
                         arrival time                           2.325    
  -------------------------------------------------------------------
                         slack                                  0.112    





Pulse Width Checks
--------------------------------------------------------------------------------------
Clock Name:         dbg_hub/inst/N_EXT_BSCAN.bscan_inst/SERIES7_BSCAN.bscan_inst/DRCK
Waveform(ns):       { 0.000 15.000 }
Period(ns):         30.000
Sources:            { dbg_hub/inst/N_EXT_BSCAN.bscan_inst/SERIES7_BSCAN.bscan_inst/DRCK }

Check Type        Corner  Lib Pin     Reference Pin  Required(ns)  Actual(ns)  Slack(ns)  Location       Pin
Min Period        n/a     BUFG/I      n/a            1.408         30.000      28.591     BUFGCTRL_X0Y4  dbg_hub/inst/N_EXT_BSCAN.u_bufg_icon/I
Min Period        n/a     FDRE/C      n/a            0.750         30.000      29.250     SLICE_X65Y143  dbg_hub/inst/CORE_XSDB.UUT_MASTER/U_ICON_INTERFACE/U_CMD1/shift_reg_in_reg[1]/C
Min Period        n/a     FDRE/C      n/a            0.750         30.000      29.250     SLICE_X68Y145  dbg_hub/inst/CORE_XSDB.UUT_MASTER/U_ICON_INTERFACE/U_CMD2/shift_reg_in_reg[3]/C
Min Period        n/a     FDRE/C      n/a            0.750         30.000      29.250     SLICE_X68Y142  dbg_hub/inst/CORE_XSDB.UUT_MASTER/U_ICON_INTERFACE/U_CMD3/shift_reg_in_reg[2]/C
Min Period        n/a     FDCE/C      n/a            0.750         30.000      29.250     SLICE_X75Y147  dbg_hub/inst/CORE_XSDB.UUT_MASTER/U_ICON_INTERFACE/U_CMD4/shift_reg_in_reg[0]/C
Min Period        n/a     FDCE/C      n/a            0.750         30.000      29.250     SLICE_X75Y146  dbg_hub/inst/CORE_XSDB.UUT_MASTER/U_ICON_INTERFACE/U_CMD4/shift_reg_in_reg[10]/C
Min Period        n/a     FDCE/C      n/a            0.750         30.000      29.250     SLICE_X75Y145  dbg_hub/inst/CORE_XSDB.UUT_MASTER/U_ICON_INTERFACE/U_CMD4/shift_reg_in_reg[12]/C
Min Period        n/a     FDCE/C      n/a            0.750         30.000      29.250     SLICE_X75Y145  dbg_hub/inst/CORE_XSDB.UUT_MASTER/U_ICON_INTERFACE/U_CMD4/shift_reg_in_reg[14]/C
Min Period        n/a     FDCE/C      n/a            0.750         30.000      29.250     SLICE_X75Y145  dbg_hub/inst/CORE_XSDB.UUT_MASTER/U_ICON_INTERFACE/U_CMD4/shift_reg_in_reg[16]/C
Min Period        n/a     FDCE/C      n/a            0.750         30.000      29.250     SLICE_X75Y145  dbg_hub/inst/CORE_XSDB.UUT_MASTER/U_ICON_INTERFACE/U_CMD4/shift_reg_in_reg[18]/C
Low Pulse Width   Slow    RAMD32/CLK  n/a            0.768         15.000      14.232     SLICE_X70Y153  dbg_hub/inst/CORE_XSDB.UUT_MASTER/U_ICON_INTERFACE/U_CMD6_WR/U_WR_FIFO/SUBCORE_FIFO.xsdbm_v1_1_wrfifo_inst/inst_fifo_gen/gconvfifo.rf/grf.rf/gntv_or_sync_fifo.mem/gdm.dm/RAM_reg_0_15_0_5/RAMA/CLK
Low Pulse Width   Slow    RAMD32/CLK  n/a            0.768         15.000      14.232     SLICE_X70Y153  dbg_hub/inst/CORE_XSDB.UUT_MASTER/U_ICON_INTERFACE/U_CMD6_WR/U_WR_FIFO/SUBCORE_FIFO.xsdbm_v1_1_wrfifo_inst/inst_fifo_gen/gconvfifo.rf/grf.rf/gntv_or_sync_fifo.mem/gdm.dm/RAM_reg_0_15_0_5/RAMA_D1/CLK
Low Pulse Width   Slow    RAMD32/CLK  n/a            0.768         15.000      14.232     SLICE_X70Y153  dbg_hub/inst/CORE_XSDB.UUT_MASTER/U_ICON_INTERFACE/U_CMD6_WR/U_WR_FIFO/SUBCORE_FIFO.xsdbm_v1_1_wrfifo_inst/inst_fifo_gen/gconvfifo.rf/grf.rf/gntv_or_sync_fifo.mem/gdm.dm/RAM_reg_0_15_0_5/RAMB/CLK
Low Pulse Width   Slow    RAMD32/CLK  n/a            0.768         15.000      14.232     SLICE_X70Y153  dbg_hub/inst/CORE_XSDB.UUT_MASTER/U_ICON_INTERFACE/U_CMD6_WR/U_WR_FIFO/SUBCORE_FIFO.xsdbm_v1_1_wrfifo_inst/inst_fifo_gen/gconvfifo.rf/grf.rf/gntv_or_sync_fifo.mem/gdm.dm/RAM_reg_0_15_0_5/RAMB_D1/CLK
Low Pulse Width   Slow    RAMD32/CLK  n/a            0.768         15.000      14.232     SLICE_X70Y153  dbg_hub/inst/CORE_XSDB.UUT_MASTER/U_ICON_INTERFACE/U_CMD6_WR/U_WR_FIFO/SUBCORE_FIFO.xsdbm_v1_1_wrfifo_inst/inst_fifo_gen/gconvfifo.rf/grf.rf/gntv_or_sync_fifo.mem/gdm.dm/RAM_reg_0_15_0_5/RAMC/CLK
Low Pulse Width   Slow    RAMD32/CLK  n/a            0.768         15.000      14.232     SLICE_X70Y153  dbg_hub/inst/CORE_XSDB.UUT_MASTER/U_ICON_INTERFACE/U_CMD6_WR/U_WR_FIFO/SUBCORE_FIFO.xsdbm_v1_1_wrfifo_inst/inst_fifo_gen/gconvfifo.rf/grf.rf/gntv_or_sync_fifo.mem/gdm.dm/RAM_reg_0_15_0_5/RAMC_D1/CLK
Low Pulse Width   Slow    RAMS32/CLK  n/a            0.768         15.000      14.232     SLICE_X70Y153  dbg_hub/inst/CORE_XSDB.UUT_MASTER/U_ICON_INTERFACE/U_CMD6_WR/U_WR_FIFO/SUBCORE_FIFO.xsdbm_v1_1_wrfifo_inst/inst_fifo_gen/gconvfifo.rf/grf.rf/gntv_or_sync_fifo.mem/gdm.dm/RAM_reg_0_15_0_5/RAMD/CLK
Low Pulse Width   Slow    RAMS32/CLK  n/a            0.768         15.000      14.232     SLICE_X70Y153  dbg_hub/inst/CORE_XSDB.UUT_MASTER/U_ICON_INTERFACE/U_CMD6_WR/U_WR_FIFO/SUBCORE_FIFO.xsdbm_v1_1_wrfifo_inst/inst_fifo_gen/gconvfifo.rf/grf.rf/gntv_or_sync_fifo.mem/gdm.dm/RAM_reg_0_15_0_5/RAMD_D1/CLK
Low Pulse Width   Slow    RAMD32/CLK  n/a            0.768         15.000      14.232     SLICE_X70Y152  dbg_hub/inst/CORE_XSDB.UUT_MASTER/U_ICON_INTERFACE/U_CMD6_WR/U_WR_FIFO/SUBCORE_FIFO.xsdbm_v1_1_wrfifo_inst/inst_fifo_gen/gconvfifo.rf/grf.rf/gntv_or_sync_fifo.mem/gdm.dm/RAM_reg_0_15_6_11/RAMA/CLK
Low Pulse Width   Fast    RAMD32/CLK  n/a            0.768         15.000      14.232     SLICE_X70Y152  dbg_hub/inst/CORE_XSDB.UUT_MASTER/U_ICON_INTERFACE/U_CMD6_WR/U_WR_FIFO/SUBCORE_FIFO.xsdbm_v1_1_wrfifo_inst/inst_fifo_gen/gconvfifo.rf/grf.rf/gntv_or_sync_fifo.mem/gdm.dm/RAM_reg_0_15_6_11/RAMA/CLK
High Pulse Width  Slow    RAMD32/CLK  n/a            0.768         15.000      14.232     SLICE_X70Y153  dbg_hub/inst/CORE_XSDB.UUT_MASTER/U_ICON_INTERFACE/U_CMD6_WR/U_WR_FIFO/SUBCORE_FIFO.xsdbm_v1_1_wrfifo_inst/inst_fifo_gen/gconvfifo.rf/grf.rf/gntv_or_sync_fifo.mem/gdm.dm/RAM_reg_0_15_0_5/RAMA/CLK
High Pulse Width  Fast    RAMD32/CLK  n/a            0.768         15.000      14.232     SLICE_X70Y153  dbg_hub/inst/CORE_XSDB.UUT_MASTER/U_ICON_INTERFACE/U_CMD6_WR/U_WR_FIFO/SUBCORE_FIFO.xsdbm_v1_1_wrfifo_inst/inst_fifo_gen/gconvfifo.rf/grf.rf/gntv_or_sync_fifo.mem/gdm.dm/RAM_reg_0_15_0_5/RAMA/CLK
High Pulse Width  Slow    RAMD32/CLK  n/a            0.768         15.000      14.232     SLICE_X70Y153  dbg_hub/inst/CORE_XSDB.UUT_MASTER/U_ICON_INTERFACE/U_CMD6_WR/U_WR_FIFO/SUBCORE_FIFO.xsdbm_v1_1_wrfifo_inst/inst_fifo_gen/gconvfifo.rf/grf.rf/gntv_or_sync_fifo.mem/gdm.dm/RAM_reg_0_15_0_5/RAMA_D1/CLK
High Pulse Width  Fast    RAMD32/CLK  n/a            0.768         15.000      14.232     SLICE_X70Y153  dbg_hub/inst/CORE_XSDB.UUT_MASTER/U_ICON_INTERFACE/U_CMD6_WR/U_WR_FIFO/SUBCORE_FIFO.xsdbm_v1_1_wrfifo_inst/inst_fifo_gen/gconvfifo.rf/grf.rf/gntv_or_sync_fifo.mem/gdm.dm/RAM_reg_0_15_0_5/RAMA_D1/CLK
High Pulse Width  Slow    RAMD32/CLK  n/a            0.768         15.000      14.232     SLICE_X70Y153  dbg_hub/inst/CORE_XSDB.UUT_MASTER/U_ICON_INTERFACE/U_CMD6_WR/U_WR_FIFO/SUBCORE_FIFO.xsdbm_v1_1_wrfifo_inst/inst_fifo_gen/gconvfifo.rf/grf.rf/gntv_or_sync_fifo.mem/gdm.dm/RAM_reg_0_15_0_5/RAMB/CLK
High Pulse Width  Fast    RAMD32/CLK  n/a            0.768         15.000      14.232     SLICE_X70Y153  dbg_hub/inst/CORE_XSDB.UUT_MASTER/U_ICON_INTERFACE/U_CMD6_WR/U_WR_FIFO/SUBCORE_FIFO.xsdbm_v1_1_wrfifo_inst/inst_fifo_gen/gconvfifo.rf/grf.rf/gntv_or_sync_fifo.mem/gdm.dm/RAM_reg_0_15_0_5/RAMB/CLK
High Pulse Width  Slow    RAMD32/CLK  n/a            0.768         15.000      14.232     SLICE_X70Y153  dbg_hub/inst/CORE_XSDB.UUT_MASTER/U_ICON_INTERFACE/U_CMD6_WR/U_WR_FIFO/SUBCORE_FIFO.xsdbm_v1_1_wrfifo_inst/inst_fifo_gen/gconvfifo.rf/grf.rf/gntv_or_sync_fifo.mem/gdm.dm/RAM_reg_0_15_0_5/RAMB_D1/CLK
High Pulse Width  Fast    RAMD32/CLK  n/a            0.768         15.000      14.232     SLICE_X70Y153  dbg_hub/inst/CORE_XSDB.UUT_MASTER/U_ICON_INTERFACE/U_CMD6_WR/U_WR_FIFO/SUBCORE_FIFO.xsdbm_v1_1_wrfifo_inst/inst_fifo_gen/gconvfifo.rf/grf.rf/gntv_or_sync_fifo.mem/gdm.dm/RAM_reg_0_15_0_5/RAMB_D1/CLK
High Pulse Width  Slow    RAMD32/CLK  n/a            0.768         15.000      14.232     SLICE_X70Y153  dbg_hub/inst/CORE_XSDB.UUT_MASTER/U_ICON_INTERFACE/U_CMD6_WR/U_WR_FIFO/SUBCORE_FIFO.xsdbm_v1_1_wrfifo_inst/inst_fifo_gen/gconvfifo.rf/grf.rf/gntv_or_sync_fifo.mem/gdm.dm/RAM_reg_0_15_0_5/RAMC/CLK
High Pulse Width  Fast    RAMD32/CLK  n/a            0.768         15.000      14.232     SLICE_X70Y153  dbg_hub/inst/CORE_XSDB.UUT_MASTER/U_ICON_INTERFACE/U_CMD6_WR/U_WR_FIFO/SUBCORE_FIFO.xsdbm_v1_1_wrfifo_inst/inst_fifo_gen/gconvfifo.rf/grf.rf/gntv_or_sync_fifo.mem/gdm.dm/RAM_reg_0_15_0_5/RAMC/CLK



---------------------------------------------------------------------------------------------------
From Clock:  dbg_hub/inst/N_EXT_BSCAN.bscan_inst/SERIES7_BSCAN.bscan_inst/UPDATE
  To Clock:  dbg_hub/inst/N_EXT_BSCAN.bscan_inst/SERIES7_BSCAN.bscan_inst/UPDATE

Setup :            0  Failing Endpoints,  Worst Slack       58.596ns,  Total Violation        0.000ns
Hold  :            0  Failing Endpoints,  Worst Slack        0.644ns,  Total Violation        0.000ns
PW    :            0  Failing Endpoints,  Worst Slack       29.650ns,  Total Violation        0.000ns
---------------------------------------------------------------------------------------------------


Max Delay Paths
--------------------------------------------------------------------------------------
Slack (MET) :             58.596ns  (required time - arrival time)
  Source:                 dbg_hub/inst/CORE_XSDB.U_ICON/iDATA_CMD_reg/C
                            (rising edge-triggered cell FDCE clocked by dbg_hub/inst/N_EXT_BSCAN.bscan_inst/SERIES7_BSCAN.bscan_inst/UPDATE  {rise@0.000ns fall@30.000ns period=60.000ns})
  Destination:            dbg_hub/inst/CORE_XSDB.U_ICON/iDATA_CMD_reg/D
                            (rising edge-triggered cell FDCE clocked by dbg_hub/inst/N_EXT_BSCAN.bscan_inst/SERIES7_BSCAN.bscan_inst/UPDATE  {rise@0.000ns fall@30.000ns period=60.000ns})
  Path Group:             dbg_hub/inst/N_EXT_BSCAN.bscan_inst/SERIES7_BSCAN.bscan_inst/UPDATE
  Path Type:              Setup (Max at Slow Process Corner)
  Requirement:            60.000ns  (dbg_hub/inst/N_EXT_BSCAN.bscan_inst/SERIES7_BSCAN.bscan_inst/UPDATE rise@60.000ns - dbg_hub/inst/N_EXT_BSCAN.bscan_inst/SERIES7_BSCAN.bscan_inst/UPDATE rise@0.000ns)
  Data Path Delay:        1.347ns  (logic 0.266ns (19.746%)  route 1.081ns (80.254%))
  Logic Levels:           1  (LUT1=1)
  Clock Path Skew:        0.000ns (DCD - SCD + CPR)
    Destination Clock Delay (DCD):    3.840ns = ( 63.840 - 60.000 ) 
    Source Clock Delay      (SCD):    4.441ns
    Clock Pessimism Removal (CPR):    0.601ns
  Clock Uncertainty:      0.035ns  ((TSJ^2 + TIJ^2)^1/2 + DJ) / 2 + PE
    Total System Jitter     (TSJ):    0.071ns
    Total Input Jitter      (TIJ):    0.000ns
    Discrete Jitter          (DJ):    0.000ns
    Phase Error              (PE):    0.000ns

    Location             Delay type                Incr(ns)  Path(ns)    Netlist Resource(s)
  -------------------------------------------------------------------    -------------------
                         (clock dbg_hub/inst/N_EXT_BSCAN.bscan_inst/SERIES7_BSCAN.bscan_inst/UPDATE rise edge)
                                                      0.000     0.000 r  
    BSCAN_X0Y0           BSCANE2                      0.000     0.000 r  dbg_hub/inst/N_EXT_BSCAN.bscan_inst/SERIES7_BSCAN.bscan_inst/UPDATE
                         net (fo=1, routed)           2.957     2.957    dbg_hub/inst/UPDATE
    BUFGCTRL_X0Y13       BUFG (Prop_bufg_I_O)         0.093     3.050 r  dbg_hub/inst/N_EXT_BSCAN.u_bufg_icon_update/O
                         net (fo=1, routed)           1.391     4.441    dbg_hub/inst/CORE_XSDB.U_ICON/UPDATE_temp
    SLICE_X63Y141        FDCE                                         r  dbg_hub/inst/CORE_XSDB.U_ICON/iDATA_CMD_reg/C
  -------------------------------------------------------------------    -------------------
    SLICE_X63Y141        FDCE (Prop_fdce_C_Q)         0.223     4.664 f  dbg_hub/inst/CORE_XSDB.U_ICON/iDATA_CMD_reg/Q
                         net (fo=2, routed)           0.777     5.441    dbg_hub/inst/CORE_XSDB.U_ICON/U_SYNC/iDATA_CMD
    SLICE_X63Y141        LUT1 (Prop_lut1_I0_O)        0.043     5.484 r  dbg_hub/inst/CORE_XSDB.U_ICON/U_SYNC/iDATA_CMD_i_1/O
                         net (fo=9, routed)           0.304     5.788    dbg_hub/inst/CORE_XSDB.U_ICON/U_SYNC_n_1
    SLICE_X63Y141        FDCE                                         r  dbg_hub/inst/CORE_XSDB.U_ICON/iDATA_CMD_reg/D
  -------------------------------------------------------------------    -------------------

                         (clock dbg_hub/inst/N_EXT_BSCAN.bscan_inst/SERIES7_BSCAN.bscan_inst/UPDATE rise edge)
                                                     60.000    60.000 r  
    BSCAN_X0Y0           BSCANE2                      0.000    60.000 r  dbg_hub/inst/N_EXT_BSCAN.bscan_inst/SERIES7_BSCAN.bscan_inst/UPDATE
                         net (fo=1, routed)           2.499    62.499    dbg_hub/inst/UPDATE
    BUFGCTRL_X0Y13       BUFG (Prop_bufg_I_O)         0.083    62.582 r  dbg_hub/inst/N_EXT_BSCAN.u_bufg_icon_update/O
                         net (fo=1, routed)           1.258    63.840    dbg_hub/inst/CORE_XSDB.U_ICON/UPDATE_temp
    SLICE_X63Y141        FDCE                                         r  dbg_hub/inst/CORE_XSDB.U_ICON/iDATA_CMD_reg/C
                         clock pessimism              0.601    64.441    
                         clock uncertainty           -0.035    64.406    
    SLICE_X63Y141        FDCE (Setup_fdce_C_D)       -0.022    64.384    dbg_hub/inst/CORE_XSDB.U_ICON/iDATA_CMD_reg
  -------------------------------------------------------------------
                         required time                         64.384    
                         arrival time                          -5.788    
  -------------------------------------------------------------------
                         slack                                 58.596    





Min Delay Paths
--------------------------------------------------------------------------------------
Slack (MET) :             0.644ns  (arrival time - required time)
  Source:                 dbg_hub/inst/CORE_XSDB.U_ICON/iDATA_CMD_reg/C
                            (rising edge-triggered cell FDCE clocked by dbg_hub/inst/N_EXT_BSCAN.bscan_inst/SERIES7_BSCAN.bscan_inst/UPDATE  {rise@0.000ns fall@30.000ns period=60.000ns})
  Destination:            dbg_hub/inst/CORE_XSDB.U_ICON/iDATA_CMD_reg/D
                            (rising edge-triggered cell FDCE clocked by dbg_hub/inst/N_EXT_BSCAN.bscan_inst/SERIES7_BSCAN.bscan_inst/UPDATE  {rise@0.000ns fall@30.000ns period=60.000ns})
  Path Group:             dbg_hub/inst/N_EXT_BSCAN.bscan_inst/SERIES7_BSCAN.bscan_inst/UPDATE
  Path Type:              Hold (Min at Fast Process Corner)
  Requirement:            0.000ns  (dbg_hub/inst/N_EXT_BSCAN.bscan_inst/SERIES7_BSCAN.bscan_inst/UPDATE rise@0.000ns - dbg_hub/inst/N_EXT_BSCAN.bscan_inst/SERIES7_BSCAN.bscan_inst/UPDATE rise@0.000ns)
  Data Path Delay:        0.684ns  (logic 0.128ns (18.711%)  route 0.556ns (81.289%))
  Logic Levels:           1  (LUT1=1)
  Clock Path Skew:        0.000ns (DCD - SCD - CPR)
    Destination Clock Delay (DCD):    2.687ns
    Source Clock Delay      (SCD):    2.187ns
    Clock Pessimism Removal (CPR):    0.500ns

    Location             Delay type                Incr(ns)  Path(ns)    Netlist Resource(s)
  -------------------------------------------------------------------    -------------------
                         (clock dbg_hub/inst/N_EXT_BSCAN.bscan_inst/SERIES7_BSCAN.bscan_inst/UPDATE rise edge)
                                                      0.000     0.000 r  
    BSCAN_X0Y0           BSCANE2                      0.000     0.000 r  dbg_hub/inst/N_EXT_BSCAN.bscan_inst/SERIES7_BSCAN.bscan_inst/UPDATE
                         net (fo=1, routed)           1.568     1.568    dbg_hub/inst/UPDATE
    BUFGCTRL_X0Y13       BUFG (Prop_bufg_I_O)         0.026     1.594 r  dbg_hub/inst/N_EXT_BSCAN.u_bufg_icon_update/O
                         net (fo=1, routed)           0.593     2.187    dbg_hub/inst/CORE_XSDB.U_ICON/UPDATE_temp
    SLICE_X63Y141        FDCE                                         r  dbg_hub/inst/CORE_XSDB.U_ICON/iDATA_CMD_reg/C
  -------------------------------------------------------------------    -------------------
    SLICE_X63Y141        FDCE (Prop_fdce_C_Q)         0.100     2.287 f  dbg_hub/inst/CORE_XSDB.U_ICON/iDATA_CMD_reg/Q
                         net (fo=2, routed)           0.399     2.686    dbg_hub/inst/CORE_XSDB.U_ICON/U_SYNC/iDATA_CMD
    SLICE_X63Y141        LUT1 (Prop_lut1_I0_O)        0.028     2.714 r  dbg_hub/inst/CORE_XSDB.U_ICON/U_SYNC/iDATA_CMD_i_1/O
                         net (fo=9, routed)           0.157     2.871    dbg_hub/inst/CORE_XSDB.U_ICON/U_SYNC_n_1
    SLICE_X63Y141        FDCE                                         r  dbg_hub/inst/CORE_XSDB.U_ICON/iDATA_CMD_reg/D
  -------------------------------------------------------------------    -------------------

                         (clock dbg_hub/inst/N_EXT_BSCAN.bscan_inst/SERIES7_BSCAN.bscan_inst/UPDATE rise edge)
                                                      0.000     0.000 r  
    BSCAN_X0Y0           BSCANE2                      0.000     0.000 r  dbg_hub/inst/N_EXT_BSCAN.bscan_inst/SERIES7_BSCAN.bscan_inst/UPDATE
                         net (fo=1, routed)           1.845     1.845    dbg_hub/inst/UPDATE
    BUFGCTRL_X0Y13       BUFG (Prop_bufg_I_O)         0.030     1.875 r  dbg_hub/inst/N_EXT_BSCAN.u_bufg_icon_update/O
                         net (fo=1, routed)           0.812     2.687    dbg_hub/inst/CORE_XSDB.U_ICON/UPDATE_temp
    SLICE_X63Y141        FDCE                                         r  dbg_hub/inst/CORE_XSDB.U_ICON/iDATA_CMD_reg/C
                         clock pessimism             -0.500     2.187    
    SLICE_X63Y141        FDCE (Hold_fdce_C_D)         0.040     2.227    dbg_hub/inst/CORE_XSDB.U_ICON/iDATA_CMD_reg
  -------------------------------------------------------------------
                         required time                         -2.227    
                         arrival time                           2.871    
  -------------------------------------------------------------------
                         slack                                  0.644    





Pulse Width Checks
--------------------------------------------------------------------------------------
Clock Name:         dbg_hub/inst/N_EXT_BSCAN.bscan_inst/SERIES7_BSCAN.bscan_inst/UPDATE
Waveform(ns):       { 0.000 30.000 }
Period(ns):         60.000
Sources:            { dbg_hub/inst/N_EXT_BSCAN.bscan_inst/SERIES7_BSCAN.bscan_inst/UPDATE }

Check Type        Corner  Lib Pin  Reference Pin  Required(ns)  Actual(ns)  Slack(ns)  Location        Pin
Min Period        n/a     BUFG/I   n/a            1.408         60.000      58.591     BUFGCTRL_X0Y13  dbg_hub/inst/N_EXT_BSCAN.u_bufg_icon_update/I
Min Period        n/a     FDCE/C   n/a            0.700         60.000      59.300     SLICE_X63Y141   dbg_hub/inst/CORE_XSDB.U_ICON/iDATA_CMD_reg/C
Low Pulse Width   Slow    FDCE/C   n/a            0.350         30.000      29.650     SLICE_X63Y141   dbg_hub/inst/CORE_XSDB.U_ICON/iDATA_CMD_reg/C
Low Pulse Width   Fast    FDCE/C   n/a            0.350         30.000      29.650     SLICE_X63Y141   dbg_hub/inst/CORE_XSDB.U_ICON/iDATA_CMD_reg/C
High Pulse Width  Slow    FDCE/C   n/a            0.350         30.000      29.650     SLICE_X63Y141   dbg_hub/inst/CORE_XSDB.U_ICON/iDATA_CMD_reg/C
High Pulse Width  Fast    FDCE/C   n/a            0.350         30.000      29.650     SLICE_X63Y141   dbg_hub/inst/CORE_XSDB.U_ICON/iDATA_CMD_reg/C



---------------------------------------------------------------------------------------------------
From Clock:  input port clock
  To Clock:  CLK_bmx_320

Setup :            0  Failing Endpoints,  Worst Slack       22.606ns,  Total Violation        0.000ns
Hold  :           NA  Failing Endpoints,  Worst Slack           NA  ,  Total Violation           NA
---------------------------------------------------------------------------------------------------


Max Delay Paths
--------------------------------------------------------------------------------------
Slack (MET) :             22.606ns  (required time - arrival time)
  Source:                 CLK25_6_IN_EXT_P
                            (input port)
  Destination:            NIM_BLOCK/U351/U2/int_q_reg/D
                            (rising edge-triggered cell FDRE clocked by CLK_bmx_320  {rise@0.000ns fall@1.562ns period=3.125ns})
  Path Group:             CLK_bmx_320
  Path Type:              Setup (Max at Slow Process Corner)
  Requirement:            32.000ns  (MaxDelay Path 32.000ns)
  Data Path Delay:        10.344ns  (logic 1.463ns (14.141%)  route 8.881ns (85.859%))
  Logic Levels:           11  (BUFG=1 IBUFDS=1 LUT2=2 LUT6=6 MUXF7=1)
  Clock Path Skew:        1.152ns (DCD - SCD + CPR)
    Destination Clock Delay (DCD):    1.152ns
    Source Clock Delay      (SCD):    0.000ns
    Clock Pessimism Removal (CPR):    0.000ns
  Clock Uncertainty:      0.220ns  ((TSJ^2 + DJ^2)^1/2) / 2 + PE
    Total System Jitter     (TSJ):    0.050ns
    Discrete Jitter          (DJ):    0.126ns
    Phase Error              (PE):    0.152ns
  Timing Exception:       MaxDelay Path 32.000ns

    Location             Delay type                Incr(ns)  Path(ns)    Netlist Resource(s)
  -------------------------------------------------------------------    -------------------
    Y28                                               0.000     0.000 r  CLK25_6_IN_EXT_P (IN)
                         net (fo=0)                   0.000     0.000    CLK25_6_IN_EXT_P
    Y28                  IBUFDS (Prop_ibufds_I_O)     0.789     0.789 r  IBUFGDS_CLK25_6_IN_EXT/O
                         net (fo=4, routed)           3.527     4.316    s_clk25_6e
    SLICE_X55Y185        LUT6 (Prop_lut6_I5_O)        0.043     4.359 r  genExtClkMux[0].extClkMuxBUFG_i_2/O
                         net (fo=1, routed)           0.341     4.700    genExtClkMux[0].extClkMuxBUFG_i_2_n_321
    SLICE_X55Y186        LUT6 (Prop_lut6_I0_O)        0.043     4.743 r  genExtClkMux[0].extClkMuxBUFG_i_1/O
                         net (fo=1, routed)           1.001     5.744    selected_ext_clk
    BUFGCTRL_X0Y7        BUFG (Prop_bufg_I_O)         0.093     5.837 r  genExtClkMux[0].extClkMuxBUFG/O
                         net (fo=9, routed)           1.584     7.421    NIM_BLOCK/U197/sig_in[5]
    SLICE_X59Y196        LUT6 (Prop_lut6_I4_O)        0.043     7.464 r  NIM_BLOCK/U197/out_1_INST_0_i_1/O
                         net (fo=1, routed)           0.552     8.016    NIM_BLOCK/U197/out_1_INST_0_i_1_n_321
    SLICE_X56Y198        LUT6 (Prop_lut6_I0_O)        0.043     8.059 r  NIM_BLOCK/U197/out_1_INST_0/O
                         net (fo=1, routed)           0.161     8.220    NIM_BLOCK/U197_n_321
    SLICE_X56Y198        LUT2 (Prop_lut2_I0_O)        0.043     8.263 r  NIM_BLOCK/U213_i_1/O
                         net (fo=3, routed)           0.451     8.714    NIM_BLOCK/U43/sigtestin[27]
    SLICE_X50Y198        LUT6 (Prop_lut6_I0_O)        0.043     8.757 r  NIM_BLOCK/U43/tsig_out_INST_0_i_9/O
                         net (fo=1, routed)           0.109     8.866    NIM_BLOCK/U43/tsig_out_INST_0_i_9_n_321
    SLICE_X50Y198        MUXF7 (Prop_muxf7_I0_O)      0.158     9.024 r  NIM_BLOCK/U43/tsig_out_INST_0_i_3/O
                         net (fo=1, routed)           0.277     9.301    NIM_BLOCK/U43/tsig_out_INST_0_i_3_n_321
    SLICE_X51Y195        LUT6 (Prop_lut6_I4_O)        0.122     9.423 r  NIM_BLOCK/U43/tsig_out_INST_0/O
                         net (fo=2, routed)           0.366     9.789    NIM_BLOCK/U73/sig_in
    SLICE_X50Y195        LUT2 (Prop_lut2_I0_O)        0.043     9.832 r  NIM_BLOCK/U73/sig_out_INST_0/O
                         net (fo=22, routed)          0.512    10.344    NIM_BLOCK/U351/U2/dl
    SLICE_X46Y195        FDRE                                         r  NIM_BLOCK/U351/U2/int_q_reg/D
  -------------------------------------------------------------------    -------------------

                         max delay                   32.000    32.000    
    BUFGCTRL_X0Y16       BUFG                         0.000    32.000 r  CLK_mx_320_bufg/O
                         net (fo=4737, routed)        1.152    33.152    NIM_BLOCK/U351/U2/clk
    SLICE_X46Y195        FDRE                                         r  NIM_BLOCK/U351/U2/int_q_reg/C
                         clock pessimism              0.000    33.152    
                         clock uncertainty           -0.220    32.932    
    SLICE_X46Y195        FDRE (Setup_fdre_C_D)        0.018    32.950    NIM_BLOCK/U351/U2/int_q_reg
  -------------------------------------------------------------------
                         required time                         32.950    
                         arrival time                         -10.344    
  -------------------------------------------------------------------
                         slack                                 22.606    

Slack (MET) :             23.514ns  (required time - arrival time)
  Source:                 CLK25_6_IN_EXT_P
                            (input port)
  Destination:            NIM_BLOCK/U353/U2/int_q_reg/D
                            (rising edge-triggered cell FDRE clocked by CLK_bmx_320  {rise@0.000ns fall@1.562ns period=3.125ns})
  Path Group:             CLK_bmx_320
  Path Type:              Setup (Max at Slow Process Corner)
  Requirement:            32.000ns  (MaxDelay Path 32.000ns)
  Data Path Delay:        9.308ns  (logic 1.140ns (12.245%)  route 8.168ns (87.755%))
  Logic Levels:           8  (BUFG=1 IBUFDS=1 LUT2=2 LUT6=4)
  Clock Path Skew:        1.073ns (DCD - SCD + CPR)
    Destination Clock Delay (DCD):    1.073ns
    Source Clock Delay      (SCD):    0.000ns
    Clock Pessimism Removal (CPR):    0.000ns
  Clock Uncertainty:      0.220ns  ((TSJ^2 + DJ^2)^1/2) / 2 + PE
    Total System Jitter     (TSJ):    0.050ns
    Discrete Jitter          (DJ):    0.126ns
    Phase Error              (PE):    0.152ns
  Timing Exception:       MaxDelay Path 32.000ns

    Location             Delay type                Incr(ns)  Path(ns)    Netlist Resource(s)
  -------------------------------------------------------------------    -------------------
    Y28                                               0.000     0.000 r  CLK25_6_IN_EXT_P (IN)
                         net (fo=0)                   0.000     0.000    CLK25_6_IN_EXT_P
    Y28                  IBUFDS (Prop_ibufds_I_O)     0.789     0.789 r  IBUFGDS_CLK25_6_IN_EXT/O
                         net (fo=4, routed)           3.527     4.316    s_clk25_6e
    SLICE_X55Y185        LUT6 (Prop_lut6_I5_O)        0.043     4.359 r  genExtClkMux[0].extClkMuxBUFG_i_2/O
                         net (fo=1, routed)           0.341     4.700    genExtClkMux[0].extClkMuxBUFG_i_2_n_321
    SLICE_X55Y186        LUT6 (Prop_lut6_I0_O)        0.043     4.743 r  genExtClkMux[0].extClkMuxBUFG_i_1/O
                         net (fo=1, routed)           1.001     5.744    selected_ext_clk
    BUFGCTRL_X0Y7        BUFG (Prop_bufg_I_O)         0.093     5.837 r  genExtClkMux[0].extClkMuxBUFG/O
                         net (fo=9, routed)           1.453     7.290    NIM_BLOCK/U127/sig_in[5]
    SLICE_X51Y195        LUT6 (Prop_lut6_I4_O)        0.043     7.333 r  NIM_BLOCK/U127/out_1_INST_0_i_1/O
                         net (fo=1, routed)           0.534     7.867    NIM_BLOCK/U127/out_1_INST_0_i_1_n_321
    SLICE_X51Y198        LUT6 (Prop_lut6_I0_O)        0.043     7.910 r  NIM_BLOCK/U127/out_1_INST_0/O
                         net (fo=1, routed)           0.352     8.262    NIM_BLOCK/U127_n_321
    SLICE_X51Y198        LUT2 (Prop_lut2_I0_O)        0.043     8.305 r  NIM_BLOCK/U148_i_1/O
                         net (fo=3, routed)           0.462     8.767    NIM_BLOCK/U148/sig_in
    SLICE_X47Y198        LUT2 (Prop_lut2_I0_O)        0.043     8.810 r  NIM_BLOCK/U148/sig_out_INST_0/O
                         net (fo=24, routed)          0.498     9.308    NIM_BLOCK/U353/U2/dl
    SLICE_X57Y203        FDRE                                         r  NIM_BLOCK/U353/U2/int_q_reg/D
  -------------------------------------------------------------------    -------------------

                         max delay                   32.000    32.000    
    BUFGCTRL_X0Y16       BUFG                         0.000    32.000 r  CLK_mx_320_bufg/O
                         net (fo=4737, routed)        1.073    33.073    NIM_BLOCK/U353/U2/clk
    SLICE_X57Y203        FDRE                                         r  NIM_BLOCK/U353/U2/int_q_reg/C
                         clock pessimism              0.000    33.073    
                         clock uncertainty           -0.220    32.853    
    SLICE_X57Y203        FDRE (Setup_fdre_C_D)       -0.031    32.822    NIM_BLOCK/U353/U2/int_q_reg
  -------------------------------------------------------------------
                         required time                         32.822    
                         arrival time                          -9.308    
  -------------------------------------------------------------------
                         slack                                 23.514    

Slack (MET) :             23.684ns  (required time - arrival time)
  Source:                 CLK25_6_IN_EXT_P
                            (input port)
  Destination:            NIM_BLOCK/U355/U2/int_q_reg/D
                            (rising edge-triggered cell FDRE clocked by CLK_bmx_320  {rise@0.000ns fall@1.562ns period=3.125ns})
  Path Group:             CLK_bmx_320
  Path Type:              Setup (Max at Slow Process Corner)
  Requirement:            32.000ns  (MaxDelay Path 32.000ns)
  Data Path Delay:        9.273ns  (logic 1.140ns (12.291%)  route 8.133ns (87.709%))
  Logic Levels:           8  (BUFG=1 IBUFDS=1 LUT2=2 LUT6=4)
  Clock Path Skew:        1.151ns (DCD - SCD + CPR)
    Destination Clock Delay (DCD):    1.151ns
    Source Clock Delay      (SCD):    0.000ns
    Clock Pessimism Removal (CPR):    0.000ns
  Clock Uncertainty:      0.220ns  ((TSJ^2 + DJ^2)^1/2) / 2 + PE
    Total System Jitter     (TSJ):    0.050ns
    Discrete Jitter          (DJ):    0.126ns
    Phase Error              (PE):    0.152ns
  Timing Exception:       MaxDelay Path 32.000ns

    Location             Delay type                Incr(ns)  Path(ns)    Netlist Resource(s)
  -------------------------------------------------------------------    -------------------
    Y28                                               0.000     0.000 r  CLK25_6_IN_EXT_P (IN)
                         net (fo=0)                   0.000     0.000    CLK25_6_IN_EXT_P
    Y28                  IBUFDS (Prop_ibufds_I_O)     0.789     0.789 r  IBUFGDS_CLK25_6_IN_EXT/O
                         net (fo=4, routed)           3.527     4.316    s_clk25_6e
    SLICE_X55Y185        LUT6 (Prop_lut6_I5_O)        0.043     4.359 r  genExtClkMux[0].extClkMuxBUFG_i_2/O
                         net (fo=1, routed)           0.341     4.700    genExtClkMux[0].extClkMuxBUFG_i_2_n_321
    SLICE_X55Y186        LUT6 (Prop_lut6_I0_O)        0.043     4.743 r  genExtClkMux[0].extClkMuxBUFG_i_1/O
                         net (fo=1, routed)           1.001     5.744    selected_ext_clk
    BUFGCTRL_X0Y7        BUFG (Prop_bufg_I_O)         0.093     5.837 r  genExtClkMux[0].extClkMuxBUFG/O
                         net (fo=9, routed)           1.377     7.214    NIM_BLOCK/U187/sig_in[5]
    SLICE_X59Y196        LUT6 (Prop_lut6_I4_O)        0.043     7.257 r  NIM_BLOCK/U187/out_1_INST_0_i_1/O
                         net (fo=1, routed)           0.545     7.802    NIM_BLOCK/U187/out_1_INST_0_i_1_n_321
    SLICE_X54Y196        LUT6 (Prop_lut6_I0_O)        0.043     7.845 r  NIM_BLOCK/U187/out_1_INST_0/O
                         net (fo=1, routed)           0.373     8.218    NIM_BLOCK/U187_n_321
    SLICE_X53Y198        LUT2 (Prop_lut2_I0_O)        0.043     8.261 r  NIM_BLOCK/U214_i_1/O
                         net (fo=3, routed)           0.508     8.769    NIM_BLOCK/U214/sig_in
    SLICE_X49Y194        LUT2 (Prop_lut2_I0_O)        0.043     8.812 r  NIM_BLOCK/U214/sig_out_INST_0/O
                         net (fo=4, routed)           0.460     9.273    NIM_BLOCK/U355/U2/dl
    SLICE_X46Y193        FDRE                                         r  NIM_BLOCK/U355/U2/int_q_reg/D
  -------------------------------------------------------------------    -------------------

                         max delay                   32.000    32.000    
    BUFGCTRL_X0Y16       BUFG                         0.000    32.000 r  CLK_mx_320_bufg/O
                         net (fo=4737, routed)        1.151    33.151    NIM_BLOCK/U355/U2/clk
    SLICE_X46Y193        FDRE                                         r  NIM_BLOCK/U355/U2/int_q_reg/C
                         clock pessimism              0.000    33.151    
                         clock uncertainty           -0.220    32.931    
    SLICE_X46Y193        FDRE (Setup_fdre_C_D)        0.026    32.957    NIM_BLOCK/U355/U2/int_q_reg
  -------------------------------------------------------------------
                         required time                         32.957    
                         arrival time                          -9.273    
  -------------------------------------------------------------------
                         slack                                 23.684    

Slack (MET) :             23.757ns  (required time - arrival time)
  Source:                 CLK25_6_IN_EXT_P
                            (input port)
  Destination:            NIM_BLOCK/U357/U2/int_q_reg/D
                            (rising edge-triggered cell FDRE clocked by CLK_bmx_320  {rise@0.000ns fall@1.562ns period=3.125ns})
  Path Group:             CLK_bmx_320
  Path Type:              Setup (Max at Slow Process Corner)
  Requirement:            32.000ns  (MaxDelay Path 32.000ns)
  Data Path Delay:        9.146ns  (logic 1.140ns (12.461%)  route 8.006ns (87.539%))
  Logic Levels:           8  (BUFG=1 IBUFDS=1 LUT2=2 LUT6=4)
  Clock Path Skew:        1.132ns (DCD - SCD + CPR)
    Destination Clock Delay (DCD):    1.132ns
    Source Clock Delay      (SCD):    0.000ns
    Clock Pessimism Removal (CPR):    0.000ns
  Clock Uncertainty:      0.220ns  ((TSJ^2 + DJ^2)^1/2) / 2 + PE
    Total System Jitter     (TSJ):    0.050ns
    Discrete Jitter          (DJ):    0.126ns
    Phase Error              (PE):    0.152ns
  Timing Exception:       MaxDelay Path 32.000ns

    Location             Delay type                Incr(ns)  Path(ns)    Netlist Resource(s)
  -------------------------------------------------------------------    -------------------
    Y28                                               0.000     0.000 r  CLK25_6_IN_EXT_P (IN)
                         net (fo=0)                   0.000     0.000    CLK25_6_IN_EXT_P
    Y28                  IBUFDS (Prop_ibufds_I_O)     0.789     0.789 r  IBUFGDS_CLK25_6_IN_EXT/O
                         net (fo=4, routed)           3.527     4.316    s_clk25_6e
    SLICE_X55Y185        LUT6 (Prop_lut6_I5_O)        0.043     4.359 r  genExtClkMux[0].extClkMuxBUFG_i_2/O
                         net (fo=1, routed)           0.341     4.700    genExtClkMux[0].extClkMuxBUFG_i_2_n_321
    SLICE_X55Y186        LUT6 (Prop_lut6_I0_O)        0.043     4.743 r  genExtClkMux[0].extClkMuxBUFG_i_1/O
                         net (fo=1, routed)           1.001     5.744    selected_ext_clk
    BUFGCTRL_X0Y7        BUFG (Prop_bufg_I_O)         0.093     5.837 r  genExtClkMux[0].extClkMuxBUFG/O
                         net (fo=9, routed)           1.584     7.421    NIM_BLOCK/U197/sig_in[5]
    SLICE_X59Y196        LUT6 (Prop_lut6_I4_O)        0.043     7.464 r  NIM_BLOCK/U197/out_1_INST_0_i_1/O
                         net (fo=1, routed)           0.552     8.016    NIM_BLOCK/U197/out_1_INST_0_i_1_n_321
    SLICE_X56Y198        LUT6 (Prop_lut6_I0_O)        0.043     8.059 r  NIM_BLOCK/U197/out_1_INST_0/O
                         net (fo=1, routed)           0.161     8.220    NIM_BLOCK/U197_n_321
    SLICE_X56Y198        LUT2 (Prop_lut2_I0_O)        0.043     8.263 r  NIM_BLOCK/U213_i_1/O
                         net (fo=3, routed)           0.294     8.557    NIM_BLOCK/U213/sig_in
    SLICE_X60Y199        LUT2 (Prop_lut2_I0_O)        0.043     8.600 r  NIM_BLOCK/U213/sig_out_INST_0/O
                         net (fo=22, routed)          0.546     9.146    NIM_BLOCK/U357/U2/dl
    SLICE_X49Y200        FDRE                                         r  NIM_BLOCK/U357/U2/int_q_reg/D
  -------------------------------------------------------------------    -------------------

                         max delay                   32.000    32.000    
    BUFGCTRL_X0Y16       BUFG                         0.000    32.000 r  CLK_mx_320_bufg/O
                         net (fo=4737, routed)        1.132    33.132    NIM_BLOCK/U357/U2/clk
    SLICE_X49Y200        FDRE                                         r  NIM_BLOCK/U357/U2/int_q_reg/C
                         clock pessimism              0.000    33.132    
                         clock uncertainty           -0.220    32.912    
    SLICE_X49Y200        FDRE (Setup_fdre_C_D)       -0.009    32.903    NIM_BLOCK/U357/U2/int_q_reg
  -------------------------------------------------------------------
                         required time                         32.903    
                         arrival time                          -9.146    
  -------------------------------------------------------------------
                         slack                                 23.757    

Slack (MET) :             54.897ns  (required time - arrival time)
  Source:                 CLK25_6_IN_EXT_P
                            (input port)
  Destination:            NIM_BLOCK/U421/int_q_reg/D
                            (rising edge-triggered cell FDRE clocked by CLK_bmx_320  {rise@0.000ns fall@1.562ns period=3.125ns})
  Path Group:             CLK_bmx_320
  Path Type:              Setup (Max at Slow Process Corner)
  Requirement:            64.000ns  (MaxDelay Path 64.000ns)
  Data Path Delay:        10.010ns  (logic 1.463ns (14.613%)  route 8.547ns (85.387%))
  Logic Levels:           11  (BUFG=1 IBUFDS=1 LUT2=1 LUT4=1 LUT6=6 MUXF7=1)
  Clock Path Skew:        1.093ns (DCD - SCD + CPR)
    Destination Clock Delay (DCD):    1.093ns
    Source Clock Delay      (SCD):    0.000ns
    Clock Pessimism Removal (CPR):    0.000ns
  Clock Uncertainty:      0.220ns  ((TSJ^2 + DJ^2)^1/2) / 2 + PE
    Total System Jitter     (TSJ):    0.050ns
    Discrete Jitter          (DJ):    0.126ns
    Phase Error              (PE):    0.152ns
  Timing Exception:       MaxDelay Path 64.000ns

    Location             Delay type                Incr(ns)  Path(ns)    Netlist Resource(s)
  -------------------------------------------------------------------    -------------------
    Y28                                               0.000     0.000 r  CLK25_6_IN_EXT_P (IN)
                         net (fo=0)                   0.000     0.000    CLK25_6_IN_EXT_P
    Y28                  IBUFDS (Prop_ibufds_I_O)     0.789     0.789 r  IBUFGDS_CLK25_6_IN_EXT/O
                         net (fo=4, routed)           3.527     4.316    s_clk25_6e
    SLICE_X55Y185        LUT6 (Prop_lut6_I5_O)        0.043     4.359 r  genExtClkMux[0].extClkMuxBUFG_i_2/O
                         net (fo=1, routed)           0.341     4.700    genExtClkMux[0].extClkMuxBUFG_i_2_n_321
    SLICE_X55Y186        LUT6 (Prop_lut6_I0_O)        0.043     4.743 r  genExtClkMux[0].extClkMuxBUFG_i_1/O
                         net (fo=1, routed)           1.001     5.744    selected_ext_clk
    BUFGCTRL_X0Y7        BUFG (Prop_bufg_I_O)         0.093     5.837 r  genExtClkMux[0].extClkMuxBUFG/O
                         net (fo=9, routed)           1.584     7.421    NIM_BLOCK/U197/sig_in[5]
    SLICE_X59Y196        LUT6 (Prop_lut6_I4_O)        0.043     7.464 r  NIM_BLOCK/U197/out_1_INST_0_i_1/O
                         net (fo=1, routed)           0.552     8.016    NIM_BLOCK/U197/out_1_INST_0_i_1_n_321
    SLICE_X56Y198        LUT6 (Prop_lut6_I0_O)        0.043     8.059 r  NIM_BLOCK/U197/out_1_INST_0/O
                         net (fo=1, routed)           0.161     8.220    NIM_BLOCK/U197_n_321
    SLICE_X56Y198        LUT2 (Prop_lut2_I0_O)        0.043     8.263 r  NIM_BLOCK/U213_i_1/O
                         net (fo=3, routed)           0.451     8.714    NIM_BLOCK/U43/sigtestin[27]
    SLICE_X50Y198        LUT6 (Prop_lut6_I0_O)        0.043     8.757 r  NIM_BLOCK/U43/tsig_out_INST_0_i_9/O
                         net (fo=1, routed)           0.109     8.866    NIM_BLOCK/U43/tsig_out_INST_0_i_9_n_321
    SLICE_X50Y198        MUXF7 (Prop_muxf7_I0_O)      0.158     9.024 r  NIM_BLOCK/U43/tsig_out_INST_0_i_3/O
                         net (fo=1, routed)           0.277     9.301    NIM_BLOCK/U43/tsig_out_INST_0_i_3_n_321
    SLICE_X51Y195        LUT6 (Prop_lut6_I4_O)        0.122     9.423 r  NIM_BLOCK/U43/tsig_out_INST_0/O
                         net (fo=2, routed)           0.543     9.967    NIM_BLOCK/U43_n_321
    SLICE_X51Y198        LUT4 (Prop_lut4_I0_O)        0.043    10.010 r  NIM_BLOCK/U421_i_1/O
                         net (fo=1, routed)           0.000    10.010    NIM_BLOCK/U421/dl
    SLICE_X51Y198        FDRE                                         r  NIM_BLOCK/U421/int_q_reg/D
  -------------------------------------------------------------------    -------------------

                         max delay                   64.000    64.000    
    BUFGCTRL_X0Y16       BUFG                         0.000    64.000 r  CLK_mx_320_bufg/O
                         net (fo=4737, routed)        1.093    65.093    NIM_BLOCK/U421/clk
    SLICE_X51Y198        FDRE                                         r  NIM_BLOCK/U421/int_q_reg/C
                         clock pessimism              0.000    65.093    
                         clock uncertainty           -0.220    64.873    
    SLICE_X51Y198        FDRE (Setup_fdre_C_D)        0.034    64.907    NIM_BLOCK/U421/int_q_reg
  -------------------------------------------------------------------
                         required time                         64.907    
                         arrival time                         -10.010    
  -------------------------------------------------------------------
                         slack                                 54.897    





---------------------------------------------------------------------------------------------------
From Clock:  CLK_bmx_40
  To Clock:  CLK_bmx_320

Setup :            0  Failing Endpoints,  Worst Slack       28.008ns,  Total Violation        0.000ns
Hold  :            0  Failing Endpoints,  Worst Slack        0.237ns,  Total Violation        0.000ns
---------------------------------------------------------------------------------------------------


Max Delay Paths
--------------------------------------------------------------------------------------
Slack (MET) :             28.008ns  (required time - arrival time)
  Source:                 CLK_mx_40_bufg/O
                            (clock source 'CLK_bmx_40'  {rise@0.000ns fall@12.500ns period=25.000ns})
  Destination:            NIM_BLOCK/U351/U2/int_q_reg/D
                            (rising edge-triggered cell FDRE clocked by CLK_bmx_320  {rise@0.000ns fall@1.562ns period=3.125ns})
  Path Group:             CLK_bmx_320
  Path Type:              Setup (Max at Slow Process Corner)
  Requirement:            32.000ns  (MaxDelay Path 32.000ns)
  Data Path Delay:        4.840ns  (logic 0.538ns (11.115%)  route 4.302ns (88.885%))
  Logic Levels:           8  (LUT2=2 LUT6=5 MUXF7=1)
  Clock Path Skew:        1.152ns (DCD - SCD + CPR)
    Destination Clock Delay (DCD):    1.152ns
    Source Clock Delay      (SCD):    0.000ns
    Clock Pessimism Removal (CPR):    0.000ns
  Clock Uncertainty:      0.322ns  ((TSJ^2 + DJ^2)^1/2) / 2 + PE
    Total System Jitter     (TSJ):    0.071ns
    Discrete Jitter          (DJ):    0.273ns
    Phase Error              (PE):    0.181ns
  Timing Exception:       MaxDelay Path 32.000ns

    Location             Delay type                Incr(ns)  Path(ns)    Netlist Resource(s)
  -------------------------------------------------------------------    -------------------
                         (clock CLK_bmx_40 rise edge)
                                                      0.000     0.000 r  
    BUFGCTRL_X0Y17       BUFG                         0.000     0.000 r  CLK_mx_40_bufg/O
                         net (fo=7, routed)           1.330     1.330    NIM_BLOCK/U187/sig_in[3]
    SLICE_X59Y196        LUT6 (Prop_lut6_I3_O)        0.043     1.373 r  NIM_BLOCK/U187/out_1_INST_0_i_2/O
                         net (fo=1, routed)           0.450     1.823    NIM_BLOCK/U187/out_1_INST_0_i_2_n_321
    SLICE_X59Y196        LUT6 (Prop_lut6_I0_O)        0.043     1.866 r  NIM_BLOCK/U187/out_1_INST_0_i_1/O
                         net (fo=1, routed)           0.545     2.410    NIM_BLOCK/U187/out_1_INST_0_i_1_n_321
    SLICE_X54Y196        LUT6 (Prop_lut6_I0_O)        0.043     2.453 r  NIM_BLOCK/U187/out_1_INST_0/O
                         net (fo=1, routed)           0.373     2.826    NIM_BLOCK/U187_n_321
    SLICE_X53Y198        LUT2 (Prop_lut2_I0_O)        0.043     2.869 r  NIM_BLOCK/U214_i_1/O
                         net (fo=3, routed)           0.341     3.211    NIM_BLOCK/U43/sigtestin[26]
    SLICE_X50Y198        LUT6 (Prop_lut6_I1_O)        0.043     3.254 r  NIM_BLOCK/U43/tsig_out_INST_0_i_9/O
                         net (fo=1, routed)           0.109     3.363    NIM_BLOCK/U43/tsig_out_INST_0_i_9_n_321
    SLICE_X50Y198        MUXF7 (Prop_muxf7_I0_O)      0.158     3.521 r  NIM_BLOCK/U43/tsig_out_INST_0_i_3/O
                         net (fo=1, routed)           0.277     3.798    NIM_BLOCK/U43/tsig_out_INST_0_i_3_n_321
    SLICE_X51Y195        LUT6 (Prop_lut6_I4_O)        0.122     3.920 r  NIM_BLOCK/U43/tsig_out_INST_0/O
                         net (fo=2, routed)           0.366     4.286    NIM_BLOCK/U73/sig_in
    SLICE_X50Y195        LUT2 (Prop_lut2_I0_O)        0.043     4.329 r  NIM_BLOCK/U73/sig_out_INST_0/O
                         net (fo=22, routed)          0.512     4.840    NIM_BLOCK/U351/U2/dl
    SLICE_X46Y195        FDRE                                         r  NIM_BLOCK/U351/U2/int_q_reg/D
  -------------------------------------------------------------------    -------------------

                         max delay                   32.000    32.000    
    BUFGCTRL_X0Y16       BUFG                         0.000    32.000 r  CLK_mx_320_bufg/O
                         net (fo=4737, routed)        1.152    33.152    NIM_BLOCK/U351/U2/clk
    SLICE_X46Y195        FDRE                                         r  NIM_BLOCK/U351/U2/int_q_reg/C
                         clock pessimism              0.000    33.152    
                         clock uncertainty           -0.322    32.830    
    SLICE_X46Y195        FDRE (Setup_fdre_C_D)        0.018    32.848    NIM_BLOCK/U351/U2/int_q_reg
  -------------------------------------------------------------------
                         required time                         32.848    
                         arrival time                          -4.840    
  -------------------------------------------------------------------
                         slack                                 28.008    

Slack (MET) :             28.974ns  (required time - arrival time)
  Source:                 CLK_mx_40_bufg/O
                            (clock source 'CLK_bmx_40'  {rise@0.000ns fall@12.500ns period=25.000ns})
  Destination:            NIM_BLOCK/U355/U2/int_q_reg/D
                            (rising edge-triggered cell FDRE clocked by CLK_bmx_320  {rise@0.000ns fall@1.562ns period=3.125ns})
  Path Group:             CLK_bmx_320
  Path Type:              Setup (Max at Slow Process Corner)
  Requirement:            32.000ns  (MaxDelay Path 32.000ns)
  Data Path Delay:        3.881ns  (logic 0.215ns (5.540%)  route 3.666ns (94.460%))
  Logic Levels:           5  (LUT2=2 LUT6=3)
  Clock Path Skew:        1.151ns (DCD - SCD + CPR)
    Destination Clock Delay (DCD):    1.151ns
    Source Clock Delay      (SCD):    0.000ns
    Clock Pessimism Removal (CPR):    0.000ns
  Clock Uncertainty:      0.322ns  ((TSJ^2 + DJ^2)^1/2) / 2 + PE
    Total System Jitter     (TSJ):    0.071ns
    Discrete Jitter          (DJ):    0.273ns
    Phase Error              (PE):    0.181ns
  Timing Exception:       MaxDelay Path 32.000ns

    Location             Delay type                Incr(ns)  Path(ns)    Netlist Resource(s)
  -------------------------------------------------------------------    -------------------
                         (clock CLK_bmx_40 fall edge)
                                                      0.000     0.000 f  
    BUFGCTRL_X0Y17       BUFG                         0.000     0.000 f  CLK_mx_40_bufg/O
                         net (fo=7, routed)           1.330     1.330    NIM_BLOCK/U187/sig_in[3]
    SLICE_X59Y196        LUT6 (Prop_lut6_I3_O)        0.043     1.373 f  NIM_BLOCK/U187/out_1_INST_0_i_2/O
                         net (fo=1, routed)           0.450     1.823    NIM_BLOCK/U187/out_1_INST_0_i_2_n_321
    SLICE_X59Y196        LUT6 (Prop_lut6_I0_O)        0.043     1.866 f  NIM_BLOCK/U187/out_1_INST_0_i_1/O
                         net (fo=1, routed)           0.545     2.410    NIM_BLOCK/U187/out_1_INST_0_i_1_n_321
    SLICE_X54Y196        LUT6 (Prop_lut6_I0_O)        0.043     2.453 f  NIM_BLOCK/U187/out_1_INST_0/O
                         net (fo=1, routed)           0.373     2.826    NIM_BLOCK/U187_n_321
    SLICE_X53Y198        LUT2 (Prop_lut2_I0_O)        0.043     2.869 f  NIM_BLOCK/U214_i_1/O
                         net (fo=3, routed)           0.508     3.378    NIM_BLOCK/U214/sig_in
    SLICE_X49Y194        LUT2 (Prop_lut2_I0_O)        0.043     3.421 r  NIM_BLOCK/U214/sig_out_INST_0/O
                         net (fo=4, routed)           0.460     3.881    NIM_BLOCK/U355/U2/dl
    SLICE_X46Y193        FDRE                                         r  NIM_BLOCK/U355/U2/int_q_reg/D
  -------------------------------------------------------------------    -------------------

                         max delay                   32.000    32.000    
    BUFGCTRL_X0Y16       BUFG                         0.000    32.000 r  CLK_mx_320_bufg/O
                         net (fo=4737, routed)        1.151    33.151    NIM_BLOCK/U355/U2/clk
    SLICE_X46Y193        FDRE                                         r  NIM_BLOCK/U355/U2/int_q_reg/C
                         clock pessimism              0.000    33.151    
                         clock uncertainty           -0.322    32.829    
    SLICE_X46Y193        FDRE (Setup_fdre_C_D)        0.026    32.855    NIM_BLOCK/U355/U2/int_q_reg
  -------------------------------------------------------------------
                         required time                         32.855    
                         arrival time                          -3.881    
  -------------------------------------------------------------------
                         slack                                 28.974    

Slack (MET) :             29.105ns  (required time - arrival time)
  Source:                 CLK_mx_40_bufg/O
                            (clock source 'CLK_bmx_40'  {rise@0.000ns fall@12.500ns period=25.000ns})
  Destination:            NIM_BLOCK/U353/U2/int_q_reg/D
                            (rising edge-triggered cell FDRE clocked by CLK_bmx_320  {rise@0.000ns fall@1.562ns period=3.125ns})
  Path Group:             CLK_bmx_320
  Path Type:              Setup (Max at Slow Process Corner)
  Requirement:            32.000ns  (MaxDelay Path 32.000ns)
  Data Path Delay:        3.616ns  (logic 0.215ns (5.947%)  route 3.401ns (94.053%))
  Logic Levels:           5  (LUT2=2 LUT6=3)
  Clock Path Skew:        1.073ns (DCD - SCD + CPR)
    Destination Clock Delay (DCD):    1.073ns
    Source Clock Delay      (SCD):    0.000ns
    Clock Pessimism Removal (CPR):    0.000ns
  Clock Uncertainty:      0.322ns  ((TSJ^2 + DJ^2)^1/2) / 2 + PE
    Total System Jitter     (TSJ):    0.071ns
    Discrete Jitter          (DJ):    0.273ns
    Phase Error              (PE):    0.181ns
  Timing Exception:       MaxDelay Path 32.000ns

    Location             Delay type                Incr(ns)  Path(ns)    Netlist Resource(s)
  -------------------------------------------------------------------    -------------------
                         (clock CLK_bmx_40 rise edge)
                                                      0.000     0.000 r  
    BUFGCTRL_X0Y17       BUFG                         0.000     0.000 r  CLK_mx_40_bufg/O
                         net (fo=7, routed)           1.456     1.456    NIM_BLOCK/U127/sig_in[3]
    SLICE_X51Y195        LUT6 (Prop_lut6_I3_O)        0.043     1.499 r  NIM_BLOCK/U127/out_1_INST_0_i_2/O
                         net (fo=1, routed)           0.099     1.597    NIM_BLOCK/U127/out_1_INST_0_i_2_n_321
    SLICE_X51Y195        LUT6 (Prop_lut6_I0_O)        0.043     1.640 r  NIM_BLOCK/U127/out_1_INST_0_i_1/O
                         net (fo=1, routed)           0.534     2.175    NIM_BLOCK/U127/out_1_INST_0_i_1_n_321
    SLICE_X51Y198        LUT6 (Prop_lut6_I0_O)        0.043     2.218 r  NIM_BLOCK/U127/out_1_INST_0/O
                         net (fo=1, routed)           0.352     2.570    NIM_BLOCK/U127_n_321
    SLICE_X51Y198        LUT2 (Prop_lut2_I0_O)        0.043     2.613 r  NIM_BLOCK/U148_i_1/O
                         net (fo=3, routed)           0.462     3.075    NIM_BLOCK/U148/sig_in
    SLICE_X47Y198        LUT2 (Prop_lut2_I0_O)        0.043     3.118 r  NIM_BLOCK/U148/sig_out_INST_0/O
                         net (fo=24, routed)          0.498     3.616    NIM_BLOCK/U353/U2/dl
    SLICE_X57Y203        FDRE                                         r  NIM_BLOCK/U353/U2/int_q_reg/D
  -------------------------------------------------------------------    -------------------

                         max delay                   32.000    32.000    
    BUFGCTRL_X0Y16       BUFG                         0.000    32.000 r  CLK_mx_320_bufg/O
                         net (fo=4737, routed)        1.073    33.073    NIM_BLOCK/U353/U2/clk
    SLICE_X57Y203        FDRE                                         r  NIM_BLOCK/U353/U2/int_q_reg/C
                         clock pessimism              0.000    33.073    
                         clock uncertainty           -0.322    32.751    
    SLICE_X57Y203        FDRE (Setup_fdre_C_D)       -0.031    32.720    NIM_BLOCK/U353/U2/int_q_reg
  -------------------------------------------------------------------
                         required time                         32.720    
                         arrival time                          -3.616    
  -------------------------------------------------------------------
                         slack                                 29.105    

Slack (MET) :             29.303ns  (required time - arrival time)
  Source:                 CLK_mx_40_bufg/O
                            (clock source 'CLK_bmx_40'  {rise@0.000ns fall@12.500ns period=25.000ns})
  Destination:            NIM_BLOCK/U357/U2/int_q_reg/D
                            (rising edge-triggered cell FDRE clocked by CLK_bmx_320  {rise@0.000ns fall@1.562ns period=3.125ns})
  Path Group:             CLK_bmx_320
  Path Type:              Setup (Max at Slow Process Corner)
  Requirement:            32.000ns  (MaxDelay Path 32.000ns)
  Data Path Delay:        3.499ns  (logic 0.215ns (6.145%)  route 3.284ns (93.855%))
  Logic Levels:           5  (LUT2=2 LUT6=3)
  Clock Path Skew:        1.132ns (DCD - SCD + CPR)
    Destination Clock Delay (DCD):    1.132ns
    Source Clock Delay      (SCD):    0.000ns
    Clock Pessimism Removal (CPR):    0.000ns
  Clock Uncertainty:      0.322ns  ((TSJ^2 + DJ^2)^1/2) / 2 + PE
    Total System Jitter     (TSJ):    0.071ns
    Discrete Jitter          (DJ):    0.273ns
    Phase Error              (PE):    0.181ns
  Timing Exception:       MaxDelay Path 32.000ns

    Location             Delay type                Incr(ns)  Path(ns)    Netlist Resource(s)
  -------------------------------------------------------------------    -------------------
                         (clock CLK_bmx_40 fall edge)
                                                      0.000     0.000 f  
    BUFGCTRL_X0Y17       BUFG                         0.000     0.000 f  CLK_mx_40_bufg/O
                         net (fo=7, routed)           1.581     1.581    NIM_BLOCK/U197/sig_in[3]
    SLICE_X59Y196        LUT6 (Prop_lut6_I3_O)        0.043     1.624 f  NIM_BLOCK/U197/out_1_INST_0_i_2/O
                         net (fo=1, routed)           0.150     1.774    NIM_BLOCK/U197/out_1_INST_0_i_2_n_321
    SLICE_X59Y196        LUT6 (Prop_lut6_I0_O)        0.043     1.817 f  NIM_BLOCK/U197/out_1_INST_0_i_1/O
                         net (fo=1, routed)           0.552     2.368    NIM_BLOCK/U197/out_1_INST_0_i_1_n_321
    SLICE_X56Y198        LUT6 (Prop_lut6_I0_O)        0.043     2.411 f  NIM_BLOCK/U197/out_1_INST_0/O
                         net (fo=1, routed)           0.161     2.572    NIM_BLOCK/U197_n_321
    SLICE_X56Y198        LUT2 (Prop_lut2_I0_O)        0.043     2.615 f  NIM_BLOCK/U213_i_1/O
                         net (fo=3, routed)           0.294     2.910    NIM_BLOCK/U213/sig_in
    SLICE_X60Y199        LUT2 (Prop_lut2_I0_O)        0.043     2.953 r  NIM_BLOCK/U213/sig_out_INST_0/O
                         net (fo=22, routed)          0.546     3.499    NIM_BLOCK/U357/U2/dl
    SLICE_X49Y200        FDRE                                         r  NIM_BLOCK/U357/U2/int_q_reg/D
  -------------------------------------------------------------------    -------------------

                         max delay                   32.000    32.000    
    BUFGCTRL_X0Y16       BUFG                         0.000    32.000 r  CLK_mx_320_bufg/O
                         net (fo=4737, routed)        1.132    33.132    NIM_BLOCK/U357/U2/clk
    SLICE_X49Y200        FDRE                                         r  NIM_BLOCK/U357/U2/int_q_reg/C
                         clock pessimism              0.000    33.132    
                         clock uncertainty           -0.322    32.810    
    SLICE_X49Y200        FDRE (Setup_fdre_C_D)       -0.009    32.801    NIM_BLOCK/U357/U2/int_q_reg
  -------------------------------------------------------------------
                         required time                         32.801    
                         arrival time                          -3.499    
  -------------------------------------------------------------------
                         slack                                 29.303    

Slack (MET) :             60.299ns  (required time - arrival time)
  Source:                 CLK_mx_40_bufg/O
                            (clock source 'CLK_bmx_40'  {rise@0.000ns fall@12.500ns period=25.000ns})
  Destination:            NIM_BLOCK/U421/int_q_reg/D
                            (rising edge-triggered cell FDRE clocked by CLK_bmx_320  {rise@0.000ns fall@1.562ns period=3.125ns})
  Path Group:             CLK_bmx_320
  Path Type:              Setup (Max at Slow Process Corner)
  Requirement:            64.000ns  (MaxDelay Path 64.000ns)
  Data Path Delay:        4.507ns  (logic 0.538ns (11.938%)  route 3.969ns (88.062%))
  Logic Levels:           8  (LUT2=1 LUT4=1 LUT6=5 MUXF7=1)
  Clock Path Skew:        1.093ns (DCD - SCD + CPR)
    Destination Clock Delay (DCD):    1.093ns
    Source Clock Delay      (SCD):    0.000ns
    Clock Pessimism Removal (CPR):    0.000ns
  Clock Uncertainty:      0.322ns  ((TSJ^2 + DJ^2)^1/2) / 2 + PE
    Total System Jitter     (TSJ):    0.071ns
    Discrete Jitter          (DJ):    0.273ns
    Phase Error              (PE):    0.181ns
  Timing Exception:       MaxDelay Path 64.000ns

    Location             Delay type                Incr(ns)  Path(ns)    Netlist Resource(s)
  -------------------------------------------------------------------    -------------------
                         (clock CLK_bmx_40 rise edge)
                                                      0.000     0.000 r  
    BUFGCTRL_X0Y17       BUFG                         0.000     0.000 r  CLK_mx_40_bufg/O
                         net (fo=7, routed)           1.330     1.330    NIM_BLOCK/U187/sig_in[3]
    SLICE_X59Y196        LUT6 (Prop_lut6_I3_O)        0.043     1.373 r  NIM_BLOCK/U187/out_1_INST_0_i_2/O
                         net (fo=1, routed)           0.450     1.823    NIM_BLOCK/U187/out_1_INST_0_i_2_n_321
    SLICE_X59Y196        LUT6 (Prop_lut6_I0_O)        0.043     1.866 r  NIM_BLOCK/U187/out_1_INST_0_i_1/O
                         net (fo=1, routed)           0.545     2.410    NIM_BLOCK/U187/out_1_INST_0_i_1_n_321
    SLICE_X54Y196        LUT6 (Prop_lut6_I0_O)        0.043     2.453 r  NIM_BLOCK/U187/out_1_INST_0/O
                         net (fo=1, routed)           0.373     2.826    NIM_BLOCK/U187_n_321
    SLICE_X53Y198        LUT2 (Prop_lut2_I0_O)        0.043     2.869 r  NIM_BLOCK/U214_i_1/O
                         net (fo=3, routed)           0.341     3.211    NIM_BLOCK/U43/sigtestin[26]
    SLICE_X50Y198        LUT6 (Prop_lut6_I1_O)        0.043     3.254 r  NIM_BLOCK/U43/tsig_out_INST_0_i_9/O
                         net (fo=1, routed)           0.109     3.363    NIM_BLOCK/U43/tsig_out_INST_0_i_9_n_321
    SLICE_X50Y198        MUXF7 (Prop_muxf7_I0_O)      0.158     3.521 r  NIM_BLOCK/U43/tsig_out_INST_0_i_3/O
                         net (fo=1, routed)           0.277     3.798    NIM_BLOCK/U43/tsig_out_INST_0_i_3_n_321
    SLICE_X51Y195        LUT6 (Prop_lut6_I4_O)        0.122     3.920 r  NIM_BLOCK/U43/tsig_out_INST_0/O
                         net (fo=2, routed)           0.543     4.464    NIM_BLOCK/U43_n_321
    SLICE_X51Y198        LUT4 (Prop_lut4_I0_O)        0.043     4.507 r  NIM_BLOCK/U421_i_1/O
                         net (fo=1, routed)           0.000     4.507    NIM_BLOCK/U421/dl
    SLICE_X51Y198        FDRE                                         r  NIM_BLOCK/U421/int_q_reg/D
  -------------------------------------------------------------------    -------------------

                         max delay                   64.000    64.000    
    BUFGCTRL_X0Y16       BUFG                         0.000    64.000 r  CLK_mx_320_bufg/O
                         net (fo=4737, routed)        1.093    65.093    NIM_BLOCK/U421/clk
    SLICE_X51Y198        FDRE                                         r  NIM_BLOCK/U421/int_q_reg/C
                         clock pessimism              0.000    65.093    
                         clock uncertainty           -0.322    64.771    
    SLICE_X51Y198        FDRE (Setup_fdre_C_D)        0.034    64.805    NIM_BLOCK/U421/int_q_reg
  -------------------------------------------------------------------
                         required time                         64.805    
                         arrival time                          -4.507    
  -------------------------------------------------------------------
                         slack                                 60.299    





Min Delay Paths
--------------------------------------------------------------------------------------
Slack (MET) :             0.237ns  (arrival time - required time)
  Source:                 CLK_mx_40_bufg/O
                            (clock source 'CLK_bmx_40'  {rise@0.000ns fall@12.500ns period=25.000ns})
  Destination:            NIM_BLOCK/U421/int_q_reg/D
                            (rising edge-triggered cell FDRE clocked by CLK_bmx_320  {rise@0.000ns fall@1.562ns period=3.125ns})
  Path Group:             CLK_bmx_320
  Path Type:              Hold (Min at Fast Process Corner)
  Requirement:            0.000ns  (CLK_bmx_320 rise@0.000ns - CLK_bmx_40 rise@0.000ns)
  Data Path Delay:        1.364ns  (logic 0.182ns (13.341%)  route 1.182ns (86.659%))
  Logic Levels:           4  (LUT4=1 LUT6=2 MUXF7=1)
  Clock Path Skew:        0.746ns (DCD - SCD - CPR)
    Destination Clock Delay (DCD):    0.746ns
    Source Clock Delay      (SCD):    0.000ns
    Clock Pessimism Removal (CPR):    -0.000ns
  Clock Uncertainty:      0.322ns  ((TSJ^2 + DJ^2)^1/2) / 2 + PE
    Total System Jitter     (TSJ):    0.071ns
    Discrete Jitter          (DJ):    0.273ns
    Phase Error              (PE):    0.181ns
  Clock Domain Crossing:  Inter clock paths are considered valid unless explicitly excluded by timing constraints such as set_clock_groups or set_false_path.

    Location             Delay type                Incr(ns)  Path(ns)    Netlist Resource(s)
  -------------------------------------------------------------------    -------------------
                         (clock CLK_bmx_40 rise edge)
                                                      0.000     0.000 r  
    BUFGCTRL_X0Y17       BUFG                         0.000     0.000 r  CLK_mx_40_bufg/O
                         net (fo=7, routed)           0.675     0.675    NIM_BLOCK/U43/sigtestin[22]
    SLICE_X51Y197        LUT6 (Prop_lut6_I1_O)        0.028     0.703 r  NIM_BLOCK/U43/tsig_out_INST_0_i_8/O
                         net (fo=1, routed)           0.000     0.703    NIM_BLOCK/U43/tsig_out_INST_0_i_8_n_321
    SLICE_X51Y197        MUXF7 (Prop_muxf7_I1_O)      0.059     0.762 r  NIM_BLOCK/U43/tsig_out_INST_0_i_2/O
                         net (fo=1, routed)           0.231     0.993    NIM_BLOCK/U43/tsig_out_INST_0_i_2_n_321
    SLICE_X51Y195        LUT6 (Prop_lut6_I2_O)        0.067     1.060 r  NIM_BLOCK/U43/tsig_out_INST_0/O
                         net (fo=2, routed)           0.276     1.336    NIM_BLOCK/U43_n_321
    SLICE_X51Y198        LUT4 (Prop_lut4_I0_O)        0.028     1.364 r  NIM_BLOCK/U421_i_1/O
                         net (fo=1, routed)           0.000     1.364    NIM_BLOCK/U421/dl
    SLICE_X51Y198        FDRE                                         r  NIM_BLOCK/U421/int_q_reg/D
  -------------------------------------------------------------------    -------------------

                         (clock CLK_bmx_320 rise edge)
                                                      0.000     0.000 r  
    BUFGCTRL_X0Y16       BUFG                         0.000     0.000 r  CLK_mx_320_bufg/O
                         net (fo=4737, routed)        0.746     0.746    NIM_BLOCK/U421/clk
    SLICE_X51Y198        FDRE                                         r  NIM_BLOCK/U421/int_q_reg/C
                         clock pessimism              0.000     0.746    
                         clock uncertainty            0.322     1.068    
    SLICE_X51Y198        FDRE (Hold_fdre_C_D)         0.060     1.128    NIM_BLOCK/U421/int_q_reg
  -------------------------------------------------------------------
                         required time                         -1.128    
                         arrival time                           1.364    
  -------------------------------------------------------------------
                         slack                                  0.237    

Slack (MET) :             0.394ns  (arrival time - required time)
  Source:                 CLK_mx_40_bufg/O
                            (clock source 'CLK_bmx_40'  {rise@0.000ns fall@12.500ns period=25.000ns})
  Destination:            NIM_BLOCK/U351/U2/int_q_reg/D
                            (rising edge-triggered cell FDRE clocked by CLK_bmx_320  {rise@0.000ns fall@1.562ns period=3.125ns})
  Path Group:             CLK_bmx_320
  Path Type:              Hold (Min at Fast Process Corner)
  Requirement:            0.000ns  (CLK_bmx_320 rise@12.500ns - CLK_bmx_40 fall@12.500ns)
  Data Path Delay:        1.555ns  (logic 0.182ns (11.704%)  route 1.373ns (88.296%))
  Logic Levels:           4  (LUT2=1 LUT6=2 MUXF7=1)
  Clock Path Skew:        0.777ns (DCD - SCD - CPR)
    Destination Clock Delay (DCD):    0.777ns = ( 13.277 - 12.500 ) 
    Source Clock Delay      (SCD):    0.000ns = ( 12.500 - 12.500 ) 
    Clock Pessimism Removal (CPR):    -0.000ns
  Clock Uncertainty:      0.322ns  ((TSJ^2 + DJ^2)^1/2) / 2 + PE
    Total System Jitter     (TSJ):    0.071ns
    Discrete Jitter          (DJ):    0.273ns
    Phase Error              (PE):    0.181ns
  Clock Domain Crossing:  Inter clock paths are considered valid unless explicitly excluded by timing constraints such as set_clock_groups or set_false_path.

    Location             Delay type                Incr(ns)  Path(ns)    Netlist Resource(s)
  -------------------------------------------------------------------    -------------------
                         (clock CLK_bmx_40 fall edge)
                                                     12.500    12.500 f  
    BUFGCTRL_X0Y17       BUFG                         0.000    12.500 f  CLK_mx_40_bufg/O
                         net (fo=7, routed)           0.675    13.175    NIM_BLOCK/U43/sigtestin[22]
    SLICE_X51Y197        LUT6 (Prop_lut6_I1_O)        0.028    13.203 f  NIM_BLOCK/U43/tsig_out_INST_0_i_8/O
                         net (fo=1, routed)           0.000    13.203    NIM_BLOCK/U43/tsig_out_INST_0_i_8_n_321
    SLICE_X51Y197        MUXF7 (Prop_muxf7_I1_O)      0.059    13.262 f  NIM_BLOCK/U43/tsig_out_INST_0_i_2/O
                         net (fo=1, routed)           0.231    13.493    NIM_BLOCK/U43/tsig_out_INST_0_i_2_n_321
    SLICE_X51Y195        LUT6 (Prop_lut6_I2_O)        0.067    13.560 f  NIM_BLOCK/U43/tsig_out_INST_0/O
                         net (fo=2, routed)           0.185    13.744    NIM_BLOCK/U73/sig_in
    SLICE_X50Y195        LUT2 (Prop_lut2_I0_O)        0.028    13.772 r  NIM_BLOCK/U73/sig_out_INST_0/O
                         net (fo=22, routed)          0.283    14.055    NIM_BLOCK/U351/U2/dl
    SLICE_X46Y195        FDRE                                         r  NIM_BLOCK/U351/U2/int_q_reg/D
  -------------------------------------------------------------------    -------------------

                         (clock CLK_bmx_320 rise edge)
                                                     12.500    12.500 r  
    BUFGCTRL_X0Y16       BUFG                         0.000    12.500 r  CLK_mx_320_bufg/O
                         net (fo=4737, routed)        0.777    13.277    NIM_BLOCK/U351/U2/clk
    SLICE_X46Y195        FDRE                                         r  NIM_BLOCK/U351/U2/int_q_reg/C
                         clock pessimism              0.000    13.277    
                         clock uncertainty            0.322    13.599    
    SLICE_X46Y195        FDRE (Hold_fdre_C_D)         0.062    13.661    NIM_BLOCK/U351/U2/int_q_reg
  -------------------------------------------------------------------
                         required time                        -13.661    
                         arrival time                          14.055    
  -------------------------------------------------------------------
                         slack                                  0.394    

Slack (MET) :             0.661ns  (arrival time - required time)
  Source:                 CLK_mx_40_bufg/O
                            (clock source 'CLK_bmx_40'  {rise@0.000ns fall@12.500ns period=25.000ns})
  Destination:            NIM_BLOCK/U357/U2/int_q_reg/D
                            (rising edge-triggered cell FDRE clocked by CLK_bmx_320  {rise@0.000ns fall@1.562ns period=3.125ns})
  Path Group:             CLK_bmx_320
  Path Type:              Hold (Min at Fast Process Corner)
  Requirement:            0.000ns  (CLK_bmx_320 rise@0.000ns - CLK_bmx_40 rise@0.000ns)
  Data Path Delay:        1.780ns  (logic 0.140ns (7.867%)  route 1.640ns (92.133%))
  Logic Levels:           5  (LUT2=2 LUT6=3)
  Clock Path Skew:        0.765ns (DCD - SCD - CPR)
    Destination Clock Delay (DCD):    0.765ns
    Source Clock Delay      (SCD):    0.000ns
    Clock Pessimism Removal (CPR):    -0.000ns
  Clock Uncertainty:      0.322ns  ((TSJ^2 + DJ^2)^1/2) / 2 + PE
    Total System Jitter     (TSJ):    0.071ns
    Discrete Jitter          (DJ):    0.273ns
    Phase Error              (PE):    0.181ns
  Clock Domain Crossing:  Inter clock paths are considered valid unless explicitly excluded by timing constraints such as set_clock_groups or set_false_path.

    Location             Delay type                Incr(ns)  Path(ns)    Netlist Resource(s)
  -------------------------------------------------------------------    -------------------
                         (clock CLK_bmx_40 rise edge)
                                                      0.000     0.000 r  
    BUFGCTRL_X0Y17       BUFG                         0.000     0.000 r  CLK_mx_40_bufg/O
                         net (fo=7, routed)           0.732     0.732    NIM_BLOCK/U197/sig_in[3]
    SLICE_X59Y196        LUT6 (Prop_lut6_I3_O)        0.028     0.760 r  NIM_BLOCK/U197/out_1_INST_0_i_2/O
                         net (fo=1, routed)           0.075     0.835    NIM_BLOCK/U197/out_1_INST_0_i_2_n_321
    SLICE_X59Y196        LUT6 (Prop_lut6_I0_O)        0.028     0.863 r  NIM_BLOCK/U197/out_1_INST_0_i_1/O
                         net (fo=1, routed)           0.290     1.152    NIM_BLOCK/U197/out_1_INST_0_i_1_n_321
    SLICE_X56Y198        LUT6 (Prop_lut6_I0_O)        0.028     1.180 r  NIM_BLOCK/U197/out_1_INST_0/O
                         net (fo=1, routed)           0.081     1.261    NIM_BLOCK/U197_n_321
    SLICE_X56Y198        LUT2 (Prop_lut2_I0_O)        0.028     1.289 r  NIM_BLOCK/U213_i_1/O
                         net (fo=3, routed)           0.154     1.444    NIM_BLOCK/U213/sig_in
    SLICE_X60Y199        LUT2 (Prop_lut2_I0_O)        0.028     1.472 r  NIM_BLOCK/U213/sig_out_INST_0/O
                         net (fo=22, routed)          0.308     1.780    NIM_BLOCK/U357/U2/dl
    SLICE_X49Y200        FDRE                                         r  NIM_BLOCK/U357/U2/int_q_reg/D
  -------------------------------------------------------------------    -------------------

                         (clock CLK_bmx_320 rise edge)
                                                      0.000     0.000 r  
    BUFGCTRL_X0Y16       BUFG                         0.000     0.000 r  CLK_mx_320_bufg/O
                         net (fo=4737, routed)        0.765     0.765    NIM_BLOCK/U357/U2/clk
    SLICE_X49Y200        FDRE                                         r  NIM_BLOCK/U357/U2/int_q_reg/C
                         clock pessimism              0.000     0.765    
                         clock uncertainty            0.322     1.087    
    SLICE_X49Y200        FDRE (Hold_fdre_C_D)         0.032     1.119    NIM_BLOCK/U357/U2/int_q_reg
  -------------------------------------------------------------------
                         required time                         -1.119    
                         arrival time                           1.780    
  -------------------------------------------------------------------
                         slack                                  0.661    

Slack (MET) :             0.742ns  (arrival time - required time)
  Source:                 CLK_mx_40_bufg/O
                            (clock source 'CLK_bmx_40'  {rise@0.000ns fall@12.500ns period=25.000ns})
  Destination:            NIM_BLOCK/U353/U2/int_q_reg/D
                            (rising edge-triggered cell FDRE clocked by CLK_bmx_320  {rise@0.000ns fall@1.562ns period=3.125ns})
  Path Group:             CLK_bmx_320
  Path Type:              Hold (Min at Fast Process Corner)
  Requirement:            0.000ns  (CLK_bmx_320 rise@12.500ns - CLK_bmx_40 fall@12.500ns)
  Data Path Delay:        1.833ns  (logic 0.140ns (7.640%)  route 1.693ns (92.360%))
  Logic Levels:           5  (LUT2=2 LUT6=3)
  Clock Path Skew:        0.731ns (DCD - SCD - CPR)
    Destination Clock Delay (DCD):    0.731ns = ( 13.231 - 12.500 ) 
    Source Clock Delay      (SCD):    0.000ns = ( 12.500 - 12.500 ) 
    Clock Pessimism Removal (CPR):    -0.000ns
  Clock Uncertainty:      0.322ns  ((TSJ^2 + DJ^2)^1/2) / 2 + PE
    Total System Jitter     (TSJ):    0.071ns
    Discrete Jitter          (DJ):    0.273ns
    Phase Error              (PE):    0.181ns
  Clock Domain Crossing:  Inter clock paths are considered valid unless explicitly excluded by timing constraints such as set_clock_groups or set_false_path.

    Location             Delay type                Incr(ns)  Path(ns)    Netlist Resource(s)
  -------------------------------------------------------------------    -------------------
                         (clock CLK_bmx_40 fall edge)
                                                     12.500    12.500 f  
    BUFGCTRL_X0Y17       BUFG                         0.000    12.500 f  CLK_mx_40_bufg/O
                         net (fo=7, routed)           0.659    13.159    NIM_BLOCK/U127/sig_in[3]
    SLICE_X51Y195        LUT6 (Prop_lut6_I3_O)        0.028    13.187 f  NIM_BLOCK/U127/out_1_INST_0_i_2/O
                         net (fo=1, routed)           0.050    13.236    NIM_BLOCK/U127/out_1_INST_0_i_2_n_321
    SLICE_X51Y195        LUT6 (Prop_lut6_I0_O)        0.028    13.264 f  NIM_BLOCK/U127/out_1_INST_0_i_1/O
                         net (fo=1, routed)           0.272    13.537    NIM_BLOCK/U127/out_1_INST_0_i_1_n_321
    SLICE_X51Y198        LUT6 (Prop_lut6_I0_O)        0.028    13.565 f  NIM_BLOCK/U127/out_1_INST_0/O
                         net (fo=1, routed)           0.174    13.739    NIM_BLOCK/U127_n_321
    SLICE_X51Y198        LUT2 (Prop_lut2_I0_O)        0.028    13.767 f  NIM_BLOCK/U148_i_1/O
                         net (fo=3, routed)           0.257    14.024    NIM_BLOCK/U148/sig_in
    SLICE_X47Y198        LUT2 (Prop_lut2_I0_O)        0.028    14.052 r  NIM_BLOCK/U148/sig_out_INST_0/O
                         net (fo=24, routed)          0.281    14.333    NIM_BLOCK/U353/U2/dl
    SLICE_X57Y203        FDRE                                         r  NIM_BLOCK/U353/U2/int_q_reg/D
  -------------------------------------------------------------------    -------------------

                         (clock CLK_bmx_320 rise edge)
                                                     12.500    12.500 r  
    BUFGCTRL_X0Y16       BUFG                         0.000    12.500 r  CLK_mx_320_bufg/O
                         net (fo=4737, routed)        0.731    13.231    NIM_BLOCK/U353/U2/clk
    SLICE_X57Y203        FDRE                                         r  NIM_BLOCK/U353/U2/int_q_reg/C
                         clock pessimism              0.000    13.231    
                         clock uncertainty            0.322    13.553    
    SLICE_X57Y203        FDRE (Hold_fdre_C_D)         0.038    13.591    NIM_BLOCK/U353/U2/int_q_reg
  -------------------------------------------------------------------
                         required time                        -13.591    
                         arrival time                          14.333    
  -------------------------------------------------------------------
                         slack                                  0.742    

Slack (MET) :             0.803ns  (arrival time - required time)
  Source:                 CLK_mx_40_bufg/O
                            (clock source 'CLK_bmx_40'  {rise@0.000ns fall@12.500ns period=25.000ns})
  Destination:            NIM_BLOCK/U355/U2/int_q_reg/D
                            (rising edge-triggered cell FDRE clocked by CLK_bmx_320  {rise@0.000ns fall@1.562ns period=3.125ns})
  Path Group:             CLK_bmx_320
  Path Type:              Hold (Min at Fast Process Corner)
  Requirement:            0.000ns  (CLK_bmx_320 rise@12.500ns - CLK_bmx_40 fall@12.500ns)
  Data Path Delay:        1.969ns  (logic 0.140ns (7.110%)  route 1.829ns (92.890%))
  Logic Levels:           5  (LUT2=2 LUT6=3)
  Clock Path Skew:        0.777ns (DCD - SCD - CPR)
    Destination Clock Delay (DCD):    0.777ns = ( 13.277 - 12.500 ) 
    Source Clock Delay      (SCD):    0.000ns = ( 12.500 - 12.500 ) 
    Clock Pessimism Removal (CPR):    -0.000ns
  Clock Uncertainty:      0.322ns  ((TSJ^2 + DJ^2)^1/2) / 2 + PE
    Total System Jitter     (TSJ):    0.071ns
    Discrete Jitter          (DJ):    0.273ns
    Phase Error              (PE):    0.181ns
  Clock Domain Crossing:  Inter clock paths are considered valid unless explicitly excluded by timing constraints such as set_clock_groups or set_false_path.

    Location             Delay type                Incr(ns)  Path(ns)    Netlist Resource(s)
  -------------------------------------------------------------------    -------------------
                         (clock CLK_bmx_40 fall edge)
                                                     12.500    12.500 f  
    BUFGCTRL_X0Y17       BUFG                         0.000    12.500 f  CLK_mx_40_bufg/O
                         net (fo=7, routed)           0.602    13.102    NIM_BLOCK/U187/sig_in[3]
    SLICE_X59Y196        LUT6 (Prop_lut6_I3_O)        0.028    13.130 f  NIM_BLOCK/U187/out_1_INST_0_i_2/O
                         net (fo=1, routed)           0.230    13.360    NIM_BLOCK/U187/out_1_INST_0_i_2_n_321
    SLICE_X59Y196        LUT6 (Prop_lut6_I0_O)        0.028    13.388 f  NIM_BLOCK/U187/out_1_INST_0_i_1/O
                         net (fo=1, routed)           0.282    13.669    NIM_BLOCK/U187/out_1_INST_0_i_1_n_321
    SLICE_X54Y196        LUT6 (Prop_lut6_I0_O)        0.028    13.697 f  NIM_BLOCK/U187/out_1_INST_0/O
                         net (fo=1, routed)           0.190    13.887    NIM_BLOCK/U187_n_321
    SLICE_X53Y198        LUT2 (Prop_lut2_I0_O)        0.028    13.915 f  NIM_BLOCK/U214_i_1/O
                         net (fo=3, routed)           0.286    14.202    NIM_BLOCK/U214/sig_in
    SLICE_X49Y194        LUT2 (Prop_lut2_I0_O)        0.028    14.230 r  NIM_BLOCK/U214/sig_out_INST_0/O
                         net (fo=4, routed)           0.239    14.469    NIM_BLOCK/U355/U2/dl
    SLICE_X46Y193        FDRE                                         r  NIM_BLOCK/U355/U2/int_q_reg/D
  -------------------------------------------------------------------    -------------------

                         (clock CLK_bmx_320 rise edge)
                                                     12.500    12.500 r  
    BUFGCTRL_X0Y16       BUFG                         0.000    12.500 r  CLK_mx_320_bufg/O
                         net (fo=4737, routed)        0.777    13.277    NIM_BLOCK/U355/U2/clk
    SLICE_X46Y193        FDRE                                         r  NIM_BLOCK/U355/U2/int_q_reg/C
                         clock pessimism              0.000    13.277    
                         clock uncertainty            0.322    13.599    
    SLICE_X46Y193        FDRE (Hold_fdre_C_D)         0.067    13.666    NIM_BLOCK/U355/U2/int_q_reg
  -------------------------------------------------------------------
                         required time                        -13.666    
                         arrival time                          14.469    
  -------------------------------------------------------------------
                         slack                                  0.803    





---------------------------------------------------------------------------------------------------
From Clock:  dbg_hub/inst/N_EXT_BSCAN.bscan_inst/SERIES7_BSCAN.bscan_inst/UPDATE
  To Clock:  dbg_hub/inst/N_EXT_BSCAN.bscan_inst/SERIES7_BSCAN.bscan_inst/DRCK

Setup :            0  Failing Endpoints,  Worst Slack       57.199ns,  Total Violation        0.000ns
Hold  :            0  Failing Endpoints,  Worst Slack        0.333ns,  Total Violation        0.000ns
---------------------------------------------------------------------------------------------------


Max Delay Paths
--------------------------------------------------------------------------------------
Slack (MET) :             57.199ns  (required time - arrival time)
  Source:                 dbg_hub/inst/CORE_XSDB.U_ICON/iDATA_CMD_reg/C
                            (rising edge-triggered cell FDCE clocked by dbg_hub/inst/N_EXT_BSCAN.bscan_inst/SERIES7_BSCAN.bscan_inst/UPDATE  {rise@0.000ns fall@30.000ns period=60.000ns})
  Destination:            dbg_hub/inst/CORE_XSDB.U_ICON/U_SYNC/iSYNC_WORD_reg[0]/R
                            (rising edge-triggered cell FDRE clocked by dbg_hub/inst/N_EXT_BSCAN.bscan_inst/SERIES7_BSCAN.bscan_inst/DRCK  {rise@0.000ns fall@15.000ns period=30.000ns})
  Path Group:             dbg_hub/inst/N_EXT_BSCAN.bscan_inst/SERIES7_BSCAN.bscan_inst/DRCK
  Path Type:              Setup (Max at Slow Process Corner)
  Requirement:            60.000ns  (dbg_hub/inst/N_EXT_BSCAN.bscan_inst/SERIES7_BSCAN.bscan_inst/DRCK rise@60.000ns - dbg_hub/inst/N_EXT_BSCAN.bscan_inst/SERIES7_BSCAN.bscan_inst/UPDATE rise@0.000ns)
  Data Path Delay:        1.908ns  (logic 0.266ns (13.944%)  route 1.642ns (86.056%))
  Logic Levels:           1  (LUT1=1)
  Clock Path Skew:        -0.554ns (DCD - SCD + CPR)
    Destination Clock Delay (DCD):    3.888ns = ( 33.888 - 30.000 ) 
    Source Clock Delay      (SCD):    4.441ns
    Clock Pessimism Removal (CPR):    0.000ns
  Clock Uncertainty:      0.035ns  ((TSJ^2 + TIJ^2)^1/2 + DJ) / 2 + PE
    Total System Jitter     (TSJ):    0.071ns
    Total Input Jitter      (TIJ):    0.000ns
    Discrete Jitter          (DJ):    0.000ns
    Phase Error              (PE):    0.000ns
  Timing Exception:       MultiCycle Path   Setup -end   2    

    Location             Delay type                Incr(ns)  Path(ns)    Netlist Resource(s)
  -------------------------------------------------------------------    -------------------
                         (clock dbg_hub/inst/N_EXT_BSCAN.bscan_inst/SERIES7_BSCAN.bscan_inst/UPDATE rise edge)
                                                      0.000     0.000 r  
    BSCAN_X0Y0           BSCANE2                      0.000     0.000 r  dbg_hub/inst/N_EXT_BSCAN.bscan_inst/SERIES7_BSCAN.bscan_inst/UPDATE
                         net (fo=1, routed)           2.957     2.957    dbg_hub/inst/UPDATE
    BUFGCTRL_X0Y13       BUFG (Prop_bufg_I_O)         0.093     3.050 r  dbg_hub/inst/N_EXT_BSCAN.u_bufg_icon_update/O
                         net (fo=1, routed)           1.391     4.441    dbg_hub/inst/CORE_XSDB.U_ICON/UPDATE_temp
    SLICE_X63Y141        FDCE                                         r  dbg_hub/inst/CORE_XSDB.U_ICON/iDATA_CMD_reg/C
  -------------------------------------------------------------------    -------------------
    SLICE_X63Y141        FDCE (Prop_fdce_C_Q)         0.223     4.664 f  dbg_hub/inst/CORE_XSDB.U_ICON/iDATA_CMD_reg/Q
                         net (fo=2, routed)           0.777     5.441    dbg_hub/inst/CORE_XSDB.U_ICON/U_SYNC/iDATA_CMD
    SLICE_X63Y141        LUT1 (Prop_lut1_I0_O)        0.043     5.484 r  dbg_hub/inst/CORE_XSDB.U_ICON/U_SYNC/iDATA_CMD_i_1/O
                         net (fo=9, routed)           0.864     6.349    dbg_hub/inst/CORE_XSDB.U_ICON/U_SYNC/SR[0]
    SLICE_X67Y140        FDRE                                         r  dbg_hub/inst/CORE_XSDB.U_ICON/U_SYNC/iSYNC_WORD_reg[0]/R
  -------------------------------------------------------------------    -------------------

                         (clock dbg_hub/inst/N_EXT_BSCAN.bscan_inst/SERIES7_BSCAN.bscan_inst/DRCK rise edge)
                                                     60.000    60.000 r  
    BSCAN_X0Y0           BSCANE2                      0.000    60.000 r  dbg_hub/inst/N_EXT_BSCAN.bscan_inst/SERIES7_BSCAN.bscan_inst/DRCK
                         net (fo=1, routed)           2.548    62.548    dbg_hub/inst/DRCK
    BUFGCTRL_X0Y4        BUFG (Prop_bufg_I_O)         0.083    62.631 r  dbg_hub/inst/N_EXT_BSCAN.u_bufg_icon/O
                         net (fo=269, routed)         1.257    63.888    dbg_hub/inst/CORE_XSDB.U_ICON/U_SYNC/CLK
    SLICE_X67Y140        FDRE                                         r  dbg_hub/inst/CORE_XSDB.U_ICON/U_SYNC/iSYNC_WORD_reg[0]/C
                         clock pessimism              0.000    63.888    
                         clock uncertainty           -0.035    63.852    
    SLICE_X67Y140        FDRE (Setup_fdre_C_R)       -0.304    63.548    dbg_hub/inst/CORE_XSDB.U_ICON/U_SYNC/iSYNC_WORD_reg[0]
  -------------------------------------------------------------------
                         required time                         63.548    
                         arrival time                          -6.349    
  -------------------------------------------------------------------
                         slack                                 57.199    

Slack (MET) :             57.199ns  (required time - arrival time)
  Source:                 dbg_hub/inst/CORE_XSDB.U_ICON/iDATA_CMD_reg/C
                            (rising edge-triggered cell FDCE clocked by dbg_hub/inst/N_EXT_BSCAN.bscan_inst/SERIES7_BSCAN.bscan_inst/UPDATE  {rise@0.000ns fall@30.000ns period=60.000ns})
  Destination:            dbg_hub/inst/CORE_XSDB.U_ICON/U_SYNC/iSYNC_WORD_reg[1]/R
                            (rising edge-triggered cell FDRE clocked by dbg_hub/inst/N_EXT_BSCAN.bscan_inst/SERIES7_BSCAN.bscan_inst/DRCK  {rise@0.000ns fall@15.000ns period=30.000ns})
  Path Group:             dbg_hub/inst/N_EXT_BSCAN.bscan_inst/SERIES7_BSCAN.bscan_inst/DRCK
  Path Type:              Setup (Max at Slow Process Corner)
  Requirement:            60.000ns  (dbg_hub/inst/N_EXT_BSCAN.bscan_inst/SERIES7_BSCAN.bscan_inst/DRCK rise@60.000ns - dbg_hub/inst/N_EXT_BSCAN.bscan_inst/SERIES7_BSCAN.bscan_inst/UPDATE rise@0.000ns)
  Data Path Delay:        1.908ns  (logic 0.266ns (13.944%)  route 1.642ns (86.056%))
  Logic Levels:           1  (LUT1=1)
  Clock Path Skew:        -0.554ns (DCD - SCD + CPR)
    Destination Clock Delay (DCD):    3.888ns = ( 33.888 - 30.000 ) 
    Source Clock Delay      (SCD):    4.441ns
    Clock Pessimism Removal (CPR):    0.000ns
  Clock Uncertainty:      0.035ns  ((TSJ^2 + TIJ^2)^1/2 + DJ) / 2 + PE
    Total System Jitter     (TSJ):    0.071ns
    Total Input Jitter      (TIJ):    0.000ns
    Discrete Jitter          (DJ):    0.000ns
    Phase Error              (PE):    0.000ns
  Timing Exception:       MultiCycle Path   Setup -end   2    

    Location             Delay type                Incr(ns)  Path(ns)    Netlist Resource(s)
  -------------------------------------------------------------------    -------------------
                         (clock dbg_hub/inst/N_EXT_BSCAN.bscan_inst/SERIES7_BSCAN.bscan_inst/UPDATE rise edge)
                                                      0.000     0.000 r  
    BSCAN_X0Y0           BSCANE2                      0.000     0.000 r  dbg_hub/inst/N_EXT_BSCAN.bscan_inst/SERIES7_BSCAN.bscan_inst/UPDATE
                         net (fo=1, routed)           2.957     2.957    dbg_hub/inst/UPDATE
    BUFGCTRL_X0Y13       BUFG (Prop_bufg_I_O)         0.093     3.050 r  dbg_hub/inst/N_EXT_BSCAN.u_bufg_icon_update/O
                         net (fo=1, routed)           1.391     4.441    dbg_hub/inst/CORE_XSDB.U_ICON/UPDATE_temp
    SLICE_X63Y141        FDCE                                         r  dbg_hub/inst/CORE_XSDB.U_ICON/iDATA_CMD_reg/C
  -------------------------------------------------------------------    -------------------
    SLICE_X63Y141        FDCE (Prop_fdce_C_Q)         0.223     4.664 f  dbg_hub/inst/CORE_XSDB.U_ICON/iDATA_CMD_reg/Q
                         net (fo=2, routed)           0.777     5.441    dbg_hub/inst/CORE_XSDB.U_ICON/U_SYNC/iDATA_CMD
    SLICE_X63Y141        LUT1 (Prop_lut1_I0_O)        0.043     5.484 r  dbg_hub/inst/CORE_XSDB.U_ICON/U_SYNC/iDATA_CMD_i_1/O
                         net (fo=9, routed)           0.864     6.349    dbg_hub/inst/CORE_XSDB.U_ICON/U_SYNC/SR[0]
    SLICE_X67Y140        FDRE                                         r  dbg_hub/inst/CORE_XSDB.U_ICON/U_SYNC/iSYNC_WORD_reg[1]/R
  -------------------------------------------------------------------    -------------------

                         (clock dbg_hub/inst/N_EXT_BSCAN.bscan_inst/SERIES7_BSCAN.bscan_inst/DRCK rise edge)
                                                     60.000    60.000 r  
    BSCAN_X0Y0           BSCANE2                      0.000    60.000 r  dbg_hub/inst/N_EXT_BSCAN.bscan_inst/SERIES7_BSCAN.bscan_inst/DRCK
                         net (fo=1, routed)           2.548    62.548    dbg_hub/inst/DRCK
    BUFGCTRL_X0Y4        BUFG (Prop_bufg_I_O)         0.083    62.631 r  dbg_hub/inst/N_EXT_BSCAN.u_bufg_icon/O
                         net (fo=269, routed)         1.257    63.888    dbg_hub/inst/CORE_XSDB.U_ICON/U_SYNC/CLK
    SLICE_X67Y140        FDRE                                         r  dbg_hub/inst/CORE_XSDB.U_ICON/U_SYNC/iSYNC_WORD_reg[1]/C
                         clock pessimism              0.000    63.888    
                         clock uncertainty           -0.035    63.852    
    SLICE_X67Y140        FDRE (Setup_fdre_C_R)       -0.304    63.548    dbg_hub/inst/CORE_XSDB.U_ICON/U_SYNC/iSYNC_WORD_reg[1]
  -------------------------------------------------------------------
                         required time                         63.548    
                         arrival time                          -6.349    
  -------------------------------------------------------------------
                         slack                                 57.199    

Slack (MET) :             57.199ns  (required time - arrival time)
  Source:                 dbg_hub/inst/CORE_XSDB.U_ICON/iDATA_CMD_reg/C
                            (rising edge-triggered cell FDCE clocked by dbg_hub/inst/N_EXT_BSCAN.bscan_inst/SERIES7_BSCAN.bscan_inst/UPDATE  {rise@0.000ns fall@30.000ns period=60.000ns})
  Destination:            dbg_hub/inst/CORE_XSDB.U_ICON/U_SYNC/iSYNC_WORD_reg[2]/R
                            (rising edge-triggered cell FDRE clocked by dbg_hub/inst/N_EXT_BSCAN.bscan_inst/SERIES7_BSCAN.bscan_inst/DRCK  {rise@0.000ns fall@15.000ns period=30.000ns})
  Path Group:             dbg_hub/inst/N_EXT_BSCAN.bscan_inst/SERIES7_BSCAN.bscan_inst/DRCK
  Path Type:              Setup (Max at Slow Process Corner)
  Requirement:            60.000ns  (dbg_hub/inst/N_EXT_BSCAN.bscan_inst/SERIES7_BSCAN.bscan_inst/DRCK rise@60.000ns - dbg_hub/inst/N_EXT_BSCAN.bscan_inst/SERIES7_BSCAN.bscan_inst/UPDATE rise@0.000ns)
  Data Path Delay:        1.908ns  (logic 0.266ns (13.944%)  route 1.642ns (86.056%))
  Logic Levels:           1  (LUT1=1)
  Clock Path Skew:        -0.554ns (DCD - SCD + CPR)
    Destination Clock Delay (DCD):    3.888ns = ( 33.888 - 30.000 ) 
    Source Clock Delay      (SCD):    4.441ns
    Clock Pessimism Removal (CPR):    0.000ns
  Clock Uncertainty:      0.035ns  ((TSJ^2 + TIJ^2)^1/2 + DJ) / 2 + PE
    Total System Jitter     (TSJ):    0.071ns
    Total Input Jitter      (TIJ):    0.000ns
    Discrete Jitter          (DJ):    0.000ns
    Phase Error              (PE):    0.000ns
  Timing Exception:       MultiCycle Path   Setup -end   2    

    Location             Delay type                Incr(ns)  Path(ns)    Netlist Resource(s)
  -------------------------------------------------------------------    -------------------
                         (clock dbg_hub/inst/N_EXT_BSCAN.bscan_inst/SERIES7_BSCAN.bscan_inst/UPDATE rise edge)
                                                      0.000     0.000 r  
    BSCAN_X0Y0           BSCANE2                      0.000     0.000 r  dbg_hub/inst/N_EXT_BSCAN.bscan_inst/SERIES7_BSCAN.bscan_inst/UPDATE
                         net (fo=1, routed)           2.957     2.957    dbg_hub/inst/UPDATE
    BUFGCTRL_X0Y13       BUFG (Prop_bufg_I_O)         0.093     3.050 r  dbg_hub/inst/N_EXT_BSCAN.u_bufg_icon_update/O
                         net (fo=1, routed)           1.391     4.441    dbg_hub/inst/CORE_XSDB.U_ICON/UPDATE_temp
    SLICE_X63Y141        FDCE                                         r  dbg_hub/inst/CORE_XSDB.U_ICON/iDATA_CMD_reg/C
  -------------------------------------------------------------------    -------------------
    SLICE_X63Y141        FDCE (Prop_fdce_C_Q)         0.223     4.664 f  dbg_hub/inst/CORE_XSDB.U_ICON/iDATA_CMD_reg/Q
                         net (fo=2, routed)           0.777     5.441    dbg_hub/inst/CORE_XSDB.U_ICON/U_SYNC/iDATA_CMD
    SLICE_X63Y141        LUT1 (Prop_lut1_I0_O)        0.043     5.484 r  dbg_hub/inst/CORE_XSDB.U_ICON/U_SYNC/iDATA_CMD_i_1/O
                         net (fo=9, routed)           0.864     6.349    dbg_hub/inst/CORE_XSDB.U_ICON/U_SYNC/SR[0]
    SLICE_X67Y140        FDRE                                         r  dbg_hub/inst/CORE_XSDB.U_ICON/U_SYNC/iSYNC_WORD_reg[2]/R
  -------------------------------------------------------------------    -------------------

                         (clock dbg_hub/inst/N_EXT_BSCAN.bscan_inst/SERIES7_BSCAN.bscan_inst/DRCK rise edge)
                                                     60.000    60.000 r  
    BSCAN_X0Y0           BSCANE2                      0.000    60.000 r  dbg_hub/inst/N_EXT_BSCAN.bscan_inst/SERIES7_BSCAN.bscan_inst/DRCK
                         net (fo=1, routed)           2.548    62.548    dbg_hub/inst/DRCK
    BUFGCTRL_X0Y4        BUFG (Prop_bufg_I_O)         0.083    62.631 r  dbg_hub/inst/N_EXT_BSCAN.u_bufg_icon/O
                         net (fo=269, routed)         1.257    63.888    dbg_hub/inst/CORE_XSDB.U_ICON/U_SYNC/CLK
    SLICE_X67Y140        FDRE                                         r  dbg_hub/inst/CORE_XSDB.U_ICON/U_SYNC/iSYNC_WORD_reg[2]/C
                         clock pessimism              0.000    63.888    
                         clock uncertainty           -0.035    63.852    
    SLICE_X67Y140        FDRE (Setup_fdre_C_R)       -0.304    63.548    dbg_hub/inst/CORE_XSDB.U_ICON/U_SYNC/iSYNC_WORD_reg[2]
  -------------------------------------------------------------------
                         required time                         63.548    
                         arrival time                          -6.349    
  -------------------------------------------------------------------
                         slack                                 57.199    

Slack (MET) :             57.199ns  (required time - arrival time)
  Source:                 dbg_hub/inst/CORE_XSDB.U_ICON/iDATA_CMD_reg/C
                            (rising edge-triggered cell FDCE clocked by dbg_hub/inst/N_EXT_BSCAN.bscan_inst/SERIES7_BSCAN.bscan_inst/UPDATE  {rise@0.000ns fall@30.000ns period=60.000ns})
  Destination:            dbg_hub/inst/CORE_XSDB.U_ICON/U_SYNC/iSYNC_WORD_reg[3]/R
                            (rising edge-triggered cell FDRE clocked by dbg_hub/inst/N_EXT_BSCAN.bscan_inst/SERIES7_BSCAN.bscan_inst/DRCK  {rise@0.000ns fall@15.000ns period=30.000ns})
  Path Group:             dbg_hub/inst/N_EXT_BSCAN.bscan_inst/SERIES7_BSCAN.bscan_inst/DRCK
  Path Type:              Setup (Max at Slow Process Corner)
  Requirement:            60.000ns  (dbg_hub/inst/N_EXT_BSCAN.bscan_inst/SERIES7_BSCAN.bscan_inst/DRCK rise@60.000ns - dbg_hub/inst/N_EXT_BSCAN.bscan_inst/SERIES7_BSCAN.bscan_inst/UPDATE rise@0.000ns)
  Data Path Delay:        1.908ns  (logic 0.266ns (13.944%)  route 1.642ns (86.056%))
  Logic Levels:           1  (LUT1=1)
  Clock Path Skew:        -0.554ns (DCD - SCD + CPR)
    Destination Clock Delay (DCD):    3.888ns = ( 33.888 - 30.000 ) 
    Source Clock Delay      (SCD):    4.441ns
    Clock Pessimism Removal (CPR):    0.000ns
  Clock Uncertainty:      0.035ns  ((TSJ^2 + TIJ^2)^1/2 + DJ) / 2 + PE
    Total System Jitter     (TSJ):    0.071ns
    Total Input Jitter      (TIJ):    0.000ns
    Discrete Jitter          (DJ):    0.000ns
    Phase Error              (PE):    0.000ns
  Timing Exception:       MultiCycle Path   Setup -end   2    

    Location             Delay type                Incr(ns)  Path(ns)    Netlist Resource(s)
  -------------------------------------------------------------------    -------------------
                         (clock dbg_hub/inst/N_EXT_BSCAN.bscan_inst/SERIES7_BSCAN.bscan_inst/UPDATE rise edge)
                                                      0.000     0.000 r  
    BSCAN_X0Y0           BSCANE2                      0.000     0.000 r  dbg_hub/inst/N_EXT_BSCAN.bscan_inst/SERIES7_BSCAN.bscan_inst/UPDATE
                         net (fo=1, routed)           2.957     2.957    dbg_hub/inst/UPDATE
    BUFGCTRL_X0Y13       BUFG (Prop_bufg_I_O)         0.093     3.050 r  dbg_hub/inst/N_EXT_BSCAN.u_bufg_icon_update/O
                         net (fo=1, routed)           1.391     4.441    dbg_hub/inst/CORE_XSDB.U_ICON/UPDATE_temp
    SLICE_X63Y141        FDCE                                         r  dbg_hub/inst/CORE_XSDB.U_ICON/iDATA_CMD_reg/C
  -------------------------------------------------------------------    -------------------
    SLICE_X63Y141        FDCE (Prop_fdce_C_Q)         0.223     4.664 f  dbg_hub/inst/CORE_XSDB.U_ICON/iDATA_CMD_reg/Q
                         net (fo=2, routed)           0.777     5.441    dbg_hub/inst/CORE_XSDB.U_ICON/U_SYNC/iDATA_CMD
    SLICE_X63Y141        LUT1 (Prop_lut1_I0_O)        0.043     5.484 r  dbg_hub/inst/CORE_XSDB.U_ICON/U_SYNC/iDATA_CMD_i_1/O
                         net (fo=9, routed)           0.864     6.349    dbg_hub/inst/CORE_XSDB.U_ICON/U_SYNC/SR[0]
    SLICE_X67Y140        FDRE                                         r  dbg_hub/inst/CORE_XSDB.U_ICON/U_SYNC/iSYNC_WORD_reg[3]/R
  -------------------------------------------------------------------    -------------------

                         (clock dbg_hub/inst/N_EXT_BSCAN.bscan_inst/SERIES7_BSCAN.bscan_inst/DRCK rise edge)
                                                     60.000    60.000 r  
    BSCAN_X0Y0           BSCANE2                      0.000    60.000 r  dbg_hub/inst/N_EXT_BSCAN.bscan_inst/SERIES7_BSCAN.bscan_inst/DRCK
                         net (fo=1, routed)           2.548    62.548    dbg_hub/inst/DRCK
    BUFGCTRL_X0Y4        BUFG (Prop_bufg_I_O)         0.083    62.631 r  dbg_hub/inst/N_EXT_BSCAN.u_bufg_icon/O
                         net (fo=269, routed)         1.257    63.888    dbg_hub/inst/CORE_XSDB.U_ICON/U_SYNC/CLK
    SLICE_X67Y140        FDRE                                         r  dbg_hub/inst/CORE_XSDB.U_ICON/U_SYNC/iSYNC_WORD_reg[3]/C
                         clock pessimism              0.000    63.888    
                         clock uncertainty           -0.035    63.852    
    SLICE_X67Y140        FDRE (Setup_fdre_C_R)       -0.304    63.548    dbg_hub/inst/CORE_XSDB.U_ICON/U_SYNC/iSYNC_WORD_reg[3]
  -------------------------------------------------------------------
                         required time                         63.548    
                         arrival time                          -6.349    
  -------------------------------------------------------------------
                         slack                                 57.199    

Slack (MET) :             57.222ns  (required time - arrival time)
  Source:                 dbg_hub/inst/CORE_XSDB.U_ICON/iDATA_CMD_reg/C
                            (rising edge-triggered cell FDCE clocked by dbg_hub/inst/N_EXT_BSCAN.bscan_inst/SERIES7_BSCAN.bscan_inst/UPDATE  {rise@0.000ns fall@30.000ns period=60.000ns})
  Destination:            dbg_hub/inst/CORE_XSDB.U_ICON/U_SYNC/SYNC_reg/R
                            (rising edge-triggered cell FDRE clocked by dbg_hub/inst/N_EXT_BSCAN.bscan_inst/SERIES7_BSCAN.bscan_inst/DRCK  {rise@0.000ns fall@15.000ns period=30.000ns})
  Path Group:             dbg_hub/inst/N_EXT_BSCAN.bscan_inst/SERIES7_BSCAN.bscan_inst/DRCK
  Path Type:              Setup (Max at Slow Process Corner)
  Requirement:            60.000ns  (dbg_hub/inst/N_EXT_BSCAN.bscan_inst/SERIES7_BSCAN.bscan_inst/DRCK rise@60.000ns - dbg_hub/inst/N_EXT_BSCAN.bscan_inst/SERIES7_BSCAN.bscan_inst/UPDATE rise@0.000ns)
  Data Path Delay:        1.908ns  (logic 0.266ns (13.944%)  route 1.642ns (86.056%))
  Logic Levels:           1  (LUT1=1)
  Clock Path Skew:        -0.554ns (DCD - SCD + CPR)
    Destination Clock Delay (DCD):    3.888ns = ( 33.888 - 30.000 ) 
    Source Clock Delay      (SCD):    4.441ns
    Clock Pessimism Removal (CPR):    0.000ns
  Clock Uncertainty:      0.035ns  ((TSJ^2 + TIJ^2)^1/2 + DJ) / 2 + PE
    Total System Jitter     (TSJ):    0.071ns
    Total Input Jitter      (TIJ):    0.000ns
    Discrete Jitter          (DJ):    0.000ns
    Phase Error              (PE):    0.000ns
  Timing Exception:       MultiCycle Path   Setup -end   2    

    Location             Delay type                Incr(ns)  Path(ns)    Netlist Resource(s)
  -------------------------------------------------------------------    -------------------
                         (clock dbg_hub/inst/N_EXT_BSCAN.bscan_inst/SERIES7_BSCAN.bscan_inst/UPDATE rise edge)
                                                      0.000     0.000 r  
    BSCAN_X0Y0           BSCANE2                      0.000     0.000 r  dbg_hub/inst/N_EXT_BSCAN.bscan_inst/SERIES7_BSCAN.bscan_inst/UPDATE
                         net (fo=1, routed)           2.957     2.957    dbg_hub/inst/UPDATE
    BUFGCTRL_X0Y13       BUFG (Prop_bufg_I_O)         0.093     3.050 r  dbg_hub/inst/N_EXT_BSCAN.u_bufg_icon_update/O
                         net (fo=1, routed)           1.391     4.441    dbg_hub/inst/CORE_XSDB.U_ICON/UPDATE_temp
    SLICE_X63Y141        FDCE                                         r  dbg_hub/inst/CORE_XSDB.U_ICON/iDATA_CMD_reg/C
  -------------------------------------------------------------------    -------------------
    SLICE_X63Y141        FDCE (Prop_fdce_C_Q)         0.223     4.664 f  dbg_hub/inst/CORE_XSDB.U_ICON/iDATA_CMD_reg/Q
                         net (fo=2, routed)           0.777     5.441    dbg_hub/inst/CORE_XSDB.U_ICON/U_SYNC/iDATA_CMD
    SLICE_X63Y141        LUT1 (Prop_lut1_I0_O)        0.043     5.484 r  dbg_hub/inst/CORE_XSDB.U_ICON/U_SYNC/iDATA_CMD_i_1/O
                         net (fo=9, routed)           0.864     6.349    dbg_hub/inst/CORE_XSDB.U_ICON/U_SYNC/SR[0]
    SLICE_X66Y140        FDRE                                         r  dbg_hub/inst/CORE_XSDB.U_ICON/U_SYNC/SYNC_reg/R
  -------------------------------------------------------------------    -------------------

                         (clock dbg_hub/inst/N_EXT_BSCAN.bscan_inst/SERIES7_BSCAN.bscan_inst/DRCK rise edge)
                                                     60.000    60.000 r  
    BSCAN_X0Y0           BSCANE2                      0.000    60.000 r  dbg_hub/inst/N_EXT_BSCAN.bscan_inst/SERIES7_BSCAN.bscan_inst/DRCK
                         net (fo=1, routed)           2.548    62.548    dbg_hub/inst/DRCK
    BUFGCTRL_X0Y4        BUFG (Prop_bufg_I_O)         0.083    62.631 r  dbg_hub/inst/N_EXT_BSCAN.u_bufg_icon/O
                         net (fo=269, routed)         1.257    63.888    dbg_hub/inst/CORE_XSDB.U_ICON/U_SYNC/CLK
    SLICE_X66Y140        FDRE                                         r  dbg_hub/inst/CORE_XSDB.U_ICON/U_SYNC/SYNC_reg/C
                         clock pessimism              0.000    63.888    
                         clock uncertainty           -0.035    63.852    
    SLICE_X66Y140        FDRE (Setup_fdre_C_R)       -0.281    63.571    dbg_hub/inst/CORE_XSDB.U_ICON/U_SYNC/SYNC_reg
  -------------------------------------------------------------------
                         required time                         63.571    
                         arrival time                          -6.349    
  -------------------------------------------------------------------
                         slack                                 57.222    

Slack (MET) :             57.222ns  (required time - arrival time)
  Source:                 dbg_hub/inst/CORE_XSDB.U_ICON/iDATA_CMD_reg/C
                            (rising edge-triggered cell FDCE clocked by dbg_hub/inst/N_EXT_BSCAN.bscan_inst/SERIES7_BSCAN.bscan_inst/UPDATE  {rise@0.000ns fall@30.000ns period=60.000ns})
  Destination:            dbg_hub/inst/CORE_XSDB.U_ICON/U_SYNC/iSYNC_WORD_reg[4]/R
                            (rising edge-triggered cell FDRE clocked by dbg_hub/inst/N_EXT_BSCAN.bscan_inst/SERIES7_BSCAN.bscan_inst/DRCK  {rise@0.000ns fall@15.000ns period=30.000ns})
  Path Group:             dbg_hub/inst/N_EXT_BSCAN.bscan_inst/SERIES7_BSCAN.bscan_inst/DRCK
  Path Type:              Setup (Max at Slow Process Corner)
  Requirement:            60.000ns  (dbg_hub/inst/N_EXT_BSCAN.bscan_inst/SERIES7_BSCAN.bscan_inst/DRCK rise@60.000ns - dbg_hub/inst/N_EXT_BSCAN.bscan_inst/SERIES7_BSCAN.bscan_inst/UPDATE rise@0.000ns)
  Data Path Delay:        1.908ns  (logic 0.266ns (13.944%)  route 1.642ns (86.056%))
  Logic Levels:           1  (LUT1=1)
  Clock Path Skew:        -0.554ns (DCD - SCD + CPR)
    Destination Clock Delay (DCD):    3.888ns = ( 33.888 - 30.000 ) 
    Source Clock Delay      (SCD):    4.441ns
    Clock Pessimism Removal (CPR):    0.000ns
  Clock Uncertainty:      0.035ns  ((TSJ^2 + TIJ^2)^1/2 + DJ) / 2 + PE
    Total System Jitter     (TSJ):    0.071ns
    Total Input Jitter      (TIJ):    0.000ns
    Discrete Jitter          (DJ):    0.000ns
    Phase Error              (PE):    0.000ns
  Timing Exception:       MultiCycle Path   Setup -end   2    

    Location             Delay type                Incr(ns)  Path(ns)    Netlist Resource(s)
  -------------------------------------------------------------------    -------------------
                         (clock dbg_hub/inst/N_EXT_BSCAN.bscan_inst/SERIES7_BSCAN.bscan_inst/UPDATE rise edge)
                                                      0.000     0.000 r  
    BSCAN_X0Y0           BSCANE2                      0.000     0.000 r  dbg_hub/inst/N_EXT_BSCAN.bscan_inst/SERIES7_BSCAN.bscan_inst/UPDATE
                         net (fo=1, routed)           2.957     2.957    dbg_hub/inst/UPDATE
    BUFGCTRL_X0Y13       BUFG (Prop_bufg_I_O)         0.093     3.050 r  dbg_hub/inst/N_EXT_BSCAN.u_bufg_icon_update/O
                         net (fo=1, routed)           1.391     4.441    dbg_hub/inst/CORE_XSDB.U_ICON/UPDATE_temp
    SLICE_X63Y141        FDCE                                         r  dbg_hub/inst/CORE_XSDB.U_ICON/iDATA_CMD_reg/C
  -------------------------------------------------------------------    -------------------
    SLICE_X63Y141        FDCE (Prop_fdce_C_Q)         0.223     4.664 f  dbg_hub/inst/CORE_XSDB.U_ICON/iDATA_CMD_reg/Q
                         net (fo=2, routed)           0.777     5.441    dbg_hub/inst/CORE_XSDB.U_ICON/U_SYNC/iDATA_CMD
    SLICE_X63Y141        LUT1 (Prop_lut1_I0_O)        0.043     5.484 r  dbg_hub/inst/CORE_XSDB.U_ICON/U_SYNC/iDATA_CMD_i_1/O
                         net (fo=9, routed)           0.864     6.349    dbg_hub/inst/CORE_XSDB.U_ICON/U_SYNC/SR[0]
    SLICE_X66Y140        FDRE                                         r  dbg_hub/inst/CORE_XSDB.U_ICON/U_SYNC/iSYNC_WORD_reg[4]/R
  -------------------------------------------------------------------    -------------------

                         (clock dbg_hub/inst/N_EXT_BSCAN.bscan_inst/SERIES7_BSCAN.bscan_inst/DRCK rise edge)
                                                     60.000    60.000 r  
    BSCAN_X0Y0           BSCANE2                      0.000    60.000 r  dbg_hub/inst/N_EXT_BSCAN.bscan_inst/SERIES7_BSCAN.bscan_inst/DRCK
                         net (fo=1, routed)           2.548    62.548    dbg_hub/inst/DRCK
    BUFGCTRL_X0Y4        BUFG (Prop_bufg_I_O)         0.083    62.631 r  dbg_hub/inst/N_EXT_BSCAN.u_bufg_icon/O
                         net (fo=269, routed)         1.257    63.888    dbg_hub/inst/CORE_XSDB.U_ICON/U_SYNC/CLK
    SLICE_X66Y140        FDRE                                         r  dbg_hub/inst/CORE_XSDB.U_ICON/U_SYNC/iSYNC_WORD_reg[4]/C
                         clock pessimism              0.000    63.888    
                         clock uncertainty           -0.035    63.852    
    SLICE_X66Y140        FDRE (Setup_fdre_C_R)       -0.281    63.571    dbg_hub/inst/CORE_XSDB.U_ICON/U_SYNC/iSYNC_WORD_reg[4]
  -------------------------------------------------------------------
                         required time                         63.571    
                         arrival time                          -6.349    
  -------------------------------------------------------------------
                         slack                                 57.222    

Slack (MET) :             57.222ns  (required time - arrival time)
  Source:                 dbg_hub/inst/CORE_XSDB.U_ICON/iDATA_CMD_reg/C
                            (rising edge-triggered cell FDCE clocked by dbg_hub/inst/N_EXT_BSCAN.bscan_inst/SERIES7_BSCAN.bscan_inst/UPDATE  {rise@0.000ns fall@30.000ns period=60.000ns})
  Destination:            dbg_hub/inst/CORE_XSDB.U_ICON/U_SYNC/iSYNC_WORD_reg[5]/R
                            (rising edge-triggered cell FDRE clocked by dbg_hub/inst/N_EXT_BSCAN.bscan_inst/SERIES7_BSCAN.bscan_inst/DRCK  {rise@0.000ns fall@15.000ns period=30.000ns})
  Path Group:             dbg_hub/inst/N_EXT_BSCAN.bscan_inst/SERIES7_BSCAN.bscan_inst/DRCK
  Path Type:              Setup (Max at Slow Process Corner)
  Requirement:            60.000ns  (dbg_hub/inst/N_EXT_BSCAN.bscan_inst/SERIES7_BSCAN.bscan_inst/DRCK rise@60.000ns - dbg_hub/inst/N_EXT_BSCAN.bscan_inst/SERIES7_BSCAN.bscan_inst/UPDATE rise@0.000ns)
  Data Path Delay:        1.908ns  (logic 0.266ns (13.944%)  route 1.642ns (86.056%))
  Logic Levels:           1  (LUT1=1)
  Clock Path Skew:        -0.554ns (DCD - SCD + CPR)
    Destination Clock Delay (DCD):    3.888ns = ( 33.888 - 30.000 ) 
    Source Clock Delay      (SCD):    4.441ns
    Clock Pessimism Removal (CPR):    0.000ns
  Clock Uncertainty:      0.035ns  ((TSJ^2 + TIJ^2)^1/2 + DJ) / 2 + PE
    Total System Jitter     (TSJ):    0.071ns
    Total Input Jitter      (TIJ):    0.000ns
    Discrete Jitter          (DJ):    0.000ns
    Phase Error              (PE):    0.000ns
  Timing Exception:       MultiCycle Path   Setup -end   2    

    Location             Delay type                Incr(ns)  Path(ns)    Netlist Resource(s)
  -------------------------------------------------------------------    -------------------
                         (clock dbg_hub/inst/N_EXT_BSCAN.bscan_inst/SERIES7_BSCAN.bscan_inst/UPDATE rise edge)
                                                      0.000     0.000 r  
    BSCAN_X0Y0           BSCANE2                      0.000     0.000 r  dbg_hub/inst/N_EXT_BSCAN.bscan_inst/SERIES7_BSCAN.bscan_inst/UPDATE
                         net (fo=1, routed)           2.957     2.957    dbg_hub/inst/UPDATE
    BUFGCTRL_X0Y13       BUFG (Prop_bufg_I_O)         0.093     3.050 r  dbg_hub/inst/N_EXT_BSCAN.u_bufg_icon_update/O
                         net (fo=1, routed)           1.391     4.441    dbg_hub/inst/CORE_XSDB.U_ICON/UPDATE_temp
    SLICE_X63Y141        FDCE                                         r  dbg_hub/inst/CORE_XSDB.U_ICON/iDATA_CMD_reg/C
  -------------------------------------------------------------------    -------------------
    SLICE_X63Y141        FDCE (Prop_fdce_C_Q)         0.223     4.664 f  dbg_hub/inst/CORE_XSDB.U_ICON/iDATA_CMD_reg/Q
                         net (fo=2, routed)           0.777     5.441    dbg_hub/inst/CORE_XSDB.U_ICON/U_SYNC/iDATA_CMD
    SLICE_X63Y141        LUT1 (Prop_lut1_I0_O)        0.043     5.484 r  dbg_hub/inst/CORE_XSDB.U_ICON/U_SYNC/iDATA_CMD_i_1/O
                         net (fo=9, routed)           0.864     6.349    dbg_hub/inst/CORE_XSDB.U_ICON/U_SYNC/SR[0]
    SLICE_X66Y140        FDRE                                         r  dbg_hub/inst/CORE_XSDB.U_ICON/U_SYNC/iSYNC_WORD_reg[5]/R
  -------------------------------------------------------------------    -------------------

                         (clock dbg_hub/inst/N_EXT_BSCAN.bscan_inst/SERIES7_BSCAN.bscan_inst/DRCK rise edge)
                                                     60.000    60.000 r  
    BSCAN_X0Y0           BSCANE2                      0.000    60.000 r  dbg_hub/inst/N_EXT_BSCAN.bscan_inst/SERIES7_BSCAN.bscan_inst/DRCK
                         net (fo=1, routed)           2.548    62.548    dbg_hub/inst/DRCK
    BUFGCTRL_X0Y4        BUFG (Prop_bufg_I_O)         0.083    62.631 r  dbg_hub/inst/N_EXT_BSCAN.u_bufg_icon/O
                         net (fo=269, routed)         1.257    63.888    dbg_hub/inst/CORE_XSDB.U_ICON/U_SYNC/CLK
    SLICE_X66Y140        FDRE                                         r  dbg_hub/inst/CORE_XSDB.U_ICON/U_SYNC/iSYNC_WORD_reg[5]/C
                         clock pessimism              0.000    63.888    
                         clock uncertainty           -0.035    63.852    
    SLICE_X66Y140        FDRE (Setup_fdre_C_R)       -0.281    63.571    dbg_hub/inst/CORE_XSDB.U_ICON/U_SYNC/iSYNC_WORD_reg[5]
  -------------------------------------------------------------------
                         required time                         63.571    
                         arrival time                          -6.349    
  -------------------------------------------------------------------
                         slack                                 57.222    

Slack (MET) :             57.222ns  (required time - arrival time)
  Source:                 dbg_hub/inst/CORE_XSDB.U_ICON/iDATA_CMD_reg/C
                            (rising edge-triggered cell FDCE clocked by dbg_hub/inst/N_EXT_BSCAN.bscan_inst/SERIES7_BSCAN.bscan_inst/UPDATE  {rise@0.000ns fall@30.000ns period=60.000ns})
  Destination:            dbg_hub/inst/CORE_XSDB.U_ICON/U_SYNC/iSYNC_WORD_reg[6]/R
                            (rising edge-triggered cell FDRE clocked by dbg_hub/inst/N_EXT_BSCAN.bscan_inst/SERIES7_BSCAN.bscan_inst/DRCK  {rise@0.000ns fall@15.000ns period=30.000ns})
  Path Group:             dbg_hub/inst/N_EXT_BSCAN.bscan_inst/SERIES7_BSCAN.bscan_inst/DRCK
  Path Type:              Setup (Max at Slow Process Corner)
  Requirement:            60.000ns  (dbg_hub/inst/N_EXT_BSCAN.bscan_inst/SERIES7_BSCAN.bscan_inst/DRCK rise@60.000ns - dbg_hub/inst/N_EXT_BSCAN.bscan_inst/SERIES7_BSCAN.bscan_inst/UPDATE rise@0.000ns)
  Data Path Delay:        1.908ns  (logic 0.266ns (13.944%)  route 1.642ns (86.056%))
  Logic Levels:           1  (LUT1=1)
  Clock Path Skew:        -0.554ns (DCD - SCD + CPR)
    Destination Clock Delay (DCD):    3.888ns = ( 33.888 - 30.000 ) 
    Source Clock Delay      (SCD):    4.441ns
    Clock Pessimism Removal (CPR):    0.000ns
  Clock Uncertainty:      0.035ns  ((TSJ^2 + TIJ^2)^1/2 + DJ) / 2 + PE
    Total System Jitter     (TSJ):    0.071ns
    Total Input Jitter      (TIJ):    0.000ns
    Discrete Jitter          (DJ):    0.000ns
    Phase Error              (PE):    0.000ns
  Timing Exception:       MultiCycle Path   Setup -end   2    

    Location             Delay type                Incr(ns)  Path(ns)    Netlist Resource(s)
  -------------------------------------------------------------------    -------------------
                         (clock dbg_hub/inst/N_EXT_BSCAN.bscan_inst/SERIES7_BSCAN.bscan_inst/UPDATE rise edge)
                                                      0.000     0.000 r  
    BSCAN_X0Y0           BSCANE2                      0.000     0.000 r  dbg_hub/inst/N_EXT_BSCAN.bscan_inst/SERIES7_BSCAN.bscan_inst/UPDATE
                         net (fo=1, routed)           2.957     2.957    dbg_hub/inst/UPDATE
    BUFGCTRL_X0Y13       BUFG (Prop_bufg_I_O)         0.093     3.050 r  dbg_hub/inst/N_EXT_BSCAN.u_bufg_icon_update/O
                         net (fo=1, routed)           1.391     4.441    dbg_hub/inst/CORE_XSDB.U_ICON/UPDATE_temp
    SLICE_X63Y141        FDCE                                         r  dbg_hub/inst/CORE_XSDB.U_ICON/iDATA_CMD_reg/C
  -------------------------------------------------------------------    -------------------
    SLICE_X63Y141        FDCE (Prop_fdce_C_Q)         0.223     4.664 f  dbg_hub/inst/CORE_XSDB.U_ICON/iDATA_CMD_reg/Q
                         net (fo=2, routed)           0.777     5.441    dbg_hub/inst/CORE_XSDB.U_ICON/U_SYNC/iDATA_CMD
    SLICE_X63Y141        LUT1 (Prop_lut1_I0_O)        0.043     5.484 r  dbg_hub/inst/CORE_XSDB.U_ICON/U_SYNC/iDATA_CMD_i_1/O
                         net (fo=9, routed)           0.864     6.349    dbg_hub/inst/CORE_XSDB.U_ICON/U_SYNC/SR[0]
    SLICE_X66Y140        FDRE                                         r  dbg_hub/inst/CORE_XSDB.U_ICON/U_SYNC/iSYNC_WORD_reg[6]/R
  -------------------------------------------------------------------    -------------------

                         (clock dbg_hub/inst/N_EXT_BSCAN.bscan_inst/SERIES7_BSCAN.bscan_inst/DRCK rise edge)
                                                     60.000    60.000 r  
    BSCAN_X0Y0           BSCANE2                      0.000    60.000 r  dbg_hub/inst/N_EXT_BSCAN.bscan_inst/SERIES7_BSCAN.bscan_inst/DRCK
                         net (fo=1, routed)           2.548    62.548    dbg_hub/inst/DRCK
    BUFGCTRL_X0Y4        BUFG (Prop_bufg_I_O)         0.083    62.631 r  dbg_hub/inst/N_EXT_BSCAN.u_bufg_icon/O
                         net (fo=269, routed)         1.257    63.888    dbg_hub/inst/CORE_XSDB.U_ICON/U_SYNC/CLK
    SLICE_X66Y140        FDRE                                         r  dbg_hub/inst/CORE_XSDB.U_ICON/U_SYNC/iSYNC_WORD_reg[6]/C
                         clock pessimism              0.000    63.888    
                         clock uncertainty           -0.035    63.852    
    SLICE_X66Y140        FDRE (Setup_fdre_C_R)       -0.281    63.571    dbg_hub/inst/CORE_XSDB.U_ICON/U_SYNC/iSYNC_WORD_reg[6]
  -------------------------------------------------------------------
                         required time                         63.571    
                         arrival time                          -6.349    
  -------------------------------------------------------------------
                         slack                                 57.222    

Slack (MET) :             57.306ns  (required time - arrival time)
  Source:                 dbg_hub/inst/CORE_XSDB.U_ICON/iDATA_CMD_reg/C
                            (rising edge-triggered cell FDCE clocked by dbg_hub/inst/N_EXT_BSCAN.bscan_inst/SERIES7_BSCAN.bscan_inst/UPDATE  {rise@0.000ns fall@30.000ns period=60.000ns})
  Destination:            dbg_hub/inst/CORE_XSDB.U_ICON/U_CMD/iTARGET_reg[10]/CE
                            (rising edge-triggered cell FDCE clocked by dbg_hub/inst/N_EXT_BSCAN.bscan_inst/SERIES7_BSCAN.bscan_inst/DRCK  {rise@0.000ns fall@15.000ns period=30.000ns})
  Path Group:             dbg_hub/inst/N_EXT_BSCAN.bscan_inst/SERIES7_BSCAN.bscan_inst/DRCK
  Path Type:              Setup (Max at Slow Process Corner)
  Requirement:            60.000ns  (dbg_hub/inst/N_EXT_BSCAN.bscan_inst/SERIES7_BSCAN.bscan_inst/DRCK rise@60.000ns - dbg_hub/inst/N_EXT_BSCAN.bscan_inst/SERIES7_BSCAN.bscan_inst/UPDATE rise@0.000ns)
  Data Path Delay:        1.927ns  (logic 0.266ns (13.801%)  route 1.661ns (86.199%))
  Logic Levels:           1  (LUT2=1)
  Clock Path Skew:        -0.554ns (DCD - SCD + CPR)
    Destination Clock Delay (DCD):    3.888ns = ( 33.888 - 30.000 ) 
    Source Clock Delay      (SCD):    4.441ns
    Clock Pessimism Removal (CPR):    0.000ns
  Clock Uncertainty:      0.035ns  ((TSJ^2 + TIJ^2)^1/2 + DJ) / 2 + PE
    Total System Jitter     (TSJ):    0.071ns
    Total Input Jitter      (TIJ):    0.000ns
    Discrete Jitter          (DJ):    0.000ns
    Phase Error              (PE):    0.000ns
  Timing Exception:       MultiCycle Path   Setup -end   2    

    Location             Delay type                Incr(ns)  Path(ns)    Netlist Resource(s)
  -------------------------------------------------------------------    -------------------
                         (clock dbg_hub/inst/N_EXT_BSCAN.bscan_inst/SERIES7_BSCAN.bscan_inst/UPDATE rise edge)
                                                      0.000     0.000 r  
    BSCAN_X0Y0           BSCANE2                      0.000     0.000 r  dbg_hub/inst/N_EXT_BSCAN.bscan_inst/SERIES7_BSCAN.bscan_inst/UPDATE
                         net (fo=1, routed)           2.957     2.957    dbg_hub/inst/UPDATE
    BUFGCTRL_X0Y13       BUFG (Prop_bufg_I_O)         0.093     3.050 r  dbg_hub/inst/N_EXT_BSCAN.u_bufg_icon_update/O
                         net (fo=1, routed)           1.391     4.441    dbg_hub/inst/CORE_XSDB.U_ICON/UPDATE_temp
    SLICE_X63Y141        FDCE                                         r  dbg_hub/inst/CORE_XSDB.U_ICON/iDATA_CMD_reg/C
  -------------------------------------------------------------------    -------------------
    SLICE_X63Y141        FDCE (Prop_fdce_C_Q)         0.223     4.664 f  dbg_hub/inst/CORE_XSDB.U_ICON/iDATA_CMD_reg/Q
                         net (fo=2, routed)           0.807     5.471    dbg_hub/inst/N_EXT_BSCAN.bscan_inst/iDATA_CMD
    SLICE_X63Y141        LUT2 (Prop_lut2_I1_O)        0.043     5.514 r  dbg_hub/inst/N_EXT_BSCAN.bscan_inst/iTARGET[15]_i_1/O
                         net (fo=10, routed)          0.854     6.369    dbg_hub/inst/CORE_XSDB.U_ICON/U_CMD/iDATA_CMD_reg[0]
    SLICE_X66Y141        FDCE                                         r  dbg_hub/inst/CORE_XSDB.U_ICON/U_CMD/iTARGET_reg[10]/CE
  -------------------------------------------------------------------    -------------------

                         (clock dbg_hub/inst/N_EXT_BSCAN.bscan_inst/SERIES7_BSCAN.bscan_inst/DRCK rise edge)
                                                     60.000    60.000 r  
    BSCAN_X0Y0           BSCANE2                      0.000    60.000 r  dbg_hub/inst/N_EXT_BSCAN.bscan_inst/SERIES7_BSCAN.bscan_inst/DRCK
                         net (fo=1, routed)           2.548    62.548    dbg_hub/inst/DRCK
    BUFGCTRL_X0Y4        BUFG (Prop_bufg_I_O)         0.083    62.631 r  dbg_hub/inst/N_EXT_BSCAN.u_bufg_icon/O
                         net (fo=269, routed)         1.257    63.888    dbg_hub/inst/CORE_XSDB.U_ICON/U_CMD/CLK
    SLICE_X66Y141        FDCE                                         r  dbg_hub/inst/CORE_XSDB.U_ICON/U_CMD/iTARGET_reg[10]/C
                         clock pessimism              0.000    63.888    
                         clock uncertainty           -0.035    63.852    
    SLICE_X66Y141        FDCE (Setup_fdce_C_CE)      -0.178    63.674    dbg_hub/inst/CORE_XSDB.U_ICON/U_CMD/iTARGET_reg[10]
  -------------------------------------------------------------------
                         required time                         63.674    
                         arrival time                          -6.369    
  -------------------------------------------------------------------
                         slack                                 57.306    

Slack (MET) :             57.306ns  (required time - arrival time)
  Source:                 dbg_hub/inst/CORE_XSDB.U_ICON/iDATA_CMD_reg/C
                            (rising edge-triggered cell FDCE clocked by dbg_hub/inst/N_EXT_BSCAN.bscan_inst/SERIES7_BSCAN.bscan_inst/UPDATE  {rise@0.000ns fall@30.000ns period=60.000ns})
  Destination:            dbg_hub/inst/CORE_XSDB.U_ICON/U_CMD/iTARGET_reg[9]/CE
                            (rising edge-triggered cell FDCE clocked by dbg_hub/inst/N_EXT_BSCAN.bscan_inst/SERIES7_BSCAN.bscan_inst/DRCK  {rise@0.000ns fall@15.000ns period=30.000ns})
  Path Group:             dbg_hub/inst/N_EXT_BSCAN.bscan_inst/SERIES7_BSCAN.bscan_inst/DRCK
  Path Type:              Setup (Max at Slow Process Corner)
  Requirement:            60.000ns  (dbg_hub/inst/N_EXT_BSCAN.bscan_inst/SERIES7_BSCAN.bscan_inst/DRCK rise@60.000ns - dbg_hub/inst/N_EXT_BSCAN.bscan_inst/SERIES7_BSCAN.bscan_inst/UPDATE rise@0.000ns)
  Data Path Delay:        1.927ns  (logic 0.266ns (13.801%)  route 1.661ns (86.199%))
  Logic Levels:           1  (LUT2=1)
  Clock Path Skew:        -0.554ns (DCD - SCD + CPR)
    Destination Clock Delay (DCD):    3.888ns = ( 33.888 - 30.000 ) 
    Source Clock Delay      (SCD):    4.441ns
    Clock Pessimism Removal (CPR):    0.000ns
  Clock Uncertainty:      0.035ns  ((TSJ^2 + TIJ^2)^1/2 + DJ) / 2 + PE
    Total System Jitter     (TSJ):    0.071ns
    Total Input Jitter      (TIJ):    0.000ns
    Discrete Jitter          (DJ):    0.000ns
    Phase Error              (PE):    0.000ns
  Timing Exception:       MultiCycle Path   Setup -end   2    

    Location             Delay type                Incr(ns)  Path(ns)    Netlist Resource(s)
  -------------------------------------------------------------------    -------------------
                         (clock dbg_hub/inst/N_EXT_BSCAN.bscan_inst/SERIES7_BSCAN.bscan_inst/UPDATE rise edge)
                                                      0.000     0.000 r  
    BSCAN_X0Y0           BSCANE2                      0.000     0.000 r  dbg_hub/inst/N_EXT_BSCAN.bscan_inst/SERIES7_BSCAN.bscan_inst/UPDATE
                         net (fo=1, routed)           2.957     2.957    dbg_hub/inst/UPDATE
    BUFGCTRL_X0Y13       BUFG (Prop_bufg_I_O)         0.093     3.050 r  dbg_hub/inst/N_EXT_BSCAN.u_bufg_icon_update/O
                         net (fo=1, routed)           1.391     4.441    dbg_hub/inst/CORE_XSDB.U_ICON/UPDATE_temp
    SLICE_X63Y141        FDCE                                         r  dbg_hub/inst/CORE_XSDB.U_ICON/iDATA_CMD_reg/C
  -------------------------------------------------------------------    -------------------
    SLICE_X63Y141        FDCE (Prop_fdce_C_Q)         0.223     4.664 f  dbg_hub/inst/CORE_XSDB.U_ICON/iDATA_CMD_reg/Q
                         net (fo=2, routed)           0.807     5.471    dbg_hub/inst/N_EXT_BSCAN.bscan_inst/iDATA_CMD
    SLICE_X63Y141        LUT2 (Prop_lut2_I1_O)        0.043     5.514 r  dbg_hub/inst/N_EXT_BSCAN.bscan_inst/iTARGET[15]_i_1/O
                         net (fo=10, routed)          0.854     6.369    dbg_hub/inst/CORE_XSDB.U_ICON/U_CMD/iDATA_CMD_reg[0]
    SLICE_X66Y141        FDCE                                         r  dbg_hub/inst/CORE_XSDB.U_ICON/U_CMD/iTARGET_reg[9]/CE
  -------------------------------------------------------------------    -------------------

                         (clock dbg_hub/inst/N_EXT_BSCAN.bscan_inst/SERIES7_BSCAN.bscan_inst/DRCK rise edge)
                                                     60.000    60.000 r  
    BSCAN_X0Y0           BSCANE2                      0.000    60.000 r  dbg_hub/inst/N_EXT_BSCAN.bscan_inst/SERIES7_BSCAN.bscan_inst/DRCK
                         net (fo=1, routed)           2.548    62.548    dbg_hub/inst/DRCK
    BUFGCTRL_X0Y4        BUFG (Prop_bufg_I_O)         0.083    62.631 r  dbg_hub/inst/N_EXT_BSCAN.u_bufg_icon/O
                         net (fo=269, routed)         1.257    63.888    dbg_hub/inst/CORE_XSDB.U_ICON/U_CMD/CLK
    SLICE_X66Y141        FDCE                                         r  dbg_hub/inst/CORE_XSDB.U_ICON/U_CMD/iTARGET_reg[9]/C
                         clock pessimism              0.000    63.888    
                         clock uncertainty           -0.035    63.852    
    SLICE_X66Y141        FDCE (Setup_fdce_C_CE)      -0.178    63.674    dbg_hub/inst/CORE_XSDB.U_ICON/U_CMD/iTARGET_reg[9]
  -------------------------------------------------------------------
                         required time                         63.674    
                         arrival time                          -6.369    
  -------------------------------------------------------------------
                         slack                                 57.306    





Min Delay Paths
--------------------------------------------------------------------------------------
Slack (MET) :             0.333ns  (arrival time - required time)
  Source:                 dbg_hub/inst/CORE_XSDB.U_ICON/iDATA_CMD_reg/C
                            (rising edge-triggered cell FDCE clocked by dbg_hub/inst/N_EXT_BSCAN.bscan_inst/SERIES7_BSCAN.bscan_inst/UPDATE  {rise@0.000ns fall@30.000ns period=60.000ns})
  Destination:            dbg_hub/inst/CORE_XSDB.U_ICON/U_CMD/iTARGET_reg[15]/CE
                            (rising edge-triggered cell FDCE clocked by dbg_hub/inst/N_EXT_BSCAN.bscan_inst/SERIES7_BSCAN.bscan_inst/DRCK  {rise@0.000ns fall@15.000ns period=30.000ns})
  Path Group:             dbg_hub/inst/N_EXT_BSCAN.bscan_inst/SERIES7_BSCAN.bscan_inst/DRCK
  Path Type:              Hold (Min at Fast Process Corner)
  Requirement:            0.000ns  (dbg_hub/inst/N_EXT_BSCAN.bscan_inst/SERIES7_BSCAN.bscan_inst/DRCK rise@0.000ns - dbg_hub/inst/N_EXT_BSCAN.bscan_inst/SERIES7_BSCAN.bscan_inst/UPDATE rise@0.000ns)
  Data Path Delay:        0.881ns  (logic 0.128ns (14.522%)  route 0.753ns (85.478%))
  Logic Levels:           1  (LUT2=1)
  Clock Path Skew:        0.538ns (DCD - SCD - CPR)
    Destination Clock Delay (DCD):    2.726ns
    Source Clock Delay      (SCD):    2.187ns
    Clock Pessimism Removal (CPR):    -0.000ns
  Timing Exception:       MultiCycle Path   Setup -end   2    Hold  -end   1  

    Location             Delay type                Incr(ns)  Path(ns)    Netlist Resource(s)
  -------------------------------------------------------------------    -------------------
                         (clock dbg_hub/inst/N_EXT_BSCAN.bscan_inst/SERIES7_BSCAN.bscan_inst/UPDATE rise edge)
                                                      0.000     0.000 r  
    BSCAN_X0Y0           BSCANE2                      0.000     0.000 r  dbg_hub/inst/N_EXT_BSCAN.bscan_inst/SERIES7_BSCAN.bscan_inst/UPDATE
                         net (fo=1, routed)           1.568     1.568    dbg_hub/inst/UPDATE
    BUFGCTRL_X0Y13       BUFG (Prop_bufg_I_O)         0.026     1.594 r  dbg_hub/inst/N_EXT_BSCAN.u_bufg_icon_update/O
                         net (fo=1, routed)           0.593     2.187    dbg_hub/inst/CORE_XSDB.U_ICON/UPDATE_temp
    SLICE_X63Y141        FDCE                                         r  dbg_hub/inst/CORE_XSDB.U_ICON/iDATA_CMD_reg/C
  -------------------------------------------------------------------    -------------------
    SLICE_X63Y141        FDCE (Prop_fdce_C_Q)         0.100     2.287 f  dbg_hub/inst/CORE_XSDB.U_ICON/iDATA_CMD_reg/Q
                         net (fo=2, routed)           0.413     2.700    dbg_hub/inst/N_EXT_BSCAN.bscan_inst/iDATA_CMD
    SLICE_X63Y141        LUT2 (Prop_lut2_I1_O)        0.028     2.728 r  dbg_hub/inst/N_EXT_BSCAN.bscan_inst/iTARGET[15]_i_1/O
                         net (fo=10, routed)          0.340     3.069    dbg_hub/inst/CORE_XSDB.U_ICON/U_CMD/iDATA_CMD_reg[0]
    SLICE_X64Y141        FDCE                                         r  dbg_hub/inst/CORE_XSDB.U_ICON/U_CMD/iTARGET_reg[15]/CE
  -------------------------------------------------------------------    -------------------

                         (clock dbg_hub/inst/N_EXT_BSCAN.bscan_inst/SERIES7_BSCAN.bscan_inst/DRCK rise edge)
                                                      0.000     0.000 r  
    BSCAN_X0Y0           BSCANE2                      0.000     0.000 r  dbg_hub/inst/N_EXT_BSCAN.bscan_inst/SERIES7_BSCAN.bscan_inst/DRCK
                         net (fo=1, routed)           1.884     1.884    dbg_hub/inst/DRCK
    BUFGCTRL_X0Y4        BUFG (Prop_bufg_I_O)         0.030     1.914 r  dbg_hub/inst/N_EXT_BSCAN.u_bufg_icon/O
                         net (fo=269, routed)         0.812     2.726    dbg_hub/inst/CORE_XSDB.U_ICON/U_CMD/CLK
    SLICE_X64Y141        FDCE                                         r  dbg_hub/inst/CORE_XSDB.U_ICON/U_CMD/iTARGET_reg[15]/C
                         clock pessimism              0.000     2.726    
    SLICE_X64Y141        FDCE (Hold_fdce_C_CE)        0.010     2.736    dbg_hub/inst/CORE_XSDB.U_ICON/U_CMD/iTARGET_reg[15]
  -------------------------------------------------------------------
                         required time                         -2.736    
                         arrival time                           3.069    
  -------------------------------------------------------------------
                         slack                                  0.333    

Slack (MET) :             0.333ns  (arrival time - required time)
  Source:                 dbg_hub/inst/CORE_XSDB.U_ICON/iDATA_CMD_reg/C
                            (rising edge-triggered cell FDCE clocked by dbg_hub/inst/N_EXT_BSCAN.bscan_inst/SERIES7_BSCAN.bscan_inst/UPDATE  {rise@0.000ns fall@30.000ns period=60.000ns})
  Destination:            dbg_hub/inst/CORE_XSDB.U_ICON/U_CMD/iTARGET_reg[6]/CE
                            (rising edge-triggered cell FDCE clocked by dbg_hub/inst/N_EXT_BSCAN.bscan_inst/SERIES7_BSCAN.bscan_inst/DRCK  {rise@0.000ns fall@15.000ns period=30.000ns})
  Path Group:             dbg_hub/inst/N_EXT_BSCAN.bscan_inst/SERIES7_BSCAN.bscan_inst/DRCK
  Path Type:              Hold (Min at Fast Process Corner)
  Requirement:            0.000ns  (dbg_hub/inst/N_EXT_BSCAN.bscan_inst/SERIES7_BSCAN.bscan_inst/DRCK rise@0.000ns - dbg_hub/inst/N_EXT_BSCAN.bscan_inst/SERIES7_BSCAN.bscan_inst/UPDATE rise@0.000ns)
  Data Path Delay:        0.881ns  (logic 0.128ns (14.522%)  route 0.753ns (85.478%))
  Logic Levels:           1  (LUT2=1)
  Clock Path Skew:        0.538ns (DCD - SCD - CPR)
    Destination Clock Delay (DCD):    2.726ns
    Source Clock Delay      (SCD):    2.187ns
    Clock Pessimism Removal (CPR):    -0.000ns
  Timing Exception:       MultiCycle Path   Setup -end   2    Hold  -end   1  

    Location             Delay type                Incr(ns)  Path(ns)    Netlist Resource(s)
  -------------------------------------------------------------------    -------------------
                         (clock dbg_hub/inst/N_EXT_BSCAN.bscan_inst/SERIES7_BSCAN.bscan_inst/UPDATE rise edge)
                                                      0.000     0.000 r  
    BSCAN_X0Y0           BSCANE2                      0.000     0.000 r  dbg_hub/inst/N_EXT_BSCAN.bscan_inst/SERIES7_BSCAN.bscan_inst/UPDATE
                         net (fo=1, routed)           1.568     1.568    dbg_hub/inst/UPDATE
    BUFGCTRL_X0Y13       BUFG (Prop_bufg_I_O)         0.026     1.594 r  dbg_hub/inst/N_EXT_BSCAN.u_bufg_icon_update/O
                         net (fo=1, routed)           0.593     2.187    dbg_hub/inst/CORE_XSDB.U_ICON/UPDATE_temp
    SLICE_X63Y141        FDCE                                         r  dbg_hub/inst/CORE_XSDB.U_ICON/iDATA_CMD_reg/C
  -------------------------------------------------------------------    -------------------
    SLICE_X63Y141        FDCE (Prop_fdce_C_Q)         0.100     2.287 f  dbg_hub/inst/CORE_XSDB.U_ICON/iDATA_CMD_reg/Q
                         net (fo=2, routed)           0.413     2.700    dbg_hub/inst/N_EXT_BSCAN.bscan_inst/iDATA_CMD
    SLICE_X63Y141        LUT2 (Prop_lut2_I1_O)        0.028     2.728 r  dbg_hub/inst/N_EXT_BSCAN.bscan_inst/iTARGET[15]_i_1/O
                         net (fo=10, routed)          0.340     3.069    dbg_hub/inst/CORE_XSDB.U_ICON/U_CMD/iDATA_CMD_reg[0]
    SLICE_X64Y141        FDCE                                         r  dbg_hub/inst/CORE_XSDB.U_ICON/U_CMD/iTARGET_reg[6]/CE
  -------------------------------------------------------------------    -------------------

                         (clock dbg_hub/inst/N_EXT_BSCAN.bscan_inst/SERIES7_BSCAN.bscan_inst/DRCK rise edge)
                                                      0.000     0.000 r  
    BSCAN_X0Y0           BSCANE2                      0.000     0.000 r  dbg_hub/inst/N_EXT_BSCAN.bscan_inst/SERIES7_BSCAN.bscan_inst/DRCK
                         net (fo=1, routed)           1.884     1.884    dbg_hub/inst/DRCK
    BUFGCTRL_X0Y4        BUFG (Prop_bufg_I_O)         0.030     1.914 r  dbg_hub/inst/N_EXT_BSCAN.u_bufg_icon/O
                         net (fo=269, routed)         0.812     2.726    dbg_hub/inst/CORE_XSDB.U_ICON/U_CMD/CLK
    SLICE_X64Y141        FDCE                                         r  dbg_hub/inst/CORE_XSDB.U_ICON/U_CMD/iTARGET_reg[6]/C
                         clock pessimism              0.000     2.726    
    SLICE_X64Y141        FDCE (Hold_fdce_C_CE)        0.010     2.736    dbg_hub/inst/CORE_XSDB.U_ICON/U_CMD/iTARGET_reg[6]
  -------------------------------------------------------------------
                         required time                         -2.736    
                         arrival time                           3.069    
  -------------------------------------------------------------------
                         slack                                  0.333    

Slack (MET) :             0.333ns  (arrival time - required time)
  Source:                 dbg_hub/inst/CORE_XSDB.U_ICON/iDATA_CMD_reg/C
                            (rising edge-triggered cell FDCE clocked by dbg_hub/inst/N_EXT_BSCAN.bscan_inst/SERIES7_BSCAN.bscan_inst/UPDATE  {rise@0.000ns fall@30.000ns period=60.000ns})
  Destination:            dbg_hub/inst/CORE_XSDB.U_ICON/U_CMD/iTARGET_reg[7]/CE
                            (rising edge-triggered cell FDCE clocked by dbg_hub/inst/N_EXT_BSCAN.bscan_inst/SERIES7_BSCAN.bscan_inst/DRCK  {rise@0.000ns fall@15.000ns period=30.000ns})
  Path Group:             dbg_hub/inst/N_EXT_BSCAN.bscan_inst/SERIES7_BSCAN.bscan_inst/DRCK
  Path Type:              Hold (Min at Fast Process Corner)
  Requirement:            0.000ns  (dbg_hub/inst/N_EXT_BSCAN.bscan_inst/SERIES7_BSCAN.bscan_inst/DRCK rise@0.000ns - dbg_hub/inst/N_EXT_BSCAN.bscan_inst/SERIES7_BSCAN.bscan_inst/UPDATE rise@0.000ns)
  Data Path Delay:        0.881ns  (logic 0.128ns (14.522%)  route 0.753ns (85.478%))
  Logic Levels:           1  (LUT2=1)
  Clock Path Skew:        0.538ns (DCD - SCD - CPR)
    Destination Clock Delay (DCD):    2.726ns
    Source Clock Delay      (SCD):    2.187ns
    Clock Pessimism Removal (CPR):    -0.000ns
  Timing Exception:       MultiCycle Path   Setup -end   2    Hold  -end   1  

    Location             Delay type                Incr(ns)  Path(ns)    Netlist Resource(s)
  -------------------------------------------------------------------    -------------------
                         (clock dbg_hub/inst/N_EXT_BSCAN.bscan_inst/SERIES7_BSCAN.bscan_inst/UPDATE rise edge)
                                                      0.000     0.000 r  
    BSCAN_X0Y0           BSCANE2                      0.000     0.000 r  dbg_hub/inst/N_EXT_BSCAN.bscan_inst/SERIES7_BSCAN.bscan_inst/UPDATE
                         net (fo=1, routed)           1.568     1.568    dbg_hub/inst/UPDATE
    BUFGCTRL_X0Y13       BUFG (Prop_bufg_I_O)         0.026     1.594 r  dbg_hub/inst/N_EXT_BSCAN.u_bufg_icon_update/O
                         net (fo=1, routed)           0.593     2.187    dbg_hub/inst/CORE_XSDB.U_ICON/UPDATE_temp
    SLICE_X63Y141        FDCE                                         r  dbg_hub/inst/CORE_XSDB.U_ICON/iDATA_CMD_reg/C
  -------------------------------------------------------------------    -------------------
    SLICE_X63Y141        FDCE (Prop_fdce_C_Q)         0.100     2.287 f  dbg_hub/inst/CORE_XSDB.U_ICON/iDATA_CMD_reg/Q
                         net (fo=2, routed)           0.413     2.700    dbg_hub/inst/N_EXT_BSCAN.bscan_inst/iDATA_CMD
    SLICE_X63Y141        LUT2 (Prop_lut2_I1_O)        0.028     2.728 r  dbg_hub/inst/N_EXT_BSCAN.bscan_inst/iTARGET[15]_i_1/O
                         net (fo=10, routed)          0.340     3.069    dbg_hub/inst/CORE_XSDB.U_ICON/U_CMD/iDATA_CMD_reg[0]
    SLICE_X64Y141        FDCE                                         r  dbg_hub/inst/CORE_XSDB.U_ICON/U_CMD/iTARGET_reg[7]/CE
  -------------------------------------------------------------------    -------------------

                         (clock dbg_hub/inst/N_EXT_BSCAN.bscan_inst/SERIES7_BSCAN.bscan_inst/DRCK rise edge)
                                                      0.000     0.000 r  
    BSCAN_X0Y0           BSCANE2                      0.000     0.000 r  dbg_hub/inst/N_EXT_BSCAN.bscan_inst/SERIES7_BSCAN.bscan_inst/DRCK
                         net (fo=1, routed)           1.884     1.884    dbg_hub/inst/DRCK
    BUFGCTRL_X0Y4        BUFG (Prop_bufg_I_O)         0.030     1.914 r  dbg_hub/inst/N_EXT_BSCAN.u_bufg_icon/O
                         net (fo=269, routed)         0.812     2.726    dbg_hub/inst/CORE_XSDB.U_ICON/U_CMD/CLK
    SLICE_X64Y141        FDCE                                         r  dbg_hub/inst/CORE_XSDB.U_ICON/U_CMD/iTARGET_reg[7]/C
                         clock pessimism              0.000     2.726    
    SLICE_X64Y141        FDCE (Hold_fdce_C_CE)        0.010     2.736    dbg_hub/inst/CORE_XSDB.U_ICON/U_CMD/iTARGET_reg[7]
  -------------------------------------------------------------------
                         required time                         -2.736    
                         arrival time                           3.069    
  -------------------------------------------------------------------
                         slack                                  0.333    

Slack (MET) :             0.333ns  (arrival time - required time)
  Source:                 dbg_hub/inst/CORE_XSDB.U_ICON/iDATA_CMD_reg/C
                            (rising edge-triggered cell FDCE clocked by dbg_hub/inst/N_EXT_BSCAN.bscan_inst/SERIES7_BSCAN.bscan_inst/UPDATE  {rise@0.000ns fall@30.000ns period=60.000ns})
  Destination:            dbg_hub/inst/CORE_XSDB.U_ICON/U_CMD/iTARGET_reg[8]/CE
                            (rising edge-triggered cell FDCE clocked by dbg_hub/inst/N_EXT_BSCAN.bscan_inst/SERIES7_BSCAN.bscan_inst/DRCK  {rise@0.000ns fall@15.000ns period=30.000ns})
  Path Group:             dbg_hub/inst/N_EXT_BSCAN.bscan_inst/SERIES7_BSCAN.bscan_inst/DRCK
  Path Type:              Hold (Min at Fast Process Corner)
  Requirement:            0.000ns  (dbg_hub/inst/N_EXT_BSCAN.bscan_inst/SERIES7_BSCAN.bscan_inst/DRCK rise@0.000ns - dbg_hub/inst/N_EXT_BSCAN.bscan_inst/SERIES7_BSCAN.bscan_inst/UPDATE rise@0.000ns)
  Data Path Delay:        0.881ns  (logic 0.128ns (14.522%)  route 0.753ns (85.478%))
  Logic Levels:           1  (LUT2=1)
  Clock Path Skew:        0.538ns (DCD - SCD - CPR)
    Destination Clock Delay (DCD):    2.726ns
    Source Clock Delay      (SCD):    2.187ns
    Clock Pessimism Removal (CPR):    -0.000ns
  Timing Exception:       MultiCycle Path   Setup -end   2    Hold  -end   1  

    Location             Delay type                Incr(ns)  Path(ns)    Netlist Resource(s)
  -------------------------------------------------------------------    -------------------
                         (clock dbg_hub/inst/N_EXT_BSCAN.bscan_inst/SERIES7_BSCAN.bscan_inst/UPDATE rise edge)
                                                      0.000     0.000 r  
    BSCAN_X0Y0           BSCANE2                      0.000     0.000 r  dbg_hub/inst/N_EXT_BSCAN.bscan_inst/SERIES7_BSCAN.bscan_inst/UPDATE
                         net (fo=1, routed)           1.568     1.568    dbg_hub/inst/UPDATE
    BUFGCTRL_X0Y13       BUFG (Prop_bufg_I_O)         0.026     1.594 r  dbg_hub/inst/N_EXT_BSCAN.u_bufg_icon_update/O
                         net (fo=1, routed)           0.593     2.187    dbg_hub/inst/CORE_XSDB.U_ICON/UPDATE_temp
    SLICE_X63Y141        FDCE                                         r  dbg_hub/inst/CORE_XSDB.U_ICON/iDATA_CMD_reg/C
  -------------------------------------------------------------------    -------------------
    SLICE_X63Y141        FDCE (Prop_fdce_C_Q)         0.100     2.287 f  dbg_hub/inst/CORE_XSDB.U_ICON/iDATA_CMD_reg/Q
                         net (fo=2, routed)           0.413     2.700    dbg_hub/inst/N_EXT_BSCAN.bscan_inst/iDATA_CMD
    SLICE_X63Y141        LUT2 (Prop_lut2_I1_O)        0.028     2.728 r  dbg_hub/inst/N_EXT_BSCAN.bscan_inst/iTARGET[15]_i_1/O
                         net (fo=10, routed)          0.340     3.069    dbg_hub/inst/CORE_XSDB.U_ICON/U_CMD/iDATA_CMD_reg[0]
    SLICE_X64Y141        FDCE                                         r  dbg_hub/inst/CORE_XSDB.U_ICON/U_CMD/iTARGET_reg[8]/CE
  -------------------------------------------------------------------    -------------------

                         (clock dbg_hub/inst/N_EXT_BSCAN.bscan_inst/SERIES7_BSCAN.bscan_inst/DRCK rise edge)
                                                      0.000     0.000 r  
    BSCAN_X0Y0           BSCANE2                      0.000     0.000 r  dbg_hub/inst/N_EXT_BSCAN.bscan_inst/SERIES7_BSCAN.bscan_inst/DRCK
                         net (fo=1, routed)           1.884     1.884    dbg_hub/inst/DRCK
    BUFGCTRL_X0Y4        BUFG (Prop_bufg_I_O)         0.030     1.914 r  dbg_hub/inst/N_EXT_BSCAN.u_bufg_icon/O
                         net (fo=269, routed)         0.812     2.726    dbg_hub/inst/CORE_XSDB.U_ICON/U_CMD/CLK
    SLICE_X64Y141        FDCE                                         r  dbg_hub/inst/CORE_XSDB.U_ICON/U_CMD/iTARGET_reg[8]/C
                         clock pessimism              0.000     2.726    
    SLICE_X64Y141        FDCE (Hold_fdce_C_CE)        0.010     2.736    dbg_hub/inst/CORE_XSDB.U_ICON/U_CMD/iTARGET_reg[8]
  -------------------------------------------------------------------
                         required time                         -2.736    
                         arrival time                           3.069    
  -------------------------------------------------------------------
                         slack                                  0.333    

Slack (MET) :             0.385ns  (arrival time - required time)
  Source:                 dbg_hub/inst/CORE_XSDB.U_ICON/iDATA_CMD_reg/C
                            (rising edge-triggered cell FDCE clocked by dbg_hub/inst/N_EXT_BSCAN.bscan_inst/SERIES7_BSCAN.bscan_inst/UPDATE  {rise@0.000ns fall@30.000ns period=60.000ns})
  Destination:            dbg_hub/inst/CORE_XSDB.U_ICON/U_CMD/iTARGET_reg[11]/CE
                            (rising edge-triggered cell FDCE clocked by dbg_hub/inst/N_EXT_BSCAN.bscan_inst/SERIES7_BSCAN.bscan_inst/DRCK  {rise@0.000ns fall@15.000ns period=30.000ns})
  Path Group:             dbg_hub/inst/N_EXT_BSCAN.bscan_inst/SERIES7_BSCAN.bscan_inst/DRCK
  Path Type:              Hold (Min at Fast Process Corner)
  Requirement:            0.000ns  (dbg_hub/inst/N_EXT_BSCAN.bscan_inst/SERIES7_BSCAN.bscan_inst/DRCK rise@0.000ns - dbg_hub/inst/N_EXT_BSCAN.bscan_inst/SERIES7_BSCAN.bscan_inst/UPDATE rise@0.000ns)
  Data Path Delay:        0.934ns  (logic 0.128ns (13.708%)  route 0.806ns (86.292%))
  Logic Levels:           1  (LUT2=1)
  Clock Path Skew:        0.538ns (DCD - SCD - CPR)
    Destination Clock Delay (DCD):    2.726ns
    Source Clock Delay      (SCD):    2.187ns
    Clock Pessimism Removal (CPR):    -0.000ns
  Timing Exception:       MultiCycle Path   Setup -end   2    Hold  -end   1  

    Location             Delay type                Incr(ns)  Path(ns)    Netlist Resource(s)
  -------------------------------------------------------------------    -------------------
                         (clock dbg_hub/inst/N_EXT_BSCAN.bscan_inst/SERIES7_BSCAN.bscan_inst/UPDATE rise edge)
                                                      0.000     0.000 r  
    BSCAN_X0Y0           BSCANE2                      0.000     0.000 r  dbg_hub/inst/N_EXT_BSCAN.bscan_inst/SERIES7_BSCAN.bscan_inst/UPDATE
                         net (fo=1, routed)           1.568     1.568    dbg_hub/inst/UPDATE
    BUFGCTRL_X0Y13       BUFG (Prop_bufg_I_O)         0.026     1.594 r  dbg_hub/inst/N_EXT_BSCAN.u_bufg_icon_update/O
                         net (fo=1, routed)           0.593     2.187    dbg_hub/inst/CORE_XSDB.U_ICON/UPDATE_temp
    SLICE_X63Y141        FDCE                                         r  dbg_hub/inst/CORE_XSDB.U_ICON/iDATA_CMD_reg/C
  -------------------------------------------------------------------    -------------------
    SLICE_X63Y141        FDCE (Prop_fdce_C_Q)         0.100     2.287 f  dbg_hub/inst/CORE_XSDB.U_ICON/iDATA_CMD_reg/Q
                         net (fo=2, routed)           0.413     2.700    dbg_hub/inst/N_EXT_BSCAN.bscan_inst/iDATA_CMD
    SLICE_X63Y141        LUT2 (Prop_lut2_I1_O)        0.028     2.728 r  dbg_hub/inst/N_EXT_BSCAN.bscan_inst/iTARGET[15]_i_1/O
                         net (fo=10, routed)          0.393     3.121    dbg_hub/inst/CORE_XSDB.U_ICON/U_CMD/iDATA_CMD_reg[0]
    SLICE_X65Y141        FDCE                                         r  dbg_hub/inst/CORE_XSDB.U_ICON/U_CMD/iTARGET_reg[11]/CE
  -------------------------------------------------------------------    -------------------

                         (clock dbg_hub/inst/N_EXT_BSCAN.bscan_inst/SERIES7_BSCAN.bscan_inst/DRCK rise edge)
                                                      0.000     0.000 r  
    BSCAN_X0Y0           BSCANE2                      0.000     0.000 r  dbg_hub/inst/N_EXT_BSCAN.bscan_inst/SERIES7_BSCAN.bscan_inst/DRCK
                         net (fo=1, routed)           1.884     1.884    dbg_hub/inst/DRCK
    BUFGCTRL_X0Y4        BUFG (Prop_bufg_I_O)         0.030     1.914 r  dbg_hub/inst/N_EXT_BSCAN.u_bufg_icon/O
                         net (fo=269, routed)         0.812     2.726    dbg_hub/inst/CORE_XSDB.U_ICON/U_CMD/CLK
    SLICE_X65Y141        FDCE                                         r  dbg_hub/inst/CORE_XSDB.U_ICON/U_CMD/iTARGET_reg[11]/C
                         clock pessimism              0.000     2.726    
    SLICE_X65Y141        FDCE (Hold_fdce_C_CE)        0.010     2.736    dbg_hub/inst/CORE_XSDB.U_ICON/U_CMD/iTARGET_reg[11]
  -------------------------------------------------------------------
                         required time                         -2.736    
                         arrival time                           3.121    
  -------------------------------------------------------------------
                         slack                                  0.385    

Slack (MET) :             0.385ns  (arrival time - required time)
  Source:                 dbg_hub/inst/CORE_XSDB.U_ICON/iDATA_CMD_reg/C
                            (rising edge-triggered cell FDCE clocked by dbg_hub/inst/N_EXT_BSCAN.bscan_inst/SERIES7_BSCAN.bscan_inst/UPDATE  {rise@0.000ns fall@30.000ns period=60.000ns})
  Destination:            dbg_hub/inst/CORE_XSDB.U_ICON/U_CMD/iTARGET_reg[12]/CE
                            (rising edge-triggered cell FDCE clocked by dbg_hub/inst/N_EXT_BSCAN.bscan_inst/SERIES7_BSCAN.bscan_inst/DRCK  {rise@0.000ns fall@15.000ns period=30.000ns})
  Path Group:             dbg_hub/inst/N_EXT_BSCAN.bscan_inst/SERIES7_BSCAN.bscan_inst/DRCK
  Path Type:              Hold (Min at Fast Process Corner)
  Requirement:            0.000ns  (dbg_hub/inst/N_EXT_BSCAN.bscan_inst/SERIES7_BSCAN.bscan_inst/DRCK rise@0.000ns - dbg_hub/inst/N_EXT_BSCAN.bscan_inst/SERIES7_BSCAN.bscan_inst/UPDATE rise@0.000ns)
  Data Path Delay:        0.934ns  (logic 0.128ns (13.708%)  route 0.806ns (86.292%))
  Logic Levels:           1  (LUT2=1)
  Clock Path Skew:        0.538ns (DCD - SCD - CPR)
    Destination Clock Delay (DCD):    2.726ns
    Source Clock Delay      (SCD):    2.187ns
    Clock Pessimism Removal (CPR):    -0.000ns
  Timing Exception:       MultiCycle Path   Setup -end   2    Hold  -end   1  

    Location             Delay type                Incr(ns)  Path(ns)    Netlist Resource(s)
  -------------------------------------------------------------------    -------------------
                         (clock dbg_hub/inst/N_EXT_BSCAN.bscan_inst/SERIES7_BSCAN.bscan_inst/UPDATE rise edge)
                                                      0.000     0.000 r  
    BSCAN_X0Y0           BSCANE2                      0.000     0.000 r  dbg_hub/inst/N_EXT_BSCAN.bscan_inst/SERIES7_BSCAN.bscan_inst/UPDATE
                         net (fo=1, routed)           1.568     1.568    dbg_hub/inst/UPDATE
    BUFGCTRL_X0Y13       BUFG (Prop_bufg_I_O)         0.026     1.594 r  dbg_hub/inst/N_EXT_BSCAN.u_bufg_icon_update/O
                         net (fo=1, routed)           0.593     2.187    dbg_hub/inst/CORE_XSDB.U_ICON/UPDATE_temp
    SLICE_X63Y141        FDCE                                         r  dbg_hub/inst/CORE_XSDB.U_ICON/iDATA_CMD_reg/C
  -------------------------------------------------------------------    -------------------
    SLICE_X63Y141        FDCE (Prop_fdce_C_Q)         0.100     2.287 f  dbg_hub/inst/CORE_XSDB.U_ICON/iDATA_CMD_reg/Q
                         net (fo=2, routed)           0.413     2.700    dbg_hub/inst/N_EXT_BSCAN.bscan_inst/iDATA_CMD
    SLICE_X63Y141        LUT2 (Prop_lut2_I1_O)        0.028     2.728 r  dbg_hub/inst/N_EXT_BSCAN.bscan_inst/iTARGET[15]_i_1/O
                         net (fo=10, routed)          0.393     3.121    dbg_hub/inst/CORE_XSDB.U_ICON/U_CMD/iDATA_CMD_reg[0]
    SLICE_X65Y141        FDCE                                         r  dbg_hub/inst/CORE_XSDB.U_ICON/U_CMD/iTARGET_reg[12]/CE
  -------------------------------------------------------------------    -------------------

                         (clock dbg_hub/inst/N_EXT_BSCAN.bscan_inst/SERIES7_BSCAN.bscan_inst/DRCK rise edge)
                                                      0.000     0.000 r  
    BSCAN_X0Y0           BSCANE2                      0.000     0.000 r  dbg_hub/inst/N_EXT_BSCAN.bscan_inst/SERIES7_BSCAN.bscan_inst/DRCK
                         net (fo=1, routed)           1.884     1.884    dbg_hub/inst/DRCK
    BUFGCTRL_X0Y4        BUFG (Prop_bufg_I_O)         0.030     1.914 r  dbg_hub/inst/N_EXT_BSCAN.u_bufg_icon/O
                         net (fo=269, routed)         0.812     2.726    dbg_hub/inst/CORE_XSDB.U_ICON/U_CMD/CLK
    SLICE_X65Y141        FDCE                                         r  dbg_hub/inst/CORE_XSDB.U_ICON/U_CMD/iTARGET_reg[12]/C
                         clock pessimism              0.000     2.726    
    SLICE_X65Y141        FDCE (Hold_fdce_C_CE)        0.010     2.736    dbg_hub/inst/CORE_XSDB.U_ICON/U_CMD/iTARGET_reg[12]
  -------------------------------------------------------------------
                         required time                         -2.736    
                         arrival time                           3.121    
  -------------------------------------------------------------------
                         slack                                  0.385    

Slack (MET) :             0.385ns  (arrival time - required time)
  Source:                 dbg_hub/inst/CORE_XSDB.U_ICON/iDATA_CMD_reg/C
                            (rising edge-triggered cell FDCE clocked by dbg_hub/inst/N_EXT_BSCAN.bscan_inst/SERIES7_BSCAN.bscan_inst/UPDATE  {rise@0.000ns fall@30.000ns period=60.000ns})
  Destination:            dbg_hub/inst/CORE_XSDB.U_ICON/U_CMD/iTARGET_reg[13]/CE
                            (rising edge-triggered cell FDCE clocked by dbg_hub/inst/N_EXT_BSCAN.bscan_inst/SERIES7_BSCAN.bscan_inst/DRCK  {rise@0.000ns fall@15.000ns period=30.000ns})
  Path Group:             dbg_hub/inst/N_EXT_BSCAN.bscan_inst/SERIES7_BSCAN.bscan_inst/DRCK
  Path Type:              Hold (Min at Fast Process Corner)
  Requirement:            0.000ns  (dbg_hub/inst/N_EXT_BSCAN.bscan_inst/SERIES7_BSCAN.bscan_inst/DRCK rise@0.000ns - dbg_hub/inst/N_EXT_BSCAN.bscan_inst/SERIES7_BSCAN.bscan_inst/UPDATE rise@0.000ns)
  Data Path Delay:        0.934ns  (logic 0.128ns (13.708%)  route 0.806ns (86.292%))
  Logic Levels:           1  (LUT2=1)
  Clock Path Skew:        0.538ns (DCD - SCD - CPR)
    Destination Clock Delay (DCD):    2.726ns
    Source Clock Delay      (SCD):    2.187ns
    Clock Pessimism Removal (CPR):    -0.000ns
  Timing Exception:       MultiCycle Path   Setup -end   2    Hold  -end   1  

    Location             Delay type                Incr(ns)  Path(ns)    Netlist Resource(s)
  -------------------------------------------------------------------    -------------------
                         (clock dbg_hub/inst/N_EXT_BSCAN.bscan_inst/SERIES7_BSCAN.bscan_inst/UPDATE rise edge)
                                                      0.000     0.000 r  
    BSCAN_X0Y0           BSCANE2                      0.000     0.000 r  dbg_hub/inst/N_EXT_BSCAN.bscan_inst/SERIES7_BSCAN.bscan_inst/UPDATE
                         net (fo=1, routed)           1.568     1.568    dbg_hub/inst/UPDATE
    BUFGCTRL_X0Y13       BUFG (Prop_bufg_I_O)         0.026     1.594 r  dbg_hub/inst/N_EXT_BSCAN.u_bufg_icon_update/O
                         net (fo=1, routed)           0.593     2.187    dbg_hub/inst/CORE_XSDB.U_ICON/UPDATE_temp
    SLICE_X63Y141        FDCE                                         r  dbg_hub/inst/CORE_XSDB.U_ICON/iDATA_CMD_reg/C
  -------------------------------------------------------------------    -------------------
    SLICE_X63Y141        FDCE (Prop_fdce_C_Q)         0.100     2.287 f  dbg_hub/inst/CORE_XSDB.U_ICON/iDATA_CMD_reg/Q
                         net (fo=2, routed)           0.413     2.700    dbg_hub/inst/N_EXT_BSCAN.bscan_inst/iDATA_CMD
    SLICE_X63Y141        LUT2 (Prop_lut2_I1_O)        0.028     2.728 r  dbg_hub/inst/N_EXT_BSCAN.bscan_inst/iTARGET[15]_i_1/O
                         net (fo=10, routed)          0.393     3.121    dbg_hub/inst/CORE_XSDB.U_ICON/U_CMD/iDATA_CMD_reg[0]
    SLICE_X65Y141        FDCE                                         r  dbg_hub/inst/CORE_XSDB.U_ICON/U_CMD/iTARGET_reg[13]/CE
  -------------------------------------------------------------------    -------------------

                         (clock dbg_hub/inst/N_EXT_BSCAN.bscan_inst/SERIES7_BSCAN.bscan_inst/DRCK rise edge)
                                                      0.000     0.000 r  
    BSCAN_X0Y0           BSCANE2                      0.000     0.000 r  dbg_hub/inst/N_EXT_BSCAN.bscan_inst/SERIES7_BSCAN.bscan_inst/DRCK
                         net (fo=1, routed)           1.884     1.884    dbg_hub/inst/DRCK
    BUFGCTRL_X0Y4        BUFG (Prop_bufg_I_O)         0.030     1.914 r  dbg_hub/inst/N_EXT_BSCAN.u_bufg_icon/O
                         net (fo=269, routed)         0.812     2.726    dbg_hub/inst/CORE_XSDB.U_ICON/U_CMD/CLK
    SLICE_X65Y141        FDCE                                         r  dbg_hub/inst/CORE_XSDB.U_ICON/U_CMD/iTARGET_reg[13]/C
                         clock pessimism              0.000     2.726    
    SLICE_X65Y141        FDCE (Hold_fdce_C_CE)        0.010     2.736    dbg_hub/inst/CORE_XSDB.U_ICON/U_CMD/iTARGET_reg[13]
  -------------------------------------------------------------------
                         required time                         -2.736    
                         arrival time                           3.121    
  -------------------------------------------------------------------
                         slack                                  0.385    

Slack (MET) :             0.385ns  (arrival time - required time)
  Source:                 dbg_hub/inst/CORE_XSDB.U_ICON/iDATA_CMD_reg/C
                            (rising edge-triggered cell FDCE clocked by dbg_hub/inst/N_EXT_BSCAN.bscan_inst/SERIES7_BSCAN.bscan_inst/UPDATE  {rise@0.000ns fall@30.000ns period=60.000ns})
  Destination:            dbg_hub/inst/CORE_XSDB.U_ICON/U_CMD/iTARGET_reg[14]/CE
                            (rising edge-triggered cell FDCE clocked by dbg_hub/inst/N_EXT_BSCAN.bscan_inst/SERIES7_BSCAN.bscan_inst/DRCK  {rise@0.000ns fall@15.000ns period=30.000ns})
  Path Group:             dbg_hub/inst/N_EXT_BSCAN.bscan_inst/SERIES7_BSCAN.bscan_inst/DRCK
  Path Type:              Hold (Min at Fast Process Corner)
  Requirement:            0.000ns  (dbg_hub/inst/N_EXT_BSCAN.bscan_inst/SERIES7_BSCAN.bscan_inst/DRCK rise@0.000ns - dbg_hub/inst/N_EXT_BSCAN.bscan_inst/SERIES7_BSCAN.bscan_inst/UPDATE rise@0.000ns)
  Data Path Delay:        0.934ns  (logic 0.128ns (13.708%)  route 0.806ns (86.292%))
  Logic Levels:           1  (LUT2=1)
  Clock Path Skew:        0.538ns (DCD - SCD - CPR)
    Destination Clock Delay (DCD):    2.726ns
    Source Clock Delay      (SCD):    2.187ns
    Clock Pessimism Removal (CPR):    -0.000ns
  Timing Exception:       MultiCycle Path   Setup -end   2    Hold  -end   1  

    Location             Delay type                Incr(ns)  Path(ns)    Netlist Resource(s)
  -------------------------------------------------------------------    -------------------
                         (clock dbg_hub/inst/N_EXT_BSCAN.bscan_inst/SERIES7_BSCAN.bscan_inst/UPDATE rise edge)
                                                      0.000     0.000 r  
    BSCAN_X0Y0           BSCANE2                      0.000     0.000 r  dbg_hub/inst/N_EXT_BSCAN.bscan_inst/SERIES7_BSCAN.bscan_inst/UPDATE
                         net (fo=1, routed)           1.568     1.568    dbg_hub/inst/UPDATE
    BUFGCTRL_X0Y13       BUFG (Prop_bufg_I_O)         0.026     1.594 r  dbg_hub/inst/N_EXT_BSCAN.u_bufg_icon_update/O
                         net (fo=1, routed)           0.593     2.187    dbg_hub/inst/CORE_XSDB.U_ICON/UPDATE_temp
    SLICE_X63Y141        FDCE                                         r  dbg_hub/inst/CORE_XSDB.U_ICON/iDATA_CMD_reg/C
  -------------------------------------------------------------------    -------------------
    SLICE_X63Y141        FDCE (Prop_fdce_C_Q)         0.100     2.287 f  dbg_hub/inst/CORE_XSDB.U_ICON/iDATA_CMD_reg/Q
                         net (fo=2, routed)           0.413     2.700    dbg_hub/inst/N_EXT_BSCAN.bscan_inst/iDATA_CMD
    SLICE_X63Y141        LUT2 (Prop_lut2_I1_O)        0.028     2.728 r  dbg_hub/inst/N_EXT_BSCAN.bscan_inst/iTARGET[15]_i_1/O
                         net (fo=10, routed)          0.393     3.121    dbg_hub/inst/CORE_XSDB.U_ICON/U_CMD/iDATA_CMD_reg[0]
    SLICE_X65Y141        FDCE                                         r  dbg_hub/inst/CORE_XSDB.U_ICON/U_CMD/iTARGET_reg[14]/CE
  -------------------------------------------------------------------    -------------------

                         (clock dbg_hub/inst/N_EXT_BSCAN.bscan_inst/SERIES7_BSCAN.bscan_inst/DRCK rise edge)
                                                      0.000     0.000 r  
    BSCAN_X0Y0           BSCANE2                      0.000     0.000 r  dbg_hub/inst/N_EXT_BSCAN.bscan_inst/SERIES7_BSCAN.bscan_inst/DRCK
                         net (fo=1, routed)           1.884     1.884    dbg_hub/inst/DRCK
    BUFGCTRL_X0Y4        BUFG (Prop_bufg_I_O)         0.030     1.914 r  dbg_hub/inst/N_EXT_BSCAN.u_bufg_icon/O
                         net (fo=269, routed)         0.812     2.726    dbg_hub/inst/CORE_XSDB.U_ICON/U_CMD/CLK
    SLICE_X65Y141        FDCE                                         r  dbg_hub/inst/CORE_XSDB.U_ICON/U_CMD/iTARGET_reg[14]/C
                         clock pessimism              0.000     2.726    
    SLICE_X65Y141        FDCE (Hold_fdce_C_CE)        0.010     2.736    dbg_hub/inst/CORE_XSDB.U_ICON/U_CMD/iTARGET_reg[14]
  -------------------------------------------------------------------
                         required time                         -2.736    
                         arrival time                           3.121    
  -------------------------------------------------------------------
                         slack                                  0.385    

Slack (MET) :             0.407ns  (arrival time - required time)
  Source:                 dbg_hub/inst/CORE_XSDB.U_ICON/iDATA_CMD_reg/C
                            (rising edge-triggered cell FDCE clocked by dbg_hub/inst/N_EXT_BSCAN.bscan_inst/SERIES7_BSCAN.bscan_inst/UPDATE  {rise@0.000ns fall@30.000ns period=60.000ns})
  Destination:            dbg_hub/inst/CORE_XSDB.U_ICON/U_CMD/iTARGET_reg[10]/CE
                            (rising edge-triggered cell FDCE clocked by dbg_hub/inst/N_EXT_BSCAN.bscan_inst/SERIES7_BSCAN.bscan_inst/DRCK  {rise@0.000ns fall@15.000ns period=30.000ns})
  Path Group:             dbg_hub/inst/N_EXT_BSCAN.bscan_inst/SERIES7_BSCAN.bscan_inst/DRCK
  Path Type:              Hold (Min at Fast Process Corner)
  Requirement:            0.000ns  (dbg_hub/inst/N_EXT_BSCAN.bscan_inst/SERIES7_BSCAN.bscan_inst/DRCK rise@0.000ns - dbg_hub/inst/N_EXT_BSCAN.bscan_inst/SERIES7_BSCAN.bscan_inst/UPDATE rise@0.000ns)
  Data Path Delay:        0.975ns  (logic 0.128ns (13.123%)  route 0.847ns (86.877%))
  Logic Levels:           1  (LUT2=1)
  Clock Path Skew:        0.538ns (DCD - SCD - CPR)
    Destination Clock Delay (DCD):    2.726ns
    Source Clock Delay      (SCD):    2.187ns
    Clock Pessimism Removal (CPR):    -0.000ns
  Timing Exception:       MultiCycle Path   Setup -end   2    Hold  -end   1  

    Location             Delay type                Incr(ns)  Path(ns)    Netlist Resource(s)
  -------------------------------------------------------------------    -------------------
                         (clock dbg_hub/inst/N_EXT_BSCAN.bscan_inst/SERIES7_BSCAN.bscan_inst/UPDATE rise edge)
                                                      0.000     0.000 r  
    BSCAN_X0Y0           BSCANE2                      0.000     0.000 r  dbg_hub/inst/N_EXT_BSCAN.bscan_inst/SERIES7_BSCAN.bscan_inst/UPDATE
                         net (fo=1, routed)           1.568     1.568    dbg_hub/inst/UPDATE
    BUFGCTRL_X0Y13       BUFG (Prop_bufg_I_O)         0.026     1.594 r  dbg_hub/inst/N_EXT_BSCAN.u_bufg_icon_update/O
                         net (fo=1, routed)           0.593     2.187    dbg_hub/inst/CORE_XSDB.U_ICON/UPDATE_temp
    SLICE_X63Y141        FDCE                                         r  dbg_hub/inst/CORE_XSDB.U_ICON/iDATA_CMD_reg/C
  -------------------------------------------------------------------    -------------------
    SLICE_X63Y141        FDCE (Prop_fdce_C_Q)         0.100     2.287 f  dbg_hub/inst/CORE_XSDB.U_ICON/iDATA_CMD_reg/Q
                         net (fo=2, routed)           0.413     2.700    dbg_hub/inst/N_EXT_BSCAN.bscan_inst/iDATA_CMD
    SLICE_X63Y141        LUT2 (Prop_lut2_I1_O)        0.028     2.728 r  dbg_hub/inst/N_EXT_BSCAN.bscan_inst/iTARGET[15]_i_1/O
                         net (fo=10, routed)          0.434     3.163    dbg_hub/inst/CORE_XSDB.U_ICON/U_CMD/iDATA_CMD_reg[0]
    SLICE_X66Y141        FDCE                                         r  dbg_hub/inst/CORE_XSDB.U_ICON/U_CMD/iTARGET_reg[10]/CE
  -------------------------------------------------------------------    -------------------

                         (clock dbg_hub/inst/N_EXT_BSCAN.bscan_inst/SERIES7_BSCAN.bscan_inst/DRCK rise edge)
                                                      0.000     0.000 r  
    BSCAN_X0Y0           BSCANE2                      0.000     0.000 r  dbg_hub/inst/N_EXT_BSCAN.bscan_inst/SERIES7_BSCAN.bscan_inst/DRCK
                         net (fo=1, routed)           1.884     1.884    dbg_hub/inst/DRCK
    BUFGCTRL_X0Y4        BUFG (Prop_bufg_I_O)         0.030     1.914 r  dbg_hub/inst/N_EXT_BSCAN.u_bufg_icon/O
                         net (fo=269, routed)         0.812     2.726    dbg_hub/inst/CORE_XSDB.U_ICON/U_CMD/CLK
    SLICE_X66Y141        FDCE                                         r  dbg_hub/inst/CORE_XSDB.U_ICON/U_CMD/iTARGET_reg[10]/C
                         clock pessimism              0.000     2.726    
    SLICE_X66Y141        FDCE (Hold_fdce_C_CE)        0.030     2.756    dbg_hub/inst/CORE_XSDB.U_ICON/U_CMD/iTARGET_reg[10]
  -------------------------------------------------------------------
                         required time                         -2.756    
                         arrival time                           3.163    
  -------------------------------------------------------------------
                         slack                                  0.407    

Slack (MET) :             0.407ns  (arrival time - required time)
  Source:                 dbg_hub/inst/CORE_XSDB.U_ICON/iDATA_CMD_reg/C
                            (rising edge-triggered cell FDCE clocked by dbg_hub/inst/N_EXT_BSCAN.bscan_inst/SERIES7_BSCAN.bscan_inst/UPDATE  {rise@0.000ns fall@30.000ns period=60.000ns})
  Destination:            dbg_hub/inst/CORE_XSDB.U_ICON/U_CMD/iTARGET_reg[9]/CE
                            (rising edge-triggered cell FDCE clocked by dbg_hub/inst/N_EXT_BSCAN.bscan_inst/SERIES7_BSCAN.bscan_inst/DRCK  {rise@0.000ns fall@15.000ns period=30.000ns})
  Path Group:             dbg_hub/inst/N_EXT_BSCAN.bscan_inst/SERIES7_BSCAN.bscan_inst/DRCK
  Path Type:              Hold (Min at Fast Process Corner)
  Requirement:            0.000ns  (dbg_hub/inst/N_EXT_BSCAN.bscan_inst/SERIES7_BSCAN.bscan_inst/DRCK rise@0.000ns - dbg_hub/inst/N_EXT_BSCAN.bscan_inst/SERIES7_BSCAN.bscan_inst/UPDATE rise@0.000ns)
  Data Path Delay:        0.975ns  (logic 0.128ns (13.123%)  route 0.847ns (86.877%))
  Logic Levels:           1  (LUT2=1)
  Clock Path Skew:        0.538ns (DCD - SCD - CPR)
    Destination Clock Delay (DCD):    2.726ns
    Source Clock Delay      (SCD):    2.187ns
    Clock Pessimism Removal (CPR):    -0.000ns
  Timing Exception:       MultiCycle Path   Setup -end   2    Hold  -end   1  

    Location             Delay type                Incr(ns)  Path(ns)    Netlist Resource(s)
  -------------------------------------------------------------------    -------------------
                         (clock dbg_hub/inst/N_EXT_BSCAN.bscan_inst/SERIES7_BSCAN.bscan_inst/UPDATE rise edge)
                                                      0.000     0.000 r  
    BSCAN_X0Y0           BSCANE2                      0.000     0.000 r  dbg_hub/inst/N_EXT_BSCAN.bscan_inst/SERIES7_BSCAN.bscan_inst/UPDATE
                         net (fo=1, routed)           1.568     1.568    dbg_hub/inst/UPDATE
    BUFGCTRL_X0Y13       BUFG (Prop_bufg_I_O)         0.026     1.594 r  dbg_hub/inst/N_EXT_BSCAN.u_bufg_icon_update/O
                         net (fo=1, routed)           0.593     2.187    dbg_hub/inst/CORE_XSDB.U_ICON/UPDATE_temp
    SLICE_X63Y141        FDCE                                         r  dbg_hub/inst/CORE_XSDB.U_ICON/iDATA_CMD_reg/C
  -------------------------------------------------------------------    -------------------
    SLICE_X63Y141        FDCE (Prop_fdce_C_Q)         0.100     2.287 f  dbg_hub/inst/CORE_XSDB.U_ICON/iDATA_CMD_reg/Q
                         net (fo=2, routed)           0.413     2.700    dbg_hub/inst/N_EXT_BSCAN.bscan_inst/iDATA_CMD
    SLICE_X63Y141        LUT2 (Prop_lut2_I1_O)        0.028     2.728 r  dbg_hub/inst/N_EXT_BSCAN.bscan_inst/iTARGET[15]_i_1/O
                         net (fo=10, routed)          0.434     3.163    dbg_hub/inst/CORE_XSDB.U_ICON/U_CMD/iDATA_CMD_reg[0]
    SLICE_X66Y141        FDCE                                         r  dbg_hub/inst/CORE_XSDB.U_ICON/U_CMD/iTARGET_reg[9]/CE
  -------------------------------------------------------------------    -------------------

                         (clock dbg_hub/inst/N_EXT_BSCAN.bscan_inst/SERIES7_BSCAN.bscan_inst/DRCK rise edge)
                                                      0.000     0.000 r  
    BSCAN_X0Y0           BSCANE2                      0.000     0.000 r  dbg_hub/inst/N_EXT_BSCAN.bscan_inst/SERIES7_BSCAN.bscan_inst/DRCK
                         net (fo=1, routed)           1.884     1.884    dbg_hub/inst/DRCK
    BUFGCTRL_X0Y4        BUFG (Prop_bufg_I_O)         0.030     1.914 r  dbg_hub/inst/N_EXT_BSCAN.u_bufg_icon/O
                         net (fo=269, routed)         0.812     2.726    dbg_hub/inst/CORE_XSDB.U_ICON/U_CMD/CLK
    SLICE_X66Y141        FDCE                                         r  dbg_hub/inst/CORE_XSDB.U_ICON/U_CMD/iTARGET_reg[9]/C
                         clock pessimism              0.000     2.726    
    SLICE_X66Y141        FDCE (Hold_fdce_C_CE)        0.030     2.756    dbg_hub/inst/CORE_XSDB.U_ICON/U_CMD/iTARGET_reg[9]
  -------------------------------------------------------------------
                         required time                         -2.756    
                         arrival time                           3.163    
  -------------------------------------------------------------------
                         slack                                  0.407    





---------------------------------------------------------------------------------------------------
Path Group:  **async_default**
From Clock:  PHY_RXCLK
  To Clock:  PHY_RXCLK

Setup :            0  Failing Endpoints,  Worst Slack        3.593ns,  Total Violation        0.000ns
Hold  :            0  Failing Endpoints,  Worst Slack        0.184ns,  Total Violation        0.000ns
---------------------------------------------------------------------------------------------------


Max Delay Paths
--------------------------------------------------------------------------------------
Slack (MET) :             3.593ns  (required time - arrival time)
  Source:                 eth_interface/data_manager_blk/RAM_COMM_DEC/Tx_FIFO_Reset_reg/C
                            (rising edge-triggered cell FDRE clocked by PHY_RXCLK  {rise@0.000ns fall@4.000ns period=8.000ns})
  Destination:            eth_interface/data_manager_blk/TX_CTRL_FIFO/FIFO_SYNC_MACRO_inst/bl.fifo_36_inst_bl_1.fifo_36_bl_1/RST
                            (recovery check against rising-edge clock PHY_RXCLK  {rise@0.000ns fall@4.000ns period=8.000ns})
  Path Group:             **async_default**
  Path Type:              Recovery (Max at Slow Process Corner)
  Requirement:            8.000ns  (PHY_RXCLK rise@8.000ns - PHY_RXCLK rise@0.000ns)
  Data Path Delay:        2.410ns  (logic 0.310ns (12.864%)  route 2.100ns (87.136%))
  Logic Levels:           1  (LUT2=1)
  Clock Path Skew:        -0.118ns (DCD - SCD + CPR)
    Destination Clock Delay (DCD):    4.179ns = ( 12.179 - 8.000 ) 
    Source Clock Delay      (SCD):    4.540ns
    Clock Pessimism Removal (CPR):    0.242ns
  Clock Uncertainty:      0.035ns  ((TSJ^2 + TIJ^2)^1/2 + DJ) / 2 + PE
    Total System Jitter     (TSJ):    0.071ns
    Total Input Jitter      (TIJ):    0.000ns
    Discrete Jitter          (DJ):    0.000ns
    Phase Error              (PE):    0.000ns

    Location             Delay type                Incr(ns)  Path(ns)    Netlist Resource(s)
  -------------------------------------------------------------------    -------------------
                         (clock PHY_RXCLK rise edge)
                                                      0.000     0.000 r  
    T26                                               0.000     0.000 r  PHY_RXCLK (IN)
                         net (fo=0)                   0.000     0.000    PHY_RXCLK
    T26                  IBUF (Prop_ibuf_I_O)         1.251     1.251 r  PHY_RXCLK_IBUF_inst/O
                         net (fo=1, routed)           1.973     3.224    PHY_RXCLK_IBUF
    BUFGCTRL_X0Y0        BUFG (Prop_bufg_I_O)         0.093     3.317 r  IBUF_PHY_RXCLK/O
                         net (fo=6559, routed)        1.223     4.540    eth_interface/data_manager_blk/RAM_COMM_DEC/clock
    SLICE_X102Y178       FDRE                                         r  eth_interface/data_manager_blk/RAM_COMM_DEC/Tx_FIFO_Reset_reg/C
  -------------------------------------------------------------------    -------------------
    SLICE_X102Y178       FDRE (Prop_fdre_C_Q)         0.259     4.799 f  eth_interface/data_manager_blk/RAM_COMM_DEC/Tx_FIFO_Reset_reg/Q
                         net (fo=1, routed)           0.278     5.076    eth_interface/data_manager_blk/comm_dec_tx_fifo_reset
    SLICE_X102Y178       LUT2 (Prop_lut2_I0_O)        0.051     5.127 f  eth_interface/data_manager_blk/TX_CTRL_FIFO_i_1/O
                         net (fo=4, routed)           1.822     6.950    eth_interface/data_manager_blk/TX_CTRL_FIFO/FIFO_SYNC_MACRO_inst/RST
    RAMB36_X2Y40         FIFO36E1                                     f  eth_interface/data_manager_blk/TX_CTRL_FIFO/FIFO_SYNC_MACRO_inst/bl.fifo_36_inst_bl_1.fifo_36_bl_1/RST
  -------------------------------------------------------------------    -------------------

                         (clock PHY_RXCLK rise edge)
                                                      8.000     8.000 r  
    T26                                               0.000     8.000 r  PHY_RXCLK (IN)
                         net (fo=0)                   0.000     8.000    PHY_RXCLK
    T26                  IBUF (Prop_ibuf_I_O)         1.138     9.138 r  PHY_RXCLK_IBUF_inst/O
                         net (fo=1, routed)           1.854    10.992    PHY_RXCLK_IBUF
    BUFGCTRL_X0Y0        BUFG (Prop_bufg_I_O)         0.083    11.075 r  IBUF_PHY_RXCLK/O
                         net (fo=6559, routed)        1.105    12.179    eth_interface/data_manager_blk/TX_CTRL_FIFO/FIFO_SYNC_MACRO_inst/CLK
    RAMB36_X2Y40         FIFO36E1                                     r  eth_interface/data_manager_blk/TX_CTRL_FIFO/FIFO_SYNC_MACRO_inst/bl.fifo_36_inst_bl_1.fifo_36_bl_1/RDCLK
                         clock pessimism              0.242    12.421    
                         clock uncertainty           -0.035    12.386    
    RAMB36_X2Y40         FIFO36E1 (Recov_fifo36e1_RDCLK_RST)
                                                     -1.843    10.543    eth_interface/data_manager_blk/TX_CTRL_FIFO/FIFO_SYNC_MACRO_inst/bl.fifo_36_inst_bl_1.fifo_36_bl_1
  -------------------------------------------------------------------
                         required time                         10.543    
                         arrival time                          -6.950    
  -------------------------------------------------------------------
                         slack                                  3.593    

Slack (MET) :             3.841ns  (required time - arrival time)
  Source:                 eth_interface/data_manager_blk/RAM_COMM_DEC/Rx_FIFO_Reset_reg/C
                            (rising edge-triggered cell FDSE clocked by PHY_RXCLK  {rise@0.000ns fall@4.000ns period=8.000ns})
  Destination:            eth_interface/data_manager_blk/RX_SRC_ADDR_FIFO/FIFO_SYNC_MACRO_inst/bl.fifo_36_inst_bl_1.fifo_36_bl_1/RST
                            (recovery check against rising-edge clock PHY_RXCLK  {rise@0.000ns fall@4.000ns period=8.000ns})
  Path Group:             **async_default**
  Path Type:              Recovery (Max at Slow Process Corner)
  Requirement:            8.000ns  (PHY_RXCLK rise@8.000ns - PHY_RXCLK rise@0.000ns)
  Data Path Delay:        2.265ns  (logic 0.266ns (11.743%)  route 1.999ns (88.257%))
  Logic Levels:           1  (LUT2=1)
  Clock Path Skew:        -0.106ns (DCD - SCD + CPR)
    Destination Clock Delay (DCD):    4.190ns = ( 12.190 - 8.000 ) 
    Source Clock Delay      (SCD):    4.539ns
    Clock Pessimism Removal (CPR):    0.242ns
  Clock Uncertainty:      0.035ns  ((TSJ^2 + TIJ^2)^1/2 + DJ) / 2 + PE
    Total System Jitter     (TSJ):    0.071ns
    Total Input Jitter      (TIJ):    0.000ns
    Discrete Jitter          (DJ):    0.000ns
    Phase Error              (PE):    0.000ns

    Location             Delay type                Incr(ns)  Path(ns)    Netlist Resource(s)
  -------------------------------------------------------------------    -------------------
                         (clock PHY_RXCLK rise edge)
                                                      0.000     0.000 r  
    T26                                               0.000     0.000 r  PHY_RXCLK (IN)
                         net (fo=0)                   0.000     0.000    PHY_RXCLK
    T26                  IBUF (Prop_ibuf_I_O)         1.251     1.251 r  PHY_RXCLK_IBUF_inst/O
                         net (fo=1, routed)           1.973     3.224    PHY_RXCLK_IBUF
    BUFGCTRL_X0Y0        BUFG (Prop_bufg_I_O)         0.093     3.317 r  IBUF_PHY_RXCLK/O
                         net (fo=6559, routed)        1.222     4.539    eth_interface/data_manager_blk/RAM_COMM_DEC/clock
    SLICE_X101Y177       FDSE                                         r  eth_interface/data_manager_blk/RAM_COMM_DEC/Rx_FIFO_Reset_reg/C
  -------------------------------------------------------------------    -------------------
    SLICE_X101Y177       FDSE (Prop_fdse_C_Q)         0.223     4.762 f  eth_interface/data_manager_blk/RAM_COMM_DEC/Rx_FIFO_Reset_reg/Q
                         net (fo=1, routed)           0.542     5.304    eth_interface/data_manager_blk/rx_fifo_reset
    SLICE_X102Y178       LUT2 (Prop_lut2_I0_O)        0.043     5.347 f  eth_interface/data_manager_blk/RX_DATA_FIFO_i_1/O
                         net (fo=4, routed)           1.457     6.804    eth_interface/data_manager_blk/RX_SRC_ADDR_FIFO/FIFO_SYNC_MACRO_inst/RST
    RAMB36_X3Y43         FIFO36E1                                     f  eth_interface/data_manager_blk/RX_SRC_ADDR_FIFO/FIFO_SYNC_MACRO_inst/bl.fifo_36_inst_bl_1.fifo_36_bl_1/RST
  -------------------------------------------------------------------    -------------------

                         (clock PHY_RXCLK rise edge)
                                                      8.000     8.000 r  
    T26                                               0.000     8.000 r  PHY_RXCLK (IN)
                         net (fo=0)                   0.000     8.000    PHY_RXCLK
    T26                  IBUF (Prop_ibuf_I_O)         1.138     9.138 r  PHY_RXCLK_IBUF_inst/O
                         net (fo=1, routed)           1.854    10.992    PHY_RXCLK_IBUF
    BUFGCTRL_X0Y0        BUFG (Prop_bufg_I_O)         0.083    11.075 r  IBUF_PHY_RXCLK/O
                         net (fo=6559, routed)        1.116    12.190    eth_interface/data_manager_blk/RX_SRC_ADDR_FIFO/FIFO_SYNC_MACRO_inst/CLK
    RAMB36_X3Y43         FIFO36E1                                     r  eth_interface/data_manager_blk/RX_SRC_ADDR_FIFO/FIFO_SYNC_MACRO_inst/bl.fifo_36_inst_bl_1.fifo_36_bl_1/RDCLK
                         clock pessimism              0.242    12.432    
                         clock uncertainty           -0.035    12.397    
    RAMB36_X3Y43         FIFO36E1 (Recov_fifo36e1_RDCLK_RST)
                                                     -1.752    10.645    eth_interface/data_manager_blk/RX_SRC_ADDR_FIFO/FIFO_SYNC_MACRO_inst/bl.fifo_36_inst_bl_1.fifo_36_bl_1
  -------------------------------------------------------------------
                         required time                         10.645    
                         arrival time                          -6.804    
  -------------------------------------------------------------------
                         slack                                  3.841    

Slack (MET) :             4.274ns  (required time - arrival time)
  Source:                 eth_interface/data_manager_blk/RAM_COMM_DEC/Tx_FIFO_Reset_reg/C
                            (rising edge-triggered cell FDRE clocked by PHY_RXCLK  {rise@0.000ns fall@4.000ns period=8.000ns})
  Destination:            eth_interface/data_manager_blk/TX_CTRL_MAC_FIFO/FIFO_SYNC_MACRO_inst/bl.fifo_36_inst_bl_1.fifo_36_bl_1/RST
                            (recovery check against rising-edge clock PHY_RXCLK  {rise@0.000ns fall@4.000ns period=8.000ns})
  Path Group:             **async_default**
  Path Type:              Recovery (Max at Slow Process Corner)
  Requirement:            8.000ns  (PHY_RXCLK rise@8.000ns - PHY_RXCLK rise@0.000ns)
  Data Path Delay:        1.747ns  (logic 0.310ns (17.745%)  route 1.437ns (82.255%))
  Logic Levels:           1  (LUT2=1)
  Clock Path Skew:        -0.100ns (DCD - SCD + CPR)
    Destination Clock Delay (DCD):    4.197ns = ( 12.197 - 8.000 ) 
    Source Clock Delay      (SCD):    4.540ns
    Clock Pessimism Removal (CPR):    0.242ns
  Clock Uncertainty:      0.035ns  ((TSJ^2 + TIJ^2)^1/2 + DJ) / 2 + PE
    Total System Jitter     (TSJ):    0.071ns
    Total Input Jitter      (TIJ):    0.000ns
    Discrete Jitter          (DJ):    0.000ns
    Phase Error              (PE):    0.000ns

    Location             Delay type                Incr(ns)  Path(ns)    Netlist Resource(s)
  -------------------------------------------------------------------    -------------------
                         (clock PHY_RXCLK rise edge)
                                                      0.000     0.000 r  
    T26                                               0.000     0.000 r  PHY_RXCLK (IN)
                         net (fo=0)                   0.000     0.000    PHY_RXCLK
    T26                  IBUF (Prop_ibuf_I_O)         1.251     1.251 r  PHY_RXCLK_IBUF_inst/O
                         net (fo=1, routed)           1.973     3.224    PHY_RXCLK_IBUF
    BUFGCTRL_X0Y0        BUFG (Prop_bufg_I_O)         0.093     3.317 r  IBUF_PHY_RXCLK/O
                         net (fo=6559, routed)        1.223     4.540    eth_interface/data_manager_blk/RAM_COMM_DEC/clock
    SLICE_X102Y178       FDRE                                         r  eth_interface/data_manager_blk/RAM_COMM_DEC/Tx_FIFO_Reset_reg/C
  -------------------------------------------------------------------    -------------------
    SLICE_X102Y178       FDRE (Prop_fdre_C_Q)         0.259     4.799 f  eth_interface/data_manager_blk/RAM_COMM_DEC/Tx_FIFO_Reset_reg/Q
                         net (fo=1, routed)           0.278     5.076    eth_interface/data_manager_blk/comm_dec_tx_fifo_reset
    SLICE_X102Y178       LUT2 (Prop_lut2_I0_O)        0.051     5.127 f  eth_interface/data_manager_blk/TX_CTRL_FIFO_i_1/O
                         net (fo=4, routed)           1.159     6.287    eth_interface/data_manager_blk/TX_CTRL_MAC_FIFO/FIFO_SYNC_MACRO_inst/RST
    RAMB36_X3Y41         FIFO36E1                                     f  eth_interface/data_manager_blk/TX_CTRL_MAC_FIFO/FIFO_SYNC_MACRO_inst/bl.fifo_36_inst_bl_1.fifo_36_bl_1/RST
  -------------------------------------------------------------------    -------------------

                         (clock PHY_RXCLK rise edge)
                                                      8.000     8.000 r  
    T26                                               0.000     8.000 r  PHY_RXCLK (IN)
                         net (fo=0)                   0.000     8.000    PHY_RXCLK
    T26                  IBUF (Prop_ibuf_I_O)         1.138     9.138 r  PHY_RXCLK_IBUF_inst/O
                         net (fo=1, routed)           1.854    10.992    PHY_RXCLK_IBUF
    BUFGCTRL_X0Y0        BUFG (Prop_bufg_I_O)         0.083    11.075 r  IBUF_PHY_RXCLK/O
                         net (fo=6559, routed)        1.123    12.197    eth_interface/data_manager_blk/TX_CTRL_MAC_FIFO/FIFO_SYNC_MACRO_inst/CLK
    RAMB36_X3Y41         FIFO36E1                                     r  eth_interface/data_manager_blk/TX_CTRL_MAC_FIFO/FIFO_SYNC_MACRO_inst/bl.fifo_36_inst_bl_1.fifo_36_bl_1/RDCLK
                         clock pessimism              0.242    12.439    
                         clock uncertainty           -0.035    12.404    
    RAMB36_X3Y41         FIFO36E1 (Recov_fifo36e1_RDCLK_RST)
                                                     -1.843    10.561    eth_interface/data_manager_blk/TX_CTRL_MAC_FIFO/FIFO_SYNC_MACRO_inst/bl.fifo_36_inst_bl_1.fifo_36_bl_1
  -------------------------------------------------------------------
                         required time                         10.561    
                         arrival time                          -6.287    
  -------------------------------------------------------------------
                         slack                                  4.274    

Slack (MET) :             4.291ns  (required time - arrival time)
  Source:                 eth_interface/data_manager_blk/RAM_COMM_DEC/Tx_FIFO_Reset_reg/C
                            (rising edge-triggered cell FDRE clocked by PHY_RXCLK  {rise@0.000ns fall@4.000ns period=8.000ns})
  Destination:            eth_interface/data_manager_blk/TX_CTRL_ADDR_FIFO/FIFO_SYNC_MACRO_inst/bl.fifo_36_inst_bl_1.fifo_36_bl_1/RST
                            (recovery check against rising-edge clock PHY_RXCLK  {rise@0.000ns fall@4.000ns period=8.000ns})
  Path Group:             **async_default**
  Path Type:              Recovery (Max at Slow Process Corner)
  Requirement:            8.000ns  (PHY_RXCLK rise@8.000ns - PHY_RXCLK rise@0.000ns)
  Data Path Delay:        1.728ns  (logic 0.310ns (17.939%)  route 1.418ns (82.061%))
  Logic Levels:           1  (LUT2=1)
  Clock Path Skew:        -0.102ns (DCD - SCD + CPR)
    Destination Clock Delay (DCD):    4.195ns = ( 12.195 - 8.000 ) 
    Source Clock Delay      (SCD):    4.540ns
    Clock Pessimism Removal (CPR):    0.242ns
  Clock Uncertainty:      0.035ns  ((TSJ^2 + TIJ^2)^1/2 + DJ) / 2 + PE
    Total System Jitter     (TSJ):    0.071ns
    Total Input Jitter      (TIJ):    0.000ns
    Discrete Jitter          (DJ):    0.000ns
    Phase Error              (PE):    0.000ns

    Location             Delay type                Incr(ns)  Path(ns)    Netlist Resource(s)
  -------------------------------------------------------------------    -------------------
                         (clock PHY_RXCLK rise edge)
                                                      0.000     0.000 r  
    T26                                               0.000     0.000 r  PHY_RXCLK (IN)
                         net (fo=0)                   0.000     0.000    PHY_RXCLK
    T26                  IBUF (Prop_ibuf_I_O)         1.251     1.251 r  PHY_RXCLK_IBUF_inst/O
                         net (fo=1, routed)           1.973     3.224    PHY_RXCLK_IBUF
    BUFGCTRL_X0Y0        BUFG (Prop_bufg_I_O)         0.093     3.317 r  IBUF_PHY_RXCLK/O
                         net (fo=6559, routed)        1.223     4.540    eth_interface/data_manager_blk/RAM_COMM_DEC/clock
    SLICE_X102Y178       FDRE                                         r  eth_interface/data_manager_blk/RAM_COMM_DEC/Tx_FIFO_Reset_reg/C
  -------------------------------------------------------------------    -------------------
    SLICE_X102Y178       FDRE (Prop_fdre_C_Q)         0.259     4.799 f  eth_interface/data_manager_blk/RAM_COMM_DEC/Tx_FIFO_Reset_reg/Q
                         net (fo=1, routed)           0.278     5.076    eth_interface/data_manager_blk/comm_dec_tx_fifo_reset
    SLICE_X102Y178       LUT2 (Prop_lut2_I0_O)        0.051     5.127 f  eth_interface/data_manager_blk/TX_CTRL_FIFO_i_1/O
                         net (fo=4, routed)           1.141     6.268    eth_interface/data_manager_blk/TX_CTRL_ADDR_FIFO/FIFO_SYNC_MACRO_inst/RST
    RAMB36_X3Y42         FIFO36E1                                     f  eth_interface/data_manager_blk/TX_CTRL_ADDR_FIFO/FIFO_SYNC_MACRO_inst/bl.fifo_36_inst_bl_1.fifo_36_bl_1/RST
  -------------------------------------------------------------------    -------------------

                         (clock PHY_RXCLK rise edge)
                                                      8.000     8.000 r  
    T26                                               0.000     8.000 r  PHY_RXCLK (IN)
                         net (fo=0)                   0.000     8.000    PHY_RXCLK
    T26                  IBUF (Prop_ibuf_I_O)         1.138     9.138 r  PHY_RXCLK_IBUF_inst/O
                         net (fo=1, routed)           1.854    10.992    PHY_RXCLK_IBUF
    BUFGCTRL_X0Y0        BUFG (Prop_bufg_I_O)         0.083    11.075 r  IBUF_PHY_RXCLK/O
                         net (fo=6559, routed)        1.121    12.195    eth_interface/data_manager_blk/TX_CTRL_ADDR_FIFO/FIFO_SYNC_MACRO_inst/CLK
    RAMB36_X3Y42         FIFO36E1                                     r  eth_interface/data_manager_blk/TX_CTRL_ADDR_FIFO/FIFO_SYNC_MACRO_inst/bl.fifo_36_inst_bl_1.fifo_36_bl_1/RDCLK
                         clock pessimism              0.242    12.437    
                         clock uncertainty           -0.035    12.402    
    RAMB36_X3Y42         FIFO36E1 (Recov_fifo36e1_RDCLK_RST)
                                                     -1.843    10.559    eth_interface/data_manager_blk/TX_CTRL_ADDR_FIFO/FIFO_SYNC_MACRO_inst/bl.fifo_36_inst_bl_1.fifo_36_bl_1
  -------------------------------------------------------------------
                         required time                         10.559    
                         arrival time                          -6.268    
  -------------------------------------------------------------------
                         slack                                  4.291    

Slack (MET) :             4.306ns  (required time - arrival time)
  Source:                 eth_interface/data_manager_blk/RAM_COMM_DEC/Rx_FIFO_Reset_reg/C
                            (rising edge-triggered cell FDSE clocked by PHY_RXCLK  {rise@0.000ns fall@4.000ns period=8.000ns})
  Destination:            eth_interface/data_manager_blk/RX_SRC_MAC_FIFO/FIFO_SYNC_MACRO_inst/bl.fifo_36_inst_bl_1.fifo_36_bl_1/RST
                            (recovery check against rising-edge clock PHY_RXCLK  {rise@0.000ns fall@4.000ns period=8.000ns})
  Path Group:             **async_default**
  Path Type:              Recovery (Max at Slow Process Corner)
  Requirement:            8.000ns  (PHY_RXCLK rise@8.000ns - PHY_RXCLK rise@0.000ns)
  Data Path Delay:        1.809ns  (logic 0.266ns (14.704%)  route 1.543ns (85.296%))
  Logic Levels:           1  (LUT2=1)
  Clock Path Skew:        -0.097ns (DCD - SCD + CPR)
    Destination Clock Delay (DCD):    4.199ns = ( 12.199 - 8.000 ) 
    Source Clock Delay      (SCD):    4.539ns
    Clock Pessimism Removal (CPR):    0.242ns
  Clock Uncertainty:      0.035ns  ((TSJ^2 + TIJ^2)^1/2 + DJ) / 2 + PE
    Total System Jitter     (TSJ):    0.071ns
    Total Input Jitter      (TIJ):    0.000ns
    Discrete Jitter          (DJ):    0.000ns
    Phase Error              (PE):    0.000ns

    Location             Delay type                Incr(ns)  Path(ns)    Netlist Resource(s)
  -------------------------------------------------------------------    -------------------
                         (clock PHY_RXCLK rise edge)
                                                      0.000     0.000 r  
    T26                                               0.000     0.000 r  PHY_RXCLK (IN)
                         net (fo=0)                   0.000     0.000    PHY_RXCLK
    T26                  IBUF (Prop_ibuf_I_O)         1.251     1.251 r  PHY_RXCLK_IBUF_inst/O
                         net (fo=1, routed)           1.973     3.224    PHY_RXCLK_IBUF
    BUFGCTRL_X0Y0        BUFG (Prop_bufg_I_O)         0.093     3.317 r  IBUF_PHY_RXCLK/O
                         net (fo=6559, routed)        1.222     4.539    eth_interface/data_manager_blk/RAM_COMM_DEC/clock
    SLICE_X101Y177       FDSE                                         r  eth_interface/data_manager_blk/RAM_COMM_DEC/Rx_FIFO_Reset_reg/C
  -------------------------------------------------------------------    -------------------
    SLICE_X101Y177       FDSE (Prop_fdse_C_Q)         0.223     4.762 f  eth_interface/data_manager_blk/RAM_COMM_DEC/Rx_FIFO_Reset_reg/Q
                         net (fo=1, routed)           0.542     5.304    eth_interface/data_manager_blk/rx_fifo_reset
    SLICE_X102Y178       LUT2 (Prop_lut2_I0_O)        0.043     5.347 f  eth_interface/data_manager_blk/RX_DATA_FIFO_i_1/O
                         net (fo=4, routed)           1.001     6.348    eth_interface/data_manager_blk/RX_SRC_MAC_FIFO/FIFO_SYNC_MACRO_inst/RST
    RAMB36_X3Y40         FIFO36E1                                     f  eth_interface/data_manager_blk/RX_SRC_MAC_FIFO/FIFO_SYNC_MACRO_inst/bl.fifo_36_inst_bl_1.fifo_36_bl_1/RST
  -------------------------------------------------------------------    -------------------

                         (clock PHY_RXCLK rise edge)
                                                      8.000     8.000 r  
    T26                                               0.000     8.000 r  PHY_RXCLK (IN)
                         net (fo=0)                   0.000     8.000    PHY_RXCLK
    T26                  IBUF (Prop_ibuf_I_O)         1.138     9.138 r  PHY_RXCLK_IBUF_inst/O
                         net (fo=1, routed)           1.854    10.992    PHY_RXCLK_IBUF
    BUFGCTRL_X0Y0        BUFG (Prop_bufg_I_O)         0.083    11.075 r  IBUF_PHY_RXCLK/O
                         net (fo=6559, routed)        1.125    12.199    eth_interface/data_manager_blk/RX_SRC_MAC_FIFO/FIFO_SYNC_MACRO_inst/CLK
    RAMB36_X3Y40         FIFO36E1                                     r  eth_interface/data_manager_blk/RX_SRC_MAC_FIFO/FIFO_SYNC_MACRO_inst/bl.fifo_36_inst_bl_1.fifo_36_bl_1/RDCLK
                         clock pessimism              0.242    12.441    
                         clock uncertainty           -0.035    12.406    
    RAMB36_X3Y40         FIFO36E1 (Recov_fifo36e1_RDCLK_RST)
                                                     -1.752    10.654    eth_interface/data_manager_blk/RX_SRC_MAC_FIFO/FIFO_SYNC_MACRO_inst/bl.fifo_36_inst_bl_1.fifo_36_bl_1
  -------------------------------------------------------------------
                         required time                         10.654    
                         arrival time                          -6.348    
  -------------------------------------------------------------------
                         slack                                  4.306    

Slack (MET) :             4.816ns  (required time - arrival time)
  Source:                 eth_interface/data_manager_blk/RAM_COMM_DEC/Rx_FIFO_Reset_reg/C
                            (rising edge-triggered cell FDSE clocked by PHY_RXCLK  {rise@0.000ns fall@4.000ns period=8.000ns})
  Destination:            eth_interface/data_manager_blk/RX_DATA_FIFO/FIFO_SYNC_MACRO_inst/bl.fifo_36_inst_bl_1.fifo_36_bl_1/RST
                            (recovery check against rising-edge clock PHY_RXCLK  {rise@0.000ns fall@4.000ns period=8.000ns})
  Path Group:             **async_default**
  Path Type:              Recovery (Max at Slow Process Corner)
  Requirement:            8.000ns  (PHY_RXCLK rise@8.000ns - PHY_RXCLK rise@0.000ns)
  Data Path Delay:        1.387ns  (logic 0.266ns (19.180%)  route 1.121ns (80.820%))
  Logic Levels:           1  (LUT2=1)
  Clock Path Skew:        -0.009ns (DCD - SCD + CPR)
    Destination Clock Delay (DCD):    4.201ns = ( 12.201 - 8.000 ) 
    Source Clock Delay      (SCD):    4.539ns
    Clock Pessimism Removal (CPR):    0.328ns
  Clock Uncertainty:      0.035ns  ((TSJ^2 + TIJ^2)^1/2 + DJ) / 2 + PE
    Total System Jitter     (TSJ):    0.071ns
    Total Input Jitter      (TIJ):    0.000ns
    Discrete Jitter          (DJ):    0.000ns
    Phase Error              (PE):    0.000ns

    Location             Delay type                Incr(ns)  Path(ns)    Netlist Resource(s)
  -------------------------------------------------------------------    -------------------
                         (clock PHY_RXCLK rise edge)
                                                      0.000     0.000 r  
    T26                                               0.000     0.000 r  PHY_RXCLK (IN)
                         net (fo=0)                   0.000     0.000    PHY_RXCLK
    T26                  IBUF (Prop_ibuf_I_O)         1.251     1.251 r  PHY_RXCLK_IBUF_inst/O
                         net (fo=1, routed)           1.973     3.224    PHY_RXCLK_IBUF
    BUFGCTRL_X0Y0        BUFG (Prop_bufg_I_O)         0.093     3.317 r  IBUF_PHY_RXCLK/O
                         net (fo=6559, routed)        1.222     4.539    eth_interface/data_manager_blk/RAM_COMM_DEC/clock
    SLICE_X101Y177       FDSE                                         r  eth_interface/data_manager_blk/RAM_COMM_DEC/Rx_FIFO_Reset_reg/C
  -------------------------------------------------------------------    -------------------
    SLICE_X101Y177       FDSE (Prop_fdse_C_Q)         0.223     4.762 f  eth_interface/data_manager_blk/RAM_COMM_DEC/Rx_FIFO_Reset_reg/Q
                         net (fo=1, routed)           0.542     5.304    eth_interface/data_manager_blk/rx_fifo_reset
    SLICE_X102Y178       LUT2 (Prop_lut2_I0_O)        0.043     5.347 f  eth_interface/data_manager_blk/RX_DATA_FIFO_i_1/O
                         net (fo=4, routed)           0.578     5.926    eth_interface/data_manager_blk/RX_DATA_FIFO/FIFO_SYNC_MACRO_inst/RST
    RAMB36_X3Y34         FIFO36E1                                     f  eth_interface/data_manager_blk/RX_DATA_FIFO/FIFO_SYNC_MACRO_inst/bl.fifo_36_inst_bl_1.fifo_36_bl_1/RST
  -------------------------------------------------------------------    -------------------

                         (clock PHY_RXCLK rise edge)
                                                      8.000     8.000 r  
    T26                                               0.000     8.000 r  PHY_RXCLK (IN)
                         net (fo=0)                   0.000     8.000    PHY_RXCLK
    T26                  IBUF (Prop_ibuf_I_O)         1.138     9.138 r  PHY_RXCLK_IBUF_inst/O
                         net (fo=1, routed)           1.854    10.992    PHY_RXCLK_IBUF
    BUFGCTRL_X0Y0        BUFG (Prop_bufg_I_O)         0.083    11.075 r  IBUF_PHY_RXCLK/O
                         net (fo=6559, routed)        1.127    12.201    eth_interface/data_manager_blk/RX_DATA_FIFO/FIFO_SYNC_MACRO_inst/CLK
    RAMB36_X3Y34         FIFO36E1                                     r  eth_interface/data_manager_blk/RX_DATA_FIFO/FIFO_SYNC_MACRO_inst/bl.fifo_36_inst_bl_1.fifo_36_bl_1/RDCLK
                         clock pessimism              0.328    12.529    
                         clock uncertainty           -0.035    12.494    
    RAMB36_X3Y34         FIFO36E1 (Recov_fifo36e1_RDCLK_RST)
                                                     -1.752    10.742    eth_interface/data_manager_blk/RX_DATA_FIFO/FIFO_SYNC_MACRO_inst/bl.fifo_36_inst_bl_1.fifo_36_bl_1
  -------------------------------------------------------------------
                         required time                         10.742    
                         arrival time                          -5.926    
  -------------------------------------------------------------------
                         slack                                  4.816    

Slack (MET) :             4.988ns  (required time - arrival time)
  Source:                 eth_interface/data_manager_blk/RAM_COMM_DEC/Rx_FIFO_Reset_reg/C
                            (rising edge-triggered cell FDSE clocked by PHY_RXCLK  {rise@0.000ns fall@4.000ns period=8.000ns})
  Destination:            eth_interface/data_manager_blk/RX_DATA_INFO_FIFO/FIFO_SYNC_MACRO_inst/bl.fifo_18_inst_bl.fifo_18_bl/RST
                            (recovery check against rising-edge clock PHY_RXCLK  {rise@0.000ns fall@4.000ns period=8.000ns})
  Path Group:             **async_default**
  Path Type:              Recovery (Max at Slow Process Corner)
  Requirement:            8.000ns  (PHY_RXCLK rise@8.000ns - PHY_RXCLK rise@0.000ns)
  Data Path Delay:        1.215ns  (logic 0.266ns (21.892%)  route 0.949ns (78.108%))
  Logic Levels:           1  (LUT2=1)
  Clock Path Skew:        -0.009ns (DCD - SCD + CPR)
    Destination Clock Delay (DCD):    4.201ns = ( 12.201 - 8.000 ) 
    Source Clock Delay      (SCD):    4.539ns
    Clock Pessimism Removal (CPR):    0.328ns
  Clock Uncertainty:      0.035ns  ((TSJ^2 + TIJ^2)^1/2 + DJ) / 2 + PE
    Total System Jitter     (TSJ):    0.071ns
    Total Input Jitter      (TIJ):    0.000ns
    Discrete Jitter          (DJ):    0.000ns
    Phase Error              (PE):    0.000ns

    Location             Delay type                Incr(ns)  Path(ns)    Netlist Resource(s)
  -------------------------------------------------------------------    -------------------
                         (clock PHY_RXCLK rise edge)
                                                      0.000     0.000 r  
    T26                                               0.000     0.000 r  PHY_RXCLK (IN)
                         net (fo=0)                   0.000     0.000    PHY_RXCLK
    T26                  IBUF (Prop_ibuf_I_O)         1.251     1.251 r  PHY_RXCLK_IBUF_inst/O
                         net (fo=1, routed)           1.973     3.224    PHY_RXCLK_IBUF
    BUFGCTRL_X0Y0        BUFG (Prop_bufg_I_O)         0.093     3.317 r  IBUF_PHY_RXCLK/O
                         net (fo=6559, routed)        1.222     4.539    eth_interface/data_manager_blk/RAM_COMM_DEC/clock
    SLICE_X101Y177       FDSE                                         r  eth_interface/data_manager_blk/RAM_COMM_DEC/Rx_FIFO_Reset_reg/C
  -------------------------------------------------------------------    -------------------
    SLICE_X101Y177       FDSE (Prop_fdse_C_Q)         0.223     4.762 f  eth_interface/data_manager_blk/RAM_COMM_DEC/Rx_FIFO_Reset_reg/Q
                         net (fo=1, routed)           0.542     5.304    eth_interface/data_manager_blk/rx_fifo_reset
    SLICE_X102Y178       LUT2 (Prop_lut2_I0_O)        0.043     5.347 f  eth_interface/data_manager_blk/RX_DATA_FIFO_i_1/O
                         net (fo=4, routed)           0.407     5.754    eth_interface/data_manager_blk/RX_DATA_INFO_FIFO/FIFO_SYNC_MACRO_inst/RST
    RAMB18_X3Y70         FIFO18E1                                     f  eth_interface/data_manager_blk/RX_DATA_INFO_FIFO/FIFO_SYNC_MACRO_inst/bl.fifo_18_inst_bl.fifo_18_bl/RST
  -------------------------------------------------------------------    -------------------

                         (clock PHY_RXCLK rise edge)
                                                      8.000     8.000 r  
    T26                                               0.000     8.000 r  PHY_RXCLK (IN)
                         net (fo=0)                   0.000     8.000    PHY_RXCLK
    T26                  IBUF (Prop_ibuf_I_O)         1.138     9.138 r  PHY_RXCLK_IBUF_inst/O
                         net (fo=1, routed)           1.854    10.992    PHY_RXCLK_IBUF
    BUFGCTRL_X0Y0        BUFG (Prop_bufg_I_O)         0.083    11.075 r  IBUF_PHY_RXCLK/O
                         net (fo=6559, routed)        1.127    12.201    eth_interface/data_manager_blk/RX_DATA_INFO_FIFO/FIFO_SYNC_MACRO_inst/CLK
    RAMB18_X3Y70         FIFO18E1                                     r  eth_interface/data_manager_blk/RX_DATA_INFO_FIFO/FIFO_SYNC_MACRO_inst/bl.fifo_18_inst_bl.fifo_18_bl/WRCLK
                         clock pessimism              0.328    12.529    
                         clock uncertainty           -0.035    12.494    
    RAMB18_X3Y70         FIFO18E1 (Recov_fifo18e1_WRCLK_RST)
                                                     -1.752    10.742    eth_interface/data_manager_blk/RX_DATA_INFO_FIFO/FIFO_SYNC_MACRO_inst/bl.fifo_18_inst_bl.fifo_18_bl
  -------------------------------------------------------------------
                         required time                         10.742    
                         arrival time                          -5.754    
  -------------------------------------------------------------------
                         slack                                  4.988    

Slack (MET) :             5.021ns  (required time - arrival time)
  Source:                 eth_interface/data_manager_blk/RAM_COMM_DEC/Tx_FIFO_Reset_reg/C
                            (rising edge-triggered cell FDRE clocked by PHY_RXCLK  {rise@0.000ns fall@4.000ns period=8.000ns})
  Destination:            eth_interface/data_manager_blk/TX_CTRL_INFO_FIFO/FIFO_SYNC_MACRO_inst/bl.fifo_18_inst_bl.fifo_18_bl/RST
                            (recovery check against rising-edge clock PHY_RXCLK  {rise@0.000ns fall@4.000ns period=8.000ns})
  Path Group:             **async_default**
  Path Type:              Recovery (Max at Slow Process Corner)
  Requirement:            8.000ns  (PHY_RXCLK rise@8.000ns - PHY_RXCLK rise@0.000ns)
  Data Path Delay:        1.095ns  (logic 0.310ns (28.303%)  route 0.785ns (71.697%))
  Logic Levels:           1  (LUT2=1)
  Clock Path Skew:        -0.005ns (DCD - SCD + CPR)
    Destination Clock Delay (DCD):    4.206ns = ( 12.206 - 8.000 ) 
    Source Clock Delay      (SCD):    4.540ns
    Clock Pessimism Removal (CPR):    0.328ns
  Clock Uncertainty:      0.035ns  ((TSJ^2 + TIJ^2)^1/2 + DJ) / 2 + PE
    Total System Jitter     (TSJ):    0.071ns
    Total Input Jitter      (TIJ):    0.000ns
    Discrete Jitter          (DJ):    0.000ns
    Phase Error              (PE):    0.000ns

    Location             Delay type                Incr(ns)  Path(ns)    Netlist Resource(s)
  -------------------------------------------------------------------    -------------------
                         (clock PHY_RXCLK rise edge)
                                                      0.000     0.000 r  
    T26                                               0.000     0.000 r  PHY_RXCLK (IN)
                         net (fo=0)                   0.000     0.000    PHY_RXCLK
    T26                  IBUF (Prop_ibuf_I_O)         1.251     1.251 r  PHY_RXCLK_IBUF_inst/O
                         net (fo=1, routed)           1.973     3.224    PHY_RXCLK_IBUF
    BUFGCTRL_X0Y0        BUFG (Prop_bufg_I_O)         0.093     3.317 r  IBUF_PHY_RXCLK/O
                         net (fo=6559, routed)        1.223     4.540    eth_interface/data_manager_blk/RAM_COMM_DEC/clock
    SLICE_X102Y178       FDRE                                         r  eth_interface/data_manager_blk/RAM_COMM_DEC/Tx_FIFO_Reset_reg/C
  -------------------------------------------------------------------    -------------------
    SLICE_X102Y178       FDRE (Prop_fdre_C_Q)         0.259     4.799 f  eth_interface/data_manager_blk/RAM_COMM_DEC/Tx_FIFO_Reset_reg/Q
                         net (fo=1, routed)           0.278     5.076    eth_interface/data_manager_blk/comm_dec_tx_fifo_reset
    SLICE_X102Y178       LUT2 (Prop_lut2_I0_O)        0.051     5.127 f  eth_interface/data_manager_blk/TX_CTRL_FIFO_i_1/O
                         net (fo=4, routed)           0.508     5.635    eth_interface/data_manager_blk/TX_CTRL_INFO_FIFO/FIFO_SYNC_MACRO_inst/RST
    RAMB18_X3Y72         FIFO18E1                                     f  eth_interface/data_manager_blk/TX_CTRL_INFO_FIFO/FIFO_SYNC_MACRO_inst/bl.fifo_18_inst_bl.fifo_18_bl/RST
  -------------------------------------------------------------------    -------------------

                         (clock PHY_RXCLK rise edge)
                                                      8.000     8.000 r  
    T26                                               0.000     8.000 r  PHY_RXCLK (IN)
                         net (fo=0)                   0.000     8.000    PHY_RXCLK
    T26                  IBUF (Prop_ibuf_I_O)         1.138     9.138 r  PHY_RXCLK_IBUF_inst/O
                         net (fo=1, routed)           1.854    10.992    PHY_RXCLK_IBUF
    BUFGCTRL_X0Y0        BUFG (Prop_bufg_I_O)         0.083    11.075 r  IBUF_PHY_RXCLK/O
                         net (fo=6559, routed)        1.132    12.206    eth_interface/data_manager_blk/TX_CTRL_INFO_FIFO/FIFO_SYNC_MACRO_inst/CLK
    RAMB18_X3Y72         FIFO18E1                                     r  eth_interface/data_manager_blk/TX_CTRL_INFO_FIFO/FIFO_SYNC_MACRO_inst/bl.fifo_18_inst_bl.fifo_18_bl/WRCLK
                         clock pessimism              0.328    12.534    
                         clock uncertainty           -0.035    12.499    
    RAMB18_X3Y72         FIFO18E1 (Recov_fifo18e1_WRCLK_RST)
                                                     -1.843    10.656    eth_interface/data_manager_blk/TX_CTRL_INFO_FIFO/FIFO_SYNC_MACRO_inst/bl.fifo_18_inst_bl.fifo_18_bl
  -------------------------------------------------------------------
                         required time                         10.656    
                         arrival time                          -5.635    
  -------------------------------------------------------------------
                         slack                                  5.021    

Slack (MET) :             5.201ns  (required time - arrival time)
  Source:                 dbg_hub/inst/CORE_XSDB.UUT_MASTER/U_ICON_INTERFACE/U_CMD1/ctl_reg_reg[0]/C
                            (rising edge-triggered cell FDRE clocked by PHY_RXCLK  {rise@0.000ns fall@4.000ns period=8.000ns})
  Destination:            dbg_hub/inst/CORE_XSDB.UUT_MASTER/U_ICON_INTERFACE/U_CMD6_WR/U_WR_FIFO/SUBCORE_FIFO.xsdbm_v1_1_wrfifo_inst/inst_fifo_gen/gconvfifo.rf/grf.rf/rstblk/ngwrdrst.grst.g7serrst.rst_rd_reg1_reg/PRE
                            (recovery check against rising-edge clock PHY_RXCLK  {rise@0.000ns fall@4.000ns period=8.000ns})
  Path Group:             **async_default**
  Path Type:              Recovery (Max at Slow Process Corner)
  Requirement:            8.000ns  (PHY_RXCLK rise@8.000ns - PHY_RXCLK rise@0.000ns)
  Data Path Delay:        2.436ns  (logic 0.308ns (12.644%)  route 2.128ns (87.356%))
  Logic Levels:           1  (LUT2=1)
  Clock Path Skew:        -0.048ns (DCD - SCD + CPR)
    Destination Clock Delay (DCD):    4.331ns = ( 12.331 - 8.000 ) 
    Source Clock Delay      (SCD):    4.709ns
    Clock Pessimism Removal (CPR):    0.330ns
  Clock Uncertainty:      0.035ns  ((TSJ^2 + TIJ^2)^1/2 + DJ) / 2 + PE
    Total System Jitter     (TSJ):    0.071ns
    Total Input Jitter      (TIJ):    0.000ns
    Discrete Jitter          (DJ):    0.000ns
    Phase Error              (PE):    0.000ns

    Location             Delay type                Incr(ns)  Path(ns)    Netlist Resource(s)
  -------------------------------------------------------------------    -------------------
                         (clock PHY_RXCLK rise edge)
                                                      0.000     0.000 r  
    T26                                               0.000     0.000 r  PHY_RXCLK (IN)
                         net (fo=0)                   0.000     0.000    PHY_RXCLK
    T26                  IBUF (Prop_ibuf_I_O)         1.251     1.251 r  PHY_RXCLK_IBUF_inst/O
                         net (fo=1, routed)           1.973     3.224    PHY_RXCLK_IBUF
    BUFGCTRL_X0Y0        BUFG (Prop_bufg_I_O)         0.093     3.317 r  IBUF_PHY_RXCLK/O
                         net (fo=6559, routed)        1.392     4.709    dbg_hub/inst/CORE_XSDB.UUT_MASTER/U_ICON_INTERFACE/U_CMD1/clk
    SLICE_X66Y143        FDRE                                         r  dbg_hub/inst/CORE_XSDB.UUT_MASTER/U_ICON_INTERFACE/U_CMD1/ctl_reg_reg[0]/C
  -------------------------------------------------------------------    -------------------
    SLICE_X66Y143        FDRE (Prop_fdre_C_Q)         0.259     4.968 f  dbg_hub/inst/CORE_XSDB.UUT_MASTER/U_ICON_INTERFACE/U_CMD1/ctl_reg_reg[0]/Q
                         net (fo=160, routed)         1.108     6.075    dbg_hub/inst/CORE_XSDB.U_ICON/U_CMD/ma_rst
    SLICE_X64Y145        LUT2 (Prop_lut2_I1_O)        0.049     6.124 f  dbg_hub/inst/CORE_XSDB.U_ICON/U_CMD/ngwrdrst.grst.g7serrst.rst_wr_reg1_i_1/O
                         net (fo=40, routed)          1.020     7.145    dbg_hub/inst/CORE_XSDB.UUT_MASTER/U_ICON_INTERFACE/U_CMD6_WR/U_WR_FIFO/SUBCORE_FIFO.xsdbm_v1_1_wrfifo_inst/inst_fifo_gen/gconvfifo.rf/grf.rf/rstblk/AR[0]
    SLICE_X78Y149        FDPE                                         f  dbg_hub/inst/CORE_XSDB.UUT_MASTER/U_ICON_INTERFACE/U_CMD6_WR/U_WR_FIFO/SUBCORE_FIFO.xsdbm_v1_1_wrfifo_inst/inst_fifo_gen/gconvfifo.rf/grf.rf/rstblk/ngwrdrst.grst.g7serrst.rst_rd_reg1_reg/PRE
  -------------------------------------------------------------------    -------------------

                         (clock PHY_RXCLK rise edge)
                                                      8.000     8.000 r  
    T26                                               0.000     8.000 r  PHY_RXCLK (IN)
                         net (fo=0)                   0.000     8.000    PHY_RXCLK
    T26                  IBUF (Prop_ibuf_I_O)         1.138     9.138 r  PHY_RXCLK_IBUF_inst/O
                         net (fo=1, routed)           1.854    10.992    PHY_RXCLK_IBUF
    BUFGCTRL_X0Y0        BUFG (Prop_bufg_I_O)         0.083    11.075 r  IBUF_PHY_RXCLK/O
                         net (fo=6559, routed)        1.256    12.331    dbg_hub/inst/CORE_XSDB.UUT_MASTER/U_ICON_INTERFACE/U_CMD6_WR/U_WR_FIFO/SUBCORE_FIFO.xsdbm_v1_1_wrfifo_inst/inst_fifo_gen/gconvfifo.rf/grf.rf/rstblk/clk
    SLICE_X78Y149        FDPE                                         r  dbg_hub/inst/CORE_XSDB.UUT_MASTER/U_ICON_INTERFACE/U_CMD6_WR/U_WR_FIFO/SUBCORE_FIFO.xsdbm_v1_1_wrfifo_inst/inst_fifo_gen/gconvfifo.rf/grf.rf/rstblk/ngwrdrst.grst.g7serrst.rst_rd_reg1_reg/C
                         clock pessimism              0.330    12.661    
                         clock uncertainty           -0.035    12.625    
    SLICE_X78Y149        FDPE (Recov_fdpe_C_PRE)     -0.280    12.345    dbg_hub/inst/CORE_XSDB.UUT_MASTER/U_ICON_INTERFACE/U_CMD6_WR/U_WR_FIFO/SUBCORE_FIFO.xsdbm_v1_1_wrfifo_inst/inst_fifo_gen/gconvfifo.rf/grf.rf/rstblk/ngwrdrst.grst.g7serrst.rst_rd_reg1_reg
  -------------------------------------------------------------------
                         required time                         12.345    
                         arrival time                          -7.145    
  -------------------------------------------------------------------
                         slack                                  5.201    

Slack (MET) :             5.218ns  (required time - arrival time)
  Source:                 dbg_hub/inst/CORE_XSDB.UUT_MASTER/U_ICON_INTERFACE/U_CMD1/ctl_reg_reg[0]/C
                            (rising edge-triggered cell FDRE clocked by PHY_RXCLK  {rise@0.000ns fall@4.000ns period=8.000ns})
  Destination:            dbg_hub/inst/CORE_XSDB.UUT_MASTER/U_ICON_INTERFACE/U_CMD6_RD/U_RD_FIFO/SUBCORE_FIFO.xsdbm_v1_1_rdfifo_inst/inst_fifo_gen/gconvfifo.rf/grf.rf/rstblk/ngwrdrst.grst.g7serrst.rst_wr_reg1_reg/PRE
                            (recovery check against rising-edge clock PHY_RXCLK  {rise@0.000ns fall@4.000ns period=8.000ns})
  Path Group:             **async_default**
  Path Type:              Recovery (Max at Slow Process Corner)
  Requirement:            8.000ns  (PHY_RXCLK rise@8.000ns - PHY_RXCLK rise@0.000ns)
  Data Path Delay:        2.430ns  (logic 0.308ns (12.676%)  route 2.122ns (87.324%))
  Logic Levels:           1  (LUT2=1)
  Clock Path Skew:        -0.046ns (DCD - SCD + CPR)
    Destination Clock Delay (DCD):    4.333ns = ( 12.333 - 8.000 ) 
    Source Clock Delay      (SCD):    4.709ns
    Clock Pessimism Removal (CPR):    0.330ns
  Clock Uncertainty:      0.035ns  ((TSJ^2 + TIJ^2)^1/2 + DJ) / 2 + PE
    Total System Jitter     (TSJ):    0.071ns
    Total Input Jitter      (TIJ):    0.000ns
    Discrete Jitter          (DJ):    0.000ns
    Phase Error              (PE):    0.000ns

    Location             Delay type                Incr(ns)  Path(ns)    Netlist Resource(s)
  -------------------------------------------------------------------    -------------------
                         (clock PHY_RXCLK rise edge)
                                                      0.000     0.000 r  
    T26                                               0.000     0.000 r  PHY_RXCLK (IN)
                         net (fo=0)                   0.000     0.000    PHY_RXCLK
    T26                  IBUF (Prop_ibuf_I_O)         1.251     1.251 r  PHY_RXCLK_IBUF_inst/O
                         net (fo=1, routed)           1.973     3.224    PHY_RXCLK_IBUF
    BUFGCTRL_X0Y0        BUFG (Prop_bufg_I_O)         0.093     3.317 r  IBUF_PHY_RXCLK/O
                         net (fo=6559, routed)        1.392     4.709    dbg_hub/inst/CORE_XSDB.UUT_MASTER/U_ICON_INTERFACE/U_CMD1/clk
    SLICE_X66Y143        FDRE                                         r  dbg_hub/inst/CORE_XSDB.UUT_MASTER/U_ICON_INTERFACE/U_CMD1/ctl_reg_reg[0]/C
  -------------------------------------------------------------------    -------------------
    SLICE_X66Y143        FDRE (Prop_fdre_C_Q)         0.259     4.968 f  dbg_hub/inst/CORE_XSDB.UUT_MASTER/U_ICON_INTERFACE/U_CMD1/ctl_reg_reg[0]/Q
                         net (fo=160, routed)         1.108     6.075    dbg_hub/inst/CORE_XSDB.U_ICON/U_CMD/ma_rst
    SLICE_X64Y145        LUT2 (Prop_lut2_I1_O)        0.049     6.124 f  dbg_hub/inst/CORE_XSDB.U_ICON/U_CMD/ngwrdrst.grst.g7serrst.rst_wr_reg1_i_1/O
                         net (fo=40, routed)          1.014     7.139    dbg_hub/inst/CORE_XSDB.UUT_MASTER/U_ICON_INTERFACE/U_CMD6_RD/U_RD_FIFO/SUBCORE_FIFO.xsdbm_v1_1_rdfifo_inst/inst_fifo_gen/gconvfifo.rf/grf.rf/rstblk/AR[0]
    SLICE_X76Y148        FDPE                                         f  dbg_hub/inst/CORE_XSDB.UUT_MASTER/U_ICON_INTERFACE/U_CMD6_RD/U_RD_FIFO/SUBCORE_FIFO.xsdbm_v1_1_rdfifo_inst/inst_fifo_gen/gconvfifo.rf/grf.rf/rstblk/ngwrdrst.grst.g7serrst.rst_wr_reg1_reg/PRE
  -------------------------------------------------------------------    -------------------

                         (clock PHY_RXCLK rise edge)
                                                      8.000     8.000 r  
    T26                                               0.000     8.000 r  PHY_RXCLK (IN)
                         net (fo=0)                   0.000     8.000    PHY_RXCLK
    T26                  IBUF (Prop_ibuf_I_O)         1.138     9.138 r  PHY_RXCLK_IBUF_inst/O
                         net (fo=1, routed)           1.854    10.992    PHY_RXCLK_IBUF
    BUFGCTRL_X0Y0        BUFG (Prop_bufg_I_O)         0.083    11.075 r  IBUF_PHY_RXCLK/O
                         net (fo=6559, routed)        1.258    12.333    dbg_hub/inst/CORE_XSDB.UUT_MASTER/U_ICON_INTERFACE/U_CMD6_RD/U_RD_FIFO/SUBCORE_FIFO.xsdbm_v1_1_rdfifo_inst/inst_fifo_gen/gconvfifo.rf/grf.rf/rstblk/clk
    SLICE_X76Y148        FDPE                                         r  dbg_hub/inst/CORE_XSDB.UUT_MASTER/U_ICON_INTERFACE/U_CMD6_RD/U_RD_FIFO/SUBCORE_FIFO.xsdbm_v1_1_rdfifo_inst/inst_fifo_gen/gconvfifo.rf/grf.rf/rstblk/ngwrdrst.grst.g7serrst.rst_wr_reg1_reg/C
                         clock pessimism              0.330    12.663    
                         clock uncertainty           -0.035    12.627    
    SLICE_X76Y148        FDPE (Recov_fdpe_C_PRE)     -0.271    12.356    dbg_hub/inst/CORE_XSDB.UUT_MASTER/U_ICON_INTERFACE/U_CMD6_RD/U_RD_FIFO/SUBCORE_FIFO.xsdbm_v1_1_rdfifo_inst/inst_fifo_gen/gconvfifo.rf/grf.rf/rstblk/ngwrdrst.grst.g7serrst.rst_wr_reg1_reg
  -------------------------------------------------------------------
                         required time                         12.356    
                         arrival time                          -7.139    
  -------------------------------------------------------------------
                         slack                                  5.218    





Min Delay Paths
--------------------------------------------------------------------------------------
Slack (MET) :             0.184ns  (arrival time - required time)
  Source:                 dbg_hub/inst/CORE_XSDB.UUT_MASTER/U_ICON_INTERFACE/U_CMD6_WR/U_WR_FIFO/SUBCORE_FIFO.xsdbm_v1_1_wrfifo_inst/inst_fifo_gen/gconvfifo.rf/grf.rf/rstblk/ngwrdrst.grst.g7serrst.rd_rst_reg_reg[2]/C
                            (rising edge-triggered cell FDPE clocked by PHY_RXCLK  {rise@0.000ns fall@4.000ns period=8.000ns})
  Destination:            dbg_hub/inst/CORE_XSDB.UUT_MASTER/U_ICON_INTERFACE/U_CMD6_WR/U_WR_FIFO/SUBCORE_FIFO.xsdbm_v1_1_wrfifo_inst/inst_fifo_gen/gconvfifo.rf/grf.rf/gntv_or_sync_fifo.gl0.rd/gras.rsts/ram_empty_fb_i_reg/PRE
                            (removal check against rising-edge clock PHY_RXCLK  {rise@0.000ns fall@4.000ns period=8.000ns})
  Path Group:             **async_default**
  Path Type:              Removal (Min at Fast Process Corner)
  Requirement:            0.000ns  (PHY_RXCLK rise@0.000ns - PHY_RXCLK rise@0.000ns)
  Data Path Delay:        0.377ns  (logic 0.100ns (26.527%)  route 0.277ns (73.473%))
  Logic Levels:           0  
  Clock Path Skew:        0.265ns (DCD - SCD - CPR)
    Destination Clock Delay (DCD):    2.623ns
    Source Clock Delay      (SCD):    2.111ns
    Clock Pessimism Removal (CPR):    0.247ns

    Location             Delay type                Incr(ns)  Path(ns)    Netlist Resource(s)
  -------------------------------------------------------------------    -------------------
                         (clock PHY_RXCLK rise edge)
                                                      0.000     0.000 r  
    T26                                               0.000     0.000 r  PHY_RXCLK (IN)
                         net (fo=0)                   0.000     0.000    PHY_RXCLK
    T26                  IBUF (Prop_ibuf_I_O)         0.641     0.641 r  PHY_RXCLK_IBUF_inst/O
                         net (fo=1, routed)           0.904     1.545    PHY_RXCLK_IBUF
    BUFGCTRL_X0Y0        BUFG (Prop_bufg_I_O)         0.026     1.571 r  IBUF_PHY_RXCLK/O
                         net (fo=6559, routed)        0.540     2.111    dbg_hub/inst/CORE_XSDB.UUT_MASTER/U_ICON_INTERFACE/U_CMD6_WR/U_WR_FIFO/SUBCORE_FIFO.xsdbm_v1_1_wrfifo_inst/inst_fifo_gen/gconvfifo.rf/grf.rf/rstblk/clk
    SLICE_X76Y150        FDPE                                         r  dbg_hub/inst/CORE_XSDB.UUT_MASTER/U_ICON_INTERFACE/U_CMD6_WR/U_WR_FIFO/SUBCORE_FIFO.xsdbm_v1_1_wrfifo_inst/inst_fifo_gen/gconvfifo.rf/grf.rf/rstblk/ngwrdrst.grst.g7serrst.rd_rst_reg_reg[2]/C
  -------------------------------------------------------------------    -------------------
    SLICE_X76Y150        FDPE (Prop_fdpe_C_Q)         0.100     2.211 f  dbg_hub/inst/CORE_XSDB.UUT_MASTER/U_ICON_INTERFACE/U_CMD6_WR/U_WR_FIFO/SUBCORE_FIFO.xsdbm_v1_1_wrfifo_inst/inst_fifo_gen/gconvfifo.rf/grf.rf/rstblk/ngwrdrst.grst.g7serrst.rd_rst_reg_reg[2]/Q
                         net (fo=10, routed)          0.277     2.488    dbg_hub/inst/CORE_XSDB.UUT_MASTER/U_ICON_INTERFACE/U_CMD6_WR/U_WR_FIFO/SUBCORE_FIFO.xsdbm_v1_1_wrfifo_inst/inst_fifo_gen/gconvfifo.rf/grf.rf/gntv_or_sync_fifo.gl0.rd/gras.rsts/Q[0]
    SLICE_X73Y149        FDPE                                         f  dbg_hub/inst/CORE_XSDB.UUT_MASTER/U_ICON_INTERFACE/U_CMD6_WR/U_WR_FIFO/SUBCORE_FIFO.xsdbm_v1_1_wrfifo_inst/inst_fifo_gen/gconvfifo.rf/grf.rf/gntv_or_sync_fifo.gl0.rd/gras.rsts/ram_empty_fb_i_reg/PRE
  -------------------------------------------------------------------    -------------------

                         (clock PHY_RXCLK rise edge)
                                                      0.000     0.000 r  
    T26                                               0.000     0.000 r  PHY_RXCLK (IN)
                         net (fo=0)                   0.000     0.000    PHY_RXCLK
    T26                  IBUF (Prop_ibuf_I_O)         0.807     0.807 r  PHY_RXCLK_IBUF_inst/O
                         net (fo=1, routed)           0.973     1.780    PHY_RXCLK_IBUF
    BUFGCTRL_X0Y0        BUFG (Prop_bufg_I_O)         0.030     1.810 r  IBUF_PHY_RXCLK/O
                         net (fo=6559, routed)        0.813     2.623    dbg_hub/inst/CORE_XSDB.UUT_MASTER/U_ICON_INTERFACE/U_CMD6_WR/U_WR_FIFO/SUBCORE_FIFO.xsdbm_v1_1_wrfifo_inst/inst_fifo_gen/gconvfifo.rf/grf.rf/gntv_or_sync_fifo.gl0.rd/gras.rsts/clk
    SLICE_X73Y149        FDPE                                         r  dbg_hub/inst/CORE_XSDB.UUT_MASTER/U_ICON_INTERFACE/U_CMD6_WR/U_WR_FIFO/SUBCORE_FIFO.xsdbm_v1_1_wrfifo_inst/inst_fifo_gen/gconvfifo.rf/grf.rf/gntv_or_sync_fifo.gl0.rd/gras.rsts/ram_empty_fb_i_reg/C
                         clock pessimism             -0.247     2.376    
    SLICE_X73Y149        FDPE (Remov_fdpe_C_PRE)     -0.072     2.304    dbg_hub/inst/CORE_XSDB.UUT_MASTER/U_ICON_INTERFACE/U_CMD6_WR/U_WR_FIFO/SUBCORE_FIFO.xsdbm_v1_1_wrfifo_inst/inst_fifo_gen/gconvfifo.rf/grf.rf/gntv_or_sync_fifo.gl0.rd/gras.rsts/ram_empty_fb_i_reg
  -------------------------------------------------------------------
                         required time                         -2.304    
                         arrival time                           2.488    
  -------------------------------------------------------------------
                         slack                                  0.184    

Slack (MET) :             0.184ns  (arrival time - required time)
  Source:                 dbg_hub/inst/CORE_XSDB.UUT_MASTER/U_ICON_INTERFACE/U_CMD6_WR/U_WR_FIFO/SUBCORE_FIFO.xsdbm_v1_1_wrfifo_inst/inst_fifo_gen/gconvfifo.rf/grf.rf/rstblk/ngwrdrst.grst.g7serrst.rd_rst_reg_reg[2]/C
                            (rising edge-triggered cell FDPE clocked by PHY_RXCLK  {rise@0.000ns fall@4.000ns period=8.000ns})
  Destination:            dbg_hub/inst/CORE_XSDB.UUT_MASTER/U_ICON_INTERFACE/U_CMD6_WR/U_WR_FIFO/SUBCORE_FIFO.xsdbm_v1_1_wrfifo_inst/inst_fifo_gen/gconvfifo.rf/grf.rf/gntv_or_sync_fifo.gl0.rd/gras.rsts/ram_empty_i_reg/PRE
                            (removal check against rising-edge clock PHY_RXCLK  {rise@0.000ns fall@4.000ns period=8.000ns})
  Path Group:             **async_default**
  Path Type:              Removal (Min at Fast Process Corner)
  Requirement:            0.000ns  (PHY_RXCLK rise@0.000ns - PHY_RXCLK rise@0.000ns)
  Data Path Delay:        0.377ns  (logic 0.100ns (26.527%)  route 0.277ns (73.473%))
  Logic Levels:           0  
  Clock Path Skew:        0.265ns (DCD - SCD - CPR)
    Destination Clock Delay (DCD):    2.623ns
    Source Clock Delay      (SCD):    2.111ns
    Clock Pessimism Removal (CPR):    0.247ns

    Location             Delay type                Incr(ns)  Path(ns)    Netlist Resource(s)
  -------------------------------------------------------------------    -------------------
                         (clock PHY_RXCLK rise edge)
                                                      0.000     0.000 r  
    T26                                               0.000     0.000 r  PHY_RXCLK (IN)
                         net (fo=0)                   0.000     0.000    PHY_RXCLK
    T26                  IBUF (Prop_ibuf_I_O)         0.641     0.641 r  PHY_RXCLK_IBUF_inst/O
                         net (fo=1, routed)           0.904     1.545    PHY_RXCLK_IBUF
    BUFGCTRL_X0Y0        BUFG (Prop_bufg_I_O)         0.026     1.571 r  IBUF_PHY_RXCLK/O
                         net (fo=6559, routed)        0.540     2.111    dbg_hub/inst/CORE_XSDB.UUT_MASTER/U_ICON_INTERFACE/U_CMD6_WR/U_WR_FIFO/SUBCORE_FIFO.xsdbm_v1_1_wrfifo_inst/inst_fifo_gen/gconvfifo.rf/grf.rf/rstblk/clk
    SLICE_X76Y150        FDPE                                         r  dbg_hub/inst/CORE_XSDB.UUT_MASTER/U_ICON_INTERFACE/U_CMD6_WR/U_WR_FIFO/SUBCORE_FIFO.xsdbm_v1_1_wrfifo_inst/inst_fifo_gen/gconvfifo.rf/grf.rf/rstblk/ngwrdrst.grst.g7serrst.rd_rst_reg_reg[2]/C
  -------------------------------------------------------------------    -------------------
    SLICE_X76Y150        FDPE (Prop_fdpe_C_Q)         0.100     2.211 f  dbg_hub/inst/CORE_XSDB.UUT_MASTER/U_ICON_INTERFACE/U_CMD6_WR/U_WR_FIFO/SUBCORE_FIFO.xsdbm_v1_1_wrfifo_inst/inst_fifo_gen/gconvfifo.rf/grf.rf/rstblk/ngwrdrst.grst.g7serrst.rd_rst_reg_reg[2]/Q
                         net (fo=10, routed)          0.277     2.488    dbg_hub/inst/CORE_XSDB.UUT_MASTER/U_ICON_INTERFACE/U_CMD6_WR/U_WR_FIFO/SUBCORE_FIFO.xsdbm_v1_1_wrfifo_inst/inst_fifo_gen/gconvfifo.rf/grf.rf/gntv_or_sync_fifo.gl0.rd/gras.rsts/Q[0]
    SLICE_X73Y149        FDPE                                         f  dbg_hub/inst/CORE_XSDB.UUT_MASTER/U_ICON_INTERFACE/U_CMD6_WR/U_WR_FIFO/SUBCORE_FIFO.xsdbm_v1_1_wrfifo_inst/inst_fifo_gen/gconvfifo.rf/grf.rf/gntv_or_sync_fifo.gl0.rd/gras.rsts/ram_empty_i_reg/PRE
  -------------------------------------------------------------------    -------------------

                         (clock PHY_RXCLK rise edge)
                                                      0.000     0.000 r  
    T26                                               0.000     0.000 r  PHY_RXCLK (IN)
                         net (fo=0)                   0.000     0.000    PHY_RXCLK
    T26                  IBUF (Prop_ibuf_I_O)         0.807     0.807 r  PHY_RXCLK_IBUF_inst/O
                         net (fo=1, routed)           0.973     1.780    PHY_RXCLK_IBUF
    BUFGCTRL_X0Y0        BUFG (Prop_bufg_I_O)         0.030     1.810 r  IBUF_PHY_RXCLK/O
                         net (fo=6559, routed)        0.813     2.623    dbg_hub/inst/CORE_XSDB.UUT_MASTER/U_ICON_INTERFACE/U_CMD6_WR/U_WR_FIFO/SUBCORE_FIFO.xsdbm_v1_1_wrfifo_inst/inst_fifo_gen/gconvfifo.rf/grf.rf/gntv_or_sync_fifo.gl0.rd/gras.rsts/clk
    SLICE_X73Y149        FDPE                                         r  dbg_hub/inst/CORE_XSDB.UUT_MASTER/U_ICON_INTERFACE/U_CMD6_WR/U_WR_FIFO/SUBCORE_FIFO.xsdbm_v1_1_wrfifo_inst/inst_fifo_gen/gconvfifo.rf/grf.rf/gntv_or_sync_fifo.gl0.rd/gras.rsts/ram_empty_i_reg/C
                         clock pessimism             -0.247     2.376    
    SLICE_X73Y149        FDPE (Remov_fdpe_C_PRE)     -0.072     2.304    dbg_hub/inst/CORE_XSDB.UUT_MASTER/U_ICON_INTERFACE/U_CMD6_WR/U_WR_FIFO/SUBCORE_FIFO.xsdbm_v1_1_wrfifo_inst/inst_fifo_gen/gconvfifo.rf/grf.rf/gntv_or_sync_fifo.gl0.rd/gras.rsts/ram_empty_i_reg
  -------------------------------------------------------------------
                         required time                         -2.304    
                         arrival time                           2.488    
  -------------------------------------------------------------------
                         slack                                  0.184    

Slack (MET) :             0.194ns  (arrival time - required time)
  Source:                 dbg_hub/inst/CORE_XSDB.UUT_MASTER/U_ICON_INTERFACE/U_CMD6_WR/U_WR_FIFO/SUBCORE_FIFO.xsdbm_v1_1_wrfifo_inst/inst_fifo_gen/gconvfifo.rf/grf.rf/rstblk/ngwrdrst.grst.g7serrst.rst_rd_reg2_reg/C
                            (rising edge-triggered cell FDPE clocked by PHY_RXCLK  {rise@0.000ns fall@4.000ns period=8.000ns})
  Destination:            dbg_hub/inst/CORE_XSDB.UUT_MASTER/U_ICON_INTERFACE/U_CMD6_WR/U_WR_FIFO/SUBCORE_FIFO.xsdbm_v1_1_wrfifo_inst/inst_fifo_gen/gconvfifo.rf/grf.rf/rstblk/ngwrdrst.grst.g7serrst.rd_rst_asreg_reg/PRE
                            (removal check against rising-edge clock PHY_RXCLK  {rise@0.000ns fall@4.000ns period=8.000ns})
  Path Group:             **async_default**
  Path Type:              Removal (Min at Fast Process Corner)
  Requirement:            0.000ns  (PHY_RXCLK rise@0.000ns - PHY_RXCLK rise@0.000ns)
  Data Path Delay:        0.246ns  (logic 0.107ns (43.513%)  route 0.139ns (56.487%))
  Logic Levels:           0  
  Clock Path Skew:        0.140ns (DCD - SCD - CPR)
    Destination Clock Delay (DCD):    2.549ns
    Source Clock Delay      (SCD):    2.162ns
    Clock Pessimism Removal (CPR):    0.247ns

    Location             Delay type                Incr(ns)  Path(ns)    Netlist Resource(s)
  -------------------------------------------------------------------    -------------------
                         (clock PHY_RXCLK rise edge)
                                                      0.000     0.000 r  
    T26                                               0.000     0.000 r  PHY_RXCLK (IN)
                         net (fo=0)                   0.000     0.000    PHY_RXCLK
    T26                  IBUF (Prop_ibuf_I_O)         0.641     0.641 r  PHY_RXCLK_IBUF_inst/O
                         net (fo=1, routed)           0.904     1.545    PHY_RXCLK_IBUF
    BUFGCTRL_X0Y0        BUFG (Prop_bufg_I_O)         0.026     1.571 r  IBUF_PHY_RXCLK/O
                         net (fo=6559, routed)        0.591     2.162    dbg_hub/inst/CORE_XSDB.UUT_MASTER/U_ICON_INTERFACE/U_CMD6_WR/U_WR_FIFO/SUBCORE_FIFO.xsdbm_v1_1_wrfifo_inst/inst_fifo_gen/gconvfifo.rf/grf.rf/rstblk/clk
    SLICE_X78Y149        FDPE                                         r  dbg_hub/inst/CORE_XSDB.UUT_MASTER/U_ICON_INTERFACE/U_CMD6_WR/U_WR_FIFO/SUBCORE_FIFO.xsdbm_v1_1_wrfifo_inst/inst_fifo_gen/gconvfifo.rf/grf.rf/rstblk/ngwrdrst.grst.g7serrst.rst_rd_reg2_reg/C
  -------------------------------------------------------------------    -------------------
    SLICE_X78Y149        FDPE (Prop_fdpe_C_Q)         0.107     2.269 f  dbg_hub/inst/CORE_XSDB.UUT_MASTER/U_ICON_INTERFACE/U_CMD6_WR/U_WR_FIFO/SUBCORE_FIFO.xsdbm_v1_1_wrfifo_inst/inst_fifo_gen/gconvfifo.rf/grf.rf/rstblk/ngwrdrst.grst.g7serrst.rst_rd_reg2_reg/Q
                         net (fo=1, routed)           0.139     2.408    dbg_hub/inst/CORE_XSDB.UUT_MASTER/U_ICON_INTERFACE/U_CMD6_WR/U_WR_FIFO/SUBCORE_FIFO.xsdbm_v1_1_wrfifo_inst/inst_fifo_gen/gconvfifo.rf/grf.rf/rstblk/rst_rd_reg2
    SLICE_X78Y150        FDPE                                         f  dbg_hub/inst/CORE_XSDB.UUT_MASTER/U_ICON_INTERFACE/U_CMD6_WR/U_WR_FIFO/SUBCORE_FIFO.xsdbm_v1_1_wrfifo_inst/inst_fifo_gen/gconvfifo.rf/grf.rf/rstblk/ngwrdrst.grst.g7serrst.rd_rst_asreg_reg/PRE
  -------------------------------------------------------------------    -------------------

                         (clock PHY_RXCLK rise edge)
                                                      0.000     0.000 r  
    T26                                               0.000     0.000 r  PHY_RXCLK (IN)
                         net (fo=0)                   0.000     0.000    PHY_RXCLK
    T26                  IBUF (Prop_ibuf_I_O)         0.807     0.807 r  PHY_RXCLK_IBUF_inst/O
                         net (fo=1, routed)           0.973     1.780    PHY_RXCLK_IBUF
    BUFGCTRL_X0Y0        BUFG (Prop_bufg_I_O)         0.030     1.810 r  IBUF_PHY_RXCLK/O
                         net (fo=6559, routed)        0.739     2.549    dbg_hub/inst/CORE_XSDB.UUT_MASTER/U_ICON_INTERFACE/U_CMD6_WR/U_WR_FIFO/SUBCORE_FIFO.xsdbm_v1_1_wrfifo_inst/inst_fifo_gen/gconvfifo.rf/grf.rf/rstblk/clk
    SLICE_X78Y150        FDPE                                         r  dbg_hub/inst/CORE_XSDB.UUT_MASTER/U_ICON_INTERFACE/U_CMD6_WR/U_WR_FIFO/SUBCORE_FIFO.xsdbm_v1_1_wrfifo_inst/inst_fifo_gen/gconvfifo.rf/grf.rf/rstblk/ngwrdrst.grst.g7serrst.rd_rst_asreg_reg/C
                         clock pessimism             -0.247     2.302    
    SLICE_X78Y150        FDPE (Remov_fdpe_C_PRE)     -0.088     2.214    dbg_hub/inst/CORE_XSDB.UUT_MASTER/U_ICON_INTERFACE/U_CMD6_WR/U_WR_FIFO/SUBCORE_FIFO.xsdbm_v1_1_wrfifo_inst/inst_fifo_gen/gconvfifo.rf/grf.rf/rstblk/ngwrdrst.grst.g7serrst.rd_rst_asreg_reg
  -------------------------------------------------------------------
                         required time                         -2.214    
                         arrival time                           2.408    
  -------------------------------------------------------------------
                         slack                                  0.194    

Slack (MET) :             0.231ns  (arrival time - required time)
  Source:                 dbg_hub/inst/CORE_XSDB.UUT_MASTER/U_ICON_INTERFACE/U_CMD6_WR/U_WR_FIFO/SUBCORE_FIFO.xsdbm_v1_1_wrfifo_inst/inst_fifo_gen/gconvfifo.rf/grf.rf/rstblk/ngwrdrst.grst.g7serrst.rd_rst_reg_reg[2]/C
                            (rising edge-triggered cell FDPE clocked by PHY_RXCLK  {rise@0.000ns fall@4.000ns period=8.000ns})
  Destination:            dbg_hub/inst/CORE_XSDB.UUT_MASTER/U_ICON_INTERFACE/U_CMD6_WR/U_WR_FIFO/SUBCORE_FIFO.xsdbm_v1_1_wrfifo_inst/inst_fifo_gen/gconvfifo.rf/grf.rf/gntv_or_sync_fifo.gl0.rd/rpntr/gc0.count_d1_reg[0]/CLR
                            (removal check against rising-edge clock PHY_RXCLK  {rise@0.000ns fall@4.000ns period=8.000ns})
  Path Group:             **async_default**
  Path Type:              Removal (Min at Fast Process Corner)
  Requirement:            0.000ns  (PHY_RXCLK rise@0.000ns - PHY_RXCLK rise@0.000ns)
  Data Path Delay:        0.195ns  (logic 0.100ns (51.244%)  route 0.095ns (48.756%))
  Logic Levels:           0  
  Clock Path Skew:        0.014ns (DCD - SCD - CPR)
    Destination Clock Delay (DCD):    2.550ns
    Source Clock Delay      (SCD):    2.111ns
    Clock Pessimism Removal (CPR):    0.425ns

    Location             Delay type                Incr(ns)  Path(ns)    Netlist Resource(s)
  -------------------------------------------------------------------    -------------------
                         (clock PHY_RXCLK rise edge)
                                                      0.000     0.000 r  
    T26                                               0.000     0.000 r  PHY_RXCLK (IN)
                         net (fo=0)                   0.000     0.000    PHY_RXCLK
    T26                  IBUF (Prop_ibuf_I_O)         0.641     0.641 r  PHY_RXCLK_IBUF_inst/O
                         net (fo=1, routed)           0.904     1.545    PHY_RXCLK_IBUF
    BUFGCTRL_X0Y0        BUFG (Prop_bufg_I_O)         0.026     1.571 r  IBUF_PHY_RXCLK/O
                         net (fo=6559, routed)        0.540     2.111    dbg_hub/inst/CORE_XSDB.UUT_MASTER/U_ICON_INTERFACE/U_CMD6_WR/U_WR_FIFO/SUBCORE_FIFO.xsdbm_v1_1_wrfifo_inst/inst_fifo_gen/gconvfifo.rf/grf.rf/rstblk/clk
    SLICE_X76Y150        FDPE                                         r  dbg_hub/inst/CORE_XSDB.UUT_MASTER/U_ICON_INTERFACE/U_CMD6_WR/U_WR_FIFO/SUBCORE_FIFO.xsdbm_v1_1_wrfifo_inst/inst_fifo_gen/gconvfifo.rf/grf.rf/rstblk/ngwrdrst.grst.g7serrst.rd_rst_reg_reg[2]/C
  -------------------------------------------------------------------    -------------------
    SLICE_X76Y150        FDPE (Prop_fdpe_C_Q)         0.100     2.211 f  dbg_hub/inst/CORE_XSDB.UUT_MASTER/U_ICON_INTERFACE/U_CMD6_WR/U_WR_FIFO/SUBCORE_FIFO.xsdbm_v1_1_wrfifo_inst/inst_fifo_gen/gconvfifo.rf/grf.rf/rstblk/ngwrdrst.grst.g7serrst.rd_rst_reg_reg[2]/Q
                         net (fo=10, routed)          0.095     2.306    dbg_hub/inst/CORE_XSDB.UUT_MASTER/U_ICON_INTERFACE/U_CMD6_WR/U_WR_FIFO/SUBCORE_FIFO.xsdbm_v1_1_wrfifo_inst/inst_fifo_gen/gconvfifo.rf/grf.rf/gntv_or_sync_fifo.gl0.rd/rpntr/ngwrdrst.grst.g7serrst.rd_rst_reg_reg[2][0]
    SLICE_X74Y150        FDCE                                         f  dbg_hub/inst/CORE_XSDB.UUT_MASTER/U_ICON_INTERFACE/U_CMD6_WR/U_WR_FIFO/SUBCORE_FIFO.xsdbm_v1_1_wrfifo_inst/inst_fifo_gen/gconvfifo.rf/grf.rf/gntv_or_sync_fifo.gl0.rd/rpntr/gc0.count_d1_reg[0]/CLR
  -------------------------------------------------------------------    -------------------

                         (clock PHY_RXCLK rise edge)
                                                      0.000     0.000 r  
    T26                                               0.000     0.000 r  PHY_RXCLK (IN)
                         net (fo=0)                   0.000     0.000    PHY_RXCLK
    T26                  IBUF (Prop_ibuf_I_O)         0.807     0.807 r  PHY_RXCLK_IBUF_inst/O
                         net (fo=1, routed)           0.973     1.780    PHY_RXCLK_IBUF
    BUFGCTRL_X0Y0        BUFG (Prop_bufg_I_O)         0.030     1.810 r  IBUF_PHY_RXCLK/O
                         net (fo=6559, routed)        0.740     2.550    dbg_hub/inst/CORE_XSDB.UUT_MASTER/U_ICON_INTERFACE/U_CMD6_WR/U_WR_FIFO/SUBCORE_FIFO.xsdbm_v1_1_wrfifo_inst/inst_fifo_gen/gconvfifo.rf/grf.rf/gntv_or_sync_fifo.gl0.rd/rpntr/clk
    SLICE_X74Y150        FDCE                                         r  dbg_hub/inst/CORE_XSDB.UUT_MASTER/U_ICON_INTERFACE/U_CMD6_WR/U_WR_FIFO/SUBCORE_FIFO.xsdbm_v1_1_wrfifo_inst/inst_fifo_gen/gconvfifo.rf/grf.rf/gntv_or_sync_fifo.gl0.rd/rpntr/gc0.count_d1_reg[0]/C
                         clock pessimism             -0.425     2.125    
    SLICE_X74Y150        FDCE (Remov_fdce_C_CLR)     -0.050     2.075    dbg_hub/inst/CORE_XSDB.UUT_MASTER/U_ICON_INTERFACE/U_CMD6_WR/U_WR_FIFO/SUBCORE_FIFO.xsdbm_v1_1_wrfifo_inst/inst_fifo_gen/gconvfifo.rf/grf.rf/gntv_or_sync_fifo.gl0.rd/rpntr/gc0.count_d1_reg[0]
  -------------------------------------------------------------------
                         required time                         -2.075    
                         arrival time                           2.306    
  -------------------------------------------------------------------
                         slack                                  0.231    

Slack (MET) :             0.231ns  (arrival time - required time)
  Source:                 dbg_hub/inst/CORE_XSDB.UUT_MASTER/U_ICON_INTERFACE/U_CMD6_WR/U_WR_FIFO/SUBCORE_FIFO.xsdbm_v1_1_wrfifo_inst/inst_fifo_gen/gconvfifo.rf/grf.rf/rstblk/ngwrdrst.grst.g7serrst.rd_rst_reg_reg[2]/C
                            (rising edge-triggered cell FDPE clocked by PHY_RXCLK  {rise@0.000ns fall@4.000ns period=8.000ns})
  Destination:            dbg_hub/inst/CORE_XSDB.UUT_MASTER/U_ICON_INTERFACE/U_CMD6_WR/U_WR_FIFO/SUBCORE_FIFO.xsdbm_v1_1_wrfifo_inst/inst_fifo_gen/gconvfifo.rf/grf.rf/gntv_or_sync_fifo.gl0.rd/rpntr/gc0.count_d1_reg[1]/CLR
                            (removal check against rising-edge clock PHY_RXCLK  {rise@0.000ns fall@4.000ns period=8.000ns})
  Path Group:             **async_default**
  Path Type:              Removal (Min at Fast Process Corner)
  Requirement:            0.000ns  (PHY_RXCLK rise@0.000ns - PHY_RXCLK rise@0.000ns)
  Data Path Delay:        0.195ns  (logic 0.100ns (51.244%)  route 0.095ns (48.756%))
  Logic Levels:           0  
  Clock Path Skew:        0.014ns (DCD - SCD - CPR)
    Destination Clock Delay (DCD):    2.550ns
    Source Clock Delay      (SCD):    2.111ns
    Clock Pessimism Removal (CPR):    0.425ns

    Location             Delay type                Incr(ns)  Path(ns)    Netlist Resource(s)
  -------------------------------------------------------------------    -------------------
                         (clock PHY_RXCLK rise edge)
                                                      0.000     0.000 r  
    T26                                               0.000     0.000 r  PHY_RXCLK (IN)
                         net (fo=0)                   0.000     0.000    PHY_RXCLK
    T26                  IBUF (Prop_ibuf_I_O)         0.641     0.641 r  PHY_RXCLK_IBUF_inst/O
                         net (fo=1, routed)           0.904     1.545    PHY_RXCLK_IBUF
    BUFGCTRL_X0Y0        BUFG (Prop_bufg_I_O)         0.026     1.571 r  IBUF_PHY_RXCLK/O
                         net (fo=6559, routed)        0.540     2.111    dbg_hub/inst/CORE_XSDB.UUT_MASTER/U_ICON_INTERFACE/U_CMD6_WR/U_WR_FIFO/SUBCORE_FIFO.xsdbm_v1_1_wrfifo_inst/inst_fifo_gen/gconvfifo.rf/grf.rf/rstblk/clk
    SLICE_X76Y150        FDPE                                         r  dbg_hub/inst/CORE_XSDB.UUT_MASTER/U_ICON_INTERFACE/U_CMD6_WR/U_WR_FIFO/SUBCORE_FIFO.xsdbm_v1_1_wrfifo_inst/inst_fifo_gen/gconvfifo.rf/grf.rf/rstblk/ngwrdrst.grst.g7serrst.rd_rst_reg_reg[2]/C
  -------------------------------------------------------------------    -------------------
    SLICE_X76Y150        FDPE (Prop_fdpe_C_Q)         0.100     2.211 f  dbg_hub/inst/CORE_XSDB.UUT_MASTER/U_ICON_INTERFACE/U_CMD6_WR/U_WR_FIFO/SUBCORE_FIFO.xsdbm_v1_1_wrfifo_inst/inst_fifo_gen/gconvfifo.rf/grf.rf/rstblk/ngwrdrst.grst.g7serrst.rd_rst_reg_reg[2]/Q
                         net (fo=10, routed)          0.095     2.306    dbg_hub/inst/CORE_XSDB.UUT_MASTER/U_ICON_INTERFACE/U_CMD6_WR/U_WR_FIFO/SUBCORE_FIFO.xsdbm_v1_1_wrfifo_inst/inst_fifo_gen/gconvfifo.rf/grf.rf/gntv_or_sync_fifo.gl0.rd/rpntr/ngwrdrst.grst.g7serrst.rd_rst_reg_reg[2][0]
    SLICE_X74Y150        FDCE                                         f  dbg_hub/inst/CORE_XSDB.UUT_MASTER/U_ICON_INTERFACE/U_CMD6_WR/U_WR_FIFO/SUBCORE_FIFO.xsdbm_v1_1_wrfifo_inst/inst_fifo_gen/gconvfifo.rf/grf.rf/gntv_or_sync_fifo.gl0.rd/rpntr/gc0.count_d1_reg[1]/CLR
  -------------------------------------------------------------------    -------------------

                         (clock PHY_RXCLK rise edge)
                                                      0.000     0.000 r  
    T26                                               0.000     0.000 r  PHY_RXCLK (IN)
                         net (fo=0)                   0.000     0.000    PHY_RXCLK
    T26                  IBUF (Prop_ibuf_I_O)         0.807     0.807 r  PHY_RXCLK_IBUF_inst/O
                         net (fo=1, routed)           0.973     1.780    PHY_RXCLK_IBUF
    BUFGCTRL_X0Y0        BUFG (Prop_bufg_I_O)         0.030     1.810 r  IBUF_PHY_RXCLK/O
                         net (fo=6559, routed)        0.740     2.550    dbg_hub/inst/CORE_XSDB.UUT_MASTER/U_ICON_INTERFACE/U_CMD6_WR/U_WR_FIFO/SUBCORE_FIFO.xsdbm_v1_1_wrfifo_inst/inst_fifo_gen/gconvfifo.rf/grf.rf/gntv_or_sync_fifo.gl0.rd/rpntr/clk
    SLICE_X74Y150        FDCE                                         r  dbg_hub/inst/CORE_XSDB.UUT_MASTER/U_ICON_INTERFACE/U_CMD6_WR/U_WR_FIFO/SUBCORE_FIFO.xsdbm_v1_1_wrfifo_inst/inst_fifo_gen/gconvfifo.rf/grf.rf/gntv_or_sync_fifo.gl0.rd/rpntr/gc0.count_d1_reg[1]/C
                         clock pessimism             -0.425     2.125    
    SLICE_X74Y150        FDCE (Remov_fdce_C_CLR)     -0.050     2.075    dbg_hub/inst/CORE_XSDB.UUT_MASTER/U_ICON_INTERFACE/U_CMD6_WR/U_WR_FIFO/SUBCORE_FIFO.xsdbm_v1_1_wrfifo_inst/inst_fifo_gen/gconvfifo.rf/grf.rf/gntv_or_sync_fifo.gl0.rd/rpntr/gc0.count_d1_reg[1]
  -------------------------------------------------------------------
                         required time                         -2.075    
                         arrival time                           2.306    
  -------------------------------------------------------------------
                         slack                                  0.231    

Slack (MET) :             0.231ns  (arrival time - required time)
  Source:                 dbg_hub/inst/CORE_XSDB.UUT_MASTER/U_ICON_INTERFACE/U_CMD6_WR/U_WR_FIFO/SUBCORE_FIFO.xsdbm_v1_1_wrfifo_inst/inst_fifo_gen/gconvfifo.rf/grf.rf/rstblk/ngwrdrst.grst.g7serrst.rd_rst_reg_reg[2]/C
                            (rising edge-triggered cell FDPE clocked by PHY_RXCLK  {rise@0.000ns fall@4.000ns period=8.000ns})
  Destination:            dbg_hub/inst/CORE_XSDB.UUT_MASTER/U_ICON_INTERFACE/U_CMD6_WR/U_WR_FIFO/SUBCORE_FIFO.xsdbm_v1_1_wrfifo_inst/inst_fifo_gen/gconvfifo.rf/grf.rf/gntv_or_sync_fifo.gl0.rd/rpntr/gc0.count_d1_reg[2]/CLR
                            (removal check against rising-edge clock PHY_RXCLK  {rise@0.000ns fall@4.000ns period=8.000ns})
  Path Group:             **async_default**
  Path Type:              Removal (Min at Fast Process Corner)
  Requirement:            0.000ns  (PHY_RXCLK rise@0.000ns - PHY_RXCLK rise@0.000ns)
  Data Path Delay:        0.195ns  (logic 0.100ns (51.244%)  route 0.095ns (48.756%))
  Logic Levels:           0  
  Clock Path Skew:        0.014ns (DCD - SCD - CPR)
    Destination Clock Delay (DCD):    2.550ns
    Source Clock Delay      (SCD):    2.111ns
    Clock Pessimism Removal (CPR):    0.425ns

    Location             Delay type                Incr(ns)  Path(ns)    Netlist Resource(s)
  -------------------------------------------------------------------    -------------------
                         (clock PHY_RXCLK rise edge)
                                                      0.000     0.000 r  
    T26                                               0.000     0.000 r  PHY_RXCLK (IN)
                         net (fo=0)                   0.000     0.000    PHY_RXCLK
    T26                  IBUF (Prop_ibuf_I_O)         0.641     0.641 r  PHY_RXCLK_IBUF_inst/O
                         net (fo=1, routed)           0.904     1.545    PHY_RXCLK_IBUF
    BUFGCTRL_X0Y0        BUFG (Prop_bufg_I_O)         0.026     1.571 r  IBUF_PHY_RXCLK/O
                         net (fo=6559, routed)        0.540     2.111    dbg_hub/inst/CORE_XSDB.UUT_MASTER/U_ICON_INTERFACE/U_CMD6_WR/U_WR_FIFO/SUBCORE_FIFO.xsdbm_v1_1_wrfifo_inst/inst_fifo_gen/gconvfifo.rf/grf.rf/rstblk/clk
    SLICE_X76Y150        FDPE                                         r  dbg_hub/inst/CORE_XSDB.UUT_MASTER/U_ICON_INTERFACE/U_CMD6_WR/U_WR_FIFO/SUBCORE_FIFO.xsdbm_v1_1_wrfifo_inst/inst_fifo_gen/gconvfifo.rf/grf.rf/rstblk/ngwrdrst.grst.g7serrst.rd_rst_reg_reg[2]/C
  -------------------------------------------------------------------    -------------------
    SLICE_X76Y150        FDPE (Prop_fdpe_C_Q)         0.100     2.211 f  dbg_hub/inst/CORE_XSDB.UUT_MASTER/U_ICON_INTERFACE/U_CMD6_WR/U_WR_FIFO/SUBCORE_FIFO.xsdbm_v1_1_wrfifo_inst/inst_fifo_gen/gconvfifo.rf/grf.rf/rstblk/ngwrdrst.grst.g7serrst.rd_rst_reg_reg[2]/Q
                         net (fo=10, routed)          0.095     2.306    dbg_hub/inst/CORE_XSDB.UUT_MASTER/U_ICON_INTERFACE/U_CMD6_WR/U_WR_FIFO/SUBCORE_FIFO.xsdbm_v1_1_wrfifo_inst/inst_fifo_gen/gconvfifo.rf/grf.rf/gntv_or_sync_fifo.gl0.rd/rpntr/ngwrdrst.grst.g7serrst.rd_rst_reg_reg[2][0]
    SLICE_X74Y150        FDCE                                         f  dbg_hub/inst/CORE_XSDB.UUT_MASTER/U_ICON_INTERFACE/U_CMD6_WR/U_WR_FIFO/SUBCORE_FIFO.xsdbm_v1_1_wrfifo_inst/inst_fifo_gen/gconvfifo.rf/grf.rf/gntv_or_sync_fifo.gl0.rd/rpntr/gc0.count_d1_reg[2]/CLR
  -------------------------------------------------------------------    -------------------

                         (clock PHY_RXCLK rise edge)
                                                      0.000     0.000 r  
    T26                                               0.000     0.000 r  PHY_RXCLK (IN)
                         net (fo=0)                   0.000     0.000    PHY_RXCLK
    T26                  IBUF (Prop_ibuf_I_O)         0.807     0.807 r  PHY_RXCLK_IBUF_inst/O
                         net (fo=1, routed)           0.973     1.780    PHY_RXCLK_IBUF
    BUFGCTRL_X0Y0        BUFG (Prop_bufg_I_O)         0.030     1.810 r  IBUF_PHY_RXCLK/O
                         net (fo=6559, routed)        0.740     2.550    dbg_hub/inst/CORE_XSDB.UUT_MASTER/U_ICON_INTERFACE/U_CMD6_WR/U_WR_FIFO/SUBCORE_FIFO.xsdbm_v1_1_wrfifo_inst/inst_fifo_gen/gconvfifo.rf/grf.rf/gntv_or_sync_fifo.gl0.rd/rpntr/clk
    SLICE_X74Y150        FDCE                                         r  dbg_hub/inst/CORE_XSDB.UUT_MASTER/U_ICON_INTERFACE/U_CMD6_WR/U_WR_FIFO/SUBCORE_FIFO.xsdbm_v1_1_wrfifo_inst/inst_fifo_gen/gconvfifo.rf/grf.rf/gntv_or_sync_fifo.gl0.rd/rpntr/gc0.count_d1_reg[2]/C
                         clock pessimism             -0.425     2.125    
    SLICE_X74Y150        FDCE (Remov_fdce_C_CLR)     -0.050     2.075    dbg_hub/inst/CORE_XSDB.UUT_MASTER/U_ICON_INTERFACE/U_CMD6_WR/U_WR_FIFO/SUBCORE_FIFO.xsdbm_v1_1_wrfifo_inst/inst_fifo_gen/gconvfifo.rf/grf.rf/gntv_or_sync_fifo.gl0.rd/rpntr/gc0.count_d1_reg[2]
  -------------------------------------------------------------------
                         required time                         -2.075    
                         arrival time                           2.306    
  -------------------------------------------------------------------
                         slack                                  0.231    

Slack (MET) :             0.231ns  (arrival time - required time)
  Source:                 dbg_hub/inst/CORE_XSDB.UUT_MASTER/U_ICON_INTERFACE/U_CMD6_WR/U_WR_FIFO/SUBCORE_FIFO.xsdbm_v1_1_wrfifo_inst/inst_fifo_gen/gconvfifo.rf/grf.rf/rstblk/ngwrdrst.grst.g7serrst.rd_rst_reg_reg[2]/C
                            (rising edge-triggered cell FDPE clocked by PHY_RXCLK  {rise@0.000ns fall@4.000ns period=8.000ns})
  Destination:            dbg_hub/inst/CORE_XSDB.UUT_MASTER/U_ICON_INTERFACE/U_CMD6_WR/U_WR_FIFO/SUBCORE_FIFO.xsdbm_v1_1_wrfifo_inst/inst_fifo_gen/gconvfifo.rf/grf.rf/gntv_or_sync_fifo.gl0.rd/rpntr/gc0.count_d1_reg[3]/CLR
                            (removal check against rising-edge clock PHY_RXCLK  {rise@0.000ns fall@4.000ns period=8.000ns})
  Path Group:             **async_default**
  Path Type:              Removal (Min at Fast Process Corner)
  Requirement:            0.000ns  (PHY_RXCLK rise@0.000ns - PHY_RXCLK rise@0.000ns)
  Data Path Delay:        0.195ns  (logic 0.100ns (51.244%)  route 0.095ns (48.756%))
  Logic Levels:           0  
  Clock Path Skew:        0.014ns (DCD - SCD - CPR)
    Destination Clock Delay (DCD):    2.550ns
    Source Clock Delay      (SCD):    2.111ns
    Clock Pessimism Removal (CPR):    0.425ns

    Location             Delay type                Incr(ns)  Path(ns)    Netlist Resource(s)
  -------------------------------------------------------------------    -------------------
                         (clock PHY_RXCLK rise edge)
                                                      0.000     0.000 r  
    T26                                               0.000     0.000 r  PHY_RXCLK (IN)
                         net (fo=0)                   0.000     0.000    PHY_RXCLK
    T26                  IBUF (Prop_ibuf_I_O)         0.641     0.641 r  PHY_RXCLK_IBUF_inst/O
                         net (fo=1, routed)           0.904     1.545    PHY_RXCLK_IBUF
    BUFGCTRL_X0Y0        BUFG (Prop_bufg_I_O)         0.026     1.571 r  IBUF_PHY_RXCLK/O
                         net (fo=6559, routed)        0.540     2.111    dbg_hub/inst/CORE_XSDB.UUT_MASTER/U_ICON_INTERFACE/U_CMD6_WR/U_WR_FIFO/SUBCORE_FIFO.xsdbm_v1_1_wrfifo_inst/inst_fifo_gen/gconvfifo.rf/grf.rf/rstblk/clk
    SLICE_X76Y150        FDPE                                         r  dbg_hub/inst/CORE_XSDB.UUT_MASTER/U_ICON_INTERFACE/U_CMD6_WR/U_WR_FIFO/SUBCORE_FIFO.xsdbm_v1_1_wrfifo_inst/inst_fifo_gen/gconvfifo.rf/grf.rf/rstblk/ngwrdrst.grst.g7serrst.rd_rst_reg_reg[2]/C
  -------------------------------------------------------------------    -------------------
    SLICE_X76Y150        FDPE (Prop_fdpe_C_Q)         0.100     2.211 f  dbg_hub/inst/CORE_XSDB.UUT_MASTER/U_ICON_INTERFACE/U_CMD6_WR/U_WR_FIFO/SUBCORE_FIFO.xsdbm_v1_1_wrfifo_inst/inst_fifo_gen/gconvfifo.rf/grf.rf/rstblk/ngwrdrst.grst.g7serrst.rd_rst_reg_reg[2]/Q
                         net (fo=10, routed)          0.095     2.306    dbg_hub/inst/CORE_XSDB.UUT_MASTER/U_ICON_INTERFACE/U_CMD6_WR/U_WR_FIFO/SUBCORE_FIFO.xsdbm_v1_1_wrfifo_inst/inst_fifo_gen/gconvfifo.rf/grf.rf/gntv_or_sync_fifo.gl0.rd/rpntr/ngwrdrst.grst.g7serrst.rd_rst_reg_reg[2][0]
    SLICE_X74Y150        FDCE                                         f  dbg_hub/inst/CORE_XSDB.UUT_MASTER/U_ICON_INTERFACE/U_CMD6_WR/U_WR_FIFO/SUBCORE_FIFO.xsdbm_v1_1_wrfifo_inst/inst_fifo_gen/gconvfifo.rf/grf.rf/gntv_or_sync_fifo.gl0.rd/rpntr/gc0.count_d1_reg[3]/CLR
  -------------------------------------------------------------------    -------------------

                         (clock PHY_RXCLK rise edge)
                                                      0.000     0.000 r  
    T26                                               0.000     0.000 r  PHY_RXCLK (IN)
                         net (fo=0)                   0.000     0.000    PHY_RXCLK
    T26                  IBUF (Prop_ibuf_I_O)         0.807     0.807 r  PHY_RXCLK_IBUF_inst/O
                         net (fo=1, routed)           0.973     1.780    PHY_RXCLK_IBUF
    BUFGCTRL_X0Y0        BUFG (Prop_bufg_I_O)         0.030     1.810 r  IBUF_PHY_RXCLK/O
                         net (fo=6559, routed)        0.740     2.550    dbg_hub/inst/CORE_XSDB.UUT_MASTER/U_ICON_INTERFACE/U_CMD6_WR/U_WR_FIFO/SUBCORE_FIFO.xsdbm_v1_1_wrfifo_inst/inst_fifo_gen/gconvfifo.rf/grf.rf/gntv_or_sync_fifo.gl0.rd/rpntr/clk
    SLICE_X74Y150        FDCE                                         r  dbg_hub/inst/CORE_XSDB.UUT_MASTER/U_ICON_INTERFACE/U_CMD6_WR/U_WR_FIFO/SUBCORE_FIFO.xsdbm_v1_1_wrfifo_inst/inst_fifo_gen/gconvfifo.rf/grf.rf/gntv_or_sync_fifo.gl0.rd/rpntr/gc0.count_d1_reg[3]/C
                         clock pessimism             -0.425     2.125    
    SLICE_X74Y150        FDCE (Remov_fdce_C_CLR)     -0.050     2.075    dbg_hub/inst/CORE_XSDB.UUT_MASTER/U_ICON_INTERFACE/U_CMD6_WR/U_WR_FIFO/SUBCORE_FIFO.xsdbm_v1_1_wrfifo_inst/inst_fifo_gen/gconvfifo.rf/grf.rf/gntv_or_sync_fifo.gl0.rd/rpntr/gc0.count_d1_reg[3]
  -------------------------------------------------------------------
                         required time                         -2.075    
                         arrival time                           2.306    
  -------------------------------------------------------------------
                         slack                                  0.231    

Slack (MET) :             0.231ns  (arrival time - required time)
  Source:                 dbg_hub/inst/CORE_XSDB.UUT_MASTER/U_ICON_INTERFACE/U_CMD6_WR/U_WR_FIFO/SUBCORE_FIFO.xsdbm_v1_1_wrfifo_inst/inst_fifo_gen/gconvfifo.rf/grf.rf/rstblk/ngwrdrst.grst.g7serrst.rd_rst_reg_reg[2]/C
                            (rising edge-triggered cell FDPE clocked by PHY_RXCLK  {rise@0.000ns fall@4.000ns period=8.000ns})
  Destination:            dbg_hub/inst/CORE_XSDB.UUT_MASTER/U_ICON_INTERFACE/U_CMD6_WR/U_WR_FIFO/SUBCORE_FIFO.xsdbm_v1_1_wrfifo_inst/inst_fifo_gen/gconvfifo.rf/grf.rf/gntv_or_sync_fifo.gl0.rd/rpntr/gc0.count_reg[1]/CLR
                            (removal check against rising-edge clock PHY_RXCLK  {rise@0.000ns fall@4.000ns period=8.000ns})
  Path Group:             **async_default**
  Path Type:              Removal (Min at Fast Process Corner)
  Requirement:            0.000ns  (PHY_RXCLK rise@0.000ns - PHY_RXCLK rise@0.000ns)
  Data Path Delay:        0.195ns  (logic 0.100ns (51.244%)  route 0.095ns (48.756%))
  Logic Levels:           0  
  Clock Path Skew:        0.014ns (DCD - SCD - CPR)
    Destination Clock Delay (DCD):    2.550ns
    Source Clock Delay      (SCD):    2.111ns
    Clock Pessimism Removal (CPR):    0.425ns

    Location             Delay type                Incr(ns)  Path(ns)    Netlist Resource(s)
  -------------------------------------------------------------------    -------------------
                         (clock PHY_RXCLK rise edge)
                                                      0.000     0.000 r  
    T26                                               0.000     0.000 r  PHY_RXCLK (IN)
                         net (fo=0)                   0.000     0.000    PHY_RXCLK
    T26                  IBUF (Prop_ibuf_I_O)         0.641     0.641 r  PHY_RXCLK_IBUF_inst/O
                         net (fo=1, routed)           0.904     1.545    PHY_RXCLK_IBUF
    BUFGCTRL_X0Y0        BUFG (Prop_bufg_I_O)         0.026     1.571 r  IBUF_PHY_RXCLK/O
                         net (fo=6559, routed)        0.540     2.111    dbg_hub/inst/CORE_XSDB.UUT_MASTER/U_ICON_INTERFACE/U_CMD6_WR/U_WR_FIFO/SUBCORE_FIFO.xsdbm_v1_1_wrfifo_inst/inst_fifo_gen/gconvfifo.rf/grf.rf/rstblk/clk
    SLICE_X76Y150        FDPE                                         r  dbg_hub/inst/CORE_XSDB.UUT_MASTER/U_ICON_INTERFACE/U_CMD6_WR/U_WR_FIFO/SUBCORE_FIFO.xsdbm_v1_1_wrfifo_inst/inst_fifo_gen/gconvfifo.rf/grf.rf/rstblk/ngwrdrst.grst.g7serrst.rd_rst_reg_reg[2]/C
  -------------------------------------------------------------------    -------------------
    SLICE_X76Y150        FDPE (Prop_fdpe_C_Q)         0.100     2.211 f  dbg_hub/inst/CORE_XSDB.UUT_MASTER/U_ICON_INTERFACE/U_CMD6_WR/U_WR_FIFO/SUBCORE_FIFO.xsdbm_v1_1_wrfifo_inst/inst_fifo_gen/gconvfifo.rf/grf.rf/rstblk/ngwrdrst.grst.g7serrst.rd_rst_reg_reg[2]/Q
                         net (fo=10, routed)          0.095     2.306    dbg_hub/inst/CORE_XSDB.UUT_MASTER/U_ICON_INTERFACE/U_CMD6_WR/U_WR_FIFO/SUBCORE_FIFO.xsdbm_v1_1_wrfifo_inst/inst_fifo_gen/gconvfifo.rf/grf.rf/gntv_or_sync_fifo.gl0.rd/rpntr/ngwrdrst.grst.g7serrst.rd_rst_reg_reg[2][0]
    SLICE_X74Y150        FDCE                                         f  dbg_hub/inst/CORE_XSDB.UUT_MASTER/U_ICON_INTERFACE/U_CMD6_WR/U_WR_FIFO/SUBCORE_FIFO.xsdbm_v1_1_wrfifo_inst/inst_fifo_gen/gconvfifo.rf/grf.rf/gntv_or_sync_fifo.gl0.rd/rpntr/gc0.count_reg[1]/CLR
  -------------------------------------------------------------------    -------------------

                         (clock PHY_RXCLK rise edge)
                                                      0.000     0.000 r  
    T26                                               0.000     0.000 r  PHY_RXCLK (IN)
                         net (fo=0)                   0.000     0.000    PHY_RXCLK
    T26                  IBUF (Prop_ibuf_I_O)         0.807     0.807 r  PHY_RXCLK_IBUF_inst/O
                         net (fo=1, routed)           0.973     1.780    PHY_RXCLK_IBUF
    BUFGCTRL_X0Y0        BUFG (Prop_bufg_I_O)         0.030     1.810 r  IBUF_PHY_RXCLK/O
                         net (fo=6559, routed)        0.740     2.550    dbg_hub/inst/CORE_XSDB.UUT_MASTER/U_ICON_INTERFACE/U_CMD6_WR/U_WR_FIFO/SUBCORE_FIFO.xsdbm_v1_1_wrfifo_inst/inst_fifo_gen/gconvfifo.rf/grf.rf/gntv_or_sync_fifo.gl0.rd/rpntr/clk
    SLICE_X74Y150        FDCE                                         r  dbg_hub/inst/CORE_XSDB.UUT_MASTER/U_ICON_INTERFACE/U_CMD6_WR/U_WR_FIFO/SUBCORE_FIFO.xsdbm_v1_1_wrfifo_inst/inst_fifo_gen/gconvfifo.rf/grf.rf/gntv_or_sync_fifo.gl0.rd/rpntr/gc0.count_reg[1]/C
                         clock pessimism             -0.425     2.125    
    SLICE_X74Y150        FDCE (Remov_fdce_C_CLR)     -0.050     2.075    dbg_hub/inst/CORE_XSDB.UUT_MASTER/U_ICON_INTERFACE/U_CMD6_WR/U_WR_FIFO/SUBCORE_FIFO.xsdbm_v1_1_wrfifo_inst/inst_fifo_gen/gconvfifo.rf/grf.rf/gntv_or_sync_fifo.gl0.rd/rpntr/gc0.count_reg[1]
  -------------------------------------------------------------------
                         required time                         -2.075    
                         arrival time                           2.306    
  -------------------------------------------------------------------
                         slack                                  0.231    

Slack (MET) :             0.231ns  (arrival time - required time)
  Source:                 dbg_hub/inst/CORE_XSDB.UUT_MASTER/U_ICON_INTERFACE/U_CMD6_WR/U_WR_FIFO/SUBCORE_FIFO.xsdbm_v1_1_wrfifo_inst/inst_fifo_gen/gconvfifo.rf/grf.rf/rstblk/ngwrdrst.grst.g7serrst.rd_rst_reg_reg[2]/C
                            (rising edge-triggered cell FDPE clocked by PHY_RXCLK  {rise@0.000ns fall@4.000ns period=8.000ns})
  Destination:            dbg_hub/inst/CORE_XSDB.UUT_MASTER/U_ICON_INTERFACE/U_CMD6_WR/U_WR_FIFO/SUBCORE_FIFO.xsdbm_v1_1_wrfifo_inst/inst_fifo_gen/gconvfifo.rf/grf.rf/gntv_or_sync_fifo.gl0.rd/rpntr/gc0.count_reg[2]/CLR
                            (removal check against rising-edge clock PHY_RXCLK  {rise@0.000ns fall@4.000ns period=8.000ns})
  Path Group:             **async_default**
  Path Type:              Removal (Min at Fast Process Corner)
  Requirement:            0.000ns  (PHY_RXCLK rise@0.000ns - PHY_RXCLK rise@0.000ns)
  Data Path Delay:        0.195ns  (logic 0.100ns (51.244%)  route 0.095ns (48.756%))
  Logic Levels:           0  
  Clock Path Skew:        0.014ns (DCD - SCD - CPR)
    Destination Clock Delay (DCD):    2.550ns
    Source Clock Delay      (SCD):    2.111ns
    Clock Pessimism Removal (CPR):    0.425ns

    Location             Delay type                Incr(ns)  Path(ns)    Netlist Resource(s)
  -------------------------------------------------------------------    -------------------
                         (clock PHY_RXCLK rise edge)
                                                      0.000     0.000 r  
    T26                                               0.000     0.000 r  PHY_RXCLK (IN)
                         net (fo=0)                   0.000     0.000    PHY_RXCLK
    T26                  IBUF (Prop_ibuf_I_O)         0.641     0.641 r  PHY_RXCLK_IBUF_inst/O
                         net (fo=1, routed)           0.904     1.545    PHY_RXCLK_IBUF
    BUFGCTRL_X0Y0        BUFG (Prop_bufg_I_O)         0.026     1.571 r  IBUF_PHY_RXCLK/O
                         net (fo=6559, routed)        0.540     2.111    dbg_hub/inst/CORE_XSDB.UUT_MASTER/U_ICON_INTERFACE/U_CMD6_WR/U_WR_FIFO/SUBCORE_FIFO.xsdbm_v1_1_wrfifo_inst/inst_fifo_gen/gconvfifo.rf/grf.rf/rstblk/clk
    SLICE_X76Y150        FDPE                                         r  dbg_hub/inst/CORE_XSDB.UUT_MASTER/U_ICON_INTERFACE/U_CMD6_WR/U_WR_FIFO/SUBCORE_FIFO.xsdbm_v1_1_wrfifo_inst/inst_fifo_gen/gconvfifo.rf/grf.rf/rstblk/ngwrdrst.grst.g7serrst.rd_rst_reg_reg[2]/C
  -------------------------------------------------------------------    -------------------
    SLICE_X76Y150        FDPE (Prop_fdpe_C_Q)         0.100     2.211 f  dbg_hub/inst/CORE_XSDB.UUT_MASTER/U_ICON_INTERFACE/U_CMD6_WR/U_WR_FIFO/SUBCORE_FIFO.xsdbm_v1_1_wrfifo_inst/inst_fifo_gen/gconvfifo.rf/grf.rf/rstblk/ngwrdrst.grst.g7serrst.rd_rst_reg_reg[2]/Q
                         net (fo=10, routed)          0.095     2.306    dbg_hub/inst/CORE_XSDB.UUT_MASTER/U_ICON_INTERFACE/U_CMD6_WR/U_WR_FIFO/SUBCORE_FIFO.xsdbm_v1_1_wrfifo_inst/inst_fifo_gen/gconvfifo.rf/grf.rf/gntv_or_sync_fifo.gl0.rd/rpntr/ngwrdrst.grst.g7serrst.rd_rst_reg_reg[2][0]
    SLICE_X74Y150        FDCE                                         f  dbg_hub/inst/CORE_XSDB.UUT_MASTER/U_ICON_INTERFACE/U_CMD6_WR/U_WR_FIFO/SUBCORE_FIFO.xsdbm_v1_1_wrfifo_inst/inst_fifo_gen/gconvfifo.rf/grf.rf/gntv_or_sync_fifo.gl0.rd/rpntr/gc0.count_reg[2]/CLR
  -------------------------------------------------------------------    -------------------

                         (clock PHY_RXCLK rise edge)
                                                      0.000     0.000 r  
    T26                                               0.000     0.000 r  PHY_RXCLK (IN)
                         net (fo=0)                   0.000     0.000    PHY_RXCLK
    T26                  IBUF (Prop_ibuf_I_O)         0.807     0.807 r  PHY_RXCLK_IBUF_inst/O
                         net (fo=1, routed)           0.973     1.780    PHY_RXCLK_IBUF
    BUFGCTRL_X0Y0        BUFG (Prop_bufg_I_O)         0.030     1.810 r  IBUF_PHY_RXCLK/O
                         net (fo=6559, routed)        0.740     2.550    dbg_hub/inst/CORE_XSDB.UUT_MASTER/U_ICON_INTERFACE/U_CMD6_WR/U_WR_FIFO/SUBCORE_FIFO.xsdbm_v1_1_wrfifo_inst/inst_fifo_gen/gconvfifo.rf/grf.rf/gntv_or_sync_fifo.gl0.rd/rpntr/clk
    SLICE_X74Y150        FDCE                                         r  dbg_hub/inst/CORE_XSDB.UUT_MASTER/U_ICON_INTERFACE/U_CMD6_WR/U_WR_FIFO/SUBCORE_FIFO.xsdbm_v1_1_wrfifo_inst/inst_fifo_gen/gconvfifo.rf/grf.rf/gntv_or_sync_fifo.gl0.rd/rpntr/gc0.count_reg[2]/C
                         clock pessimism             -0.425     2.125    
    SLICE_X74Y150        FDCE (Remov_fdce_C_CLR)     -0.050     2.075    dbg_hub/inst/CORE_XSDB.UUT_MASTER/U_ICON_INTERFACE/U_CMD6_WR/U_WR_FIFO/SUBCORE_FIFO.xsdbm_v1_1_wrfifo_inst/inst_fifo_gen/gconvfifo.rf/grf.rf/gntv_or_sync_fifo.gl0.rd/rpntr/gc0.count_reg[2]
  -------------------------------------------------------------------
                         required time                         -2.075    
                         arrival time                           2.306    
  -------------------------------------------------------------------
                         slack                                  0.231    

Slack (MET) :             0.231ns  (arrival time - required time)
  Source:                 dbg_hub/inst/CORE_XSDB.UUT_MASTER/U_ICON_INTERFACE/U_CMD6_WR/U_WR_FIFO/SUBCORE_FIFO.xsdbm_v1_1_wrfifo_inst/inst_fifo_gen/gconvfifo.rf/grf.rf/rstblk/ngwrdrst.grst.g7serrst.rd_rst_reg_reg[2]/C
                            (rising edge-triggered cell FDPE clocked by PHY_RXCLK  {rise@0.000ns fall@4.000ns period=8.000ns})
  Destination:            dbg_hub/inst/CORE_XSDB.UUT_MASTER/U_ICON_INTERFACE/U_CMD6_WR/U_WR_FIFO/SUBCORE_FIFO.xsdbm_v1_1_wrfifo_inst/inst_fifo_gen/gconvfifo.rf/grf.rf/gntv_or_sync_fifo.gl0.rd/rpntr/gc0.count_reg[3]/CLR
                            (removal check against rising-edge clock PHY_RXCLK  {rise@0.000ns fall@4.000ns period=8.000ns})
  Path Group:             **async_default**
  Path Type:              Removal (Min at Fast Process Corner)
  Requirement:            0.000ns  (PHY_RXCLK rise@0.000ns - PHY_RXCLK rise@0.000ns)
  Data Path Delay:        0.195ns  (logic 0.100ns (51.244%)  route 0.095ns (48.756%))
  Logic Levels:           0  
  Clock Path Skew:        0.014ns (DCD - SCD - CPR)
    Destination Clock Delay (DCD):    2.550ns
    Source Clock Delay      (SCD):    2.111ns
    Clock Pessimism Removal (CPR):    0.425ns

    Location             Delay type                Incr(ns)  Path(ns)    Netlist Resource(s)
  -------------------------------------------------------------------    -------------------
                         (clock PHY_RXCLK rise edge)
                                                      0.000     0.000 r  
    T26                                               0.000     0.000 r  PHY_RXCLK (IN)
                         net (fo=0)                   0.000     0.000    PHY_RXCLK
    T26                  IBUF (Prop_ibuf_I_O)         0.641     0.641 r  PHY_RXCLK_IBUF_inst/O
                         net (fo=1, routed)           0.904     1.545    PHY_RXCLK_IBUF
    BUFGCTRL_X0Y0        BUFG (Prop_bufg_I_O)         0.026     1.571 r  IBUF_PHY_RXCLK/O
                         net (fo=6559, routed)        0.540     2.111    dbg_hub/inst/CORE_XSDB.UUT_MASTER/U_ICON_INTERFACE/U_CMD6_WR/U_WR_FIFO/SUBCORE_FIFO.xsdbm_v1_1_wrfifo_inst/inst_fifo_gen/gconvfifo.rf/grf.rf/rstblk/clk
    SLICE_X76Y150        FDPE                                         r  dbg_hub/inst/CORE_XSDB.UUT_MASTER/U_ICON_INTERFACE/U_CMD6_WR/U_WR_FIFO/SUBCORE_FIFO.xsdbm_v1_1_wrfifo_inst/inst_fifo_gen/gconvfifo.rf/grf.rf/rstblk/ngwrdrst.grst.g7serrst.rd_rst_reg_reg[2]/C
  -------------------------------------------------------------------    -------------------
    SLICE_X76Y150        FDPE (Prop_fdpe_C_Q)         0.100     2.211 f  dbg_hub/inst/CORE_XSDB.UUT_MASTER/U_ICON_INTERFACE/U_CMD6_WR/U_WR_FIFO/SUBCORE_FIFO.xsdbm_v1_1_wrfifo_inst/inst_fifo_gen/gconvfifo.rf/grf.rf/rstblk/ngwrdrst.grst.g7serrst.rd_rst_reg_reg[2]/Q
                         net (fo=10, routed)          0.095     2.306    dbg_hub/inst/CORE_XSDB.UUT_MASTER/U_ICON_INTERFACE/U_CMD6_WR/U_WR_FIFO/SUBCORE_FIFO.xsdbm_v1_1_wrfifo_inst/inst_fifo_gen/gconvfifo.rf/grf.rf/gntv_or_sync_fifo.gl0.rd/rpntr/ngwrdrst.grst.g7serrst.rd_rst_reg_reg[2][0]
    SLICE_X74Y150        FDCE                                         f  dbg_hub/inst/CORE_XSDB.UUT_MASTER/U_ICON_INTERFACE/U_CMD6_WR/U_WR_FIFO/SUBCORE_FIFO.xsdbm_v1_1_wrfifo_inst/inst_fifo_gen/gconvfifo.rf/grf.rf/gntv_or_sync_fifo.gl0.rd/rpntr/gc0.count_reg[3]/CLR
  -------------------------------------------------------------------    -------------------

                         (clock PHY_RXCLK rise edge)
                                                      0.000     0.000 r  
    T26                                               0.000     0.000 r  PHY_RXCLK (IN)
                         net (fo=0)                   0.000     0.000    PHY_RXCLK
    T26                  IBUF (Prop_ibuf_I_O)         0.807     0.807 r  PHY_RXCLK_IBUF_inst/O
                         net (fo=1, routed)           0.973     1.780    PHY_RXCLK_IBUF
    BUFGCTRL_X0Y0        BUFG (Prop_bufg_I_O)         0.030     1.810 r  IBUF_PHY_RXCLK/O
                         net (fo=6559, routed)        0.740     2.550    dbg_hub/inst/CORE_XSDB.UUT_MASTER/U_ICON_INTERFACE/U_CMD6_WR/U_WR_FIFO/SUBCORE_FIFO.xsdbm_v1_1_wrfifo_inst/inst_fifo_gen/gconvfifo.rf/grf.rf/gntv_or_sync_fifo.gl0.rd/rpntr/clk
    SLICE_X74Y150        FDCE                                         r  dbg_hub/inst/CORE_XSDB.UUT_MASTER/U_ICON_INTERFACE/U_CMD6_WR/U_WR_FIFO/SUBCORE_FIFO.xsdbm_v1_1_wrfifo_inst/inst_fifo_gen/gconvfifo.rf/grf.rf/gntv_or_sync_fifo.gl0.rd/rpntr/gc0.count_reg[3]/C
                         clock pessimism             -0.425     2.125    
    SLICE_X74Y150        FDCE (Remov_fdce_C_CLR)     -0.050     2.075    dbg_hub/inst/CORE_XSDB.UUT_MASTER/U_ICON_INTERFACE/U_CMD6_WR/U_WR_FIFO/SUBCORE_FIFO.xsdbm_v1_1_wrfifo_inst/inst_fifo_gen/gconvfifo.rf/grf.rf/gntv_or_sync_fifo.gl0.rd/rpntr/gc0.count_reg[3]
  -------------------------------------------------------------------
                         required time                         -2.075    
                         arrival time                           2.306    
  -------------------------------------------------------------------
                         slack                                  0.231    





---------------------------------------------------------------------------------------------------
Path Group:  **async_default**
From Clock:  dbg_hub/inst/N_EXT_BSCAN.bscan_inst/SERIES7_BSCAN.bscan_inst/DRCK
  To Clock:  dbg_hub/inst/N_EXT_BSCAN.bscan_inst/SERIES7_BSCAN.bscan_inst/DRCK

Setup :            0  Failing Endpoints,  Worst Slack       26.250ns,  Total Violation        0.000ns
Hold  :            0  Failing Endpoints,  Worst Slack        0.154ns,  Total Violation        0.000ns
---------------------------------------------------------------------------------------------------


Max Delay Paths
--------------------------------------------------------------------------------------
Slack (MET) :             26.250ns  (required time - arrival time)
  Source:                 dbg_hub/inst/CORE_XSDB.U_ICON/U_SYNC/SYNC_reg/C
                            (rising edge-triggered cell FDRE clocked by dbg_hub/inst/N_EXT_BSCAN.bscan_inst/SERIES7_BSCAN.bscan_inst/DRCK  {rise@0.000ns fall@15.000ns period=30.000ns})
  Destination:            dbg_hub/inst/CORE_XSDB.UUT_MASTER/U_ICON_INTERFACE/U_CMD6_WR/shift_reg_in_reg[11]/CLR
                            (recovery check against rising-edge clock dbg_hub/inst/N_EXT_BSCAN.bscan_inst/SERIES7_BSCAN.bscan_inst/DRCK  {rise@0.000ns fall@15.000ns period=30.000ns})
  Path Group:             **async_default**
  Path Type:              Recovery (Max at Slow Process Corner)
  Requirement:            30.000ns  (dbg_hub/inst/N_EXT_BSCAN.bscan_inst/SERIES7_BSCAN.bscan_inst/DRCK rise@30.000ns - dbg_hub/inst/N_EXT_BSCAN.bscan_inst/SERIES7_BSCAN.bscan_inst/DRCK rise@0.000ns)
  Data Path Delay:        3.121ns  (logic 0.397ns (12.722%)  route 2.724ns (87.278%))
  Logic Levels:           3  (LUT2=2 LUT6=1)
  Clock Path Skew:        -0.289ns (DCD - SCD + CPR)
    Destination Clock Delay (DCD):    3.720ns = ( 33.720 - 30.000 ) 
    Source Clock Delay      (SCD):    4.502ns
    Clock Pessimism Removal (CPR):    0.493ns
  Clock Uncertainty:      0.035ns  ((TSJ^2 + TIJ^2)^1/2 + DJ) / 2 + PE
    Total System Jitter     (TSJ):    0.071ns
    Total Input Jitter      (TIJ):    0.000ns
    Discrete Jitter          (DJ):    0.000ns
    Phase Error              (PE):    0.000ns

    Location             Delay type                Incr(ns)  Path(ns)    Netlist Resource(s)
  -------------------------------------------------------------------    -------------------
                         (clock dbg_hub/inst/N_EXT_BSCAN.bscan_inst/SERIES7_BSCAN.bscan_inst/DRCK rise edge)
                                                      0.000     0.000 r  
    BSCAN_X0Y0           BSCANE2                      0.000     0.000 r  dbg_hub/inst/N_EXT_BSCAN.bscan_inst/SERIES7_BSCAN.bscan_inst/DRCK
                         net (fo=1, routed)           3.018     3.018    dbg_hub/inst/DRCK
    BUFGCTRL_X0Y4        BUFG (Prop_bufg_I_O)         0.093     3.111 r  dbg_hub/inst/N_EXT_BSCAN.u_bufg_icon/O
                         net (fo=269, routed)         1.391     4.502    dbg_hub/inst/CORE_XSDB.U_ICON/U_SYNC/CLK
    SLICE_X66Y140        FDRE                                         r  dbg_hub/inst/CORE_XSDB.U_ICON/U_SYNC/SYNC_reg/C
  -------------------------------------------------------------------    -------------------
    SLICE_X66Y140        FDRE (Prop_fdre_C_Q)         0.259     4.761 f  dbg_hub/inst/CORE_XSDB.U_ICON/U_SYNC/SYNC_reg/Q
                         net (fo=3, routed)           0.546     5.307    dbg_hub/inst/CORE_XSDB.U_ICON/U_SYNC/iSYNC
    SLICE_X63Y141        LUT2 (Prop_lut2_I0_O)        0.043     5.350 f  dbg_hub/inst/CORE_XSDB.U_ICON/U_SYNC/shift_reg_in[1]_i_3/O
                         net (fo=9, routed)           0.412     5.762    dbg_hub/inst/CORE_XSDB.U_ICON/U_CMD/p_103_in
    SLICE_X64Y142        LUT6 (Prop_lut6_I1_O)        0.043     5.805 f  dbg_hub/inst/CORE_XSDB.U_ICON/U_CMD/shift_reg_in[17]_i_1/O
                         net (fo=23, routed)          0.636     6.441    dbg_hub/inst/CORE_XSDB.U_ICON/U_CMD/shift_reg_in_reg[17]
    SLICE_X64Y145        LUT2 (Prop_lut2_I0_O)        0.052     6.493 f  dbg_hub/inst/CORE_XSDB.U_ICON/U_CMD/ngwrdrst.grst.g7serrst.rst_wr_reg1_i_1/O
                         net (fo=40, routed)          1.129     7.622    dbg_hub/inst/CORE_XSDB.UUT_MASTER/U_ICON_INTERFACE/U_CMD6_WR/AR[0]
    SLICE_X73Y152        FDCE                                         f  dbg_hub/inst/CORE_XSDB.UUT_MASTER/U_ICON_INTERFACE/U_CMD6_WR/shift_reg_in_reg[11]/CLR
  -------------------------------------------------------------------    -------------------

                         (clock dbg_hub/inst/N_EXT_BSCAN.bscan_inst/SERIES7_BSCAN.bscan_inst/DRCK rise edge)
                                                     30.000    30.000 r  
    BSCAN_X0Y0           BSCANE2                      0.000    30.000 r  dbg_hub/inst/N_EXT_BSCAN.bscan_inst/SERIES7_BSCAN.bscan_inst/DRCK
                         net (fo=1, routed)           2.548    32.548    dbg_hub/inst/DRCK
    BUFGCTRL_X0Y4        BUFG (Prop_bufg_I_O)         0.083    32.631 r  dbg_hub/inst/N_EXT_BSCAN.u_bufg_icon/O
                         net (fo=269, routed)         1.089    33.720    dbg_hub/inst/CORE_XSDB.UUT_MASTER/U_ICON_INTERFACE/U_CMD6_WR/idrck
    SLICE_X73Y152        FDCE                                         r  dbg_hub/inst/CORE_XSDB.UUT_MASTER/U_ICON_INTERFACE/U_CMD6_WR/shift_reg_in_reg[11]/C
                         clock pessimism              0.493    34.213    
                         clock uncertainty           -0.035    34.177    
    SLICE_X73Y152        FDCE (Recov_fdce_C_CLR)     -0.305    33.872    dbg_hub/inst/CORE_XSDB.UUT_MASTER/U_ICON_INTERFACE/U_CMD6_WR/shift_reg_in_reg[11]
  -------------------------------------------------------------------
                         required time                         33.872    
                         arrival time                          -7.622    
  -------------------------------------------------------------------
                         slack                                 26.250    

Slack (MET) :             26.457ns  (required time - arrival time)
  Source:                 dbg_hub/inst/CORE_XSDB.U_ICON/U_SYNC/SYNC_reg/C
                            (rising edge-triggered cell FDRE clocked by dbg_hub/inst/N_EXT_BSCAN.bscan_inst/SERIES7_BSCAN.bscan_inst/DRCK  {rise@0.000ns fall@15.000ns period=30.000ns})
  Destination:            dbg_hub/inst/CORE_XSDB.UUT_MASTER/U_ICON_INTERFACE/U_CMD6_WR/shift_reg_in_reg[10]/CLR
                            (recovery check against rising-edge clock dbg_hub/inst/N_EXT_BSCAN.bscan_inst/SERIES7_BSCAN.bscan_inst/DRCK  {rise@0.000ns fall@15.000ns period=30.000ns})
  Path Group:             **async_default**
  Path Type:              Recovery (Max at Slow Process Corner)
  Requirement:            30.000ns  (dbg_hub/inst/N_EXT_BSCAN.bscan_inst/SERIES7_BSCAN.bscan_inst/DRCK rise@30.000ns - dbg_hub/inst/N_EXT_BSCAN.bscan_inst/SERIES7_BSCAN.bscan_inst/DRCK rise@0.000ns)
  Data Path Delay:        2.914ns  (logic 0.397ns (13.625%)  route 2.517ns (86.375%))
  Logic Levels:           3  (LUT2=2 LUT6=1)
  Clock Path Skew:        -0.289ns (DCD - SCD + CPR)
    Destination Clock Delay (DCD):    3.720ns = ( 33.720 - 30.000 ) 
    Source Clock Delay      (SCD):    4.502ns
    Clock Pessimism Removal (CPR):    0.493ns
  Clock Uncertainty:      0.035ns  ((TSJ^2 + TIJ^2)^1/2 + DJ) / 2 + PE
    Total System Jitter     (TSJ):    0.071ns
    Total Input Jitter      (TIJ):    0.000ns
    Discrete Jitter          (DJ):    0.000ns
    Phase Error              (PE):    0.000ns

    Location             Delay type                Incr(ns)  Path(ns)    Netlist Resource(s)
  -------------------------------------------------------------------    -------------------
                         (clock dbg_hub/inst/N_EXT_BSCAN.bscan_inst/SERIES7_BSCAN.bscan_inst/DRCK rise edge)
                                                      0.000     0.000 r  
    BSCAN_X0Y0           BSCANE2                      0.000     0.000 r  dbg_hub/inst/N_EXT_BSCAN.bscan_inst/SERIES7_BSCAN.bscan_inst/DRCK
                         net (fo=1, routed)           3.018     3.018    dbg_hub/inst/DRCK
    BUFGCTRL_X0Y4        BUFG (Prop_bufg_I_O)         0.093     3.111 r  dbg_hub/inst/N_EXT_BSCAN.u_bufg_icon/O
                         net (fo=269, routed)         1.391     4.502    dbg_hub/inst/CORE_XSDB.U_ICON/U_SYNC/CLK
    SLICE_X66Y140        FDRE                                         r  dbg_hub/inst/CORE_XSDB.U_ICON/U_SYNC/SYNC_reg/C
  -------------------------------------------------------------------    -------------------
    SLICE_X66Y140        FDRE (Prop_fdre_C_Q)         0.259     4.761 f  dbg_hub/inst/CORE_XSDB.U_ICON/U_SYNC/SYNC_reg/Q
                         net (fo=3, routed)           0.546     5.307    dbg_hub/inst/CORE_XSDB.U_ICON/U_SYNC/iSYNC
    SLICE_X63Y141        LUT2 (Prop_lut2_I0_O)        0.043     5.350 f  dbg_hub/inst/CORE_XSDB.U_ICON/U_SYNC/shift_reg_in[1]_i_3/O
                         net (fo=9, routed)           0.412     5.762    dbg_hub/inst/CORE_XSDB.U_ICON/U_CMD/p_103_in
    SLICE_X64Y142        LUT6 (Prop_lut6_I1_O)        0.043     5.805 f  dbg_hub/inst/CORE_XSDB.U_ICON/U_CMD/shift_reg_in[17]_i_1/O
                         net (fo=23, routed)          0.636     6.441    dbg_hub/inst/CORE_XSDB.U_ICON/U_CMD/shift_reg_in_reg[17]
    SLICE_X64Y145        LUT2 (Prop_lut2_I0_O)        0.052     6.493 f  dbg_hub/inst/CORE_XSDB.U_ICON/U_CMD/ngwrdrst.grst.g7serrst.rst_wr_reg1_i_1/O
                         net (fo=40, routed)          0.922     7.415    dbg_hub/inst/CORE_XSDB.UUT_MASTER/U_ICON_INTERFACE/U_CMD6_WR/AR[0]
    SLICE_X71Y150        FDCE                                         f  dbg_hub/inst/CORE_XSDB.UUT_MASTER/U_ICON_INTERFACE/U_CMD6_WR/shift_reg_in_reg[10]/CLR
  -------------------------------------------------------------------    -------------------

                         (clock dbg_hub/inst/N_EXT_BSCAN.bscan_inst/SERIES7_BSCAN.bscan_inst/DRCK rise edge)
                                                     30.000    30.000 r  
    BSCAN_X0Y0           BSCANE2                      0.000    30.000 r  dbg_hub/inst/N_EXT_BSCAN.bscan_inst/SERIES7_BSCAN.bscan_inst/DRCK
                         net (fo=1, routed)           2.548    32.548    dbg_hub/inst/DRCK
    BUFGCTRL_X0Y4        BUFG (Prop_bufg_I_O)         0.083    32.631 r  dbg_hub/inst/N_EXT_BSCAN.u_bufg_icon/O
                         net (fo=269, routed)         1.089    33.720    dbg_hub/inst/CORE_XSDB.UUT_MASTER/U_ICON_INTERFACE/U_CMD6_WR/idrck
    SLICE_X71Y150        FDCE                                         r  dbg_hub/inst/CORE_XSDB.UUT_MASTER/U_ICON_INTERFACE/U_CMD6_WR/shift_reg_in_reg[10]/C
                         clock pessimism              0.493    34.213    
                         clock uncertainty           -0.035    34.177    
    SLICE_X71Y150        FDCE (Recov_fdce_C_CLR)     -0.305    33.872    dbg_hub/inst/CORE_XSDB.UUT_MASTER/U_ICON_INTERFACE/U_CMD6_WR/shift_reg_in_reg[10]
  -------------------------------------------------------------------
                         required time                         33.872    
                         arrival time                          -7.415    
  -------------------------------------------------------------------
                         slack                                 26.457    

Slack (MET) :             26.474ns  (required time - arrival time)
  Source:                 dbg_hub/inst/CORE_XSDB.U_ICON/U_SYNC/SYNC_reg/C
                            (rising edge-triggered cell FDRE clocked by dbg_hub/inst/N_EXT_BSCAN.bscan_inst/SERIES7_BSCAN.bscan_inst/DRCK  {rise@0.000ns fall@15.000ns period=30.000ns})
  Destination:            dbg_hub/inst/CORE_XSDB.UUT_MASTER/U_ICON_INTERFACE/U_CMD6_WR/U_WR_FIFO/SUBCORE_FIFO.xsdbm_v1_1_wrfifo_inst/inst_fifo_gen/gconvfifo.rf/grf.rf/rstblk/ngwrdrst.grst.g7serrst.rst_wr_reg1_reg/PRE
                            (recovery check against rising-edge clock dbg_hub/inst/N_EXT_BSCAN.bscan_inst/SERIES7_BSCAN.bscan_inst/DRCK  {rise@0.000ns fall@15.000ns period=30.000ns})
  Path Group:             **async_default**
  Path Type:              Recovery (Max at Slow Process Corner)
  Requirement:            30.000ns  (dbg_hub/inst/N_EXT_BSCAN.bscan_inst/SERIES7_BSCAN.bscan_inst/DRCK rise@30.000ns - dbg_hub/inst/N_EXT_BSCAN.bscan_inst/SERIES7_BSCAN.bscan_inst/DRCK rise@0.000ns)
  Data Path Delay:        2.919ns  (logic 0.397ns (13.600%)  route 2.522ns (86.400%))
  Logic Levels:           3  (LUT2=2 LUT6=1)
  Clock Path Skew:        -0.292ns (DCD - SCD + CPR)
    Destination Clock Delay (DCD):    3.717ns = ( 33.717 - 30.000 ) 
    Source Clock Delay      (SCD):    4.502ns
    Clock Pessimism Removal (CPR):    0.493ns
  Clock Uncertainty:      0.035ns  ((TSJ^2 + TIJ^2)^1/2 + DJ) / 2 + PE
    Total System Jitter     (TSJ):    0.071ns
    Total Input Jitter      (TIJ):    0.000ns
    Discrete Jitter          (DJ):    0.000ns
    Phase Error              (PE):    0.000ns

    Location             Delay type                Incr(ns)  Path(ns)    Netlist Resource(s)
  -------------------------------------------------------------------    -------------------
                         (clock dbg_hub/inst/N_EXT_BSCAN.bscan_inst/SERIES7_BSCAN.bscan_inst/DRCK rise edge)
                                                      0.000     0.000 r  
    BSCAN_X0Y0           BSCANE2                      0.000     0.000 r  dbg_hub/inst/N_EXT_BSCAN.bscan_inst/SERIES7_BSCAN.bscan_inst/DRCK
                         net (fo=1, routed)           3.018     3.018    dbg_hub/inst/DRCK
    BUFGCTRL_X0Y4        BUFG (Prop_bufg_I_O)         0.093     3.111 r  dbg_hub/inst/N_EXT_BSCAN.u_bufg_icon/O
                         net (fo=269, routed)         1.391     4.502    dbg_hub/inst/CORE_XSDB.U_ICON/U_SYNC/CLK
    SLICE_X66Y140        FDRE                                         r  dbg_hub/inst/CORE_XSDB.U_ICON/U_SYNC/SYNC_reg/C
  -------------------------------------------------------------------    -------------------
    SLICE_X66Y140        FDRE (Prop_fdre_C_Q)         0.259     4.761 f  dbg_hub/inst/CORE_XSDB.U_ICON/U_SYNC/SYNC_reg/Q
                         net (fo=3, routed)           0.546     5.307    dbg_hub/inst/CORE_XSDB.U_ICON/U_SYNC/iSYNC
    SLICE_X63Y141        LUT2 (Prop_lut2_I0_O)        0.043     5.350 f  dbg_hub/inst/CORE_XSDB.U_ICON/U_SYNC/shift_reg_in[1]_i_3/O
                         net (fo=9, routed)           0.412     5.762    dbg_hub/inst/CORE_XSDB.U_ICON/U_CMD/p_103_in
    SLICE_X64Y142        LUT6 (Prop_lut6_I1_O)        0.043     5.805 f  dbg_hub/inst/CORE_XSDB.U_ICON/U_CMD/shift_reg_in[17]_i_1/O
                         net (fo=23, routed)          0.636     6.441    dbg_hub/inst/CORE_XSDB.U_ICON/U_CMD/shift_reg_in_reg[17]
    SLICE_X64Y145        LUT2 (Prop_lut2_I0_O)        0.052     6.493 f  dbg_hub/inst/CORE_XSDB.U_ICON/U_CMD/ngwrdrst.grst.g7serrst.rst_wr_reg1_i_1/O
                         net (fo=40, routed)          0.928     7.421    dbg_hub/inst/CORE_XSDB.UUT_MASTER/U_ICON_INTERFACE/U_CMD6_WR/U_WR_FIFO/SUBCORE_FIFO.xsdbm_v1_1_wrfifo_inst/inst_fifo_gen/gconvfifo.rf/grf.rf/rstblk/AR[0]
    SLICE_X78Y151        FDPE                                         f  dbg_hub/inst/CORE_XSDB.UUT_MASTER/U_ICON_INTERFACE/U_CMD6_WR/U_WR_FIFO/SUBCORE_FIFO.xsdbm_v1_1_wrfifo_inst/inst_fifo_gen/gconvfifo.rf/grf.rf/rstblk/ngwrdrst.grst.g7serrst.rst_wr_reg1_reg/PRE
  -------------------------------------------------------------------    -------------------

                         (clock dbg_hub/inst/N_EXT_BSCAN.bscan_inst/SERIES7_BSCAN.bscan_inst/DRCK rise edge)
                                                     30.000    30.000 r  
    BSCAN_X0Y0           BSCANE2                      0.000    30.000 r  dbg_hub/inst/N_EXT_BSCAN.bscan_inst/SERIES7_BSCAN.bscan_inst/DRCK
                         net (fo=1, routed)           2.548    32.548    dbg_hub/inst/DRCK
    BUFGCTRL_X0Y4        BUFG (Prop_bufg_I_O)         0.083    32.631 r  dbg_hub/inst/N_EXT_BSCAN.u_bufg_icon/O
                         net (fo=269, routed)         1.086    33.717    dbg_hub/inst/CORE_XSDB.UUT_MASTER/U_ICON_INTERFACE/U_CMD6_WR/U_WR_FIFO/SUBCORE_FIFO.xsdbm_v1_1_wrfifo_inst/inst_fifo_gen/gconvfifo.rf/grf.rf/rstblk/idrck
    SLICE_X78Y151        FDPE                                         r  dbg_hub/inst/CORE_XSDB.UUT_MASTER/U_ICON_INTERFACE/U_CMD6_WR/U_WR_FIFO/SUBCORE_FIFO.xsdbm_v1_1_wrfifo_inst/inst_fifo_gen/gconvfifo.rf/grf.rf/rstblk/ngwrdrst.grst.g7serrst.rst_wr_reg1_reg/C
                         clock pessimism              0.493    34.210    
                         clock uncertainty           -0.035    34.174    
    SLICE_X78Y151        FDPE (Recov_fdpe_C_PRE)     -0.280    33.894    dbg_hub/inst/CORE_XSDB.UUT_MASTER/U_ICON_INTERFACE/U_CMD6_WR/U_WR_FIFO/SUBCORE_FIFO.xsdbm_v1_1_wrfifo_inst/inst_fifo_gen/gconvfifo.rf/grf.rf/rstblk/ngwrdrst.grst.g7serrst.rst_wr_reg1_reg
  -------------------------------------------------------------------
                         required time                         33.894    
                         arrival time                          -7.421    
  -------------------------------------------------------------------
                         slack                                 26.474    

Slack (MET) :             26.507ns  (required time - arrival time)
  Source:                 dbg_hub/inst/CORE_XSDB.U_ICON/U_SYNC/SYNC_reg/C
                            (rising edge-triggered cell FDRE clocked by dbg_hub/inst/N_EXT_BSCAN.bscan_inst/SERIES7_BSCAN.bscan_inst/DRCK  {rise@0.000ns fall@15.000ns period=30.000ns})
  Destination:            dbg_hub/inst/CORE_XSDB.UUT_MASTER/U_ICON_INTERFACE/U_CMD6_WR/U_WR_FIFO/SUBCORE_FIFO.xsdbm_v1_1_wrfifo_inst/inst_fifo_gen/gconvfifo.rf/grf.rf/rstblk/ngwrdrst.grst.g7serrst.rst_wr_reg2_reg/PRE
                            (recovery check against rising-edge clock dbg_hub/inst/N_EXT_BSCAN.bscan_inst/SERIES7_BSCAN.bscan_inst/DRCK  {rise@0.000ns fall@15.000ns period=30.000ns})
  Path Group:             **async_default**
  Path Type:              Recovery (Max at Slow Process Corner)
  Requirement:            30.000ns  (dbg_hub/inst/N_EXT_BSCAN.bscan_inst/SERIES7_BSCAN.bscan_inst/DRCK rise@30.000ns - dbg_hub/inst/N_EXT_BSCAN.bscan_inst/SERIES7_BSCAN.bscan_inst/DRCK rise@0.000ns)
  Data Path Delay:        2.919ns  (logic 0.397ns (13.600%)  route 2.522ns (86.400%))
  Logic Levels:           3  (LUT2=2 LUT6=1)
  Clock Path Skew:        -0.292ns (DCD - SCD + CPR)
    Destination Clock Delay (DCD):    3.717ns = ( 33.717 - 30.000 ) 
    Source Clock Delay      (SCD):    4.502ns
    Clock Pessimism Removal (CPR):    0.493ns
  Clock Uncertainty:      0.035ns  ((TSJ^2 + TIJ^2)^1/2 + DJ) / 2 + PE
    Total System Jitter     (TSJ):    0.071ns
    Total Input Jitter      (TIJ):    0.000ns
    Discrete Jitter          (DJ):    0.000ns
    Phase Error              (PE):    0.000ns

    Location             Delay type                Incr(ns)  Path(ns)    Netlist Resource(s)
  -------------------------------------------------------------------    -------------------
                         (clock dbg_hub/inst/N_EXT_BSCAN.bscan_inst/SERIES7_BSCAN.bscan_inst/DRCK rise edge)
                                                      0.000     0.000 r  
    BSCAN_X0Y0           BSCANE2                      0.000     0.000 r  dbg_hub/inst/N_EXT_BSCAN.bscan_inst/SERIES7_BSCAN.bscan_inst/DRCK
                         net (fo=1, routed)           3.018     3.018    dbg_hub/inst/DRCK
    BUFGCTRL_X0Y4        BUFG (Prop_bufg_I_O)         0.093     3.111 r  dbg_hub/inst/N_EXT_BSCAN.u_bufg_icon/O
                         net (fo=269, routed)         1.391     4.502    dbg_hub/inst/CORE_XSDB.U_ICON/U_SYNC/CLK
    SLICE_X66Y140        FDRE                                         r  dbg_hub/inst/CORE_XSDB.U_ICON/U_SYNC/SYNC_reg/C
  -------------------------------------------------------------------    -------------------
    SLICE_X66Y140        FDRE (Prop_fdre_C_Q)         0.259     4.761 f  dbg_hub/inst/CORE_XSDB.U_ICON/U_SYNC/SYNC_reg/Q
                         net (fo=3, routed)           0.546     5.307    dbg_hub/inst/CORE_XSDB.U_ICON/U_SYNC/iSYNC
    SLICE_X63Y141        LUT2 (Prop_lut2_I0_O)        0.043     5.350 f  dbg_hub/inst/CORE_XSDB.U_ICON/U_SYNC/shift_reg_in[1]_i_3/O
                         net (fo=9, routed)           0.412     5.762    dbg_hub/inst/CORE_XSDB.U_ICON/U_CMD/p_103_in
    SLICE_X64Y142        LUT6 (Prop_lut6_I1_O)        0.043     5.805 f  dbg_hub/inst/CORE_XSDB.U_ICON/U_CMD/shift_reg_in[17]_i_1/O
                         net (fo=23, routed)          0.636     6.441    dbg_hub/inst/CORE_XSDB.U_ICON/U_CMD/shift_reg_in_reg[17]
    SLICE_X64Y145        LUT2 (Prop_lut2_I0_O)        0.052     6.493 f  dbg_hub/inst/CORE_XSDB.U_ICON/U_CMD/ngwrdrst.grst.g7serrst.rst_wr_reg1_i_1/O
                         net (fo=40, routed)          0.928     7.421    dbg_hub/inst/CORE_XSDB.UUT_MASTER/U_ICON_INTERFACE/U_CMD6_WR/U_WR_FIFO/SUBCORE_FIFO.xsdbm_v1_1_wrfifo_inst/inst_fifo_gen/gconvfifo.rf/grf.rf/rstblk/AR[0]
    SLICE_X78Y151        FDPE                                         f  dbg_hub/inst/CORE_XSDB.UUT_MASTER/U_ICON_INTERFACE/U_CMD6_WR/U_WR_FIFO/SUBCORE_FIFO.xsdbm_v1_1_wrfifo_inst/inst_fifo_gen/gconvfifo.rf/grf.rf/rstblk/ngwrdrst.grst.g7serrst.rst_wr_reg2_reg/PRE
  -------------------------------------------------------------------    -------------------

                         (clock dbg_hub/inst/N_EXT_BSCAN.bscan_inst/SERIES7_BSCAN.bscan_inst/DRCK rise edge)
                                                     30.000    30.000 r  
    BSCAN_X0Y0           BSCANE2                      0.000    30.000 r  dbg_hub/inst/N_EXT_BSCAN.bscan_inst/SERIES7_BSCAN.bscan_inst/DRCK
                         net (fo=1, routed)           2.548    32.548    dbg_hub/inst/DRCK
    BUFGCTRL_X0Y4        BUFG (Prop_bufg_I_O)         0.083    32.631 r  dbg_hub/inst/N_EXT_BSCAN.u_bufg_icon/O
                         net (fo=269, routed)         1.086    33.717    dbg_hub/inst/CORE_XSDB.UUT_MASTER/U_ICON_INTERFACE/U_CMD6_WR/U_WR_FIFO/SUBCORE_FIFO.xsdbm_v1_1_wrfifo_inst/inst_fifo_gen/gconvfifo.rf/grf.rf/rstblk/idrck
    SLICE_X78Y151        FDPE                                         r  dbg_hub/inst/CORE_XSDB.UUT_MASTER/U_ICON_INTERFACE/U_CMD6_WR/U_WR_FIFO/SUBCORE_FIFO.xsdbm_v1_1_wrfifo_inst/inst_fifo_gen/gconvfifo.rf/grf.rf/rstblk/ngwrdrst.grst.g7serrst.rst_wr_reg2_reg/C
                         clock pessimism              0.493    34.210    
                         clock uncertainty           -0.035    34.174    
    SLICE_X78Y151        FDPE (Recov_fdpe_C_PRE)     -0.247    33.927    dbg_hub/inst/CORE_XSDB.UUT_MASTER/U_ICON_INTERFACE/U_CMD6_WR/U_WR_FIFO/SUBCORE_FIFO.xsdbm_v1_1_wrfifo_inst/inst_fifo_gen/gconvfifo.rf/grf.rf/rstblk/ngwrdrst.grst.g7serrst.rst_wr_reg2_reg
  -------------------------------------------------------------------
                         required time                         33.927    
                         arrival time                          -7.421    
  -------------------------------------------------------------------
                         slack                                 26.507    

Slack (MET) :             26.570ns  (required time - arrival time)
  Source:                 dbg_hub/inst/CORE_XSDB.U_ICON/U_SYNC/SYNC_reg/C
                            (rising edge-triggered cell FDRE clocked by dbg_hub/inst/N_EXT_BSCAN.bscan_inst/SERIES7_BSCAN.bscan_inst/DRCK  {rise@0.000ns fall@15.000ns period=30.000ns})
  Destination:            dbg_hub/inst/CORE_XSDB.UUT_MASTER/U_ICON_INTERFACE/U_CMD6_RD/U_RD_FIFO/SUBCORE_FIFO.xsdbm_v1_1_rdfifo_inst/inst_fifo_gen/gconvfifo.rf/grf.rf/rstblk/ngwrdrst.grst.g7serrst.rst_rd_reg1_reg/PRE
                            (recovery check against rising-edge clock dbg_hub/inst/N_EXT_BSCAN.bscan_inst/SERIES7_BSCAN.bscan_inst/DRCK  {rise@0.000ns fall@15.000ns period=30.000ns})
  Path Group:             **async_default**
  Path Type:              Recovery (Max at Slow Process Corner)
  Requirement:            30.000ns  (dbg_hub/inst/N_EXT_BSCAN.bscan_inst/SERIES7_BSCAN.bscan_inst/DRCK rise@30.000ns - dbg_hub/inst/N_EXT_BSCAN.bscan_inst/SERIES7_BSCAN.bscan_inst/DRCK rise@0.000ns)
  Data Path Delay:        2.834ns  (logic 0.397ns (14.008%)  route 2.437ns (85.992%))
  Logic Levels:           3  (LUT2=2 LUT6=1)
  Clock Path Skew:        -0.289ns (DCD - SCD + CPR)
    Destination Clock Delay (DCD):    3.720ns = ( 33.720 - 30.000 ) 
    Source Clock Delay      (SCD):    4.502ns
    Clock Pessimism Removal (CPR):    0.493ns
  Clock Uncertainty:      0.035ns  ((TSJ^2 + TIJ^2)^1/2 + DJ) / 2 + PE
    Total System Jitter     (TSJ):    0.071ns
    Total Input Jitter      (TIJ):    0.000ns
    Discrete Jitter          (DJ):    0.000ns
    Phase Error              (PE):    0.000ns

    Location             Delay type                Incr(ns)  Path(ns)    Netlist Resource(s)
  -------------------------------------------------------------------    -------------------
                         (clock dbg_hub/inst/N_EXT_BSCAN.bscan_inst/SERIES7_BSCAN.bscan_inst/DRCK rise edge)
                                                      0.000     0.000 r  
    BSCAN_X0Y0           BSCANE2                      0.000     0.000 r  dbg_hub/inst/N_EXT_BSCAN.bscan_inst/SERIES7_BSCAN.bscan_inst/DRCK
                         net (fo=1, routed)           3.018     3.018    dbg_hub/inst/DRCK
    BUFGCTRL_X0Y4        BUFG (Prop_bufg_I_O)         0.093     3.111 r  dbg_hub/inst/N_EXT_BSCAN.u_bufg_icon/O
                         net (fo=269, routed)         1.391     4.502    dbg_hub/inst/CORE_XSDB.U_ICON/U_SYNC/CLK
    SLICE_X66Y140        FDRE                                         r  dbg_hub/inst/CORE_XSDB.U_ICON/U_SYNC/SYNC_reg/C
  -------------------------------------------------------------------    -------------------
    SLICE_X66Y140        FDRE (Prop_fdre_C_Q)         0.259     4.761 f  dbg_hub/inst/CORE_XSDB.U_ICON/U_SYNC/SYNC_reg/Q
                         net (fo=3, routed)           0.546     5.307    dbg_hub/inst/CORE_XSDB.U_ICON/U_SYNC/iSYNC
    SLICE_X63Y141        LUT2 (Prop_lut2_I0_O)        0.043     5.350 f  dbg_hub/inst/CORE_XSDB.U_ICON/U_SYNC/shift_reg_in[1]_i_3/O
                         net (fo=9, routed)           0.412     5.762    dbg_hub/inst/CORE_XSDB.U_ICON/U_CMD/p_103_in
    SLICE_X64Y142        LUT6 (Prop_lut6_I1_O)        0.043     5.805 f  dbg_hub/inst/CORE_XSDB.U_ICON/U_CMD/shift_reg_in[17]_i_1/O
                         net (fo=23, routed)          0.636     6.441    dbg_hub/inst/CORE_XSDB.U_ICON/U_CMD/shift_reg_in_reg[17]
    SLICE_X64Y145        LUT2 (Prop_lut2_I0_O)        0.052     6.493 f  dbg_hub/inst/CORE_XSDB.U_ICON/U_CMD/ngwrdrst.grst.g7serrst.rst_wr_reg1_i_1/O
                         net (fo=40, routed)          0.843     7.336    dbg_hub/inst/CORE_XSDB.UUT_MASTER/U_ICON_INTERFACE/U_CMD6_RD/U_RD_FIFO/SUBCORE_FIFO.xsdbm_v1_1_rdfifo_inst/inst_fifo_gen/gconvfifo.rf/grf.rf/rstblk/AR[0]
    SLICE_X73Y150        FDPE                                         f  dbg_hub/inst/CORE_XSDB.UUT_MASTER/U_ICON_INTERFACE/U_CMD6_RD/U_RD_FIFO/SUBCORE_FIFO.xsdbm_v1_1_rdfifo_inst/inst_fifo_gen/gconvfifo.rf/grf.rf/rstblk/ngwrdrst.grst.g7serrst.rst_rd_reg1_reg/PRE
  -------------------------------------------------------------------    -------------------

                         (clock dbg_hub/inst/N_EXT_BSCAN.bscan_inst/SERIES7_BSCAN.bscan_inst/DRCK rise edge)
                                                     30.000    30.000 r  
    BSCAN_X0Y0           BSCANE2                      0.000    30.000 r  dbg_hub/inst/N_EXT_BSCAN.bscan_inst/SERIES7_BSCAN.bscan_inst/DRCK
                         net (fo=1, routed)           2.548    32.548    dbg_hub/inst/DRCK
    BUFGCTRL_X0Y4        BUFG (Prop_bufg_I_O)         0.083    32.631 r  dbg_hub/inst/N_EXT_BSCAN.u_bufg_icon/O
                         net (fo=269, routed)         1.089    33.720    dbg_hub/inst/CORE_XSDB.UUT_MASTER/U_ICON_INTERFACE/U_CMD6_RD/U_RD_FIFO/SUBCORE_FIFO.xsdbm_v1_1_rdfifo_inst/inst_fifo_gen/gconvfifo.rf/grf.rf/rstblk/idrck
    SLICE_X73Y150        FDPE                                         r  dbg_hub/inst/CORE_XSDB.UUT_MASTER/U_ICON_INTERFACE/U_CMD6_RD/U_RD_FIFO/SUBCORE_FIFO.xsdbm_v1_1_rdfifo_inst/inst_fifo_gen/gconvfifo.rf/grf.rf/rstblk/ngwrdrst.grst.g7serrst.rst_rd_reg1_reg/C
                         clock pessimism              0.493    34.213    
                         clock uncertainty           -0.035    34.177    
    SLICE_X73Y150        FDPE (Recov_fdpe_C_PRE)     -0.271    33.906    dbg_hub/inst/CORE_XSDB.UUT_MASTER/U_ICON_INTERFACE/U_CMD6_RD/U_RD_FIFO/SUBCORE_FIFO.xsdbm_v1_1_rdfifo_inst/inst_fifo_gen/gconvfifo.rf/grf.rf/rstblk/ngwrdrst.grst.g7serrst.rst_rd_reg1_reg
  -------------------------------------------------------------------
                         required time                         33.906    
                         arrival time                          -7.336    
  -------------------------------------------------------------------
                         slack                                 26.570    

Slack (MET) :             26.570ns  (required time - arrival time)
  Source:                 dbg_hub/inst/CORE_XSDB.U_ICON/U_SYNC/SYNC_reg/C
                            (rising edge-triggered cell FDRE clocked by dbg_hub/inst/N_EXT_BSCAN.bscan_inst/SERIES7_BSCAN.bscan_inst/DRCK  {rise@0.000ns fall@15.000ns period=30.000ns})
  Destination:            dbg_hub/inst/CORE_XSDB.UUT_MASTER/U_ICON_INTERFACE/U_CMD6_RD/U_RD_FIFO/SUBCORE_FIFO.xsdbm_v1_1_rdfifo_inst/inst_fifo_gen/gconvfifo.rf/grf.rf/rstblk/ngwrdrst.grst.g7serrst.rst_rd_reg2_reg/PRE
                            (recovery check against rising-edge clock dbg_hub/inst/N_EXT_BSCAN.bscan_inst/SERIES7_BSCAN.bscan_inst/DRCK  {rise@0.000ns fall@15.000ns period=30.000ns})
  Path Group:             **async_default**
  Path Type:              Recovery (Max at Slow Process Corner)
  Requirement:            30.000ns  (dbg_hub/inst/N_EXT_BSCAN.bscan_inst/SERIES7_BSCAN.bscan_inst/DRCK rise@30.000ns - dbg_hub/inst/N_EXT_BSCAN.bscan_inst/SERIES7_BSCAN.bscan_inst/DRCK rise@0.000ns)
  Data Path Delay:        2.834ns  (logic 0.397ns (14.008%)  route 2.437ns (85.992%))
  Logic Levels:           3  (LUT2=2 LUT6=1)
  Clock Path Skew:        -0.289ns (DCD - SCD + CPR)
    Destination Clock Delay (DCD):    3.720ns = ( 33.720 - 30.000 ) 
    Source Clock Delay      (SCD):    4.502ns
    Clock Pessimism Removal (CPR):    0.493ns
  Clock Uncertainty:      0.035ns  ((TSJ^2 + TIJ^2)^1/2 + DJ) / 2 + PE
    Total System Jitter     (TSJ):    0.071ns
    Total Input Jitter      (TIJ):    0.000ns
    Discrete Jitter          (DJ):    0.000ns
    Phase Error              (PE):    0.000ns

    Location             Delay type                Incr(ns)  Path(ns)    Netlist Resource(s)
  -------------------------------------------------------------------    -------------------
                         (clock dbg_hub/inst/N_EXT_BSCAN.bscan_inst/SERIES7_BSCAN.bscan_inst/DRCK rise edge)
                                                      0.000     0.000 r  
    BSCAN_X0Y0           BSCANE2                      0.000     0.000 r  dbg_hub/inst/N_EXT_BSCAN.bscan_inst/SERIES7_BSCAN.bscan_inst/DRCK
                         net (fo=1, routed)           3.018     3.018    dbg_hub/inst/DRCK
    BUFGCTRL_X0Y4        BUFG (Prop_bufg_I_O)         0.093     3.111 r  dbg_hub/inst/N_EXT_BSCAN.u_bufg_icon/O
                         net (fo=269, routed)         1.391     4.502    dbg_hub/inst/CORE_XSDB.U_ICON/U_SYNC/CLK
    SLICE_X66Y140        FDRE                                         r  dbg_hub/inst/CORE_XSDB.U_ICON/U_SYNC/SYNC_reg/C
  -------------------------------------------------------------------    -------------------
    SLICE_X66Y140        FDRE (Prop_fdre_C_Q)         0.259     4.761 f  dbg_hub/inst/CORE_XSDB.U_ICON/U_SYNC/SYNC_reg/Q
                         net (fo=3, routed)           0.546     5.307    dbg_hub/inst/CORE_XSDB.U_ICON/U_SYNC/iSYNC
    SLICE_X63Y141        LUT2 (Prop_lut2_I0_O)        0.043     5.350 f  dbg_hub/inst/CORE_XSDB.U_ICON/U_SYNC/shift_reg_in[1]_i_3/O
                         net (fo=9, routed)           0.412     5.762    dbg_hub/inst/CORE_XSDB.U_ICON/U_CMD/p_103_in
    SLICE_X64Y142        LUT6 (Prop_lut6_I1_O)        0.043     5.805 f  dbg_hub/inst/CORE_XSDB.U_ICON/U_CMD/shift_reg_in[17]_i_1/O
                         net (fo=23, routed)          0.636     6.441    dbg_hub/inst/CORE_XSDB.U_ICON/U_CMD/shift_reg_in_reg[17]
    SLICE_X64Y145        LUT2 (Prop_lut2_I0_O)        0.052     6.493 f  dbg_hub/inst/CORE_XSDB.U_ICON/U_CMD/ngwrdrst.grst.g7serrst.rst_wr_reg1_i_1/O
                         net (fo=40, routed)          0.843     7.336    dbg_hub/inst/CORE_XSDB.UUT_MASTER/U_ICON_INTERFACE/U_CMD6_RD/U_RD_FIFO/SUBCORE_FIFO.xsdbm_v1_1_rdfifo_inst/inst_fifo_gen/gconvfifo.rf/grf.rf/rstblk/AR[0]
    SLICE_X73Y150        FDPE                                         f  dbg_hub/inst/CORE_XSDB.UUT_MASTER/U_ICON_INTERFACE/U_CMD6_RD/U_RD_FIFO/SUBCORE_FIFO.xsdbm_v1_1_rdfifo_inst/inst_fifo_gen/gconvfifo.rf/grf.rf/rstblk/ngwrdrst.grst.g7serrst.rst_rd_reg2_reg/PRE
  -------------------------------------------------------------------    -------------------

                         (clock dbg_hub/inst/N_EXT_BSCAN.bscan_inst/SERIES7_BSCAN.bscan_inst/DRCK rise edge)
                                                     30.000    30.000 r  
    BSCAN_X0Y0           BSCANE2                      0.000    30.000 r  dbg_hub/inst/N_EXT_BSCAN.bscan_inst/SERIES7_BSCAN.bscan_inst/DRCK
                         net (fo=1, routed)           2.548    32.548    dbg_hub/inst/DRCK
    BUFGCTRL_X0Y4        BUFG (Prop_bufg_I_O)         0.083    32.631 r  dbg_hub/inst/N_EXT_BSCAN.u_bufg_icon/O
                         net (fo=269, routed)         1.089    33.720    dbg_hub/inst/CORE_XSDB.UUT_MASTER/U_ICON_INTERFACE/U_CMD6_RD/U_RD_FIFO/SUBCORE_FIFO.xsdbm_v1_1_rdfifo_inst/inst_fifo_gen/gconvfifo.rf/grf.rf/rstblk/idrck
    SLICE_X73Y150        FDPE                                         r  dbg_hub/inst/CORE_XSDB.UUT_MASTER/U_ICON_INTERFACE/U_CMD6_RD/U_RD_FIFO/SUBCORE_FIFO.xsdbm_v1_1_rdfifo_inst/inst_fifo_gen/gconvfifo.rf/grf.rf/rstblk/ngwrdrst.grst.g7serrst.rst_rd_reg2_reg/C
                         clock pessimism              0.493    34.213    
                         clock uncertainty           -0.035    34.177    
    SLICE_X73Y150        FDPE (Recov_fdpe_C_PRE)     -0.271    33.906    dbg_hub/inst/CORE_XSDB.UUT_MASTER/U_ICON_INTERFACE/U_CMD6_RD/U_RD_FIFO/SUBCORE_FIFO.xsdbm_v1_1_rdfifo_inst/inst_fifo_gen/gconvfifo.rf/grf.rf/rstblk/ngwrdrst.grst.g7serrst.rst_rd_reg2_reg
  -------------------------------------------------------------------
                         required time                         33.906    
                         arrival time                          -7.336    
  -------------------------------------------------------------------
                         slack                                 26.570    

Slack (MET) :             26.691ns  (required time - arrival time)
  Source:                 dbg_hub/inst/CORE_XSDB.U_ICON/U_SYNC/SYNC_reg/C
                            (rising edge-triggered cell FDRE clocked by dbg_hub/inst/N_EXT_BSCAN.bscan_inst/SERIES7_BSCAN.bscan_inst/DRCK  {rise@0.000ns fall@15.000ns period=30.000ns})
  Destination:            dbg_hub/inst/CORE_XSDB.UUT_MASTER/U_ICON_INTERFACE/U_CMD6_WR/shift_reg_in_reg[12]/CLR
                            (recovery check against rising-edge clock dbg_hub/inst/N_EXT_BSCAN.bscan_inst/SERIES7_BSCAN.bscan_inst/DRCK  {rise@0.000ns fall@15.000ns period=30.000ns})
  Path Group:             **async_default**
  Path Type:              Recovery (Max at Slow Process Corner)
  Requirement:            30.000ns  (dbg_hub/inst/N_EXT_BSCAN.bscan_inst/SERIES7_BSCAN.bscan_inst/DRCK rise@30.000ns - dbg_hub/inst/N_EXT_BSCAN.bscan_inst/SERIES7_BSCAN.bscan_inst/DRCK rise@0.000ns)
  Data Path Delay:        2.737ns  (logic 0.397ns (14.507%)  route 2.340ns (85.493%))
  Logic Levels:           3  (LUT2=2 LUT6=1)
  Clock Path Skew:        -0.290ns (DCD - SCD + CPR)
    Destination Clock Delay (DCD):    3.719ns = ( 33.719 - 30.000 ) 
    Source Clock Delay      (SCD):    4.502ns
    Clock Pessimism Removal (CPR):    0.493ns
  Clock Uncertainty:      0.035ns  ((TSJ^2 + TIJ^2)^1/2 + DJ) / 2 + PE
    Total System Jitter     (TSJ):    0.071ns
    Total Input Jitter      (TIJ):    0.000ns
    Discrete Jitter          (DJ):    0.000ns
    Phase Error              (PE):    0.000ns

    Location             Delay type                Incr(ns)  Path(ns)    Netlist Resource(s)
  -------------------------------------------------------------------    -------------------
                         (clock dbg_hub/inst/N_EXT_BSCAN.bscan_inst/SERIES7_BSCAN.bscan_inst/DRCK rise edge)
                                                      0.000     0.000 r  
    BSCAN_X0Y0           BSCANE2                      0.000     0.000 r  dbg_hub/inst/N_EXT_BSCAN.bscan_inst/SERIES7_BSCAN.bscan_inst/DRCK
                         net (fo=1, routed)           3.018     3.018    dbg_hub/inst/DRCK
    BUFGCTRL_X0Y4        BUFG (Prop_bufg_I_O)         0.093     3.111 r  dbg_hub/inst/N_EXT_BSCAN.u_bufg_icon/O
                         net (fo=269, routed)         1.391     4.502    dbg_hub/inst/CORE_XSDB.U_ICON/U_SYNC/CLK
    SLICE_X66Y140        FDRE                                         r  dbg_hub/inst/CORE_XSDB.U_ICON/U_SYNC/SYNC_reg/C
  -------------------------------------------------------------------    -------------------
    SLICE_X66Y140        FDRE (Prop_fdre_C_Q)         0.259     4.761 f  dbg_hub/inst/CORE_XSDB.U_ICON/U_SYNC/SYNC_reg/Q
                         net (fo=3, routed)           0.546     5.307    dbg_hub/inst/CORE_XSDB.U_ICON/U_SYNC/iSYNC
    SLICE_X63Y141        LUT2 (Prop_lut2_I0_O)        0.043     5.350 f  dbg_hub/inst/CORE_XSDB.U_ICON/U_SYNC/shift_reg_in[1]_i_3/O
                         net (fo=9, routed)           0.412     5.762    dbg_hub/inst/CORE_XSDB.U_ICON/U_CMD/p_103_in
    SLICE_X64Y142        LUT6 (Prop_lut6_I1_O)        0.043     5.805 f  dbg_hub/inst/CORE_XSDB.U_ICON/U_CMD/shift_reg_in[17]_i_1/O
                         net (fo=23, routed)          0.636     6.441    dbg_hub/inst/CORE_XSDB.U_ICON/U_CMD/shift_reg_in_reg[17]
    SLICE_X64Y145        LUT2 (Prop_lut2_I0_O)        0.052     6.493 f  dbg_hub/inst/CORE_XSDB.U_ICON/U_CMD/ngwrdrst.grst.g7serrst.rst_wr_reg1_i_1/O
                         net (fo=40, routed)          0.745     7.238    dbg_hub/inst/CORE_XSDB.UUT_MASTER/U_ICON_INTERFACE/U_CMD6_WR/AR[0]
    SLICE_X74Y151        FDCE                                         f  dbg_hub/inst/CORE_XSDB.UUT_MASTER/U_ICON_INTERFACE/U_CMD6_WR/shift_reg_in_reg[12]/CLR
  -------------------------------------------------------------------    -------------------

                         (clock dbg_hub/inst/N_EXT_BSCAN.bscan_inst/SERIES7_BSCAN.bscan_inst/DRCK rise edge)
                                                     30.000    30.000 r  
    BSCAN_X0Y0           BSCANE2                      0.000    30.000 r  dbg_hub/inst/N_EXT_BSCAN.bscan_inst/SERIES7_BSCAN.bscan_inst/DRCK
                         net (fo=1, routed)           2.548    32.548    dbg_hub/inst/DRCK
    BUFGCTRL_X0Y4        BUFG (Prop_bufg_I_O)         0.083    32.631 r  dbg_hub/inst/N_EXT_BSCAN.u_bufg_icon/O
                         net (fo=269, routed)         1.088    33.719    dbg_hub/inst/CORE_XSDB.UUT_MASTER/U_ICON_INTERFACE/U_CMD6_WR/idrck
    SLICE_X74Y151        FDCE                                         r  dbg_hub/inst/CORE_XSDB.UUT_MASTER/U_ICON_INTERFACE/U_CMD6_WR/shift_reg_in_reg[12]/C
                         clock pessimism              0.493    34.212    
                         clock uncertainty           -0.035    34.176    
    SLICE_X74Y151        FDCE (Recov_fdce_C_CLR)     -0.247    33.929    dbg_hub/inst/CORE_XSDB.UUT_MASTER/U_ICON_INTERFACE/U_CMD6_WR/shift_reg_in_reg[12]
  -------------------------------------------------------------------
                         required time                         33.929    
                         arrival time                          -7.238    
  -------------------------------------------------------------------
                         slack                                 26.691    

Slack (MET) :             26.691ns  (required time - arrival time)
  Source:                 dbg_hub/inst/CORE_XSDB.U_ICON/U_SYNC/SYNC_reg/C
                            (rising edge-triggered cell FDRE clocked by dbg_hub/inst/N_EXT_BSCAN.bscan_inst/SERIES7_BSCAN.bscan_inst/DRCK  {rise@0.000ns fall@15.000ns period=30.000ns})
  Destination:            dbg_hub/inst/CORE_XSDB.UUT_MASTER/U_ICON_INTERFACE/U_CMD6_WR/shift_reg_in_reg[13]/CLR
                            (recovery check against rising-edge clock dbg_hub/inst/N_EXT_BSCAN.bscan_inst/SERIES7_BSCAN.bscan_inst/DRCK  {rise@0.000ns fall@15.000ns period=30.000ns})
  Path Group:             **async_default**
  Path Type:              Recovery (Max at Slow Process Corner)
  Requirement:            30.000ns  (dbg_hub/inst/N_EXT_BSCAN.bscan_inst/SERIES7_BSCAN.bscan_inst/DRCK rise@30.000ns - dbg_hub/inst/N_EXT_BSCAN.bscan_inst/SERIES7_BSCAN.bscan_inst/DRCK rise@0.000ns)
  Data Path Delay:        2.737ns  (logic 0.397ns (14.507%)  route 2.340ns (85.493%))
  Logic Levels:           3  (LUT2=2 LUT6=1)
  Clock Path Skew:        -0.290ns (DCD - SCD + CPR)
    Destination Clock Delay (DCD):    3.719ns = ( 33.719 - 30.000 ) 
    Source Clock Delay      (SCD):    4.502ns
    Clock Pessimism Removal (CPR):    0.493ns
  Clock Uncertainty:      0.035ns  ((TSJ^2 + TIJ^2)^1/2 + DJ) / 2 + PE
    Total System Jitter     (TSJ):    0.071ns
    Total Input Jitter      (TIJ):    0.000ns
    Discrete Jitter          (DJ):    0.000ns
    Phase Error              (PE):    0.000ns

    Location             Delay type                Incr(ns)  Path(ns)    Netlist Resource(s)
  -------------------------------------------------------------------    -------------------
                         (clock dbg_hub/inst/N_EXT_BSCAN.bscan_inst/SERIES7_BSCAN.bscan_inst/DRCK rise edge)
                                                      0.000     0.000 r  
    BSCAN_X0Y0           BSCANE2                      0.000     0.000 r  dbg_hub/inst/N_EXT_BSCAN.bscan_inst/SERIES7_BSCAN.bscan_inst/DRCK
                         net (fo=1, routed)           3.018     3.018    dbg_hub/inst/DRCK
    BUFGCTRL_X0Y4        BUFG (Prop_bufg_I_O)         0.093     3.111 r  dbg_hub/inst/N_EXT_BSCAN.u_bufg_icon/O
                         net (fo=269, routed)         1.391     4.502    dbg_hub/inst/CORE_XSDB.U_ICON/U_SYNC/CLK
    SLICE_X66Y140        FDRE                                         r  dbg_hub/inst/CORE_XSDB.U_ICON/U_SYNC/SYNC_reg/C
  -------------------------------------------------------------------    -------------------
    SLICE_X66Y140        FDRE (Prop_fdre_C_Q)         0.259     4.761 f  dbg_hub/inst/CORE_XSDB.U_ICON/U_SYNC/SYNC_reg/Q
                         net (fo=3, routed)           0.546     5.307    dbg_hub/inst/CORE_XSDB.U_ICON/U_SYNC/iSYNC
    SLICE_X63Y141        LUT2 (Prop_lut2_I0_O)        0.043     5.350 f  dbg_hub/inst/CORE_XSDB.U_ICON/U_SYNC/shift_reg_in[1]_i_3/O
                         net (fo=9, routed)           0.412     5.762    dbg_hub/inst/CORE_XSDB.U_ICON/U_CMD/p_103_in
    SLICE_X64Y142        LUT6 (Prop_lut6_I1_O)        0.043     5.805 f  dbg_hub/inst/CORE_XSDB.U_ICON/U_CMD/shift_reg_in[17]_i_1/O
                         net (fo=23, routed)          0.636     6.441    dbg_hub/inst/CORE_XSDB.U_ICON/U_CMD/shift_reg_in_reg[17]
    SLICE_X64Y145        LUT2 (Prop_lut2_I0_O)        0.052     6.493 f  dbg_hub/inst/CORE_XSDB.U_ICON/U_CMD/ngwrdrst.grst.g7serrst.rst_wr_reg1_i_1/O
                         net (fo=40, routed)          0.745     7.238    dbg_hub/inst/CORE_XSDB.UUT_MASTER/U_ICON_INTERFACE/U_CMD6_WR/AR[0]
    SLICE_X74Y151        FDCE                                         f  dbg_hub/inst/CORE_XSDB.UUT_MASTER/U_ICON_INTERFACE/U_CMD6_WR/shift_reg_in_reg[13]/CLR
  -------------------------------------------------------------------    -------------------

                         (clock dbg_hub/inst/N_EXT_BSCAN.bscan_inst/SERIES7_BSCAN.bscan_inst/DRCK rise edge)
                                                     30.000    30.000 r  
    BSCAN_X0Y0           BSCANE2                      0.000    30.000 r  dbg_hub/inst/N_EXT_BSCAN.bscan_inst/SERIES7_BSCAN.bscan_inst/DRCK
                         net (fo=1, routed)           2.548    32.548    dbg_hub/inst/DRCK
    BUFGCTRL_X0Y4        BUFG (Prop_bufg_I_O)         0.083    32.631 r  dbg_hub/inst/N_EXT_BSCAN.u_bufg_icon/O
                         net (fo=269, routed)         1.088    33.719    dbg_hub/inst/CORE_XSDB.UUT_MASTER/U_ICON_INTERFACE/U_CMD6_WR/idrck
    SLICE_X74Y151        FDCE                                         r  dbg_hub/inst/CORE_XSDB.UUT_MASTER/U_ICON_INTERFACE/U_CMD6_WR/shift_reg_in_reg[13]/C
                         clock pessimism              0.493    34.212    
                         clock uncertainty           -0.035    34.176    
    SLICE_X74Y151        FDCE (Recov_fdce_C_CLR)     -0.247    33.929    dbg_hub/inst/CORE_XSDB.UUT_MASTER/U_ICON_INTERFACE/U_CMD6_WR/shift_reg_in_reg[13]
  -------------------------------------------------------------------
                         required time                         33.929    
                         arrival time                          -7.238    
  -------------------------------------------------------------------
                         slack                                 26.691    

Slack (MET) :             26.691ns  (required time - arrival time)
  Source:                 dbg_hub/inst/CORE_XSDB.U_ICON/U_SYNC/SYNC_reg/C
                            (rising edge-triggered cell FDRE clocked by dbg_hub/inst/N_EXT_BSCAN.bscan_inst/SERIES7_BSCAN.bscan_inst/DRCK  {rise@0.000ns fall@15.000ns period=30.000ns})
  Destination:            dbg_hub/inst/CORE_XSDB.UUT_MASTER/U_ICON_INTERFACE/U_CMD6_WR/shift_reg_in_reg[14]/CLR
                            (recovery check against rising-edge clock dbg_hub/inst/N_EXT_BSCAN.bscan_inst/SERIES7_BSCAN.bscan_inst/DRCK  {rise@0.000ns fall@15.000ns period=30.000ns})
  Path Group:             **async_default**
  Path Type:              Recovery (Max at Slow Process Corner)
  Requirement:            30.000ns  (dbg_hub/inst/N_EXT_BSCAN.bscan_inst/SERIES7_BSCAN.bscan_inst/DRCK rise@30.000ns - dbg_hub/inst/N_EXT_BSCAN.bscan_inst/SERIES7_BSCAN.bscan_inst/DRCK rise@0.000ns)
  Data Path Delay:        2.737ns  (logic 0.397ns (14.507%)  route 2.340ns (85.493%))
  Logic Levels:           3  (LUT2=2 LUT6=1)
  Clock Path Skew:        -0.290ns (DCD - SCD + CPR)
    Destination Clock Delay (DCD):    3.719ns = ( 33.719 - 30.000 ) 
    Source Clock Delay      (SCD):    4.502ns
    Clock Pessimism Removal (CPR):    0.493ns
  Clock Uncertainty:      0.035ns  ((TSJ^2 + TIJ^2)^1/2 + DJ) / 2 + PE
    Total System Jitter     (TSJ):    0.071ns
    Total Input Jitter      (TIJ):    0.000ns
    Discrete Jitter          (DJ):    0.000ns
    Phase Error              (PE):    0.000ns

    Location             Delay type                Incr(ns)  Path(ns)    Netlist Resource(s)
  -------------------------------------------------------------------    -------------------
                         (clock dbg_hub/inst/N_EXT_BSCAN.bscan_inst/SERIES7_BSCAN.bscan_inst/DRCK rise edge)
                                                      0.000     0.000 r  
    BSCAN_X0Y0           BSCANE2                      0.000     0.000 r  dbg_hub/inst/N_EXT_BSCAN.bscan_inst/SERIES7_BSCAN.bscan_inst/DRCK
                         net (fo=1, routed)           3.018     3.018    dbg_hub/inst/DRCK
    BUFGCTRL_X0Y4        BUFG (Prop_bufg_I_O)         0.093     3.111 r  dbg_hub/inst/N_EXT_BSCAN.u_bufg_icon/O
                         net (fo=269, routed)         1.391     4.502    dbg_hub/inst/CORE_XSDB.U_ICON/U_SYNC/CLK
    SLICE_X66Y140        FDRE                                         r  dbg_hub/inst/CORE_XSDB.U_ICON/U_SYNC/SYNC_reg/C
  -------------------------------------------------------------------    -------------------
    SLICE_X66Y140        FDRE (Prop_fdre_C_Q)         0.259     4.761 f  dbg_hub/inst/CORE_XSDB.U_ICON/U_SYNC/SYNC_reg/Q
                         net (fo=3, routed)           0.546     5.307    dbg_hub/inst/CORE_XSDB.U_ICON/U_SYNC/iSYNC
    SLICE_X63Y141        LUT2 (Prop_lut2_I0_O)        0.043     5.350 f  dbg_hub/inst/CORE_XSDB.U_ICON/U_SYNC/shift_reg_in[1]_i_3/O
                         net (fo=9, routed)           0.412     5.762    dbg_hub/inst/CORE_XSDB.U_ICON/U_CMD/p_103_in
    SLICE_X64Y142        LUT6 (Prop_lut6_I1_O)        0.043     5.805 f  dbg_hub/inst/CORE_XSDB.U_ICON/U_CMD/shift_reg_in[17]_i_1/O
                         net (fo=23, routed)          0.636     6.441    dbg_hub/inst/CORE_XSDB.U_ICON/U_CMD/shift_reg_in_reg[17]
    SLICE_X64Y145        LUT2 (Prop_lut2_I0_O)        0.052     6.493 f  dbg_hub/inst/CORE_XSDB.U_ICON/U_CMD/ngwrdrst.grst.g7serrst.rst_wr_reg1_i_1/O
                         net (fo=40, routed)          0.745     7.238    dbg_hub/inst/CORE_XSDB.UUT_MASTER/U_ICON_INTERFACE/U_CMD6_WR/AR[0]
    SLICE_X74Y151        FDCE                                         f  dbg_hub/inst/CORE_XSDB.UUT_MASTER/U_ICON_INTERFACE/U_CMD6_WR/shift_reg_in_reg[14]/CLR
  -------------------------------------------------------------------    -------------------

                         (clock dbg_hub/inst/N_EXT_BSCAN.bscan_inst/SERIES7_BSCAN.bscan_inst/DRCK rise edge)
                                                     30.000    30.000 r  
    BSCAN_X0Y0           BSCANE2                      0.000    30.000 r  dbg_hub/inst/N_EXT_BSCAN.bscan_inst/SERIES7_BSCAN.bscan_inst/DRCK
                         net (fo=1, routed)           2.548    32.548    dbg_hub/inst/DRCK
    BUFGCTRL_X0Y4        BUFG (Prop_bufg_I_O)         0.083    32.631 r  dbg_hub/inst/N_EXT_BSCAN.u_bufg_icon/O
                         net (fo=269, routed)         1.088    33.719    dbg_hub/inst/CORE_XSDB.UUT_MASTER/U_ICON_INTERFACE/U_CMD6_WR/idrck
    SLICE_X74Y151        FDCE                                         r  dbg_hub/inst/CORE_XSDB.UUT_MASTER/U_ICON_INTERFACE/U_CMD6_WR/shift_reg_in_reg[14]/C
                         clock pessimism              0.493    34.212    
                         clock uncertainty           -0.035    34.176    
    SLICE_X74Y151        FDCE (Recov_fdce_C_CLR)     -0.247    33.929    dbg_hub/inst/CORE_XSDB.UUT_MASTER/U_ICON_INTERFACE/U_CMD6_WR/shift_reg_in_reg[14]
  -------------------------------------------------------------------
                         required time                         33.929    
                         arrival time                          -7.238    
  -------------------------------------------------------------------
                         slack                                 26.691    

Slack (MET) :             26.691ns  (required time - arrival time)
  Source:                 dbg_hub/inst/CORE_XSDB.U_ICON/U_SYNC/SYNC_reg/C
                            (rising edge-triggered cell FDRE clocked by dbg_hub/inst/N_EXT_BSCAN.bscan_inst/SERIES7_BSCAN.bscan_inst/DRCK  {rise@0.000ns fall@15.000ns period=30.000ns})
  Destination:            dbg_hub/inst/CORE_XSDB.UUT_MASTER/U_ICON_INTERFACE/U_CMD6_WR/shift_reg_in_reg[15]/CLR
                            (recovery check against rising-edge clock dbg_hub/inst/N_EXT_BSCAN.bscan_inst/SERIES7_BSCAN.bscan_inst/DRCK  {rise@0.000ns fall@15.000ns period=30.000ns})
  Path Group:             **async_default**
  Path Type:              Recovery (Max at Slow Process Corner)
  Requirement:            30.000ns  (dbg_hub/inst/N_EXT_BSCAN.bscan_inst/SERIES7_BSCAN.bscan_inst/DRCK rise@30.000ns - dbg_hub/inst/N_EXT_BSCAN.bscan_inst/SERIES7_BSCAN.bscan_inst/DRCK rise@0.000ns)
  Data Path Delay:        2.737ns  (logic 0.397ns (14.507%)  route 2.340ns (85.493%))
  Logic Levels:           3  (LUT2=2 LUT6=1)
  Clock Path Skew:        -0.290ns (DCD - SCD + CPR)
    Destination Clock Delay (DCD):    3.719ns = ( 33.719 - 30.000 ) 
    Source Clock Delay      (SCD):    4.502ns
    Clock Pessimism Removal (CPR):    0.493ns
  Clock Uncertainty:      0.035ns  ((TSJ^2 + TIJ^2)^1/2 + DJ) / 2 + PE
    Total System Jitter     (TSJ):    0.071ns
    Total Input Jitter      (TIJ):    0.000ns
    Discrete Jitter          (DJ):    0.000ns
    Phase Error              (PE):    0.000ns

    Location             Delay type                Incr(ns)  Path(ns)    Netlist Resource(s)
  -------------------------------------------------------------------    -------------------
                         (clock dbg_hub/inst/N_EXT_BSCAN.bscan_inst/SERIES7_BSCAN.bscan_inst/DRCK rise edge)
                                                      0.000     0.000 r  
    BSCAN_X0Y0           BSCANE2                      0.000     0.000 r  dbg_hub/inst/N_EXT_BSCAN.bscan_inst/SERIES7_BSCAN.bscan_inst/DRCK
                         net (fo=1, routed)           3.018     3.018    dbg_hub/inst/DRCK
    BUFGCTRL_X0Y4        BUFG (Prop_bufg_I_O)         0.093     3.111 r  dbg_hub/inst/N_EXT_BSCAN.u_bufg_icon/O
                         net (fo=269, routed)         1.391     4.502    dbg_hub/inst/CORE_XSDB.U_ICON/U_SYNC/CLK
    SLICE_X66Y140        FDRE                                         r  dbg_hub/inst/CORE_XSDB.U_ICON/U_SYNC/SYNC_reg/C
  -------------------------------------------------------------------    -------------------
    SLICE_X66Y140        FDRE (Prop_fdre_C_Q)         0.259     4.761 f  dbg_hub/inst/CORE_XSDB.U_ICON/U_SYNC/SYNC_reg/Q
                         net (fo=3, routed)           0.546     5.307    dbg_hub/inst/CORE_XSDB.U_ICON/U_SYNC/iSYNC
    SLICE_X63Y141        LUT2 (Prop_lut2_I0_O)        0.043     5.350 f  dbg_hub/inst/CORE_XSDB.U_ICON/U_SYNC/shift_reg_in[1]_i_3/O
                         net (fo=9, routed)           0.412     5.762    dbg_hub/inst/CORE_XSDB.U_ICON/U_CMD/p_103_in
    SLICE_X64Y142        LUT6 (Prop_lut6_I1_O)        0.043     5.805 f  dbg_hub/inst/CORE_XSDB.U_ICON/U_CMD/shift_reg_in[17]_i_1/O
                         net (fo=23, routed)          0.636     6.441    dbg_hub/inst/CORE_XSDB.U_ICON/U_CMD/shift_reg_in_reg[17]
    SLICE_X64Y145        LUT2 (Prop_lut2_I0_O)        0.052     6.493 f  dbg_hub/inst/CORE_XSDB.U_ICON/U_CMD/ngwrdrst.grst.g7serrst.rst_wr_reg1_i_1/O
                         net (fo=40, routed)          0.745     7.238    dbg_hub/inst/CORE_XSDB.UUT_MASTER/U_ICON_INTERFACE/U_CMD6_WR/AR[0]
    SLICE_X74Y151        FDCE                                         f  dbg_hub/inst/CORE_XSDB.UUT_MASTER/U_ICON_INTERFACE/U_CMD6_WR/shift_reg_in_reg[15]/CLR
  -------------------------------------------------------------------    -------------------

                         (clock dbg_hub/inst/N_EXT_BSCAN.bscan_inst/SERIES7_BSCAN.bscan_inst/DRCK rise edge)
                                                     30.000    30.000 r  
    BSCAN_X0Y0           BSCANE2                      0.000    30.000 r  dbg_hub/inst/N_EXT_BSCAN.bscan_inst/SERIES7_BSCAN.bscan_inst/DRCK
                         net (fo=1, routed)           2.548    32.548    dbg_hub/inst/DRCK
    BUFGCTRL_X0Y4        BUFG (Prop_bufg_I_O)         0.083    32.631 r  dbg_hub/inst/N_EXT_BSCAN.u_bufg_icon/O
                         net (fo=269, routed)         1.088    33.719    dbg_hub/inst/CORE_XSDB.UUT_MASTER/U_ICON_INTERFACE/U_CMD6_WR/idrck
    SLICE_X74Y151        FDCE                                         r  dbg_hub/inst/CORE_XSDB.UUT_MASTER/U_ICON_INTERFACE/U_CMD6_WR/shift_reg_in_reg[15]/C
                         clock pessimism              0.493    34.212    
                         clock uncertainty           -0.035    34.176    
    SLICE_X74Y151        FDCE (Recov_fdce_C_CLR)     -0.247    33.929    dbg_hub/inst/CORE_XSDB.UUT_MASTER/U_ICON_INTERFACE/U_CMD6_WR/shift_reg_in_reg[15]
  -------------------------------------------------------------------
                         required time                         33.929    
                         arrival time                          -7.238    
  -------------------------------------------------------------------
                         slack                                 26.691    





Min Delay Paths
--------------------------------------------------------------------------------------
Slack (MET) :             0.154ns  (arrival time - required time)
  Source:                 dbg_hub/inst/CORE_XSDB.UUT_MASTER/U_ICON_INTERFACE/U_CMD6_WR/U_WR_FIFO/SUBCORE_FIFO.xsdbm_v1_1_wrfifo_inst/inst_fifo_gen/gconvfifo.rf/grf.rf/rstblk/ngwrdrst.grst.g7serrst.rst_wr_reg2_reg/C
                            (rising edge-triggered cell FDPE clocked by dbg_hub/inst/N_EXT_BSCAN.bscan_inst/SERIES7_BSCAN.bscan_inst/DRCK  {rise@0.000ns fall@15.000ns period=30.000ns})
  Destination:            dbg_hub/inst/CORE_XSDB.UUT_MASTER/U_ICON_INTERFACE/U_CMD6_WR/U_WR_FIFO/SUBCORE_FIFO.xsdbm_v1_1_wrfifo_inst/inst_fifo_gen/gconvfifo.rf/grf.rf/rstblk/ngwrdrst.grst.g7serrst.wr_rst_asreg_reg/PRE
                            (removal check against rising-edge clock dbg_hub/inst/N_EXT_BSCAN.bscan_inst/SERIES7_BSCAN.bscan_inst/DRCK  {rise@0.000ns fall@15.000ns period=30.000ns})
  Path Group:             **async_default**
  Path Type:              Removal (Min at Fast Process Corner)
  Requirement:            0.000ns  (dbg_hub/inst/N_EXT_BSCAN.bscan_inst/SERIES7_BSCAN.bscan_inst/DRCK rise@0.000ns - dbg_hub/inst/N_EXT_BSCAN.bscan_inst/SERIES7_BSCAN.bscan_inst/DRCK rise@0.000ns)
  Data Path Delay:        0.242ns  (logic 0.107ns (44.297%)  route 0.135ns (55.703%))
  Logic Levels:           0  
  Clock Path Skew:        0.196ns (DCD - SCD - CPR)
    Destination Clock Delay (DCD):    2.657ns
    Source Clock Delay      (SCD):    2.166ns
    Clock Pessimism Removal (CPR):    0.295ns

    Location             Delay type                Incr(ns)  Path(ns)    Netlist Resource(s)
  -------------------------------------------------------------------    -------------------
                         (clock dbg_hub/inst/N_EXT_BSCAN.bscan_inst/SERIES7_BSCAN.bscan_inst/DRCK rise edge)
                                                      0.000     0.000 r  
    BSCAN_X0Y0           BSCANE2                      0.000     0.000 r  dbg_hub/inst/N_EXT_BSCAN.bscan_inst/SERIES7_BSCAN.bscan_inst/DRCK
                         net (fo=1, routed)           1.601     1.601    dbg_hub/inst/DRCK
    BUFGCTRL_X0Y4        BUFG (Prop_bufg_I_O)         0.026     1.627 r  dbg_hub/inst/N_EXT_BSCAN.u_bufg_icon/O
                         net (fo=269, routed)         0.539     2.166    dbg_hub/inst/CORE_XSDB.UUT_MASTER/U_ICON_INTERFACE/U_CMD6_WR/U_WR_FIFO/SUBCORE_FIFO.xsdbm_v1_1_wrfifo_inst/inst_fifo_gen/gconvfifo.rf/grf.rf/rstblk/idrck
    SLICE_X78Y151        FDPE                                         r  dbg_hub/inst/CORE_XSDB.UUT_MASTER/U_ICON_INTERFACE/U_CMD6_WR/U_WR_FIFO/SUBCORE_FIFO.xsdbm_v1_1_wrfifo_inst/inst_fifo_gen/gconvfifo.rf/grf.rf/rstblk/ngwrdrst.grst.g7serrst.rst_wr_reg2_reg/C
  -------------------------------------------------------------------    -------------------
    SLICE_X78Y151        FDPE (Prop_fdpe_C_Q)         0.107     2.273 f  dbg_hub/inst/CORE_XSDB.UUT_MASTER/U_ICON_INTERFACE/U_CMD6_WR/U_WR_FIFO/SUBCORE_FIFO.xsdbm_v1_1_wrfifo_inst/inst_fifo_gen/gconvfifo.rf/grf.rf/rstblk/ngwrdrst.grst.g7serrst.rst_wr_reg2_reg/Q
                         net (fo=1, routed)           0.135     2.407    dbg_hub/inst/CORE_XSDB.UUT_MASTER/U_ICON_INTERFACE/U_CMD6_WR/U_WR_FIFO/SUBCORE_FIFO.xsdbm_v1_1_wrfifo_inst/inst_fifo_gen/gconvfifo.rf/grf.rf/rstblk/rst_wr_reg2
    SLICE_X81Y151        FDPE                                         f  dbg_hub/inst/CORE_XSDB.UUT_MASTER/U_ICON_INTERFACE/U_CMD6_WR/U_WR_FIFO/SUBCORE_FIFO.xsdbm_v1_1_wrfifo_inst/inst_fifo_gen/gconvfifo.rf/grf.rf/rstblk/ngwrdrst.grst.g7serrst.wr_rst_asreg_reg/PRE
  -------------------------------------------------------------------    -------------------

                         (clock dbg_hub/inst/N_EXT_BSCAN.bscan_inst/SERIES7_BSCAN.bscan_inst/DRCK rise edge)
                                                      0.000     0.000 r  
    BSCAN_X0Y0           BSCANE2                      0.000     0.000 r  dbg_hub/inst/N_EXT_BSCAN.bscan_inst/SERIES7_BSCAN.bscan_inst/DRCK
                         net (fo=1, routed)           1.884     1.884    dbg_hub/inst/DRCK
    BUFGCTRL_X0Y4        BUFG (Prop_bufg_I_O)         0.030     1.914 r  dbg_hub/inst/N_EXT_BSCAN.u_bufg_icon/O
                         net (fo=269, routed)         0.743     2.657    dbg_hub/inst/CORE_XSDB.UUT_MASTER/U_ICON_INTERFACE/U_CMD6_WR/U_WR_FIFO/SUBCORE_FIFO.xsdbm_v1_1_wrfifo_inst/inst_fifo_gen/gconvfifo.rf/grf.rf/rstblk/idrck
    SLICE_X81Y151        FDPE                                         r  dbg_hub/inst/CORE_XSDB.UUT_MASTER/U_ICON_INTERFACE/U_CMD6_WR/U_WR_FIFO/SUBCORE_FIFO.xsdbm_v1_1_wrfifo_inst/inst_fifo_gen/gconvfifo.rf/grf.rf/rstblk/ngwrdrst.grst.g7serrst.wr_rst_asreg_reg/C
                         clock pessimism             -0.295     2.362    
    SLICE_X81Y151        FDPE (Remov_fdpe_C_PRE)     -0.108     2.254    dbg_hub/inst/CORE_XSDB.UUT_MASTER/U_ICON_INTERFACE/U_CMD6_WR/U_WR_FIFO/SUBCORE_FIFO.xsdbm_v1_1_wrfifo_inst/inst_fifo_gen/gconvfifo.rf/grf.rf/rstblk/ngwrdrst.grst.g7serrst.wr_rst_asreg_reg
  -------------------------------------------------------------------
                         required time                         -2.254    
                         arrival time                           2.407    
  -------------------------------------------------------------------
                         slack                                  0.154    

Slack (MET) :             0.243ns  (arrival time - required time)
  Source:                 dbg_hub/inst/CORE_XSDB.UUT_MASTER/U_ICON_INTERFACE/U_CMD6_WR/U_WR_FIFO/SUBCORE_FIFO.xsdbm_v1_1_wrfifo_inst/inst_fifo_gen/gconvfifo.rf/grf.rf/rstblk/ngwrdrst.grst.g7serrst.wr_rst_reg_reg[1]/C
                            (rising edge-triggered cell FDPE clocked by dbg_hub/inst/N_EXT_BSCAN.bscan_inst/SERIES7_BSCAN.bscan_inst/DRCK  {rise@0.000ns fall@15.000ns period=30.000ns})
  Destination:            dbg_hub/inst/CORE_XSDB.UUT_MASTER/U_ICON_INTERFACE/U_CMD6_WR/U_WR_FIFO/SUBCORE_FIFO.xsdbm_v1_1_wrfifo_inst/inst_fifo_gen/gconvfifo.rf/grf.rf/gntv_or_sync_fifo.gl0.wr/wpntr/gic0.gc0.count_d1_reg[3]/CLR
                            (removal check against rising-edge clock dbg_hub/inst/N_EXT_BSCAN.bscan_inst/SERIES7_BSCAN.bscan_inst/DRCK  {rise@0.000ns fall@15.000ns period=30.000ns})
  Path Group:             **async_default**
  Path Type:              Removal (Min at Fast Process Corner)
  Requirement:            0.000ns  (dbg_hub/inst/N_EXT_BSCAN.bscan_inst/SERIES7_BSCAN.bscan_inst/DRCK rise@0.000ns - dbg_hub/inst/N_EXT_BSCAN.bscan_inst/SERIES7_BSCAN.bscan_inst/DRCK rise@0.000ns)
  Data Path Delay:        0.207ns  (logic 0.100ns (48.396%)  route 0.107ns (51.604%))
  Logic Levels:           0  
  Clock Path Skew:        0.033ns (DCD - SCD - CPR)
    Destination Clock Delay (DCD):    2.654ns
    Source Clock Delay      (SCD):    2.166ns
    Clock Pessimism Removal (CPR):    0.455ns

    Location             Delay type                Incr(ns)  Path(ns)    Netlist Resource(s)
  -------------------------------------------------------------------    -------------------
                         (clock dbg_hub/inst/N_EXT_BSCAN.bscan_inst/SERIES7_BSCAN.bscan_inst/DRCK rise edge)
                                                      0.000     0.000 r  
    BSCAN_X0Y0           BSCANE2                      0.000     0.000 r  dbg_hub/inst/N_EXT_BSCAN.bscan_inst/SERIES7_BSCAN.bscan_inst/DRCK
                         net (fo=1, routed)           1.601     1.601    dbg_hub/inst/DRCK
    BUFGCTRL_X0Y4        BUFG (Prop_bufg_I_O)         0.026     1.627 r  dbg_hub/inst/N_EXT_BSCAN.u_bufg_icon/O
                         net (fo=269, routed)         0.539     2.166    dbg_hub/inst/CORE_XSDB.UUT_MASTER/U_ICON_INTERFACE/U_CMD6_WR/U_WR_FIFO/SUBCORE_FIFO.xsdbm_v1_1_wrfifo_inst/inst_fifo_gen/gconvfifo.rf/grf.rf/rstblk/idrck
    SLICE_X79Y152        FDPE                                         r  dbg_hub/inst/CORE_XSDB.UUT_MASTER/U_ICON_INTERFACE/U_CMD6_WR/U_WR_FIFO/SUBCORE_FIFO.xsdbm_v1_1_wrfifo_inst/inst_fifo_gen/gconvfifo.rf/grf.rf/rstblk/ngwrdrst.grst.g7serrst.wr_rst_reg_reg[1]/C
  -------------------------------------------------------------------    -------------------
    SLICE_X79Y152        FDPE (Prop_fdpe_C_Q)         0.100     2.266 f  dbg_hub/inst/CORE_XSDB.UUT_MASTER/U_ICON_INTERFACE/U_CMD6_WR/U_WR_FIFO/SUBCORE_FIFO.xsdbm_v1_1_wrfifo_inst/inst_fifo_gen/gconvfifo.rf/grf.rf/rstblk/ngwrdrst.grst.g7serrst.wr_rst_reg_reg[1]/Q
                         net (fo=12, routed)          0.107     2.372    dbg_hub/inst/CORE_XSDB.UUT_MASTER/U_ICON_INTERFACE/U_CMD6_WR/U_WR_FIFO/SUBCORE_FIFO.xsdbm_v1_1_wrfifo_inst/inst_fifo_gen/gconvfifo.rf/grf.rf/gntv_or_sync_fifo.gl0.wr/wpntr/Q[0]
    SLICE_X77Y152        FDCE                                         f  dbg_hub/inst/CORE_XSDB.UUT_MASTER/U_ICON_INTERFACE/U_CMD6_WR/U_WR_FIFO/SUBCORE_FIFO.xsdbm_v1_1_wrfifo_inst/inst_fifo_gen/gconvfifo.rf/grf.rf/gntv_or_sync_fifo.gl0.wr/wpntr/gic0.gc0.count_d1_reg[3]/CLR
  -------------------------------------------------------------------    -------------------

                         (clock dbg_hub/inst/N_EXT_BSCAN.bscan_inst/SERIES7_BSCAN.bscan_inst/DRCK rise edge)
                                                      0.000     0.000 r  
    BSCAN_X0Y0           BSCANE2                      0.000     0.000 r  dbg_hub/inst/N_EXT_BSCAN.bscan_inst/SERIES7_BSCAN.bscan_inst/DRCK
                         net (fo=1, routed)           1.884     1.884    dbg_hub/inst/DRCK
    BUFGCTRL_X0Y4        BUFG (Prop_bufg_I_O)         0.030     1.914 r  dbg_hub/inst/N_EXT_BSCAN.u_bufg_icon/O
                         net (fo=269, routed)         0.740     2.654    dbg_hub/inst/CORE_XSDB.UUT_MASTER/U_ICON_INTERFACE/U_CMD6_WR/U_WR_FIFO/SUBCORE_FIFO.xsdbm_v1_1_wrfifo_inst/inst_fifo_gen/gconvfifo.rf/grf.rf/gntv_or_sync_fifo.gl0.wr/wpntr/idrck
    SLICE_X77Y152        FDCE                                         r  dbg_hub/inst/CORE_XSDB.UUT_MASTER/U_ICON_INTERFACE/U_CMD6_WR/U_WR_FIFO/SUBCORE_FIFO.xsdbm_v1_1_wrfifo_inst/inst_fifo_gen/gconvfifo.rf/grf.rf/gntv_or_sync_fifo.gl0.wr/wpntr/gic0.gc0.count_d1_reg[3]/C
                         clock pessimism             -0.455     2.199    
    SLICE_X77Y152        FDCE (Remov_fdce_C_CLR)     -0.069     2.130    dbg_hub/inst/CORE_XSDB.UUT_MASTER/U_ICON_INTERFACE/U_CMD6_WR/U_WR_FIFO/SUBCORE_FIFO.xsdbm_v1_1_wrfifo_inst/inst_fifo_gen/gconvfifo.rf/grf.rf/gntv_or_sync_fifo.gl0.wr/wpntr/gic0.gc0.count_d1_reg[3]
  -------------------------------------------------------------------
                         required time                         -2.130    
                         arrival time                           2.372    
  -------------------------------------------------------------------
                         slack                                  0.243    

Slack (MET) :             0.243ns  (arrival time - required time)
  Source:                 dbg_hub/inst/CORE_XSDB.UUT_MASTER/U_ICON_INTERFACE/U_CMD6_WR/U_WR_FIFO/SUBCORE_FIFO.xsdbm_v1_1_wrfifo_inst/inst_fifo_gen/gconvfifo.rf/grf.rf/rstblk/ngwrdrst.grst.g7serrst.wr_rst_reg_reg[1]/C
                            (rising edge-triggered cell FDPE clocked by dbg_hub/inst/N_EXT_BSCAN.bscan_inst/SERIES7_BSCAN.bscan_inst/DRCK  {rise@0.000ns fall@15.000ns period=30.000ns})
  Destination:            dbg_hub/inst/CORE_XSDB.UUT_MASTER/U_ICON_INTERFACE/U_CMD6_WR/U_WR_FIFO/SUBCORE_FIFO.xsdbm_v1_1_wrfifo_inst/inst_fifo_gen/gconvfifo.rf/grf.rf/gntv_or_sync_fifo.gl0.wr/wpntr/gic0.gc0.count_d2_reg[0]/CLR
                            (removal check against rising-edge clock dbg_hub/inst/N_EXT_BSCAN.bscan_inst/SERIES7_BSCAN.bscan_inst/DRCK  {rise@0.000ns fall@15.000ns period=30.000ns})
  Path Group:             **async_default**
  Path Type:              Removal (Min at Fast Process Corner)
  Requirement:            0.000ns  (dbg_hub/inst/N_EXT_BSCAN.bscan_inst/SERIES7_BSCAN.bscan_inst/DRCK rise@0.000ns - dbg_hub/inst/N_EXT_BSCAN.bscan_inst/SERIES7_BSCAN.bscan_inst/DRCK rise@0.000ns)
  Data Path Delay:        0.207ns  (logic 0.100ns (48.396%)  route 0.107ns (51.604%))
  Logic Levels:           0  
  Clock Path Skew:        0.033ns (DCD - SCD - CPR)
    Destination Clock Delay (DCD):    2.654ns
    Source Clock Delay      (SCD):    2.166ns
    Clock Pessimism Removal (CPR):    0.455ns

    Location             Delay type                Incr(ns)  Path(ns)    Netlist Resource(s)
  -------------------------------------------------------------------    -------------------
                         (clock dbg_hub/inst/N_EXT_BSCAN.bscan_inst/SERIES7_BSCAN.bscan_inst/DRCK rise edge)
                                                      0.000     0.000 r  
    BSCAN_X0Y0           BSCANE2                      0.000     0.000 r  dbg_hub/inst/N_EXT_BSCAN.bscan_inst/SERIES7_BSCAN.bscan_inst/DRCK
                         net (fo=1, routed)           1.601     1.601    dbg_hub/inst/DRCK
    BUFGCTRL_X0Y4        BUFG (Prop_bufg_I_O)         0.026     1.627 r  dbg_hub/inst/N_EXT_BSCAN.u_bufg_icon/O
                         net (fo=269, routed)         0.539     2.166    dbg_hub/inst/CORE_XSDB.UUT_MASTER/U_ICON_INTERFACE/U_CMD6_WR/U_WR_FIFO/SUBCORE_FIFO.xsdbm_v1_1_wrfifo_inst/inst_fifo_gen/gconvfifo.rf/grf.rf/rstblk/idrck
    SLICE_X79Y152        FDPE                                         r  dbg_hub/inst/CORE_XSDB.UUT_MASTER/U_ICON_INTERFACE/U_CMD6_WR/U_WR_FIFO/SUBCORE_FIFO.xsdbm_v1_1_wrfifo_inst/inst_fifo_gen/gconvfifo.rf/grf.rf/rstblk/ngwrdrst.grst.g7serrst.wr_rst_reg_reg[1]/C
  -------------------------------------------------------------------    -------------------
    SLICE_X79Y152        FDPE (Prop_fdpe_C_Q)         0.100     2.266 f  dbg_hub/inst/CORE_XSDB.UUT_MASTER/U_ICON_INTERFACE/U_CMD6_WR/U_WR_FIFO/SUBCORE_FIFO.xsdbm_v1_1_wrfifo_inst/inst_fifo_gen/gconvfifo.rf/grf.rf/rstblk/ngwrdrst.grst.g7serrst.wr_rst_reg_reg[1]/Q
                         net (fo=12, routed)          0.107     2.372    dbg_hub/inst/CORE_XSDB.UUT_MASTER/U_ICON_INTERFACE/U_CMD6_WR/U_WR_FIFO/SUBCORE_FIFO.xsdbm_v1_1_wrfifo_inst/inst_fifo_gen/gconvfifo.rf/grf.rf/gntv_or_sync_fifo.gl0.wr/wpntr/Q[0]
    SLICE_X77Y152        FDCE                                         f  dbg_hub/inst/CORE_XSDB.UUT_MASTER/U_ICON_INTERFACE/U_CMD6_WR/U_WR_FIFO/SUBCORE_FIFO.xsdbm_v1_1_wrfifo_inst/inst_fifo_gen/gconvfifo.rf/grf.rf/gntv_or_sync_fifo.gl0.wr/wpntr/gic0.gc0.count_d2_reg[0]/CLR
  -------------------------------------------------------------------    -------------------

                         (clock dbg_hub/inst/N_EXT_BSCAN.bscan_inst/SERIES7_BSCAN.bscan_inst/DRCK rise edge)
                                                      0.000     0.000 r  
    BSCAN_X0Y0           BSCANE2                      0.000     0.000 r  dbg_hub/inst/N_EXT_BSCAN.bscan_inst/SERIES7_BSCAN.bscan_inst/DRCK
                         net (fo=1, routed)           1.884     1.884    dbg_hub/inst/DRCK
    BUFGCTRL_X0Y4        BUFG (Prop_bufg_I_O)         0.030     1.914 r  dbg_hub/inst/N_EXT_BSCAN.u_bufg_icon/O
                         net (fo=269, routed)         0.740     2.654    dbg_hub/inst/CORE_XSDB.UUT_MASTER/U_ICON_INTERFACE/U_CMD6_WR/U_WR_FIFO/SUBCORE_FIFO.xsdbm_v1_1_wrfifo_inst/inst_fifo_gen/gconvfifo.rf/grf.rf/gntv_or_sync_fifo.gl0.wr/wpntr/idrck
    SLICE_X77Y152        FDCE                                         r  dbg_hub/inst/CORE_XSDB.UUT_MASTER/U_ICON_INTERFACE/U_CMD6_WR/U_WR_FIFO/SUBCORE_FIFO.xsdbm_v1_1_wrfifo_inst/inst_fifo_gen/gconvfifo.rf/grf.rf/gntv_or_sync_fifo.gl0.wr/wpntr/gic0.gc0.count_d2_reg[0]/C
                         clock pessimism             -0.455     2.199    
    SLICE_X77Y152        FDCE (Remov_fdce_C_CLR)     -0.069     2.130    dbg_hub/inst/CORE_XSDB.UUT_MASTER/U_ICON_INTERFACE/U_CMD6_WR/U_WR_FIFO/SUBCORE_FIFO.xsdbm_v1_1_wrfifo_inst/inst_fifo_gen/gconvfifo.rf/grf.rf/gntv_or_sync_fifo.gl0.wr/wpntr/gic0.gc0.count_d2_reg[0]
  -------------------------------------------------------------------
                         required time                         -2.130    
                         arrival time                           2.372    
  -------------------------------------------------------------------
                         slack                                  0.243    

Slack (MET) :             0.243ns  (arrival time - required time)
  Source:                 dbg_hub/inst/CORE_XSDB.UUT_MASTER/U_ICON_INTERFACE/U_CMD6_WR/U_WR_FIFO/SUBCORE_FIFO.xsdbm_v1_1_wrfifo_inst/inst_fifo_gen/gconvfifo.rf/grf.rf/rstblk/ngwrdrst.grst.g7serrst.wr_rst_reg_reg[1]/C
                            (rising edge-triggered cell FDPE clocked by dbg_hub/inst/N_EXT_BSCAN.bscan_inst/SERIES7_BSCAN.bscan_inst/DRCK  {rise@0.000ns fall@15.000ns period=30.000ns})
  Destination:            dbg_hub/inst/CORE_XSDB.UUT_MASTER/U_ICON_INTERFACE/U_CMD6_WR/U_WR_FIFO/SUBCORE_FIFO.xsdbm_v1_1_wrfifo_inst/inst_fifo_gen/gconvfifo.rf/grf.rf/gntv_or_sync_fifo.gl0.wr/wpntr/gic0.gc0.count_d2_reg[3]/CLR
                            (removal check against rising-edge clock dbg_hub/inst/N_EXT_BSCAN.bscan_inst/SERIES7_BSCAN.bscan_inst/DRCK  {rise@0.000ns fall@15.000ns period=30.000ns})
  Path Group:             **async_default**
  Path Type:              Removal (Min at Fast Process Corner)
  Requirement:            0.000ns  (dbg_hub/inst/N_EXT_BSCAN.bscan_inst/SERIES7_BSCAN.bscan_inst/DRCK rise@0.000ns - dbg_hub/inst/N_EXT_BSCAN.bscan_inst/SERIES7_BSCAN.bscan_inst/DRCK rise@0.000ns)
  Data Path Delay:        0.207ns  (logic 0.100ns (48.396%)  route 0.107ns (51.604%))
  Logic Levels:           0  
  Clock Path Skew:        0.033ns (DCD - SCD - CPR)
    Destination Clock Delay (DCD):    2.654ns
    Source Clock Delay      (SCD):    2.166ns
    Clock Pessimism Removal (CPR):    0.455ns

    Location             Delay type                Incr(ns)  Path(ns)    Netlist Resource(s)
  -------------------------------------------------------------------    -------------------
                         (clock dbg_hub/inst/N_EXT_BSCAN.bscan_inst/SERIES7_BSCAN.bscan_inst/DRCK rise edge)
                                                      0.000     0.000 r  
    BSCAN_X0Y0           BSCANE2                      0.000     0.000 r  dbg_hub/inst/N_EXT_BSCAN.bscan_inst/SERIES7_BSCAN.bscan_inst/DRCK
                         net (fo=1, routed)           1.601     1.601    dbg_hub/inst/DRCK
    BUFGCTRL_X0Y4        BUFG (Prop_bufg_I_O)         0.026     1.627 r  dbg_hub/inst/N_EXT_BSCAN.u_bufg_icon/O
                         net (fo=269, routed)         0.539     2.166    dbg_hub/inst/CORE_XSDB.UUT_MASTER/U_ICON_INTERFACE/U_CMD6_WR/U_WR_FIFO/SUBCORE_FIFO.xsdbm_v1_1_wrfifo_inst/inst_fifo_gen/gconvfifo.rf/grf.rf/rstblk/idrck
    SLICE_X79Y152        FDPE                                         r  dbg_hub/inst/CORE_XSDB.UUT_MASTER/U_ICON_INTERFACE/U_CMD6_WR/U_WR_FIFO/SUBCORE_FIFO.xsdbm_v1_1_wrfifo_inst/inst_fifo_gen/gconvfifo.rf/grf.rf/rstblk/ngwrdrst.grst.g7serrst.wr_rst_reg_reg[1]/C
  -------------------------------------------------------------------    -------------------
    SLICE_X79Y152        FDPE (Prop_fdpe_C_Q)         0.100     2.266 f  dbg_hub/inst/CORE_XSDB.UUT_MASTER/U_ICON_INTERFACE/U_CMD6_WR/U_WR_FIFO/SUBCORE_FIFO.xsdbm_v1_1_wrfifo_inst/inst_fifo_gen/gconvfifo.rf/grf.rf/rstblk/ngwrdrst.grst.g7serrst.wr_rst_reg_reg[1]/Q
                         net (fo=12, routed)          0.107     2.372    dbg_hub/inst/CORE_XSDB.UUT_MASTER/U_ICON_INTERFACE/U_CMD6_WR/U_WR_FIFO/SUBCORE_FIFO.xsdbm_v1_1_wrfifo_inst/inst_fifo_gen/gconvfifo.rf/grf.rf/gntv_or_sync_fifo.gl0.wr/wpntr/Q[0]
    SLICE_X77Y152        FDCE                                         f  dbg_hub/inst/CORE_XSDB.UUT_MASTER/U_ICON_INTERFACE/U_CMD6_WR/U_WR_FIFO/SUBCORE_FIFO.xsdbm_v1_1_wrfifo_inst/inst_fifo_gen/gconvfifo.rf/grf.rf/gntv_or_sync_fifo.gl0.wr/wpntr/gic0.gc0.count_d2_reg[3]/CLR
  -------------------------------------------------------------------    -------------------

                         (clock dbg_hub/inst/N_EXT_BSCAN.bscan_inst/SERIES7_BSCAN.bscan_inst/DRCK rise edge)
                                                      0.000     0.000 r  
    BSCAN_X0Y0           BSCANE2                      0.000     0.000 r  dbg_hub/inst/N_EXT_BSCAN.bscan_inst/SERIES7_BSCAN.bscan_inst/DRCK
                         net (fo=1, routed)           1.884     1.884    dbg_hub/inst/DRCK
    BUFGCTRL_X0Y4        BUFG (Prop_bufg_I_O)         0.030     1.914 r  dbg_hub/inst/N_EXT_BSCAN.u_bufg_icon/O
                         net (fo=269, routed)         0.740     2.654    dbg_hub/inst/CORE_XSDB.UUT_MASTER/U_ICON_INTERFACE/U_CMD6_WR/U_WR_FIFO/SUBCORE_FIFO.xsdbm_v1_1_wrfifo_inst/inst_fifo_gen/gconvfifo.rf/grf.rf/gntv_or_sync_fifo.gl0.wr/wpntr/idrck
    SLICE_X77Y152        FDCE                                         r  dbg_hub/inst/CORE_XSDB.UUT_MASTER/U_ICON_INTERFACE/U_CMD6_WR/U_WR_FIFO/SUBCORE_FIFO.xsdbm_v1_1_wrfifo_inst/inst_fifo_gen/gconvfifo.rf/grf.rf/gntv_or_sync_fifo.gl0.wr/wpntr/gic0.gc0.count_d2_reg[3]/C
                         clock pessimism             -0.455     2.199    
    SLICE_X77Y152        FDCE (Remov_fdce_C_CLR)     -0.069     2.130    dbg_hub/inst/CORE_XSDB.UUT_MASTER/U_ICON_INTERFACE/U_CMD6_WR/U_WR_FIFO/SUBCORE_FIFO.xsdbm_v1_1_wrfifo_inst/inst_fifo_gen/gconvfifo.rf/grf.rf/gntv_or_sync_fifo.gl0.wr/wpntr/gic0.gc0.count_d2_reg[3]
  -------------------------------------------------------------------
                         required time                         -2.130    
                         arrival time                           2.372    
  -------------------------------------------------------------------
                         slack                                  0.243    

Slack (MET) :             0.243ns  (arrival time - required time)
  Source:                 dbg_hub/inst/CORE_XSDB.UUT_MASTER/U_ICON_INTERFACE/U_CMD6_WR/U_WR_FIFO/SUBCORE_FIFO.xsdbm_v1_1_wrfifo_inst/inst_fifo_gen/gconvfifo.rf/grf.rf/rstblk/ngwrdrst.grst.g7serrst.wr_rst_reg_reg[1]/C
                            (rising edge-triggered cell FDPE clocked by dbg_hub/inst/N_EXT_BSCAN.bscan_inst/SERIES7_BSCAN.bscan_inst/DRCK  {rise@0.000ns fall@15.000ns period=30.000ns})
  Destination:            dbg_hub/inst/CORE_XSDB.UUT_MASTER/U_ICON_INTERFACE/U_CMD6_WR/U_WR_FIFO/SUBCORE_FIFO.xsdbm_v1_1_wrfifo_inst/inst_fifo_gen/gconvfifo.rf/grf.rf/gntv_or_sync_fifo.gl0.wr/wpntr/gic0.gc0.count_reg[0]/CLR
                            (removal check against rising-edge clock dbg_hub/inst/N_EXT_BSCAN.bscan_inst/SERIES7_BSCAN.bscan_inst/DRCK  {rise@0.000ns fall@15.000ns period=30.000ns})
  Path Group:             **async_default**
  Path Type:              Removal (Min at Fast Process Corner)
  Requirement:            0.000ns  (dbg_hub/inst/N_EXT_BSCAN.bscan_inst/SERIES7_BSCAN.bscan_inst/DRCK rise@0.000ns - dbg_hub/inst/N_EXT_BSCAN.bscan_inst/SERIES7_BSCAN.bscan_inst/DRCK rise@0.000ns)
  Data Path Delay:        0.207ns  (logic 0.100ns (48.396%)  route 0.107ns (51.604%))
  Logic Levels:           0  
  Clock Path Skew:        0.033ns (DCD - SCD - CPR)
    Destination Clock Delay (DCD):    2.654ns
    Source Clock Delay      (SCD):    2.166ns
    Clock Pessimism Removal (CPR):    0.455ns

    Location             Delay type                Incr(ns)  Path(ns)    Netlist Resource(s)
  -------------------------------------------------------------------    -------------------
                         (clock dbg_hub/inst/N_EXT_BSCAN.bscan_inst/SERIES7_BSCAN.bscan_inst/DRCK rise edge)
                                                      0.000     0.000 r  
    BSCAN_X0Y0           BSCANE2                      0.000     0.000 r  dbg_hub/inst/N_EXT_BSCAN.bscan_inst/SERIES7_BSCAN.bscan_inst/DRCK
                         net (fo=1, routed)           1.601     1.601    dbg_hub/inst/DRCK
    BUFGCTRL_X0Y4        BUFG (Prop_bufg_I_O)         0.026     1.627 r  dbg_hub/inst/N_EXT_BSCAN.u_bufg_icon/O
                         net (fo=269, routed)         0.539     2.166    dbg_hub/inst/CORE_XSDB.UUT_MASTER/U_ICON_INTERFACE/U_CMD6_WR/U_WR_FIFO/SUBCORE_FIFO.xsdbm_v1_1_wrfifo_inst/inst_fifo_gen/gconvfifo.rf/grf.rf/rstblk/idrck
    SLICE_X79Y152        FDPE                                         r  dbg_hub/inst/CORE_XSDB.UUT_MASTER/U_ICON_INTERFACE/U_CMD6_WR/U_WR_FIFO/SUBCORE_FIFO.xsdbm_v1_1_wrfifo_inst/inst_fifo_gen/gconvfifo.rf/grf.rf/rstblk/ngwrdrst.grst.g7serrst.wr_rst_reg_reg[1]/C
  -------------------------------------------------------------------    -------------------
    SLICE_X79Y152        FDPE (Prop_fdpe_C_Q)         0.100     2.266 f  dbg_hub/inst/CORE_XSDB.UUT_MASTER/U_ICON_INTERFACE/U_CMD6_WR/U_WR_FIFO/SUBCORE_FIFO.xsdbm_v1_1_wrfifo_inst/inst_fifo_gen/gconvfifo.rf/grf.rf/rstblk/ngwrdrst.grst.g7serrst.wr_rst_reg_reg[1]/Q
                         net (fo=12, routed)          0.107     2.372    dbg_hub/inst/CORE_XSDB.UUT_MASTER/U_ICON_INTERFACE/U_CMD6_WR/U_WR_FIFO/SUBCORE_FIFO.xsdbm_v1_1_wrfifo_inst/inst_fifo_gen/gconvfifo.rf/grf.rf/gntv_or_sync_fifo.gl0.wr/wpntr/Q[0]
    SLICE_X77Y152        FDCE                                         f  dbg_hub/inst/CORE_XSDB.UUT_MASTER/U_ICON_INTERFACE/U_CMD6_WR/U_WR_FIFO/SUBCORE_FIFO.xsdbm_v1_1_wrfifo_inst/inst_fifo_gen/gconvfifo.rf/grf.rf/gntv_or_sync_fifo.gl0.wr/wpntr/gic0.gc0.count_reg[0]/CLR
  -------------------------------------------------------------------    -------------------

                         (clock dbg_hub/inst/N_EXT_BSCAN.bscan_inst/SERIES7_BSCAN.bscan_inst/DRCK rise edge)
                                                      0.000     0.000 r  
    BSCAN_X0Y0           BSCANE2                      0.000     0.000 r  dbg_hub/inst/N_EXT_BSCAN.bscan_inst/SERIES7_BSCAN.bscan_inst/DRCK
                         net (fo=1, routed)           1.884     1.884    dbg_hub/inst/DRCK
    BUFGCTRL_X0Y4        BUFG (Prop_bufg_I_O)         0.030     1.914 r  dbg_hub/inst/N_EXT_BSCAN.u_bufg_icon/O
                         net (fo=269, routed)         0.740     2.654    dbg_hub/inst/CORE_XSDB.UUT_MASTER/U_ICON_INTERFACE/U_CMD6_WR/U_WR_FIFO/SUBCORE_FIFO.xsdbm_v1_1_wrfifo_inst/inst_fifo_gen/gconvfifo.rf/grf.rf/gntv_or_sync_fifo.gl0.wr/wpntr/idrck
    SLICE_X77Y152        FDCE                                         r  dbg_hub/inst/CORE_XSDB.UUT_MASTER/U_ICON_INTERFACE/U_CMD6_WR/U_WR_FIFO/SUBCORE_FIFO.xsdbm_v1_1_wrfifo_inst/inst_fifo_gen/gconvfifo.rf/grf.rf/gntv_or_sync_fifo.gl0.wr/wpntr/gic0.gc0.count_reg[0]/C
                         clock pessimism             -0.455     2.199    
    SLICE_X77Y152        FDCE (Remov_fdce_C_CLR)     -0.069     2.130    dbg_hub/inst/CORE_XSDB.UUT_MASTER/U_ICON_INTERFACE/U_CMD6_WR/U_WR_FIFO/SUBCORE_FIFO.xsdbm_v1_1_wrfifo_inst/inst_fifo_gen/gconvfifo.rf/grf.rf/gntv_or_sync_fifo.gl0.wr/wpntr/gic0.gc0.count_reg[0]
  -------------------------------------------------------------------
                         required time                         -2.130    
                         arrival time                           2.372    
  -------------------------------------------------------------------
                         slack                                  0.243    

Slack (MET) :             0.246ns  (arrival time - required time)
  Source:                 dbg_hub/inst/CORE_XSDB.UUT_MASTER/U_ICON_INTERFACE/U_CMD6_WR/U_WR_FIFO/SUBCORE_FIFO.xsdbm_v1_1_wrfifo_inst/inst_fifo_gen/gconvfifo.rf/grf.rf/rstblk/ngwrdrst.grst.g7serrst.wr_rst_reg_reg[1]/C
                            (rising edge-triggered cell FDPE clocked by dbg_hub/inst/N_EXT_BSCAN.bscan_inst/SERIES7_BSCAN.bscan_inst/DRCK  {rise@0.000ns fall@15.000ns period=30.000ns})
  Destination:            dbg_hub/inst/CORE_XSDB.UUT_MASTER/U_ICON_INTERFACE/U_CMD6_WR/U_WR_FIFO/SUBCORE_FIFO.xsdbm_v1_1_wrfifo_inst/inst_fifo_gen/gconvfifo.rf/grf.rf/gntv_or_sync_fifo.gl0.wr/wpntr/gic0.gc0.count_d1_reg[0]/PRE
                            (removal check against rising-edge clock dbg_hub/inst/N_EXT_BSCAN.bscan_inst/SERIES7_BSCAN.bscan_inst/DRCK  {rise@0.000ns fall@15.000ns period=30.000ns})
  Path Group:             **async_default**
  Path Type:              Removal (Min at Fast Process Corner)
  Requirement:            0.000ns  (dbg_hub/inst/N_EXT_BSCAN.bscan_inst/SERIES7_BSCAN.bscan_inst/DRCK rise@0.000ns - dbg_hub/inst/N_EXT_BSCAN.bscan_inst/SERIES7_BSCAN.bscan_inst/DRCK rise@0.000ns)
  Data Path Delay:        0.207ns  (logic 0.100ns (48.396%)  route 0.107ns (51.604%))
  Logic Levels:           0  
  Clock Path Skew:        0.033ns (DCD - SCD - CPR)
    Destination Clock Delay (DCD):    2.654ns
    Source Clock Delay      (SCD):    2.166ns
    Clock Pessimism Removal (CPR):    0.455ns

    Location             Delay type                Incr(ns)  Path(ns)    Netlist Resource(s)
  -------------------------------------------------------------------    -------------------
                         (clock dbg_hub/inst/N_EXT_BSCAN.bscan_inst/SERIES7_BSCAN.bscan_inst/DRCK rise edge)
                                                      0.000     0.000 r  
    BSCAN_X0Y0           BSCANE2                      0.000     0.000 r  dbg_hub/inst/N_EXT_BSCAN.bscan_inst/SERIES7_BSCAN.bscan_inst/DRCK
                         net (fo=1, routed)           1.601     1.601    dbg_hub/inst/DRCK
    BUFGCTRL_X0Y4        BUFG (Prop_bufg_I_O)         0.026     1.627 r  dbg_hub/inst/N_EXT_BSCAN.u_bufg_icon/O
                         net (fo=269, routed)         0.539     2.166    dbg_hub/inst/CORE_XSDB.UUT_MASTER/U_ICON_INTERFACE/U_CMD6_WR/U_WR_FIFO/SUBCORE_FIFO.xsdbm_v1_1_wrfifo_inst/inst_fifo_gen/gconvfifo.rf/grf.rf/rstblk/idrck
    SLICE_X79Y152        FDPE                                         r  dbg_hub/inst/CORE_XSDB.UUT_MASTER/U_ICON_INTERFACE/U_CMD6_WR/U_WR_FIFO/SUBCORE_FIFO.xsdbm_v1_1_wrfifo_inst/inst_fifo_gen/gconvfifo.rf/grf.rf/rstblk/ngwrdrst.grst.g7serrst.wr_rst_reg_reg[1]/C
  -------------------------------------------------------------------    -------------------
    SLICE_X79Y152        FDPE (Prop_fdpe_C_Q)         0.100     2.266 f  dbg_hub/inst/CORE_XSDB.UUT_MASTER/U_ICON_INTERFACE/U_CMD6_WR/U_WR_FIFO/SUBCORE_FIFO.xsdbm_v1_1_wrfifo_inst/inst_fifo_gen/gconvfifo.rf/grf.rf/rstblk/ngwrdrst.grst.g7serrst.wr_rst_reg_reg[1]/Q
                         net (fo=12, routed)          0.107     2.372    dbg_hub/inst/CORE_XSDB.UUT_MASTER/U_ICON_INTERFACE/U_CMD6_WR/U_WR_FIFO/SUBCORE_FIFO.xsdbm_v1_1_wrfifo_inst/inst_fifo_gen/gconvfifo.rf/grf.rf/gntv_or_sync_fifo.gl0.wr/wpntr/Q[0]
    SLICE_X77Y152        FDPE                                         f  dbg_hub/inst/CORE_XSDB.UUT_MASTER/U_ICON_INTERFACE/U_CMD6_WR/U_WR_FIFO/SUBCORE_FIFO.xsdbm_v1_1_wrfifo_inst/inst_fifo_gen/gconvfifo.rf/grf.rf/gntv_or_sync_fifo.gl0.wr/wpntr/gic0.gc0.count_d1_reg[0]/PRE
  -------------------------------------------------------------------    -------------------

                         (clock dbg_hub/inst/N_EXT_BSCAN.bscan_inst/SERIES7_BSCAN.bscan_inst/DRCK rise edge)
                                                      0.000     0.000 r  
    BSCAN_X0Y0           BSCANE2                      0.000     0.000 r  dbg_hub/inst/N_EXT_BSCAN.bscan_inst/SERIES7_BSCAN.bscan_inst/DRCK
                         net (fo=1, routed)           1.884     1.884    dbg_hub/inst/DRCK
    BUFGCTRL_X0Y4        BUFG (Prop_bufg_I_O)         0.030     1.914 r  dbg_hub/inst/N_EXT_BSCAN.u_bufg_icon/O
                         net (fo=269, routed)         0.740     2.654    dbg_hub/inst/CORE_XSDB.UUT_MASTER/U_ICON_INTERFACE/U_CMD6_WR/U_WR_FIFO/SUBCORE_FIFO.xsdbm_v1_1_wrfifo_inst/inst_fifo_gen/gconvfifo.rf/grf.rf/gntv_or_sync_fifo.gl0.wr/wpntr/idrck
    SLICE_X77Y152        FDPE                                         r  dbg_hub/inst/CORE_XSDB.UUT_MASTER/U_ICON_INTERFACE/U_CMD6_WR/U_WR_FIFO/SUBCORE_FIFO.xsdbm_v1_1_wrfifo_inst/inst_fifo_gen/gconvfifo.rf/grf.rf/gntv_or_sync_fifo.gl0.wr/wpntr/gic0.gc0.count_d1_reg[0]/C
                         clock pessimism             -0.455     2.199    
    SLICE_X77Y152        FDPE (Remov_fdpe_C_PRE)     -0.072     2.127    dbg_hub/inst/CORE_XSDB.UUT_MASTER/U_ICON_INTERFACE/U_CMD6_WR/U_WR_FIFO/SUBCORE_FIFO.xsdbm_v1_1_wrfifo_inst/inst_fifo_gen/gconvfifo.rf/grf.rf/gntv_or_sync_fifo.gl0.wr/wpntr/gic0.gc0.count_d1_reg[0]
  -------------------------------------------------------------------
                         required time                         -2.127    
                         arrival time                           2.372    
  -------------------------------------------------------------------
                         slack                                  0.246    

Slack (MET) :             0.252ns  (arrival time - required time)
  Source:                 dbg_hub/inst/CORE_XSDB.UUT_MASTER/U_ICON_INTERFACE/U_CMD6_RD/U_RD_FIFO/SUBCORE_FIFO.xsdbm_v1_1_rdfifo_inst/inst_fifo_gen/gconvfifo.rf/grf.rf/rstblk/ngwrdrst.grst.g7serrst.rd_rst_reg_reg[1]/C
                            (rising edge-triggered cell FDPE clocked by dbg_hub/inst/N_EXT_BSCAN.bscan_inst/SERIES7_BSCAN.bscan_inst/DRCK  {rise@0.000ns fall@15.000ns period=30.000ns})
  Destination:            dbg_hub/inst/CORE_XSDB.UUT_MASTER/U_ICON_INTERFACE/U_CMD6_RD/U_RD_FIFO/SUBCORE_FIFO.xsdbm_v1_1_rdfifo_inst/inst_fifo_gen/gconvfifo.rf/grf.rf/gntv_or_sync_fifo.gcx.clkx/rd_pntr_gc_reg[1]/CLR
                            (removal check against rising-edge clock dbg_hub/inst/N_EXT_BSCAN.bscan_inst/SERIES7_BSCAN.bscan_inst/DRCK  {rise@0.000ns fall@15.000ns period=30.000ns})
  Path Group:             **async_default**
  Path Type:              Removal (Min at Fast Process Corner)
  Requirement:            0.000ns  (dbg_hub/inst/N_EXT_BSCAN.bscan_inst/SERIES7_BSCAN.bscan_inst/DRCK rise@0.000ns - dbg_hub/inst/N_EXT_BSCAN.bscan_inst/SERIES7_BSCAN.bscan_inst/DRCK rise@0.000ns)
  Data Path Delay:        0.197ns  (logic 0.100ns (50.720%)  route 0.097ns (49.280%))
  Logic Levels:           0  
  Clock Path Skew:        0.014ns (DCD - SCD - CPR)
    Destination Clock Delay (DCD):    2.728ns
    Source Clock Delay      (SCD):    2.221ns
    Clock Pessimism Removal (CPR):    0.493ns

    Location             Delay type                Incr(ns)  Path(ns)    Netlist Resource(s)
  -------------------------------------------------------------------    -------------------
                         (clock dbg_hub/inst/N_EXT_BSCAN.bscan_inst/SERIES7_BSCAN.bscan_inst/DRCK rise edge)
                                                      0.000     0.000 r  
    BSCAN_X0Y0           BSCANE2                      0.000     0.000 r  dbg_hub/inst/N_EXT_BSCAN.bscan_inst/SERIES7_BSCAN.bscan_inst/DRCK
                         net (fo=1, routed)           1.601     1.601    dbg_hub/inst/DRCK
    BUFGCTRL_X0Y4        BUFG (Prop_bufg_I_O)         0.026     1.627 r  dbg_hub/inst/N_EXT_BSCAN.u_bufg_icon/O
                         net (fo=269, routed)         0.594     2.221    dbg_hub/inst/CORE_XSDB.UUT_MASTER/U_ICON_INTERFACE/U_CMD6_RD/U_RD_FIFO/SUBCORE_FIFO.xsdbm_v1_1_rdfifo_inst/inst_fifo_gen/gconvfifo.rf/grf.rf/rstblk/idrck
    SLICE_X67Y148        FDPE                                         r  dbg_hub/inst/CORE_XSDB.UUT_MASTER/U_ICON_INTERFACE/U_CMD6_RD/U_RD_FIFO/SUBCORE_FIFO.xsdbm_v1_1_rdfifo_inst/inst_fifo_gen/gconvfifo.rf/grf.rf/rstblk/ngwrdrst.grst.g7serrst.rd_rst_reg_reg[1]/C
  -------------------------------------------------------------------    -------------------
    SLICE_X67Y148        FDPE (Prop_fdpe_C_Q)         0.100     2.321 f  dbg_hub/inst/CORE_XSDB.UUT_MASTER/U_ICON_INTERFACE/U_CMD6_RD/U_RD_FIFO/SUBCORE_FIFO.xsdbm_v1_1_rdfifo_inst/inst_fifo_gen/gconvfifo.rf/grf.rf/rstblk/ngwrdrst.grst.g7serrst.rd_rst_reg_reg[1]/Q
                         net (fo=16, routed)          0.097     2.418    dbg_hub/inst/CORE_XSDB.UUT_MASTER/U_ICON_INTERFACE/U_CMD6_RD/U_RD_FIFO/SUBCORE_FIFO.xsdbm_v1_1_rdfifo_inst/inst_fifo_gen/gconvfifo.rf/grf.rf/gntv_or_sync_fifo.gcx.clkx/ngwrdrst.grst.g7serrst.rd_rst_reg_reg[1][0]
    SLICE_X68Y148        FDCE                                         f  dbg_hub/inst/CORE_XSDB.UUT_MASTER/U_ICON_INTERFACE/U_CMD6_RD/U_RD_FIFO/SUBCORE_FIFO.xsdbm_v1_1_rdfifo_inst/inst_fifo_gen/gconvfifo.rf/grf.rf/gntv_or_sync_fifo.gcx.clkx/rd_pntr_gc_reg[1]/CLR
  -------------------------------------------------------------------    -------------------

                         (clock dbg_hub/inst/N_EXT_BSCAN.bscan_inst/SERIES7_BSCAN.bscan_inst/DRCK rise edge)
                                                      0.000     0.000 r  
    BSCAN_X0Y0           BSCANE2                      0.000     0.000 r  dbg_hub/inst/N_EXT_BSCAN.bscan_inst/SERIES7_BSCAN.bscan_inst/DRCK
                         net (fo=1, routed)           1.884     1.884    dbg_hub/inst/DRCK
    BUFGCTRL_X0Y4        BUFG (Prop_bufg_I_O)         0.030     1.914 r  dbg_hub/inst/N_EXT_BSCAN.u_bufg_icon/O
                         net (fo=269, routed)         0.814     2.728    dbg_hub/inst/CORE_XSDB.UUT_MASTER/U_ICON_INTERFACE/U_CMD6_RD/U_RD_FIFO/SUBCORE_FIFO.xsdbm_v1_1_rdfifo_inst/inst_fifo_gen/gconvfifo.rf/grf.rf/gntv_or_sync_fifo.gcx.clkx/idrck
    SLICE_X68Y148        FDCE                                         r  dbg_hub/inst/CORE_XSDB.UUT_MASTER/U_ICON_INTERFACE/U_CMD6_RD/U_RD_FIFO/SUBCORE_FIFO.xsdbm_v1_1_rdfifo_inst/inst_fifo_gen/gconvfifo.rf/grf.rf/gntv_or_sync_fifo.gcx.clkx/rd_pntr_gc_reg[1]/C
                         clock pessimism             -0.493     2.235    
    SLICE_X68Y148        FDCE (Remov_fdce_C_CLR)     -0.069     2.166    dbg_hub/inst/CORE_XSDB.UUT_MASTER/U_ICON_INTERFACE/U_CMD6_RD/U_RD_FIFO/SUBCORE_FIFO.xsdbm_v1_1_rdfifo_inst/inst_fifo_gen/gconvfifo.rf/grf.rf/gntv_or_sync_fifo.gcx.clkx/rd_pntr_gc_reg[1]
  -------------------------------------------------------------------
                         required time                         -2.166    
                         arrival time                           2.418    
  -------------------------------------------------------------------
                         slack                                  0.252    

Slack (MET) :             0.252ns  (arrival time - required time)
  Source:                 dbg_hub/inst/CORE_XSDB.UUT_MASTER/U_ICON_INTERFACE/U_CMD6_RD/U_RD_FIFO/SUBCORE_FIFO.xsdbm_v1_1_rdfifo_inst/inst_fifo_gen/gconvfifo.rf/grf.rf/rstblk/ngwrdrst.grst.g7serrst.rd_rst_reg_reg[1]/C
                            (rising edge-triggered cell FDPE clocked by dbg_hub/inst/N_EXT_BSCAN.bscan_inst/SERIES7_BSCAN.bscan_inst/DRCK  {rise@0.000ns fall@15.000ns period=30.000ns})
  Destination:            dbg_hub/inst/CORE_XSDB.UUT_MASTER/U_ICON_INTERFACE/U_CMD6_RD/U_RD_FIFO/SUBCORE_FIFO.xsdbm_v1_1_rdfifo_inst/inst_fifo_gen/gconvfifo.rf/grf.rf/gntv_or_sync_fifo.gcx.clkx/rd_pntr_gc_reg[2]/CLR
                            (removal check against rising-edge clock dbg_hub/inst/N_EXT_BSCAN.bscan_inst/SERIES7_BSCAN.bscan_inst/DRCK  {rise@0.000ns fall@15.000ns period=30.000ns})
  Path Group:             **async_default**
  Path Type:              Removal (Min at Fast Process Corner)
  Requirement:            0.000ns  (dbg_hub/inst/N_EXT_BSCAN.bscan_inst/SERIES7_BSCAN.bscan_inst/DRCK rise@0.000ns - dbg_hub/inst/N_EXT_BSCAN.bscan_inst/SERIES7_BSCAN.bscan_inst/DRCK rise@0.000ns)
  Data Path Delay:        0.197ns  (logic 0.100ns (50.720%)  route 0.097ns (49.280%))
  Logic Levels:           0  
  Clock Path Skew:        0.014ns (DCD - SCD - CPR)
    Destination Clock Delay (DCD):    2.728ns
    Source Clock Delay      (SCD):    2.221ns
    Clock Pessimism Removal (CPR):    0.493ns

    Location             Delay type                Incr(ns)  Path(ns)    Netlist Resource(s)
  -------------------------------------------------------------------    -------------------
                         (clock dbg_hub/inst/N_EXT_BSCAN.bscan_inst/SERIES7_BSCAN.bscan_inst/DRCK rise edge)
                                                      0.000     0.000 r  
    BSCAN_X0Y0           BSCANE2                      0.000     0.000 r  dbg_hub/inst/N_EXT_BSCAN.bscan_inst/SERIES7_BSCAN.bscan_inst/DRCK
                         net (fo=1, routed)           1.601     1.601    dbg_hub/inst/DRCK
    BUFGCTRL_X0Y4        BUFG (Prop_bufg_I_O)         0.026     1.627 r  dbg_hub/inst/N_EXT_BSCAN.u_bufg_icon/O
                         net (fo=269, routed)         0.594     2.221    dbg_hub/inst/CORE_XSDB.UUT_MASTER/U_ICON_INTERFACE/U_CMD6_RD/U_RD_FIFO/SUBCORE_FIFO.xsdbm_v1_1_rdfifo_inst/inst_fifo_gen/gconvfifo.rf/grf.rf/rstblk/idrck
    SLICE_X67Y148        FDPE                                         r  dbg_hub/inst/CORE_XSDB.UUT_MASTER/U_ICON_INTERFACE/U_CMD6_RD/U_RD_FIFO/SUBCORE_FIFO.xsdbm_v1_1_rdfifo_inst/inst_fifo_gen/gconvfifo.rf/grf.rf/rstblk/ngwrdrst.grst.g7serrst.rd_rst_reg_reg[1]/C
  -------------------------------------------------------------------    -------------------
    SLICE_X67Y148        FDPE (Prop_fdpe_C_Q)         0.100     2.321 f  dbg_hub/inst/CORE_XSDB.UUT_MASTER/U_ICON_INTERFACE/U_CMD6_RD/U_RD_FIFO/SUBCORE_FIFO.xsdbm_v1_1_rdfifo_inst/inst_fifo_gen/gconvfifo.rf/grf.rf/rstblk/ngwrdrst.grst.g7serrst.rd_rst_reg_reg[1]/Q
                         net (fo=16, routed)          0.097     2.418    dbg_hub/inst/CORE_XSDB.UUT_MASTER/U_ICON_INTERFACE/U_CMD6_RD/U_RD_FIFO/SUBCORE_FIFO.xsdbm_v1_1_rdfifo_inst/inst_fifo_gen/gconvfifo.rf/grf.rf/gntv_or_sync_fifo.gcx.clkx/ngwrdrst.grst.g7serrst.rd_rst_reg_reg[1][0]
    SLICE_X68Y148        FDCE                                         f  dbg_hub/inst/CORE_XSDB.UUT_MASTER/U_ICON_INTERFACE/U_CMD6_RD/U_RD_FIFO/SUBCORE_FIFO.xsdbm_v1_1_rdfifo_inst/inst_fifo_gen/gconvfifo.rf/grf.rf/gntv_or_sync_fifo.gcx.clkx/rd_pntr_gc_reg[2]/CLR
  -------------------------------------------------------------------    -------------------

                         (clock dbg_hub/inst/N_EXT_BSCAN.bscan_inst/SERIES7_BSCAN.bscan_inst/DRCK rise edge)
                                                      0.000     0.000 r  
    BSCAN_X0Y0           BSCANE2                      0.000     0.000 r  dbg_hub/inst/N_EXT_BSCAN.bscan_inst/SERIES7_BSCAN.bscan_inst/DRCK
                         net (fo=1, routed)           1.884     1.884    dbg_hub/inst/DRCK
    BUFGCTRL_X0Y4        BUFG (Prop_bufg_I_O)         0.030     1.914 r  dbg_hub/inst/N_EXT_BSCAN.u_bufg_icon/O
                         net (fo=269, routed)         0.814     2.728    dbg_hub/inst/CORE_XSDB.UUT_MASTER/U_ICON_INTERFACE/U_CMD6_RD/U_RD_FIFO/SUBCORE_FIFO.xsdbm_v1_1_rdfifo_inst/inst_fifo_gen/gconvfifo.rf/grf.rf/gntv_or_sync_fifo.gcx.clkx/idrck
    SLICE_X68Y148        FDCE                                         r  dbg_hub/inst/CORE_XSDB.UUT_MASTER/U_ICON_INTERFACE/U_CMD6_RD/U_RD_FIFO/SUBCORE_FIFO.xsdbm_v1_1_rdfifo_inst/inst_fifo_gen/gconvfifo.rf/grf.rf/gntv_or_sync_fifo.gcx.clkx/rd_pntr_gc_reg[2]/C
                         clock pessimism             -0.493     2.235    
    SLICE_X68Y148        FDCE (Remov_fdce_C_CLR)     -0.069     2.166    dbg_hub/inst/CORE_XSDB.UUT_MASTER/U_ICON_INTERFACE/U_CMD6_RD/U_RD_FIFO/SUBCORE_FIFO.xsdbm_v1_1_rdfifo_inst/inst_fifo_gen/gconvfifo.rf/grf.rf/gntv_or_sync_fifo.gcx.clkx/rd_pntr_gc_reg[2]
  -------------------------------------------------------------------
                         required time                         -2.166    
                         arrival time                           2.418    
  -------------------------------------------------------------------
                         slack                                  0.252    

Slack (MET) :             0.252ns  (arrival time - required time)
  Source:                 dbg_hub/inst/CORE_XSDB.UUT_MASTER/U_ICON_INTERFACE/U_CMD6_RD/U_RD_FIFO/SUBCORE_FIFO.xsdbm_v1_1_rdfifo_inst/inst_fifo_gen/gconvfifo.rf/grf.rf/rstblk/ngwrdrst.grst.g7serrst.rd_rst_reg_reg[1]/C
                            (rising edge-triggered cell FDPE clocked by dbg_hub/inst/N_EXT_BSCAN.bscan_inst/SERIES7_BSCAN.bscan_inst/DRCK  {rise@0.000ns fall@15.000ns period=30.000ns})
  Destination:            dbg_hub/inst/CORE_XSDB.UUT_MASTER/U_ICON_INTERFACE/U_CMD6_RD/U_RD_FIFO/SUBCORE_FIFO.xsdbm_v1_1_rdfifo_inst/inst_fifo_gen/gconvfifo.rf/grf.rf/gntv_or_sync_fifo.gcx.clkx/wr_pntr_bin_reg[3]/CLR
                            (removal check against rising-edge clock dbg_hub/inst/N_EXT_BSCAN.bscan_inst/SERIES7_BSCAN.bscan_inst/DRCK  {rise@0.000ns fall@15.000ns period=30.000ns})
  Path Group:             **async_default**
  Path Type:              Removal (Min at Fast Process Corner)
  Requirement:            0.000ns  (dbg_hub/inst/N_EXT_BSCAN.bscan_inst/SERIES7_BSCAN.bscan_inst/DRCK rise@0.000ns - dbg_hub/inst/N_EXT_BSCAN.bscan_inst/SERIES7_BSCAN.bscan_inst/DRCK rise@0.000ns)
  Data Path Delay:        0.197ns  (logic 0.100ns (50.720%)  route 0.097ns (49.280%))
  Logic Levels:           0  
  Clock Path Skew:        0.014ns (DCD - SCD - CPR)
    Destination Clock Delay (DCD):    2.728ns
    Source Clock Delay      (SCD):    2.221ns
    Clock Pessimism Removal (CPR):    0.493ns

    Location             Delay type                Incr(ns)  Path(ns)    Netlist Resource(s)
  -------------------------------------------------------------------    -------------------
                         (clock dbg_hub/inst/N_EXT_BSCAN.bscan_inst/SERIES7_BSCAN.bscan_inst/DRCK rise edge)
                                                      0.000     0.000 r  
    BSCAN_X0Y0           BSCANE2                      0.000     0.000 r  dbg_hub/inst/N_EXT_BSCAN.bscan_inst/SERIES7_BSCAN.bscan_inst/DRCK
                         net (fo=1, routed)           1.601     1.601    dbg_hub/inst/DRCK
    BUFGCTRL_X0Y4        BUFG (Prop_bufg_I_O)         0.026     1.627 r  dbg_hub/inst/N_EXT_BSCAN.u_bufg_icon/O
                         net (fo=269, routed)         0.594     2.221    dbg_hub/inst/CORE_XSDB.UUT_MASTER/U_ICON_INTERFACE/U_CMD6_RD/U_RD_FIFO/SUBCORE_FIFO.xsdbm_v1_1_rdfifo_inst/inst_fifo_gen/gconvfifo.rf/grf.rf/rstblk/idrck
    SLICE_X67Y148        FDPE                                         r  dbg_hub/inst/CORE_XSDB.UUT_MASTER/U_ICON_INTERFACE/U_CMD6_RD/U_RD_FIFO/SUBCORE_FIFO.xsdbm_v1_1_rdfifo_inst/inst_fifo_gen/gconvfifo.rf/grf.rf/rstblk/ngwrdrst.grst.g7serrst.rd_rst_reg_reg[1]/C
  -------------------------------------------------------------------    -------------------
    SLICE_X67Y148        FDPE (Prop_fdpe_C_Q)         0.100     2.321 f  dbg_hub/inst/CORE_XSDB.UUT_MASTER/U_ICON_INTERFACE/U_CMD6_RD/U_RD_FIFO/SUBCORE_FIFO.xsdbm_v1_1_rdfifo_inst/inst_fifo_gen/gconvfifo.rf/grf.rf/rstblk/ngwrdrst.grst.g7serrst.rd_rst_reg_reg[1]/Q
                         net (fo=16, routed)          0.097     2.418    dbg_hub/inst/CORE_XSDB.UUT_MASTER/U_ICON_INTERFACE/U_CMD6_RD/U_RD_FIFO/SUBCORE_FIFO.xsdbm_v1_1_rdfifo_inst/inst_fifo_gen/gconvfifo.rf/grf.rf/gntv_or_sync_fifo.gcx.clkx/ngwrdrst.grst.g7serrst.rd_rst_reg_reg[1][0]
    SLICE_X68Y148        FDCE                                         f  dbg_hub/inst/CORE_XSDB.UUT_MASTER/U_ICON_INTERFACE/U_CMD6_RD/U_RD_FIFO/SUBCORE_FIFO.xsdbm_v1_1_rdfifo_inst/inst_fifo_gen/gconvfifo.rf/grf.rf/gntv_or_sync_fifo.gcx.clkx/wr_pntr_bin_reg[3]/CLR
  -------------------------------------------------------------------    -------------------

                         (clock dbg_hub/inst/N_EXT_BSCAN.bscan_inst/SERIES7_BSCAN.bscan_inst/DRCK rise edge)
                                                      0.000     0.000 r  
    BSCAN_X0Y0           BSCANE2                      0.000     0.000 r  dbg_hub/inst/N_EXT_BSCAN.bscan_inst/SERIES7_BSCAN.bscan_inst/DRCK
                         net (fo=1, routed)           1.884     1.884    dbg_hub/inst/DRCK
    BUFGCTRL_X0Y4        BUFG (Prop_bufg_I_O)         0.030     1.914 r  dbg_hub/inst/N_EXT_BSCAN.u_bufg_icon/O
                         net (fo=269, routed)         0.814     2.728    dbg_hub/inst/CORE_XSDB.UUT_MASTER/U_ICON_INTERFACE/U_CMD6_RD/U_RD_FIFO/SUBCORE_FIFO.xsdbm_v1_1_rdfifo_inst/inst_fifo_gen/gconvfifo.rf/grf.rf/gntv_or_sync_fifo.gcx.clkx/idrck
    SLICE_X68Y148        FDCE                                         r  dbg_hub/inst/CORE_XSDB.UUT_MASTER/U_ICON_INTERFACE/U_CMD6_RD/U_RD_FIFO/SUBCORE_FIFO.xsdbm_v1_1_rdfifo_inst/inst_fifo_gen/gconvfifo.rf/grf.rf/gntv_or_sync_fifo.gcx.clkx/wr_pntr_bin_reg[3]/C
                         clock pessimism             -0.493     2.235    
    SLICE_X68Y148        FDCE (Remov_fdce_C_CLR)     -0.069     2.166    dbg_hub/inst/CORE_XSDB.UUT_MASTER/U_ICON_INTERFACE/U_CMD6_RD/U_RD_FIFO/SUBCORE_FIFO.xsdbm_v1_1_rdfifo_inst/inst_fifo_gen/gconvfifo.rf/grf.rf/gntv_or_sync_fifo.gcx.clkx/wr_pntr_bin_reg[3]
  -------------------------------------------------------------------
                         required time                         -2.166    
                         arrival time                           2.418    
  -------------------------------------------------------------------
                         slack                                  0.252    

Slack (MET) :             0.264ns  (arrival time - required time)
  Source:                 dbg_hub/inst/CORE_XSDB.UUT_MASTER/U_ICON_INTERFACE/U_CMD6_RD/U_RD_FIFO/SUBCORE_FIFO.xsdbm_v1_1_rdfifo_inst/inst_fifo_gen/gconvfifo.rf/grf.rf/rstblk/ngwrdrst.grst.g7serrst.rd_rst_reg_reg[1]/C
                            (rising edge-triggered cell FDPE clocked by dbg_hub/inst/N_EXT_BSCAN.bscan_inst/SERIES7_BSCAN.bscan_inst/DRCK  {rise@0.000ns fall@15.000ns period=30.000ns})
  Destination:            dbg_hub/inst/CORE_XSDB.UUT_MASTER/U_ICON_INTERFACE/U_CMD6_RD/U_RD_FIFO/SUBCORE_FIFO.xsdbm_v1_1_rdfifo_inst/inst_fifo_gen/gconvfifo.rf/grf.rf/gntv_or_sync_fifo.gcx.clkx/gsync_stage[1].rd_stg_inst/Q_reg_reg[0]/CLR
                            (removal check against rising-edge clock dbg_hub/inst/N_EXT_BSCAN.bscan_inst/SERIES7_BSCAN.bscan_inst/DRCK  {rise@0.000ns fall@15.000ns period=30.000ns})
  Path Group:             **async_default**
  Path Type:              Removal (Min at Fast Process Corner)
  Requirement:            0.000ns  (dbg_hub/inst/N_EXT_BSCAN.bscan_inst/SERIES7_BSCAN.bscan_inst/DRCK rise@0.000ns - dbg_hub/inst/N_EXT_BSCAN.bscan_inst/SERIES7_BSCAN.bscan_inst/DRCK rise@0.000ns)
  Data Path Delay:        0.335ns  (logic 0.100ns (29.815%)  route 0.235ns (70.185%))
  Logic Levels:           0  
  Clock Path Skew:        0.140ns (DCD - SCD - CPR)
    Destination Clock Delay (DCD):    2.656ns
    Source Clock Delay      (SCD):    2.221ns
    Clock Pessimism Removal (CPR):    0.295ns

    Location             Delay type                Incr(ns)  Path(ns)    Netlist Resource(s)
  -------------------------------------------------------------------    -------------------
                         (clock dbg_hub/inst/N_EXT_BSCAN.bscan_inst/SERIES7_BSCAN.bscan_inst/DRCK rise edge)
                                                      0.000     0.000 r  
    BSCAN_X0Y0           BSCANE2                      0.000     0.000 r  dbg_hub/inst/N_EXT_BSCAN.bscan_inst/SERIES7_BSCAN.bscan_inst/DRCK
                         net (fo=1, routed)           1.601     1.601    dbg_hub/inst/DRCK
    BUFGCTRL_X0Y4        BUFG (Prop_bufg_I_O)         0.026     1.627 r  dbg_hub/inst/N_EXT_BSCAN.u_bufg_icon/O
                         net (fo=269, routed)         0.594     2.221    dbg_hub/inst/CORE_XSDB.UUT_MASTER/U_ICON_INTERFACE/U_CMD6_RD/U_RD_FIFO/SUBCORE_FIFO.xsdbm_v1_1_rdfifo_inst/inst_fifo_gen/gconvfifo.rf/grf.rf/rstblk/idrck
    SLICE_X67Y148        FDPE                                         r  dbg_hub/inst/CORE_XSDB.UUT_MASTER/U_ICON_INTERFACE/U_CMD6_RD/U_RD_FIFO/SUBCORE_FIFO.xsdbm_v1_1_rdfifo_inst/inst_fifo_gen/gconvfifo.rf/grf.rf/rstblk/ngwrdrst.grst.g7serrst.rd_rst_reg_reg[1]/C
  -------------------------------------------------------------------    -------------------
    SLICE_X67Y148        FDPE (Prop_fdpe_C_Q)         0.100     2.321 f  dbg_hub/inst/CORE_XSDB.UUT_MASTER/U_ICON_INTERFACE/U_CMD6_RD/U_RD_FIFO/SUBCORE_FIFO.xsdbm_v1_1_rdfifo_inst/inst_fifo_gen/gconvfifo.rf/grf.rf/rstblk/ngwrdrst.grst.g7serrst.rd_rst_reg_reg[1]/Q
                         net (fo=16, routed)          0.235     2.556    dbg_hub/inst/CORE_XSDB.UUT_MASTER/U_ICON_INTERFACE/U_CMD6_RD/U_RD_FIFO/SUBCORE_FIFO.xsdbm_v1_1_rdfifo_inst/inst_fifo_gen/gconvfifo.rf/grf.rf/gntv_or_sync_fifo.gcx.clkx/gsync_stage[1].rd_stg_inst/ngwrdrst.grst.g7serrst.rd_rst_reg_reg[1][0]
    SLICE_X68Y150        FDCE                                         f  dbg_hub/inst/CORE_XSDB.UUT_MASTER/U_ICON_INTERFACE/U_CMD6_RD/U_RD_FIFO/SUBCORE_FIFO.xsdbm_v1_1_rdfifo_inst/inst_fifo_gen/gconvfifo.rf/grf.rf/gntv_or_sync_fifo.gcx.clkx/gsync_stage[1].rd_stg_inst/Q_reg_reg[0]/CLR
  -------------------------------------------------------------------    -------------------

                         (clock dbg_hub/inst/N_EXT_BSCAN.bscan_inst/SERIES7_BSCAN.bscan_inst/DRCK rise edge)
                                                      0.000     0.000 r  
    BSCAN_X0Y0           BSCANE2                      0.000     0.000 r  dbg_hub/inst/N_EXT_BSCAN.bscan_inst/SERIES7_BSCAN.bscan_inst/DRCK
                         net (fo=1, routed)           1.884     1.884    dbg_hub/inst/DRCK
    BUFGCTRL_X0Y4        BUFG (Prop_bufg_I_O)         0.030     1.914 r  dbg_hub/inst/N_EXT_BSCAN.u_bufg_icon/O
                         net (fo=269, routed)         0.742     2.656    dbg_hub/inst/CORE_XSDB.UUT_MASTER/U_ICON_INTERFACE/U_CMD6_RD/U_RD_FIFO/SUBCORE_FIFO.xsdbm_v1_1_rdfifo_inst/inst_fifo_gen/gconvfifo.rf/grf.rf/gntv_or_sync_fifo.gcx.clkx/gsync_stage[1].rd_stg_inst/idrck
    SLICE_X68Y150        FDCE                                         r  dbg_hub/inst/CORE_XSDB.UUT_MASTER/U_ICON_INTERFACE/U_CMD6_RD/U_RD_FIFO/SUBCORE_FIFO.xsdbm_v1_1_rdfifo_inst/inst_fifo_gen/gconvfifo.rf/grf.rf/gntv_or_sync_fifo.gcx.clkx/gsync_stage[1].rd_stg_inst/Q_reg_reg[0]/C
                         clock pessimism             -0.295     2.361    
    SLICE_X68Y150        FDCE (Remov_fdce_C_CLR)     -0.069     2.292    dbg_hub/inst/CORE_XSDB.UUT_MASTER/U_ICON_INTERFACE/U_CMD6_RD/U_RD_FIFO/SUBCORE_FIFO.xsdbm_v1_1_rdfifo_inst/inst_fifo_gen/gconvfifo.rf/grf.rf/gntv_or_sync_fifo.gcx.clkx/gsync_stage[1].rd_stg_inst/Q_reg_reg[0]
  -------------------------------------------------------------------
                         required time                         -2.292    
                         arrival time                           2.556    
  -------------------------------------------------------------------
                         slack                                  0.264    





