Release 14.7 Map P.20131013 (nt64)
Xilinx Mapping Report File for Design 'TOP_LEVEL'

Design Information
------------------
Command Line   : map -intstyle ise -p xc7a200t-ffg1156-2 -w -logic_opt off -ol high -t 1 -xt 0 -register_duplication off
-r 4 -mt off -detail -ir off -pr off -lc off -power off -o TOP_LEVEL_map.ncd TOP_LEVEL.ngd TOP_LEVEL.pcf 
Target Device  : xc7a200t
Target Package : ffg1156
Target Speed   : -2
Mapper Version : artix7 -- $Revision: 1.55 $
Mapped Date    : Wed Jan 17 13:36:02 2018

Design Summary
--------------
Number of errors:      0
Number of warnings:   15
Slice Logic Utilization:
  Number of Slice Registers:                 3,395 out of 269,200    1%
    Number used as Flip Flops:               3,388
    Number used as Latches:                      1
    Number used as Latch-thrus:                  0
    Number used as AND/OR logics:                6
  Number of Slice LUTs:                      4,511 out of 134,600    3%
    Number used as logic:                    4,269 out of 134,600    3%
      Number using O6 output only:           3,103
      Number using O5 output only:             351
      Number using O5 and O6:                  815
      Number used as ROM:                        0
    Number used as Memory:                     137 out of  46,200    1%
      Number used as Dual Port RAM:              0
      Number used as Single Port RAM:            0
      Number used as Shift Register:           137
        Number using O6 output only:            75
        Number using O5 output only:             9
        Number using O5 and O6:                 53
    Number used exclusively as route-thrus:    105
      Number with same-slice register load:     77
      Number with same-slice carry load:        28
      Number with other load:                    0

Slice Logic Distribution:
  Number of occupied Slices:                 2,097 out of  33,650    6%
  Number of LUT Flip Flop pairs used:        5,377
    Number with an unused Flip Flop:         2,277 out of   5,377   42%
    Number with an unused LUT:                 866 out of   5,377   16%
    Number of fully used LUT-FF pairs:       2,234 out of   5,377   41%
    Number of unique control sets:             231
    Number of slice register sites lost
      to control set restrictions:             813 out of 269,200    1%

  A LUT Flip Flop pair for this architecture represents one LUT paired with
  one Flip Flop within a slice.  A control set is a unique combination of
  clock, reset, set, and enable signals for a registered element.
  The Slice Logic Distribution report is not meaningful if the design is
  over-mapped for a non-slice resource or if Placement fails.
  OVERMAPPING of BRAM resources should be ignored if the design is
  over-mapped for a non-BRAM resource or if placement fails.

IO Utilization:
  Number of bonded IOBs:                        64 out of     500   12%
    Number of LOCed IOBs:                       64 out of      64  100%
    IOB Master Pads:                            12
    IOB Slave Pads:                             12

Specific Feature Utilization:
  Number of RAMB36E1/FIFO36E1s:                  9 out of     365    2%
    Number using RAMB36E1 only:                  2
    Number using FIFO36E1 only:                  7
  Number of RAMB18E1/FIFO18E1s:                  5 out of     730    1%
    Number using RAMB18E1 only:                  2
    Number using FIFO18E1 only:                  3
  Number of BUFG/BUFGCTRLs:                     14 out of      32   43%
    Number used as BUFGs:                       14
    Number used as BUFGCTRLs:                    0
  Number of IDELAYE2/IDELAYE2_FINEDELAYs:        3 out of     500    1%
    Number used as IDELAYE2s:                    3
    Number used as IDELAYE2_FINEDELAYs:          0
  Number of ILOGICE2/ILOGICE3/ISERDESE2s:        0 out of     500    0%
  Number of ODELAYE2/ODELAYE2_FINEDELAYs:        0
  Number of OLOGICE2/OLOGICE3/OSERDESE2s:        0 out of     500    0%
  Number of PHASER_IN/PHASER_IN_PHYs:            0 out of      40    0%
  Number of PHASER_OUT/PHASER_OUT_PHYs:          0 out of      40    0%
  Number of BSCANs:                              1 out of       4   25%
  Number of BUFHCEs:                             0 out of     120    0%
  Number of BUFRs:                               0 out of      40    0%
  Number of CAPTUREs:                            0 out of       1    0%
  Number of DNA_PORTs:                           0 out of       1    0%
  Number of DSP48E1s:                            0 out of     740    0%
  Number of EFUSE_USRs:                          0 out of       1    0%
  Number of FRAME_ECCs:                          0 out of       1    0%
  Number of GTPE2_CHANNELs:                      0 out of      16    0%
  Number of IBUFDS_GTE2s:                        0 out of       8    0%
  Number of ICAPs:                               0 out of       2    0%
  Number of IDELAYCTRLs:                         3 out of      10   30%
  Number of IN_FIFOs:                            0 out of      40    0%
  Number of MMCME2_ADVs:                         3 out of      10   30%
    Number of LOCed MMCME2_ADVs:                 3 out of       3  100%
  Number of OUT_FIFOs:                           0 out of      40    0%
  Number of PCIE_2_1s:                           0 out of       1    0%
  Number of PHASER_REFs:                         0 out of      10    0%
  Number of PHY_CONTROLs:                        0 out of      10    0%
  Number of PLLE2_ADVs:                          0 out of      10    0%
  Number of STARTUPs:                            0 out of       1    0%
  Number of XADCs:                               0 out of       1    0%

  Number of RPM macros:            9
Average Fanout of Non-Clock Nets:                3.84

Peak Memory Usage:  1165 MB
Total REAL time to MAP completion:  5 mins 14 secs 
Total CPU time to MAP completion:   5 mins 12 secs 

Table of Contents
-----------------
Section 1 - Errors
Section 2 - Warnings
Section 3 - Informational
Section 4 - Removed Logic Summary
Section 5 - Removed Logic
Section 6 - IOB Properties
Section 7 - RPMs
Section 8 - Guide Report
Section 9 - Area Group and Partition Summary
Section 10 - Timing Report
Section 11 - Configuration String Information
Section 12 - Control Set Information
Section 13 - Utilization by Hierarchy

Section 1 - Errors
------------------

Section 2 - Warnings
--------------------
WARNING:MapLib:701 - Signal PHY_RXER connected to top level port PHY_RXER has
   been removed.
WARNING:Pack:2949 - The I/O component PSI_1_DATA_P uses an DQS_BIAS attribute
   with I/O standard LVDS_25. The DQS_BIAS attribute will be ignored since the
   selected I/O standard does not support DQS_BIAS usage.
WARNING:Pack:2949 - The I/O component PSI_1_DATA_N uses an DQS_BIAS attribute
   with I/O standard LVDS_25. The DQS_BIAS attribute will be ignored since the
   selected I/O standard does not support DQS_BIAS usage.
WARNING:Pack:2949 - The I/O component PSI_2_DATA_N uses an DQS_BIAS attribute
   with I/O standard LVDS_25. The DQS_BIAS attribute will be ignored since the
   selected I/O standard does not support DQS_BIAS usage.
WARNING:Pack:2949 - The I/O component PSI_2_DATA_P uses an DQS_BIAS attribute
   with I/O standard LVDS_25. The DQS_BIAS attribute will be ignored since the
   selected I/O standard does not support DQS_BIAS usage.
WARNING:Pack:2949 - The I/O component BUSC_09DP_18S uses an DQS_BIAS attribute
   with I/O standard LVDS_25. The DQS_BIAS attribute will be ignored since the
   selected I/O standard does not support DQS_BIAS usage.
WARNING:Pack:2949 - The I/O component BUSC_09DN_19S uses an DQS_BIAS attribute
   with I/O standard LVDS_25. The DQS_BIAS attribute will be ignored since the
   selected I/O standard does not support DQS_BIAS usage.
WARNING:Pack:2949 - The I/O component BUSC_07DP_14S uses an DQS_BIAS attribute
   with I/O standard LVDS_25. The DQS_BIAS attribute will be ignored since the
   selected I/O standard does not support DQS_BIAS usage.
WARNING:Pack:2949 - The I/O component PSI_2_TOKOUT_P uses an DQS_BIAS attribute
   with I/O standard LVDS_25. The DQS_BIAS attribute will be ignored since the
   selected I/O standard does not support DQS_BIAS usage.
WARNING:Pack:2949 - The I/O component PSI_2_TOKOUT_N uses an DQS_BIAS attribute
   with I/O standard LVDS_25. The DQS_BIAS attribute will be ignored since the
   selected I/O standard does not support DQS_BIAS usage.
WARNING:Pack:2949 - The I/O component BUSC_07DN_15S uses an DQS_BIAS attribute
   with I/O standard LVDS_25. The DQS_BIAS attribute will be ignored since the
   selected I/O standard does not support DQS_BIAS usage.
WARNING:Pack:2949 - The I/O component PSI_1_TOKOUT_P uses an DQS_BIAS attribute
   with I/O standard LVDS_25. The DQS_BIAS attribute will be ignored since the
   selected I/O standard does not support DQS_BIAS usage.
WARNING:Pack:2949 - The I/O component PSI_1_TOKOUT_N uses an DQS_BIAS attribute
   with I/O standard LVDS_25. The DQS_BIAS attribute will be ignored since the
   selected I/O standard does not support DQS_BIAS usage.
WARNING:Pack:1653 - At least one timing constraint is impossible to meet because component delays alone exceed the constraint. A timing
   constraint summary below shows the failing constraints (preceded with an Asterisk (*)). Please use the Timing Analyzer (GUI) or TRCE
   (command line) with the Mapped NCD and PCF files to identify which constraints and paths are failing because of the component delays
   alone. If the failing path(s) is mapped to Xilinx components as expected, consider relaxing the constraint. If it is not mapped to
   components as expected, re-evaluate your HDL and how synthesis is optimizing the path. To allow the tools to bypass this error, set the
   environment variable XIL_TIMING_ALLOW_IMPOSSIBLE to 1.


   For more information about the Timing Analyzer, consult the Xilinx Timing Analyzer Reference manual; for more information on TRCE,
   consult the Xilinx Command Line Tools User Guide "TRACE" chapter.
WARNING:PhysDesignRules:372 - Gated clock. Clock net icon_control0<13> is sourced by a combinatorial pin. This is not
   good design practice. Use the CE pin to control the loading of data into the flip-flop.

Section 3 - Informational
-------------------------
INFO:LIT:243 - Logical network tx_data<62> has no load.
INFO:LIT:243 - Logical network tx_data<60> has no load.
INFO:LIT:243 - Logical network tx_data<58> has no load.
INFO:LIT:243 - Logical network tx_data<56> has no load.
INFO:LIT:243 - Logical network tx_data<55> has no load.
INFO:LIT:243 - Logical network tx_data<54> has no load.
INFO:LIT:243 - Logical network tx_data<53> has no load.
INFO:LIT:243 - Logical network tx_data<52> has no load.
INFO:LIT:243 - Logical network tx_data<51> has no load.
INFO:LIT:243 - Logical network tx_data<50> has no load.
INFO:LIT:243 - Logical network tx_data<49> has no load.
INFO:LIT:243 - Logical network tx_data<48> has no load.
INFO:LIT:243 - Logical network tx_data<47> has no load.
INFO:LIT:243 - Logical network tx_data<46> has no load.
INFO:LIT:243 - Logical network tx_data<45> has no load.
INFO:LIT:243 - Logical network tx_data<44> has no load.
INFO:LIT:243 - Logical network tx_data<43> has no load.
INFO:LIT:243 - Logical network tx_data<42> has no load.
INFO:LIT:243 - Logical network tx_data<41> has no load.
INFO:LIT:243 - Logical network tx_data<39> has no load.
INFO:LIT:243 - Logical network tx_data<38> has no load.
INFO:LIT:243 - Logical network tx_data<37> has no load.
INFO:LIT:243 - Logical network tx_data<35> has no load.
INFO:LIT:243 - Logical network tx_data<34> has no load.
INFO:LIT:243 - Logical network tx_data<33> has no load.
INFO:LIT:243 - Logical network tx_data<31> has no load.
INFO:LIT:243 - Logical network tx_data<30> has no load.
INFO:LIT:243 - Logical network tx_data<29> has no load.
INFO:LIT:243 - Logical network tx_data<28> has no load.
INFO:LIT:243 - Logical network tx_data<27> has no load.
INFO:LIT:243 - Logical network tx_data<26> has no load.
INFO:LIT:243 - Logical network tx_data<25> has no load.
INFO:LIT:243 - Logical network tx_data<24> has no load.
INFO:LIT:243 - Logical network tx_data<23> has no load.
INFO:LIT:243 - Logical network tx_data<22> has no load.
INFO:LIT:243 - Logical network tx_data<21> has no load.
INFO:LIT:243 - Logical network tx_data<20> has no load.
INFO:LIT:243 - Logical network icon_control0<35> has no load.
INFO:LIT:243 - Logical network icon_control0<34> has no load.
INFO:LIT:243 - Logical network icon_control0<33> has no load.
INFO:LIT:243 - Logical network icon_control0<32> has no load.
INFO:LIT:243 - Logical network icon_control0<31> has no load.
INFO:LIT:243 - Logical network icon_control0<30> has no load.
INFO:LIT:243 - Logical network icon_control0<29> has no load.
INFO:LIT:243 - Logical network icon_control0<28> has no load.
INFO:LIT:243 - Logical network icon_control0<27> has no load.
INFO:LIT:243 - Logical network icon_control0<26> has no load.
INFO:LIT:243 - Logical network icon_control0<25> has no load.
INFO:LIT:243 - Logical network icon_control0<24> has no load.
INFO:LIT:243 - Logical network icon_control0<23> has no load.
INFO:LIT:243 - Logical network icon_control0<22> has no load.
INFO:LIT:243 - Logical network icon_control0<21> has no load.
INFO:LIT:243 - Logical network icon_control0<18> has no load.
INFO:LIT:243 - Logical network icon_control0<17> has no load.
INFO:LIT:243 - Logical network icon_control0<16> has no load.
INFO:LIT:243 - Logical network icon_control0<15> has no load.
INFO:LIT:243 - Logical network icon_control0<11> has no load.
INFO:LIT:243 - Logical network icon_control0<10> has no load.
INFO:LIT:243 - Logical network icon_control0<7> has no load.
INFO:LIT:243 - Logical network XLXI_6334/rx_data<63> has no load.
INFO:LIT:243 - Logical network XLXI_6334/rx_data<62> has no load.
INFO:LIT:243 - Logical network XLXI_6334/rx_data<61> has no load.
INFO:LIT:243 - Logical network XLXI_6334/rx_data<60> has no load.
INFO:LIT:243 - Logical network XLXI_6334/rx_data<59> has no load.
INFO:LIT:243 - Logical network XLXI_6334/rx_data<58> has no load.
INFO:LIT:243 - Logical network XLXI_6334/rx_data<57> has no load.
INFO:LIT:243 - Logical network XLXI_6334/rx_data<55> has no load.
INFO:LIT:243 - Logical network XLXI_6334/rx_data<54> has no load.
INFO:LIT:243 - Logical network XLXI_6334/rx_data<53> has no load.
INFO:LIT:243 - Logical network XLXI_6334/rx_data<52> has no load.
INFO:LIT:243 - Logical network XLXI_6334/rx_data<51> has no load.
INFO:LIT:243 - Logical network XLXI_6334/rx_data<50> has no load.
INFO:LIT:243 - Logical network XLXI_6334/rx_data<49> has no load.
INFO:LIT:243 - Logical network XLXI_6334/data_manager_blk/tx_data_fifo_empty has
   no load.
INFO:LIT:243 - Logical network
   XLXI_6334/data_manager_blk/rx_info_fifo_rd_data<6> has no load.
INFO:LIT:243 - Logical network
   XLXI_6334/data_manager_blk/rx_info_fifo_rd_data<5> has no load.
INFO:LIT:243 - Logical network
   XLXI_6334/data_manager_blk/rx_info_fifo_rd_data<4> has no load.
INFO:LIT:243 - Logical network XLXI_6334/data_manager_blk/tx_ctrl_info_fifo_full
   has no load.
INFO:LIT:243 - Logical network XLXI_6334/data_manager_blk/RX_DATA_FIFO/empty has
   no load.
INFO:LIT:243 - Logical network
   XLXI_6334/data_manager_blk/RX_DATA_FIFO/FIFO_SYNC_MACRO_inst/RDCOUNT<8> has
   no load.
INFO:LIT:243 - Logical network
   XLXI_6334/data_manager_blk/RX_DATA_FIFO/FIFO_SYNC_MACRO_inst/RDCOUNT<7> has
   no load.
INFO:LIT:243 - Logical network
   XLXI_6334/data_manager_blk/RX_DATA_FIFO/FIFO_SYNC_MACRO_inst/RDCOUNT<6> has
   no load.
INFO:LIT:243 - Logical network
   XLXI_6334/data_manager_blk/RX_DATA_FIFO/FIFO_SYNC_MACRO_inst/RDCOUNT<5> has
   no load.
INFO:LIT:243 - Logical network
   XLXI_6334/data_manager_blk/RX_DATA_FIFO/FIFO_SYNC_MACRO_inst/RDCOUNT<4> has
   no load.
INFO:LIT:243 - Logical network
   XLXI_6334/data_manager_blk/RX_DATA_FIFO/FIFO_SYNC_MACRO_inst/RDCOUNT<3> has
   no load.
INFO:LIT:243 - Logical network
   XLXI_6334/data_manager_blk/RX_DATA_FIFO/FIFO_SYNC_MACRO_inst/RDCOUNT<2> has
   no load.
INFO:LIT:243 - Logical network
   XLXI_6334/data_manager_blk/RX_DATA_FIFO/FIFO_SYNC_MACRO_inst/RDCOUNT<1> has
   no load.
INFO:LIT:243 - Logical network
   XLXI_6334/data_manager_blk/RX_DATA_FIFO/FIFO_SYNC_MACRO_inst/RDCOUNT<0> has
   no load.
INFO:LIT:243 - Logical network
   XLXI_6334/data_manager_blk/RX_DATA_FIFO/FIFO_SYNC_MACRO_inst/WRCOUNT<8> has
   no load.
INFO:LIT:243 - Logical network
   XLXI_6334/data_manager_blk/RX_DATA_FIFO/FIFO_SYNC_MACRO_inst/WRCOUNT<7> has
   no load.
INFO:LIT:243 - Logical network
   XLXI_6334/data_manager_blk/RX_DATA_FIFO/FIFO_SYNC_MACRO_inst/WRCOUNT<6> has
   no load.
INFO:LIT:243 - Logical network
   XLXI_6334/data_manager_blk/RX_DATA_FIFO/FIFO_SYNC_MACRO_inst/WRCOUNT<5> has
   no load.
INFO:LIT:243 - Logical network
   XLXI_6334/data_manager_blk/RX_DATA_FIFO/FIFO_SYNC_MACRO_inst/WRCOUNT<4> has
   no load.
INFO:LIT:243 - Logical network
   XLXI_6334/data_manager_blk/RX_DATA_FIFO/FIFO_SYNC_MACRO_inst/WRCOUNT<3> has
   no load.
INFO:LIT:243 - Logical network
   XLXI_6334/data_manager_blk/RX_DATA_FIFO/FIFO_SYNC_MACRO_inst/WRCOUNT<2> has
   no load.
INFO:LIT:243 - Logical network
   XLXI_6334/data_manager_blk/RX_DATA_FIFO/FIFO_SYNC_MACRO_inst/WRCOUNT<1> has
   no load.
INFO:LIT:243 - Logical network
   XLXI_6334/data_manager_blk/RX_DATA_FIFO/FIFO_SYNC_MACRO_inst/WRCOUNT<0> has
   no load.
INFO:LIT:243 - Logical network
   XLXI_6334/data_manager_blk/RX_DATA_FIFO/FIFO_SYNC_MACRO_inst/ALMOSTEMPTY has
   no load.
INFO:LIT:243 - Logical network
   XLXI_6334/data_manager_blk/RX_DATA_FIFO/FIFO_SYNC_MACRO_inst/ALMOSTFULL has
   no load.
INFO:LIT:243 - Logical network
   XLXI_6334/data_manager_blk/RX_DATA_FIFO/FIFO_SYNC_MACRO_inst/RDERR has no
   load.
INFO:LIT:243 - Logical network
   XLXI_6334/data_manager_blk/RX_DATA_FIFO/FIFO_SYNC_MACRO_inst/WRERR has no
   load.
INFO:LIT:243 - Logical network XLXI_6334/data_manager_blk/TX_CTRL_FIFO/empty has
   no load.
INFO:LIT:243 - Logical network XLXI_6334/data_manager_blk/TX_CTRL_FIFO/full has
   no load.
INFO:LIT:243 - Logical network
   XLXI_6334/data_manager_blk/TX_CTRL_FIFO/FIFO_SYNC_MACRO_inst/RDCOUNT<8> has
   no load.
INFO:LIT:243 - Logical network
   XLXI_6334/data_manager_blk/TX_CTRL_FIFO/FIFO_SYNC_MACRO_inst/RDCOUNT<7> has
   no load.
INFO:LIT:243 - Logical network
   XLXI_6334/data_manager_blk/TX_CTRL_FIFO/FIFO_SYNC_MACRO_inst/RDCOUNT<6> has
   no load.
INFO:LIT:243 - Logical network
   XLXI_6334/data_manager_blk/TX_CTRL_FIFO/FIFO_SYNC_MACRO_inst/RDCOUNT<5> has
   no load.
INFO:LIT:243 - Logical network
   XLXI_6334/data_manager_blk/TX_CTRL_FIFO/FIFO_SYNC_MACRO_inst/RDCOUNT<4> has
   no load.
INFO:LIT:243 - Logical network
   XLXI_6334/data_manager_blk/TX_CTRL_FIFO/FIFO_SYNC_MACRO_inst/RDCOUNT<3> has
   no load.
INFO:LIT:243 - Logical network
   XLXI_6334/data_manager_blk/TX_CTRL_FIFO/FIFO_SYNC_MACRO_inst/RDCOUNT<2> has
   no load.
INFO:LIT:243 - Logical network
   XLXI_6334/data_manager_blk/TX_CTRL_FIFO/FIFO_SYNC_MACRO_inst/RDCOUNT<1> has
   no load.
INFO:LIT:243 - Logical network
   XLXI_6334/data_manager_blk/TX_CTRL_FIFO/FIFO_SYNC_MACRO_inst/RDCOUNT<0> has
   no load.
INFO:LIT:243 - Logical network
   XLXI_6334/data_manager_blk/TX_CTRL_FIFO/FIFO_SYNC_MACRO_inst/WRCOUNT<8> has
   no load.
INFO:LIT:243 - Logical network
   XLXI_6334/data_manager_blk/TX_CTRL_FIFO/FIFO_SYNC_MACRO_inst/WRCOUNT<7> has
   no load.
INFO:LIT:243 - Logical network
   XLXI_6334/data_manager_blk/TX_CTRL_FIFO/FIFO_SYNC_MACRO_inst/WRCOUNT<6> has
   no load.
INFO:LIT:243 - Logical network
   XLXI_6334/data_manager_blk/TX_CTRL_FIFO/FIFO_SYNC_MACRO_inst/WRCOUNT<5> has
   no load.
INFO:LIT:243 - Logical network
   XLXI_6334/data_manager_blk/TX_CTRL_FIFO/FIFO_SYNC_MACRO_inst/WRCOUNT<4> has
   no load.
INFO:LIT:243 - Logical network
   XLXI_6334/data_manager_blk/TX_CTRL_FIFO/FIFO_SYNC_MACRO_inst/WRCOUNT<3> has
   no load.
INFO:LIT:243 - Logical network
   XLXI_6334/data_manager_blk/TX_CTRL_FIFO/FIFO_SYNC_MACRO_inst/WRCOUNT<2> has
   no load.
INFO:LIT:243 - Logical network
   XLXI_6334/data_manager_blk/TX_CTRL_FIFO/FIFO_SYNC_MACRO_inst/WRCOUNT<1> has
   no load.
INFO:LIT:243 - Logical network
   XLXI_6334/data_manager_blk/TX_CTRL_FIFO/FIFO_SYNC_MACRO_inst/WRCOUNT<0> has
   no load.
INFO:LIT:243 - Logical network
   XLXI_6334/data_manager_blk/TX_CTRL_FIFO/FIFO_SYNC_MACRO_inst/ALMOSTEMPTY has
   no load.
INFO:LIT:243 - Logical network
   XLXI_6334/data_manager_blk/TX_CTRL_FIFO/FIFO_SYNC_MACRO_inst/ALMOSTFULL has
   no load.
INFO:LIT:243 - Logical network
   XLXI_6334/data_manager_blk/TX_CTRL_FIFO/FIFO_SYNC_MACRO_inst/RDERR has no
   load.
INFO:LIT:243 - Logical network
   XLXI_6334/data_manager_blk/TX_CTRL_FIFO/FIFO_SYNC_MACRO_inst/WRERR has no
   load.
INFO:LIT:243 - Logical network
   XLXI_6334/data_manager_blk/TX_DATA_FIFO/FIFO_SYNC_MACRO_inst/RDCOUNT<8> has
   no load.
INFO:LIT:243 - Logical network
   XLXI_6334/data_manager_blk/TX_DATA_FIFO/FIFO_SYNC_MACRO_inst/RDCOUNT<7> has
   no load.
INFO:LIT:243 - Logical network
   XLXI_6334/data_manager_blk/TX_DATA_FIFO/FIFO_SYNC_MACRO_inst/RDCOUNT<6> has
   no load.
INFO:LIT:243 - Logical network
   XLXI_6334/data_manager_blk/TX_DATA_FIFO/FIFO_SYNC_MACRO_inst/RDCOUNT<5> has
   no load.
INFO:LIT:243 - Logical network
   XLXI_6334/data_manager_blk/TX_DATA_FIFO/FIFO_SYNC_MACRO_inst/RDCOUNT<4> has
   no load.
INFO:LIT:243 - Logical network
   XLXI_6334/data_manager_blk/TX_DATA_FIFO/FIFO_SYNC_MACRO_inst/RDCOUNT<3> has
   no load.
INFO:LIT:243 - Logical network
   XLXI_6334/data_manager_blk/TX_DATA_FIFO/FIFO_SYNC_MACRO_inst/RDCOUNT<2> has
   no load.
INFO:LIT:243 - Logical network
   XLXI_6334/data_manager_blk/TX_DATA_FIFO/FIFO_SYNC_MACRO_inst/RDCOUNT<1> has
   no load.
INFO:LIT:243 - Logical network
   XLXI_6334/data_manager_blk/TX_DATA_FIFO/FIFO_SYNC_MACRO_inst/RDCOUNT<0> has
   no load.
INFO:LIT:243 - Logical network
   XLXI_6334/data_manager_blk/TX_DATA_FIFO/FIFO_SYNC_MACRO_inst/WRCOUNT<8> has
   no load.
INFO:LIT:243 - Logical network
   XLXI_6334/data_manager_blk/TX_DATA_FIFO/FIFO_SYNC_MACRO_inst/WRCOUNT<7> has
   no load.
INFO:LIT:243 - Logical network
   XLXI_6334/data_manager_blk/TX_DATA_FIFO/FIFO_SYNC_MACRO_inst/WRCOUNT<6> has
   no load.
INFO:LIT:243 - Logical network
   XLXI_6334/data_manager_blk/TX_DATA_FIFO/FIFO_SYNC_MACRO_inst/WRCOUNT<5> has
   no load.
INFO:LIT:243 - Logical network
   XLXI_6334/data_manager_blk/TX_DATA_FIFO/FIFO_SYNC_MACRO_inst/WRCOUNT<4> has
   no load.
INFO:LIT:243 - Logical network
   XLXI_6334/data_manager_blk/TX_DATA_FIFO/FIFO_SYNC_MACRO_inst/WRCOUNT<3> has
   no load.
INFO:LIT:243 - Logical network
   XLXI_6334/data_manager_blk/TX_DATA_FIFO/FIFO_SYNC_MACRO_inst/WRCOUNT<2> has
   no load.
INFO:LIT:243 - Logical network
   XLXI_6334/data_manager_blk/TX_DATA_FIFO/FIFO_SYNC_MACRO_inst/WRCOUNT<1> has
   no load.
INFO:LIT:243 - Logical network
   XLXI_6334/data_manager_blk/TX_DATA_FIFO/FIFO_SYNC_MACRO_inst/WRCOUNT<0> has
   no load.
INFO:LIT:243 - Logical network
   XLXI_6334/data_manager_blk/TX_DATA_FIFO/FIFO_SYNC_MACRO_inst/ALMOSTEMPTY has
   no load.
INFO:LIT:243 - Logical network
   XLXI_6334/data_manager_blk/TX_DATA_FIFO/FIFO_SYNC_MACRO_inst/ALMOSTFULL has
   no load.
INFO:LIT:243 - Logical network
   XLXI_6334/data_manager_blk/TX_DATA_FIFO/FIFO_SYNC_MACRO_inst/RDERR has no
   load.
INFO:LIT:243 - Logical network
   XLXI_6334/data_manager_blk/TX_DATA_FIFO/FIFO_SYNC_MACRO_inst/WRERR has no
   load.
INFO:LIT:243 - Logical network XLXI_6334/data_manager_blk/TX_CTRL_MAC_FIFO/empty
   has no load.
INFO:LIT:243 - Logical network XLXI_6334/data_manager_blk/TX_CTRL_MAC_FIFO/full
   has no load.
INFO:LIT:243 - Logical network
   XLXI_6334/data_manager_blk/TX_CTRL_MAC_FIFO/FIFO_SYNC_MACRO_inst/RDCOUNT<8>
   has no load.
INFO:LIT:243 - Logical network
   XLXI_6334/data_manager_blk/TX_CTRL_MAC_FIFO/FIFO_SYNC_MACRO_inst/RDCOUNT<7>
   has no load.
INFO:LIT:243 - Logical network
   XLXI_6334/data_manager_blk/TX_CTRL_MAC_FIFO/FIFO_SYNC_MACRO_inst/RDCOUNT<6>
   has no load.
INFO:LIT:243 - Logical network
   XLXI_6334/data_manager_blk/TX_CTRL_MAC_FIFO/FIFO_SYNC_MACRO_inst/RDCOUNT<5>
   has no load.
INFO:LIT:243 - Logical network
   XLXI_6334/data_manager_blk/TX_CTRL_MAC_FIFO/FIFO_SYNC_MACRO_inst/RDCOUNT<4>
   has no load.
INFO:LIT:243 - Logical network
   XLXI_6334/data_manager_blk/TX_CTRL_MAC_FIFO/FIFO_SYNC_MACRO_inst/RDCOUNT<3>
   has no load.
INFO:LIT:243 - Logical network
   XLXI_6334/data_manager_blk/TX_CTRL_MAC_FIFO/FIFO_SYNC_MACRO_inst/RDCOUNT<2>
   has no load.
INFO:LIT:243 - Logical network
   XLXI_6334/data_manager_blk/TX_CTRL_MAC_FIFO/FIFO_SYNC_MACRO_inst/RDCOUNT<1>
   has no load.
INFO:LIT:243 - Logical network
   XLXI_6334/data_manager_blk/TX_CTRL_MAC_FIFO/FIFO_SYNC_MACRO_inst/RDCOUNT<0>
   has no load.
INFO:LIT:243 - Logical network
   XLXI_6334/data_manager_blk/TX_CTRL_MAC_FIFO/FIFO_SYNC_MACRO_inst/WRCOUNT<8>
   has no load.
INFO:LIT:243 - Logical network
   XLXI_6334/data_manager_blk/TX_CTRL_MAC_FIFO/FIFO_SYNC_MACRO_inst/WRCOUNT<7>
   has no load.
INFO:LIT:243 - Logical network
   XLXI_6334/data_manager_blk/TX_CTRL_MAC_FIFO/FIFO_SYNC_MACRO_inst/WRCOUNT<6>
   has no load.
INFO:LIT:243 - Logical network
   XLXI_6334/data_manager_blk/TX_CTRL_MAC_FIFO/FIFO_SYNC_MACRO_inst/WRCOUNT<5>
   has no load.
INFO:LIT:243 - Logical network
   XLXI_6334/data_manager_blk/TX_CTRL_MAC_FIFO/FIFO_SYNC_MACRO_inst/WRCOUNT<4>
   has no load.
INFO:LIT:243 - Logical network
   XLXI_6334/data_manager_blk/TX_CTRL_MAC_FIFO/FIFO_SYNC_MACRO_inst/WRCOUNT<3>
   has no load.
INFO:LIT:243 - Logical network
   XLXI_6334/data_manager_blk/TX_CTRL_MAC_FIFO/FIFO_SYNC_MACRO_inst/WRCOUNT<2>
   has no load.
INFO:LIT:243 - Logical network
   XLXI_6334/data_manager_blk/TX_CTRL_MAC_FIFO/FIFO_SYNC_MACRO_inst/WRCOUNT<1>
   has no load.
INFO:LIT:243 - Logical network
   XLXI_6334/data_manager_blk/TX_CTRL_MAC_FIFO/FIFO_SYNC_MACRO_inst/WRCOUNT<0>
   has no load.
INFO:LIT:243 - Logical network
   XLXI_6334/data_manager_blk/TX_CTRL_MAC_FIFO/FIFO_SYNC_MACRO_inst/ALMOSTEMPTY
   has no load.
INFO:LIT:243 - Logical network
   XLXI_6334/data_manager_blk/TX_CTRL_MAC_FIFO/FIFO_SYNC_MACRO_inst/ALMOSTFULL
   has no load.
INFO:LIT:243 - Logical network
   XLXI_6334/data_manager_blk/TX_CTRL_MAC_FIFO/FIFO_SYNC_MACRO_inst/RDERR has no
   load.
INFO:LIT:243 - Logical network
   XLXI_6334/data_manager_blk/TX_CTRL_MAC_FIFO/FIFO_SYNC_MACRO_inst/WRERR has no
   load.
INFO:LIT:243 - Logical network
   XLXI_6334/data_manager_blk/TX_CTRL_ADDR_FIFO/empty has no load.
INFO:LIT:243 - Logical network XLXI_6334/data_manager_blk/TX_CTRL_ADDR_FIFO/full
   has no load.
INFO:LIT:243 - Logical network
   XLXI_6334/data_manager_blk/TX_CTRL_ADDR_FIFO/FIFO_SYNC_MACRO_inst/RDCOUNT<8>
   has no load.
INFO:LIT:243 - Logical network
   XLXI_6334/data_manager_blk/TX_CTRL_ADDR_FIFO/FIFO_SYNC_MACRO_inst/RDCOUNT<7>
   has no load.
INFO:LIT:243 - Logical network
   XLXI_6334/data_manager_blk/TX_CTRL_ADDR_FIFO/FIFO_SYNC_MACRO_inst/RDCOUNT<6>
   has no load.
INFO:LIT:243 - Logical network
   XLXI_6334/data_manager_blk/TX_CTRL_ADDR_FIFO/FIFO_SYNC_MACRO_inst/RDCOUNT<5>
   has no load.
INFO:LIT:243 - Logical network
   XLXI_6334/data_manager_blk/TX_CTRL_ADDR_FIFO/FIFO_SYNC_MACRO_inst/RDCOUNT<4>
   has no load.
INFO:LIT:243 - Logical network
   XLXI_6334/data_manager_blk/TX_CTRL_ADDR_FIFO/FIFO_SYNC_MACRO_inst/RDCOUNT<3>
   has no load.
INFO:LIT:243 - Logical network
   XLXI_6334/data_manager_blk/TX_CTRL_ADDR_FIFO/FIFO_SYNC_MACRO_inst/RDCOUNT<2>
   has no load.
INFO:LIT:243 - Logical network
   XLXI_6334/data_manager_blk/TX_CTRL_ADDR_FIFO/FIFO_SYNC_MACRO_inst/RDCOUNT<1>
   has no load.
INFO:LIT:243 - Logical network
   XLXI_6334/data_manager_blk/TX_CTRL_ADDR_FIFO/FIFO_SYNC_MACRO_inst/RDCOUNT<0>
   has no load.
INFO:LIT:243 - Logical network
   XLXI_6334/data_manager_blk/TX_CTRL_ADDR_FIFO/FIFO_SYNC_MACRO_inst/WRCOUNT<8>
   has no load.
INFO:LIT:243 - Logical network
   XLXI_6334/data_manager_blk/TX_CTRL_ADDR_FIFO/FIFO_SYNC_MACRO_inst/WRCOUNT<7>
   has no load.
INFO:LIT:243 - Logical network
   XLXI_6334/data_manager_blk/TX_CTRL_ADDR_FIFO/FIFO_SYNC_MACRO_inst/WRCOUNT<6>
   has no load.
INFO:LIT:243 - Logical network
   XLXI_6334/data_manager_blk/TX_CTRL_ADDR_FIFO/FIFO_SYNC_MACRO_inst/WRCOUNT<5>
   has no load.
INFO:LIT:243 - Logical network
   XLXI_6334/data_manager_blk/TX_CTRL_ADDR_FIFO/FIFO_SYNC_MACRO_inst/WRCOUNT<4>
   has no load.
INFO:LIT:243 - Logical network
   XLXI_6334/data_manager_blk/TX_CTRL_ADDR_FIFO/FIFO_SYNC_MACRO_inst/WRCOUNT<3>
   has no load.
INFO:LIT:243 - Logical network
   XLXI_6334/data_manager_blk/TX_CTRL_ADDR_FIFO/FIFO_SYNC_MACRO_inst/WRCOUNT<2>
   has no load.
INFO:LIT:243 - Logical network
   XLXI_6334/data_manager_blk/TX_CTRL_ADDR_FIFO/FIFO_SYNC_MACRO_inst/WRCOUNT<1>
   has no load.
INFO:LIT:243 - Logical network
   XLXI_6334/data_manager_blk/TX_CTRL_ADDR_FIFO/FIFO_SYNC_MACRO_inst/WRCOUNT<0>
   has no load.
INFO:LIT:243 - Logical network
   XLXI_6334/data_manager_blk/TX_CTRL_ADDR_FIFO/FIFO_SYNC_MACRO_inst/ALMOSTEMPTY
   has no load.
INFO:LIT:243 - Logical network
   XLXI_6334/data_manager_blk/TX_CTRL_ADDR_FIFO/FIFO_SYNC_MACRO_inst/ALMOSTFULL
   has no load.
INFO:LIT:243 - Logical network
   XLXI_6334/data_manager_blk/TX_CTRL_ADDR_FIFO/FIFO_SYNC_MACRO_inst/RDERR has
   no load.
INFO:LIT:243 - Logical network
   XLXI_6334/data_manager_blk/TX_CTRL_ADDR_FIFO/FIFO_SYNC_MACRO_inst/WRERR has
   no load.
INFO:LIT:243 - Logical network XLXI_6334/data_manager_blk/RX_SRC_ADDR_FIFO/empty
   has no load.
INFO:LIT:243 - Logical network XLXI_6334/data_manager_blk/RX_SRC_ADDR_FIFO/full
   has no load.
INFO:LIT:243 - Logical network
   XLXI_6334/data_manager_blk/RX_SRC_ADDR_FIFO/FIFO_SYNC_MACRO_inst/RDCOUNT<8>
   has no load.
INFO:LIT:243 - Logical network
   XLXI_6334/data_manager_blk/RX_SRC_ADDR_FIFO/FIFO_SYNC_MACRO_inst/RDCOUNT<7>
   has no load.
INFO:LIT:243 - Logical network
   XLXI_6334/data_manager_blk/RX_SRC_ADDR_FIFO/FIFO_SYNC_MACRO_inst/RDCOUNT<6>
   has no load.
INFO:LIT:243 - Logical network
   XLXI_6334/data_manager_blk/RX_SRC_ADDR_FIFO/FIFO_SYNC_MACRO_inst/RDCOUNT<5>
   has no load.
INFO:LIT:243 - Logical network
   XLXI_6334/data_manager_blk/RX_SRC_ADDR_FIFO/FIFO_SYNC_MACRO_inst/RDCOUNT<4>
   has no load.
INFO:LIT:243 - Logical network
   XLXI_6334/data_manager_blk/RX_SRC_ADDR_FIFO/FIFO_SYNC_MACRO_inst/RDCOUNT<3>
   has no load.
INFO:LIT:243 - Logical network
   XLXI_6334/data_manager_blk/RX_SRC_ADDR_FIFO/FIFO_SYNC_MACRO_inst/RDCOUNT<2>
   has no load.
INFO:LIT:243 - Logical network
   XLXI_6334/data_manager_blk/RX_SRC_ADDR_FIFO/FIFO_SYNC_MACRO_inst/RDCOUNT<1>
   has no load.
INFO:LIT:243 - Logical network
   XLXI_6334/data_manager_blk/RX_SRC_ADDR_FIFO/FIFO_SYNC_MACRO_inst/RDCOUNT<0>
   has no load.
INFO:LIT:243 - Logical network
   XLXI_6334/data_manager_blk/RX_SRC_ADDR_FIFO/FIFO_SYNC_MACRO_inst/WRCOUNT<8>
   has no load.
INFO:LIT:243 - Logical network
   XLXI_6334/data_manager_blk/RX_SRC_ADDR_FIFO/FIFO_SYNC_MACRO_inst/WRCOUNT<7>
   has no load.
INFO:LIT:243 - Logical network
   XLXI_6334/data_manager_blk/RX_SRC_ADDR_FIFO/FIFO_SYNC_MACRO_inst/WRCOUNT<6>
   has no load.
INFO:LIT:243 - Logical network
   XLXI_6334/data_manager_blk/RX_SRC_ADDR_FIFO/FIFO_SYNC_MACRO_inst/WRCOUNT<5>
   has no load.
INFO:LIT:243 - Logical network
   XLXI_6334/data_manager_blk/RX_SRC_ADDR_FIFO/FIFO_SYNC_MACRO_inst/WRCOUNT<4>
   has no load.
INFO:LIT:243 - Logical network
   XLXI_6334/data_manager_blk/RX_SRC_ADDR_FIFO/FIFO_SYNC_MACRO_inst/WRCOUNT<3>
   has no load.
INFO:LIT:243 - Logical network
   XLXI_6334/data_manager_blk/RX_SRC_ADDR_FIFO/FIFO_SYNC_MACRO_inst/WRCOUNT<2>
   has no load.
INFO:LIT:243 - Logical network
   XLXI_6334/data_manager_blk/RX_SRC_ADDR_FIFO/FIFO_SYNC_MACRO_inst/WRCOUNT<1>
   has no load.
INFO:LIT:243 - Logical network
   XLXI_6334/data_manager_blk/RX_SRC_ADDR_FIFO/FIFO_SYNC_MACRO_inst/WRCOUNT<0>
   has no load.
INFO:LIT:243 - Logical network
   XLXI_6334/data_manager_blk/RX_SRC_ADDR_FIFO/FIFO_SYNC_MACRO_inst/ALMOSTEMPTY
   has no load.
INFO:LIT:243 - Logical network
   XLXI_6334/data_manager_blk/RX_SRC_ADDR_FIFO/FIFO_SYNC_MACRO_inst/ALMOSTFULL
   has no load.
INFO:LIT:243 - Logical network
   XLXI_6334/data_manager_blk/RX_SRC_ADDR_FIFO/FIFO_SYNC_MACRO_inst/RDERR has no
   load.
INFO:LIT:243 - Logical network
   XLXI_6334/data_manager_blk/RX_SRC_ADDR_FIFO/FIFO_SYNC_MACRO_inst/WRERR has no
   load.
INFO:LIT:243 - Logical network XLXI_6334/data_manager_blk/RX_SRC_MAC_FIFO/empty
   has no load.
INFO:LIT:243 - Logical network XLXI_6334/data_manager_blk/RX_SRC_MAC_FIFO/full
   has no load.
INFO:LIT:243 - Logical network
   XLXI_6334/data_manager_blk/RX_SRC_MAC_FIFO/FIFO_SYNC_MACRO_inst/RDCOUNT<8>
   has no load.
INFO:LIT:243 - Logical network
   XLXI_6334/data_manager_blk/RX_SRC_MAC_FIFO/FIFO_SYNC_MACRO_inst/RDCOUNT<7>
   has no load.
INFO:LIT:243 - Logical network
   XLXI_6334/data_manager_blk/RX_SRC_MAC_FIFO/FIFO_SYNC_MACRO_inst/RDCOUNT<6>
   has no load.
INFO:LIT:243 - Logical network
   XLXI_6334/data_manager_blk/RX_SRC_MAC_FIFO/FIFO_SYNC_MACRO_inst/RDCOUNT<5>
   has no load.
INFO:LIT:243 - Logical network
   XLXI_6334/data_manager_blk/RX_SRC_MAC_FIFO/FIFO_SYNC_MACRO_inst/RDCOUNT<4>
   has no load.
INFO:LIT:243 - Logical network
   XLXI_6334/data_manager_blk/RX_SRC_MAC_FIFO/FIFO_SYNC_MACRO_inst/RDCOUNT<3>
   has no load.
INFO:LIT:243 - Logical network
   XLXI_6334/data_manager_blk/RX_SRC_MAC_FIFO/FIFO_SYNC_MACRO_inst/RDCOUNT<2>
   has no load.
INFO:LIT:243 - Logical network
   XLXI_6334/data_manager_blk/RX_SRC_MAC_FIFO/FIFO_SYNC_MACRO_inst/RDCOUNT<1>
   has no load.
INFO:LIT:243 - Logical network
   XLXI_6334/data_manager_blk/RX_SRC_MAC_FIFO/FIFO_SYNC_MACRO_inst/RDCOUNT<0>
   has no load.
INFO:LIT:243 - Logical network
   XLXI_6334/data_manager_blk/RX_SRC_MAC_FIFO/FIFO_SYNC_MACRO_inst/WRCOUNT<8>
   has no load.
INFO:LIT:243 - Logical network
   XLXI_6334/data_manager_blk/RX_SRC_MAC_FIFO/FIFO_SYNC_MACRO_inst/WRCOUNT<7>
   has no load.
INFO:LIT:243 - Logical network
   XLXI_6334/data_manager_blk/RX_SRC_MAC_FIFO/FIFO_SYNC_MACRO_inst/WRCOUNT<6>
   has no load.
INFO:LIT:243 - Logical network
   XLXI_6334/data_manager_blk/RX_SRC_MAC_FIFO/FIFO_SYNC_MACRO_inst/WRCOUNT<5>
   has no load.
INFO:LIT:243 - Logical network
   XLXI_6334/data_manager_blk/RX_SRC_MAC_FIFO/FIFO_SYNC_MACRO_inst/WRCOUNT<4>
   has no load.
INFO:LIT:243 - Logical network
   XLXI_6334/data_manager_blk/RX_SRC_MAC_FIFO/FIFO_SYNC_MACRO_inst/WRCOUNT<3>
   has no load.
INFO:LIT:243 - Logical network
   XLXI_6334/data_manager_blk/RX_SRC_MAC_FIFO/FIFO_SYNC_MACRO_inst/WRCOUNT<2>
   has no load.
INFO:LIT:243 - Logical network
   XLXI_6334/data_manager_blk/RX_SRC_MAC_FIFO/FIFO_SYNC_MACRO_inst/WRCOUNT<1>
   has no load.
INFO:LIT:243 - Logical network
   XLXI_6334/data_manager_blk/RX_SRC_MAC_FIFO/FIFO_SYNC_MACRO_inst/WRCOUNT<0>
   has no load.
INFO:LIT:243 - Logical network
   XLXI_6334/data_manager_blk/RX_SRC_MAC_FIFO/FIFO_SYNC_MACRO_inst/ALMOSTEMPTY
   has no load.
INFO:LIT:243 - Logical network
   XLXI_6334/data_manager_blk/RX_SRC_MAC_FIFO/FIFO_SYNC_MACRO_inst/ALMOSTFULL
   has no load.
INFO:LIT:243 - Logical network
   XLXI_6334/data_manager_blk/RX_SRC_MAC_FIFO/FIFO_SYNC_MACRO_inst/RDERR has no
   load.
INFO:LIT:243 - Logical network
   XLXI_6334/data_manager_blk/RX_SRC_MAC_FIFO/FIFO_SYNC_MACRO_inst/WRERR has no
   load.
INFO:LIT:243 - Logical network
   XLXI_6334/data_manager_blk/TX_CTRL_INFO_FIFO/FIFO_SYNC_MACRO_inst/RDCOUNT<9>
   has no load.
INFO:LIT:243 - Logical network
   XLXI_6334/data_manager_blk/TX_CTRL_INFO_FIFO/FIFO_SYNC_MACRO_inst/RDCOUNT<8>
   has no load.
INFO:LIT:243 - Logical network
   XLXI_6334/data_manager_blk/TX_CTRL_INFO_FIFO/FIFO_SYNC_MACRO_inst/RDCOUNT<7>
   has no load.
INFO:LIT:243 - Logical network
   XLXI_6334/data_manager_blk/TX_CTRL_INFO_FIFO/FIFO_SYNC_MACRO_inst/RDCOUNT<6>
   has no load.
INFO:LIT:243 - Logical network
   XLXI_6334/data_manager_blk/TX_CTRL_INFO_FIFO/FIFO_SYNC_MACRO_inst/RDCOUNT<5>
   has no load.
INFO:LIT:243 - Logical network
   XLXI_6334/data_manager_blk/TX_CTRL_INFO_FIFO/FIFO_SYNC_MACRO_inst/RDCOUNT<4>
   has no load.
INFO:LIT:243 - Logical network
   XLXI_6334/data_manager_blk/TX_CTRL_INFO_FIFO/FIFO_SYNC_MACRO_inst/RDCOUNT<3>
   has no load.
INFO:LIT:243 - Logical network
   XLXI_6334/data_manager_blk/TX_CTRL_INFO_FIFO/FIFO_SYNC_MACRO_inst/RDCOUNT<2>
   has no load.
INFO:LIT:243 - Logical network
   XLXI_6334/data_manager_blk/TX_CTRL_INFO_FIFO/FIFO_SYNC_MACRO_inst/RDCOUNT<1>
   has no load.
INFO:LIT:243 - Logical network
   XLXI_6334/data_manager_blk/TX_CTRL_INFO_FIFO/FIFO_SYNC_MACRO_inst/RDCOUNT<0>
   has no load.
INFO:LIT:243 - Logical network
   XLXI_6334/data_manager_blk/TX_CTRL_INFO_FIFO/FIFO_SYNC_MACRO_inst/WRCOUNT<9>
   has no load.
INFO:LIT:243 - Logical network
   XLXI_6334/data_manager_blk/TX_CTRL_INFO_FIFO/FIFO_SYNC_MACRO_inst/WRCOUNT<8>
   has no load.
INFO:LIT:243 - Logical network
   XLXI_6334/data_manager_blk/TX_CTRL_INFO_FIFO/FIFO_SYNC_MACRO_inst/WRCOUNT<7>
   has no load.
INFO:LIT:243 - Logical network
   XLXI_6334/data_manager_blk/TX_CTRL_INFO_FIFO/FIFO_SYNC_MACRO_inst/WRCOUNT<6>
   has no load.
INFO:LIT:243 - Logical network
   XLXI_6334/data_manager_blk/TX_CTRL_INFO_FIFO/FIFO_SYNC_MACRO_inst/WRCOUNT<5>
   has no load.
INFO:LIT:243 - Logical network
   XLXI_6334/data_manager_blk/TX_CTRL_INFO_FIFO/FIFO_SYNC_MACRO_inst/WRCOUNT<4>
   has no load.
INFO:LIT:243 - Logical network
   XLXI_6334/data_manager_blk/TX_CTRL_INFO_FIFO/FIFO_SYNC_MACRO_inst/WRCOUNT<3>
   has no load.
INFO:LIT:243 - Logical network
   XLXI_6334/data_manager_blk/TX_CTRL_INFO_FIFO/FIFO_SYNC_MACRO_inst/WRCOUNT<2>
   has no load.
INFO:LIT:243 - Logical network
   XLXI_6334/data_manager_blk/TX_CTRL_INFO_FIFO/FIFO_SYNC_MACRO_inst/WRCOUNT<1>
   has no load.
INFO:LIT:243 - Logical network
   XLXI_6334/data_manager_blk/TX_CTRL_INFO_FIFO/FIFO_SYNC_MACRO_inst/WRCOUNT<0>
   has no load.
INFO:LIT:243 - Logical network
   XLXI_6334/data_manager_blk/TX_CTRL_INFO_FIFO/FIFO_SYNC_MACRO_inst/ALMOSTEMPTY
   has no load.
INFO:LIT:243 - Logical network
   XLXI_6334/data_manager_blk/TX_CTRL_INFO_FIFO/FIFO_SYNC_MACRO_inst/ALMOSTFULL
   has no load.
INFO:LIT:243 - Logical network
   XLXI_6334/data_manager_blk/TX_CTRL_INFO_FIFO/FIFO_SYNC_MACRO_inst/RDERR has
   no load.
INFO:LIT:243 - Logical network
   XLXI_6334/data_manager_blk/TX_CTRL_INFO_FIFO/FIFO_SYNC_MACRO_inst/WRERR has
   no load.
INFO:LIT:243 - Logical network
   XLXI_6334/data_manager_blk/TX_DATA_INFO_FIFO/FIFO_SYNC_MACRO_inst/RDCOUNT<9>
   has no load.
INFO:LIT:243 - Logical network
   XLXI_6334/data_manager_blk/TX_DATA_INFO_FIFO/FIFO_SYNC_MACRO_inst/RDCOUNT<8>
   has no load.
INFO:LIT:243 - Logical network
   XLXI_6334/data_manager_blk/TX_DATA_INFO_FIFO/FIFO_SYNC_MACRO_inst/RDCOUNT<7>
   has no load.
INFO:LIT:243 - Logical network
   XLXI_6334/data_manager_blk/TX_DATA_INFO_FIFO/FIFO_SYNC_MACRO_inst/RDCOUNT<6>
   has no load.
INFO:LIT:243 - Logical network
   XLXI_6334/data_manager_blk/TX_DATA_INFO_FIFO/FIFO_SYNC_MACRO_inst/RDCOUNT<5>
   has no load.
INFO:LIT:243 - Logical network
   XLXI_6334/data_manager_blk/TX_DATA_INFO_FIFO/FIFO_SYNC_MACRO_inst/RDCOUNT<4>
   has no load.
INFO:LIT:243 - Logical network
   XLXI_6334/data_manager_blk/TX_DATA_INFO_FIFO/FIFO_SYNC_MACRO_inst/RDCOUNT<3>
   has no load.
INFO:LIT:243 - Logical network
   XLXI_6334/data_manager_blk/TX_DATA_INFO_FIFO/FIFO_SYNC_MACRO_inst/RDCOUNT<2>
   has no load.
INFO:LIT:243 - Logical network
   XLXI_6334/data_manager_blk/TX_DATA_INFO_FIFO/FIFO_SYNC_MACRO_inst/RDCOUNT<1>
   has no load.
INFO:LIT:243 - Logical network
   XLXI_6334/data_manager_blk/TX_DATA_INFO_FIFO/FIFO_SYNC_MACRO_inst/RDCOUNT<0>
   has no load.
INFO:LIT:243 - Logical network
   XLXI_6334/data_manager_blk/TX_DATA_INFO_FIFO/FIFO_SYNC_MACRO_inst/WRCOUNT<9>
   has no load.
INFO:LIT:243 - Logical network
   XLXI_6334/data_manager_blk/TX_DATA_INFO_FIFO/FIFO_SYNC_MACRO_inst/WRCOUNT<8>
   has no load.
INFO:LIT:243 - Logical network
   XLXI_6334/data_manager_blk/TX_DATA_INFO_FIFO/FIFO_SYNC_MACRO_inst/WRCOUNT<7>
   has no load.
INFO:LIT:243 - Logical network
   XLXI_6334/data_manager_blk/TX_DATA_INFO_FIFO/FIFO_SYNC_MACRO_inst/WRCOUNT<6>
   has no load.
INFO:LIT:243 - Logical network
   XLXI_6334/data_manager_blk/TX_DATA_INFO_FIFO/FIFO_SYNC_MACRO_inst/WRCOUNT<5>
   has no load.
INFO:LIT:243 - Logical network
   XLXI_6334/data_manager_blk/TX_DATA_INFO_FIFO/FIFO_SYNC_MACRO_inst/WRCOUNT<4>
   has no load.
INFO:LIT:243 - Logical network
   XLXI_6334/data_manager_blk/TX_DATA_INFO_FIFO/FIFO_SYNC_MACRO_inst/WRCOUNT<3>
   has no load.
INFO:LIT:243 - Logical network
   XLXI_6334/data_manager_blk/TX_DATA_INFO_FIFO/FIFO_SYNC_MACRO_inst/WRCOUNT<2>
   has no load.
INFO:LIT:243 - Logical network
   XLXI_6334/data_manager_blk/TX_DATA_INFO_FIFO/FIFO_SYNC_MACRO_inst/WRCOUNT<1>
   has no load.
INFO:LIT:243 - Logical network
   XLXI_6334/data_manager_blk/TX_DATA_INFO_FIFO/FIFO_SYNC_MACRO_inst/WRCOUNT<0>
   has no load.
INFO:LIT:243 - Logical network
   XLXI_6334/data_manager_blk/TX_DATA_INFO_FIFO/FIFO_SYNC_MACRO_inst/ALMOSTEMPTY
   has no load.
INFO:LIT:243 - Logical network
   XLXI_6334/data_manager_blk/TX_DATA_INFO_FIFO/FIFO_SYNC_MACRO_inst/ALMOSTFULL
   has no load.
INFO:LIT:243 - Logical network
   XLXI_6334/data_manager_blk/TX_DATA_INFO_FIFO/FIFO_SYNC_MACRO_inst/RDERR has
   no load.
INFO:LIT:243 - Logical network
   XLXI_6334/data_manager_blk/TX_DATA_INFO_FIFO/FIFO_SYNC_MACRO_inst/WRERR has
   no load.
INFO:LIT:243 - Logical network
   XLXI_6334/data_manager_blk/RX_DATA_INFO_FIFO/FIFO_SYNC_MACRO_inst/RDCOUNT<9>
   has no load.
INFO:LIT:243 - Logical network
   XLXI_6334/data_manager_blk/RX_DATA_INFO_FIFO/FIFO_SYNC_MACRO_inst/RDCOUNT<8>
   has no load.
INFO:LIT:243 - Logical network
   XLXI_6334/data_manager_blk/RX_DATA_INFO_FIFO/FIFO_SYNC_MACRO_inst/RDCOUNT<7>
   has no load.
INFO:LIT:243 - Logical network
   XLXI_6334/data_manager_blk/RX_DATA_INFO_FIFO/FIFO_SYNC_MACRO_inst/RDCOUNT<6>
   has no load.
INFO:LIT:243 - Logical network
   XLXI_6334/data_manager_blk/RX_DATA_INFO_FIFO/FIFO_SYNC_MACRO_inst/RDCOUNT<5>
   has no load.
INFO:LIT:243 - Logical network
   XLXI_6334/data_manager_blk/RX_DATA_INFO_FIFO/FIFO_SYNC_MACRO_inst/RDCOUNT<4>
   has no load.
INFO:LIT:243 - Logical network
   XLXI_6334/data_manager_blk/RX_DATA_INFO_FIFO/FIFO_SYNC_MACRO_inst/RDCOUNT<3>
   has no load.
INFO:LIT:243 - Logical network
   XLXI_6334/data_manager_blk/RX_DATA_INFO_FIFO/FIFO_SYNC_MACRO_inst/RDCOUNT<2>
   has no load.
INFO:LIT:243 - Logical network
   XLXI_6334/data_manager_blk/RX_DATA_INFO_FIFO/FIFO_SYNC_MACRO_inst/RDCOUNT<1>
   has no load.
INFO:LIT:243 - Logical network
   XLXI_6334/data_manager_blk/RX_DATA_INFO_FIFO/FIFO_SYNC_MACRO_inst/RDCOUNT<0>
   has no load.
INFO:LIT:243 - Logical network
   XLXI_6334/data_manager_blk/RX_DATA_INFO_FIFO/FIFO_SYNC_MACRO_inst/WRCOUNT<9>
   has no load.
INFO:LIT:243 - Logical network
   XLXI_6334/data_manager_blk/RX_DATA_INFO_FIFO/FIFO_SYNC_MACRO_inst/WRCOUNT<8>
   has no load.
INFO:LIT:243 - Logical network
   XLXI_6334/data_manager_blk/RX_DATA_INFO_FIFO/FIFO_SYNC_MACRO_inst/WRCOUNT<7>
   has no load.
INFO:LIT:243 - Logical network
   XLXI_6334/data_manager_blk/RX_DATA_INFO_FIFO/FIFO_SYNC_MACRO_inst/WRCOUNT<6>
   has no load.
INFO:LIT:243 - Logical network
   XLXI_6334/data_manager_blk/RX_DATA_INFO_FIFO/FIFO_SYNC_MACRO_inst/WRCOUNT<5>
   has no load.
INFO:LIT:243 - Logical network
   XLXI_6334/data_manager_blk/RX_DATA_INFO_FIFO/FIFO_SYNC_MACRO_inst/WRCOUNT<4>
   has no load.
INFO:LIT:243 - Logical network
   XLXI_6334/data_manager_blk/RX_DATA_INFO_FIFO/FIFO_SYNC_MACRO_inst/WRCOUNT<3>
   has no load.
INFO:LIT:243 - Logical network
   XLXI_6334/data_manager_blk/RX_DATA_INFO_FIFO/FIFO_SYNC_MACRO_inst/WRCOUNT<2>
   has no load.
INFO:LIT:243 - Logical network
   XLXI_6334/data_manager_blk/RX_DATA_INFO_FIFO/FIFO_SYNC_MACRO_inst/WRCOUNT<1>
   has no load.
INFO:LIT:243 - Logical network
   XLXI_6334/data_manager_blk/RX_DATA_INFO_FIFO/FIFO_SYNC_MACRO_inst/WRCOUNT<0>
   has no load.
INFO:LIT:243 - Logical network
   XLXI_6334/data_manager_blk/RX_DATA_INFO_FIFO/FIFO_SYNC_MACRO_inst/ALMOSTEMPTY
   has no load.
INFO:LIT:243 - Logical network
   XLXI_6334/data_manager_blk/RX_DATA_INFO_FIFO/FIFO_SYNC_MACRO_inst/ALMOSTFULL
   has no load.
INFO:LIT:243 - Logical network
   XLXI_6334/data_manager_blk/RX_DATA_INFO_FIFO/FIFO_SYNC_MACRO_inst/RDERR has
   no load.
INFO:LIT:243 - Logical network
   XLXI_6334/data_manager_blk/RX_DATA_INFO_FIFO/FIFO_SYNC_MACRO_inst/WRERR has
   no load.
INFO:LIT:243 - Logical network XLXI_6334/ec_wrapper/rx_er_handled has no load.
INFO:LIT:243 - Logical network XLXI_6334/ec_wrapper/user_rx_size_out<10> has no
   load.
INFO:LIT:243 - Logical network XLXI_6334/ec_wrapper/user_rx_size_out<9> has no
   load.
INFO:LIT:243 - Logical network XLXI_6334/ec_wrapper/user_rx_size_out<8> has no
   load.
INFO:LIT:243 - Logical network XLXI_6334/ec_wrapper/user_rx_size_out<7> has no
   load.
INFO:LIT:243 - Logical network XLXI_6334/ec_wrapper/user_rx_size_out<6> has no
   load.
INFO:LIT:243 - Logical network XLXI_6334/ec_wrapper/user_rx_size_out<5> has no
   load.
INFO:LIT:243 - Logical network XLXI_6334/ec_wrapper/user_rx_size_out<4> has no
   load.
INFO:LIT:243 - Logical network XLXI_6334/ec_wrapper/user_rx_size_out<3> has no
   load.
INFO:LIT:243 - Logical network XLXI_6334/ec_wrapper/user_rx_size_out<2> has no
   load.
INFO:LIT:243 - Logical network XLXI_6334/ec_wrapper/user_rx_size_out<1> has no
   load.
INFO:LIT:243 - Logical network XLXI_6334/ec_wrapper/user_rx_size_out<0> has no
   load.
INFO:LIT:243 - Logical network XLXI_6334/ec_wrapper/udp_fwd_port<15> has no
   load.
INFO:LIT:243 - Logical network XLXI_6334/ec_wrapper/udp_fwd_port<14> has no
   load.
INFO:LIT:243 - Logical network XLXI_6334/ec_wrapper/udp_fwd_port<13> has no
   load.
INFO:LIT:243 - Logical network XLXI_6334/ec_wrapper/udp_fwd_port<12> has no
   load.
INFO:LIT:243 - Logical network XLXI_6334/ec_wrapper/udp_fwd_port<11> has no
   load.
INFO:LIT:243 - Logical network XLXI_6334/ec_wrapper/udp_fwd_port<10> has no
   load.
INFO:LIT:243 - Logical network XLXI_6334/ec_wrapper/udp_fwd_port<9> has no load.
INFO:LIT:243 - Logical network XLXI_6334/ec_wrapper/udp_fwd_port<8> has no load.
INFO:LIT:243 - Logical network XLXI_6334/ec_wrapper/udp_fwd_port<7> has no load.
INFO:LIT:243 - Logical network XLXI_6334/ec_wrapper/udp_fwd_port<6> has no load.
INFO:LIT:243 - Logical network XLXI_6334/ec_wrapper/udp_fwd_port<5> has no load.
INFO:LIT:243 - Logical network XLXI_6334/ec_wrapper/udp_fwd_port<4> has no load.
INFO:LIT:243 - Logical network XLXI_6334/ec_wrapper/udp_fwd_port<3> has no load.
INFO:LIT:243 - Logical network XLXI_6334/ec_wrapper/udp_fwd_port<2> has no load.
INFO:LIT:243 - Logical network XLXI_6334/ec_wrapper/udp_fwd_port<1> has no load.
INFO:LIT:243 - Logical network XLXI_6334/ec_wrapper/udp_fwd_port<0> has no load.
INFO:LIT:243 - Logical network
   XLXI_5983/U0/xst_fifo_generator/gconvfifo.rf/grf.rf/gntv_or_sync_fifo.gl0.wr/
   gwss.wsts/ram_full_i has no load.
INFO:LIT:243 - Logical network
   U_ila_pro_0/U0/I_NO_D.U_ILA/U_TRIG/U_TM/G_NMU[0].U_M/U_MU/I_MUT_VARX.U_match/
   I_SRL32.U_VARX_SRL32/U_G/I_TW_GTE16.F_TW[0].I_YES_RPM.U_SRLA/CDO has no load.
INFO:MapLib:1078 - IDELAYCTRL symbol "XLXI_3406" (output signal=<none>) does not
   have assigned IODELAY_GROUP. A default GROUP "MapGeneratedIodelayGroup" will
   be assigned.
   The following IODELAY Components are assigned to the same GROUP:
   IDELAYE2 symbol "idelay_psi_dig_0" (output signal=psi_dig_data_delayed<0>)
   IDELAYE2 symbol "idelay_psi_dig_1" (output signal=psi_dig_data_delayed<1>)
   IDELAYE2 symbol "idelay_psi_dig_2" (output signal=psi_dig_data_delayed<2>)

INFO:LIT:244 - All of the single ended outputs in this design are using slew
   rate limited output drivers. The delay on speed critical single ended outputs
   can be dramatically reduced by designating them as fast outputs.
INFO:Pack:1716 - Initializing temperature to 85.000 Celsius. (default - Range:
   0.000 to 85.000 Celsius)
INFO:Pack:1720 - Initializing voltage to 0.950 Volts. (default - Range: 0.950 to
   1.050 Volts)
INFO:Map:215 - The Interim Design Summary has been generated in the MAP Report
   (.mrp).
INFO:Pack:1650 - Map created a placed design.

Section 4 - Removed Logic Summary
---------------------------------
  59 block(s) removed
 137 block(s) optimized away
 364 signal(s) removed
 508 Block(s) redundant

Section 5 - Removed Logic
-------------------------

The trimmed logic report below shows the logic removed from your design due to
sourceless or loadless signals, and VCC or ground connections.  If the removal
of a signal or symbol results in the subsequent removal of an additional signal
or symbol, the message explaining that second removal will be indented.  This
indentation will be repeated as a chain of related logic is removed.

To quickly locate the original cause for the removal of a chain of logic, look
above the place where that logic is listed in the trimming report, then locate
the lines that are least indented (begin at the leftmost edge).

The signal "icon_control0<35>" is loadless and has been removed.
 Loadless block "U_icon_pro/U0/U_ICON/U_CTRL_OUT/F_NCP[0].F_CMD[15].U_HCE" (ROM)
removed.
The signal "icon_control0<34>" is loadless and has been removed.
 Loadless block "U_icon_pro/U0/U_ICON/U_CTRL_OUT/F_NCP[0].F_CMD[14].U_HCE" (ROM)
removed.
  The signal "U_icon_pro/U0/U_ICON/iCOMMAND_SEL<14>" is loadless and has been
removed.
   Loadless block "U_icon_pro/U0/U_ICON/U_CMD/U_COMMAND_SEL/I4.FI[14].U_LUT" (ROM)
removed.
The signal "icon_control0<33>" is loadless and has been removed.
 Loadless block "U_icon_pro/U0/U_ICON/U_CTRL_OUT/F_NCP[0].F_CMD[13].U_HCE" (ROM)
removed.
  The signal "U_icon_pro/U0/U_ICON/iCOMMAND_SEL<13>" is loadless and has been
removed.
   Loadless block "U_icon_pro/U0/U_ICON/U_CMD/U_COMMAND_SEL/I4.FI[13].U_LUT" (ROM)
removed.
The signal "icon_control0<32>" is loadless and has been removed.
 Loadless block "U_icon_pro/U0/U_ICON/U_CTRL_OUT/F_NCP[0].F_CMD[12].U_HCE" (ROM)
removed.
  The signal "U_icon_pro/U0/U_ICON/iCOMMAND_SEL<12>" is loadless and has been
removed.
   Loadless block "U_icon_pro/U0/U_ICON/U_CMD/U_COMMAND_SEL/I4.FI[12].U_LUT" (ROM)
removed.
The signal "icon_control0<31>" is loadless and has been removed.
 Loadless block "U_icon_pro/U0/U_ICON/U_CTRL_OUT/F_NCP[0].F_CMD[11].U_HCE" (ROM)
removed.
  The signal "U_icon_pro/U0/U_ICON/iCOMMAND_SEL<11>" is loadless and has been
removed.
   Loadless block "U_icon_pro/U0/U_ICON/U_CMD/U_COMMAND_SEL/I4.FI[11].U_LUT" (ROM)
removed.
The signal "icon_control0<30>" is loadless and has been removed.
 Loadless block "U_icon_pro/U0/U_ICON/U_CTRL_OUT/F_NCP[0].F_CMD[10].U_HCE" (ROM)
removed.
The signal "icon_control0<29>" is loadless and has been removed.
 Loadless block "U_icon_pro/U0/U_ICON/U_CTRL_OUT/F_NCP[0].F_CMD[9].U_HCE" (ROM)
removed.
The signal "icon_control0<28>" is loadless and has been removed.
 Loadless block "U_icon_pro/U0/U_ICON/U_CTRL_OUT/F_NCP[0].F_CMD[8].U_HCE" (ROM)
removed.
The signal "icon_control0<27>" is loadless and has been removed.
 Loadless block "U_icon_pro/U0/U_ICON/U_CTRL_OUT/F_NCP[0].F_CMD[7].U_HCE" (ROM)
removed.
  The signal "U_icon_pro/U0/U_ICON/iCOMMAND_SEL<7>" is loadless and has been
removed.
   Loadless block "U_icon_pro/U0/U_ICON/U_CMD/U_COMMAND_SEL/I4.FI[7].U_LUT" (ROM)
removed.
The signal "icon_control0<26>" is loadless and has been removed.
 Loadless block "U_icon_pro/U0/U_ICON/U_CTRL_OUT/F_NCP[0].F_CMD[6].U_HCE" (ROM)
removed.
  The signal "U_icon_pro/U0/U_ICON/iCOMMAND_SEL<6>" is loadless and has been
removed.
   Loadless block "U_icon_pro/U0/U_ICON/U_CMD/U_COMMAND_SEL/I4.FI[6].U_LUT" (ROM)
removed.
The signal "icon_control0<25>" is loadless and has been removed.
 Loadless block "U_icon_pro/U0/U_ICON/U_CTRL_OUT/F_NCP[0].F_CMD[5].U_HCE" (ROM)
removed.
The signal "icon_control0<24>" is loadless and has been removed.
 Loadless block "U_icon_pro/U0/U_ICON/U_CTRL_OUT/F_NCP[0].F_CMD[4].U_HCE" (ROM)
removed.
The signal "icon_control0<23>" is loadless and has been removed.
 Loadless block "U_icon_pro/U0/U_ICON/U_CTRL_OUT/F_NCP[0].F_CMD[3].U_HCE" (ROM)
removed.
  The signal "U_icon_pro/U0/U_ICON/iCOMMAND_SEL<3>" is loadless and has been
removed.
   Loadless block "U_icon_pro/U0/U_ICON/U_CMD/U_COMMAND_SEL/I4.FI[3].U_LUT" (ROM)
removed.
The signal "icon_control0<22>" is loadless and has been removed.
 Loadless block "U_icon_pro/U0/U_ICON/U_CTRL_OUT/F_NCP[0].F_CMD[2].U_HCE" (ROM)
removed.
The signal "icon_control0<21>" is loadless and has been removed.
 Loadless block "U_icon_pro/U0/U_ICON/U_CTRL_OUT/F_NCP[0].F_CMD[1].U_HCE" (ROM)
removed.
The signal "icon_control0<18>" is loadless and has been removed.
 Loadless block "U_icon_pro/U0/U_ICON/U_CTRL_OUT/F_NCP[0].F_CMD[14].U_LCE" (ROM)
removed.
The signal "icon_control0<17>" is loadless and has been removed.
 Loadless block "U_icon_pro/U0/U_ICON/U_CTRL_OUT/F_NCP[0].F_CMD[13].U_LCE" (ROM)
removed.
The signal "icon_control0<16>" is loadless and has been removed.
 Loadless block "U_icon_pro/U0/U_ICON/U_CTRL_OUT/F_NCP[0].F_CMD[12].U_LCE" (ROM)
removed.
The signal "icon_control0<15>" is loadless and has been removed.
 Loadless block "U_icon_pro/U0/U_ICON/U_CTRL_OUT/F_NCP[0].F_CMD[11].U_LCE" (ROM)
removed.
The signal "icon_control0<11>" is loadless and has been removed.
 Loadless block "U_icon_pro/U0/U_ICON/U_CTRL_OUT/F_NCP[0].F_CMD[7].U_LCE" (ROM)
removed.
The signal "icon_control0<10>" is loadless and has been removed.
 Loadless block "U_icon_pro/U0/U_ICON/U_CTRL_OUT/F_NCP[0].F_CMD[6].U_LCE" (ROM)
removed.
The signal "icon_control0<7>" is loadless and has been removed.
 Loadless block "U_icon_pro/U0/U_ICON/U_CTRL_OUT/F_NCP[0].F_CMD[3].U_LCE" (ROM)
removed.
The signal
"XLXI_5983/U0/xst_fifo_generator/gconvfifo.rf/grf.rf/gntv_or_sync_fifo.gl0.wr/gw
ss.wsts/ram_full_i" is loadless and has been removed.
 Loadless block
"XLXI_5983/U0/xst_fifo_generator/gconvfifo.rf/grf.rf/gntv_or_sync_fifo.gl0.wr/gw
ss.wsts/ram_full_i" (FF) removed.
Loadless block "U_icon_pro/U0/U_ICON/U_CMD/U_CORE_ID_SEL/I4.FI[10].U_LUT" (ROM)
removed.
Loadless block "U_icon_pro/U0/U_ICON/U_CMD/U_CORE_ID_SEL/I4.FI[11].U_LUT" (ROM)
removed.
Loadless block "U_icon_pro/U0/U_ICON/U_CMD/U_CORE_ID_SEL/I4.FI[12].U_LUT" (ROM)
removed.
Loadless block "U_icon_pro/U0/U_ICON/U_CMD/U_CORE_ID_SEL/I4.FI[13].U_LUT" (ROM)
removed.
Loadless block "U_icon_pro/U0/U_ICON/U_CMD/U_CORE_ID_SEL/I4.FI[14].U_LUT" (ROM)
removed.
Loadless block "U_icon_pro/U0/U_ICON/U_CMD/U_CORE_ID_SEL/I4.FI[1].U_LUT" (ROM)
removed.
Loadless block "U_icon_pro/U0/U_ICON/U_CMD/U_CORE_ID_SEL/I4.FI[2].U_LUT" (ROM)
removed.
Loadless block "U_icon_pro/U0/U_ICON/U_CMD/U_CORE_ID_SEL/I4.FI[3].U_LUT" (ROM)
removed.
Loadless block "U_icon_pro/U0/U_ICON/U_CMD/U_CORE_ID_SEL/I4.FI[4].U_LUT" (ROM)
removed.
Loadless block "U_icon_pro/U0/U_ICON/U_CMD/U_CORE_ID_SEL/I4.FI[5].U_LUT" (ROM)
removed.
Loadless block "U_icon_pro/U0/U_ICON/U_CMD/U_CORE_ID_SEL/I4.FI[6].U_LUT" (ROM)
removed.
Loadless block "U_icon_pro/U0/U_ICON/U_CMD/U_CORE_ID_SEL/I4.FI[7].U_LUT" (ROM)
removed.
Loadless block "U_icon_pro/U0/U_ICON/U_CMD/U_CORE_ID_SEL/I4.FI[8].U_LUT" (ROM)
removed.
Loadless block "U_icon_pro/U0/U_ICON/U_CMD/U_CORE_ID_SEL/I4.FI[9].U_LUT" (ROM)
removed.
Loadless block "U_ila_pro_0/U0/I_NO_D.U_ILA/U_STAT/U_DSR" (ROM) removed.
Loadless block "U_ila_pro_0/U0/I_NO_D.U_ILA/U_TRIG/U_TC/I_STORAGE_QUAL.U_CAP_B"
(ROM) removed.
Loadless block "XLXI_4007" (BUF) removed.
Loadless block "XLXI_4248" (BUF) removed.
 The signal "PHY_RXER" is loadless and has been removed.
  Loadless block "PHY_RXER" (PAD) removed.
Loadless block "XLXI_5137" (FF) removed.
 The signal "PSI_STATUS_EN_MAP" is loadless and has been removed.
  Loadless block "XLXI_3432/Mmux_d_tmp21" (ROM) removed.
Loadless block "XLXI_5654" (OR) removed.
 The signal "XLXN_17430" is loadless and has been removed.
  Loadless block "XLXI_5655" (FF) removed.
Loadless block "XLXI_5839" (OR) removed.
 The signal "XLXN_17722" is loadless and has been removed.
Loadless block "XLXI_6025" (FF) removed.
Loadless block "XLXI_6032" (FF) removed.
Loadless block "XLXI_6206" (FF) removed.
The signal "XLXI_6334/user_tx_size_in<0>" is sourceless and has been removed.
The signal "XLXI_6334/rx_data<63>" is sourceless and has been removed.
The signal "XLXI_6334/rx_data<62>" is sourceless and has been removed.
The signal "XLXI_6334/rx_data<61>" is sourceless and has been removed.
The signal "XLXI_6334/rx_data<60>" is sourceless and has been removed.
The signal "XLXI_6334/rx_data<59>" is sourceless and has been removed.
The signal "XLXI_6334/rx_data<58>" is sourceless and has been removed.
The signal "XLXI_6334/rx_data<57>" is sourceless and has been removed.
The signal "XLXI_6334/rx_data<55>" is sourceless and has been removed.
The signal "XLXI_6334/rx_data<54>" is sourceless and has been removed.
The signal "XLXI_6334/rx_data<53>" is sourceless and has been removed.
The signal "XLXI_6334/rx_data<52>" is sourceless and has been removed.
The signal "XLXI_6334/rx_data<51>" is sourceless and has been removed.
The signal "XLXI_6334/rx_data<50>" is sourceless and has been removed.
The signal "XLXI_6334/rx_data<49>" is sourceless and has been removed.
The signal "XLXI_6334/ots_ready" is sourceless and has been removed.
The signal "XLXI_6334/data_manager_blk/tx_data_fifo_empty" is sourceless and has
been removed.
The signal "XLXI_6334/data_manager_blk/rx_info_fifo_rd_data<6>" is sourceless
and has been removed.
The signal "XLXI_6334/data_manager_blk/rx_info_fifo_rd_data<5>" is sourceless
and has been removed.
The signal "XLXI_6334/data_manager_blk/rx_info_fifo_rd_data<4>" is sourceless
and has been removed.
The signal "XLXI_6334/data_manager_blk/tx_ctrl_info_fifo_full" is sourceless and
has been removed.
The signal "XLXI_6334/data_manager_blk/RX_DATA_FIFO/empty" is sourceless and has
been removed.
The signal
"XLXI_6334/data_manager_blk/RX_DATA_FIFO/FIFO_SYNC_MACRO_inst/RDCOUNT<8>" is
sourceless and has been removed.
The signal
"XLXI_6334/data_manager_blk/RX_DATA_FIFO/FIFO_SYNC_MACRO_inst/RDCOUNT<7>" is
sourceless and has been removed.
The signal
"XLXI_6334/data_manager_blk/RX_DATA_FIFO/FIFO_SYNC_MACRO_inst/RDCOUNT<6>" is
sourceless and has been removed.
The signal
"XLXI_6334/data_manager_blk/RX_DATA_FIFO/FIFO_SYNC_MACRO_inst/RDCOUNT<5>" is
sourceless and has been removed.
The signal
"XLXI_6334/data_manager_blk/RX_DATA_FIFO/FIFO_SYNC_MACRO_inst/RDCOUNT<4>" is
sourceless and has been removed.
The signal
"XLXI_6334/data_manager_blk/RX_DATA_FIFO/FIFO_SYNC_MACRO_inst/RDCOUNT<3>" is
sourceless and has been removed.
The signal
"XLXI_6334/data_manager_blk/RX_DATA_FIFO/FIFO_SYNC_MACRO_inst/RDCOUNT<2>" is
sourceless and has been removed.
The signal
"XLXI_6334/data_manager_blk/RX_DATA_FIFO/FIFO_SYNC_MACRO_inst/RDCOUNT<1>" is
sourceless and has been removed.
The signal
"XLXI_6334/data_manager_blk/RX_DATA_FIFO/FIFO_SYNC_MACRO_inst/RDCOUNT<0>" is
sourceless and has been removed.
The signal
"XLXI_6334/data_manager_blk/RX_DATA_FIFO/FIFO_SYNC_MACRO_inst/WRCOUNT<8>" is
sourceless and has been removed.
The signal
"XLXI_6334/data_manager_blk/RX_DATA_FIFO/FIFO_SYNC_MACRO_inst/WRCOUNT<7>" is
sourceless and has been removed.
The signal
"XLXI_6334/data_manager_blk/RX_DATA_FIFO/FIFO_SYNC_MACRO_inst/WRCOUNT<6>" is
sourceless and has been removed.
The signal
"XLXI_6334/data_manager_blk/RX_DATA_FIFO/FIFO_SYNC_MACRO_inst/WRCOUNT<5>" is
sourceless and has been removed.
The signal
"XLXI_6334/data_manager_blk/RX_DATA_FIFO/FIFO_SYNC_MACRO_inst/WRCOUNT<4>" is
sourceless and has been removed.
The signal
"XLXI_6334/data_manager_blk/RX_DATA_FIFO/FIFO_SYNC_MACRO_inst/WRCOUNT<3>" is
sourceless and has been removed.
The signal
"XLXI_6334/data_manager_blk/RX_DATA_FIFO/FIFO_SYNC_MACRO_inst/WRCOUNT<2>" is
sourceless and has been removed.
The signal
"XLXI_6334/data_manager_blk/RX_DATA_FIFO/FIFO_SYNC_MACRO_inst/WRCOUNT<1>" is
sourceless and has been removed.
The signal
"XLXI_6334/data_manager_blk/RX_DATA_FIFO/FIFO_SYNC_MACRO_inst/WRCOUNT<0>" is
sourceless and has been removed.
The signal
"XLXI_6334/data_manager_blk/RX_DATA_FIFO/FIFO_SYNC_MACRO_inst/ALMOSTEMPTY" is
sourceless and has been removed.
The signal
"XLXI_6334/data_manager_blk/RX_DATA_FIFO/FIFO_SYNC_MACRO_inst/ALMOSTFULL" is
sourceless and has been removed.
The signal "XLXI_6334/data_manager_blk/RX_DATA_FIFO/FIFO_SYNC_MACRO_inst/RDERR"
is sourceless and has been removed.
The signal "XLXI_6334/data_manager_blk/RX_DATA_FIFO/FIFO_SYNC_MACRO_inst/WRERR"
is sourceless and has been removed.
The signal "XLXI_6334/data_manager_blk/TX_CTRL_FIFO/empty" is sourceless and has
been removed.
The signal "XLXI_6334/data_manager_blk/TX_CTRL_FIFO/full" is sourceless and has
been removed.
The signal
"XLXI_6334/data_manager_blk/TX_CTRL_FIFO/FIFO_SYNC_MACRO_inst/RDCOUNT<8>" is
sourceless and has been removed.
The signal
"XLXI_6334/data_manager_blk/TX_CTRL_FIFO/FIFO_SYNC_MACRO_inst/RDCOUNT<7>" is
sourceless and has been removed.
The signal
"XLXI_6334/data_manager_blk/TX_CTRL_FIFO/FIFO_SYNC_MACRO_inst/RDCOUNT<6>" is
sourceless and has been removed.
The signal
"XLXI_6334/data_manager_blk/TX_CTRL_FIFO/FIFO_SYNC_MACRO_inst/RDCOUNT<5>" is
sourceless and has been removed.
The signal
"XLXI_6334/data_manager_blk/TX_CTRL_FIFO/FIFO_SYNC_MACRO_inst/RDCOUNT<4>" is
sourceless and has been removed.
The signal
"XLXI_6334/data_manager_blk/TX_CTRL_FIFO/FIFO_SYNC_MACRO_inst/RDCOUNT<3>" is
sourceless and has been removed.
The signal
"XLXI_6334/data_manager_blk/TX_CTRL_FIFO/FIFO_SYNC_MACRO_inst/RDCOUNT<2>" is
sourceless and has been removed.
The signal
"XLXI_6334/data_manager_blk/TX_CTRL_FIFO/FIFO_SYNC_MACRO_inst/RDCOUNT<1>" is
sourceless and has been removed.
The signal
"XLXI_6334/data_manager_blk/TX_CTRL_FIFO/FIFO_SYNC_MACRO_inst/RDCOUNT<0>" is
sourceless and has been removed.
The signal
"XLXI_6334/data_manager_blk/TX_CTRL_FIFO/FIFO_SYNC_MACRO_inst/WRCOUNT<8>" is
sourceless and has been removed.
The signal
"XLXI_6334/data_manager_blk/TX_CTRL_FIFO/FIFO_SYNC_MACRO_inst/WRCOUNT<7>" is
sourceless and has been removed.
The signal
"XLXI_6334/data_manager_blk/TX_CTRL_FIFO/FIFO_SYNC_MACRO_inst/WRCOUNT<6>" is
sourceless and has been removed.
The signal
"XLXI_6334/data_manager_blk/TX_CTRL_FIFO/FIFO_SYNC_MACRO_inst/WRCOUNT<5>" is
sourceless and has been removed.
The signal
"XLXI_6334/data_manager_blk/TX_CTRL_FIFO/FIFO_SYNC_MACRO_inst/WRCOUNT<4>" is
sourceless and has been removed.
The signal
"XLXI_6334/data_manager_blk/TX_CTRL_FIFO/FIFO_SYNC_MACRO_inst/WRCOUNT<3>" is
sourceless and has been removed.
The signal
"XLXI_6334/data_manager_blk/TX_CTRL_FIFO/FIFO_SYNC_MACRO_inst/WRCOUNT<2>" is
sourceless and has been removed.
The signal
"XLXI_6334/data_manager_blk/TX_CTRL_FIFO/FIFO_SYNC_MACRO_inst/WRCOUNT<1>" is
sourceless and has been removed.
The signal
"XLXI_6334/data_manager_blk/TX_CTRL_FIFO/FIFO_SYNC_MACRO_inst/WRCOUNT<0>" is
sourceless and has been removed.
The signal
"XLXI_6334/data_manager_blk/TX_CTRL_FIFO/FIFO_SYNC_MACRO_inst/ALMOSTEMPTY" is
sourceless and has been removed.
The signal
"XLXI_6334/data_manager_blk/TX_CTRL_FIFO/FIFO_SYNC_MACRO_inst/ALMOSTFULL" is
sourceless and has been removed.
The signal "XLXI_6334/data_manager_blk/TX_CTRL_FIFO/FIFO_SYNC_MACRO_inst/RDERR"
is sourceless and has been removed.
The signal "XLXI_6334/data_manager_blk/TX_CTRL_FIFO/FIFO_SYNC_MACRO_inst/WRERR"
is sourceless and has been removed.
The signal
"XLXI_6334/data_manager_blk/TX_DATA_FIFO/FIFO_SYNC_MACRO_inst/RDCOUNT<8>" is
sourceless and has been removed.
The signal
"XLXI_6334/data_manager_blk/TX_DATA_FIFO/FIFO_SYNC_MACRO_inst/RDCOUNT<7>" is
sourceless and has been removed.
The signal
"XLXI_6334/data_manager_blk/TX_DATA_FIFO/FIFO_SYNC_MACRO_inst/RDCOUNT<6>" is
sourceless and has been removed.
The signal
"XLXI_6334/data_manager_blk/TX_DATA_FIFO/FIFO_SYNC_MACRO_inst/RDCOUNT<5>" is
sourceless and has been removed.
The signal
"XLXI_6334/data_manager_blk/TX_DATA_FIFO/FIFO_SYNC_MACRO_inst/RDCOUNT<4>" is
sourceless and has been removed.
The signal
"XLXI_6334/data_manager_blk/TX_DATA_FIFO/FIFO_SYNC_MACRO_inst/RDCOUNT<3>" is
sourceless and has been removed.
The signal
"XLXI_6334/data_manager_blk/TX_DATA_FIFO/FIFO_SYNC_MACRO_inst/RDCOUNT<2>" is
sourceless and has been removed.
The signal
"XLXI_6334/data_manager_blk/TX_DATA_FIFO/FIFO_SYNC_MACRO_inst/RDCOUNT<1>" is
sourceless and has been removed.
The signal
"XLXI_6334/data_manager_blk/TX_DATA_FIFO/FIFO_SYNC_MACRO_inst/RDCOUNT<0>" is
sourceless and has been removed.
The signal
"XLXI_6334/data_manager_blk/TX_DATA_FIFO/FIFO_SYNC_MACRO_inst/WRCOUNT<8>" is
sourceless and has been removed.
The signal
"XLXI_6334/data_manager_blk/TX_DATA_FIFO/FIFO_SYNC_MACRO_inst/WRCOUNT<7>" is
sourceless and has been removed.
The signal
"XLXI_6334/data_manager_blk/TX_DATA_FIFO/FIFO_SYNC_MACRO_inst/WRCOUNT<6>" is
sourceless and has been removed.
The signal
"XLXI_6334/data_manager_blk/TX_DATA_FIFO/FIFO_SYNC_MACRO_inst/WRCOUNT<5>" is
sourceless and has been removed.
The signal
"XLXI_6334/data_manager_blk/TX_DATA_FIFO/FIFO_SYNC_MACRO_inst/WRCOUNT<4>" is
sourceless and has been removed.
The signal
"XLXI_6334/data_manager_blk/TX_DATA_FIFO/FIFO_SYNC_MACRO_inst/WRCOUNT<3>" is
sourceless and has been removed.
The signal
"XLXI_6334/data_manager_blk/TX_DATA_FIFO/FIFO_SYNC_MACRO_inst/WRCOUNT<2>" is
sourceless and has been removed.
The signal
"XLXI_6334/data_manager_blk/TX_DATA_FIFO/FIFO_SYNC_MACRO_inst/WRCOUNT<1>" is
sourceless and has been removed.
The signal
"XLXI_6334/data_manager_blk/TX_DATA_FIFO/FIFO_SYNC_MACRO_inst/WRCOUNT<0>" is
sourceless and has been removed.
The signal
"XLXI_6334/data_manager_blk/TX_DATA_FIFO/FIFO_SYNC_MACRO_inst/ALMOSTEMPTY" is
sourceless and has been removed.
The signal
"XLXI_6334/data_manager_blk/TX_DATA_FIFO/FIFO_SYNC_MACRO_inst/ALMOSTFULL" is
sourceless and has been removed.
The signal "XLXI_6334/data_manager_blk/TX_DATA_FIFO/FIFO_SYNC_MACRO_inst/RDERR"
is sourceless and has been removed.
The signal "XLXI_6334/data_manager_blk/TX_DATA_FIFO/FIFO_SYNC_MACRO_inst/WRERR"
is sourceless and has been removed.
The signal "XLXI_6334/data_manager_blk/TX_CTRL_MAC_FIFO/empty" is sourceless and
has been removed.
The signal "XLXI_6334/data_manager_blk/TX_CTRL_MAC_FIFO/full" is sourceless and
has been removed.
The signal
"XLXI_6334/data_manager_blk/TX_CTRL_MAC_FIFO/FIFO_SYNC_MACRO_inst/RDCOUNT<8>" is
sourceless and has been removed.
The signal
"XLXI_6334/data_manager_blk/TX_CTRL_MAC_FIFO/FIFO_SYNC_MACRO_inst/RDCOUNT<7>" is
sourceless and has been removed.
The signal
"XLXI_6334/data_manager_blk/TX_CTRL_MAC_FIFO/FIFO_SYNC_MACRO_inst/RDCOUNT<6>" is
sourceless and has been removed.
The signal
"XLXI_6334/data_manager_blk/TX_CTRL_MAC_FIFO/FIFO_SYNC_MACRO_inst/RDCOUNT<5>" is
sourceless and has been removed.
The signal
"XLXI_6334/data_manager_blk/TX_CTRL_MAC_FIFO/FIFO_SYNC_MACRO_inst/RDCOUNT<4>" is
sourceless and has been removed.
The signal
"XLXI_6334/data_manager_blk/TX_CTRL_MAC_FIFO/FIFO_SYNC_MACRO_inst/RDCOUNT<3>" is
sourceless and has been removed.
The signal
"XLXI_6334/data_manager_blk/TX_CTRL_MAC_FIFO/FIFO_SYNC_MACRO_inst/RDCOUNT<2>" is
sourceless and has been removed.
The signal
"XLXI_6334/data_manager_blk/TX_CTRL_MAC_FIFO/FIFO_SYNC_MACRO_inst/RDCOUNT<1>" is
sourceless and has been removed.
The signal
"XLXI_6334/data_manager_blk/TX_CTRL_MAC_FIFO/FIFO_SYNC_MACRO_inst/RDCOUNT<0>" is
sourceless and has been removed.
The signal
"XLXI_6334/data_manager_blk/TX_CTRL_MAC_FIFO/FIFO_SYNC_MACRO_inst/WRCOUNT<8>" is
sourceless and has been removed.
The signal
"XLXI_6334/data_manager_blk/TX_CTRL_MAC_FIFO/FIFO_SYNC_MACRO_inst/WRCOUNT<7>" is
sourceless and has been removed.
The signal
"XLXI_6334/data_manager_blk/TX_CTRL_MAC_FIFO/FIFO_SYNC_MACRO_inst/WRCOUNT<6>" is
sourceless and has been removed.
The signal
"XLXI_6334/data_manager_blk/TX_CTRL_MAC_FIFO/FIFO_SYNC_MACRO_inst/WRCOUNT<5>" is
sourceless and has been removed.
The signal
"XLXI_6334/data_manager_blk/TX_CTRL_MAC_FIFO/FIFO_SYNC_MACRO_inst/WRCOUNT<4>" is
sourceless and has been removed.
The signal
"XLXI_6334/data_manager_blk/TX_CTRL_MAC_FIFO/FIFO_SYNC_MACRO_inst/WRCOUNT<3>" is
sourceless and has been removed.
The signal
"XLXI_6334/data_manager_blk/TX_CTRL_MAC_FIFO/FIFO_SYNC_MACRO_inst/WRCOUNT<2>" is
sourceless and has been removed.
The signal
"XLXI_6334/data_manager_blk/TX_CTRL_MAC_FIFO/FIFO_SYNC_MACRO_inst/WRCOUNT<1>" is
sourceless and has been removed.
The signal
"XLXI_6334/data_manager_blk/TX_CTRL_MAC_FIFO/FIFO_SYNC_MACRO_inst/WRCOUNT<0>" is
sourceless and has been removed.
The signal
"XLXI_6334/data_manager_blk/TX_CTRL_MAC_FIFO/FIFO_SYNC_MACRO_inst/ALMOSTEMPTY"
is sourceless and has been removed.
The signal
"XLXI_6334/data_manager_blk/TX_CTRL_MAC_FIFO/FIFO_SYNC_MACRO_inst/ALMOSTFULL" is
sourceless and has been removed.
The signal
"XLXI_6334/data_manager_blk/TX_CTRL_MAC_FIFO/FIFO_SYNC_MACRO_inst/RDERR" is
sourceless and has been removed.
The signal
"XLXI_6334/data_manager_blk/TX_CTRL_MAC_FIFO/FIFO_SYNC_MACRO_inst/WRERR" is
sourceless and has been removed.
The signal "XLXI_6334/data_manager_blk/TX_CTRL_ADDR_FIFO/empty" is sourceless
and has been removed.
The signal "XLXI_6334/data_manager_blk/TX_CTRL_ADDR_FIFO/full" is sourceless and
has been removed.
The signal
"XLXI_6334/data_manager_blk/TX_CTRL_ADDR_FIFO/FIFO_SYNC_MACRO_inst/RDCOUNT<8>"
is sourceless and has been removed.
The signal
"XLXI_6334/data_manager_blk/TX_CTRL_ADDR_FIFO/FIFO_SYNC_MACRO_inst/RDCOUNT<7>"
is sourceless and has been removed.
The signal
"XLXI_6334/data_manager_blk/TX_CTRL_ADDR_FIFO/FIFO_SYNC_MACRO_inst/RDCOUNT<6>"
is sourceless and has been removed.
The signal
"XLXI_6334/data_manager_blk/TX_CTRL_ADDR_FIFO/FIFO_SYNC_MACRO_inst/RDCOUNT<5>"
is sourceless and has been removed.
The signal
"XLXI_6334/data_manager_blk/TX_CTRL_ADDR_FIFO/FIFO_SYNC_MACRO_inst/RDCOUNT<4>"
is sourceless and has been removed.
The signal
"XLXI_6334/data_manager_blk/TX_CTRL_ADDR_FIFO/FIFO_SYNC_MACRO_inst/RDCOUNT<3>"
is sourceless and has been removed.
The signal
"XLXI_6334/data_manager_blk/TX_CTRL_ADDR_FIFO/FIFO_SYNC_MACRO_inst/RDCOUNT<2>"
is sourceless and has been removed.
The signal
"XLXI_6334/data_manager_blk/TX_CTRL_ADDR_FIFO/FIFO_SYNC_MACRO_inst/RDCOUNT<1>"
is sourceless and has been removed.
The signal
"XLXI_6334/data_manager_blk/TX_CTRL_ADDR_FIFO/FIFO_SYNC_MACRO_inst/RDCOUNT<0>"
is sourceless and has been removed.
The signal
"XLXI_6334/data_manager_blk/TX_CTRL_ADDR_FIFO/FIFO_SYNC_MACRO_inst/WRCOUNT<8>"
is sourceless and has been removed.
The signal
"XLXI_6334/data_manager_blk/TX_CTRL_ADDR_FIFO/FIFO_SYNC_MACRO_inst/WRCOUNT<7>"
is sourceless and has been removed.
The signal
"XLXI_6334/data_manager_blk/TX_CTRL_ADDR_FIFO/FIFO_SYNC_MACRO_inst/WRCOUNT<6>"
is sourceless and has been removed.
The signal
"XLXI_6334/data_manager_blk/TX_CTRL_ADDR_FIFO/FIFO_SYNC_MACRO_inst/WRCOUNT<5>"
is sourceless and has been removed.
The signal
"XLXI_6334/data_manager_blk/TX_CTRL_ADDR_FIFO/FIFO_SYNC_MACRO_inst/WRCOUNT<4>"
is sourceless and has been removed.
The signal
"XLXI_6334/data_manager_blk/TX_CTRL_ADDR_FIFO/FIFO_SYNC_MACRO_inst/WRCOUNT<3>"
is sourceless and has been removed.
The signal
"XLXI_6334/data_manager_blk/TX_CTRL_ADDR_FIFO/FIFO_SYNC_MACRO_inst/WRCOUNT<2>"
is sourceless and has been removed.
The signal
"XLXI_6334/data_manager_blk/TX_CTRL_ADDR_FIFO/FIFO_SYNC_MACRO_inst/WRCOUNT<1>"
is sourceless and has been removed.
The signal
"XLXI_6334/data_manager_blk/TX_CTRL_ADDR_FIFO/FIFO_SYNC_MACRO_inst/WRCOUNT<0>"
is sourceless and has been removed.
The signal
"XLXI_6334/data_manager_blk/TX_CTRL_ADDR_FIFO/FIFO_SYNC_MACRO_inst/ALMOSTEMPTY"
is sourceless and has been removed.
The signal
"XLXI_6334/data_manager_blk/TX_CTRL_ADDR_FIFO/FIFO_SYNC_MACRO_inst/ALMOSTFULL"
is sourceless and has been removed.
The signal
"XLXI_6334/data_manager_blk/TX_CTRL_ADDR_FIFO/FIFO_SYNC_MACRO_inst/RDERR" is
sourceless and has been removed.
The signal
"XLXI_6334/data_manager_blk/TX_CTRL_ADDR_FIFO/FIFO_SYNC_MACRO_inst/WRERR" is
sourceless and has been removed.
The signal "XLXI_6334/data_manager_blk/RX_SRC_ADDR_FIFO/empty" is sourceless and
has been removed.
The signal "XLXI_6334/data_manager_blk/RX_SRC_ADDR_FIFO/full" is sourceless and
has been removed.
The signal
"XLXI_6334/data_manager_blk/RX_SRC_ADDR_FIFO/FIFO_SYNC_MACRO_inst/RDCOUNT<8>" is
sourceless and has been removed.
The signal
"XLXI_6334/data_manager_blk/RX_SRC_ADDR_FIFO/FIFO_SYNC_MACRO_inst/RDCOUNT<7>" is
sourceless and has been removed.
The signal
"XLXI_6334/data_manager_blk/RX_SRC_ADDR_FIFO/FIFO_SYNC_MACRO_inst/RDCOUNT<6>" is
sourceless and has been removed.
The signal
"XLXI_6334/data_manager_blk/RX_SRC_ADDR_FIFO/FIFO_SYNC_MACRO_inst/RDCOUNT<5>" is
sourceless and has been removed.
The signal
"XLXI_6334/data_manager_blk/RX_SRC_ADDR_FIFO/FIFO_SYNC_MACRO_inst/RDCOUNT<4>" is
sourceless and has been removed.
The signal
"XLXI_6334/data_manager_blk/RX_SRC_ADDR_FIFO/FIFO_SYNC_MACRO_inst/RDCOUNT<3>" is
sourceless and has been removed.
The signal
"XLXI_6334/data_manager_blk/RX_SRC_ADDR_FIFO/FIFO_SYNC_MACRO_inst/RDCOUNT<2>" is
sourceless and has been removed.
The signal
"XLXI_6334/data_manager_blk/RX_SRC_ADDR_FIFO/FIFO_SYNC_MACRO_inst/RDCOUNT<1>" is
sourceless and has been removed.
The signal
"XLXI_6334/data_manager_blk/RX_SRC_ADDR_FIFO/FIFO_SYNC_MACRO_inst/RDCOUNT<0>" is
sourceless and has been removed.
The signal
"XLXI_6334/data_manager_blk/RX_SRC_ADDR_FIFO/FIFO_SYNC_MACRO_inst/WRCOUNT<8>" is
sourceless and has been removed.
The signal
"XLXI_6334/data_manager_blk/RX_SRC_ADDR_FIFO/FIFO_SYNC_MACRO_inst/WRCOUNT<7>" is
sourceless and has been removed.
The signal
"XLXI_6334/data_manager_blk/RX_SRC_ADDR_FIFO/FIFO_SYNC_MACRO_inst/WRCOUNT<6>" is
sourceless and has been removed.
The signal
"XLXI_6334/data_manager_blk/RX_SRC_ADDR_FIFO/FIFO_SYNC_MACRO_inst/WRCOUNT<5>" is
sourceless and has been removed.
The signal
"XLXI_6334/data_manager_blk/RX_SRC_ADDR_FIFO/FIFO_SYNC_MACRO_inst/WRCOUNT<4>" is
sourceless and has been removed.
The signal
"XLXI_6334/data_manager_blk/RX_SRC_ADDR_FIFO/FIFO_SYNC_MACRO_inst/WRCOUNT<3>" is
sourceless and has been removed.
The signal
"XLXI_6334/data_manager_blk/RX_SRC_ADDR_FIFO/FIFO_SYNC_MACRO_inst/WRCOUNT<2>" is
sourceless and has been removed.
The signal
"XLXI_6334/data_manager_blk/RX_SRC_ADDR_FIFO/FIFO_SYNC_MACRO_inst/WRCOUNT<1>" is
sourceless and has been removed.
The signal
"XLXI_6334/data_manager_blk/RX_SRC_ADDR_FIFO/FIFO_SYNC_MACRO_inst/WRCOUNT<0>" is
sourceless and has been removed.
The signal
"XLXI_6334/data_manager_blk/RX_SRC_ADDR_FIFO/FIFO_SYNC_MACRO_inst/ALMOSTEMPTY"
is sourceless and has been removed.
The signal
"XLXI_6334/data_manager_blk/RX_SRC_ADDR_FIFO/FIFO_SYNC_MACRO_inst/ALMOSTFULL" is
sourceless and has been removed.
The signal
"XLXI_6334/data_manager_blk/RX_SRC_ADDR_FIFO/FIFO_SYNC_MACRO_inst/RDERR" is
sourceless and has been removed.
The signal
"XLXI_6334/data_manager_blk/RX_SRC_ADDR_FIFO/FIFO_SYNC_MACRO_inst/WRERR" is
sourceless and has been removed.
The signal "XLXI_6334/data_manager_blk/RX_SRC_MAC_FIFO/empty" is sourceless and
has been removed.
The signal "XLXI_6334/data_manager_blk/RX_SRC_MAC_FIFO/full" is sourceless and
has been removed.
The signal
"XLXI_6334/data_manager_blk/RX_SRC_MAC_FIFO/FIFO_SYNC_MACRO_inst/RDCOUNT<8>" is
sourceless and has been removed.
The signal
"XLXI_6334/data_manager_blk/RX_SRC_MAC_FIFO/FIFO_SYNC_MACRO_inst/RDCOUNT<7>" is
sourceless and has been removed.
The signal
"XLXI_6334/data_manager_blk/RX_SRC_MAC_FIFO/FIFO_SYNC_MACRO_inst/RDCOUNT<6>" is
sourceless and has been removed.
The signal
"XLXI_6334/data_manager_blk/RX_SRC_MAC_FIFO/FIFO_SYNC_MACRO_inst/RDCOUNT<5>" is
sourceless and has been removed.
The signal
"XLXI_6334/data_manager_blk/RX_SRC_MAC_FIFO/FIFO_SYNC_MACRO_inst/RDCOUNT<4>" is
sourceless and has been removed.
The signal
"XLXI_6334/data_manager_blk/RX_SRC_MAC_FIFO/FIFO_SYNC_MACRO_inst/RDCOUNT<3>" is
sourceless and has been removed.
The signal
"XLXI_6334/data_manager_blk/RX_SRC_MAC_FIFO/FIFO_SYNC_MACRO_inst/RDCOUNT<2>" is
sourceless and has been removed.
The signal
"XLXI_6334/data_manager_blk/RX_SRC_MAC_FIFO/FIFO_SYNC_MACRO_inst/RDCOUNT<1>" is
sourceless and has been removed.
The signal
"XLXI_6334/data_manager_blk/RX_SRC_MAC_FIFO/FIFO_SYNC_MACRO_inst/RDCOUNT<0>" is
sourceless and has been removed.
The signal
"XLXI_6334/data_manager_blk/RX_SRC_MAC_FIFO/FIFO_SYNC_MACRO_inst/WRCOUNT<8>" is
sourceless and has been removed.
The signal
"XLXI_6334/data_manager_blk/RX_SRC_MAC_FIFO/FIFO_SYNC_MACRO_inst/WRCOUNT<7>" is
sourceless and has been removed.
The signal
"XLXI_6334/data_manager_blk/RX_SRC_MAC_FIFO/FIFO_SYNC_MACRO_inst/WRCOUNT<6>" is
sourceless and has been removed.
The signal
"XLXI_6334/data_manager_blk/RX_SRC_MAC_FIFO/FIFO_SYNC_MACRO_inst/WRCOUNT<5>" is
sourceless and has been removed.
The signal
"XLXI_6334/data_manager_blk/RX_SRC_MAC_FIFO/FIFO_SYNC_MACRO_inst/WRCOUNT<4>" is
sourceless and has been removed.
The signal
"XLXI_6334/data_manager_blk/RX_SRC_MAC_FIFO/FIFO_SYNC_MACRO_inst/WRCOUNT<3>" is
sourceless and has been removed.
The signal
"XLXI_6334/data_manager_blk/RX_SRC_MAC_FIFO/FIFO_SYNC_MACRO_inst/WRCOUNT<2>" is
sourceless and has been removed.
The signal
"XLXI_6334/data_manager_blk/RX_SRC_MAC_FIFO/FIFO_SYNC_MACRO_inst/WRCOUNT<1>" is
sourceless and has been removed.
The signal
"XLXI_6334/data_manager_blk/RX_SRC_MAC_FIFO/FIFO_SYNC_MACRO_inst/WRCOUNT<0>" is
sourceless and has been removed.
The signal
"XLXI_6334/data_manager_blk/RX_SRC_MAC_FIFO/FIFO_SYNC_MACRO_inst/ALMOSTEMPTY" is
sourceless and has been removed.
The signal
"XLXI_6334/data_manager_blk/RX_SRC_MAC_FIFO/FIFO_SYNC_MACRO_inst/ALMOSTFULL" is
sourceless and has been removed.
The signal
"XLXI_6334/data_manager_blk/RX_SRC_MAC_FIFO/FIFO_SYNC_MACRO_inst/RDERR" is
sourceless and has been removed.
The signal
"XLXI_6334/data_manager_blk/RX_SRC_MAC_FIFO/FIFO_SYNC_MACRO_inst/WRERR" is
sourceless and has been removed.
The signal
"XLXI_6334/data_manager_blk/TX_CTRL_INFO_FIFO/FIFO_SYNC_MACRO_inst/RDCOUNT<9>"
is sourceless and has been removed.
The signal
"XLXI_6334/data_manager_blk/TX_CTRL_INFO_FIFO/FIFO_SYNC_MACRO_inst/RDCOUNT<8>"
is sourceless and has been removed.
The signal
"XLXI_6334/data_manager_blk/TX_CTRL_INFO_FIFO/FIFO_SYNC_MACRO_inst/RDCOUNT<7>"
is sourceless and has been removed.
The signal
"XLXI_6334/data_manager_blk/TX_CTRL_INFO_FIFO/FIFO_SYNC_MACRO_inst/RDCOUNT<6>"
is sourceless and has been removed.
The signal
"XLXI_6334/data_manager_blk/TX_CTRL_INFO_FIFO/FIFO_SYNC_MACRO_inst/RDCOUNT<5>"
is sourceless and has been removed.
The signal
"XLXI_6334/data_manager_blk/TX_CTRL_INFO_FIFO/FIFO_SYNC_MACRO_inst/RDCOUNT<4>"
is sourceless and has been removed.
The signal
"XLXI_6334/data_manager_blk/TX_CTRL_INFO_FIFO/FIFO_SYNC_MACRO_inst/RDCOUNT<3>"
is sourceless and has been removed.
The signal
"XLXI_6334/data_manager_blk/TX_CTRL_INFO_FIFO/FIFO_SYNC_MACRO_inst/RDCOUNT<2>"
is sourceless and has been removed.
The signal
"XLXI_6334/data_manager_blk/TX_CTRL_INFO_FIFO/FIFO_SYNC_MACRO_inst/RDCOUNT<1>"
is sourceless and has been removed.
The signal
"XLXI_6334/data_manager_blk/TX_CTRL_INFO_FIFO/FIFO_SYNC_MACRO_inst/RDCOUNT<0>"
is sourceless and has been removed.
The signal
"XLXI_6334/data_manager_blk/TX_CTRL_INFO_FIFO/FIFO_SYNC_MACRO_inst/WRCOUNT<9>"
is sourceless and has been removed.
The signal
"XLXI_6334/data_manager_blk/TX_CTRL_INFO_FIFO/FIFO_SYNC_MACRO_inst/WRCOUNT<8>"
is sourceless and has been removed.
The signal
"XLXI_6334/data_manager_blk/TX_CTRL_INFO_FIFO/FIFO_SYNC_MACRO_inst/WRCOUNT<7>"
is sourceless and has been removed.
The signal
"XLXI_6334/data_manager_blk/TX_CTRL_INFO_FIFO/FIFO_SYNC_MACRO_inst/WRCOUNT<6>"
is sourceless and has been removed.
The signal
"XLXI_6334/data_manager_blk/TX_CTRL_INFO_FIFO/FIFO_SYNC_MACRO_inst/WRCOUNT<5>"
is sourceless and has been removed.
The signal
"XLXI_6334/data_manager_blk/TX_CTRL_INFO_FIFO/FIFO_SYNC_MACRO_inst/WRCOUNT<4>"
is sourceless and has been removed.
The signal
"XLXI_6334/data_manager_blk/TX_CTRL_INFO_FIFO/FIFO_SYNC_MACRO_inst/WRCOUNT<3>"
is sourceless and has been removed.
The signal
"XLXI_6334/data_manager_blk/TX_CTRL_INFO_FIFO/FIFO_SYNC_MACRO_inst/WRCOUNT<2>"
is sourceless and has been removed.
The signal
"XLXI_6334/data_manager_blk/TX_CTRL_INFO_FIFO/FIFO_SYNC_MACRO_inst/WRCOUNT<1>"
is sourceless and has been removed.
The signal
"XLXI_6334/data_manager_blk/TX_CTRL_INFO_FIFO/FIFO_SYNC_MACRO_inst/WRCOUNT<0>"
is sourceless and has been removed.
The signal
"XLXI_6334/data_manager_blk/TX_CTRL_INFO_FIFO/FIFO_SYNC_MACRO_inst/ALMOSTEMPTY"
is sourceless and has been removed.
The signal
"XLXI_6334/data_manager_blk/TX_CTRL_INFO_FIFO/FIFO_SYNC_MACRO_inst/ALMOSTFULL"
is sourceless and has been removed.
The signal
"XLXI_6334/data_manager_blk/TX_CTRL_INFO_FIFO/FIFO_SYNC_MACRO_inst/RDERR" is
sourceless and has been removed.
The signal
"XLXI_6334/data_manager_blk/TX_CTRL_INFO_FIFO/FIFO_SYNC_MACRO_inst/WRERR" is
sourceless and has been removed.
The signal
"XLXI_6334/data_manager_blk/TX_DATA_INFO_FIFO/FIFO_SYNC_MACRO_inst/RDCOUNT<9>"
is sourceless and has been removed.
The signal
"XLXI_6334/data_manager_blk/TX_DATA_INFO_FIFO/FIFO_SYNC_MACRO_inst/RDCOUNT<8>"
is sourceless and has been removed.
The signal
"XLXI_6334/data_manager_blk/TX_DATA_INFO_FIFO/FIFO_SYNC_MACRO_inst/RDCOUNT<7>"
is sourceless and has been removed.
The signal
"XLXI_6334/data_manager_blk/TX_DATA_INFO_FIFO/FIFO_SYNC_MACRO_inst/RDCOUNT<6>"
is sourceless and has been removed.
The signal
"XLXI_6334/data_manager_blk/TX_DATA_INFO_FIFO/FIFO_SYNC_MACRO_inst/RDCOUNT<5>"
is sourceless and has been removed.
The signal
"XLXI_6334/data_manager_blk/TX_DATA_INFO_FIFO/FIFO_SYNC_MACRO_inst/RDCOUNT<4>"
is sourceless and has been removed.
The signal
"XLXI_6334/data_manager_blk/TX_DATA_INFO_FIFO/FIFO_SYNC_MACRO_inst/RDCOUNT<3>"
is sourceless and has been removed.
The signal
"XLXI_6334/data_manager_blk/TX_DATA_INFO_FIFO/FIFO_SYNC_MACRO_inst/RDCOUNT<2>"
is sourceless and has been removed.
The signal
"XLXI_6334/data_manager_blk/TX_DATA_INFO_FIFO/FIFO_SYNC_MACRO_inst/RDCOUNT<1>"
is sourceless and has been removed.
The signal
"XLXI_6334/data_manager_blk/TX_DATA_INFO_FIFO/FIFO_SYNC_MACRO_inst/RDCOUNT<0>"
is sourceless and has been removed.
The signal
"XLXI_6334/data_manager_blk/TX_DATA_INFO_FIFO/FIFO_SYNC_MACRO_inst/WRCOUNT<9>"
is sourceless and has been removed.
The signal
"XLXI_6334/data_manager_blk/TX_DATA_INFO_FIFO/FIFO_SYNC_MACRO_inst/WRCOUNT<8>"
is sourceless and has been removed.
The signal
"XLXI_6334/data_manager_blk/TX_DATA_INFO_FIFO/FIFO_SYNC_MACRO_inst/WRCOUNT<7>"
is sourceless and has been removed.
The signal
"XLXI_6334/data_manager_blk/TX_DATA_INFO_FIFO/FIFO_SYNC_MACRO_inst/WRCOUNT<6>"
is sourceless and has been removed.
The signal
"XLXI_6334/data_manager_blk/TX_DATA_INFO_FIFO/FIFO_SYNC_MACRO_inst/WRCOUNT<5>"
is sourceless and has been removed.
The signal
"XLXI_6334/data_manager_blk/TX_DATA_INFO_FIFO/FIFO_SYNC_MACRO_inst/WRCOUNT<4>"
is sourceless and has been removed.
The signal
"XLXI_6334/data_manager_blk/TX_DATA_INFO_FIFO/FIFO_SYNC_MACRO_inst/WRCOUNT<3>"
is sourceless and has been removed.
The signal
"XLXI_6334/data_manager_blk/TX_DATA_INFO_FIFO/FIFO_SYNC_MACRO_inst/WRCOUNT<2>"
is sourceless and has been removed.
The signal
"XLXI_6334/data_manager_blk/TX_DATA_INFO_FIFO/FIFO_SYNC_MACRO_inst/WRCOUNT<1>"
is sourceless and has been removed.
The signal
"XLXI_6334/data_manager_blk/TX_DATA_INFO_FIFO/FIFO_SYNC_MACRO_inst/WRCOUNT<0>"
is sourceless and has been removed.
The signal
"XLXI_6334/data_manager_blk/TX_DATA_INFO_FIFO/FIFO_SYNC_MACRO_inst/ALMOSTEMPTY"
is sourceless and has been removed.
The signal
"XLXI_6334/data_manager_blk/TX_DATA_INFO_FIFO/FIFO_SYNC_MACRO_inst/ALMOSTFULL"
is sourceless and has been removed.
The signal
"XLXI_6334/data_manager_blk/TX_DATA_INFO_FIFO/FIFO_SYNC_MACRO_inst/RDERR" is
sourceless and has been removed.
The signal
"XLXI_6334/data_manager_blk/TX_DATA_INFO_FIFO/FIFO_SYNC_MACRO_inst/WRERR" is
sourceless and has been removed.
The signal
"XLXI_6334/data_manager_blk/RX_DATA_INFO_FIFO/FIFO_SYNC_MACRO_inst/RDCOUNT<9>"
is sourceless and has been removed.
The signal
"XLXI_6334/data_manager_blk/RX_DATA_INFO_FIFO/FIFO_SYNC_MACRO_inst/RDCOUNT<8>"
is sourceless and has been removed.
The signal
"XLXI_6334/data_manager_blk/RX_DATA_INFO_FIFO/FIFO_SYNC_MACRO_inst/RDCOUNT<7>"
is sourceless and has been removed.
The signal
"XLXI_6334/data_manager_blk/RX_DATA_INFO_FIFO/FIFO_SYNC_MACRO_inst/RDCOUNT<6>"
is sourceless and has been removed.
The signal
"XLXI_6334/data_manager_blk/RX_DATA_INFO_FIFO/FIFO_SYNC_MACRO_inst/RDCOUNT<5>"
is sourceless and has been removed.
The signal
"XLXI_6334/data_manager_blk/RX_DATA_INFO_FIFO/FIFO_SYNC_MACRO_inst/RDCOUNT<4>"
is sourceless and has been removed.
The signal
"XLXI_6334/data_manager_blk/RX_DATA_INFO_FIFO/FIFO_SYNC_MACRO_inst/RDCOUNT<3>"
is sourceless and has been removed.
The signal
"XLXI_6334/data_manager_blk/RX_DATA_INFO_FIFO/FIFO_SYNC_MACRO_inst/RDCOUNT<2>"
is sourceless and has been removed.
The signal
"XLXI_6334/data_manager_blk/RX_DATA_INFO_FIFO/FIFO_SYNC_MACRO_inst/RDCOUNT<1>"
is sourceless and has been removed.
The signal
"XLXI_6334/data_manager_blk/RX_DATA_INFO_FIFO/FIFO_SYNC_MACRO_inst/RDCOUNT<0>"
is sourceless and has been removed.
The signal
"XLXI_6334/data_manager_blk/RX_DATA_INFO_FIFO/FIFO_SYNC_MACRO_inst/WRCOUNT<9>"
is sourceless and has been removed.
The signal
"XLXI_6334/data_manager_blk/RX_DATA_INFO_FIFO/FIFO_SYNC_MACRO_inst/WRCOUNT<8>"
is sourceless and has been removed.
The signal
"XLXI_6334/data_manager_blk/RX_DATA_INFO_FIFO/FIFO_SYNC_MACRO_inst/WRCOUNT<7>"
is sourceless and has been removed.
The signal
"XLXI_6334/data_manager_blk/RX_DATA_INFO_FIFO/FIFO_SYNC_MACRO_inst/WRCOUNT<6>"
is sourceless and has been removed.
The signal
"XLXI_6334/data_manager_blk/RX_DATA_INFO_FIFO/FIFO_SYNC_MACRO_inst/WRCOUNT<5>"
is sourceless and has been removed.
The signal
"XLXI_6334/data_manager_blk/RX_DATA_INFO_FIFO/FIFO_SYNC_MACRO_inst/WRCOUNT<4>"
is sourceless and has been removed.
The signal
"XLXI_6334/data_manager_blk/RX_DATA_INFO_FIFO/FIFO_SYNC_MACRO_inst/WRCOUNT<3>"
is sourceless and has been removed.
The signal
"XLXI_6334/data_manager_blk/RX_DATA_INFO_FIFO/FIFO_SYNC_MACRO_inst/WRCOUNT<2>"
is sourceless and has been removed.
The signal
"XLXI_6334/data_manager_blk/RX_DATA_INFO_FIFO/FIFO_SYNC_MACRO_inst/WRCOUNT<1>"
is sourceless and has been removed.
The signal
"XLXI_6334/data_manager_blk/RX_DATA_INFO_FIFO/FIFO_SYNC_MACRO_inst/WRCOUNT<0>"
is sourceless and has been removed.
The signal
"XLXI_6334/data_manager_blk/RX_DATA_INFO_FIFO/FIFO_SYNC_MACRO_inst/ALMOSTEMPTY"
is sourceless and has been removed.
The signal
"XLXI_6334/data_manager_blk/RX_DATA_INFO_FIFO/FIFO_SYNC_MACRO_inst/ALMOSTFULL"
is sourceless and has been removed.
The signal
"XLXI_6334/data_manager_blk/RX_DATA_INFO_FIFO/FIFO_SYNC_MACRO_inst/RDERR" is
sourceless and has been removed.
The signal
"XLXI_6334/data_manager_blk/RX_DATA_INFO_FIFO/FIFO_SYNC_MACRO_inst/WRERR" is
sourceless and has been removed.
The signal "XLXI_6334/ec_wrapper/rx_er_handled" is sourceless and has been
removed.
The signal "XLXI_6334/ec_wrapper/user_rx_size_out<10>" is sourceless and has
been removed.
The signal "XLXI_6334/ec_wrapper/user_rx_size_out<9>" is sourceless and has been
removed.
The signal "XLXI_6334/ec_wrapper/user_rx_size_out<8>" is sourceless and has been
removed.
The signal "XLXI_6334/ec_wrapper/user_rx_size_out<7>" is sourceless and has been
removed.
The signal "XLXI_6334/ec_wrapper/user_rx_size_out<6>" is sourceless and has been
removed.
The signal "XLXI_6334/ec_wrapper/user_rx_size_out<5>" is sourceless and has been
removed.
The signal "XLXI_6334/ec_wrapper/user_rx_size_out<4>" is sourceless and has been
removed.
The signal "XLXI_6334/ec_wrapper/user_rx_size_out<3>" is sourceless and has been
removed.
The signal "XLXI_6334/ec_wrapper/user_rx_size_out<2>" is sourceless and has been
removed.
The signal "XLXI_6334/ec_wrapper/user_rx_size_out<1>" is sourceless and has been
removed.
The signal "XLXI_6334/ec_wrapper/user_rx_size_out<0>" is sourceless and has been
removed.
The signal "XLXI_6334/ec_wrapper/udp_fwd_port<15>" is sourceless and has been
removed.
The signal "XLXI_6334/ec_wrapper/udp_fwd_port<14>" is sourceless and has been
removed.
The signal "XLXI_6334/ec_wrapper/udp_fwd_port<13>" is sourceless and has been
removed.
The signal "XLXI_6334/ec_wrapper/udp_fwd_port<12>" is sourceless and has been
removed.
The signal "XLXI_6334/ec_wrapper/udp_fwd_port<11>" is sourceless and has been
removed.
The signal "XLXI_6334/ec_wrapper/udp_fwd_port<10>" is sourceless and has been
removed.
The signal "XLXI_6334/ec_wrapper/udp_fwd_port<9>" is sourceless and has been
removed.
The signal "XLXI_6334/ec_wrapper/udp_fwd_port<8>" is sourceless and has been
removed.
The signal "XLXI_6334/ec_wrapper/udp_fwd_port<7>" is sourceless and has been
removed.
The signal "XLXI_6334/ec_wrapper/udp_fwd_port<6>" is sourceless and has been
removed.
The signal "XLXI_6334/ec_wrapper/udp_fwd_port<5>" is sourceless and has been
removed.
The signal "XLXI_6334/ec_wrapper/udp_fwd_port<4>" is sourceless and has been
removed.
The signal "XLXI_6334/ec_wrapper/udp_fwd_port<3>" is sourceless and has been
removed.
The signal "XLXI_6334/ec_wrapper/udp_fwd_port<2>" is sourceless and has been
removed.
The signal "XLXI_6334/ec_wrapper/udp_fwd_port<1>" is sourceless and has been
removed.
The signal "XLXI_6334/ec_wrapper/udp_fwd_port<0>" is sourceless and has been
removed.
The signal "XLXI_6334/ec_wrapper/ethernet_controller/arp_tx_er" is sourceless
and has been removed.
The signal "XLXI_6334/ec_wrapper/ethernet_controller/udp_tx_er" is sourceless
and has been removed.

The trimmed logic reported below is either:
   1. part of a cycle
   2. part of disabled logic
   3. a side-effect of other trimmed logic

The signal "XLXN_17913" is unused and has been removed.
 Unused block "XLXI_5891" (FF) removed.
The signal "XLXN_17915" is unused and has been removed.
 Unused block "XLXI_5893" (FF) removed.
The signal "psi_errors<8>" is unused and has been removed.
The signal "psi_errors<9>" is unused and has been removed.
The signal "psi_errors<10>" is unused and has been removed.
The signal "tx_data<62>" is unused and has been removed.
The signal "tx_data<60>" is unused and has been removed.
The signal "tx_data<58>" is unused and has been removed.
The signal "tx_data<56>" is unused and has been removed.
The signal "tx_data<55>" is unused and has been removed.
The signal "tx_data<54>" is unused and has been removed.
The signal "tx_data<53>" is unused and has been removed.
The signal "tx_data<52>" is unused and has been removed.
The signal "tx_data<51>" is unused and has been removed.
The signal "tx_data<50>" is unused and has been removed.
The signal "tx_data<49>" is unused and has been removed.
The signal "tx_data<48>" is unused and has been removed.
The signal "tx_data<47>" is unused and has been removed.
The signal "tx_data<46>" is unused and has been removed.
The signal "tx_data<45>" is unused and has been removed.
The signal "tx_data<44>" is unused and has been removed.
The signal "tx_data<43>" is unused and has been removed.
The signal "tx_data<42>" is unused and has been removed.
The signal "tx_data<41>" is unused and has been removed.
The signal "tx_data<39>" is unused and has been removed.
The signal "tx_data<38>" is unused and has been removed.
The signal "tx_data<37>" is unused and has been removed.
The signal "tx_data<35>" is unused and has been removed.
The signal "tx_data<34>" is unused and has been removed.
The signal "tx_data<33>" is unused and has been removed.
The signal "tx_data<31>" is unused and has been removed.
The signal "tx_data<30>" is unused and has been removed.
The signal "tx_data<29>" is unused and has been removed.
The signal "tx_data<28>" is unused and has been removed.
The signal "tx_data<27>" is unused and has been removed.
The signal "tx_data<26>" is unused and has been removed.
The signal "tx_data<25>" is unused and has been removed.
The signal "tx_data<24>" is unused and has been removed.
The signal "tx_data<23>" is unused and has been removed.
The signal "tx_data<22>" is unused and has been removed.
The signal "tx_data<21>" is unused and has been removed.
The signal "tx_data<20>" is unused and has been removed.

Optimized Block(s):
TYPE 		BLOCK
GND 		U_icon_pro/XST_GND
VCC 		U_icon_pro/XST_VCC
GND
		U_ila_pro_0/U0/I_NO_D.U_ILA/U_G2_SQ.U_CAPCTRL/U_CAP_ADDRGEN/U_SCNT_CMP/I_CS_GA
ND.U_CS_GAND_SRL/I_A7.U_CS_GAND_SRL_A7/I_USE_RPM_NE0.U_GAND_SRL_SET/I_PARTIAL_SL
ICE.U_GAND_SRL_SLICE/XST_GND
VCC
		U_ila_pro_0/U0/I_NO_D.U_ILA/U_G2_SQ.U_CAPCTRL/U_CAP_ADDRGEN/U_SCNT_CMP/I_CS_GA
ND.U_CS_GAND_SRL/I_A7.U_CS_GAND_SRL_A7/I_USE_RPM_NE0.U_GAND_SRL_SET/I_PARTIAL_SL
ICE.U_GAND_SRL_SLICE/XST_VCC
VCC
		U_ila_pro_0/U0/I_NO_D.U_ILA/U_G2_SQ.U_CAPCTRL/U_CAP_ADDRGEN/U_SCNT_CMP/I_CS_GA
ND.U_CS_GAND_SRL/I_A7.U_CS_GAND_SRL_A7/I_USE_RPM_NE0.U_GAND_SRL_SET/XST_VCC
GND
		U_ila_pro_0/U0/I_NO_D.U_ILA/U_G2_SQ.U_CAPCTRL/U_CAP_ADDRGEN/U_WCNT_HCMP/I_CS_G
AND.U_CS_GAND_SRL/I_A7.U_CS_GAND_SRL_A7/I_USE_RPM_NE0.U_GAND_SRL_SET/I_PARTIAL_S
LICE.U_GAND_SRL_SLICE/XST_GND
VCC
		U_ila_pro_0/U0/I_NO_D.U_ILA/U_G2_SQ.U_CAPCTRL/U_CAP_ADDRGEN/U_WCNT_HCMP/I_CS_G
AND.U_CS_GAND_SRL/I_A7.U_CS_GAND_SRL_A7/I_USE_RPM_NE0.U_GAND_SRL_SET/I_PARTIAL_S
LICE.U_GAND_SRL_SLICE/XST_VCC
VCC
		U_ila_pro_0/U0/I_NO_D.U_ILA/U_G2_SQ.U_CAPCTRL/U_CAP_ADDRGEN/U_WCNT_HCMP/I_CS_G
AND.U_CS_GAND_SRL/I_A7.U_CS_GAND_SRL_A7/I_USE_RPM_NE0.U_GAND_SRL_SET/XST_VCC
GND
		U_ila_pro_0/U0/I_NO_D.U_ILA/U_G2_SQ.U_CAPCTRL/U_CAP_ADDRGEN/U_WCNT_LCMP/I_CS_G
AND.U_CS_GAND_SRL/I_A7.U_CS_GAND_SRL_A7/I_USE_RPM_NE0.U_GAND_SRL_SET/I_PARTIAL_S
LICE.U_GAND_SRL_SLICE/XST_GND
VCC
		U_ila_pro_0/U0/I_NO_D.U_ILA/U_G2_SQ.U_CAPCTRL/U_CAP_ADDRGEN/U_WCNT_LCMP/I_CS_G
AND.U_CS_GAND_SRL/I_A7.U_CS_GAND_SRL_A7/I_USE_RPM_NE0.U_GAND_SRL_SET/I_PARTIAL_S
LICE.U_GAND_SRL_SLICE/XST_VCC
VCC
		U_ila_pro_0/U0/I_NO_D.U_ILA/U_G2_SQ.U_CAPCTRL/U_CAP_ADDRGEN/U_WCNT_LCMP/I_CS_G
AND.U_CS_GAND_SRL/I_A7.U_CS_GAND_SRL_A7/I_USE_RPM_NE0.U_GAND_SRL_SET/XST_VCC
LUT4 		U_ila_pro_0/U0/I_NO_D.U_ILA/U_STAT/F_SSTAT[6].I_STAT.U_STAT
   optimized to 0
GND 		U_ila_pro_0/XST_GND
VCC 		U_ila_pro_0/XST_VCC
AND2 		XLXI_5900
AND2 		XLXI_5902
GND 		XLXI_5983/XST_GND
GND 		XLXI_6019/XST_GND
VCC 		XLXI_6019/XST_VCC
VCC 		XLXI_6238
GND 		XLXI_6336
GND 		TokenStack_vector_0/XST_GND
VCC 		TokenStack_vector_0/XST_VCC
GND 		TokenStack_vector_1/XST_GND
VCC 		TokenStack_vector_1/XST_VCC
GND 		TokenStack_vector_2/XST_GND
VCC 		TokenStack_vector_2/XST_VCC
GND 		XLXI_5598/XST_GND
VCC 		XLXI_5598/XST_VCC
GND 		XLXI_5836/XST_GND
VCC 		XLXI_5836/XST_VCC
GND 		XLXI_6042/XST_GND
VCC 		XLXI_6042/XST_VCC
GND 		XLXI_6315/XST_GND
VCC 		XLXI_6315/XST_VCC
GND 		XLXI_6330/XST_GND
VCC 		XLXI_6330/XST_VCC
GND 		XLXI_6334/XST_GND
VCC 		XLXI_6334/XST_VCC
GND 		XLXI_6334/burst_traffic_controller_blk/XST_GND
VCC 		XLXI_6334/burst_traffic_controller_blk/XST_VCC
GND 		XLXI_6334/data_manager_blk/GEC_RX_CTRL/XST_GND
GND 		XLXI_6334/data_manager_blk/GEC_TX_SEQ_CTL/XST_GND
VCC 		XLXI_6334/data_manager_blk/GEC_TX_SEQ_CTL/XST_VCC
GND 		XLXI_6334/data_manager_blk/RAM_COMM_DEC/XST_GND
VCC 		XLXI_6334/data_manager_blk/RAM_COMM_DEC/XST_VCC
GND 		XLXI_6334/data_manager_blk/RX_DATA_FIFO/FIFO_SYNC_MACRO_inst/XST_GND
GND 		XLXI_6334/data_manager_blk/RX_DATA_INFO_FIFO/FIFO_SYNC_MACRO_inst/XST_GND
GND 		XLXI_6334/data_manager_blk/RX_SRC_ADDR_FIFO/FIFO_SYNC_MACRO_inst/XST_GND
GND 		XLXI_6334/data_manager_blk/RX_SRC_MAC_FIFO/FIFO_SYNC_MACRO_inst/XST_GND
GND 		XLXI_6334/data_manager_blk/TX_CTRL_ADDR_FIFO/FIFO_SYNC_MACRO_inst/XST_GND
GND 		XLXI_6334/data_manager_blk/TX_CTRL_FIFO/FIFO_SYNC_MACRO_inst/XST_GND
GND 		XLXI_6334/data_manager_blk/TX_CTRL_INFO_FIFO/FIFO_SYNC_MACRO_inst/XST_GND
GND 		XLXI_6334/data_manager_blk/TX_CTRL_MAC_FIFO/FIFO_SYNC_MACRO_inst/XST_GND
GND 		XLXI_6334/data_manager_blk/TX_DATA_FIFO/FIFO_SYNC_MACRO_inst/XST_GND
GND 		XLXI_6334/data_manager_blk/TX_DATA_INFO_FIFO/FIFO_SYNC_MACRO_inst/XST_GND
GND 		XLXI_6334/data_manager_blk/burst_controller_sm/XST_GND
GND 		XLXI_6334/ec_wrapper/crcSplice/XST_GND
GND 		XLXI_6334/ec_wrapper/ethernet_controller/ArpReplyBlock/XST_GND
VCC 		XLXI_6334/ec_wrapper/ethernet_controller/ArpReplyBlock/XST_VCC
GND 		XLXI_6334/ec_wrapper/ethernet_controller/ChecksumCalcBlock/XST_GND
VCC 		XLXI_6334/ec_wrapper/ethernet_controller/ChecksumCalcBlock/XST_VCC
GND 		XLXI_6334/ec_wrapper/ethernet_controller/CreatePacketBlock/XST_GND
VCC 		XLXI_6334/ec_wrapper/ethernet_controller/CreatePacketBlock/XST_VCC
GND 		XLXI_6334/ec_wrapper/ethernet_controller/DecipherBlock/XST_GND
VCC 		XLXI_6334/ec_wrapper/ethernet_controller/DecipherBlock/XST_VCC
GND 		XLXI_6334/ec_wrapper/ethernet_controller/ICMPPingChecksumCalcBlock/XST_GND
VCC 		XLXI_6334/ec_wrapper/ethernet_controller/ICMPPingChecksumCalcBlock/XST_VCC
GND 		XLXI_6334/ec_wrapper/ethernet_controller/ICMPPingShiftRegBlock/XST_GND
VCC 		XLXI_6334/ec_wrapper/ethernet_controller/ICMPPingShiftRegBlock/XST_VCC
GND 		XLXI_6334/ec_wrapper/xgmii/XST_GND
VCC 		XLXI_6334/ec_wrapper/xgmii/XST_VCC
GND 		XLXI_6334/reset_mgr/XST_GND
VCC 		XLXI_6334/reset_mgr/XST_VCC
GND 		token_delay_vector_0/XST_GND
VCC 		token_delay_vector_0/XST_VCC
GND 		token_delay_vector_1/XST_GND
VCC 		token_delay_vector_1/XST_VCC
GND 		token_delay_vector_2/XST_GND
VCC 		token_delay_vector_2/XST_VCC
GND 		token_trigger_blk/XST_GND
VCC 		token_trigger_blk/XST_VCC

Redundant Block(s):
TYPE 		BLOCK
LOCALBUF
		XLXI_6019/U0/xst_fifo_generator/gconvfifo.rf/grf.rf/gntv_or_sync_fifo.gcx.clkx
/rd_pntr_bin_xor000611/LUT4_D_BUF
LOCALBUF
		XLXI_6019/U0/xst_fifo_generator/gconvfifo.rf/grf.rf/gntv_or_sync_fifo.gcx.clkx
/wr_pntr_bin_xor000611/LUT4_D_BUF
LOCALBUF
		XLXI_5983/U0/xst_fifo_generator/gconvfifo.rf/grf.rf/gntv_or_sync_fifo.gl0.rd/g
rss.rsts/ram_empty_fb_i_mux00003168_SW0/LUT4_L_BUF
LOCALBUF
		XLXI_5983/U0/xst_fifo_generator/gconvfifo.rf/grf.rf/gntv_or_sync_fifo.gl0.wr/g
wss.wsts/ram_full_i_mux000084_SW0/LUT4_L_BUF
LOCALBUF 		U_icon_pro/U0/U_ICON/U_STAT/U_STAT_CNT/G[4].GnH.U_MUXCY/MUXCY_L_BUF
LOCALBUF 		U_icon_pro/U0/U_ICON/U_STAT/U_STAT_CNT/G[3].GnH.U_MUXCY/MUXCY_L_BUF
LOCALBUF 		U_icon_pro/U0/U_ICON/U_STAT/U_STAT_CNT/G[2].GnH.U_MUXCY/MUXCY_L_BUF
LOCALBUF 		U_icon_pro/U0/U_ICON/U_STAT/U_STAT_CNT/G[1].GnH.U_MUXCY/MUXCY_L_BUF
LOCALBUF 		U_icon_pro/U0/U_ICON/U_STAT/U_STAT_CNT/G[0].GnH.U_MUXCY/MUXCY_L_BUF
LOCALBUF
		U_ila_pro_0/U0/I_NO_D.U_ILA/U_CAPSTOR/I_CASE1.I_YES_TB.U_TRACE_BUFFER/U_RD_ROW
_ADDR/G[9].GnH.U_MUXCY/MUXCY_L_BUF
LOCALBUF
		U_ila_pro_0/U0/I_NO_D.U_ILA/U_CAPSTOR/I_CASE1.I_YES_TB.U_TRACE_BUFFER/U_RD_ROW
_ADDR/G[8].GnH.U_MUXCY/MUXCY_L_BUF
LOCALBUF
		U_ila_pro_0/U0/I_NO_D.U_ILA/U_CAPSTOR/I_CASE1.I_YES_TB.U_TRACE_BUFFER/U_RD_ROW
_ADDR/G[7].GnH.U_MUXCY/MUXCY_L_BUF
LOCALBUF
		U_ila_pro_0/U0/I_NO_D.U_ILA/U_CAPSTOR/I_CASE1.I_YES_TB.U_TRACE_BUFFER/U_RD_ROW
_ADDR/G[6].GnH.U_MUXCY/MUXCY_L_BUF
LOCALBUF
		U_ila_pro_0/U0/I_NO_D.U_ILA/U_CAPSTOR/I_CASE1.I_YES_TB.U_TRACE_BUFFER/U_RD_ROW
_ADDR/G[5].GnH.U_MUXCY/MUXCY_L_BUF
LOCALBUF
		U_ila_pro_0/U0/I_NO_D.U_ILA/U_CAPSTOR/I_CASE1.I_YES_TB.U_TRACE_BUFFER/U_RD_ROW
_ADDR/G[4].GnH.U_MUXCY/MUXCY_L_BUF
LOCALBUF
		U_ila_pro_0/U0/I_NO_D.U_ILA/U_CAPSTOR/I_CASE1.I_YES_TB.U_TRACE_BUFFER/U_RD_ROW
_ADDR/G[3].GnH.U_MUXCY/MUXCY_L_BUF
LOCALBUF
		U_ila_pro_0/U0/I_NO_D.U_ILA/U_CAPSTOR/I_CASE1.I_YES_TB.U_TRACE_BUFFER/U_RD_ROW
_ADDR/G[2].GnH.U_MUXCY/MUXCY_L_BUF
LOCALBUF
		U_ila_pro_0/U0/I_NO_D.U_ILA/U_CAPSTOR/I_CASE1.I_YES_TB.U_TRACE_BUFFER/U_RD_ROW
_ADDR/G[1].GnH.U_MUXCY/MUXCY_L_BUF
LOCALBUF
		U_ila_pro_0/U0/I_NO_D.U_ILA/U_CAPSTOR/I_CASE1.I_YES_TB.U_TRACE_BUFFER/U_RD_ROW
_ADDR/G[0].GnH.U_MUXCY/MUXCY_L_BUF
LOCALBUF
		U_ila_pro_0/U0/I_NO_D.U_ILA/U_CAPSTOR/I_CASE1.I_YES_TB.U_TRACE_BUFFER/I_MULT_R
OW.U_RD_COL_ADDR_A/u_cnt/G[0].GnH.U_MUXCY/MUXCY_L_BUF
LOCALBUF
		U_ila_pro_0/U0/I_NO_D.U_ILA/U_CAPSTOR/I_CASE1.I_YES_TB.U_TRACE_BUFFER/I_MULT_R
OW.U_RD_COL_ADDR_A/u_cnt/G[1].GnH.U_MUXCY/MUXCY_L_BUF
LOCALBUF
		U_ila_pro_0/U0/I_NO_D.U_ILA/U_CAPSTOR/I_CASE1.I_YES_TB.U_TRACE_BUFFER/I_MULT_R
OW.U_RD_COL_ADDR_A/u_cnt/G[2].GnH.U_MUXCY/MUXCY_L_BUF
LOCALBUF
		U_ila_pro_0/U0/I_NO_D.U_ILA/U_CAPSTOR/I_CASE1.I_YES_TB.U_TRACE_BUFFER/I_MULT_R
OW.U_RD_COL_ADDR_A/u_cnt/G[3].GnH.U_MUXCY/MUXCY_L_BUF
LOCALBUF
		U_ila_pro_0/U0/I_NO_D.U_ILA/U_CAPSTOR/I_CASE1.I_YES_TB.U_TRACE_BUFFER/I_MULT_R
OW.U_RD_COL_ADDR_A/u_cnt/G[4].GnH.U_MUXCY/MUXCY_L_BUF
LOCALBUF
		U_ila_pro_0/U0/I_NO_D.U_ILA/U_CAPSTOR/I_CASE1.I_YES_TB.U_TRACE_BUFFER/I_MULT_R
OW.U_RD_COL_ADDR_B/u_cnt/G[4].GnH.U_MUXCY/MUXCY_L_BUF
LOCALBUF
		U_ila_pro_0/U0/I_NO_D.U_ILA/U_CAPSTOR/I_CASE1.I_YES_TB.U_TRACE_BUFFER/I_MULT_R
OW.U_RD_COL_ADDR_B/u_cnt/G[3].GnH.U_MUXCY/MUXCY_L_BUF
LOCALBUF
		U_ila_pro_0/U0/I_NO_D.U_ILA/U_CAPSTOR/I_CASE1.I_YES_TB.U_TRACE_BUFFER/I_MULT_R
OW.U_RD_COL_ADDR_B/u_cnt/G[2].GnH.U_MUXCY/MUXCY_L_BUF
LOCALBUF
		U_ila_pro_0/U0/I_NO_D.U_ILA/U_CAPSTOR/I_CASE1.I_YES_TB.U_TRACE_BUFFER/I_MULT_R
OW.U_RD_COL_ADDR_B/u_cnt/G[1].GnH.U_MUXCY/MUXCY_L_BUF
LOCALBUF
		U_ila_pro_0/U0/I_NO_D.U_ILA/U_CAPSTOR/I_CASE1.I_YES_TB.U_TRACE_BUFFER/I_MULT_R
OW.U_RD_COL_ADDR_B/u_cnt/G[0].GnH.U_MUXCY/MUXCY_L_BUF
LOCALBUF
		U_ila_pro_0/U0/I_NO_D.U_ILA/U_G2_SQ.U_CAPCTRL/U_CAP_ADDRGEN/I_SRLT_NE_1.U_WCNT
/G[0].GnH.U_MUXCY/MUXCY_L_BUF
LOCALBUF
		U_ila_pro_0/U0/I_NO_D.U_ILA/U_G2_SQ.U_CAPCTRL/U_CAP_ADDRGEN/I_SRLT_NE_1.U_WCNT
/G[1].GnH.U_MUXCY/MUXCY_L_BUF
LOCALBUF
		U_ila_pro_0/U0/I_NO_D.U_ILA/U_G2_SQ.U_CAPCTRL/U_CAP_ADDRGEN/I_SRLT_NE_1.U_WCNT
/G[2].GnH.U_MUXCY/MUXCY_L_BUF
LOCALBUF
		U_ila_pro_0/U0/I_NO_D.U_ILA/U_G2_SQ.U_CAPCTRL/U_CAP_ADDRGEN/I_SRLT_NE_1.U_WCNT
/G[3].GnH.U_MUXCY/MUXCY_L_BUF
LOCALBUF
		U_ila_pro_0/U0/I_NO_D.U_ILA/U_G2_SQ.U_CAPCTRL/U_CAP_ADDRGEN/I_SRLT_NE_1.U_WCNT
/G[4].GnH.U_MUXCY/MUXCY_L_BUF
LOCALBUF
		U_ila_pro_0/U0/I_NO_D.U_ILA/U_G2_SQ.U_CAPCTRL/U_CAP_ADDRGEN/I_SRLT_NE_1.U_WCNT
/G[5].GnH.U_MUXCY/MUXCY_L_BUF
LOCALBUF
		U_ila_pro_0/U0/I_NO_D.U_ILA/U_G2_SQ.U_CAPCTRL/U_CAP_ADDRGEN/I_SRLT_NE_1.U_WCNT
/G[6].GnH.U_MUXCY/MUXCY_L_BUF
LOCALBUF
		U_ila_pro_0/U0/I_NO_D.U_ILA/U_G2_SQ.U_CAPCTRL/U_CAP_ADDRGEN/I_SRLT_NE_1.U_WCNT
/G[7].GnH.U_MUXCY/MUXCY_L_BUF
LOCALBUF
		U_ila_pro_0/U0/I_NO_D.U_ILA/U_G2_SQ.U_CAPCTRL/U_CAP_ADDRGEN/I_SRLT_NE_1.U_WCNT
/G[8].GnH.U_MUXCY/MUXCY_L_BUF
LOCALBUF
		U_ila_pro_0/U0/I_NO_D.U_ILA/U_G2_SQ.U_CAPCTRL/U_CAP_ADDRGEN/I_NO_TSEQ.I_SRLT_N
E_1.U_SCNT/G[0].GnH.U_MUXCY/MUXCY_L_BUF
LOCALBUF
		U_ila_pro_0/U0/I_NO_D.U_ILA/U_G2_SQ.U_CAPCTRL/U_CAP_ADDRGEN/I_NO_TSEQ.I_SRLT_N
E_1.U_SCNT/G[1].GnH.U_MUXCY/MUXCY_L_BUF
LOCALBUF
		U_ila_pro_0/U0/I_NO_D.U_ILA/U_G2_SQ.U_CAPCTRL/U_CAP_ADDRGEN/I_NO_TSEQ.I_SRLT_N
E_1.U_SCNT/G[2].GnH.U_MUXCY/MUXCY_L_BUF
LOCALBUF
		U_ila_pro_0/U0/I_NO_D.U_ILA/U_G2_SQ.U_CAPCTRL/U_CAP_ADDRGEN/I_NO_TSEQ.I_SRLT_N
E_1.U_SCNT/G[3].GnH.U_MUXCY/MUXCY_L_BUF
LOCALBUF
		U_ila_pro_0/U0/I_NO_D.U_ILA/U_G2_SQ.U_CAPCTRL/U_CAP_ADDRGEN/I_NO_TSEQ.I_SRLT_N
E_1.U_SCNT/G[4].GnH.U_MUXCY/MUXCY_L_BUF
LOCALBUF
		U_ila_pro_0/U0/I_NO_D.U_ILA/U_G2_SQ.U_CAPCTRL/U_CAP_ADDRGEN/I_NO_TSEQ.I_SRLT_N
E_1.U_SCNT/G[5].GnH.U_MUXCY/MUXCY_L_BUF
LOCALBUF
		U_ila_pro_0/U0/I_NO_D.U_ILA/U_G2_SQ.U_CAPCTRL/U_CAP_ADDRGEN/I_NO_TSEQ.I_SRLT_N
E_1.U_SCNT/G[6].GnH.U_MUXCY/MUXCY_L_BUF
LOCALBUF
		U_ila_pro_0/U0/I_NO_D.U_ILA/U_G2_SQ.U_CAPCTRL/U_CAP_ADDRGEN/I_NO_TSEQ.I_SRLT_N
E_1.U_SCNT/G[7].GnH.U_MUXCY/MUXCY_L_BUF
LOCALBUF
		U_ila_pro_0/U0/I_NO_D.U_ILA/U_G2_SQ.U_CAPCTRL/U_CAP_ADDRGEN/I_NO_TSEQ.I_SRLT_N
E_1.U_SCNT/G[8].GnH.U_MUXCY/MUXCY_L_BUF
LOCALBUF
		U_ila_pro_0/U0/I_NO_D.U_ILA/U_STAT/U_STAT_CNT/G[8].GnH.U_MUXCY/MUXCY_L_BUF
LOCALBUF
		U_ila_pro_0/U0/I_NO_D.U_ILA/U_STAT/U_STAT_CNT/G[7].GnH.U_MUXCY/MUXCY_L_BUF
LOCALBUF
		U_ila_pro_0/U0/I_NO_D.U_ILA/U_STAT/U_STAT_CNT/G[6].GnH.U_MUXCY/MUXCY_L_BUF
LOCALBUF
		U_ila_pro_0/U0/I_NO_D.U_ILA/U_STAT/U_STAT_CNT/G[5].GnH.U_MUXCY/MUXCY_L_BUF
LOCALBUF
		U_ila_pro_0/U0/I_NO_D.U_ILA/U_STAT/U_STAT_CNT/G[4].GnH.U_MUXCY/MUXCY_L_BUF
LOCALBUF
		U_ila_pro_0/U0/I_NO_D.U_ILA/U_STAT/U_STAT_CNT/G[3].GnH.U_MUXCY/MUXCY_L_BUF
LOCALBUF
		U_ila_pro_0/U0/I_NO_D.U_ILA/U_STAT/U_STAT_CNT/G[2].GnH.U_MUXCY/MUXCY_L_BUF
LOCALBUF
		U_ila_pro_0/U0/I_NO_D.U_ILA/U_STAT/U_STAT_CNT/G[1].GnH.U_MUXCY/MUXCY_L_BUF
LOCALBUF
		U_ila_pro_0/U0/I_NO_D.U_ILA/U_STAT/U_STAT_CNT/G[0].GnH.U_MUXCY/MUXCY_L_BUF
LOCALBUF
		U_ila_pro_0/U0/I_NO_D.U_ILA/U_TRIG/U_TM/G_NMU[0].U_M/U_MU/I_MUT_VARX.U_match/I
_SRL32.U_VARX_SRL32/U_G/I_TW_GTE16.F_TW[0].I_YES_RPM.U_MUXD/MUXCY_L_BUF
LOCALBUF
		U_ila_pro_0/U0/I_NO_D.U_ILA/U_TRIG/U_TM/G_NMU[0].U_M/U_MU/I_MUT_VARX.U_match/I
_SRL32.U_VARX_SRL32/U_G/I_TW_GTE16.F_TW[0].I_YES_RPM.U_MUXC/MUXCY_L_BUF
LOCALBUF
		U_ila_pro_0/U0/I_NO_D.U_ILA/U_TRIG/U_TM/G_NMU[0].U_M/U_MU/I_MUT_VARX.U_match/I
_SRL32.U_VARX_SRL32/U_G/I_TW_GTE16.F_TW[0].I_YES_RPM.U_MUXB/MUXCY_L_BUF
LOCALBUF
		U_ila_pro_0/U0/I_NO_D.U_ILA/U_TRIG/U_TM/G_NMU[0].U_M/U_MU/I_MUT_VARX.U_match/I
_SRL32.U_VARX_SRL32/U_G/I_TW_GTE16.F_TW[0].I_YES_RPM.U_MUXA/MUXCY_L_BUF
LOCALBUF
		U_ila_pro_0/U0/I_NO_D.U_ILA/U_TRIG/U_TM/G_NMU[0].U_M/U_MU/I_MUT_VARX.U_match/I
_SRL32.U_VARX_SRL32/U_G/I_TW_GTE16.F_TW[1].I_YES_RPM.U_MUXD/MUXCY_L_BUF
LOCALBUF
		U_ila_pro_0/U0/I_NO_D.U_ILA/U_TRIG/U_TM/G_NMU[0].U_M/U_MU/I_MUT_VARX.U_match/I
_SRL32.U_VARX_SRL32/U_G/I_TW_GTE16.F_TW[1].I_YES_RPM.U_MUXC/MUXCY_L_BUF
LOCALBUF
		U_ila_pro_0/U0/I_NO_D.U_ILA/U_TRIG/U_TM/G_NMU[0].U_M/U_MU/I_MUT_VARX.U_match/I
_SRL32.U_VARX_SRL32/U_G/I_TW_GTE16.F_TW[1].I_YES_RPM.U_MUXB/MUXCY_L_BUF
LOCALBUF
		U_ila_pro_0/U0/I_NO_D.U_ILA/U_TRIG/U_TM/G_NMU[0].U_M/U_MU/I_MUT_VARX.U_match/I
_SRL32.U_VARX_SRL32/U_G/I_TW_GTE16.F_TW[1].I_YES_RPM.U_MUXA/MUXCY_L_BUF
LOCALBUF
		U_ila_pro_0/U0/I_NO_D.U_ILA/U_TRIG/U_TM/G_NMU[0].U_M/U_MU/I_MUT_VARX.U_match/I
_SRL32.U_VARX_SRL32/U_G/I_TW_GTE16.F_TW[2].I_YES_RPM.U_MUXD/MUXCY_L_BUF
LOCALBUF
		U_ila_pro_0/U0/I_NO_D.U_ILA/U_TRIG/U_TM/G_NMU[0].U_M/U_MU/I_MUT_VARX.U_match/I
_SRL32.U_VARX_SRL32/U_G/I_TW_GTE16.F_TW[2].I_YES_RPM.U_MUXC/MUXCY_L_BUF
LOCALBUF
		U_ila_pro_0/U0/I_NO_D.U_ILA/U_TRIG/U_TM/G_NMU[0].U_M/U_MU/I_MUT_VARX.U_match/I
_SRL32.U_VARX_SRL32/U_G/I_TW_GTE16.F_TW[2].I_YES_RPM.U_MUXB/MUXCY_L_BUF
LOCALBUF
		U_ila_pro_0/U0/I_NO_D.U_ILA/U_TRIG/U_TM/G_NMU[0].U_M/U_MU/I_MUT_VARX.U_match/I
_SRL32.U_VARX_SRL32/U_G/I_TW_GTE16.F_TW[2].I_YES_RPM.U_MUXA/MUXCY_L_BUF
LOCALBUF
		U_ila_pro_0/U0/I_NO_D.U_ILA/U_TRIG/U_TM/G_NMU[0].U_M/U_MU/I_MUT_VARX.U_match/I
_SRL32.U_VARX_SRL32/U_G/I_TW_GTE16.F_TW[3].I_YES_RPM.U_MUXD/MUXCY_L_BUF
LOCALBUF
		U_ila_pro_0/U0/I_NO_D.U_ILA/U_TRIG/U_TM/G_NMU[0].U_M/U_MU/I_MUT_VARX.U_match/I
_SRL32.U_VARX_SRL32/U_G/I_TW_GTE16.F_TW[3].I_YES_RPM.U_MUXC/MUXCY_L_BUF
LOCALBUF
		U_ila_pro_0/U0/I_NO_D.U_ILA/U_TRIG/U_TM/G_NMU[0].U_M/U_MU/I_MUT_VARX.U_match/I
_SRL32.U_VARX_SRL32/U_G/I_TW_GTE16.F_TW[3].I_YES_RPM.U_MUXB/MUXCY_L_BUF
LOCALBUF
		U_ila_pro_0/U0/I_NO_D.U_ILA/U_TRIG/U_TM/G_NMU[0].U_M/U_MU/I_MUT_VARX.U_match/I
_SRL32.U_VARX_SRL32/U_G/I_TW_GTE16.F_TW[3].I_YES_RPM.U_MUXA/MUXCY_L_BUF
LOCALBUF
		U_ila_pro_0/U0/I_NO_D.U_ILA/U_TRIG/U_TM/G_NMU[0].U_M/U_MU/I_MUT_VARX.U_match/I
_SRL32.U_VARX_SRL32/U_G/I_TW_GTE16.F_TW[4].I_YES_RPM.U_MUXD/MUXCY_L_BUF
LOCALBUF
		U_ila_pro_0/U0/I_NO_D.U_ILA/U_TRIG/U_TM/G_NMU[0].U_M/U_MU/I_MUT_VARX.U_match/I
_SRL32.U_VARX_SRL32/U_G/I_TW_GTE16.F_TW[4].I_YES_RPM.U_MUXC/MUXCY_L_BUF
LOCALBUF
		U_ila_pro_0/U0/I_NO_D.U_ILA/U_TRIG/U_TM/G_NMU[0].U_M/U_MU/I_MUT_VARX.U_match/I
_SRL32.U_VARX_SRL32/U_G/I_TW_GTE16.F_TW[4].I_YES_RPM.U_MUXB/MUXCY_L_BUF
LOCALBUF
		U_ila_pro_0/U0/I_NO_D.U_ILA/U_TRIG/U_TM/G_NMU[0].U_M/U_MU/I_MUT_VARX.U_match/I
_SRL32.U_VARX_SRL32/U_G/I_TW_GTE16.F_TW[4].I_YES_RPM.U_MUXA/MUXCY_L_BUF
LOCALBUF
		U_ila_pro_0/U0/I_NO_D.U_ILA/U_TRIG/U_TM/G_NMU[0].U_M/U_MU/I_MUT_VARX.U_match/I
_SRL32.U_VARX_SRL32/U_G/I_TW_GTE16.F_TW[5].I_YES_RPM.U_MUXD/MUXCY_L_BUF
LOCALBUF
		U_ila_pro_0/U0/I_NO_D.U_ILA/U_TRIG/U_TM/G_NMU[0].U_M/U_MU/I_MUT_VARX.U_match/I
_SRL32.U_VARX_SRL32/U_G/I_TW_GTE16.F_TW[5].I_YES_RPM.U_MUXC/MUXCY_L_BUF
LOCALBUF
		U_ila_pro_0/U0/I_NO_D.U_ILA/U_TRIG/U_TM/G_NMU[0].U_M/U_MU/I_MUT_VARX.U_match/I
_SRL32.U_VARX_SRL32/U_G/I_TW_GTE16.F_TW[5].I_YES_RPM.U_MUXB/MUXCY_L_BUF
LOCALBUF
		U_ila_pro_0/U0/I_NO_D.U_ILA/U_TRIG/U_TM/G_NMU[0].U_M/U_MU/I_MUT_VARX.U_match/I
_SRL32.U_VARX_SRL32/U_G/I_TW_GTE16.F_TW[5].I_YES_RPM.U_MUXA/MUXCY_L_BUF
LOCALBUF
		U_ila_pro_0/U0/I_NO_D.U_ILA/U_TRIG/U_TM/G_NMU[0].U_M/U_MU/I_MUT_VARX.U_match/I
_SRL32.U_VARX_SRL32/U_G/I_TW_GTE16.F_TW[6].I_YES_RPM.U_MUXD/MUXCY_L_BUF
LOCALBUF
		U_ila_pro_0/U0/I_NO_D.U_ILA/U_TRIG/U_TM/G_NMU[0].U_M/U_MU/I_MUT_VARX.U_match/I
_SRL32.U_VARX_SRL32/U_G/I_TW_GTE16.F_TW[6].I_YES_RPM.U_MUXC/MUXCY_L_BUF
LOCALBUF
		U_ila_pro_0/U0/I_NO_D.U_ILA/U_TRIG/U_TM/G_NMU[0].U_M/U_MU/I_MUT_VARX.U_match/I
_SRL32.U_VARX_SRL32/U_G/I_TW_GTE16.F_TW[6].I_YES_RPM.U_MUXB/MUXCY_L_BUF
LOCALBUF
		U_ila_pro_0/U0/I_NO_D.U_ILA/U_TRIG/U_TM/G_NMU[0].U_M/U_MU/I_MUT_VARX.U_match/I
_SRL32.U_VARX_SRL32/U_G/I_TW_GTE16.F_TW[6].I_YES_RPM.U_MUXA/MUXCY_L_BUF
LOCALBUF
		U_ila_pro_0/U0/I_NO_D.U_ILA/U_TRIG/U_TM/G_NMU[0].U_M/U_MU/I_MUT_VARX.U_match/I
_SRL32.U_VARX_SRL32/U_G/I_TW_GTE16.F_TW[6].I_YES_RPM.I_OREG.U_MUXL/MUXCY_L_BUF
LOCALBUF
		U_ila_pro_0/U0/I_NO_D.U_ILA/U_G2_SQ.U_CAPCTRL/U_CAP_ADDRGEN/U_SCNT_CMP/I_CS_GA
ND.U_CS_GAND_SRL/I_A7.U_CS_GAND_SRL_A7/I_USE_RPM_NE0.U_GAND_SRL_SET/I_PARTIAL_SL
ICE.U_GAND_SRL_SLICE/I_IS_TERMINATION_SLICE_NE0.U_MUXF/MUXCY_L_BUF
LOCALBUF
		U_ila_pro_0/U0/I_NO_D.U_ILA/U_G2_SQ.U_CAPCTRL/U_CAP_ADDRGEN/U_SCNT_CMP/I_CS_GA
ND.U_CS_GAND_SRL/I_A7.U_CS_GAND_SRL_A7/I_USE_RPM_NE0.U_GAND_SRL_SET/I_PARTIAL_SL
ICE.U_GAND_SRL_SLICE/U_MUXA/MUXCY_L_BUF
LOCALBUF
		U_ila_pro_0/U0/I_NO_D.U_ILA/U_G2_SQ.U_CAPCTRL/U_CAP_ADDRGEN/U_SCNT_CMP/I_CS_GA
ND.U_CS_GAND_SRL/I_A7.U_CS_GAND_SRL_A7/I_USE_RPM_NE0.U_GAND_SRL_SET/I_PARTIAL_SL
ICE.U_GAND_SRL_SLICE/U_MUXB/MUXCY_L_BUF
LOCALBUF
		U_ila_pro_0/U0/I_NO_D.U_ILA/U_G2_SQ.U_CAPCTRL/U_CAP_ADDRGEN/U_SCNT_CMP/I_CS_GA
ND.U_CS_GAND_SRL/I_A7.U_CS_GAND_SRL_A7/I_USE_RPM_NE0.U_GAND_SRL_SET/I_PARTIAL_SL
ICE.U_GAND_SRL_SLICE/U_MUXC/MUXCY_L_BUF
LOCALBUF
		U_ila_pro_0/U0/I_NO_D.U_ILA/U_G2_SQ.U_CAPCTRL/U_CAP_ADDRGEN/U_SCNT_CMP/I_CS_GA
ND.U_CS_GAND_SRL/I_A7.U_CS_GAND_SRL_A7/I_USE_RPM_NE0.U_GAND_SRL_SET/I_PARTIAL_SL
ICE.U_GAND_SRL_SLICE/U_MUXD/MUXCY_L_BUF
LOCALBUF
		U_ila_pro_0/U0/I_NO_D.U_ILA/U_G2_SQ.U_CAPCTRL/U_CAP_ADDRGEN/U_WCNT_HCMP/I_CS_G
AND.U_CS_GAND_SRL/I_A7.U_CS_GAND_SRL_A7/I_USE_RPM_NE0.U_GAND_SRL_SET/I_PARTIAL_S
LICE.U_GAND_SRL_SLICE/I_IS_TERMINATION_SLICE_NE0.U_MUXF/MUXCY_L_BUF
LOCALBUF
		U_ila_pro_0/U0/I_NO_D.U_ILA/U_G2_SQ.U_CAPCTRL/U_CAP_ADDRGEN/U_WCNT_HCMP/I_CS_G
AND.U_CS_GAND_SRL/I_A7.U_CS_GAND_SRL_A7/I_USE_RPM_NE0.U_GAND_SRL_SET/I_PARTIAL_S
LICE.U_GAND_SRL_SLICE/U_MUXA/MUXCY_L_BUF
LOCALBUF
		U_ila_pro_0/U0/I_NO_D.U_ILA/U_G2_SQ.U_CAPCTRL/U_CAP_ADDRGEN/U_WCNT_HCMP/I_CS_G
AND.U_CS_GAND_SRL/I_A7.U_CS_GAND_SRL_A7/I_USE_RPM_NE0.U_GAND_SRL_SET/I_PARTIAL_S
LICE.U_GAND_SRL_SLICE/U_MUXB/MUXCY_L_BUF
LOCALBUF
		U_ila_pro_0/U0/I_NO_D.U_ILA/U_G2_SQ.U_CAPCTRL/U_CAP_ADDRGEN/U_WCNT_HCMP/I_CS_G
AND.U_CS_GAND_SRL/I_A7.U_CS_GAND_SRL_A7/I_USE_RPM_NE0.U_GAND_SRL_SET/I_PARTIAL_S
LICE.U_GAND_SRL_SLICE/U_MUXC/MUXCY_L_BUF
LOCALBUF
		U_ila_pro_0/U0/I_NO_D.U_ILA/U_G2_SQ.U_CAPCTRL/U_CAP_ADDRGEN/U_WCNT_HCMP/I_CS_G
AND.U_CS_GAND_SRL/I_A7.U_CS_GAND_SRL_A7/I_USE_RPM_NE0.U_GAND_SRL_SET/I_PARTIAL_S
LICE.U_GAND_SRL_SLICE/U_MUXD/MUXCY_L_BUF
LOCALBUF
		U_ila_pro_0/U0/I_NO_D.U_ILA/U_G2_SQ.U_CAPCTRL/U_CAP_ADDRGEN/U_WCNT_LCMP/I_CS_G
AND.U_CS_GAND_SRL/I_A7.U_CS_GAND_SRL_A7/I_USE_RPM_NE0.U_GAND_SRL_SET/I_PARTIAL_S
LICE.U_GAND_SRL_SLICE/I_IS_TERMINATION_SLICE_NE0.U_MUXF/MUXCY_L_BUF
LOCALBUF
		U_ila_pro_0/U0/I_NO_D.U_ILA/U_G2_SQ.U_CAPCTRL/U_CAP_ADDRGEN/U_WCNT_LCMP/I_CS_G
AND.U_CS_GAND_SRL/I_A7.U_CS_GAND_SRL_A7/I_USE_RPM_NE0.U_GAND_SRL_SET/I_PARTIAL_S
LICE.U_GAND_SRL_SLICE/U_MUXA/MUXCY_L_BUF
LOCALBUF
		U_ila_pro_0/U0/I_NO_D.U_ILA/U_G2_SQ.U_CAPCTRL/U_CAP_ADDRGEN/U_WCNT_LCMP/I_CS_G
AND.U_CS_GAND_SRL/I_A7.U_CS_GAND_SRL_A7/I_USE_RPM_NE0.U_GAND_SRL_SET/I_PARTIAL_S
LICE.U_GAND_SRL_SLICE/U_MUXB/MUXCY_L_BUF
LOCALBUF
		U_ila_pro_0/U0/I_NO_D.U_ILA/U_G2_SQ.U_CAPCTRL/U_CAP_ADDRGEN/U_WCNT_LCMP/I_CS_G
AND.U_CS_GAND_SRL/I_A7.U_CS_GAND_SRL_A7/I_USE_RPM_NE0.U_GAND_SRL_SET/I_PARTIAL_S
LICE.U_GAND_SRL_SLICE/U_MUXC/MUXCY_L_BUF
LOCALBUF
		U_ila_pro_0/U0/I_NO_D.U_ILA/U_G2_SQ.U_CAPCTRL/U_CAP_ADDRGEN/U_WCNT_LCMP/I_CS_G
AND.U_CS_GAND_SRL/I_A7.U_CS_GAND_SRL_A7/I_USE_RPM_NE0.U_GAND_SRL_SET/I_PARTIAL_S
LICE.U_GAND_SRL_SLICE/U_MUXD/MUXCY_L_BUF
BUF 		XLXI_5683
INV 		XLXI_5581
INV 		XLXI_3360
LUT1
		XLXI_6019/U0/xst_fifo_generator/gconvfifo.rf/grf.rf/gntv_or_sync_fifo.gl0.wr/w
pntr/Mcount_count_xor<8>_rt
LUT1
		XLXI_6019/U0/xst_fifo_generator/gconvfifo.rf/grf.rf/gntv_or_sync_fifo.gl0.rd/r
pntr/Mcount_count_xor<8>_rt
LUT1
		XLXI_6019/U0/xst_fifo_generator/gconvfifo.rf/grf.rf/gntv_or_sync_fifo.gl0.wr/w
pntr/Mcount_count_cy<1>_rt
LUT1
		XLXI_6019/U0/xst_fifo_generator/gconvfifo.rf/grf.rf/gntv_or_sync_fifo.gl0.wr/w
pntr/Mcount_count_cy<2>_rt
LUT1
		XLXI_6019/U0/xst_fifo_generator/gconvfifo.rf/grf.rf/gntv_or_sync_fifo.gl0.wr/w
pntr/Mcount_count_cy<3>_rt
LUT1
		XLXI_6019/U0/xst_fifo_generator/gconvfifo.rf/grf.rf/gntv_or_sync_fifo.gl0.wr/w
pntr/Mcount_count_cy<4>_rt
LUT1
		XLXI_6019/U0/xst_fifo_generator/gconvfifo.rf/grf.rf/gntv_or_sync_fifo.gl0.wr/w
pntr/Mcount_count_cy<5>_rt
LUT1
		XLXI_6019/U0/xst_fifo_generator/gconvfifo.rf/grf.rf/gntv_or_sync_fifo.gl0.wr/w
pntr/Mcount_count_cy<6>_rt
LUT1
		XLXI_6019/U0/xst_fifo_generator/gconvfifo.rf/grf.rf/gntv_or_sync_fifo.gl0.wr/w
pntr/Mcount_count_cy<7>_rt
LUT1
		XLXI_6019/U0/xst_fifo_generator/gconvfifo.rf/grf.rf/gntv_or_sync_fifo.gl0.rd/r
pntr/Mcount_count_cy<1>_rt
LUT1
		XLXI_6019/U0/xst_fifo_generator/gconvfifo.rf/grf.rf/gntv_or_sync_fifo.gl0.rd/r
pntr/Mcount_count_cy<2>_rt
LUT1
		XLXI_6019/U0/xst_fifo_generator/gconvfifo.rf/grf.rf/gntv_or_sync_fifo.gl0.rd/r
pntr/Mcount_count_cy<3>_rt
LUT1
		XLXI_6019/U0/xst_fifo_generator/gconvfifo.rf/grf.rf/gntv_or_sync_fifo.gl0.rd/r
pntr/Mcount_count_cy<4>_rt
LUT1
		XLXI_6019/U0/xst_fifo_generator/gconvfifo.rf/grf.rf/gntv_or_sync_fifo.gl0.rd/r
pntr/Mcount_count_cy<5>_rt
LUT1
		XLXI_6019/U0/xst_fifo_generator/gconvfifo.rf/grf.rf/gntv_or_sync_fifo.gl0.rd/r
pntr/Mcount_count_cy<6>_rt
LUT1
		XLXI_6019/U0/xst_fifo_generator/gconvfifo.rf/grf.rf/gntv_or_sync_fifo.gl0.rd/r
pntr/Mcount_count_cy<7>_rt
LUT1 		U_icon_pro/U0/U_ICON/U_STAT/U_STAT_CNT/G[5].U_LUT
LUT1 		U_icon_pro/U0/U_ICON/U_STAT/U_STAT_CNT/G[4].U_LUT
LUT1 		U_icon_pro/U0/U_ICON/U_STAT/U_STAT_CNT/G[3].U_LUT
LUT1 		U_icon_pro/U0/U_ICON/U_STAT/U_STAT_CNT/G[2].U_LUT
LUT1 		U_icon_pro/U0/U_ICON/U_STAT/U_STAT_CNT/G[1].U_LUT
LUT1 		U_icon_pro/U0/U_ICON/U_STAT/U_STAT_CNT/G[0].U_LUT
INV 		U_icon_pro/U0/U_ICON/U_STAT/U_STATCMD_n
LUT1
		U_ila_pro_0/U0/I_NO_D.U_ILA/U_TRIG/U_TM/G_NMU[0].U_M/U_MU/I_MUT_VARX.U_match/I
_SRL32.U_VARX_SRL32/U_G/I_TW_GTE16.F_TW[0].I_YES_RPM.U_MUXD_rt
LUT1
		U_ila_pro_0/U0/I_NO_D.U_ILA/U_TRIG/U_TM/G_NMU[0].U_M/U_MU/I_MUT_VARX.U_match/I
_SRL32.U_VARX_SRL32/U_G/I_TW_GTE16.F_TW[0].I_YES_RPM.U_MUXC_rt
LUT1
		U_ila_pro_0/U0/I_NO_D.U_ILA/U_TRIG/U_TM/G_NMU[0].U_M/U_MU/I_MUT_VARX.U_match/I
_SRL32.U_VARX_SRL32/U_G/I_TW_GTE16.F_TW[0].I_YES_RPM.U_MUXB_rt
LUT1
		U_ila_pro_0/U0/I_NO_D.U_ILA/U_TRIG/U_TM/G_NMU[0].U_M/U_MU/I_MUT_VARX.U_match/I
_SRL32.U_VARX_SRL32/U_G/I_TW_GTE16.F_TW[0].I_YES_RPM.U_MUXA_rt
LUT1
		U_ila_pro_0/U0/I_NO_D.U_ILA/U_TRIG/U_TM/G_NMU[0].U_M/U_MU/I_MUT_VARX.U_match/I
_SRL32.U_VARX_SRL32/U_G/I_TW_GTE16.F_TW[1].I_YES_RPM.U_MUXD_rt
LUT1
		U_ila_pro_0/U0/I_NO_D.U_ILA/U_TRIG/U_TM/G_NMU[0].U_M/U_MU/I_MUT_VARX.U_match/I
_SRL32.U_VARX_SRL32/U_G/I_TW_GTE16.F_TW[1].I_YES_RPM.U_MUXC_rt
LUT1
		U_ila_pro_0/U0/I_NO_D.U_ILA/U_TRIG/U_TM/G_NMU[0].U_M/U_MU/I_MUT_VARX.U_match/I
_SRL32.U_VARX_SRL32/U_G/I_TW_GTE16.F_TW[1].I_YES_RPM.U_MUXB_rt
LUT1
		U_ila_pro_0/U0/I_NO_D.U_ILA/U_TRIG/U_TM/G_NMU[0].U_M/U_MU/I_MUT_VARX.U_match/I
_SRL32.U_VARX_SRL32/U_G/I_TW_GTE16.F_TW[1].I_YES_RPM.U_MUXA_rt
LUT1
		U_ila_pro_0/U0/I_NO_D.U_ILA/U_TRIG/U_TM/G_NMU[0].U_M/U_MU/I_MUT_VARX.U_match/I
_SRL32.U_VARX_SRL32/U_G/I_TW_GTE16.F_TW[2].I_YES_RPM.U_MUXD_rt
LUT1
		U_ila_pro_0/U0/I_NO_D.U_ILA/U_TRIG/U_TM/G_NMU[0].U_M/U_MU/I_MUT_VARX.U_match/I
_SRL32.U_VARX_SRL32/U_G/I_TW_GTE16.F_TW[2].I_YES_RPM.U_MUXC_rt
LUT1
		U_ila_pro_0/U0/I_NO_D.U_ILA/U_TRIG/U_TM/G_NMU[0].U_M/U_MU/I_MUT_VARX.U_match/I
_SRL32.U_VARX_SRL32/U_G/I_TW_GTE16.F_TW[2].I_YES_RPM.U_MUXB_rt
LUT1
		U_ila_pro_0/U0/I_NO_D.U_ILA/U_TRIG/U_TM/G_NMU[0].U_M/U_MU/I_MUT_VARX.U_match/I
_SRL32.U_VARX_SRL32/U_G/I_TW_GTE16.F_TW[2].I_YES_RPM.U_MUXA_rt
LUT1
		U_ila_pro_0/U0/I_NO_D.U_ILA/U_TRIG/U_TM/G_NMU[0].U_M/U_MU/I_MUT_VARX.U_match/I
_SRL32.U_VARX_SRL32/U_G/I_TW_GTE16.F_TW[3].I_YES_RPM.U_MUXD_rt
LUT1
		U_ila_pro_0/U0/I_NO_D.U_ILA/U_TRIG/U_TM/G_NMU[0].U_M/U_MU/I_MUT_VARX.U_match/I
_SRL32.U_VARX_SRL32/U_G/I_TW_GTE16.F_TW[3].I_YES_RPM.U_MUXC_rt
LUT1
		U_ila_pro_0/U0/I_NO_D.U_ILA/U_TRIG/U_TM/G_NMU[0].U_M/U_MU/I_MUT_VARX.U_match/I
_SRL32.U_VARX_SRL32/U_G/I_TW_GTE16.F_TW[3].I_YES_RPM.U_MUXB_rt
LUT1
		U_ila_pro_0/U0/I_NO_D.U_ILA/U_TRIG/U_TM/G_NMU[0].U_M/U_MU/I_MUT_VARX.U_match/I
_SRL32.U_VARX_SRL32/U_G/I_TW_GTE16.F_TW[3].I_YES_RPM.U_MUXA_rt
LUT1
		U_ila_pro_0/U0/I_NO_D.U_ILA/U_TRIG/U_TM/G_NMU[0].U_M/U_MU/I_MUT_VARX.U_match/I
_SRL32.U_VARX_SRL32/U_G/I_TW_GTE16.F_TW[4].I_YES_RPM.U_MUXD_rt
LUT1
		U_ila_pro_0/U0/I_NO_D.U_ILA/U_TRIG/U_TM/G_NMU[0].U_M/U_MU/I_MUT_VARX.U_match/I
_SRL32.U_VARX_SRL32/U_G/I_TW_GTE16.F_TW[4].I_YES_RPM.U_MUXC_rt
LUT1
		U_ila_pro_0/U0/I_NO_D.U_ILA/U_TRIG/U_TM/G_NMU[0].U_M/U_MU/I_MUT_VARX.U_match/I
_SRL32.U_VARX_SRL32/U_G/I_TW_GTE16.F_TW[4].I_YES_RPM.U_MUXB_rt
LUT1
		U_ila_pro_0/U0/I_NO_D.U_ILA/U_TRIG/U_TM/G_NMU[0].U_M/U_MU/I_MUT_VARX.U_match/I
_SRL32.U_VARX_SRL32/U_G/I_TW_GTE16.F_TW[4].I_YES_RPM.U_MUXA_rt
LUT1
		U_ila_pro_0/U0/I_NO_D.U_ILA/U_TRIG/U_TM/G_NMU[0].U_M/U_MU/I_MUT_VARX.U_match/I
_SRL32.U_VARX_SRL32/U_G/I_TW_GTE16.F_TW[5].I_YES_RPM.U_MUXD_rt
LUT1
		U_ila_pro_0/U0/I_NO_D.U_ILA/U_TRIG/U_TM/G_NMU[0].U_M/U_MU/I_MUT_VARX.U_match/I
_SRL32.U_VARX_SRL32/U_G/I_TW_GTE16.F_TW[5].I_YES_RPM.U_MUXC_rt
LUT1
		U_ila_pro_0/U0/I_NO_D.U_ILA/U_TRIG/U_TM/G_NMU[0].U_M/U_MU/I_MUT_VARX.U_match/I
_SRL32.U_VARX_SRL32/U_G/I_TW_GTE16.F_TW[5].I_YES_RPM.U_MUXB_rt
LUT1
		U_ila_pro_0/U0/I_NO_D.U_ILA/U_TRIG/U_TM/G_NMU[0].U_M/U_MU/I_MUT_VARX.U_match/I
_SRL32.U_VARX_SRL32/U_G/I_TW_GTE16.F_TW[5].I_YES_RPM.U_MUXA_rt
LUT1
		U_ila_pro_0/U0/I_NO_D.U_ILA/U_TRIG/U_TM/G_NMU[0].U_M/U_MU/I_MUT_VARX.U_match/I
_SRL32.U_VARX_SRL32/U_G/I_TW_GTE16.F_TW[6].I_YES_RPM.U_MUXD_rt
LUT1
		U_ila_pro_0/U0/I_NO_D.U_ILA/U_TRIG/U_TM/G_NMU[0].U_M/U_MU/I_MUT_VARX.U_match/I
_SRL32.U_VARX_SRL32/U_G/I_TW_GTE16.F_TW[6].I_YES_RPM.U_MUXC_rt
LUT1
		U_ila_pro_0/U0/I_NO_D.U_ILA/U_TRIG/U_TM/G_NMU[0].U_M/U_MU/I_MUT_VARX.U_match/I
_SRL32.U_VARX_SRL32/U_G/I_TW_GTE16.F_TW[6].I_YES_RPM.U_MUXB_rt
LUT1
		U_ila_pro_0/U0/I_NO_D.U_ILA/U_TRIG/U_TM/G_NMU[0].U_M/U_MU/I_MUT_VARX.U_match/I
_SRL32.U_VARX_SRL32/U_G/I_TW_GTE16.F_TW[6].I_YES_RPM.U_MUXA_rt
LUT1
		U_ila_pro_0/U0/I_NO_D.U_ILA/U_CAPSTOR/I_CASE1.I_YES_TB.U_TRACE_BUFFER/U_RD_ROW
_ADDR/G[10].U_LUT
LUT1
		U_ila_pro_0/U0/I_NO_D.U_ILA/U_CAPSTOR/I_CASE1.I_YES_TB.U_TRACE_BUFFER/U_RD_ROW
_ADDR/G[9].U_LUT
LUT1
		U_ila_pro_0/U0/I_NO_D.U_ILA/U_CAPSTOR/I_CASE1.I_YES_TB.U_TRACE_BUFFER/U_RD_ROW
_ADDR/G[8].U_LUT
LUT1
		U_ila_pro_0/U0/I_NO_D.U_ILA/U_CAPSTOR/I_CASE1.I_YES_TB.U_TRACE_BUFFER/U_RD_ROW
_ADDR/G[7].U_LUT
LUT1
		U_ila_pro_0/U0/I_NO_D.U_ILA/U_CAPSTOR/I_CASE1.I_YES_TB.U_TRACE_BUFFER/U_RD_ROW
_ADDR/G[6].U_LUT
LUT1
		U_ila_pro_0/U0/I_NO_D.U_ILA/U_CAPSTOR/I_CASE1.I_YES_TB.U_TRACE_BUFFER/U_RD_ROW
_ADDR/G[5].U_LUT
LUT1
		U_ila_pro_0/U0/I_NO_D.U_ILA/U_CAPSTOR/I_CASE1.I_YES_TB.U_TRACE_BUFFER/U_RD_ROW
_ADDR/G[4].U_LUT
LUT1
		U_ila_pro_0/U0/I_NO_D.U_ILA/U_CAPSTOR/I_CASE1.I_YES_TB.U_TRACE_BUFFER/U_RD_ROW
_ADDR/G[3].U_LUT
LUT1
		U_ila_pro_0/U0/I_NO_D.U_ILA/U_CAPSTOR/I_CASE1.I_YES_TB.U_TRACE_BUFFER/U_RD_ROW
_ADDR/G[2].U_LUT
LUT1
		U_ila_pro_0/U0/I_NO_D.U_ILA/U_CAPSTOR/I_CASE1.I_YES_TB.U_TRACE_BUFFER/U_RD_ROW
_ADDR/G[1].U_LUT
LUT1
		U_ila_pro_0/U0/I_NO_D.U_ILA/U_CAPSTOR/I_CASE1.I_YES_TB.U_TRACE_BUFFER/U_RD_ROW
_ADDR/G[0].U_LUT
LUT1
		U_ila_pro_0/U0/I_NO_D.U_ILA/U_CAPSTOR/I_CASE1.I_YES_TB.U_TRACE_BUFFER/I_MULT_R
OW.U_RD_COL_ADDR_A/u_cnt/G[0].U_LUT
LUT1
		U_ila_pro_0/U0/I_NO_D.U_ILA/U_CAPSTOR/I_CASE1.I_YES_TB.U_TRACE_BUFFER/I_MULT_R
OW.U_RD_COL_ADDR_A/u_cnt/G[1].U_LUT
LUT1
		U_ila_pro_0/U0/I_NO_D.U_ILA/U_CAPSTOR/I_CASE1.I_YES_TB.U_TRACE_BUFFER/I_MULT_R
OW.U_RD_COL_ADDR_A/u_cnt/G[2].U_LUT
LUT1
		U_ila_pro_0/U0/I_NO_D.U_ILA/U_CAPSTOR/I_CASE1.I_YES_TB.U_TRACE_BUFFER/I_MULT_R
OW.U_RD_COL_ADDR_A/u_cnt/G[3].U_LUT
LUT1
		U_ila_pro_0/U0/I_NO_D.U_ILA/U_CAPSTOR/I_CASE1.I_YES_TB.U_TRACE_BUFFER/I_MULT_R
OW.U_RD_COL_ADDR_A/u_cnt/G[4].U_LUT
LUT1
		U_ila_pro_0/U0/I_NO_D.U_ILA/U_CAPSTOR/I_CASE1.I_YES_TB.U_TRACE_BUFFER/I_MULT_R
OW.U_RD_COL_ADDR_A/u_cnt/G[5].U_LUT
LUT1
		U_ila_pro_0/U0/I_NO_D.U_ILA/U_CAPSTOR/I_CASE1.I_YES_TB.U_TRACE_BUFFER/I_MULT_R
OW.U_RD_COL_ADDR_B/u_cnt/G[5].U_LUT
LUT1
		U_ila_pro_0/U0/I_NO_D.U_ILA/U_CAPSTOR/I_CASE1.I_YES_TB.U_TRACE_BUFFER/I_MULT_R
OW.U_RD_COL_ADDR_B/u_cnt/G[4].U_LUT
LUT1
		U_ila_pro_0/U0/I_NO_D.U_ILA/U_CAPSTOR/I_CASE1.I_YES_TB.U_TRACE_BUFFER/I_MULT_R
OW.U_RD_COL_ADDR_B/u_cnt/G[3].U_LUT
LUT1
		U_ila_pro_0/U0/I_NO_D.U_ILA/U_CAPSTOR/I_CASE1.I_YES_TB.U_TRACE_BUFFER/I_MULT_R
OW.U_RD_COL_ADDR_B/u_cnt/G[2].U_LUT
LUT1
		U_ila_pro_0/U0/I_NO_D.U_ILA/U_CAPSTOR/I_CASE1.I_YES_TB.U_TRACE_BUFFER/I_MULT_R
OW.U_RD_COL_ADDR_B/u_cnt/G[1].U_LUT
LUT1
		U_ila_pro_0/U0/I_NO_D.U_ILA/U_CAPSTOR/I_CASE1.I_YES_TB.U_TRACE_BUFFER/I_MULT_R
OW.U_RD_COL_ADDR_B/u_cnt/G[0].U_LUT
LUT1
		U_ila_pro_0/U0/I_NO_D.U_ILA/U_G2_SQ.U_CAPCTRL/U_CAP_ADDRGEN/I_SRLT_NE_1.U_WCNT
/G[0].U_LUT
LUT1
		U_ila_pro_0/U0/I_NO_D.U_ILA/U_G2_SQ.U_CAPCTRL/U_CAP_ADDRGEN/I_SRLT_NE_1.U_WCNT
/G[1].U_LUT
LUT1
		U_ila_pro_0/U0/I_NO_D.U_ILA/U_G2_SQ.U_CAPCTRL/U_CAP_ADDRGEN/I_SRLT_NE_1.U_WCNT
/G[2].U_LUT
LUT1
		U_ila_pro_0/U0/I_NO_D.U_ILA/U_G2_SQ.U_CAPCTRL/U_CAP_ADDRGEN/I_SRLT_NE_1.U_WCNT
/G[3].U_LUT
LUT1
		U_ila_pro_0/U0/I_NO_D.U_ILA/U_G2_SQ.U_CAPCTRL/U_CAP_ADDRGEN/I_SRLT_NE_1.U_WCNT
/G[4].U_LUT
LUT1
		U_ila_pro_0/U0/I_NO_D.U_ILA/U_G2_SQ.U_CAPCTRL/U_CAP_ADDRGEN/I_SRLT_NE_1.U_WCNT
/G[5].U_LUT
LUT1
		U_ila_pro_0/U0/I_NO_D.U_ILA/U_G2_SQ.U_CAPCTRL/U_CAP_ADDRGEN/I_SRLT_NE_1.U_WCNT
/G[6].U_LUT
LUT1
		U_ila_pro_0/U0/I_NO_D.U_ILA/U_G2_SQ.U_CAPCTRL/U_CAP_ADDRGEN/I_SRLT_NE_1.U_WCNT
/G[7].U_LUT
LUT1
		U_ila_pro_0/U0/I_NO_D.U_ILA/U_G2_SQ.U_CAPCTRL/U_CAP_ADDRGEN/I_SRLT_NE_1.U_WCNT
/G[8].U_LUT
LUT1
		U_ila_pro_0/U0/I_NO_D.U_ILA/U_G2_SQ.U_CAPCTRL/U_CAP_ADDRGEN/I_SRLT_NE_1.U_WCNT
/G[9].U_LUT
LUT1
		U_ila_pro_0/U0/I_NO_D.U_ILA/U_G2_SQ.U_CAPCTRL/U_CAP_ADDRGEN/I_NO_TSEQ.I_SRLT_N
E_1.U_SCNT/G[0].U_LUT
LUT1
		U_ila_pro_0/U0/I_NO_D.U_ILA/U_G2_SQ.U_CAPCTRL/U_CAP_ADDRGEN/I_NO_TSEQ.I_SRLT_N
E_1.U_SCNT/G[1].U_LUT
LUT1
		U_ila_pro_0/U0/I_NO_D.U_ILA/U_G2_SQ.U_CAPCTRL/U_CAP_ADDRGEN/I_NO_TSEQ.I_SRLT_N
E_1.U_SCNT/G[2].U_LUT
LUT1
		U_ila_pro_0/U0/I_NO_D.U_ILA/U_G2_SQ.U_CAPCTRL/U_CAP_ADDRGEN/I_NO_TSEQ.I_SRLT_N
E_1.U_SCNT/G[3].U_LUT
LUT1
		U_ila_pro_0/U0/I_NO_D.U_ILA/U_G2_SQ.U_CAPCTRL/U_CAP_ADDRGEN/I_NO_TSEQ.I_SRLT_N
E_1.U_SCNT/G[4].U_LUT
LUT1
		U_ila_pro_0/U0/I_NO_D.U_ILA/U_G2_SQ.U_CAPCTRL/U_CAP_ADDRGEN/I_NO_TSEQ.I_SRLT_N
E_1.U_SCNT/G[5].U_LUT
LUT1
		U_ila_pro_0/U0/I_NO_D.U_ILA/U_G2_SQ.U_CAPCTRL/U_CAP_ADDRGEN/I_NO_TSEQ.I_SRLT_N
E_1.U_SCNT/G[6].U_LUT
LUT1
		U_ila_pro_0/U0/I_NO_D.U_ILA/U_G2_SQ.U_CAPCTRL/U_CAP_ADDRGEN/I_NO_TSEQ.I_SRLT_N
E_1.U_SCNT/G[7].U_LUT
LUT1
		U_ila_pro_0/U0/I_NO_D.U_ILA/U_G2_SQ.U_CAPCTRL/U_CAP_ADDRGEN/I_NO_TSEQ.I_SRLT_N
E_1.U_SCNT/G[8].U_LUT
LUT1
		U_ila_pro_0/U0/I_NO_D.U_ILA/U_G2_SQ.U_CAPCTRL/U_CAP_ADDRGEN/I_NO_TSEQ.I_SRLT_N
E_1.U_SCNT/G[9].U_LUT
LUT1 		U_ila_pro_0/U0/I_NO_D.U_ILA/U_STAT/U_STAT_CNT/G[9].U_LUT
LUT1 		U_ila_pro_0/U0/I_NO_D.U_ILA/U_STAT/U_STAT_CNT/G[8].U_LUT
LUT1 		U_ila_pro_0/U0/I_NO_D.U_ILA/U_STAT/U_STAT_CNT/G[7].U_LUT
LUT1 		U_ila_pro_0/U0/I_NO_D.U_ILA/U_STAT/U_STAT_CNT/G[6].U_LUT
LUT1 		U_ila_pro_0/U0/I_NO_D.U_ILA/U_STAT/U_STAT_CNT/G[5].U_LUT
LUT1 		U_ila_pro_0/U0/I_NO_D.U_ILA/U_STAT/U_STAT_CNT/G[4].U_LUT
LUT1 		U_ila_pro_0/U0/I_NO_D.U_ILA/U_STAT/U_STAT_CNT/G[3].U_LUT
LUT1 		U_ila_pro_0/U0/I_NO_D.U_ILA/U_STAT/U_STAT_CNT/G[2].U_LUT
LUT1 		U_ila_pro_0/U0/I_NO_D.U_ILA/U_STAT/U_STAT_CNT/G[1].U_LUT
LUT1 		U_ila_pro_0/U0/I_NO_D.U_ILA/U_STAT/U_STAT_CNT/G[0].U_LUT
INV 		U_ila_pro_0/U0/I_NO_D.U_ILA/U_STAT/U_STATCMD_n
OR2 		XLXI_5985
OR2 		XLXI_5986
OR3 		XLXI_5838
LUT1 		TokenStack_vector_0/Mcount_event_number_sig_cy<1>_rt
LUT1 		TokenStack_vector_0/Mcount_event_number_sig_cy<2>_rt
LUT1 		TokenStack_vector_0/Mcount_event_number_sig_cy<3>_rt
LUT1 		TokenStack_vector_0/Mcount_event_number_sig_cy<4>_rt
LUT1 		TokenStack_vector_0/Mcount_event_number_sig_cy<5>_rt
LUT1 		TokenStack_vector_0/Mcount_event_number_sig_cy<6>_rt
LUT1 		TokenStack_vector_0/Mcount_event_number_sig_cy<7>_rt
LUT1 		TokenStack_vector_0/Mcount_event_number_sig_cy<8>_rt
LUT1 		TokenStack_vector_0/Mcount_event_number_sig_cy<9>_rt
LUT1 		TokenStack_vector_0/Mcount_event_number_sig_cy<10>_rt
LUT1 		TokenStack_vector_0/Mcount_event_number_sig_cy<11>_rt
LUT1 		TokenStack_vector_0/Mcount_event_number_sig_cy<12>_rt
LUT1 		TokenStack_vector_0/Mcount_event_number_sig_cy<13>_rt
LUT1 		TokenStack_vector_0/Mcount_event_number_sig_cy<14>_rt
LUT1 		TokenStack_vector_0/Mcount_event_number_sig_cy<15>_rt
LUT1 		TokenStack_vector_0/Mcount_event_number_sig_cy<16>_rt
LUT1 		TokenStack_vector_0/Mcount_event_number_sig_cy<17>_rt
LUT1 		TokenStack_vector_0/Mcount_event_number_sig_cy<18>_rt
LUT1 		TokenStack_vector_1/Mcount_event_number_sig_cy<1>_rt
LUT1 		TokenStack_vector_1/Mcount_event_number_sig_cy<2>_rt
LUT1 		TokenStack_vector_1/Mcount_event_number_sig_cy<3>_rt
LUT1 		TokenStack_vector_1/Mcount_event_number_sig_cy<4>_rt
LUT1 		TokenStack_vector_1/Mcount_event_number_sig_cy<5>_rt
LUT1 		TokenStack_vector_1/Mcount_event_number_sig_cy<6>_rt
LUT1 		TokenStack_vector_1/Mcount_event_number_sig_cy<7>_rt
LUT1 		TokenStack_vector_1/Mcount_event_number_sig_cy<8>_rt
LUT1 		TokenStack_vector_1/Mcount_event_number_sig_cy<9>_rt
LUT1 		TokenStack_vector_1/Mcount_event_number_sig_cy<10>_rt
LUT1 		TokenStack_vector_1/Mcount_event_number_sig_cy<11>_rt
LUT1 		TokenStack_vector_1/Mcount_event_number_sig_cy<12>_rt
LUT1 		TokenStack_vector_1/Mcount_event_number_sig_cy<13>_rt
LUT1 		TokenStack_vector_1/Mcount_event_number_sig_cy<14>_rt
LUT1 		TokenStack_vector_1/Mcount_event_number_sig_cy<15>_rt
LUT1 		TokenStack_vector_1/Mcount_event_number_sig_cy<16>_rt
LUT1 		TokenStack_vector_1/Mcount_event_number_sig_cy<17>_rt
LUT1 		TokenStack_vector_1/Mcount_event_number_sig_cy<18>_rt
LUT1 		TokenStack_vector_2/Mcount_event_number_sig_cy<1>_rt
LUT1 		TokenStack_vector_2/Mcount_event_number_sig_cy<2>_rt
LUT1 		TokenStack_vector_2/Mcount_event_number_sig_cy<3>_rt
LUT1 		TokenStack_vector_2/Mcount_event_number_sig_cy<4>_rt
LUT1 		TokenStack_vector_2/Mcount_event_number_sig_cy<5>_rt
LUT1 		TokenStack_vector_2/Mcount_event_number_sig_cy<6>_rt
LUT1 		TokenStack_vector_2/Mcount_event_number_sig_cy<7>_rt
LUT1 		TokenStack_vector_2/Mcount_event_number_sig_cy<8>_rt
LUT1 		TokenStack_vector_2/Mcount_event_number_sig_cy<9>_rt
LUT1 		TokenStack_vector_2/Mcount_event_number_sig_cy<10>_rt
LUT1 		TokenStack_vector_2/Mcount_event_number_sig_cy<11>_rt
LUT1 		TokenStack_vector_2/Mcount_event_number_sig_cy<12>_rt
LUT1 		TokenStack_vector_2/Mcount_event_number_sig_cy<13>_rt
LUT1 		TokenStack_vector_2/Mcount_event_number_sig_cy<14>_rt
LUT1 		TokenStack_vector_2/Mcount_event_number_sig_cy<15>_rt
LUT1 		TokenStack_vector_2/Mcount_event_number_sig_cy<16>_rt
LUT1 		TokenStack_vector_2/Mcount_event_number_sig_cy<17>_rt
LUT1 		TokenStack_vector_2/Mcount_event_number_sig_cy<18>_rt
LUT1 		XLXI_5598/Mcount_timestamp_sig_cy<1>_rt
LUT1 		XLXI_5598/Mcount_timestamp_sig_cy<2>_rt
LUT1 		XLXI_5598/Mcount_timestamp_sig_cy<3>_rt
LUT1 		XLXI_5598/Mcount_timestamp_sig_cy<4>_rt
LUT1 		XLXI_5598/Mcount_timestamp_sig_cy<5>_rt
LUT1 		XLXI_5598/Mcount_timestamp_sig_cy<6>_rt
LUT1 		XLXI_5598/Mcount_timestamp_sig_cy<7>_rt
LUT1 		XLXI_5598/Mcount_timestamp_sig_cy<8>_rt
LUT1 		XLXI_5598/Mcount_timestamp_sig_cy<9>_rt
LUT1 		XLXI_5598/Mcount_timestamp_sig_cy<10>_rt
LUT1 		XLXI_5598/Mcount_timestamp_sig_cy<11>_rt
LUT1 		XLXI_5598/Mcount_timestamp_sig_cy<12>_rt
LUT1 		XLXI_5598/Mcount_timestamp_sig_cy<13>_rt
LUT1 		XLXI_5598/Mcount_timestamp_sig_cy<14>_rt
LUT1 		XLXI_5598/Mcount_timestamp_sig_cy<15>_rt
LUT1 		XLXI_5598/Mcount_timestamp_sig_cy<16>_rt
LUT1 		XLXI_5598/Mcount_timestamp_sig_cy<17>_rt
LUT1 		XLXI_5598/Mcount_timestamp_sig_cy<18>_rt
LUT1 		XLXI_5598/Mcount_timestamp_sig_cy<19>_rt
LUT1 		XLXI_5598/Mcount_timestamp_sig_cy<20>_rt
LUT1 		XLXI_5598/Mcount_timestamp_sig_cy<21>_rt
LUT1 		XLXI_5598/Mcount_timestamp_sig_cy<22>_rt
LUT1 		XLXI_5598/Mcount_timestamp_sig_cy<23>_rt
LUT1 		XLXI_5598/Mcount_timestamp_sig_cy<24>_rt
LUT1 		XLXI_5598/Mcount_timestamp_sig_cy<25>_rt
LUT1 		XLXI_5598/Mcount_timestamp_sig_cy<26>_rt
LUT1 		XLXI_5598/Mcount_timestamp_sig_cy<27>_rt
LUT1 		XLXI_5598/Mcount_trigger_counter_sig_cy<1>_rt
LUT1 		XLXI_5598/Mcount_trigger_counter_sig_cy<2>_rt
LUT1 		XLXI_5598/Mcount_trigger_counter_sig_cy<3>_rt
LUT1 		XLXI_5598/Mcount_trigger_counter_sig_cy<4>_rt
LUT1 		XLXI_5598/Mcount_trigger_counter_sig_cy<5>_rt
LUT1 		XLXI_5598/Mcount_trigger_counter_sig_cy<6>_rt
LUT1 		XLXI_5598/Mcount_trigger_counter_sig_cy<7>_rt
LUT1 		XLXI_5598/Mcount_trigger_counter_sig_cy<8>_rt
LUT1 		XLXI_5598/Mcount_trigger_counter_sig_cy<9>_rt
LUT1 		XLXI_5598/Mcount_trigger_counter_sig_cy<10>_rt
LUT1 		XLXI_5598/Mcount_trigger_counter_sig_cy<11>_rt
LUT1 		XLXI_5598/Mcount_trigger_counter_sig_cy<12>_rt
LUT1 		XLXI_5598/Mcount_trigger_counter_sig_cy<13>_rt
LUT1 		XLXI_5598/Mcount_trigger_counter_sig_cy<14>_rt
LUT1 		XLXI_5598/Mcount_trigger_counter_sig_cy<15>_rt
LUT1 		XLXI_5598/Mcount_trigger_counter_sig_cy<16>_rt
LUT1 		XLXI_5598/Mcount_trigger_counter_sig_cy<17>_rt
LUT1 		XLXI_5598/Mcount_trigger_counter_sig_cy<18>_rt
LUT1 		XLXI_5836/Mcount_psi_clk_delay_cnt_cy<1>_rt
LUT1 		XLXI_5836/Mcount_psi_clk_delay_cnt_cy<2>_rt
LUT1 		XLXI_5836/Mcount_psi_clk_delay_cnt_cy<3>_rt
LUT1 		XLXI_5836/Mcount_psi_clk_delay_cnt_cy<4>_rt
LUT1 		XLXI_5836/Mcount_psi_clk_delay_cnt_cy<5>_rt
LUT1 		XLXI_5836/Mcount_psi_clk_delay_cnt_cy<6>_rt
LUT1 		XLXI_5836/Mcount_psi_clk_delay_cnt_xor<7>_rt
LUT1 		XLXI_6042/Mcount_reg_to_trigger_delay_cnt_cy<0>_rt
LUT1 		XLXI_6315/Mcount_cnt_cy<1>_rt
LUT1 		XLXI_6315/Mcount_cnt_cy<2>_rt
LUT1 		XLXI_6315/Mcount_cnt_cy<3>_rt
LUT1 		XLXI_6315/Mcount_cnt_cy<4>_rt
LUT1 		XLXI_6315/Mcount_cnt_cy<5>_rt
LUT1 		XLXI_6315/Mcount_cnt_xor<6>_rt
LUT1
		XLXI_6334/burst_traffic_controller_blk/Madd_clocks_since_send[33]_GND_243_o_ad
d_1_OUT_cy<1>_rt
LUT1
		XLXI_6334/burst_traffic_controller_blk/Madd_clocks_since_send[33]_GND_243_o_ad
d_1_OUT_cy<2>_rt
LUT1
		XLXI_6334/burst_traffic_controller_blk/Madd_clocks_since_send[33]_GND_243_o_ad
d_1_OUT_cy<3>_rt
LUT1
		XLXI_6334/burst_traffic_controller_blk/Madd_clocks_since_send[33]_GND_243_o_ad
d_1_OUT_cy<4>_rt
LUT1
		XLXI_6334/burst_traffic_controller_blk/Madd_clocks_since_send[33]_GND_243_o_ad
d_1_OUT_cy<5>_rt
LUT1
		XLXI_6334/burst_traffic_controller_blk/Madd_clocks_since_send[33]_GND_243_o_ad
d_1_OUT_cy<6>_rt
LUT1
		XLXI_6334/burst_traffic_controller_blk/Madd_clocks_since_send[33]_GND_243_o_ad
d_1_OUT_cy<7>_rt
LUT1
		XLXI_6334/burst_traffic_controller_blk/Madd_clocks_since_send[33]_GND_243_o_ad
d_1_OUT_cy<8>_rt
LUT1
		XLXI_6334/burst_traffic_controller_blk/Madd_clocks_since_send[33]_GND_243_o_ad
d_1_OUT_cy<9>_rt
LUT1
		XLXI_6334/burst_traffic_controller_blk/Madd_clocks_since_send[33]_GND_243_o_ad
d_1_OUT_cy<10>_rt
LUT1
		XLXI_6334/burst_traffic_controller_blk/Madd_clocks_since_send[33]_GND_243_o_ad
d_1_OUT_cy<11>_rt
LUT1
		XLXI_6334/burst_traffic_controller_blk/Madd_clocks_since_send[33]_GND_243_o_ad
d_1_OUT_cy<12>_rt
LUT1
		XLXI_6334/burst_traffic_controller_blk/Madd_clocks_since_send[33]_GND_243_o_ad
d_1_OUT_cy<13>_rt
LUT1
		XLXI_6334/burst_traffic_controller_blk/Madd_clocks_since_send[33]_GND_243_o_ad
d_1_OUT_cy<14>_rt
LUT1
		XLXI_6334/burst_traffic_controller_blk/Madd_clocks_since_send[33]_GND_243_o_ad
d_1_OUT_cy<15>_rt
LUT1
		XLXI_6334/burst_traffic_controller_blk/Madd_clocks_since_send[33]_GND_243_o_ad
d_1_OUT_cy<16>_rt
LUT1
		XLXI_6334/burst_traffic_controller_blk/Madd_clocks_since_send[33]_GND_243_o_ad
d_1_OUT_cy<17>_rt
LUT1
		XLXI_6334/burst_traffic_controller_blk/Madd_clocks_since_send[33]_GND_243_o_ad
d_1_OUT_cy<18>_rt
LUT1
		XLXI_6334/burst_traffic_controller_blk/Madd_clocks_since_send[33]_GND_243_o_ad
d_1_OUT_cy<19>_rt
LUT1
		XLXI_6334/burst_traffic_controller_blk/Madd_clocks_since_send[33]_GND_243_o_ad
d_1_OUT_cy<20>_rt
LUT1
		XLXI_6334/burst_traffic_controller_blk/Madd_clocks_since_send[33]_GND_243_o_ad
d_1_OUT_cy<21>_rt
LUT1
		XLXI_6334/burst_traffic_controller_blk/Madd_clocks_since_send[33]_GND_243_o_ad
d_1_OUT_cy<22>_rt
LUT1
		XLXI_6334/burst_traffic_controller_blk/Madd_clocks_since_send[33]_GND_243_o_ad
d_1_OUT_cy<23>_rt
LUT1
		XLXI_6334/burst_traffic_controller_blk/Madd_clocks_since_send[33]_GND_243_o_ad
d_1_OUT_cy<24>_rt
LUT1
		XLXI_6334/burst_traffic_controller_blk/Madd_clocks_since_send[33]_GND_243_o_ad
d_1_OUT_cy<25>_rt
LUT1
		XLXI_6334/burst_traffic_controller_blk/Madd_clocks_since_send[33]_GND_243_o_ad
d_1_OUT_cy<26>_rt
LUT1
		XLXI_6334/burst_traffic_controller_blk/Madd_clocks_since_send[33]_GND_243_o_ad
d_1_OUT_cy<27>_rt
LUT1
		XLXI_6334/burst_traffic_controller_blk/Madd_clocks_since_send[33]_GND_243_o_ad
d_1_OUT_cy<28>_rt
LUT1
		XLXI_6334/burst_traffic_controller_blk/Madd_clocks_since_send[33]_GND_243_o_ad
d_1_OUT_cy<29>_rt
LUT1
		XLXI_6334/burst_traffic_controller_blk/Madd_clocks_since_send[33]_GND_243_o_ad
d_1_OUT_cy<30>_rt
LUT1
		XLXI_6334/burst_traffic_controller_blk/Madd_clocks_since_send[33]_GND_243_o_ad
d_1_OUT_cy<31>_rt
LUT1
		XLXI_6334/burst_traffic_controller_blk/Madd_clocks_since_send[33]_GND_243_o_ad
d_1_OUT_cy<32>_rt
LUT1
		XLXI_6334/burst_traffic_controller_blk/Madd_clocks_since_send[33]_GND_243_o_ad
d_1_OUT_xor<33>_rt
LUT1 		XLXI_6334/data_manager_blk/GEC_TX_SEQ_CTL/Mcount_ctrl_seq_count_cy<1>_rt
LUT1 		XLXI_6334/data_manager_blk/GEC_TX_SEQ_CTL/Mcount_ctrl_seq_count_cy<2>_rt
LUT1 		XLXI_6334/data_manager_blk/GEC_TX_SEQ_CTL/Mcount_ctrl_seq_count_cy<3>_rt
LUT1 		XLXI_6334/data_manager_blk/GEC_TX_SEQ_CTL/Mcount_ctrl_seq_count_cy<4>_rt
LUT1 		XLXI_6334/data_manager_blk/GEC_TX_SEQ_CTL/Mcount_ctrl_seq_count_cy<5>_rt
LUT1 		XLXI_6334/data_manager_blk/GEC_TX_SEQ_CTL/Mcount_ctrl_seq_count_cy<6>_rt
LUT1 		XLXI_6334/data_manager_blk/GEC_TX_SEQ_CTL/Mcount_data_seq_count_cy<1>_rt
LUT1 		XLXI_6334/data_manager_blk/GEC_TX_SEQ_CTL/Mcount_data_seq_count_cy<2>_rt
LUT1 		XLXI_6334/data_manager_blk/GEC_TX_SEQ_CTL/Mcount_data_seq_count_cy<3>_rt
LUT1 		XLXI_6334/data_manager_blk/GEC_TX_SEQ_CTL/Mcount_data_seq_count_cy<4>_rt
LUT1 		XLXI_6334/data_manager_blk/GEC_TX_SEQ_CTL/Mcount_data_seq_count_cy<5>_rt
LUT1 		XLXI_6334/data_manager_blk/GEC_TX_SEQ_CTL/Mcount_data_seq_count_cy<6>_rt
LUT1 		XLXI_6334/data_manager_blk/GEC_TX_SEQ_CTL/Mcount_ctrl_seq_count_xor<7>_rt
LUT1 		XLXI_6334/data_manager_blk/GEC_TX_SEQ_CTL/Mcount_data_seq_count_xor<7>_rt
LUT1
		XLXI_6334/data_manager_blk/RAM_COMM_DEC/Madd_ram_addr_sig[63]_GND_241_o_add_29
_OUT_cy<1>_rt
LUT1
		XLXI_6334/data_manager_blk/RAM_COMM_DEC/Madd_ram_addr_sig[63]_GND_241_o_add_29
_OUT_cy<2>_rt
LUT1
		XLXI_6334/data_manager_blk/RAM_COMM_DEC/Madd_ram_addr_sig[63]_GND_241_o_add_29
_OUT_cy<3>_rt
LUT1
		XLXI_6334/data_manager_blk/RAM_COMM_DEC/Madd_ram_addr_sig[63]_GND_241_o_add_29
_OUT_cy<4>_rt
LUT1
		XLXI_6334/data_manager_blk/RAM_COMM_DEC/Madd_ram_addr_sig[63]_GND_241_o_add_29
_OUT_cy<5>_rt
LUT1
		XLXI_6334/data_manager_blk/RAM_COMM_DEC/Madd_ram_addr_sig[63]_GND_241_o_add_29
_OUT_cy<6>_rt
LUT1
		XLXI_6334/data_manager_blk/RAM_COMM_DEC/Madd_ram_addr_sig[63]_GND_241_o_add_29
_OUT_cy<7>_rt
LUT1
		XLXI_6334/data_manager_blk/RAM_COMM_DEC/Madd_ram_addr_sig[63]_GND_241_o_add_29
_OUT_cy<8>_rt
LUT1
		XLXI_6334/data_manager_blk/RAM_COMM_DEC/Madd_ram_addr_sig[63]_GND_241_o_add_29
_OUT_cy<9>_rt
LUT1
		XLXI_6334/data_manager_blk/RAM_COMM_DEC/Madd_ram_addr_sig[63]_GND_241_o_add_29
_OUT_cy<10>_rt
LUT1
		XLXI_6334/data_manager_blk/RAM_COMM_DEC/Madd_ram_addr_sig[63]_GND_241_o_add_29
_OUT_cy<11>_rt
LUT1
		XLXI_6334/data_manager_blk/RAM_COMM_DEC/Madd_ram_addr_sig[63]_GND_241_o_add_29
_OUT_cy<12>_rt
LUT1
		XLXI_6334/data_manager_blk/RAM_COMM_DEC/Madd_ram_addr_sig[63]_GND_241_o_add_29
_OUT_cy<13>_rt
LUT1
		XLXI_6334/data_manager_blk/RAM_COMM_DEC/Madd_ram_addr_sig[63]_GND_241_o_add_29
_OUT_cy<14>_rt
LUT1
		XLXI_6334/data_manager_blk/RAM_COMM_DEC/Madd_ram_addr_sig[63]_GND_241_o_add_29
_OUT_cy<15>_rt
LUT1
		XLXI_6334/data_manager_blk/RAM_COMM_DEC/Madd_ram_addr_sig[63]_GND_241_o_add_29
_OUT_cy<16>_rt
LUT1
		XLXI_6334/data_manager_blk/RAM_COMM_DEC/Madd_ram_addr_sig[63]_GND_241_o_add_29
_OUT_cy<17>_rt
LUT1
		XLXI_6334/data_manager_blk/RAM_COMM_DEC/Madd_ram_addr_sig[63]_GND_241_o_add_29
_OUT_cy<18>_rt
LUT1
		XLXI_6334/data_manager_blk/RAM_COMM_DEC/Madd_ram_addr_sig[63]_GND_241_o_add_29
_OUT_cy<19>_rt
LUT1
		XLXI_6334/data_manager_blk/RAM_COMM_DEC/Madd_ram_addr_sig[63]_GND_241_o_add_29
_OUT_cy<20>_rt
LUT1
		XLXI_6334/data_manager_blk/RAM_COMM_DEC/Madd_ram_addr_sig[63]_GND_241_o_add_29
_OUT_cy<21>_rt
LUT1
		XLXI_6334/data_manager_blk/RAM_COMM_DEC/Madd_ram_addr_sig[63]_GND_241_o_add_29
_OUT_cy<22>_rt
LUT1
		XLXI_6334/data_manager_blk/RAM_COMM_DEC/Madd_ram_addr_sig[63]_GND_241_o_add_29
_OUT_cy<23>_rt
LUT1
		XLXI_6334/data_manager_blk/RAM_COMM_DEC/Madd_ram_addr_sig[63]_GND_241_o_add_29
_OUT_cy<24>_rt
LUT1
		XLXI_6334/data_manager_blk/RAM_COMM_DEC/Madd_ram_addr_sig[63]_GND_241_o_add_29
_OUT_cy<25>_rt
LUT1
		XLXI_6334/data_manager_blk/RAM_COMM_DEC/Madd_ram_addr_sig[63]_GND_241_o_add_29
_OUT_cy<26>_rt
LUT1
		XLXI_6334/data_manager_blk/RAM_COMM_DEC/Madd_ram_addr_sig[63]_GND_241_o_add_29
_OUT_cy<27>_rt
LUT1
		XLXI_6334/data_manager_blk/RAM_COMM_DEC/Madd_ram_addr_sig[63]_GND_241_o_add_29
_OUT_cy<28>_rt
LUT1
		XLXI_6334/data_manager_blk/RAM_COMM_DEC/Madd_ram_addr_sig[63]_GND_241_o_add_29
_OUT_cy<29>_rt
LUT1
		XLXI_6334/data_manager_blk/RAM_COMM_DEC/Madd_ram_addr_sig[63]_GND_241_o_add_29
_OUT_cy<30>_rt
LUT1
		XLXI_6334/data_manager_blk/RAM_COMM_DEC/Madd_ram_addr_sig[63]_GND_241_o_add_29
_OUT_cy<31>_rt
LUT1
		XLXI_6334/data_manager_blk/RAM_COMM_DEC/Madd_ram_addr_sig[63]_GND_241_o_add_29
_OUT_cy<32>_rt
LUT1
		XLXI_6334/data_manager_blk/RAM_COMM_DEC/Madd_ram_addr_sig[63]_GND_241_o_add_29
_OUT_cy<33>_rt
LUT1
		XLXI_6334/data_manager_blk/RAM_COMM_DEC/Madd_ram_addr_sig[63]_GND_241_o_add_29
_OUT_cy<34>_rt
LUT1
		XLXI_6334/data_manager_blk/RAM_COMM_DEC/Madd_ram_addr_sig[63]_GND_241_o_add_29
_OUT_cy<35>_rt
LUT1
		XLXI_6334/data_manager_blk/RAM_COMM_DEC/Madd_ram_addr_sig[63]_GND_241_o_add_29
_OUT_cy<36>_rt
LUT1
		XLXI_6334/data_manager_blk/RAM_COMM_DEC/Madd_ram_addr_sig[63]_GND_241_o_add_29
_OUT_cy<37>_rt
LUT1
		XLXI_6334/data_manager_blk/RAM_COMM_DEC/Madd_ram_addr_sig[63]_GND_241_o_add_29
_OUT_cy<38>_rt
LUT1
		XLXI_6334/data_manager_blk/RAM_COMM_DEC/Madd_ram_addr_sig[63]_GND_241_o_add_29
_OUT_cy<39>_rt
LUT1
		XLXI_6334/data_manager_blk/RAM_COMM_DEC/Madd_ram_addr_sig[63]_GND_241_o_add_29
_OUT_cy<40>_rt
LUT1
		XLXI_6334/data_manager_blk/RAM_COMM_DEC/Madd_ram_addr_sig[63]_GND_241_o_add_29
_OUT_cy<41>_rt
LUT1
		XLXI_6334/data_manager_blk/RAM_COMM_DEC/Madd_ram_addr_sig[63]_GND_241_o_add_29
_OUT_cy<42>_rt
LUT1
		XLXI_6334/data_manager_blk/RAM_COMM_DEC/Madd_ram_addr_sig[63]_GND_241_o_add_29
_OUT_cy<43>_rt
LUT1
		XLXI_6334/data_manager_blk/RAM_COMM_DEC/Madd_ram_addr_sig[63]_GND_241_o_add_29
_OUT_cy<44>_rt
LUT1
		XLXI_6334/data_manager_blk/RAM_COMM_DEC/Madd_ram_addr_sig[63]_GND_241_o_add_29
_OUT_cy<45>_rt
LUT1
		XLXI_6334/data_manager_blk/RAM_COMM_DEC/Madd_ram_addr_sig[63]_GND_241_o_add_29
_OUT_cy<46>_rt
LUT1
		XLXI_6334/data_manager_blk/RAM_COMM_DEC/Madd_ram_addr_sig[63]_GND_241_o_add_29
_OUT_cy<47>_rt
LUT1
		XLXI_6334/data_manager_blk/RAM_COMM_DEC/Madd_ram_addr_sig[63]_GND_241_o_add_29
_OUT_cy<48>_rt
LUT1
		XLXI_6334/data_manager_blk/RAM_COMM_DEC/Madd_ram_addr_sig[63]_GND_241_o_add_29
_OUT_cy<49>_rt
LUT1
		XLXI_6334/data_manager_blk/RAM_COMM_DEC/Madd_ram_addr_sig[63]_GND_241_o_add_29
_OUT_cy<50>_rt
LUT1
		XLXI_6334/data_manager_blk/RAM_COMM_DEC/Madd_ram_addr_sig[63]_GND_241_o_add_29
_OUT_cy<51>_rt
LUT1
		XLXI_6334/data_manager_blk/RAM_COMM_DEC/Madd_ram_addr_sig[63]_GND_241_o_add_29
_OUT_cy<52>_rt
LUT1
		XLXI_6334/data_manager_blk/RAM_COMM_DEC/Madd_ram_addr_sig[63]_GND_241_o_add_29
_OUT_cy<53>_rt
LUT1
		XLXI_6334/data_manager_blk/RAM_COMM_DEC/Madd_ram_addr_sig[63]_GND_241_o_add_29
_OUT_cy<54>_rt
LUT1
		XLXI_6334/data_manager_blk/RAM_COMM_DEC/Madd_ram_addr_sig[63]_GND_241_o_add_29
_OUT_cy<55>_rt
LUT1
		XLXI_6334/data_manager_blk/RAM_COMM_DEC/Madd_ram_addr_sig[63]_GND_241_o_add_29
_OUT_cy<56>_rt
LUT1
		XLXI_6334/data_manager_blk/RAM_COMM_DEC/Madd_ram_addr_sig[63]_GND_241_o_add_29
_OUT_cy<57>_rt
LUT1
		XLXI_6334/data_manager_blk/RAM_COMM_DEC/Madd_ram_addr_sig[63]_GND_241_o_add_29
_OUT_cy<58>_rt
LUT1
		XLXI_6334/data_manager_blk/RAM_COMM_DEC/Madd_ram_addr_sig[63]_GND_241_o_add_29
_OUT_cy<59>_rt
LUT1
		XLXI_6334/data_manager_blk/RAM_COMM_DEC/Madd_ram_addr_sig[63]_GND_241_o_add_29
_OUT_cy<60>_rt
LUT1
		XLXI_6334/data_manager_blk/RAM_COMM_DEC/Madd_ram_addr_sig[63]_GND_241_o_add_29
_OUT_cy<61>_rt
LUT1
		XLXI_6334/data_manager_blk/RAM_COMM_DEC/Madd_ram_addr_sig[63]_GND_241_o_add_29
_OUT_cy<62>_rt
LUT1
		XLXI_6334/ec_wrapper/ethernet_controller/ArpReplyBlock/Msub_GND_201_o_GND_201_
o_sub_27_OUT<15:0>_cy<0>_rt
LUT1
		XLXI_6334/ec_wrapper/ethernet_controller/ChecksumCalcBlock/Madd_cs_sig[15]_GND
_203_o_add_2_OUT_cy<1>_rt
LUT1
		XLXI_6334/ec_wrapper/ethernet_controller/ChecksumCalcBlock/Madd_cs_sig[15]_GND
_203_o_add_2_OUT_cy<2>_rt
LUT1
		XLXI_6334/ec_wrapper/ethernet_controller/ChecksumCalcBlock/Madd_cs_sig[15]_GND
_203_o_add_2_OUT_cy<3>_rt
LUT1
		XLXI_6334/ec_wrapper/ethernet_controller/ChecksumCalcBlock/Madd_cs_sig[15]_GND
_203_o_add_2_OUT_cy<4>_rt
LUT1
		XLXI_6334/ec_wrapper/ethernet_controller/ChecksumCalcBlock/Madd_cs_sig[15]_GND
_203_o_add_2_OUT_cy<5>_rt
LUT1
		XLXI_6334/ec_wrapper/ethernet_controller/ChecksumCalcBlock/Madd_cs_sig[15]_GND
_203_o_add_2_OUT_cy<6>_rt
LUT1
		XLXI_6334/ec_wrapper/ethernet_controller/ChecksumCalcBlock/Madd_cs_sig[15]_GND
_203_o_add_2_OUT_cy<7>_rt
LUT1
		XLXI_6334/ec_wrapper/ethernet_controller/ChecksumCalcBlock/Madd_cs_sig[15]_GND
_203_o_add_2_OUT_cy<8>_rt
LUT1
		XLXI_6334/ec_wrapper/ethernet_controller/ChecksumCalcBlock/Madd_cs_sig[15]_GND
_203_o_add_2_OUT_cy<9>_rt
LUT1
		XLXI_6334/ec_wrapper/ethernet_controller/ChecksumCalcBlock/Madd_cs_sig[15]_GND
_203_o_add_2_OUT_cy<10>_rt
LUT1
		XLXI_6334/ec_wrapper/ethernet_controller/ChecksumCalcBlock/Madd_cs_sig[15]_GND
_203_o_add_2_OUT_cy<11>_rt
LUT1
		XLXI_6334/ec_wrapper/ethernet_controller/ChecksumCalcBlock/Madd_cs_sig[15]_GND
_203_o_add_2_OUT_cy<12>_rt
LUT1
		XLXI_6334/ec_wrapper/ethernet_controller/ChecksumCalcBlock/Madd_cs_sig[15]_GND
_203_o_add_2_OUT_cy<13>_rt
LUT1
		XLXI_6334/ec_wrapper/ethernet_controller/ChecksumCalcBlock/Madd_cs_sig[15]_GND
_203_o_add_2_OUT_cy<14>_rt
LUT1
		XLXI_6334/ec_wrapper/ethernet_controller/ChecksumCalcBlock/Madd_cs_sig[16]_add
_sig[16]_add_1_OUT_xor<16>_rt
LUT1
		XLXI_6334/ec_wrapper/ethernet_controller/ChecksumCalcBlock/Madd_cs_sig[15]_GND
_203_o_add_2_OUT_xor<15>_rt
LUT1
		XLXI_6334/ec_wrapper/ethernet_controller/CreatePacketBlock/Msub_GND_204_o_GND_
204_o_sub_21_OUT<15:0>_cy<0>_rt
LUT1
		XLXI_6334/ec_wrapper/ethernet_controller/CreatePacketBlock/Msub_GND_204_o_GND_
204_o_sub_46_OUT<15:0>_cy<0>_rt
LUT1
		XLXI_6334/ec_wrapper/ethernet_controller/CreatePacketBlock/Mmux_zero_fill_coun
t[10]_GND_204_o_mux_11_OUT_rs_cy<1>_rt
LUT1
		XLXI_6334/ec_wrapper/ethernet_controller/DecipherBlock/Msub_GND_206_o_GND_206_
o_sub_63_OUT<15:0>_cy<2>_rt
LUT1
		XLXI_6334/ec_wrapper/ethernet_controller/DecipherBlock/Msub_GND_206_o_GND_206_
o_sub_63_OUT<15:0>_cy<3>_rt
LUT1
		XLXI_6334/ec_wrapper/ethernet_controller/DecipherBlock/Msub_GND_206_o_GND_206_
o_sub_63_OUT<15:0>_cy<4>_rt
LUT1
		XLXI_6334/ec_wrapper/ethernet_controller/DecipherBlock/Msub_GND_206_o_GND_206_
o_sub_87_OUT<15:0>_cy<0>_rt
LUT1
		XLXI_6334/ec_wrapper/ethernet_controller/ICMPPingChecksumCalcBlock/Madd_req_ch
k_sum_sig[16]_GND_208_o_add_1_OUT_cy<11>_rt
LUT1
		XLXI_6334/ec_wrapper/ethernet_controller/ICMPPingChecksumCalcBlock/Madd_req_ch
k_sum_sig[15]_GND_208_o_add_2_OUT_cy<11>_rt
LUT1
		XLXI_6334/ec_wrapper/ethernet_controller/ICMPPingChecksumCalcBlock/Madd_req_ch
k_sum_sig[15]_GND_208_o_add_2_OUT_cy<1>_rt
LUT1
		XLXI_6334/ec_wrapper/ethernet_controller/ICMPPingChecksumCalcBlock/Madd_req_ch
k_sum_sig[15]_GND_208_o_add_2_OUT_cy<2>_rt
LUT1
		XLXI_6334/ec_wrapper/ethernet_controller/ICMPPingChecksumCalcBlock/Madd_req_ch
k_sum_sig[15]_GND_208_o_add_2_OUT_cy<3>_rt
LUT1
		XLXI_6334/ec_wrapper/ethernet_controller/ICMPPingChecksumCalcBlock/Madd_req_ch
k_sum_sig[15]_GND_208_o_add_2_OUT_cy<4>_rt
LUT1
		XLXI_6334/ec_wrapper/ethernet_controller/ICMPPingChecksumCalcBlock/Madd_req_ch
k_sum_sig[15]_GND_208_o_add_2_OUT_cy<5>_rt
LUT1
		XLXI_6334/ec_wrapper/ethernet_controller/ICMPPingChecksumCalcBlock/Madd_req_ch
k_sum_sig[15]_GND_208_o_add_2_OUT_cy<6>_rt
LUT1
		XLXI_6334/ec_wrapper/ethernet_controller/ICMPPingChecksumCalcBlock/Madd_req_ch
k_sum_sig[15]_GND_208_o_add_2_OUT_cy<7>_rt
LUT1
		XLXI_6334/ec_wrapper/ethernet_controller/ICMPPingChecksumCalcBlock/Madd_req_ch
k_sum_sig[15]_GND_208_o_add_2_OUT_cy<8>_rt
LUT1
		XLXI_6334/ec_wrapper/ethernet_controller/ICMPPingChecksumCalcBlock/Madd_req_ch
k_sum_sig[15]_GND_208_o_add_2_OUT_cy<9>_rt
LUT1
		XLXI_6334/ec_wrapper/ethernet_controller/ICMPPingChecksumCalcBlock/Madd_req_ch
k_sum_sig[15]_GND_208_o_add_2_OUT_cy<10>_rt
LUT1
		XLXI_6334/ec_wrapper/ethernet_controller/ICMPPingChecksumCalcBlock/Madd_req_ch
k_sum_sig[15]_GND_208_o_add_2_OUT_cy<12>_rt
LUT1
		XLXI_6334/ec_wrapper/ethernet_controller/ICMPPingChecksumCalcBlock/Madd_req_ch
k_sum_sig[15]_GND_208_o_add_2_OUT_cy<13>_rt
LUT1
		XLXI_6334/ec_wrapper/ethernet_controller/ICMPPingChecksumCalcBlock/Madd_req_ch
k_sum_sig[15]_GND_208_o_add_2_OUT_cy<14>_rt
LUT1
		XLXI_6334/ec_wrapper/ethernet_controller/ICMPPingChecksumCalcBlock/Madd_req_ch
k_sum_sig[16]_GND_208_o_add_1_OUT_xor<16>_rt
LUT1
		XLXI_6334/ec_wrapper/ethernet_controller/ICMPPingChecksumCalcBlock/Madd_req_ch
k_sum_sig[15]_GND_208_o_add_2_OUT_xor<15>_rt
LUT1 		XLXI_6334/reset_mgr/Mcount_cnt_cy<1>_rt
LUT1 		XLXI_6334/reset_mgr/Mcount_cnt_cy<2>_rt
LUT1 		XLXI_6334/reset_mgr/Mcount_cnt_cy<3>_rt
LUT1 		XLXI_6334/reset_mgr/Mcount_cnt_cy<4>_rt
LUT1 		XLXI_6334/reset_mgr/Mcount_cnt_cy<5>_rt
LUT1 		XLXI_6334/reset_mgr/Mcount_cnt_xor<6>_rt
LUT1
		token_trigger_blk/Madd_inject_trig_gap_reg[15]_trig_token_gap_reg[15]_add_25_O
UT_cy<0>_8_rt
LUT1
		token_trigger_blk/Madd_inject_trig_gap_reg[15]_trig_token_gap_reg[15]_add_25_O
UT_cy<0>_9_rt
LUT1
		token_trigger_blk/Madd_inject_trig_gap_reg[15]_trig_token_gap_reg[15]_add_25_O
UT_cy<0>_10_rt
LUT1
		token_trigger_blk/Madd_inject_trig_gap_reg[15]_trig_token_gap_reg[15]_add_25_O
UT_cy<0>_11_rt
LUT1
		token_trigger_blk/Madd_inject_trig_gap_reg[15]_trig_token_gap_reg[15]_add_25_O
UT_cy<0>_12_rt
LUT1
		token_trigger_blk/Madd_inject_trig_gap_reg[15]_trig_token_gap_reg[15]_add_25_O
UT_cy<0>_13_rt
LUT1 		token_trigger_blk/Mcount_rep_counter_cy<1>_rt
LUT1 		token_trigger_blk/Mcount_rep_counter_cy<2>_rt
LUT1 		token_trigger_blk/Mcount_rep_counter_cy<3>_rt
LUT1 		token_trigger_blk/Mcount_rep_counter_cy<4>_rt
LUT1 		token_trigger_blk/Mcount_rep_counter_cy<5>_rt
LUT1 		token_trigger_blk/Mcount_rep_counter_cy<6>_rt
LUT1 		token_trigger_blk/Mcount_psi_counter_cy<1>_rt
LUT1 		token_trigger_blk/Mcount_psi_counter_cy<2>_rt
LUT1 		token_trigger_blk/Mcount_psi_counter_cy<3>_rt
LUT1 		token_trigger_blk/Mcount_psi_counter_cy<4>_rt
LUT1 		token_trigger_blk/Mcount_psi_counter_cy<5>_rt
LUT1 		token_trigger_blk/Mcount_psi_counter_cy<6>_rt
LUT1 		token_trigger_blk/Mcount_psi_counter_cy<7>_rt
LUT1 		token_trigger_blk/Mcount_psi_counter_cy<8>_rt
LUT1 		token_trigger_blk/Mcount_psi_counter_cy<9>_rt
LUT1 		token_trigger_blk/Mcount_psi_counter_cy<10>_rt
LUT1 		token_trigger_blk/Mcount_psi_counter_cy<11>_rt
LUT1 		token_trigger_blk/Mcount_psi_counter_cy<12>_rt
LUT1 		token_trigger_blk/Mcount_psi_counter_cy<13>_rt
LUT1 		token_trigger_blk/Mcount_psi_counter_cy<14>_rt
LUT1 		token_trigger_blk/Mcount_rep_counter_xor<7>_rt
LUT1 		token_trigger_blk/Mcount_psi_counter_xor<15>_rt

Section 11 - Timing Report
--------------------------
INFO:Timing:3284 - This timing report was generated using estimated delay 
   information.  For accurate numbers, please refer to the post Place and Route 
   timing report.
Number of Timing Constraints that were not applied: 6

Asterisk (*) preceding a constraint indicates it was not met.
   This may be due to a setup or hold violation.

----------------------------------------------------------------------------------------------------------
  Constraint                                |    Check    | Worst Case |  Best Case | Timing |   Timing   
                                            |             |    Slack   | Achievable | Errors |    Score   
----------------------------------------------------------------------------------------------------------
* TIMEGRP "TG_RX" OFFSET = IN 0 ns VALID 4  | SETUP       |    -0.392ns|     0.392ns|      18|        6903
  ns BEFORE COMP "GEL_RXCLK" "RISING"       | HOLD        |     3.505ns|            |       0|           0
----------------------------------------------------------------------------------------------------------
* TS_XLXI_6330_clkout2 = PERIOD TIMEGRP "XL | SETUP       |    11.138ns|     2.724ns|       0|           0
  XI_6330_clkout2" TS_XLXN_15849 PHASE 18.7 | HOLD        |    -0.366ns|            |      37|        6535
  5 ns HIGH 50%                             |             |            |            |        |            
----------------------------------------------------------------------------------------------------------
* TS_GEL_RXCLK = PERIOD TIMEGRP "GEL_RXCLK" | SETUP       |     4.909ns|     3.091ns|       0|           0
   8 ns HIGH 50%                            | HOLD        |    -0.318ns|            |     469|      100894
----------------------------------------------------------------------------------------------------------
* TS_gtxclk_to_digsclk2 = MAXDELAY FROM TIM | SETUP       |     6.871ns|     1.129ns|       0|           0
  EGRP "GEL_RXCLK" TO TIMEGRP "psi_dig_sdat | HOLD        |    -0.164ns|            |       1|         164
  a_clk2" 8 ns DATAPATHONLY                 |             |            |            |        |            
----------------------------------------------------------------------------------------------------------
* TS_gtxclk_to_digsclk1 = MAXDELAY FROM TIM | SETUP       |     6.871ns|     1.129ns|       0|           0
  EGRP "GEL_RXCLK" TO TIMEGRP "psi_dig_sdat | HOLD        |    -0.164ns|            |       1|         164
  a_clk1" 8 ns DATAPATHONLY                 |             |            |            |        |            
----------------------------------------------------------------------------------------------------------
* TS_digsclk2_to_gtxclk = MAXDELAY FROM TIM | SETUP       |     6.770ns|     1.230ns|       0|           0
  EGRP "psi_dig_sdata_clk2" TO TIMEGRP "GEL | HOLD        |    -0.150ns|            |       1|         150
  _RXCLK" 8 ns DATAPATHONLY                 |             |            |            |        |            
----------------------------------------------------------------------------------------------------------
* TS_digsclk1_to_gtxclk = MAXDELAY FROM TIM | SETUP       |     6.770ns|     1.230ns|       0|           0
  EGRP "psi_dig_sdata_clk1" TO TIMEGRP "GEL | HOLD        |    -0.150ns|            |       1|         150
  _RXCLK" 8 ns DATAPATHONLY                 |             |            |            |        |            
----------------------------------------------------------------------------------------------------------
* TS_XLXI_6330_clkout0 = PERIOD TIMEGRP "XL | SETUP       |    11.861ns|     2.495ns|       0|           0
  XI_6330_clkout0" TS_XLXN_15849 HIGH 50%   | HOLD        |    -0.126ns|            |      10|         504
----------------------------------------------------------------------------------------------------------
* TS_J_CLK = PERIOD TIMEGRP "J_CLK" 30 ns H | SETUP       |    26.997ns|     3.003ns|       0|           0
  IGH 50%                                   | HOLD        |    -0.059ns|            |      45|        1907
----------------------------------------------------------------------------------------------------------
  TS_XLXI_6330_clkout4 = PERIOD TIMEGRP "XL | SETUP       |     0.154ns|     5.017ns|       0|           0
  XI_6330_clkout4" TS_XLXN_15849 * 4 PHASE  | HOLD        |     0.069ns|            |       0|           0
  0.78125 ns HIGH 50%                       |             |            |            |        |            
----------------------------------------------------------------------------------------------------------
  TS_XLXI_6330_clkout3 = PERIOD TIMEGRP "XL | MINPERIOD   |     4.658ns|     1.592ns|       0|           0
  XI_6330_clkout3" TS_XLXN_15849 * 4 HIGH 5 |             |            |            |        |            
  0%                                        |             |            |            |        |            
----------------------------------------------------------------------------------------------------------
  TS_XLXN_18372 = PERIOD TIMEGRP "XLXN_1837 | MINPERIOD   |     4.658ns|     1.592ns|       0|           0
  2" 160 MHz HIGH 50%                       |             |            |            |        |            
----------------------------------------------------------------------------------------------------------
  TS_XLXN_18355 = PERIOD TIMEGRP "XLXN_1835 | MINPERIOD   |     4.658ns|     1.592ns|       0|           0
  5" 160 MHz HIGH 50%                       |             |            |            |        |            
----------------------------------------------------------------------------------------------------------
  TS_XLXN_15849 = PERIOD TIMEGRP "XLXN_1584 | MINLOWPULSE |    15.000ns|    10.000ns|       0|           0
  9" 40 MHz HIGH 50%                        |             |            |            |        |            
----------------------------------------------------------------------------------------------------------
  TS_XLXI_6330_clkout1 = PERIOD TIMEGRP "XL | SETUP       |    11.627ns|     1.892ns|       0|           0
  XI_6330_clkout1" TS_XLXN_15849 PHASE 6.25 | HOLD        |     0.069ns|            |       0|           0
   ns HIGH 50%                              |             |            |            |        |            
----------------------------------------------------------------------------------------------------------
  TS_U_TO_J = MAXDELAY FROM TIMEGRP "U_CLK" | SETUP       |    14.129ns|     0.871ns|       0|           0
   TO TIMEGRP "J_CLK" 15 ns                 | HOLD        |     0.169ns|            |       0|           0
----------------------------------------------------------------------------------------------------------
  TS_U_TO_U = MAXDELAY FROM TIMEGRP "U_CLK" | SETUP       |    14.514ns|     0.486ns|       0|           0
   TO TIMEGRP "U_CLK" 15 ns                 | HOLD        |     0.094ns|            |       0|           0
----------------------------------------------------------------------------------------------------------
  TS_SECONDARY_CLK = PERIOD TIMEGRP "SECOND | SETUP       |    23.818ns|     1.182ns|       0|           0
  ARY_CLK" 40 MHz HIGH 50%                  | HOLD        |     0.081ns|            |       0|           0
----------------------------------------------------------------------------------------------------------
  PATH "TS_D_TO_J_path" TIG                 | SETUP       |         N/A|     1.037ns|     N/A|           0
----------------------------------------------------------------------------------------------------------
  PATH "TS_J_TO_D_path" TIG                 | SETUP       |         N/A|     2.576ns|     N/A|           0
----------------------------------------------------------------------------------------------------------
  PATH "TS_J4_TO_D2_ila_pro_0_path" TIG     | SETUP       |         N/A|     1.675ns|     N/A|           0
----------------------------------------------------------------------------------------------------------
  PATH "TS_J3_TO_D2_ila_pro_0_path" TIG     | N/A         |         N/A|         N/A|     N/A|         N/A
----------------------------------------------------------------------------------------------------------
  PATH "TS_J2_TO_D2_ila_pro_0_path" TIG     | N/A         |         N/A|         N/A|     N/A|         N/A
----------------------------------------------------------------------------------------------------------
  PATH "TS_D2_TO_T2_ila_pro_0_path" TIG     | SETUP       |         N/A|     0.891ns|     N/A|           0
----------------------------------------------------------------------------------------------------------


Derived Constraint Report
Review Timing Report for more details on the following derived constraints.
To create a Timing Report, run "trce -v 12 -fastpaths -o design_timing_report design.ncd design.pcf"
or "Run Timing Analysis" from Timing Analyzer (timingan).
Derived Constraints for TS_XLXN_15849
+-------------------------------+-------------+-------------+-------------+-------------+-------------+-------------+-------------+
|                               |   Period    |       Actual Period       |      Timing Errors        |      Paths Analyzed       |
|           Constraint          | Requirement |-------------+-------------|-------------+-------------|-------------+-------------|
|                               |             |   Direct    | Derivative  |   Direct    | Derivative  |   Direct    | Derivative  |
+-------------------------------+-------------+-------------+-------------+-------------+-------------+-------------+-------------+
|TS_XLXN_15849                  |     25.000ns|     10.000ns|     20.068ns|            0|           47|            0|         9988|
| TS_XLXI_6330_clkout3          |      6.250ns|      1.592ns|          N/A|            0|            0|            0|            0|
| TS_XLXI_6330_clkout1          |     25.000ns|      1.892ns|          N/A|            0|            0|         4160|            0|
| TS_XLXI_6330_clkout0          |     25.000ns|      2.495ns|          N/A|           10|            0|          758|            0|
| TS_XLXI_6330_clkout4          |      6.250ns|      5.017ns|          N/A|            0|            0|         4047|            0|
| TS_XLXI_6330_clkout2          |     25.000ns|      2.724ns|          N/A|           37|            0|         1023|            0|
+-------------------------------+-------------+-------------+-------------+-------------+-------------+-------------+-------------+

9 constraints not met.
INFO:Timing:2761 - N/A entries in the Constraints List may indicate that the 
   constraint is not analyzed due to the following: No paths covered by this 
   constraint; Other constraints intersect with this constraint; or This 
   constraint was disabled by a Path Tracing Control. Please run the Timespec 
   Interaction Report (TSI) via command line (trce tsi) or Timing Analyzer GUI.



Section 6 - IOB Properties
--------------------------

+---------------------------------------------------------------------------------------------------------------------------------------------------------+
| IOB Name                           | Type             | Direction | IO Standard          | Diff  | Drive    | Slew | Reg (s)      | Resistor | IOB      |
|                                    |                  |           |                      | Term  | Strength | Rate |              |          | Delay    |
+---------------------------------------------------------------------------------------------------------------------------------------------------------+
| BUSC_02DN_05S                      | IOB33S           | OUTPUT    | LVDS_25              |       |          |      |              |          |          |
| BUSC_02DP_04S                      | IOB33M           | OUTPUT    | LVDS_25              |       |          |      |              |          |          |
| BUSC_03DN_07S                      | IOB33S           | OUTPUT    | LVDS_25              |       |          |      |              |          |          |
| BUSC_03DP_06S                      | IOB33M           | OUTPUT    | LVDS_25              |       |          |      |              |          |          |
| BUSC_07DN_15S                      | IOB33            | INPUT     | LVDS_25              | TRUE  |          |      |              |          |          |
| BUSC_07DP_14S                      | IOB33            | INPUT     | LVDS_25              | TRUE  |          |      |              |          |          |
| BUSC_09DN_19S                      | IOB33            | INPUT     | LVDS_25              | TRUE  |          |      |              |          |          |
| BUSC_09DP_18S                      | IOB33            | INPUT     | LVDS_25              | TRUE  |          |      |              |          |          |
| BUSC_10DN_21S                      | IOB33S           | OUTPUT    | LVDS_25              |       |          |      |              |          |          |
| BUSC_10DP_20S                      | IOB33M           | OUTPUT    | LVDS_25              |       |          |      |              |          |          |
| BUSC_11DN_23S                      | IOB33S           | OUTPUT    | LVDS_25              |       |          |      |              |          |          |
| BUSC_11DP_22S                      | IOB33M           | OUTPUT    | LVDS_25              |       |          |      |              |          |          |
| BUSC_12DP_24S                      | IOB33            | OUTPUT    | LVCMOS25             |       | 12       | SLOW |              |          |          |
| BUSC_14DN_29S                      | IOB33            | OUTPUT    | LVCMOS25             |       | 12       | SLOW |              |          |          |
| BUSC_14DP_28S                      | IOB33            | OUTPUT    | LVCMOS25             |       | 12       | SLOW |              |          |          |
| BUSC_15DN_31S                      | IOB33            | OUTPUT    | LVCMOS25             |       | 12       | SLOW |              |          |          |
| BUSC_15DP_30S                      | IOB33            | OUTPUT    | LVCMOS25             |       | 12       | SLOW |              |          |          |
| BUSC_16DN_33S                      | IOB33            | OUTPUT    | LVCMOS25             |       | 12       | SLOW |              |          |          |
| BUSC_21DN_43S                      | IOB33            | BIDIR     | LVCMOS25             |       | 12       | SLOW |              |          |          |
| BUSC_24DN_49S                      | IOB33            | OUTPUT    | LVCMOS25             |       | 12       | SLOW |              |          |          |
| BUSC_24DP_48S                      | IOB33            | OUTPUT    | LVCMOS25             |       | 12       | SLOW |              |          |          |
| BUSC_25DN_51S                      | IOB33            | OUTPUT    | LVCMOS25             |       | 12       | SLOW |              |          |          |
| BUSC_25DP_50S                      | IOB33            | OUTPUT    | LVCMOS25             |       | 12       | SLOW |              |          |          |
| BUSC_26DN_53S                      | IOB33            | OUTPUT    | LVCMOS25             |       | 12       | SLOW |              |          |          |
| BUSC_27DN_55S                      | IOB33            | OUTPUT    | LVCMOS25             |       | 12       | SLOW |              |          |          |
| BUSDHS_02DP_04S                    | IOB33            | INPUT     | LVCMOS25             |       |          |      |              |          |          |
| BUSDHS_03DP_06S                    | IOB33            | INPUT     | LVCMOS25             |       |          |      |              |          |          |
| GEL_RXCLK                          | IOB33            | INPUT     | LVCMOS25             |       |          |      |              |          |          |
| PHY_RXCTL_RXDV                     | IOB33            | INPUT     | LVCMOS25             |       |          |      |              |          |          |
| PHY_RXD0                           | IOB33            | INPUT     | LVCMOS25             |       |          |      |              |          |          |
| PHY_RXD1                           | IOB33            | INPUT     | LVCMOS25             |       |          |      |              |          |          |
| PHY_RXD2                           | IOB33            | INPUT     | LVCMOS25             |       |          |      |              |          |          |
| PHY_RXD3                           | IOB33            | INPUT     | LVCMOS25             |       |          |      |              |          |          |
| PHY_RXD4                           | IOB33            | INPUT     | LVCMOS25             |       |          |      |              |          |          |
| PHY_RXD5                           | IOB33            | INPUT     | LVCMOS25             |       |          |      |              |          |          |
| PHY_RXD6                           | IOB33            | INPUT     | LVCMOS25             |       |          |      |              |          |          |
| PHY_RXD7                           | IOB33            | INPUT     | LVCMOS25             |       |          |      |              |          |          |
| PSI_1_CLK_N                        | IOB33S           | OUTPUT    | LVDS_25              |       |          |      |              |          |          |
| PSI_1_CLK_P                        | IOB33M           | OUTPUT    | LVDS_25              |       |          |      |              |          |          |
| PSI_1_CTRL_N                       | IOB33S           | OUTPUT    | LVDS_25              |       |          |      |              |          |          |
| PSI_1_CTRL_P                       | IOB33M           | OUTPUT    | LVDS_25              |       |          |      |              |          |          |
| PSI_1_DATA_N                       | IOB33            | INPUT     | LVDS_25              | TRUE  |          |      |              |          |          |
| PSI_1_DATA_P                       | IOB33            | INPUT     | LVDS_25              | TRUE  |          |      |              |          |          |
| PSI_1_RST                          | IOB33            | OUTPUT    | LVCMOS25             |       | 12       | SLOW |              |          |          |
| PSI_1_TOKIN_N                      | IOB33S           | OUTPUT    | LVDS_25              |       |          |      |              |          |          |
| PSI_1_TOKIN_P                      | IOB33M           | OUTPUT    | LVDS_25              |       |          |      |              |          |          |
| PSI_1_TOKOUT_N                     | IOB33            | INPUT     | LVDS_25              | TRUE  |          |      |              |          |          |
| PSI_1_TOKOUT_P                     | IOB33            | INPUT     | LVDS_25              | TRUE  |          |      |              |          |          |
| PSI_1_TRIG_N                       | IOB33S           | OUTPUT    | LVDS_25              |       |          |      |              |          |          |
| PSI_1_TRIG_P                       | IOB33M           | OUTPUT    | LVDS_25              |       |          |      |              |          |          |
| PSI_2_CLK_N                        | IOB33S           | OUTPUT    | LVDS_25              |       |          |      |              |          |          |
| PSI_2_CLK_P                        | IOB33M           | OUTPUT    | LVDS_25              |       |          |      |              |          |          |
| PSI_2_CTRL_N                       | IOB33S           | OUTPUT    | LVDS_25              |       |          |      |              |          |          |
| PSI_2_CTRL_P                       | IOB33M           | OUTPUT    | LVDS_25              |       |          |      |              |          |          |
| PSI_2_DATA_N                       | IOB33            | INPUT     | LVDS_25              | TRUE  |          |      |              |          |          |
| PSI_2_DATA_P                       | IOB33            | INPUT     | LVDS_25              | TRUE  |          |      |              |          |          |
| PSI_2_RST                          | IOB33            | OUTPUT    | LVCMOS25             |       | 12       | SLOW |              |          |          |
| PSI_2_TOKIN_N                      | IOB33S           | OUTPUT    | LVDS_25              |       |          |      |              |          |          |
| PSI_2_TOKIN_P                      | IOB33M           | OUTPUT    | LVDS_25              |       |          |      |              |          |          |
| PSI_2_TOKOUT_N                     | IOB33            | INPUT     | LVDS_25              | TRUE  |          |      |              |          |          |
| PSI_2_TOKOUT_P                     | IOB33            | INPUT     | LVDS_25              | TRUE  |          |      |              |          |          |
| PSI_2_TRIG_N                       | IOB33S           | OUTPUT    | LVDS_25              |       |          |      |              |          |          |
| PSI_2_TRIG_P                       | IOB33M           | OUTPUT    | LVDS_25              |       |          |      |              |          |          |
| SECONDARY_CLK                      | IOB33            | INPUT     | LVCMOS25             |       |          |      |              |          |          |
+---------------------------------------------------------------------------------------------------------------------------------------------------------+

Section 7 - RPMs
----------------
U_ila_pro_0/U0/I_NO_D.U_ILA/U_G2_SQ.U_CAPCTRL/U_CAP_ADDRGEN/U_SCNT_CMP/I_CS_GAND
.U_CS_GAND_SRL/I_A7.U_CS_GAND_SRL_A7/I_USE_RPM_NE0.U_GAND_SRL_SET/MSET
U_ila_pro_0/U0/I_NO_D.U_ILA/U_G2_SQ.U_CAPCTRL/U_CAP_ADDRGEN/U_WCNT_HCMP/I_CS_GAN
D.U_CS_GAND_SRL/I_A7.U_CS_GAND_SRL_A7/I_USE_RPM_NE0.U_GAND_SRL_SET/MSET
U_ila_pro_0/U0/I_NO_D.U_ILA/U_G2_SQ.U_CAPCTRL/U_CAP_ADDRGEN/U_WCNT_LCMP/I_CS_GAN
D.U_CS_GAND_SRL/I_A7.U_CS_GAND_SRL_A7/I_USE_RPM_NE0.U_GAND_SRL_SET/MSET
U_ila_pro_0/U0/I_NO_D.U_ILA/U_G2_SQ.U_CAPCTRL_I_SRLT_NE_1.U_CDONE_MSET
U_ila_pro_0/U0/I_NO_D.U_ILA/U_G2_SQ.U_CAPCTRL_I_SRLT_NE_1.U_CMPRESET_MSET
U_ila_pro_0/U0/I_NO_D.U_ILA/U_G2_SQ.U_CAPCTRL_I_SRLT_NE_1.U_NS0_MSET
U_ila_pro_0/U0/I_NO_D.U_ILA/U_G2_SQ.U_CAPCTRL_I_SRLT_NE_1.U_NS1_MSET
U_ila_pro_0/U0/I_NO_D.U_ILA/U_G2_SQ.U_CAPCTRL_I_SRLT_NE_1.U_SCRST_MSET
U_ila_pro_0/U0/I_NO_D.U_ILA/U_TRIG/U_TM/G_NMU[0].U_M/U_MU/I_MUT_VARX.U_match/I_S
RL32.U_VARX_SRL32/U_G_MSET

Section 8 - Guide Report
------------------------
Guide not run on this design.

Section 9 - Area Group and Partition Summary
--------------------------------------------

Partition Implementation Status
-------------------------------

  No Partitions were found in this design.

-------------------------------

Area Group Information
----------------------

Area Group "CLKAG_GTX_CLK_0_sig"
  No COMPRESSION specified for Area Group "CLKAG_GTX_CLK_0_sig"
  RANGE:
DSP48_X0Y0:DSP48_X2Y19,DSP48_X7Y0:DSP48_X8Y19,DSP48_X0Y20:DSP48_X4Y39,DSP48_X5Y2
0:DSP48_X8Y39,DSP48_X0Y40:DSP48_X4Y59,DSP48_X5Y40:DSP48_X8Y59,DSP48_X0Y60:DSP48_
X4Y79,DSP48_X5Y60:DSP48_X8Y79,DSP48_X0Y80:DSP48_X2Y99,DSP48_X7Y80:DSP48_X8Y99
  RANGE:
RAMB18_X0Y0:RAMB18_X2Y19,RAMB18_X7Y0:RAMB18_X8Y19,RAMB18_X0Y20:RAMB18_X4Y39,RAMB
18_X5Y20:RAMB18_X8Y39,RAMB18_X0Y40:RAMB18_X4Y59,RAMB18_X5Y40:RAMB18_X8Y59,RAMB18
_X0Y60:RAMB18_X4Y79,RAMB18_X5Y60:RAMB18_X8Y79,RAMB18_X0Y80:RAMB18_X2Y99,RAMB18_X
7Y80:RAMB18_X8Y99
  RANGE:
RAMB36_X0Y0:RAMB36_X2Y9,RAMB36_X7Y0:RAMB36_X8Y9,RAMB36_X0Y10:RAMB36_X4Y19,RAMB36
_X5Y10:RAMB36_X8Y19,RAMB36_X0Y20:RAMB36_X4Y29,RAMB36_X5Y20:RAMB36_X8Y29,RAMB36_X
0Y30:RAMB36_X4Y39,RAMB36_X5Y30:RAMB36_X8Y39,RAMB36_X0Y40:RAMB36_X2Y49,RAMB36_X7Y
40:RAMB36_X8Y49
  RANGE:
SLICE_X0Y0:SLICE_X83Y49,SLICE_X114Y0:SLICE_X163Y49,SLICE_X0Y50:SLICE_X83Y99,SLIC
E_X84Y50:SLICE_X163Y99,SLICE_X0Y100:SLICE_X83Y149,SLICE_X84Y100:SLICE_X163Y149,S
LICE_X0Y150:SLICE_X83Y199,SLICE_X84Y150:SLICE_X163Y199,SLICE_X0Y200:SLICE_X83Y24
9,SLICE_X114Y200:SLICE_X163Y249
  Slice Logic Utilization:
    Number of Slice Registers:           2,284 out of 269,200    1%
    Number of Slice LUTs:                2,030 out of 134,600    1%
      Number used as logic:              2,005
      Number used as Memory:                25
  Slice Logic Distribution:
    Number of occupied Slices:             762 out of 33,650    2%
    Number of LUT Flip Flop pairs used:  2,472
      Number with an unused Flip Flop:     358 out of  2,472   14%
      Number with an unused LUT:           411 out of  2,472   16%
      Number of fully used LUT-FF pairs: 1,703 out of  2,472   68%
  IO Utilization:
    Number of bonded IOBs:                   1
  Number of RAMB36E1/FIFO36E1s:              7 out of    370    1%
    Number using RAMB36E1 only:              0
    Number using FIFO36E1 only:              7
  Number of RAMB18E1/FIFO18E1s:              4 out of    740    1%
    Number using RAMB18E1 only:              1
    Number using FIFO18E1 only:              3
  Number of IDELAYE2:                        3

Area Group "CLKAG_PSI_CLK0"
  No COMPRESSION specified for Area Group "CLKAG_PSI_CLK0"
  RANGE:
DSP48_X0Y0:DSP48_X2Y19,DSP48_X7Y0:DSP48_X8Y19,DSP48_X0Y20:DSP48_X4Y39,DSP48_X5Y2
0:DSP48_X8Y39,DSP48_X0Y40:DSP48_X4Y59,DSP48_X5Y40:DSP48_X8Y59,DSP48_X0Y60:DSP48_
X4Y79,DSP48_X5Y60:DSP48_X8Y79,DSP48_X0Y80:DSP48_X2Y99,DSP48_X7Y80:DSP48_X8Y99
  RANGE:
RAMB18_X0Y0:RAMB18_X2Y19,RAMB18_X7Y0:RAMB18_X8Y19,RAMB18_X0Y20:RAMB18_X4Y39,RAMB
18_X5Y20:RAMB18_X8Y39,RAMB18_X0Y40:RAMB18_X4Y59,RAMB18_X5Y40:RAMB18_X8Y59,RAMB18
_X0Y60:RAMB18_X4Y79,RAMB18_X5Y60:RAMB18_X8Y79,RAMB18_X0Y80:RAMB18_X2Y99,RAMB18_X
7Y80:RAMB18_X8Y99
  RANGE:
RAMB36_X0Y0:RAMB36_X2Y9,RAMB36_X7Y0:RAMB36_X8Y9,RAMB36_X0Y10:RAMB36_X4Y19,RAMB36
_X5Y10:RAMB36_X8Y19,RAMB36_X0Y20:RAMB36_X4Y29,RAMB36_X5Y20:RAMB36_X8Y29,RAMB36_X
0Y30:RAMB36_X4Y39,RAMB36_X5Y30:RAMB36_X8Y39,RAMB36_X0Y40:RAMB36_X2Y49,RAMB36_X7Y
40:RAMB36_X8Y49
  RANGE:
SLICE_X0Y0:SLICE_X83Y49,SLICE_X114Y0:SLICE_X163Y49,SLICE_X0Y50:SLICE_X83Y99,SLIC
E_X84Y50:SLICE_X163Y99,SLICE_X0Y100:SLICE_X83Y149,SLICE_X84Y100:SLICE_X163Y149,S
LICE_X0Y150:SLICE_X83Y199,SLICE_X84Y150:SLICE_X163Y199,SLICE_X0Y200:SLICE_X83Y24
9,SLICE_X114Y200:SLICE_X163Y249
  Slice Logic Utilization:
    Number of Slice Registers:             114 out of 269,200    1%
    Number of Slice LUTs:                   59 out of 134,600    1%
      Number used as logic:                 59
  Slice Logic Distribution:
    Number of occupied Slices:              42 out of 33,650    1%
    Number of LUT Flip Flop pairs used:    114
      Number with an unused Flip Flop:      12 out of    114   10%
      Number with an unused LUT:            52 out of    114   45%
      Number of fully used LUT-FF pairs:    50 out of    114   43%

Area Group "CLKAG_PSI_CLK270"
  No COMPRESSION specified for Area Group "CLKAG_PSI_CLK270"
  RANGE:
DSP48_X0Y0:DSP48_X2Y19,DSP48_X7Y0:DSP48_X8Y19,DSP48_X0Y20:DSP48_X4Y39,DSP48_X5Y2
0:DSP48_X8Y39,DSP48_X0Y40:DSP48_X4Y59,DSP48_X5Y40:DSP48_X8Y59,DSP48_X0Y60:DSP48_
X4Y79,DSP48_X5Y60:DSP48_X8Y79,DSP48_X0Y80:DSP48_X2Y99,DSP48_X7Y80:DSP48_X8Y99
  RANGE:
RAMB18_X0Y0:RAMB18_X2Y19,RAMB18_X7Y0:RAMB18_X8Y19,RAMB18_X0Y20:RAMB18_X4Y39,RAMB
18_X5Y20:RAMB18_X8Y39,RAMB18_X0Y40:RAMB18_X4Y59,RAMB18_X5Y40:RAMB18_X8Y59,RAMB18
_X0Y60:RAMB18_X4Y79,RAMB18_X5Y60:RAMB18_X8Y79,RAMB18_X0Y80:RAMB18_X2Y99,RAMB18_X
7Y80:RAMB18_X8Y99
  RANGE:
RAMB36_X0Y0:RAMB36_X2Y9,RAMB36_X7Y0:RAMB36_X8Y9,RAMB36_X0Y10:RAMB36_X4Y19,RAMB36
_X5Y10:RAMB36_X8Y19,RAMB36_X0Y20:RAMB36_X4Y29,RAMB36_X5Y20:RAMB36_X8Y29,RAMB36_X
0Y30:RAMB36_X4Y39,RAMB36_X5Y30:RAMB36_X8Y39,RAMB36_X0Y40:RAMB36_X2Y49,RAMB36_X7Y
40:RAMB36_X8Y49
  RANGE:
SLICE_X0Y0:SLICE_X83Y49,SLICE_X114Y0:SLICE_X163Y49,SLICE_X0Y50:SLICE_X83Y99,SLIC
E_X84Y50:SLICE_X163Y99,SLICE_X0Y100:SLICE_X83Y149,SLICE_X84Y100:SLICE_X163Y149,S
LICE_X0Y150:SLICE_X83Y199,SLICE_X84Y150:SLICE_X163Y199,SLICE_X0Y200:SLICE_X83Y24
9,SLICE_X114Y200:SLICE_X163Y249
  Slice Logic Utilization:
    Number of Slice Registers:              86 out of 269,200    1%
    Number of Slice LUTs:                   60 out of 134,600    1%
      Number used as logic:                 60
  Slice Logic Distribution:
    Number of occupied Slices:              29 out of 33,650    1%
    Number of LUT Flip Flop pairs used:     82
      Number with an unused Flip Flop:       7 out of     82    8%
      Number with an unused LUT:            16 out of     82   19%
      Number of fully used LUT-FF pairs:    59 out of     82   71%
  Number of RAMB18E1/FIFO18E1s:              1 out of    740    1%
    Number using RAMB18E1 only:              1
    Number using FIFO18E1 only:              0

Area Group "CLKAG_PSI_CLK90"
  No COMPRESSION specified for Area Group "CLKAG_PSI_CLK90"
  RANGE:
DSP48_X0Y0:DSP48_X2Y19,DSP48_X7Y0:DSP48_X8Y19,DSP48_X0Y20:DSP48_X4Y39,DSP48_X5Y2
0:DSP48_X8Y39,DSP48_X0Y40:DSP48_X4Y59,DSP48_X5Y40:DSP48_X8Y59,DSP48_X0Y60:DSP48_
X4Y79,DSP48_X5Y60:DSP48_X8Y79,DSP48_X0Y80:DSP48_X2Y99,DSP48_X7Y80:DSP48_X8Y99
  RANGE:
RAMB18_X0Y0:RAMB18_X2Y19,RAMB18_X7Y0:RAMB18_X8Y19,RAMB18_X0Y20:RAMB18_X4Y39,RAMB
18_X5Y20:RAMB18_X8Y39,RAMB18_X0Y40:RAMB18_X4Y59,RAMB18_X5Y40:RAMB18_X8Y59,RAMB18
_X0Y60:RAMB18_X4Y79,RAMB18_X5Y60:RAMB18_X8Y79,RAMB18_X0Y80:RAMB18_X2Y99,RAMB18_X
7Y80:RAMB18_X8Y99
  RANGE:
RAMB36_X0Y0:RAMB36_X2Y9,RAMB36_X7Y0:RAMB36_X8Y9,RAMB36_X0Y10:RAMB36_X4Y19,RAMB36
_X5Y10:RAMB36_X8Y19,RAMB36_X0Y20:RAMB36_X4Y29,RAMB36_X5Y20:RAMB36_X8Y29,RAMB36_X
0Y30:RAMB36_X4Y39,RAMB36_X5Y30:RAMB36_X8Y39,RAMB36_X0Y40:RAMB36_X2Y49,RAMB36_X7Y
40:RAMB36_X8Y49
  RANGE:
SLICE_X0Y0:SLICE_X83Y49,SLICE_X114Y0:SLICE_X163Y49,SLICE_X0Y50:SLICE_X83Y99,SLIC
E_X84Y50:SLICE_X163Y99,SLICE_X0Y100:SLICE_X83Y149,SLICE_X84Y100:SLICE_X163Y149,S
LICE_X0Y150:SLICE_X83Y199,SLICE_X84Y150:SLICE_X163Y199,SLICE_X0Y200:SLICE_X83Y24
9,SLICE_X114Y200:SLICE_X163Y249
  Slice Logic Utilization:
    Number of Slice Registers:             144 out of 269,200    1%
    Number of Slice LUTs:                  150 out of 134,600    1%
      Number used as logic:                146
      Number used as Memory:                 4
  Slice Logic Distribution:
    Number of occupied Slices:              56 out of 33,650    1%
    Number of LUT Flip Flop pairs used:    157
      Number with an unused Flip Flop:      19 out of    157   12%
      Number with an unused LUT:             6 out of    157    3%
      Number of fully used LUT-FF pairs:   132 out of    157   84%
  IO Utilization:
    Number of bonded IOBs:                   6

Area Group "CLKAG_XLXN_15064"
  No COMPRESSION specified for Area Group "CLKAG_XLXN_15064"
  RANGE:
DSP48_X0Y0:DSP48_X2Y19,DSP48_X7Y0:DSP48_X8Y19,DSP48_X0Y20:DSP48_X4Y39,DSP48_X5Y2
0:DSP48_X8Y39,DSP48_X0Y40:DSP48_X4Y59,DSP48_X5Y40:DSP48_X8Y59,DSP48_X0Y60:DSP48_
X4Y79,DSP48_X5Y60:DSP48_X8Y79,DSP48_X0Y80:DSP48_X2Y99,DSP48_X7Y80:DSP48_X8Y99
  RANGE:
RAMB18_X0Y0:RAMB18_X2Y19,RAMB18_X7Y0:RAMB18_X8Y19,RAMB18_X0Y20:RAMB18_X4Y39,RAMB
18_X5Y20:RAMB18_X8Y39,RAMB18_X0Y40:RAMB18_X4Y59,RAMB18_X5Y40:RAMB18_X8Y59,RAMB18
_X0Y60:RAMB18_X4Y79,RAMB18_X5Y60:RAMB18_X8Y79,RAMB18_X0Y80:RAMB18_X2Y99,RAMB18_X
7Y80:RAMB18_X8Y99
  RANGE:
RAMB36_X0Y0:RAMB36_X2Y9,RAMB36_X7Y0:RAMB36_X8Y9,RAMB36_X0Y10:RAMB36_X4Y19,RAMB36
_X5Y10:RAMB36_X8Y19,RAMB36_X0Y20:RAMB36_X4Y29,RAMB36_X5Y20:RAMB36_X8Y29,RAMB36_X
0Y30:RAMB36_X4Y39,RAMB36_X5Y30:RAMB36_X8Y39,RAMB36_X0Y40:RAMB36_X2Y49,RAMB36_X7Y
40:RAMB36_X8Y49
  RANGE:
SLICE_X0Y0:SLICE_X83Y49,SLICE_X114Y0:SLICE_X163Y49,SLICE_X0Y50:SLICE_X83Y99,SLIC
E_X84Y50:SLICE_X163Y99,SLICE_X0Y100:SLICE_X83Y149,SLICE_X84Y100:SLICE_X163Y149,S
LICE_X0Y150:SLICE_X83Y199,SLICE_X84Y150:SLICE_X163Y199,SLICE_X0Y200:SLICE_X83Y24
9,SLICE_X114Y200:SLICE_X163Y249
  Slice Logic Utilization:
  Number of IDELAYCTRL:                      3

Area Group "CLKAG_psi_dig_sdata_clk<0>"
  No COMPRESSION specified for Area Group "CLKAG_psi_dig_sdata_clk<0>"
  RANGE:
DSP48_X0Y0:DSP48_X2Y19,DSP48_X7Y0:DSP48_X8Y19,DSP48_X0Y20:DSP48_X4Y39,DSP48_X5Y2
0:DSP48_X8Y39,DSP48_X0Y40:DSP48_X4Y59,DSP48_X5Y40:DSP48_X8Y59,DSP48_X0Y60:DSP48_
X4Y79,DSP48_X5Y60:DSP48_X8Y79,DSP48_X0Y80:DSP48_X2Y99,DSP48_X7Y80:DSP48_X8Y99
  RANGE:
RAMB18_X0Y0:RAMB18_X2Y19,RAMB18_X7Y0:RAMB18_X8Y19,RAMB18_X0Y20:RAMB18_X4Y39,RAMB
18_X5Y20:RAMB18_X8Y39,RAMB18_X0Y40:RAMB18_X4Y59,RAMB18_X5Y40:RAMB18_X8Y59,RAMB18
_X0Y60:RAMB18_X4Y79,RAMB18_X5Y60:RAMB18_X8Y79,RAMB18_X0Y80:RAMB18_X2Y99,RAMB18_X
7Y80:RAMB18_X8Y99
  RANGE:
RAMB36_X0Y0:RAMB36_X2Y9,RAMB36_X7Y0:RAMB36_X8Y9,RAMB36_X0Y10:RAMB36_X4Y19,RAMB36
_X5Y10:RAMB36_X8Y19,RAMB36_X0Y20:RAMB36_X4Y29,RAMB36_X5Y20:RAMB36_X8Y29,RAMB36_X
0Y30:RAMB36_X4Y39,RAMB36_X5Y30:RAMB36_X8Y39,RAMB36_X0Y40:RAMB36_X2Y49,RAMB36_X7Y
40:RAMB36_X8Y49
  RANGE:
SLICE_X0Y0:SLICE_X83Y49,SLICE_X114Y0:SLICE_X163Y49,SLICE_X0Y50:SLICE_X83Y99,SLIC
E_X84Y50:SLICE_X163Y99,SLICE_X0Y100:SLICE_X83Y149,SLICE_X84Y100:SLICE_X163Y149,S
LICE_X0Y150:SLICE_X83Y199,SLICE_X84Y150:SLICE_X163Y199,SLICE_X0Y200:SLICE_X83Y24
9,SLICE_X114Y200:SLICE_X163Y249
  Slice Logic Utilization:
    Number of Slice Registers:             105 out of 269,200    1%
    Number of Slice LUTs:                   53 out of 134,600    1%
      Number used as logic:                 53
  Slice Logic Distribution:
    Number of occupied Slices:              36 out of 33,650    1%
    Number of LUT Flip Flop pairs used:    100
      Number with an unused Flip Flop:      12 out of    100   12%
      Number with an unused LUT:            47 out of    100   47%
      Number of fully used LUT-FF pairs:    41 out of    100   41%

Area Group "CLKAG_psi_dig_sdata_clk<1>"
  No COMPRESSION specified for Area Group "CLKAG_psi_dig_sdata_clk<1>"
  RANGE:
DSP48_X0Y0:DSP48_X2Y19,DSP48_X7Y0:DSP48_X8Y19,DSP48_X0Y20:DSP48_X4Y39,DSP48_X5Y2
0:DSP48_X8Y39,DSP48_X0Y40:DSP48_X4Y59,DSP48_X5Y40:DSP48_X8Y59,DSP48_X0Y60:DSP48_
X4Y79,DSP48_X5Y60:DSP48_X8Y79,DSP48_X0Y80:DSP48_X2Y99,DSP48_X7Y80:DSP48_X8Y99
  RANGE:
RAMB18_X0Y0:RAMB18_X2Y19,RAMB18_X7Y0:RAMB18_X8Y19,RAMB18_X0Y20:RAMB18_X4Y39,RAMB
18_X5Y20:RAMB18_X8Y39,RAMB18_X0Y40:RAMB18_X4Y59,RAMB18_X5Y40:RAMB18_X8Y59,RAMB18
_X0Y60:RAMB18_X4Y79,RAMB18_X5Y60:RAMB18_X8Y79,RAMB18_X0Y80:RAMB18_X2Y99,RAMB18_X
7Y80:RAMB18_X8Y99
  RANGE:
RAMB36_X0Y0:RAMB36_X2Y9,RAMB36_X7Y0:RAMB36_X8Y9,RAMB36_X0Y10:RAMB36_X4Y19,RAMB36
_X5Y10:RAMB36_X8Y19,RAMB36_X0Y20:RAMB36_X4Y29,RAMB36_X5Y20:RAMB36_X8Y29,RAMB36_X
0Y30:RAMB36_X4Y39,RAMB36_X5Y30:RAMB36_X8Y39,RAMB36_X0Y40:RAMB36_X2Y49,RAMB36_X7Y
40:RAMB36_X8Y49
  RANGE:
SLICE_X0Y0:SLICE_X83Y49,SLICE_X114Y0:SLICE_X163Y49,SLICE_X0Y50:SLICE_X83Y99,SLIC
E_X84Y50:SLICE_X163Y99,SLICE_X0Y100:SLICE_X83Y149,SLICE_X84Y100:SLICE_X163Y149,S
LICE_X0Y150:SLICE_X83Y199,SLICE_X84Y150:SLICE_X163Y199,SLICE_X0Y200:SLICE_X83Y24
9,SLICE_X114Y200:SLICE_X163Y249
  Slice Logic Utilization:
    Number of Slice Registers:             105 out of 269,200    1%
    Number of Slice LUTs:                   51 out of 134,600    1%
      Number used as logic:                 51
  Slice Logic Distribution:
    Number of occupied Slices:              34 out of 33,650    1%
    Number of LUT Flip Flop pairs used:     94
      Number with an unused Flip Flop:      10 out of     94   10%
      Number with an unused LUT:            39 out of     94   41%
      Number of fully used LUT-FF pairs:    45 out of     94   47%

Area Group "CLKAG_psi_dig_sdata_clk<2>"
  No COMPRESSION specified for Area Group "CLKAG_psi_dig_sdata_clk<2>"
  RANGE:
DSP48_X0Y0:DSP48_X2Y19,DSP48_X7Y0:DSP48_X8Y19,DSP48_X0Y20:DSP48_X4Y39,DSP48_X5Y2
0:DSP48_X8Y39,DSP48_X0Y40:DSP48_X4Y59,DSP48_X5Y40:DSP48_X8Y59,DSP48_X0Y60:DSP48_
X4Y79,DSP48_X5Y60:DSP48_X8Y79,DSP48_X0Y80:DSP48_X2Y99,DSP48_X7Y80:DSP48_X8Y99
  RANGE:
RAMB18_X0Y0:RAMB18_X2Y19,RAMB18_X7Y0:RAMB18_X8Y19,RAMB18_X0Y20:RAMB18_X4Y39,RAMB
18_X5Y20:RAMB18_X8Y39,RAMB18_X0Y40:RAMB18_X4Y59,RAMB18_X5Y40:RAMB18_X8Y59,RAMB18
_X0Y60:RAMB18_X4Y79,RAMB18_X5Y60:RAMB18_X8Y79,RAMB18_X0Y80:RAMB18_X2Y99,RAMB18_X
7Y80:RAMB18_X8Y99
  RANGE:
RAMB36_X0Y0:RAMB36_X2Y9,RAMB36_X7Y0:RAMB36_X8Y9,RAMB36_X0Y10:RAMB36_X4Y19,RAMB36
_X5Y10:RAMB36_X8Y19,RAMB36_X0Y20:RAMB36_X4Y29,RAMB36_X5Y20:RAMB36_X8Y29,RAMB36_X
0Y30:RAMB36_X4Y39,RAMB36_X5Y30:RAMB36_X8Y39,RAMB36_X0Y40:RAMB36_X2Y49,RAMB36_X7Y
40:RAMB36_X8Y49
  RANGE:
SLICE_X0Y0:SLICE_X83Y49,SLICE_X114Y0:SLICE_X163Y49,SLICE_X0Y50:SLICE_X83Y99,SLIC
E_X84Y50:SLICE_X163Y99,SLICE_X0Y100:SLICE_X83Y149,SLICE_X84Y100:SLICE_X163Y149,S
LICE_X0Y150:SLICE_X83Y199,SLICE_X84Y150:SLICE_X163Y199,SLICE_X0Y200:SLICE_X83Y24
9,SLICE_X114Y200:SLICE_X163Y249
  Slice Logic Utilization:
    Number of Slice Registers:             105 out of 269,200    1%
    Number of Slice LUTs:                   47 out of 134,600    1%
      Number used as logic:                 47
  Slice Logic Distribution:
    Number of occupied Slices:              34 out of 33,650    1%
    Number of LUT Flip Flop pairs used:     91
      Number with an unused Flip Flop:       7 out of     91    7%
      Number with an unused LUT:            40 out of     91   43%
      Number of fully used LUT-FF pairs:    44 out of     91   48%


Section 10 - Timing Report
--------------------------
A logic-level (pre-route) timing report can be generated by using Xilinx static
timing analysis tools, Timing Analyzer (GUI) or TRCE (command line), with the
mapped NCD and PCF files. Please note that this timing report will be generated
using estimated delay information. For accurate numbers, please generate a
timing report with the post Place and Route NCD file.

For more information about the Timing Analyzer, consult the Xilinx Timing
Analyzer Reference Manual; for more information about TRCE, consult the Xilinx
Command Line Tools User Guide "TRACE" chapter.

Section 11 - Configuration String Details
-----------------------------------------
MMCME2_ADV "XLXI_3410":
BANDWIDTH:OPTIMIZED
CLKBURST_ENABLE:FALSE
CLKBURST_REPEAT:FALSE
CLKFBIN_EDGE:FALSE
CLKFBIN_NOCOUNT:TRUE
CLKFBOUT_EDGE:FALSE
CLKFBOUT_EN:TRUE
CLKFBOUT_FRAC_EN:FALSE
CLKFBOUT_FRAC_WF_FALL:FALSE
CLKFBOUT_FRAC_WF_RISE:FALSE
CLKFBOUT_NOCOUNT:TRUE
CLKFBOUT_USE_FINE_PS:FALSE
CLKOUT0_EDGE:FALSE
CLKOUT0_EN:FALSE
CLKOUT0_FRAC_EN:FALSE
CLKOUT0_FRAC_WF_FALL:FALSE
CLKOUT0_FRAC_WF_RISE:FALSE
CLKOUT0_NOCOUNT:TRUE
CLKOUT0_USE_FINE_PS:FALSE
CLKOUT1_EDGE:FALSE
CLKOUT1_EN:FALSE
CLKOUT1_NOCOUNT:TRUE
CLKOUT1_USE_FINE_PS:FALSE
CLKOUT2_EDGE:FALSE
CLKOUT2_EN:FALSE
CLKOUT2_NOCOUNT:TRUE
CLKOUT2_USE_FINE_PS:FALSE
CLKOUT3_EDGE:FALSE
CLKOUT3_EN:FALSE
CLKOUT3_NOCOUNT:TRUE
CLKOUT3_USE_FINE_PS:FALSE
CLKOUT4_CASCADE:FALSE
CLKOUT4_EDGE:FALSE
CLKOUT4_EN:FALSE
CLKOUT4_NOCOUNT:TRUE
CLKOUT4_USE_FINE_PS:FALSE
CLKOUT5_EDGE:FALSE
CLKOUT5_EN:FALSE
CLKOUT5_NOCOUNT:TRUE
CLKOUT5_USE_FINE_PS:FALSE
CLKOUT6_EDGE:FALSE
CLKOUT6_EN:FALSE
CLKOUT6_NOCOUNT:TRUE
CLKOUT6_USE_FINE_PS:FALSE
COMPENSATION:ZHOLD
DIRECT_PATH_CNTRL:FALSE
DIVCLK_EDGE:FALSE
DIVCLK_NOCOUNT:TRUE
EN_VCO_DIV1:FALSE
EN_VCO_DIV6:FALSE
GTS_WAIT:FALSE
HVLF_CNT_TEST_EN:FALSE
INTERP_TEST:FALSE
IN_DLY_EN:TRUE
LF_LOW_SEL:FALSE
MMCM_EN:TRUE
PERF0_USE_CLK:FALSE
PERF1_USE_CLK:FALSE
PERF2_USE_CLK:FALSE
PERF3_USE_CLK:FALSE
SEL_HV_NMOS:FALSE
SEL_LV_NMOS:FALSE
SEL_SLIPD:FALSE
SS_EN:FALSE
SS_MODE:CENTER_HIGH
STARTUP_WAIT:FALSE
SUP_SEL_AREG:FALSE
SUP_SEL_DREG:FALSE
TMUX_MUX_SEL:00
VLF_HIGH_DIS_B:TRUE
VLF_HIGH_PWDN_B:TRUE
CLKFBOUT_MULT_F = 6.0
CLKFBOUT_PHASE = -0.0
CLKIN1_PERIOD = 8.0
CLKIN2_PERIOD = 0.000
CLKOUT0_DIVIDE_F = 3.75
CLKOUT0_DUTY_CYCLE = 0.5
CLKOUT0_PHASE = 0.0
CLKOUT1_DIVIDE = 1
CLKOUT1_DUTY_CYCLE = 0.5
CLKOUT1_PHASE = 0.0
CLKOUT2_DIVIDE = 1
CLKOUT2_DUTY_CYCLE = 0.5
CLKOUT2_PHASE = 0.0
CLKOUT3_DIVIDE = 6
CLKOUT3_DUTY_CYCLE = 0.5
CLKOUT3_PHASE = 0.0
CLKOUT4_DIVIDE = 12
CLKOUT4_DUTY_CYCLE = 0.5
CLKOUT4_PHASE = 0.0
CLKOUT5_DIVIDE = 1
CLKOUT5_DUTY_CYCLE = 0.5
CLKOUT5_PHASE = 0.0
CLKOUT6_DIVIDE = 1
CLKOUT6_DUTY_CYCLE = 0.5
CLKOUT6_PHASE = 0.0
DIVCLK_DIVIDE = 1
REF_JITTER1 = 0.01
REF_JITTER2 = 0.01
SS_MOD_PERIOD = 10000


MMCME2_ADV "XLXI_6292":
BANDWIDTH:OPTIMIZED
CLKBURST_ENABLE:FALSE
CLKBURST_REPEAT:FALSE
CLKFBIN_EDGE:FALSE
CLKFBIN_NOCOUNT:TRUE
CLKFBOUT_EDGE:FALSE
CLKFBOUT_EN:TRUE
CLKFBOUT_FRAC_EN:FALSE
CLKFBOUT_FRAC_WF_FALL:FALSE
CLKFBOUT_FRAC_WF_RISE:FALSE
CLKFBOUT_NOCOUNT:TRUE
CLKFBOUT_USE_FINE_PS:FALSE
CLKOUT0_EDGE:FALSE
CLKOUT0_EN:FALSE
CLKOUT0_FRAC_EN:FALSE
CLKOUT0_FRAC_WF_FALL:FALSE
CLKOUT0_FRAC_WF_RISE:FALSE
CLKOUT0_NOCOUNT:TRUE
CLKOUT0_USE_FINE_PS:FALSE
CLKOUT1_EDGE:FALSE
CLKOUT1_EN:FALSE
CLKOUT1_NOCOUNT:TRUE
CLKOUT1_USE_FINE_PS:FALSE
CLKOUT2_EDGE:FALSE
CLKOUT2_EN:FALSE
CLKOUT2_NOCOUNT:TRUE
CLKOUT2_USE_FINE_PS:FALSE
CLKOUT3_EDGE:FALSE
CLKOUT3_EN:FALSE
CLKOUT3_NOCOUNT:TRUE
CLKOUT3_USE_FINE_PS:FALSE
CLKOUT4_CASCADE:FALSE
CLKOUT4_EDGE:FALSE
CLKOUT4_EN:FALSE
CLKOUT4_NOCOUNT:TRUE
CLKOUT4_USE_FINE_PS:FALSE
CLKOUT5_EDGE:FALSE
CLKOUT5_EN:FALSE
CLKOUT5_NOCOUNT:TRUE
CLKOUT5_USE_FINE_PS:FALSE
CLKOUT6_EDGE:FALSE
CLKOUT6_EN:FALSE
CLKOUT6_NOCOUNT:TRUE
CLKOUT6_USE_FINE_PS:FALSE
COMPENSATION:INTERNAL
DIRECT_PATH_CNTRL:FALSE
DIVCLK_EDGE:FALSE
DIVCLK_NOCOUNT:TRUE
EN_VCO_DIV1:FALSE
EN_VCO_DIV6:FALSE
GTS_WAIT:FALSE
HVLF_CNT_TEST_EN:FALSE
INTERP_TEST:FALSE
IN_DLY_EN:TRUE
LF_LOW_SEL:FALSE
MMCM_EN:TRUE
PERF0_USE_CLK:FALSE
PERF1_USE_CLK:FALSE
PERF2_USE_CLK:FALSE
PERF3_USE_CLK:FALSE
SEL_HV_NMOS:FALSE
SEL_LV_NMOS:FALSE
SEL_SLIPD:FALSE
SS_EN:FALSE
SS_MODE:CENTER_HIGH
STARTUP_WAIT:FALSE
SUP_SEL_AREG:FALSE
SUP_SEL_DREG:FALSE
TMUX_MUX_SEL:00
VLF_HIGH_DIS_B:TRUE
VLF_HIGH_PWDN_B:TRUE
CLKFBOUT_MULT_F = 6.0
CLKFBOUT_PHASE = 0.0
CLKIN1_PERIOD = 8
CLKIN2_PERIOD = 10
CLKOUT0_DIVIDE_F = 28.0
CLKOUT0_DUTY_CYCLE = 0.5
CLKOUT0_PHASE = 0.0
CLKOUT1_DIVIDE = 1
CLKOUT1_DUTY_CYCLE = 0.5
CLKOUT1_PHASE = 0.0
CLKOUT2_DIVIDE = 1
CLKOUT2_DUTY_CYCLE = 0.5
CLKOUT2_PHASE = 0.0
CLKOUT3_DIVIDE = 1
CLKOUT3_DUTY_CYCLE = 0.5
CLKOUT3_PHASE = 0.0
CLKOUT4_DIVIDE = 1
CLKOUT4_DUTY_CYCLE = 0.5
CLKOUT4_PHASE = 0.0
CLKOUT5_DIVIDE = 1
CLKOUT5_DUTY_CYCLE = 0.5
CLKOUT5_PHASE = 0.0
CLKOUT6_DIVIDE = 1
CLKOUT6_DUTY_CYCLE = 0.5
CLKOUT6_PHASE = 0.0
DIVCLK_DIVIDE = 1
REF_JITTER1 = 0.01
REF_JITTER2 = 0.01
SS_MOD_PERIOD = 10000


MMCME2_ADV "XLXI_6330/mmcm_adv_inst":
BANDWIDTH:OPTIMIZED
CLKBURST_ENABLE:FALSE
CLKBURST_REPEAT:FALSE
CLKFBIN_EDGE:FALSE
CLKFBIN_NOCOUNT:TRUE
CLKFBOUT_EDGE:FALSE
CLKFBOUT_EN:TRUE
CLKFBOUT_FRAC_EN:FALSE
CLKFBOUT_FRAC_WF_FALL:FALSE
CLKFBOUT_FRAC_WF_RISE:FALSE
CLKFBOUT_NOCOUNT:TRUE
CLKFBOUT_USE_FINE_PS:FALSE
CLKOUT0_EDGE:FALSE
CLKOUT0_EN:FALSE
CLKOUT0_FRAC_EN:FALSE
CLKOUT0_FRAC_WF_FALL:FALSE
CLKOUT0_FRAC_WF_RISE:FALSE
CLKOUT0_NOCOUNT:TRUE
CLKOUT0_USE_FINE_PS:FALSE
CLKOUT1_EDGE:FALSE
CLKOUT1_EN:FALSE
CLKOUT1_NOCOUNT:TRUE
CLKOUT1_USE_FINE_PS:FALSE
CLKOUT2_EDGE:FALSE
CLKOUT2_EN:FALSE
CLKOUT2_NOCOUNT:TRUE
CLKOUT2_USE_FINE_PS:FALSE
CLKOUT3_EDGE:FALSE
CLKOUT3_EN:FALSE
CLKOUT3_NOCOUNT:TRUE
CLKOUT3_USE_FINE_PS:FALSE
CLKOUT4_CASCADE:FALSE
CLKOUT4_EDGE:FALSE
CLKOUT4_EN:FALSE
CLKOUT4_NOCOUNT:TRUE
CLKOUT4_USE_FINE_PS:FALSE
CLKOUT5_EDGE:FALSE
CLKOUT5_EN:FALSE
CLKOUT5_NOCOUNT:TRUE
CLKOUT5_USE_FINE_PS:FALSE
CLKOUT6_EDGE:FALSE
CLKOUT6_EN:FALSE
CLKOUT6_NOCOUNT:TRUE
CLKOUT6_USE_FINE_PS:FALSE
COMPENSATION:BUF_IN
DIRECT_PATH_CNTRL:FALSE
DIVCLK_EDGE:FALSE
DIVCLK_NOCOUNT:TRUE
EN_VCO_DIV1:FALSE
EN_VCO_DIV6:FALSE
GTS_WAIT:FALSE
HVLF_CNT_TEST_EN:FALSE
INTERP_TEST:FALSE
IN_DLY_EN:TRUE
LF_LOW_SEL:FALSE
MMCM_EN:TRUE
PERF0_USE_CLK:FALSE
PERF1_USE_CLK:FALSE
PERF2_USE_CLK:FALSE
PERF3_USE_CLK:FALSE
SEL_HV_NMOS:FALSE
SEL_LV_NMOS:FALSE
SEL_SLIPD:FALSE
SS_EN:FALSE
SS_MODE:CENTER_HIGH
STARTUP_WAIT:FALSE
SUP_SEL_AREG:FALSE
SUP_SEL_DREG:FALSE
TMUX_MUX_SEL:00
VLF_HIGH_DIS_B:TRUE
VLF_HIGH_PWDN_B:TRUE
CLKFBOUT_MULT_F = 24.0
CLKFBOUT_PHASE = 0.0
CLKIN1_PERIOD = 25
CLKIN2_PERIOD = 0
CLKOUT0_DIVIDE_F = 24.0
CLKOUT0_DUTY_CYCLE = 0.5
CLKOUT0_PHASE = 0.0
CLKOUT1_DIVIDE = 24
CLKOUT1_DUTY_CYCLE = 0.5
CLKOUT1_PHASE = 90.0
CLKOUT2_DIVIDE = 24
CLKOUT2_DUTY_CYCLE = 0.5
CLKOUT2_PHASE = 270.0
CLKOUT3_DIVIDE = 6
CLKOUT3_DUTY_CYCLE = 0.5
CLKOUT3_PHASE = 0.0
CLKOUT4_DIVIDE = 6
CLKOUT4_DUTY_CYCLE = 0.5
CLKOUT4_PHASE = 45.0
CLKOUT5_DIVIDE = 1
CLKOUT5_DUTY_CYCLE = 0.5
CLKOUT5_PHASE = 0.0
CLKOUT6_DIVIDE = 1
CLKOUT6_DUTY_CYCLE = 0.5
CLKOUT6_PHASE = 0.0
DIVCLK_DIVIDE = 1
REF_JITTER1 = 0.01
REF_JITTER2 = 0.0
SS_MOD_PERIOD = 10000



Section 12 - Control Set Information
------------------------------------
+-----------------------------------------------------------------------------------------------------------------------------------------------------------------------------------------------------------------------------------------------------------------------------------------+
| Clock Signal              | Reset Signal                                                                                         | Set Signal | Enable Signal                                                                                       | Slice Load Count | Bel Load Count |
+-----------------------------------------------------------------------------------------------------------------------------------------------------------------------------------------------------------------------------------------------------------------------------------------+
| GTX_CLK_0_sig             |                                                                                                      |            |                                                                                                     | 111              | 300            |
| GTX_CLK_0_sig             |                                                                                                      |            | ADC_CLK_SEL_MAP                                                                                     | 1                | 1              |
| GTX_CLK_0_sig             |                                                                                                      |            | BURST_DATA_SEL_MAP                                                                                  | 2                | 3              |
| GTX_CLK_0_sig             |                                                                                                      |            | MASTER_TRIGGER_MAP                                                                                  | 4                | 7              |
| GTX_CLK_0_sig             |                                                                                                      |            | PLAQ_SEL_MAP                                                                                        | 1                | 2              |
| GTX_CLK_0_sig             |                                                                                                      |            | PSI_CAL_TAG_MAP                                                                                     | 1                | 1              |
| GTX_CLK_0_sig             |                                                                                                      |            | PSI_DIG_MAP                                                                                         | 3                | 12             |
| GTX_CLK_0_sig             |                                                                                                      |            | PSI_Dig_Blk_0/CHIP_TMGR/_n0261_inv                                                                  | 12               | 64             |
| GTX_CLK_0_sig             |                                                                                                      |            | PSI_Dig_Blk_1/CHIP_TMGR/_n0261_inv                                                                  | 15               | 64             |
| GTX_CLK_0_sig             |                                                                                                      |            | PSI_Dig_Blk_2/CHIP_TMGR/_n0261_inv                                                                  | 14               | 64             |
| GTX_CLK_0_sig             |                                                                                                      |            | PSI_SAMPLE_DEBUG_MAP                                                                                | 1                | 2              |
| GTX_CLK_0_sig             |                                                                                                      |            | RESET_MAP                                                                                           | 2                | 5              |
| GTX_CLK_0_sig             |                                                                                                      |            | TOKEN_STACK_MAP                                                                                     | 1                | 1              |
| GTX_CLK_0_sig             |                                                                                                      |            | XLXI_6334/_n0940_inv                                                                                | 6                | 24             |
| GTX_CLK_0_sig             |                                                                                                      |            | XLXI_6334/_n0947_inv                                                                                | 2                | 8              |
| GTX_CLK_0_sig             |                                                                                                      |            | XLXI_6334/_n0959_inv                                                                                | 10               | 40             |
| GTX_CLK_0_sig             |                                                                                                      |            | XLXI_6334/_n0973_inv                                                                                | 8                | 32             |
| GTX_CLK_0_sig             |                                                                                                      |            | XLXI_6334/_n1019_inv                                                                                | 25               | 48             |
| GTX_CLK_0_sig             |                                                                                                      |            | XLXI_6334/_n1037_inv                                                                                | 4                | 16             |
| GTX_CLK_0_sig             |                                                                                                      |            | XLXI_6334/_n1058_inv                                                                                | 8                | 32             |
| GTX_CLK_0_sig             |                                                                                                      |            | XLXI_6334/_n1111_inv                                                                                | 12               | 48             |
| GTX_CLK_0_sig             |                                                                                                      |            | XLXI_6334/_n1136_inv                                                                                | 3                | 16             |
| GTX_CLK_0_sig             |                                                                                                      |            | XLXI_6334/_n1205_inv                                                                                | 8                | 32             |
| GTX_CLK_0_sig             |                                                                                                      |            | XLXI_6334/data_manager_blk/GEC_RX_CTRL/_n0163_inv                                                   | 6                | 15             |
| GTX_CLK_0_sig             |                                                                                                      |            | XLXI_6334/data_manager_blk/GEC_TX_SEQ_CTL/_n0235_inv                                                | 4                | 8              |
| GTX_CLK_0_sig             |                                                                                                      |            | XLXI_6334/ec_wrapper/crcSplice/_n0028_inv                                                           | 1                | 4              |
| GTX_CLK_0_sig             |                                                                                                      |            | XLXI_6334/ec_wrapper/ethernet_controller/ArpReplyBlock/_n0244_inv                                   | 6                | 16             |
| GTX_CLK_0_sig             |                                                                                                      |            | XLXI_6334/ec_wrapper/ethernet_controller/ChecksumCalcBlock/_n0073_inv                               | 5                | 17             |
| GTX_CLK_0_sig             |                                                                                                      |            | XLXI_6334/ec_wrapper/ethernet_controller/CreatePacketBlock/_n0291_inv                               | 5                | 20             |
| GTX_CLK_0_sig             |                                                                                                      |            | XLXI_6334/ec_wrapper/ethernet_controller/CreatePacketBlock/_n0324_inv                               | 2                | 16             |
| GTX_CLK_0_sig             |                                                                                                      |            | XLXI_6334/ec_wrapper/ethernet_controller/CreatePacketBlock/_n0392_inv                               | 7                | 11             |
| GTX_CLK_0_sig             |                                                                                                      |            | XLXI_6334/ec_wrapper/ethernet_controller/CreatePacketBlock/_n0450_inv                               | 4                | 16             |
| GTX_CLK_0_sig             |                                                                                                      |            | XLXI_6334/ec_wrapper/ethernet_controller/CreatePacketBlock/_n0514_inv                               | 4                | 11             |
| GTX_CLK_0_sig             |                                                                                                      |            | XLXI_6334/ec_wrapper/ethernet_controller/DecipherBlock/_n0551_inv                                   | 1                | 8              |
| GTX_CLK_0_sig             |                                                                                                      |            | XLXI_6334/ec_wrapper/ethernet_controller/DecipherBlock/_n0555_inv                                   | 4                | 11             |
| GTX_CLK_0_sig             |                                                                                                      |            | XLXI_6334/ec_wrapper/ethernet_controller/DecipherBlock/_n0632_inv                                   | 4                | 16             |
| GTX_CLK_0_sig             |                                                                                                      |            | XLXI_6334/ec_wrapper/ethernet_controller/DecipherBlock/_n0689_inv                                   | 13               | 48             |
| GTX_CLK_0_sig             |                                                                                                      |            | XLXI_6334/ec_wrapper/ethernet_controller/DecipherBlock/_n0725_inv                                   | 9                | 32             |
| GTX_CLK_0_sig             |                                                                                                      |            | XLXI_6334/ec_wrapper/ethernet_controller/ICMPPingChecksumCalcBlock/_n0055_inv                       | 5                | 17             |
| GTX_CLK_0_sig             |                                                                                                      |            | XLXI_6334/ec_wrapper/ethernet_controller/ICMPPingChecksumCalcBlock/_n0068_inv                       | 4                | 16             |
| GTX_CLK_0_sig             |                                                                                                      |            | XLXI_6334/ec_wrapper/ethernet_controller/create_clken                                               | 8                | 24             |
| GTX_CLK_0_sig             |                                                                                                      |            | XLXI_6334/ec_wrapper/ethernet_controller/decipher_clken                                             | 2                | 8              |
| GTX_CLK_0_sig             |                                                                                                      |            | XLXI_6334/ec_wrapper/xgmii/GLOBAL_LOGIC1                                                            | 3                | 9              |
| GTX_CLK_0_sig             | XLXI_6019/U0/xst_fifo_generator/gconvfifo.rf/grf.rf/rstblk/rst_d2                                    |            |                                                                                                     | 2                | 2              |
| GTX_CLK_0_sig             | XLXI_6019/U0/xst_fifo_generator/gconvfifo.rf/grf.rf/rstblk/wr_rst_comb                               |            |                                                                                                     | 1                | 2              |
| GTX_CLK_0_sig             | XLXI_6019/U0/xst_fifo_generator/gconvfifo.rf/grf.rf/rstblk/wr_rst_reg<0>                             |            |                                                                                                     | 11               | 36             |
| GTX_CLK_0_sig             | XLXI_6019/U0/xst_fifo_generator/gconvfifo.rf/grf.rf/rstblk/wr_rst_reg<1>                             |            | XLXI_6019/U0/xst_fifo_generator/gconvfifo.rf/grf.rf/gntv_or_sync_fifo.gl0.wr/ram_wr_en_i1           | 8                | 27             |
| GTX_CLK_0_sig             | XLXI_6042/reset_cal_en_OR_584_o                                                                      |            |                                                                                                     | 7                | 14             |
| GTX_CLK_0_sig             | XLXI_6334/arp_busy_arp_waiting_AND_203_o_inv                                                         |            |                                                                                                     | 1                | 3              |
| GTX_CLK_0_sig             | XLXI_6334/data_manager_blk/GEC_RX_CTRL/four_bit_mode_inv                                             |            |                                                                                                     | 1                | 1              |
| GTX_CLK_0_sig             | XLXI_6334/data_manager_blk/GEC_TX_SEQ_CTL/four_bit_mode_inv                                          |            |                                                                                                     | 1                | 1              |
| GTX_CLK_0_sig             | XLXI_6334/ec_wrapper/ethernet_controller/AddressContainer/capture_old_capture_AND_127_o_inv          |            |                                                                                                     | 2                | 3              |
| GTX_CLK_0_sig             | XLXI_6334/ec_wrapper/ethernet_controller/ArpReplyBlock/four_bit_mode_inv                             |            |                                                                                                     | 1                | 1              |
| GTX_CLK_0_sig             | XLXI_6334/ec_wrapper/ethernet_controller/ChecksumCalcBlock/reset_trigger_old_OR_598_o                |            | XLXI_6334/ec_wrapper/ethernet_controller/ChecksumCalcBlock/state[3]_PWR_116_o_LessThan_7_o          | 1                | 4              |
| GTX_CLK_0_sig             | XLXI_6334/ec_wrapper/ethernet_controller/CreatePacketBlock/_n0252                                    |            | XLXI_6334/ec_wrapper/ethernet_controller/CreatePacketBlock/_n0520_inv                               | 2                | 6              |
| GTX_CLK_0_sig             | XLXI_6334/ec_wrapper/ethernet_controller/DecipherBlock/PWR_120_o_Sreg0[6]_equal_3_o                  |            | XLXI_6334/ec_wrapper/ethernet_controller/DecipherBlock/_n0736_inv                                   | 1                | 4              |
| GTX_CLK_0_sig             | XLXI_6334/ec_wrapper/ethernet_controller/DecipherBlock/PWR_120_o_Sreg0[6]_equal_3_o                  |            | XLXI_6334/ec_wrapper/ethernet_controller/DecipherBlock/four_bit_mode_first_bytes_count[2]_AND_141_o | 1                | 3              |
| GTX_CLK_0_sig             | XLXI_6334/ec_wrapper/ethernet_controller/FilterDataOutBlock/_n0010                                   |            | XLXI_6334/ec_wrapper/ethernet_controller/decipher_clken                                             | 2                | 8              |
| GTX_CLK_0_sig             | XLXI_6334/ec_wrapper/ethernet_controller/ICMPPingChecksumCalcBlock/Sreg0_FSM_FFd1_0                  |            |                                                                                                     | 1                | 1              |
| GTX_CLK_0_sig             | XLXI_6334/ots_rden_ots_block_sel[31]_AND_202_o_inv                                                   |            |                                                                                                     | 24               | 48             |
| GTX_CLK_0_sig             | XLXI_6334/reset_mgr/_n0017                                                                           |            | XLXI_6334/reset_mgr/cnt[15]_GND_163_o_LessThan_1_o                                                  | 2                | 7              |
| GTX_CLK_0_sig             | XLXI_6334/reset_out                                                                                  |            |                                                                                                     | 69               | 85             |
| GTX_CLK_0_sig             | XLXI_6334/reset_out                                                                                  |            | XLXI_6334/burst_traffic_controller_blk/_n0053_inv                                                   | 5                | 34             |
| GTX_CLK_0_sig             | XLXI_6334/reset_out                                                                                  |            | XLXI_6334/burst_traffic_controller_blk/_n0056_inv                                                   | 4                | 8              |
| GTX_CLK_0_sig             | XLXI_6334/reset_out                                                                                  |            | XLXI_6334/data_manager_blk/GEC_RX_CTRL/_n0209_inv                                                   | 2                | 8              |
| GTX_CLK_0_sig             | XLXI_6334/reset_out                                                                                  |            | XLXI_6334/data_manager_blk/GEC_RX_CTRL/_n0239_inv                                                   | 2                | 8              |
| GTX_CLK_0_sig             | XLXI_6334/reset_out                                                                                  |            | XLXI_6334/data_manager_blk/GEC_RX_CTRL/_n0247_inv                                                   | 12               | 64             |
| GTX_CLK_0_sig             | XLXI_6334/reset_out                                                                                  |            | XLXI_6334/data_manager_blk/GEC_RX_CTRL/clken                                                        | 2                | 2              |
| GTX_CLK_0_sig             | XLXI_6334/reset_out                                                                                  |            | XLXI_6334/data_manager_blk/GEC_TX_SEQ_CTL/_n0257_inv                                                | 2                | 8              |
| GTX_CLK_0_sig             | XLXI_6334/reset_out                                                                                  |            | XLXI_6334/data_manager_blk/GEC_TX_SEQ_CTL/_n0276_inv                                                | 2                | 8              |
| GTX_CLK_0_sig             | XLXI_6334/reset_out                                                                                  |            | XLXI_6334/data_manager_blk/GEC_TX_SEQ_CTL/_n0319_inv                                                | 2                | 10             |
| GTX_CLK_0_sig             | XLXI_6334/reset_out                                                                                  |            | XLXI_6334/data_manager_blk/GEC_TX_SEQ_CTL/_n0345_inv                                                | 2                | 8              |
| GTX_CLK_0_sig             | XLXI_6334/reset_out                                                                                  |            | XLXI_6334/data_manager_blk/GEC_TX_SEQ_CTL/_n0365_inv                                                | 4                | 10             |
| GTX_CLK_0_sig             | XLXI_6334/reset_out                                                                                  |            | XLXI_6334/data_manager_blk/GEC_TX_SEQ_CTL/_n0391_inv                                                | 17               | 64             |
| GTX_CLK_0_sig             | XLXI_6334/reset_out                                                                                  |            | XLXI_6334/data_manager_blk/GEC_TX_SEQ_CTL/_n0417_inv                                                | 1                | 3              |
| GTX_CLK_0_sig             | XLXI_6334/reset_out                                                                                  |            | XLXI_6334/data_manager_blk/GEC_TX_SEQ_CTL/clken                                                     | 2                | 2              |
| GTX_CLK_0_sig             | XLXI_6334/reset_out                                                                                  |            | XLXI_6334/data_manager_blk/RAM_COMM_DEC/_n0259_inv                                                  | 5                | 11             |
| GTX_CLK_0_sig             | XLXI_6334/reset_out                                                                                  |            | XLXI_6334/data_manager_blk/RAM_COMM_DEC/_n0327_inv                                                  | 3                | 8              |
| GTX_CLK_0_sig             | XLXI_6334/reset_out                                                                                  |            | XLXI_6334/data_manager_blk/RAM_COMM_DEC/_n0401_inv                                                  | 6                | 15             |
| GTX_CLK_0_sig             | XLXI_6334/reset_out                                                                                  |            | XLXI_6334/data_manager_blk/RAM_COMM_DEC/_n0435_inv                                                  | 12               | 50             |
| GTX_CLK_0_sig             | XLXI_6334/reset_out                                                                                  |            | XLXI_6334/data_manager_blk/RAM_COMM_DEC/_n0479_inv                                                  | 20               | 64             |
| GTX_CLK_0_sig             | XLXI_6334/reset_out                                                                                  |            | XLXI_6334/data_manager_blk/RAM_COMM_DEC/_n0686_inv                                                  | 1                | 5              |
| GTX_CLK_0_sig             | XLXI_6334/reset_out                                                                                  |            | XLXI_6334/data_manager_blk/burst_controller_sm/Sreg0[1]_X_195_o_Mux_26_o                            | 3                | 10             |
| GTX_CLK_0_sig             | XLXI_6334/reset_out                                                                                  |            | XLXI_6334/data_manager_blk/burst_controller_sm/_n0256_inv                                           | 4                | 8              |
| GTX_CLK_0_sig             | XLXI_6334/reset_out                                                                                  |            | XLXI_6334/ec_wrapper/crcChk/_n0234_inv                                                              | 13               | 32             |
| GTX_CLK_0_sig             | XLXI_6334/reset_out                                                                                  |            | XLXI_6334/ec_wrapper/crcGen/_n0256_inv                                                              | 14               | 32             |
| GTX_CLK_0_sig             | XLXI_6334/reset_out                                                                                  |            | XLXI_6334/ec_wrapper/ethernet_controller/ArpReplyBlock/_n0273_inv                                   | 2                | 3              |
| GTX_CLK_0_sig             | XLXI_6334/reset_out                                                                                  |            | XLXI_6334/ec_wrapper/ethernet_controller/ArpReplyBlock/_n0437_inv                                   | 4                | 8              |
| GTX_CLK_0_sig             | XLXI_6334/reset_out                                                                                  |            | XLXI_6334/ec_wrapper/ethernet_controller/CreatePacketBlock/_n0674_inv                               | 4                | 8              |
| GTX_CLK_0_sig             | XLXI_6334/reset_out                                                                                  |            | XLXI_6334/ec_wrapper/ethernet_controller/CreatePacketBlock/_n0772_inv                               | 2                | 3              |
| GTX_CLK_0_sig             | XLXI_6334/reset_out                                                                                  |            | XLXI_6334/ec_wrapper/ethernet_controller/DecipherBlock/_n0741_inv                                   | 2                | 5              |
| GTX_CLK_0_sig             | XLXI_6334/reset_out                                                                                  |            | XLXI_6334/ec_wrapper/ethernet_controller/DecipherBlock/_n0883_inv                                   | 17               | 48             |
| GTX_CLK_0_sig             | XLXI_6334/reset_out                                                                                  |            | XLXI_6334/ec_wrapper/ethernet_controller/DecipherBlock/_n0940_inv                                   | 12               | 48             |
| GTX_CLK_0_sig             | XLXI_6334/reset_out                                                                                  |            | XLXI_6334/ec_wrapper/ethernet_controller/DecipherBlock/_n0972_inv                                   | 8                | 32             |
| GTX_CLK_0_sig             | XLXI_6334/reset_out                                                                                  |            | XLXI_6334/ec_wrapper/ethernet_controller/DecipherBlock/_n1035_inv                                   | 8                | 32             |
| GTX_CLK_0_sig             | XLXI_6334/reset_out                                                                                  |            | XLXI_6334/ec_wrapper/ethernet_controller/DecipherBlock/_n1079_inv                                   | 5                | 16             |
| GTX_CLK_0_sig             | XLXI_6334/reset_out                                                                                  |            | XLXI_6334/ec_wrapper/ethernet_controller/DecipherBlock/_n1134_inv                                   | 11               | 32             |
| GTX_CLK_0_sig             | XLXI_6334/reset_out                                                                                  |            | XLXI_6334/ec_wrapper/ethernet_controller/DecipherBlock/_n1701_inv                                   | 7                | 16             |
| GTX_CLK_0_sig             | psi_reset                                                                                            |            |                                                                                                     | 10               | 33             |
| GTX_CLK_0_sig             | psi_reset                                                                                            |            | XLXI_5598/trigger_latch2_trigger_latch1_AND_106_o                                                   | 5                | 20             |
| GTX_CLK_0_sig             | psi_reset                                                                                            |            | XLXI_6019/U0/xst_fifo_generator/gconvfifo.rf/grf.rf/rstblk/wr_rst_asreg_d1                          | 1                | 1              |
| GTX_CLK_0_sig             | readout_reset                                                                                        |            |                                                                                                     | 7                | 8              |
| GTX_CLK_0_sig             | readout_reset                                                                                        |            | PSI_Dig_Blk_0/CHIP_TMGR/b_mode_sel[4]_GND_10_o_equal_2_o                                            | 3                | 3              |
| GTX_CLK_0_sig             | reset                                                                                                |            |                                                                                                     | 4                | 11             |
| GTX_CLK_0_sig             | reset                                                                                                |            | MASTER_TRIGGER_MAP                                                                                  | 2                | 12             |
| GTX_CLK_0_sig             | reset                                                                                                |            | MASTER_VETO_MAP                                                                                     | 4                | 20             |
| GTX_CLK_0_sig             | reset                                                                                                |            | PSI_CAL_TAG_MAP                                                                                     | 4                | 16             |
| GTX_CLK_0_sig             | reset                                                                                                |            | XLXI_5836/_n0282_inv                                                                                | 1                | 4              |
| GTX_CLK_0_sig             | reset                                                                                                |            | XLXI_5836/coinc                                                                                     | 2                | 4              |
| GTX_CLK_0_sig             | trig_reset                                                                                           |            |                                                                                                     | 2                | 3              |
| GTX_CLK_0_sig             | trig_reset                                                                                           |            | token_trigger_blk/_n0278_inv                                                                        | 13               | 50             |
+-----------------------------------------------------------------------------------------------------------------------------------------------------------------------------------------------------------------------------------------------------------------------------------------+
| MASTER_CLK                |                                                                                                      |            |                                                                                                     | 38               | 122            |
| MASTER_CLK                |                                                                                                      |            | GLOBAL_LOGIC1                                                                                       | 8                | 55             |
| MASTER_CLK                | U_ila_pro_0/U0/I_NO_D.U_ILA/U_G2_SQ.U_CAPCTRL/CMP_RESET                                              |            | U_ila_pro_0/U0/I_NO_D.U_ILA/U_G2_SQ.U_CAPCTRL/SCNT_CMP_CE                                           | 1                | 1              |
| MASTER_CLK                | U_ila_pro_0/U0/I_NO_D.U_ILA/U_G2_SQ.U_CAPCTRL/CMP_RESET                                              |            | U_ila_pro_0/U0/I_NO_D.U_ILA/U_G2_SQ.U_CAPCTRL/WCNT_HCMP_CE                                          | 1                | 1              |
| MASTER_CLK                | U_ila_pro_0/U0/I_NO_D.U_ILA/U_G2_SQ.U_CAPCTRL/CMP_RESET                                              |            | U_ila_pro_0/U0/I_NO_D.U_ILA/U_G2_SQ.U_CAPCTRL/WCNT_LCMP_CE                                          | 1                | 1              |
| MASTER_CLK                | U_ila_pro_0/U0/I_NO_D.U_ILA/U_G2_SQ.U_CAPCTRL/SCNT_RESET                                             |            | U_ila_pro_0/U0/I_NO_D.U_ILA/U_G2_SQ.U_CAPCTRL/SCNT_CE                                               | 3                | 10             |
| MASTER_CLK                | U_ila_pro_0/U0/I_NO_D.U_ILA/U_RST/PRE_RESET0                                                         |            |                                                                                                     | 2                | 8              |
| MASTER_CLK                | U_ila_pro_0/U0/I_NO_D.U_ILA/U_RST/U_ARM_XFER/iCLR                                                    |            |                                                                                                     | 1                | 2              |
| MASTER_CLK                | U_ila_pro_0/U0/I_NO_D.U_ILA/U_RST/U_ARM_XFER/iCLR                                                    |            | U_ila_pro_0/U0/I_NO_D.U_ILA/U_RST/U_ARM_XFER/iDOUT                                                  | 1                | 1              |
| MASTER_CLK                | U_ila_pro_0/U0/I_NO_D.U_ILA/U_RST/U_ARM_XFER/iDIN<1>                                                 |            |                                                                                                     | 1                | 1              |
| MASTER_CLK                | U_ila_pro_0/U0/I_NO_D.U_ILA/U_RST/U_HALT_XFER/iCLR                                                   |            |                                                                                                     | 1                | 2              |
| MASTER_CLK                | U_ila_pro_0/U0/I_NO_D.U_ILA/U_RST/U_HALT_XFER/iCLR                                                   |            | U_ila_pro_0/U0/I_NO_D.U_ILA/U_RST/U_HALT_XFER/iDOUT                                                 | 1                | 1              |
| MASTER_CLK                | U_ila_pro_0/U0/I_NO_D.U_ILA/U_RST/U_HALT_XFER/iDIN<1>                                                |            |                                                                                                     | 1                | 1              |
| MASTER_CLK                | U_ila_pro_0/U0/I_NO_D.U_ILA/U_STAT/ACTRESET_pulse                                                    |            |                                                                                                     | 1                | 1              |
| MASTER_CLK                | U_ila_pro_0/U0/I_NO_D.U_ILA/U_STAT/U_DSL1/iCLR                                                       |            |                                                                                                     | 1                | 2              |
| MASTER_CLK                | U_ila_pro_0/U0/I_NO_D.U_ILA/U_STAT/U_DSL1/iCLR                                                       |            | U_ila_pro_0/U0/I_NO_D.U_ILA/U_STAT/DSTAT_en_dly1                                                    | 1                | 1              |
| MASTER_CLK                | U_ila_pro_0/U0/I_NO_D.U_ILA/U_STAT/U_DSL1/iDIN<1>                                                    |            |                                                                                                     | 1                | 1              |
| MASTER_CLK                | U_ila_pro_0/U0/I_NO_D.U_ILA/U_TRIG/U_TC/I_TSEQ_EQ1.I_TSEQ_SIMPLE/iRESET<0>                           |            |                                                                                                     | 4                | 16             |
| MASTER_CLK                | U_ila_pro_0/U0/I_NO_D.U_ILA/U_TRIG/U_TC/I_TSEQ_EQ1.I_TSEQ_SIMPLE/iRESET<1>                           |            |                                                                                                     | 1                | 1              |
| MASTER_CLK                | U_ila_pro_0/U0/I_NO_D.U_ILA/iARM                                                                     |            |                                                                                                     | 2                | 2              |
| MASTER_CLK                | U_ila_pro_0/U0/I_NO_D.U_ILA/iARM                                                                     |            | U_ila_pro_0/U0/I_NO_D.U_ILA/U_STAT/DSTAT_load                                                       | 1                | 2              |
| MASTER_CLK                | U_ila_pro_0/U0/I_NO_D.U_ILA/iARM                                                                     |            | U_ila_pro_0/U0/I_NO_D.U_ILA/U_STAT/NS_load                                                          | 3                | 10             |
| MASTER_CLK                | U_ila_pro_0/U0/I_NO_D.U_ILA/iRESET<0>                                                                |            |                                                                                                     | 3                | 3              |
| MASTER_CLK                | U_ila_pro_0/U0/I_NO_D.U_ILA/iRESET<1>                                                                |            |                                                                                                     | 1                | 1              |
| MASTER_CLK                | U_ila_pro_0/U0/I_NO_D.U_ILA/iRESET<2>                                                                |            |                                                                                                     | 1                | 1              |
| MASTER_CLK                | U_ila_pro_0/U0/I_NO_D.U_ILA/iRESET<3>                                                                |            |                                                                                                     | 3                | 3              |
| MASTER_CLK                | U_ila_pro_0/U0/I_NO_D.U_ILA/iRESET<4>                                                                |            |                                                                                                     | 2                | 2              |
| MASTER_CLK                | U_ila_pro_0/U0/I_NO_D.U_ILA/iRESET<5>                                                                |            |                                                                                                     | 1                | 1              |
| MASTER_CLK                | U_ila_pro_0/U0/I_NO_D.U_ILA/iRESET<6>                                                                |            |                                                                                                     | 9                | 24             |
| MASTER_CLK                | U_ila_pro_0/U0/I_NO_D.U_ILA/iRESET<6>                                                                |            | U_ila_pro_0/U0/I_NO_D.U_ILA/U_G2_SQ.U_CAPCTRL/WCNT_CE                                               | 3                | 10             |
| MASTER_CLK                | U_ila_pro_0/U0/I_NO_D.U_ILA/iRESET<7>                                                                |            |                                                                                                     | 1                | 2              |
| MASTER_CLK                | icon_control0<20>                                                                                    |            |                                                                                                     | 26               | 110            |
+-----------------------------------------------------------------------------------------------------------------------------------------------------------------------------------------------------------------------------------------------------------------------------------------+
| PSI_CLK0                  |                                                                                                      |            |                                                                                                     | 1                | 2              |
| PSI_CLK0                  |                                                                                                      |            | psi_i2c_blk/_n0243_inv                                                                              | 8                | 32             |
| PSI_CLK0                  | XLXI_6019/U0/xst_fifo_generator/gconvfifo.rf/grf.rf/rstblk/rd_rst_comb                               |            |                                                                                                     | 1                | 3              |
| PSI_CLK0                  | XLXI_6019/U0/xst_fifo_generator/gconvfifo.rf/grf.rf/rstblk/rd_rst_reg<1>                             |            |                                                                                                     | 10               | 36             |
| PSI_CLK0                  | XLXI_6019/U0/xst_fifo_generator/gconvfifo.rf/grf.rf/rstblk/rd_rst_reg<2>                             |            |                                                                                                     | 2                | 2              |
| PSI_CLK0                  | XLXI_6019/U0/xst_fifo_generator/gconvfifo.rf/grf.rf/rstblk/rd_rst_reg<2>                             |            | XLXI_6019/U0/xst_fifo_generator/gconvfifo.rf/grf.rf/ram_rd_en                                       | 5                | 18             |
| PSI_CLK0                  | psi_i2c_blk/derror_werror_AND_83_o_inv1_0                                                            |            |                                                                                                     | 3                | 4              |
| PSI_CLK0                  | psi_reset                                                                                            |            |                                                                                                     | 5                | 5              |
| PSI_CLK0                  | psi_reset                                                                                            |            | XLXI_6019/U0/xst_fifo_generator/gconvfifo.rf/grf.rf/rstblk/rd_rst_asreg_d1                          | 1                | 1              |
| PSI_CLK0                  | psi_reset                                                                                            |            | psi_i2c_blk/_n0275_inv                                                                              | 2                | 5              |
| PSI_CLK0                  | psi_reset                                                                                            |            | psi_i2c_blk/_n0302_inv                                                                              | 1                | 2              |
| PSI_CLK0                  | psi_reset                                                                                            |            | psi_i2c_blk/state_FSM_FFd1-In2                                                                      | 1                | 2              |
+-----------------------------------------------------------------------------------------------------------------------------------------------------------------------------------------------------------------------------------------------------------------------------------------+
| PSI_CLK90                 |                                                                                                      |            |                                                                                                     | 11               | 16             |
| PSI_CLK90                 |                                                                                                      |            | token_delay_vector_2/GLOBAL_LOGIC1                                                                  | 4                | 4              |
| PSI_CLK90                 | TokenStack_vector_0/Mcount_reset_req_count_val                                                       |            | TokenStack_vector_0/Mcount_reset_req_count_val1                                                     | 1                | 4              |
| PSI_CLK90                 | TokenStack_vector_1/Mcount_reset_req_count_val                                                       |            | TokenStack_vector_1/Mcount_reset_req_count_val1                                                     | 1                | 4              |
| PSI_CLK90                 | TokenStack_vector_2/Mcount_reset_req_count_val                                                       |            | TokenStack_vector_2/Mcount_reset_req_count_val1                                                     | 1                | 4              |
| PSI_CLK90                 | psi_reset                                                                                            |            |                                                                                                     | 11               | 15             |
| PSI_CLK90                 | psi_reset                                                                                            |            | TokenStack_vector_0/_n0218_inv                                                                      | 2                | 4              |
| PSI_CLK90                 | psi_reset                                                                                            |            | TokenStack_vector_0/_n0240_inv                                                                      | 5                | 20             |
| PSI_CLK90                 | psi_reset                                                                                            |            | TokenStack_vector_1/_n0218_inv                                                                      | 2                | 4              |
| PSI_CLK90                 | psi_reset                                                                                            |            | TokenStack_vector_1/_n0240_inv                                                                      | 5                | 20             |
| PSI_CLK90                 | psi_reset                                                                                            |            | TokenStack_vector_2/_n0218_inv                                                                      | 2                | 4              |
| PSI_CLK90                 | psi_reset                                                                                            |            | TokenStack_vector_2/_n0240_inv                                                                      | 5                | 20             |
| PSI_CLK90                 | token_trigger_blk/_n0229                                                                             |            |                                                                                                     | 5                | 16             |
| PSI_CLK90                 | token_trigger_blk/_n0231                                                                             |            | token_trigger_blk/_n0275_inv                                                                        | 2                | 8              |
| PSI_CLK90                 | token_trigger_blk/shared_start_old2_shared_start_AND_96_o_0                                          |            |                                                                                                     | 2                | 3              |
| PSI_CLK90                 | trig_reset                                                                                           |            |                                                                                                     | 1                | 2              |
+-----------------------------------------------------------------------------------------------------------------------------------------------------------------------------------------------------------------------------------------------------------------------------------------+
| PSI_CLK270                |                                                                                                      |            |                                                                                                     | 3                | 6              |
| PSI_CLK270                |                                                                                                      |            | XLXI_5836/_n0278_inv                                                                                | 5                | 20             |
| PSI_CLK270                | XLXI_5836/rst_en_OR_560_o                                                                            |            |                                                                                                     | 5                | 13             |
| PSI_CLK270                | XLXI_5836/rst_en_OR_560_o                                                                            |            | XLXI_5836/busy_PWR_95_o_MUX_1354_o                                                                  | 2                | 8              |
| PSI_CLK270                | XLXI_5983/U0/xst_fifo_generator/gconvfifo.rf/grf.rf/rstblk/rd_rst_comb                               |            |                                                                                                     | 1                | 2              |
| PSI_CLK270                | XLXI_5983/U0/xst_fifo_generator/gconvfifo.rf/grf.rf/rstblk/rd_rst_reg<0>                             |            | XLXI_5983/U0/xst_fifo_generator/gconvfifo.rf/grf.rf/ram_regout_en                                   | 1                | 8              |
| PSI_CLK270                | XLXI_5983/U0/xst_fifo_generator/gconvfifo.rf/grf.rf/rstblk/rd_rst_reg<2>                             |            |                                                                                                     | 4                | 5              |
| PSI_CLK270                | XLXI_5983/U0/xst_fifo_generator/gconvfifo.rf/grf.rf/rstblk/rd_rst_reg<2>                             |            | XLXI_5983/U0/xst_fifo_generator/gconvfifo.rf/grf.rf/gntv_or_sync_fifo.gl0.rd/rpntr/count_not0001    | 2                | 8              |
| PSI_CLK270                | XLXI_5983/U0/xst_fifo_generator/gconvfifo.rf/grf.rf/rstblk/rst_d2                                    |            |                                                                                                     | 1                | 1              |
| PSI_CLK270                | XLXI_5983/U0/xst_fifo_generator/gconvfifo.rf/grf.rf/rstblk/wr_rst_comb                               |            |                                                                                                     | 1                | 1              |
| PSI_CLK270                | XLXI_5983/U0/xst_fifo_generator/gconvfifo.rf/grf.rf/rstblk/wr_rst_reg<1>                             |            | XLXI_5983/U0/xst_fifo_generator/gconvfifo.rf/grf.rf/gntv_or_sync_fifo.gl0.wr/wpntr/count_not0001    | 1                | 8              |
| PSI_CLK270                | XLXN_18128                                                                                           |            |                                                                                                     | 1                | 4              |
| PSI_CLK270                | XLXN_18128                                                                                           |            | XLXI_5983/U0/xst_fifo_generator/gconvfifo.rf/grf.rf/rstblk/rd_rst_asreg_d1                          | 1                | 1              |
| PSI_CLK270                | XLXN_18128                                                                                           |            | XLXI_5983/U0/xst_fifo_generator/gconvfifo.rf/grf.rf/rstblk/wr_rst_asreg_d1                          | 1                | 1              |
+-----------------------------------------------------------------------------------------------------------------------------------------------------------------------------------------------------------------------------------------------------------------------------------------+
| U_icon_pro/U0/iUPDATE_OUT | U_icon_pro/U0/U_ICON/iSEL_n                                                                          |            |                                                                                                     | 1                | 1              |
+-----------------------------------------------------------------------------------------------------------------------------------------------------------------------------------------------------------------------------------------------------------------------------------------+
| clock_5mhz                |                                                                                                      |            |                                                                                                     | 1                | 2              |
| clock_5mhz                | XLXI_6315/_n0017                                                                                     |            | XLXI_6315/cnt[15]_GND_163_o_LessThan_1_o                                                            | 2                | 7              |
+-----------------------------------------------------------------------------------------------------------------------------------------------------------------------------------------------------------------------------------------------------------------------------------------+
| icon_control0<0>          |                                                                                                      |            |                                                                                                     | 5                | 6              |
| icon_control0<0>          |                                                                                                      |            | icon_control0<8>                                                                                    | 1                | 2              |
| icon_control0<0>          |                                                                                                      |            | icon_control0<9>                                                                                    | 15               | 48             |
| icon_control0<0>          |                                                                                                      |            | icon_control0<19>                                                                                   | 15               | 16             |
| icon_control0<0>          |                                                                                                      |            | icon_control0<20>                                                                                   | 7                | 56             |
| icon_control0<0>          | U_icon_pro/U0/U_ICON/U_CMD/iSEL_n                                                                    |            | U_icon_pro/U0/U_ICON/U_CMD/iTARGET_CE                                                               | 3                | 10             |
| icon_control0<0>          | U_icon_pro/U0/U_ICON/U_STAT/iSTATCMD_CE_n                                                            |            |                                                                                                     | 2                | 6              |
| icon_control0<0>          | U_icon_pro/U0/U_ICON/U_SYNC/iDATA_CMD_n                                                              |            |                                                                                                     | 1                | 7              |
| icon_control0<0>          | U_icon_pro/U0/U_ICON/U_SYNC/iDATA_CMD_n                                                              |            | U_icon_pro/U0/U_ICON/U_SYNC/iGOT_SYNC                                                               | 1                | 1              |
| icon_control0<0>          | U_ila_pro_0/U0/I_NO_D.U_ILA/U_CAPSTOR/I_CASE1.I_YES_TB.U_TRACE_BUFFER/I_MULT_ROW.U_RD_COL_ADDR_A/rst |            | icon_control0<6>                                                                                    | 2                | 6              |
| icon_control0<0>          | U_ila_pro_0/U0/I_NO_D.U_ILA/U_CAPSTOR/I_CASE1.I_YES_TB.U_TRACE_BUFFER/I_MULT_ROW.U_RD_COL_ADDR_B/rst |            | icon_control0<6>                                                                                    | 2                | 6              |
| icon_control0<0>          | U_ila_pro_0/U0/I_NO_D.U_ILA/U_RST/U_ARM_XFER/iCLR                                                    |            | icon_control0<12>                                                                                   | 1                | 1              |
| icon_control0<0>          | U_ila_pro_0/U0/I_NO_D.U_ILA/U_RST/U_HALT_XFER/iCLR                                                   |            | icon_control0<13>                                                                                   | 1                | 1              |
| icon_control0<0>          | U_ila_pro_0/U0/I_NO_D.U_ILA/U_STAT/U_DSL1/iCLR                                                       |            | icon_control0<5>                                                                                    | 1                | 1              |
| icon_control0<0>          | U_ila_pro_0/U0/I_NO_D.U_ILA/U_STAT/U_RESET_EDGE/iDOUT<0>                                             |            |                                                                                                     | 1                | 1              |
| icon_control0<0>          | U_ila_pro_0/U0/I_NO_D.U_ILA/U_STAT/iSTATCMD_CE_n                                                     |            |                                                                                                     | 3                | 10             |
| icon_control0<0>          | U_ila_pro_0/U0/I_NO_D.U_ILA/iARM                                                                     |            |                                                                                                     | 1                | 1              |
| icon_control0<0>          | icon_control0<13>                                                                                    |            |                                                                                                     | 1                | 1              |
| icon_control0<0>          | icon_control0<14>                                                                                    |            | U_ila_pro_0/U0/I_NO_D.U_ILA/U_CAPSTOR/I_CASE1.I_YES_TB.U_TRACE_BUFFER/rd_row_en                     | 3                | 11             |
| icon_control0<0>          | icon_control0<14>                                                                                    |            | icon_control0<6>                                                                                    | 2                | 6              |
+-----------------------------------------------------------------------------------------------------------------------------------------------------------------------------------------------------------------------------------------------------------------------------------------+
| psi_dig_sdata_clk<0>      |                                                                                                      |            |                                                                                                     | 10               | 33             |
| psi_dig_sdata_clk<0>      |                                                                                                      |            | PSI_Dig_Blk_0/XLXI_6064/_n0209_inv                                                                  | 5                | 20             |
| psi_dig_sdata_clk<0>      |                                                                                                      |            | PSI_Dig_Blk_0/XLXI_6064/rst_inv                                                                     | 6                | 24             |
| psi_dig_sdata_clk<0>      | PSI_Dig_Blk_0/XLXI_6064/Mcount_onecnt_val                                                            |            | PSI_Dig_Blk_0/XLXI_6064/_n0293_inv                                                                  | 2                | 6              |
| psi_dig_sdata_clk<0>      | PSI_Dig_Blk_0/XLXI_6064/Mcount_zerocnt_val                                                           |            | PSI_Dig_Blk_0/XLXI_6064/_n0293_inv                                                                  | 2                | 6              |
| psi_dig_sdata_clk<0>      | PSI_Dig_Blk_0/XLXI_6064/_n0172                                                                       |            | PSI_Dig_Blk_0/XLXI_6064/_n0164                                                                      | 1                | 4              |
| psi_dig_sdata_clk<0>      | readout_reset                                                                                        |            |                                                                                                     | 10               | 12             |
+-----------------------------------------------------------------------------------------------------------------------------------------------------------------------------------------------------------------------------------------------------------------------------------------+
| psi_dig_sdata_clk<1>      |                                                                                                      |            |                                                                                                     | 9                | 33             |
| psi_dig_sdata_clk<1>      |                                                                                                      |            | PSI_Dig_Blk_1/XLXI_6064/_n0209_inv                                                                  | 5                | 20             |
| psi_dig_sdata_clk<1>      |                                                                                                      |            | PSI_Dig_Blk_1/XLXI_6064/rst_inv                                                                     | 5                | 24             |
| psi_dig_sdata_clk<1>      | PSI_Dig_Blk_1/XLXI_6064/Mcount_onecnt_val                                                            |            | PSI_Dig_Blk_1/XLXI_6064/_n0293_inv                                                                  | 3                | 6              |
| psi_dig_sdata_clk<1>      | PSI_Dig_Blk_1/XLXI_6064/Mcount_zerocnt_val                                                           |            | PSI_Dig_Blk_1/XLXI_6064/_n0293_inv                                                                  | 2                | 6              |
| psi_dig_sdata_clk<1>      | PSI_Dig_Blk_1/XLXI_6064/_n0172                                                                       |            | PSI_Dig_Blk_1/XLXI_6064/_n0164                                                                      | 1                | 4              |
| psi_dig_sdata_clk<1>      | readout_reset                                                                                        |            |                                                                                                     | 9                | 12             |
+-----------------------------------------------------------------------------------------------------------------------------------------------------------------------------------------------------------------------------------------------------------------------------------------+
| psi_dig_sdata_clk<2>      |                                                                                                      |            |                                                                                                     | 10               | 33             |
| psi_dig_sdata_clk<2>      |                                                                                                      |            | PSI_Dig_Blk_2/XLXI_6064/_n0209_inv                                                                  | 5                | 20             |
| psi_dig_sdata_clk<2>      |                                                                                                      |            | PSI_Dig_Blk_2/XLXI_6064/rst_inv                                                                     | 5                | 24             |
| psi_dig_sdata_clk<2>      | PSI_Dig_Blk_2/XLXI_6064/Mcount_onecnt_val                                                            |            | PSI_Dig_Blk_2/XLXI_6064/_n0293_inv                                                                  | 2                | 6              |
| psi_dig_sdata_clk<2>      | PSI_Dig_Blk_2/XLXI_6064/Mcount_zerocnt_val                                                           |            | PSI_Dig_Blk_2/XLXI_6064/_n0293_inv                                                                  | 2                | 6              |
| psi_dig_sdata_clk<2>      | PSI_Dig_Blk_2/XLXI_6064/_n0172                                                                       |            | PSI_Dig_Blk_2/XLXI_6064/_n0164                                                                      | 1                | 4              |
| psi_dig_sdata_clk<2>      | readout_reset                                                                                        |            |                                                                                                     | 9                | 12             |
+-----------------------------------------------------------------------------------------------------------------------------------------------------------------------------------------------------------------------------------------------------------------------------------------+
| ~PSI_CLK0                 | psi_reset                                                                                            |            |                                                                                                     | 2                | 2              |
+-----------------------------------------------------------------------------------------------------------------------------------------------------------------------------------------------------------------------------------------------------------------------------------------+
| ~icon_control0<13>        | U_ila_pro_0/U0/I_NO_D.U_ILA/iARM                                                                     |            |                                                                                                     | 1                | 1              |
+-----------------------------------------------------------------------------------------------------------------------------------------------------------------------------------------------------------------------------------------------------------------------------------------+

Section 13 - Utilization by Hierarchy
-------------------------------------
+----------------------------------------------------------------------------------------------------------------------------------------------------------------------------------------------------------------------------------------------------------------------------------------------------------------------------------------------------------------------------------------------------------------+
| Module                                                                  | Partition | Slices*       | Slice Reg     | LUTs          | LUTRAM        | BRAM/FIFO | DSP48E1 | BUFG  | BUFIO | BUFR  | MMCME2_AD | Full Hierarchical Name                                                                                                                                                                         |
+----------------------------------------------------------------------------------------------------------------------------------------------------------------------------------------------------------------------------------------------------------------------------------------------------------------------------------------------------------------------------------------------------------------+
| TOP_LEVEL/                                                              |           | 68/2097       | 31/3389       | 91/4511       | 0/137         | 0/14      | 0/0     | 6/14  | 0/0   | 0/0   | 2/3       | TOP_LEVEL                                                                                                                                                                                      |
| +PSI_Dig_Blk_0                                                          |           | 0/74          | 0/242         | 0/172         | 0/0           | 0/0       | 0/0     | 0/0   | 0/0   | 0/0   | 0/0       | TOP_LEVEL/PSI_Dig_Blk_0                                                                                                                                                                        |
| ++CHIP_TMGR                                                             |           | 34/34         | 134/134       | 116/116       | 0/0           | 0/0       | 0/0     | 0/0   | 0/0   | 0/0   | 0/0       | TOP_LEVEL/PSI_Dig_Blk_0/CHIP_TMGR                                                                                                                                                              |
| ++XLXI_6064                                                             |           | 40/40         | 108/108       | 56/56         | 0/0           | 0/0       | 0/0     | 0/0   | 0/0   | 0/0   | 0/0       | TOP_LEVEL/PSI_Dig_Blk_0/XLXI_6064                                                                                                                                                              |
| +PSI_Dig_Blk_1                                                          |           | 0/79          | 0/241         | 0/181         | 0/0           | 0/0       | 0/0     | 0/0   | 0/0   | 0/0   | 0/0       | TOP_LEVEL/PSI_Dig_Blk_1                                                                                                                                                                        |
| ++CHIP_TMGR                                                             |           | 40/40         | 133/133       | 121/121       | 0/0           | 0/0       | 0/0     | 0/0   | 0/0   | 0/0   | 0/0       | TOP_LEVEL/PSI_Dig_Blk_1/CHIP_TMGR                                                                                                                                                              |
| ++XLXI_6064                                                             |           | 39/39         | 108/108       | 60/60         | 0/0           | 0/0       | 0/0     | 0/0   | 0/0   | 0/0   | 0/0       | TOP_LEVEL/PSI_Dig_Blk_1/XLXI_6064                                                                                                                                                              |
| +PSI_Dig_Blk_2                                                          |           | 0/72          | 0/241         | 0/167         | 0/0           | 0/0       | 0/0     | 0/0   | 0/0   | 0/0   | 0/0       | TOP_LEVEL/PSI_Dig_Blk_2                                                                                                                                                                        |
| ++CHIP_TMGR                                                             |           | 30/30         | 133/133       | 107/107       | 0/0           | 0/0       | 0/0     | 0/0   | 0/0   | 0/0   | 0/0       | TOP_LEVEL/PSI_Dig_Blk_2/CHIP_TMGR                                                                                                                                                              |
| ++XLXI_6064                                                             |           | 42/42         | 108/108       | 60/60         | 0/0           | 0/0       | 0/0     | 0/0   | 0/0   | 0/0   | 0/0       | TOP_LEVEL/PSI_Dig_Blk_2/XLXI_6064                                                                                                                                                              |
| +TokenStack_vector_0                                                    |           | 17/17         | 35/35         | 45/45         | 0/0           | 0/0       | 0/0     | 0/0   | 0/0   | 0/0   | 0/0       | TOP_LEVEL/TokenStack_vector_0                                                                                                                                                                  |
| +TokenStack_vector_1                                                    |           | 17/17         | 35/35         | 45/45         | 0/0           | 0/0       | 0/0     | 0/0   | 0/0   | 0/0   | 0/0       | TOP_LEVEL/TokenStack_vector_1                                                                                                                                                                  |
| +TokenStack_vector_2                                                    |           | 16/16         | 34/34         | 43/43         | 0/0           | 0/0       | 0/0     | 0/0   | 0/0   | 0/0   | 0/0       | TOP_LEVEL/TokenStack_vector_2                                                                                                                                                                  |
| +U_icon_pro                                                             |           | 0/25          | 0/28          | 0/39          | 0/0           | 0/0       | 0/0     | 0/1   | 0/0   | 0/0   | 0/0       | TOP_LEVEL/U_icon_pro                                                                                                                                                                           |
| ++U0                                                                    |           | 0/25          | 0/28          | 0/39          | 0/0           | 0/0       | 0/0     | 0/1   | 0/0   | 0/0   | 0/0       | TOP_LEVEL/U_icon_pro/U0                                                                                                                                                                        |
| +++U_ICON                                                               |           | 4/25          | 3/28          | 2/39          | 0/0           | 0/0       | 0/0     | 0/1   | 0/0   | 0/0   | 0/0       | TOP_LEVEL/U_icon_pro/U0/U_ICON                                                                                                                                                                 |
| ++++I_YES_BSCAN.U_BS                                                    |           | 0/0           | 0/0           | 0/0           | 0/0           | 0/0       | 0/0     | 0/1   | 0/0   | 0/0   | 0/0       | TOP_LEVEL/U_icon_pro/U0/U_ICON/I_YES_BSCAN.U_BS                                                                                                                                                |
| +++++I_USE_SOFTBSCAN_EQ0.I_USE_XST_TCK_WORKAROUND_EQ1.U_ICON_BSCAN_BUFG |           | 0/0           | 0/0           | 0/0           | 0/0           | 0/0       | 0/0     | 1/1   | 0/0   | 0/0   | 0/0       | TOP_LEVEL/U_icon_pro/U0/U_ICON/I_YES_BSCAN.U_BS/I_USE_SOFTBSCAN_EQ0.I_USE_XST_TCK_WORKAROUND_EQ1.U_ICON_BSCAN_BUFG                                                                             |
| ++++U_CMD                                                               |           | 4/11          | 10/10         | 2/11          | 0/0           | 0/0       | 0/0     | 0/0   | 0/0   | 0/0   | 0/0       | TOP_LEVEL/U_icon_pro/U0/U_ICON/U_CMD                                                                                                                                                           |
| +++++U_COMMAND_SEL                                                      |           | 6/6           | 0/0           | 7/7           | 0/0           | 0/0       | 0/0     | 0/0   | 0/0   | 0/0   | 0/0       | TOP_LEVEL/U_icon_pro/U0/U_ICON/U_CMD/U_COMMAND_SEL                                                                                                                                             |
| +++++U_CORE_ID_SEL                                                      |           | 1/1           | 0/0           | 2/2           | 0/0           | 0/0       | 0/0     | 0/0   | 0/0   | 0/0   | 0/0       | TOP_LEVEL/U_icon_pro/U0/U_ICON/U_CMD/U_CORE_ID_SEL                                                                                                                                             |
| ++++U_CTRL_OUT                                                          |           | 7/7           | 0/0           | 11/11         | 0/0           | 0/0       | 0/0     | 0/0   | 0/0   | 0/0   | 0/0       | TOP_LEVEL/U_icon_pro/U0/U_ICON/U_CTRL_OUT                                                                                                                                                      |
| ++++U_STAT                                                              |           | 1/3           | 1/7           | 3/9           | 0/0           | 0/0       | 0/0     | 0/0   | 0/0   | 0/0   | 0/0       | TOP_LEVEL/U_icon_pro/U0/U_ICON/U_STAT                                                                                                                                                          |
| +++++U_STAT_CNT                                                         |           | 2/2           | 6/6           | 6/6           | 0/0           | 0/0       | 0/0     | 0/0   | 0/0   | 0/0   | 0/0       | TOP_LEVEL/U_icon_pro/U0/U_ICON/U_STAT/U_STAT_CNT                                                                                                                                               |
| ++++U_SYNC                                                              |           | 0/0           | 8/8           | 5/5           | 0/0           | 0/0       | 0/0     | 0/0   | 0/0   | 0/0   | 0/0       | TOP_LEVEL/U_icon_pro/U0/U_ICON/U_SYNC                                                                                                                                                          |
| ++++U_TDO_MUX                                                           |           | 0/0           | 0/0           | 0/1           | 0/0           | 0/0       | 0/0     | 0/0   | 0/0   | 0/0   | 0/0       | TOP_LEVEL/U_icon_pro/U0/U_ICON/U_TDO_MUX                                                                                                                                                       |
| +++++U_CS_MUX                                                           |           | 0/0           | 0/0           | 0/1           | 0/0           | 0/0       | 0/0     | 0/0   | 0/0   | 0/0   | 0/0       | TOP_LEVEL/U_icon_pro/U0/U_ICON/U_TDO_MUX/U_CS_MUX                                                                                                                                              |
| ++++++I4.U_MUX16                                                        |           | 0/0           | 0/0           | 1/1           | 0/0           | 0/0       | 0/0     | 0/0   | 0/0   | 0/0   | 0/0       | TOP_LEVEL/U_icon_pro/U0/U_ICON/U_TDO_MUX/U_CS_MUX/I4.U_MUX16                                                                                                                                   |
| +U_ila_pro_0                                                            |           | 0/181         | 0/409         | 0/235         | 0/108         | 0/2       | 0/0     | 0/0   | 0/0   | 0/0   | 0/0       | TOP_LEVEL/U_ila_pro_0                                                                                                                                                                          |
| ++U0                                                                    |           | 23/181        | 55/409        | 0/235         | 0/108         | 0/2       | 0/0     | 0/0   | 0/0   | 0/0   | 0/0       | TOP_LEVEL/U_ila_pro_0/U0                                                                                                                                                                       |
| +++I_NO_D.U_ILA                                                         |           | 0/158         | 0/354         | 1/235         | 0/108         | 0/2       | 0/0     | 0/0   | 0/0   | 0/0   | 0/0       | TOP_LEVEL/U_ila_pro_0/U0/I_NO_D.U_ILA                                                                                                                                                          |
| ++++I_DQ.U_DQQ                                                          |           | 8/8           | 55/55         | 31/31         | 31/31         | 0/0       | 0/0     | 0/0   | 0/0   | 0/0   | 0/0       | TOP_LEVEL/U_ila_pro_0/U0/I_NO_D.U_ILA/I_DQ.U_DQQ                                                                                                                                               |
| ++++U_CAPSTOR                                                           |           | 0/16          | 0/29          | 0/39          | 0/0           | 0/2       | 0/0     | 0/0   | 0/0   | 0/0   | 0/0       | TOP_LEVEL/U_ila_pro_0/U0/I_NO_D.U_ILA/U_CAPSTOR                                                                                                                                                |
| +++++I_CASE1.I_YES_TB.U_TRACE_BUFFER                                    |           | 2/16          | 0/29          | 3/39          | 0/0           | 0/2       | 0/0     | 0/0   | 0/0   | 0/0   | 0/0       | TOP_LEVEL/U_ila_pro_0/U0/I_NO_D.U_ILA/U_CAPSTOR/I_CASE1.I_YES_TB.U_TRACE_BUFFER                                                                                                                |
| ++++++I_MULT_ROW.U_RD_COL_ADDR_A                                        |           | 0/3           | 0/6           | 1/8           | 0/0           | 0/0       | 0/0     | 0/0   | 0/0   | 0/0   | 0/0       | TOP_LEVEL/U_ila_pro_0/U0/I_NO_D.U_ILA/U_CAPSTOR/I_CASE1.I_YES_TB.U_TRACE_BUFFER/I_MULT_ROW.U_RD_COL_ADDR_A                                                                                     |
| +++++++I_WIDTH_6.u_tc                                                   |           | 1/1           | 0/0           | 1/1           | 0/0           | 0/0       | 0/0     | 0/0   | 0/0   | 0/0   | 0/0       | TOP_LEVEL/U_ila_pro_0/U0/I_NO_D.U_ILA/U_CAPSTOR/I_CASE1.I_YES_TB.U_TRACE_BUFFER/I_MULT_ROW.U_RD_COL_ADDR_A/I_WIDTH_6.u_tc                                                                      |
| +++++++u_cnt                                                            |           | 2/2           | 6/6           | 6/6           | 0/0           | 0/0       | 0/0     | 0/0   | 0/0   | 0/0   | 0/0       | TOP_LEVEL/U_ila_pro_0/U0/I_NO_D.U_ILA/U_CAPSTOR/I_CASE1.I_YES_TB.U_TRACE_BUFFER/I_MULT_ROW.U_RD_COL_ADDR_A/u_cnt                                                                               |
| ++++++I_MULT_ROW.U_RD_COL_ADDR_B                                        |           | 0/2           | 0/6           | 0/7           | 0/0           | 0/0       | 0/0     | 0/0   | 0/0   | 0/0   | 0/0       | TOP_LEVEL/U_ila_pro_0/U0/I_NO_D.U_ILA/U_CAPSTOR/I_CASE1.I_YES_TB.U_TRACE_BUFFER/I_MULT_ROW.U_RD_COL_ADDR_B                                                                                     |
| +++++++I_WIDTH_6.u_tc                                                   |           | 0/0           | 0/0           | 1/1           | 0/0           | 0/0       | 0/0     | 0/0   | 0/0   | 0/0   | 0/0       | TOP_LEVEL/U_ila_pro_0/U0/I_NO_D.U_ILA/U_CAPSTOR/I_CASE1.I_YES_TB.U_TRACE_BUFFER/I_MULT_ROW.U_RD_COL_ADDR_B/I_WIDTH_6.u_tc                                                                      |
| +++++++u_cnt                                                            |           | 2/2           | 6/6           | 6/6           | 0/0           | 0/0       | 0/0     | 0/0   | 0/0   | 0/0   | 0/0       | TOP_LEVEL/U_ila_pro_0/U0/I_NO_D.U_ILA/U_CAPSTOR/I_CASE1.I_YES_TB.U_TRACE_BUFFER/I_MULT_ROW.U_RD_COL_ADDR_B/u_cnt                                                                               |
| ++++++I_MULT_ROW.U_RD_COL_ADDR_DLY                                      |           | 1/1           | 6/6           | 0/0           | 0/0           | 0/0       | 0/0     | 0/0   | 0/0   | 0/0   | 0/0       | TOP_LEVEL/U_ila_pro_0/U0/I_NO_D.U_ILA/U_CAPSTOR/I_CASE1.I_YES_TB.U_TRACE_BUFFER/I_MULT_ROW.U_RD_COL_ADDR_DLY                                                                                   |
| ++++++U_RAM                                                             |           | 0/0           | 0/0           | 0/0           | 0/0           | 0/2       | 0/0     | 0/0   | 0/0   | 0/0   | 0/0       | TOP_LEVEL/U_ila_pro_0/U0/I_NO_D.U_ILA/U_CAPSTOR/I_CASE1.I_YES_TB.U_TRACE_BUFFER/U_RAM                                                                                                          |
| +++++++I_A7.U_CS_BRAM_CASCADE_A7                                        |           | 0/0           | 0/0           | 0/0           | 0/0           | 0/2       | 0/0     | 0/0   | 0/0   | 0/0   | 0/0       | TOP_LEVEL/U_ila_pro_0/U0/I_NO_D.U_ILA/U_CAPSTOR/I_CASE1.I_YES_TB.U_TRACE_BUFFER/U_RAM/I_A7.U_CS_BRAM_CASCADE_A7                                                                                |
| ++++++++I_DEPTH_LTEQ_32K.U_SBRAM_0                                      |           | 0/0           | 0/0           | 0/0           | 0/0           | 0/2       | 0/0     | 0/0   | 0/0   | 0/0   | 0/0       | TOP_LEVEL/U_ila_pro_0/U0/I_NO_D.U_ILA/U_CAPSTOR/I_CASE1.I_YES_TB.U_TRACE_BUFFER/U_RAM/I_A7.U_CS_BRAM_CASCADE_A7/I_DEPTH_LTEQ_32K.U_SBRAM_0                                                     |
| +++++++++I_B36KGT0.G_RAMB36[0].u_ramb36                                 |           | 0/0           | 0/0           | 0/0           | 0/0           | 1/1       | 0/0     | 0/0   | 0/0   | 0/0   | 0/0       | TOP_LEVEL/U_ila_pro_0/U0/I_NO_D.U_ILA/U_CAPSTOR/I_CASE1.I_YES_TB.U_TRACE_BUFFER/U_RAM/I_A7.U_CS_BRAM_CASCADE_A7/I_DEPTH_LTEQ_32K.U_SBRAM_0/I_B36KGT0.G_RAMB36[0].u_ramb36                      |
| +++++++++I_B36KGT0.G_RAMB36[1].u_ramb36                                 |           | 0/0           | 0/0           | 0/0           | 0/0           | 1/1       | 0/0     | 0/0   | 0/0   | 0/0   | 0/0       | TOP_LEVEL/U_ila_pro_0/U0/I_NO_D.U_ILA/U_CAPSTOR/I_CASE1.I_YES_TB.U_TRACE_BUFFER/U_RAM/I_A7.U_CS_BRAM_CASCADE_A7/I_DEPTH_LTEQ_32K.U_SBRAM_0/I_B36KGT0.G_RAMB36[1].u_ramb36                      |
| ++++++U_RD_COL_MUX                                                      |           | 0/5           | 0/0           | 0/10          | 0/0           | 0/0       | 0/0     | 0/0   | 0/0   | 0/0   | 0/0       | TOP_LEVEL/U_ila_pro_0/U0/I_NO_D.U_ILA/U_CAPSTOR/I_CASE1.I_YES_TB.U_TRACE_BUFFER/U_RD_COL_MUX                                                                                                   |
| +++++++I6.U_MUX64                                                       |           | 5/5           | 0/0           | 10/10         | 0/0           | 0/0       | 0/0     | 0/0   | 0/0   | 0/0   | 0/0       | TOP_LEVEL/U_ila_pro_0/U0/I_NO_D.U_ILA/U_CAPSTOR/I_CASE1.I_YES_TB.U_TRACE_BUFFER/U_RD_COL_MUX/I6.U_MUX64                                                                                        |
| ++++++U_RD_ROW_ADDR                                                     |           | 3/3           | 11/11         | 11/11         | 0/0           | 0/0       | 0/0     | 0/0   | 0/0   | 0/0   | 0/0       | TOP_LEVEL/U_ila_pro_0/U0/I_NO_D.U_ILA/U_CAPSTOR/I_CASE1.I_YES_TB.U_TRACE_BUFFER/U_RD_ROW_ADDR                                                                                                  |
| ++++U_G2_SQ.U_CAPCTRL                                                   |           | 5/34          | 7/66          | 4/69          | 0/32          | 0/0       | 0/0     | 0/0   | 0/0   | 0/0   | 0/0       | TOP_LEVEL/U_ila_pro_0/U0/I_NO_D.U_ILA/U_G2_SQ.U_CAPCTRL                                                                                                                                        |
| +++++I_SRLT_NE_1.U_CDONE                                                |           | 2/2           | 1/1           | 2/2           | 2/2           | 0/0       | 0/0     | 0/0   | 0/0   | 0/0   | 0/0       | TOP_LEVEL/U_ila_pro_0/U0/I_NO_D.U_ILA/U_G2_SQ.U_CAPCTRL/I_SRLT_NE_1.U_CDONE                                                                                                                    |
| +++++I_SRLT_NE_1.U_CMPRESET                                             |           | 1/1           | 0/0           | 2/2           | 2/2           | 0/0       | 0/0     | 0/0   | 0/0   | 0/0   | 0/0       | TOP_LEVEL/U_ila_pro_0/U0/I_NO_D.U_ILA/U_G2_SQ.U_CAPCTRL/I_SRLT_NE_1.U_CMPRESET                                                                                                                 |
| +++++I_SRLT_NE_1.U_NS0                                                  |           | 2/2           | 1/1           | 4/4           | 4/4           | 0/0       | 0/0     | 0/0   | 0/0   | 0/0   | 0/0       | TOP_LEVEL/U_ila_pro_0/U0/I_NO_D.U_ILA/U_G2_SQ.U_CAPCTRL/I_SRLT_NE_1.U_NS0                                                                                                                      |
| +++++I_SRLT_NE_1.U_NS1                                                  |           | 2/2           | 1/1           | 4/4           | 4/4           | 0/0       | 0/0     | 0/0   | 0/0   | 0/0   | 0/0       | TOP_LEVEL/U_ila_pro_0/U0/I_NO_D.U_ILA/U_G2_SQ.U_CAPCTRL/I_SRLT_NE_1.U_NS1                                                                                                                      |
| +++++I_SRLT_NE_1.U_SCE                                                  |           | 0/0           | 0/0           | 1/1           | 1/1           | 0/0       | 0/0     | 0/0   | 0/0   | 0/0   | 0/0       | TOP_LEVEL/U_ila_pro_0/U0/I_NO_D.U_ILA/U_G2_SQ.U_CAPCTRL/I_SRLT_NE_1.U_SCE                                                                                                                      |
| +++++I_SRLT_NE_1.U_SCMPCE                                               |           | 1/1           | 0/0           | 1/1           | 1/1           | 0/0       | 0/0     | 0/0   | 0/0   | 0/0   | 0/0       | TOP_LEVEL/U_ila_pro_0/U0/I_NO_D.U_ILA/U_G2_SQ.U_CAPCTRL/I_SRLT_NE_1.U_SCMPCE                                                                                                                   |
| +++++I_SRLT_NE_1.U_SCRST                                                |           | 1/1           | 0/0           | 2/2           | 2/2           | 0/0       | 0/0     | 0/0   | 0/0   | 0/0   | 0/0       | TOP_LEVEL/U_ila_pro_0/U0/I_NO_D.U_ILA/U_G2_SQ.U_CAPCTRL/I_SRLT_NE_1.U_SCRST                                                                                                                    |
| +++++I_SRLT_NE_1.U_WCE                                                  |           | 1/1           | 0/0           | 1/1           | 1/1           | 0/0       | 0/0     | 0/0   | 0/0   | 0/0   | 0/0       | TOP_LEVEL/U_ila_pro_0/U0/I_NO_D.U_ILA/U_G2_SQ.U_CAPCTRL/I_SRLT_NE_1.U_WCE                                                                                                                      |
| +++++I_SRLT_NE_1.U_WHCMPCE                                              |           | 0/0           | 0/0           | 1/1           | 1/1           | 0/0       | 0/0     | 0/0   | 0/0   | 0/0   | 0/0       | TOP_LEVEL/U_ila_pro_0/U0/I_NO_D.U_ILA/U_G2_SQ.U_CAPCTRL/I_SRLT_NE_1.U_WHCMPCE                                                                                                                  |
| +++++I_SRLT_NE_1.U_WLCMPCE                                              |           | 0/0           | 0/0           | 1/1           | 1/1           | 0/0       | 0/0     | 0/0   | 0/0   | 0/0   | 0/0       | TOP_LEVEL/U_ila_pro_0/U0/I_NO_D.U_ILA/U_G2_SQ.U_CAPCTRL/I_SRLT_NE_1.U_WLCMPCE                                                                                                                  |
| +++++U_CAP_ADDRGEN                                                      |           | 10/19         | 36/56         | 14/46         | 1/13          | 0/0       | 0/0     | 0/0   | 0/0   | 0/0   | 0/0       | TOP_LEVEL/U_ila_pro_0/U0/I_NO_D.U_ILA/U_G2_SQ.U_CAPCTRL/U_CAP_ADDRGEN                                                                                                                          |
| ++++++I_NO_TSEQ.I_SRLT_NE_1.U_SCNT                                      |           | 3/3           | 10/10         | 10/10         | 0/0           | 0/0       | 0/0     | 0/0   | 0/0   | 0/0   | 0/0       | TOP_LEVEL/U_ila_pro_0/U0/I_NO_D.U_ILA/U_G2_SQ.U_CAPCTRL/U_CAP_ADDRGEN/I_NO_TSEQ.I_SRLT_NE_1.U_SCNT                                                                                             |
| ++++++I_SRLT_NE_1.U_WCNT                                                |           | 3/3           | 10/10         | 10/10         | 0/0           | 0/0       | 0/0     | 0/0   | 0/0   | 0/0   | 0/0       | TOP_LEVEL/U_ila_pro_0/U0/I_NO_D.U_ILA/U_G2_SQ.U_CAPCTRL/U_CAP_ADDRGEN/I_SRLT_NE_1.U_WCNT                                                                                                       |
| ++++++U_SCNT_CMP                                                        |           | 0/1           | 0/0           | 0/4           | 0/4           | 0/0       | 0/0     | 0/0   | 0/0   | 0/0   | 0/0       | TOP_LEVEL/U_ila_pro_0/U0/I_NO_D.U_ILA/U_G2_SQ.U_CAPCTRL/U_CAP_ADDRGEN/U_SCNT_CMP                                                                                                               |
| +++++++I_CS_GAND.U_CS_GAND_SRL                                          |           | 0/1           | 0/0           | 0/4           | 0/4           | 0/0       | 0/0     | 0/0   | 0/0   | 0/0   | 0/0       | TOP_LEVEL/U_ila_pro_0/U0/I_NO_D.U_ILA/U_G2_SQ.U_CAPCTRL/U_CAP_ADDRGEN/U_SCNT_CMP/I_CS_GAND.U_CS_GAND_SRL                                                                                       |
| ++++++++I_A7.U_CS_GAND_SRL_A7                                           |           | 0/1           | 0/0           | 0/4           | 0/4           | 0/0       | 0/0     | 0/0   | 0/0   | 0/0   | 0/0       | TOP_LEVEL/U_ila_pro_0/U0/I_NO_D.U_ILA/U_G2_SQ.U_CAPCTRL/U_CAP_ADDRGEN/U_SCNT_CMP/I_CS_GAND.U_CS_GAND_SRL/I_A7.U_CS_GAND_SRL_A7                                                                 |
| +++++++++I_USE_RPM_NE0.U_GAND_SRL_SET                                   |           | 0/1           | 0/0           | 0/4           | 0/4           | 0/0       | 0/0     | 0/0   | 0/0   | 0/0   | 0/0       | TOP_LEVEL/U_ila_pro_0/U0/I_NO_D.U_ILA/U_G2_SQ.U_CAPCTRL/U_CAP_ADDRGEN/U_SCNT_CMP/I_CS_GAND.U_CS_GAND_SRL/I_A7.U_CS_GAND_SRL_A7/I_USE_RPM_NE0.U_GAND_SRL_SET                                    |
| ++++++++++I_PARTIAL_SLICE.U_GAND_SRL_SLICE                              |           | 1/1           | 0/0           | 4/4           | 4/4           | 0/0       | 0/0     | 0/0   | 0/0   | 0/0   | 0/0       | TOP_LEVEL/U_ila_pro_0/U0/I_NO_D.U_ILA/U_G2_SQ.U_CAPCTRL/U_CAP_ADDRGEN/U_SCNT_CMP/I_CS_GAND.U_CS_GAND_SRL/I_A7.U_CS_GAND_SRL_A7/I_USE_RPM_NE0.U_GAND_SRL_SET/I_PARTIAL_SLICE.U_GAND_SRL_SLICE   |
| ++++++U_WCNT_HCMP                                                       |           | 0/1           | 0/0           | 0/4           | 0/4           | 0/0       | 0/0     | 0/0   | 0/0   | 0/0   | 0/0       | TOP_LEVEL/U_ila_pro_0/U0/I_NO_D.U_ILA/U_G2_SQ.U_CAPCTRL/U_CAP_ADDRGEN/U_WCNT_HCMP                                                                                                              |
| +++++++I_CS_GAND.U_CS_GAND_SRL                                          |           | 0/1           | 0/0           | 0/4           | 0/4           | 0/0       | 0/0     | 0/0   | 0/0   | 0/0   | 0/0       | TOP_LEVEL/U_ila_pro_0/U0/I_NO_D.U_ILA/U_G2_SQ.U_CAPCTRL/U_CAP_ADDRGEN/U_WCNT_HCMP/I_CS_GAND.U_CS_GAND_SRL                                                                                      |
| ++++++++I_A7.U_CS_GAND_SRL_A7                                           |           | 0/1           | 0/0           | 0/4           | 0/4           | 0/0       | 0/0     | 0/0   | 0/0   | 0/0   | 0/0       | TOP_LEVEL/U_ila_pro_0/U0/I_NO_D.U_ILA/U_G2_SQ.U_CAPCTRL/U_CAP_ADDRGEN/U_WCNT_HCMP/I_CS_GAND.U_CS_GAND_SRL/I_A7.U_CS_GAND_SRL_A7                                                                |
| +++++++++I_USE_RPM_NE0.U_GAND_SRL_SET                                   |           | 0/1           | 0/0           | 0/4           | 0/4           | 0/0       | 0/0     | 0/0   | 0/0   | 0/0   | 0/0       | TOP_LEVEL/U_ila_pro_0/U0/I_NO_D.U_ILA/U_G2_SQ.U_CAPCTRL/U_CAP_ADDRGEN/U_WCNT_HCMP/I_CS_GAND.U_CS_GAND_SRL/I_A7.U_CS_GAND_SRL_A7/I_USE_RPM_NE0.U_GAND_SRL_SET                                   |
| ++++++++++I_PARTIAL_SLICE.U_GAND_SRL_SLICE                              |           | 1/1           | 0/0           | 4/4           | 4/4           | 0/0       | 0/0     | 0/0   | 0/0   | 0/0   | 0/0       | TOP_LEVEL/U_ila_pro_0/U0/I_NO_D.U_ILA/U_G2_SQ.U_CAPCTRL/U_CAP_ADDRGEN/U_WCNT_HCMP/I_CS_GAND.U_CS_GAND_SRL/I_A7.U_CS_GAND_SRL_A7/I_USE_RPM_NE0.U_GAND_SRL_SET/I_PARTIAL_SLICE.U_GAND_SRL_SLICE  |
| ++++++U_WCNT_LCMP                                                       |           | 0/1           | 0/0           | 0/4           | 0/4           | 0/0       | 0/0     | 0/0   | 0/0   | 0/0   | 0/0       | TOP_LEVEL/U_ila_pro_0/U0/I_NO_D.U_ILA/U_G2_SQ.U_CAPCTRL/U_CAP_ADDRGEN/U_WCNT_LCMP                                                                                                              |
| +++++++I_CS_GAND.U_CS_GAND_SRL                                          |           | 0/1           | 0/0           | 0/4           | 0/4           | 0/0       | 0/0     | 0/0   | 0/0   | 0/0   | 0/0       | TOP_LEVEL/U_ila_pro_0/U0/I_NO_D.U_ILA/U_G2_SQ.U_CAPCTRL/U_CAP_ADDRGEN/U_WCNT_LCMP/I_CS_GAND.U_CS_GAND_SRL                                                                                      |
| ++++++++I_A7.U_CS_GAND_SRL_A7                                           |           | 0/1           | 0/0           | 0/4           | 0/4           | 0/0       | 0/0     | 0/0   | 0/0   | 0/0   | 0/0       | TOP_LEVEL/U_ila_pro_0/U0/I_NO_D.U_ILA/U_G2_SQ.U_CAPCTRL/U_CAP_ADDRGEN/U_WCNT_LCMP/I_CS_GAND.U_CS_GAND_SRL/I_A7.U_CS_GAND_SRL_A7                                                                |
| +++++++++I_USE_RPM_NE0.U_GAND_SRL_SET                                   |           | 0/1           | 0/0           | 0/4           | 0/4           | 0/0       | 0/0     | 0/0   | 0/0   | 0/0   | 0/0       | TOP_LEVEL/U_ila_pro_0/U0/I_NO_D.U_ILA/U_G2_SQ.U_CAPCTRL/U_CAP_ADDRGEN/U_WCNT_LCMP/I_CS_GAND.U_CS_GAND_SRL/I_A7.U_CS_GAND_SRL_A7/I_USE_RPM_NE0.U_GAND_SRL_SET                                   |
| ++++++++++I_PARTIAL_SLICE.U_GAND_SRL_SLICE                              |           | 1/1           | 0/0           | 4/4           | 4/4           | 0/0       | 0/0     | 0/0   | 0/0   | 0/0   | 0/0       | TOP_LEVEL/U_ila_pro_0/U0/I_NO_D.U_ILA/U_G2_SQ.U_CAPCTRL/U_CAP_ADDRGEN/U_WCNT_LCMP/I_CS_GAND.U_CS_GAND_SRL/I_A7.U_CS_GAND_SRL_A7/I_USE_RPM_NE0.U_GAND_SRL_SET/I_PARTIAL_SLICE.U_GAND_SRL_SLICE  |
| ++++U_RST                                                               |           | 4/12          | 9/25          | 1/3           | 0/0           | 0/0       | 0/0     | 0/0   | 0/0   | 0/0   | 0/0       | TOP_LEVEL/U_ila_pro_0/U0/I_NO_D.U_ILA/U_RST                                                                                                                                                    |
| +++++U_ARM_XFER                                                         |           | 4/4           | 9/9           | 1/1           | 0/0           | 0/0       | 0/0     | 0/0   | 0/0   | 0/0   | 0/0       | TOP_LEVEL/U_ila_pro_0/U0/I_NO_D.U_ILA/U_RST/U_ARM_XFER                                                                                                                                         |
| +++++U_HALT_XFER                                                        |           | 4/4           | 7/7           | 1/1           | 0/0           | 0/0       | 0/0     | 0/0   | 0/0   | 0/0   | 0/0       | TOP_LEVEL/U_ila_pro_0/U0/I_NO_D.U_ILA/U_RST/U_HALT_XFER                                                                                                                                        |
| ++++U_STAT                                                              |           | 17/27         | 24/43         | 10/37         | 0/0           | 0/0       | 0/0     | 0/0   | 0/0   | 0/0   | 0/0       | TOP_LEVEL/U_ila_pro_0/U0/I_NO_D.U_ILA/U_STAT                                                                                                                                                   |
| +++++U_DMUX4                                                            |           | 0/1           | 0/0           | 0/2           | 0/0           | 0/0       | 0/0     | 0/0   | 0/0   | 0/0   | 0/0       | TOP_LEVEL/U_ila_pro_0/U0/I_NO_D.U_ILA/U_STAT/U_DMUX4                                                                                                                                           |
| ++++++U_CS_MUX                                                          |           | 0/1           | 0/0           | 0/2           | 0/0           | 0/0       | 0/0     | 0/0   | 0/0   | 0/0   | 0/0       | TOP_LEVEL/U_ila_pro_0/U0/I_NO_D.U_ILA/U_STAT/U_DMUX4/U_CS_MUX                                                                                                                                  |
| +++++++I3.U_MUX8                                                        |           | 1/1           | 0/0           | 2/2           | 0/0           | 0/0       | 0/0     | 0/0   | 0/0   | 0/0   | 0/0       | TOP_LEVEL/U_ila_pro_0/U0/I_NO_D.U_ILA/U_STAT/U_DMUX4/U_CS_MUX/I3.U_MUX8                                                                                                                        |
| +++++U_DSL1                                                             |           | 4/4           | 6/6           | 0/0           | 0/0           | 0/0       | 0/0     | 0/0   | 0/0   | 0/0   | 0/0       | TOP_LEVEL/U_ila_pro_0/U0/I_NO_D.U_ILA/U_STAT/U_DSL1                                                                                                                                            |
| +++++U_MUX                                                              |           | 0/1           | 0/0           | 0/15          | 0/0           | 0/0       | 0/0     | 0/0   | 0/0   | 0/0   | 0/0       | TOP_LEVEL/U_ila_pro_0/U0/I_NO_D.U_ILA/U_STAT/U_MUX                                                                                                                                             |
| ++++++U_CS_MUX                                                          |           | 0/1           | 0/0           | 0/15          | 0/0           | 0/0       | 0/0     | 0/0   | 0/0   | 0/0   | 0/0       | TOP_LEVEL/U_ila_pro_0/U0/I_NO_D.U_ILA/U_STAT/U_MUX/U_CS_MUX                                                                                                                                    |
| +++++++I1.U_MUX2                                                        |           | 1/1           | 0/0           | 15/15         | 0/0           | 0/0       | 0/0     | 0/0   | 0/0   | 0/0   | 0/0       | TOP_LEVEL/U_ila_pro_0/U0/I_NO_D.U_ILA/U_STAT/U_MUX/U_CS_MUX/I1.U_MUX2                                                                                                                          |
| +++++U_RESET_EDGE                                                       |           | 2/2           | 3/3           | 0/0           | 0/0           | 0/0       | 0/0     | 0/0   | 0/0   | 0/0   | 0/0       | TOP_LEVEL/U_ila_pro_0/U0/I_NO_D.U_ILA/U_STAT/U_RESET_EDGE                                                                                                                                      |
| +++++U_STAT_CNT                                                         |           | 2/2           | 10/10         | 10/10         | 0/0           | 0/0       | 0/0     | 0/0   | 0/0   | 0/0   | 0/0       | TOP_LEVEL/U_ila_pro_0/U0/I_NO_D.U_ILA/U_STAT/U_STAT_CNT                                                                                                                                        |
| ++++U_TRIG                                                              |           | 0/61          | 1/136         | 0/55          | 0/45          | 0/0       | 0/0     | 0/0   | 0/0   | 0/0   | 0/0       | TOP_LEVEL/U_ila_pro_0/U0/I_NO_D.U_ILA/U_TRIG                                                                                                                                                   |
| +++++U_TC                                                               |           | 1/25          | 1/22          | 0/18          | 0/17          | 0/0       | 0/0     | 0/0   | 0/0   | 0/0   | 0/0       | TOP_LEVEL/U_ila_pro_0/U0/I_NO_D.U_ILA/U_TRIG/U_TC                                                                                                                                              |
| ++++++I_STORAGE_QUAL.U_STORAGE_QUAL                                     |           | 1/2           | 1/2           | 0/0           | 0/0           | 0/0       | 0/0     | 0/0   | 0/0   | 0/0   | 0/0       | TOP_LEVEL/U_ila_pro_0/U0/I_NO_D.U_ILA/U_TRIG/U_TC/I_STORAGE_QUAL.U_STORAGE_QUAL                                                                                                                |
| +++++++I_SRLT_NE_1.I_NMU_1_TO_4.U_TCL                                   |           | 0/1           | 1/1           | 0/0           | 0/0           | 0/0       | 0/0     | 0/0   | 0/0   | 0/0   | 0/0       | TOP_LEVEL/U_ila_pro_0/U0/I_NO_D.U_ILA/U_TRIG/U_TC/I_STORAGE_QUAL.U_STORAGE_QUAL/I_SRLT_NE_1.I_NMU_1_TO_4.U_TCL                                                                                 |
| ++++++++I_NMU_EQ1.U_iDOUT                                               |           | 1/1           | 0/0           | 0/0           | 0/0           | 0/0       | 0/0     | 0/0   | 0/0   | 0/0   | 0/0       | TOP_LEVEL/U_ila_pro_0/U0/I_NO_D.U_ILA/U_TRIG/U_TC/I_STORAGE_QUAL.U_STORAGE_QUAL/I_SRLT_NE_1.I_NMU_1_TO_4.U_TCL/I_NMU_EQ1.U_iDOUT                                                               |
| ++++++I_TSEQ_EQ1.I_TSEQ_SIMPLE                                          |           | 5/20          | 17/17         | 1/17          | 0/16          | 0/0       | 0/0     | 0/0   | 0/0   | 0/0   | 0/0       | TOP_LEVEL/U_ila_pro_0/U0/I_NO_D.U_ILA/U_TRIG/U_TC/I_TSEQ_EQ1.I_TSEQ_SIMPLE                                                                                                                     |
| +++++++S0_CFG                                                           |           | 1/1           | 0/0           | 1/1           | 1/1           | 0/0       | 0/0     | 0/0   | 0/0   | 0/0   | 0/0       | TOP_LEVEL/U_ila_pro_0/U0/I_NO_D.U_ILA/U_TRIG/U_TC/I_TSEQ_EQ1.I_TSEQ_SIMPLE/S0_CFG                                                                                                              |
| +++++++U_STATES[10].SI_CFG                                              |           | 1/1           | 0/0           | 1/1           | 1/1           | 0/0       | 0/0     | 0/0   | 0/0   | 0/0   | 0/0       | TOP_LEVEL/U_ila_pro_0/U0/I_NO_D.U_ILA/U_TRIG/U_TC/I_TSEQ_EQ1.I_TSEQ_SIMPLE/U_STATES[10].SI_CFG                                                                                                 |
| +++++++U_STATES[11].SI_CFG                                              |           | 1/1           | 0/0           | 1/1           | 1/1           | 0/0       | 0/0     | 0/0   | 0/0   | 0/0   | 0/0       | TOP_LEVEL/U_ila_pro_0/U0/I_NO_D.U_ILA/U_TRIG/U_TC/I_TSEQ_EQ1.I_TSEQ_SIMPLE/U_STATES[11].SI_CFG                                                                                                 |
| +++++++U_STATES[12].SI_CFG                                              |           | 1/1           | 0/0           | 1/1           | 1/1           | 0/0       | 0/0     | 0/0   | 0/0   | 0/0   | 0/0       | TOP_LEVEL/U_ila_pro_0/U0/I_NO_D.U_ILA/U_TRIG/U_TC/I_TSEQ_EQ1.I_TSEQ_SIMPLE/U_STATES[12].SI_CFG                                                                                                 |
| +++++++U_STATES[13].SI_CFG                                              |           | 1/1           | 0/0           | 1/1           | 1/1           | 0/0       | 0/0     | 0/0   | 0/0   | 0/0   | 0/0       | TOP_LEVEL/U_ila_pro_0/U0/I_NO_D.U_ILA/U_TRIG/U_TC/I_TSEQ_EQ1.I_TSEQ_SIMPLE/U_STATES[13].SI_CFG                                                                                                 |
| +++++++U_STATES[14].SI_CFG                                              |           | 1/1           | 0/0           | 1/1           | 1/1           | 0/0       | 0/0     | 0/0   | 0/0   | 0/0   | 0/0       | TOP_LEVEL/U_ila_pro_0/U0/I_NO_D.U_ILA/U_TRIG/U_TC/I_TSEQ_EQ1.I_TSEQ_SIMPLE/U_STATES[14].SI_CFG                                                                                                 |
| +++++++U_STATES[15].SI_CFG                                              |           | 0/0           | 0/0           | 1/1           | 1/1           | 0/0       | 0/0     | 0/0   | 0/0   | 0/0   | 0/0       | TOP_LEVEL/U_ila_pro_0/U0/I_NO_D.U_ILA/U_TRIG/U_TC/I_TSEQ_EQ1.I_TSEQ_SIMPLE/U_STATES[15].SI_CFG                                                                                                 |
| +++++++U_STATES[1].SI_CFG                                               |           | 1/1           | 0/0           | 1/1           | 1/1           | 0/0       | 0/0     | 0/0   | 0/0   | 0/0   | 0/0       | TOP_LEVEL/U_ila_pro_0/U0/I_NO_D.U_ILA/U_TRIG/U_TC/I_TSEQ_EQ1.I_TSEQ_SIMPLE/U_STATES[1].SI_CFG                                                                                                  |
| +++++++U_STATES[2].SI_CFG                                               |           | 1/1           | 0/0           | 1/1           | 1/1           | 0/0       | 0/0     | 0/0   | 0/0   | 0/0   | 0/0       | TOP_LEVEL/U_ila_pro_0/U0/I_NO_D.U_ILA/U_TRIG/U_TC/I_TSEQ_EQ1.I_TSEQ_SIMPLE/U_STATES[2].SI_CFG                                                                                                  |
| +++++++U_STATES[3].SI_CFG                                               |           | 1/1           | 0/0           | 1/1           | 1/1           | 0/0       | 0/0     | 0/0   | 0/0   | 0/0   | 0/0       | TOP_LEVEL/U_ila_pro_0/U0/I_NO_D.U_ILA/U_TRIG/U_TC/I_TSEQ_EQ1.I_TSEQ_SIMPLE/U_STATES[3].SI_CFG                                                                                                  |
| +++++++U_STATES[4].SI_CFG                                               |           | 1/1           | 0/0           | 1/1           | 1/1           | 0/0       | 0/0     | 0/0   | 0/0   | 0/0   | 0/0       | TOP_LEVEL/U_ila_pro_0/U0/I_NO_D.U_ILA/U_TRIG/U_TC/I_TSEQ_EQ1.I_TSEQ_SIMPLE/U_STATES[4].SI_CFG                                                                                                  |
| +++++++U_STATES[5].SI_CFG                                               |           | 1/1           | 0/0           | 1/1           | 1/1           | 0/0       | 0/0     | 0/0   | 0/0   | 0/0   | 0/0       | TOP_LEVEL/U_ila_pro_0/U0/I_NO_D.U_ILA/U_TRIG/U_TC/I_TSEQ_EQ1.I_TSEQ_SIMPLE/U_STATES[5].SI_CFG                                                                                                  |
| +++++++U_STATES[6].SI_CFG                                               |           | 1/1           | 0/0           | 1/1           | 1/1           | 0/0       | 0/0     | 0/0   | 0/0   | 0/0   | 0/0       | TOP_LEVEL/U_ila_pro_0/U0/I_NO_D.U_ILA/U_TRIG/U_TC/I_TSEQ_EQ1.I_TSEQ_SIMPLE/U_STATES[6].SI_CFG                                                                                                  |
| +++++++U_STATES[7].SI_CFG                                               |           | 1/1           | 0/0           | 1/1           | 1/1           | 0/0       | 0/0     | 0/0   | 0/0   | 0/0   | 0/0       | TOP_LEVEL/U_ila_pro_0/U0/I_NO_D.U_ILA/U_TRIG/U_TC/I_TSEQ_EQ1.I_TSEQ_SIMPLE/U_STATES[7].SI_CFG                                                                                                  |
| +++++++U_STATES[8].SI_CFG                                               |           | 1/1           | 0/0           | 1/1           | 1/1           | 0/0       | 0/0     | 0/0   | 0/0   | 0/0   | 0/0       | TOP_LEVEL/U_ila_pro_0/U0/I_NO_D.U_ILA/U_TRIG/U_TC/I_TSEQ_EQ1.I_TSEQ_SIMPLE/U_STATES[8].SI_CFG                                                                                                  |
| +++++++U_STATES[9].SI_CFG                                               |           | 1/1           | 0/0           | 1/1           | 1/1           | 0/0       | 0/0     | 0/0   | 0/0   | 0/0   | 0/0       | TOP_LEVEL/U_ila_pro_0/U0/I_NO_D.U_ILA/U_TRIG/U_TC/I_TSEQ_EQ1.I_TSEQ_SIMPLE/U_STATES[9].SI_CFG                                                                                                  |
| ++++++I_TSEQ_NEQ2.U_TC_EQUATION                                         |           | 1/2           | 1/2           | 0/1           | 0/1           | 0/0       | 0/0     | 0/0   | 0/0   | 0/0   | 0/0       | TOP_LEVEL/U_ila_pro_0/U0/I_NO_D.U_ILA/U_TRIG/U_TC/I_TSEQ_NEQ2.U_TC_EQUATION                                                                                                                    |
| +++++++I_SRLT_NE_1.I_NMU_1_TO_4.U_TCL                                   |           | 1/1           | 1/1           | 0/1           | 0/1           | 0/0       | 0/0     | 0/0   | 0/0   | 0/0   | 0/0       | TOP_LEVEL/U_ila_pro_0/U0/I_NO_D.U_ILA/U_TRIG/U_TC/I_TSEQ_NEQ2.U_TC_EQUATION/I_SRLT_NE_1.I_NMU_1_TO_4.U_TCL                                                                                     |
| ++++++++I_NMU_EQ1.U_iDOUT                                               |           | 0/0           | 0/0           | 1/1           | 1/1           | 0/0       | 0/0     | 0/0   | 0/0   | 0/0   | 0/0       | TOP_LEVEL/U_ila_pro_0/U0/I_NO_D.U_ILA/U_TRIG/U_TC/I_TSEQ_NEQ2.U_TC_EQUATION/I_SRLT_NE_1.I_NMU_1_TO_4.U_TCL/I_NMU_EQ1.U_iDOUT                                                                   |
| +++++U_TM                                                               |           | 0/36          | 0/113         | 0/37          | 0/28          | 0/0       | 0/0     | 0/0   | 0/0   | 0/0   | 0/0       | TOP_LEVEL/U_ila_pro_0/U0/I_NO_D.U_ILA/U_TRIG/U_TM                                                                                                                                              |
| ++++++G_NMU[0].U_M                                                      |           | 1/36          | 1/113         | 0/37          | 0/28          | 0/0       | 0/0     | 0/0   | 0/0   | 0/0   | 0/0       | TOP_LEVEL/U_ila_pro_0/U0/I_NO_D.U_ILA/U_TRIG/U_TM/G_NMU[0].U_M                                                                                                                                 |
| +++++++U_MU                                                             |           | 1/35          | 1/112         | 0/37          | 0/28          | 0/0       | 0/0     | 0/0   | 0/0   | 0/0   | 0/0       | TOP_LEVEL/U_ila_pro_0/U0/I_NO_D.U_ILA/U_TRIG/U_TM/G_NMU[0].U_M/U_MU                                                                                                                            |
| ++++++++I_MUT_VARX.U_match                                              |           | 0/34          | 0/111         | 0/37          | 0/28          | 0/0       | 0/0     | 0/0   | 0/0   | 0/0   | 0/0       | TOP_LEVEL/U_ila_pro_0/U0/I_NO_D.U_ILA/U_TRIG/U_TM/G_NMU[0].U_M/U_MU/I_MUT_VARX.U_match                                                                                                         |
| +++++++++I_SRL32.U_VARX_SRL32                                           |           | 26/34         | 110/111       | 8/37          | 0/28          | 0/0       | 0/0     | 0/0   | 0/0   | 0/0   | 0/0       | TOP_LEVEL/U_ila_pro_0/U0/I_NO_D.U_ILA/U_TRIG/U_TM/G_NMU[0].U_M/U_MU/I_MUT_VARX.U_match/I_SRL32.U_VARX_SRL32                                                                                    |
| ++++++++++U_G                                                           |           | 8/8           | 1/1           | 29/29         | 28/28         | 0/0       | 0/0     | 0/0   | 0/0   | 0/0   | 0/0       | TOP_LEVEL/U_ila_pro_0/U0/I_NO_D.U_ILA/U_TRIG/U_TM/G_NMU[0].U_M/U_MU/I_MUT_VARX.U_match/I_SRL32.U_VARX_SRL32/U_G                                                                                |
| +XLXI_3432                                                              |           | 3/3           | 0/0           | 5/5           | 0/0           | 0/0       | 0/0     | 0/0   | 0/0   | 0/0   | 0/0       | TOP_LEVEL/XLXI_3432                                                                                                                                                                            |
| +XLXI_4595                                                              |           | 3/3           | 16/16         | 0/0           | 0/0           | 0/0       | 0/0     | 0/0   | 0/0   | 0/0   | 0/0       | TOP_LEVEL/XLXI_4595                                                                                                                                                                            |
| +XLXI_4677                                                              |           | 1/1           | 0/0           | 3/3           | 0/0           | 0/0       | 0/0     | 0/0   | 0/0   | 0/0   | 0/0       | TOP_LEVEL/XLXI_4677                                                                                                                                                                            |
| +XLXI_4773                                                              |           | 0/0           | 0/0           | 1/1           | 0/0           | 0/0       | 0/0     | 0/0   | 0/0   | 0/0   | 0/0       | TOP_LEVEL/XLXI_4773                                                                                                                                                                            |
| +XLXI_5284                                                              |           | 1/1           | 0/0           | 2/2           | 0/0           | 0/0       | 0/0     | 0/0   | 0/0   | 0/0   | 0/0       | TOP_LEVEL/XLXI_5284                                                                                                                                                                            |
| +XLXI_5338                                                              |           | 15/15         | 0/0           | 17/17         | 0/0           | 0/0       | 0/0     | 0/0   | 0/0   | 0/0   | 0/0       | TOP_LEVEL/XLXI_5338                                                                                                                                                                            |
| +XLXI_5561                                                              |           | 0/0           | 0/0           | 1/1           | 0/0           | 0/0       | 0/0     | 0/0   | 0/0   | 0/0   | 0/0       | TOP_LEVEL/XLXI_5561                                                                                                                                                                            |
| +XLXI_5598                                                              |           | 15/15         | 51/51         | 50/50         | 0/0           | 0/0       | 0/0     | 0/0   | 0/0   | 0/0   | 0/0       | TOP_LEVEL/XLXI_5598                                                                                                                                                                            |
| +XLXI_5676                                                              |           | 20/20         | 0/0           | 32/32         | 0/0           | 0/0       | 0/0     | 0/0   | 0/0   | 0/0   | 0/0       | TOP_LEVEL/XLXI_5676                                                                                                                                                                            |
| +XLXI_5677                                                              |           | 0/0           | 0/0           | 1/1           | 0/0           | 0/0       | 0/0     | 0/0   | 0/0   | 0/0   | 0/0       | TOP_LEVEL/XLXI_5677                                                                                                                                                                            |
| +XLXI_5836                                                              |           | 31/31         | 76/76         | 80/80         | 0/0           | 0/0       | 0/0     | 0/0   | 0/0   | 0/0   | 0/0       | TOP_LEVEL/XLXI_5836                                                                                                                                                                            |
| +XLXI_5983                                                              |           | 0/20          | 0/43          | 0/31          | 0/0           | 0/1       | 0/0     | 0/0   | 0/0   | 0/0   | 0/0       | TOP_LEVEL/XLXI_5983                                                                                                                                                                            |
| ++U0                                                                    |           | 0/20          | 0/43          | 0/31          | 0/0           | 0/1       | 0/0     | 0/0   | 0/0   | 0/0   | 0/0       | TOP_LEVEL/XLXI_5983/U0                                                                                                                                                                         |
| +++xst_fifo_generator                                                   |           | 0/20          | 0/43          | 0/31          | 0/0           | 0/1       | 0/0     | 0/0   | 0/0   | 0/0   | 0/0       | TOP_LEVEL/XLXI_5983/U0/xst_fifo_generator                                                                                                                                                      |
| ++++gconvfifo.rf                                                        |           | 0/20          | 0/43          | 0/31          | 0/0           | 0/1       | 0/0     | 0/0   | 0/0   | 0/0   | 0/0       | TOP_LEVEL/XLXI_5983/U0/xst_fifo_generator/gconvfifo.rf                                                                                                                                         |
| +++++grf.rf                                                             |           | 0/20          | 0/43          | 0/31          | 0/0           | 0/1       | 0/0     | 0/0   | 0/0   | 0/0   | 0/0       | TOP_LEVEL/XLXI_5983/U0/xst_fifo_generator/gconvfifo.rf/grf.rf                                                                                                                                  |
| ++++++gntv_or_sync_fifo.gl0.rd                                          |           | 0/8           | 0/13          | 0/14          | 0/0           | 0/0       | 0/0     | 0/0   | 0/0   | 0/0   | 0/0       | TOP_LEVEL/XLXI_5983/U0/xst_fifo_generator/gconvfifo.rf/grf.rf/gntv_or_sync_fifo.gl0.rd                                                                                                         |
| +++++++gr1.rfwft                                                        |           | 5/5           | 4/4           | 5/5           | 0/0           | 0/0       | 0/0     | 0/0   | 0/0   | 0/0   | 0/0       | TOP_LEVEL/XLXI_5983/U0/xst_fifo_generator/gconvfifo.rf/grf.rf/gntv_or_sync_fifo.gl0.rd/gr1.rfwft                                                                                               |
| +++++++grss.rsts                                                        |           | 2/2           | 1/1           | 5/5           | 0/0           | 0/0       | 0/0     | 0/0   | 0/0   | 0/0   | 0/0       | TOP_LEVEL/XLXI_5983/U0/xst_fifo_generator/gconvfifo.rf/grf.rf/gntv_or_sync_fifo.gl0.rd/grss.rsts                                                                                               |
| +++++++rpntr                                                            |           | 1/1           | 8/8           | 4/4           | 0/0           | 0/0       | 0/0     | 0/0   | 0/0   | 0/0   | 0/0       | TOP_LEVEL/XLXI_5983/U0/xst_fifo_generator/gconvfifo.rf/grf.rf/gntv_or_sync_fifo.gl0.rd/rpntr                                                                                                   |
| ++++++gntv_or_sync_fifo.gl0.wr                                          |           | 1/4           | 0/9           | 1/9           | 0/0           | 0/0       | 0/0     | 0/0   | 0/0   | 0/0   | 0/0       | TOP_LEVEL/XLXI_5983/U0/xst_fifo_generator/gconvfifo.rf/grf.rf/gntv_or_sync_fifo.gl0.wr                                                                                                         |
| +++++++gwss.wsts                                                        |           | 2/2           | 1/1           | 4/4           | 0/0           | 0/0       | 0/0     | 0/0   | 0/0   | 0/0   | 0/0       | TOP_LEVEL/XLXI_5983/U0/xst_fifo_generator/gconvfifo.rf/grf.rf/gntv_or_sync_fifo.gl0.wr/gwss.wsts                                                                                               |
| +++++++wpntr                                                            |           | 1/1           | 8/8           | 4/4           | 0/0           | 0/0       | 0/0     | 0/0   | 0/0   | 0/0   | 0/0       | TOP_LEVEL/XLXI_5983/U0/xst_fifo_generator/gconvfifo.rf/grf.rf/gntv_or_sync_fifo.gl0.wr/wpntr                                                                                                   |
| ++++++gntv_or_sync_fifo.mem                                             |           | 1/1           | 8/8           | 5/5           | 0/0           | 0/1       | 0/0     | 0/0   | 0/0   | 0/0   | 0/0       | TOP_LEVEL/XLXI_5983/U0/xst_fifo_generator/gconvfifo.rf/grf.rf/gntv_or_sync_fifo.mem                                                                                                            |
| +++++++gbm.gbmg.gbmga.ngecc.bmg                                         |           | 0/0           | 0/0           | 0/0           | 0/0           | 0/1       | 0/0     | 0/0   | 0/0   | 0/0   | 0/0       | TOP_LEVEL/XLXI_5983/U0/xst_fifo_generator/gconvfifo.rf/grf.rf/gntv_or_sync_fifo.mem/gbm.gbmg.gbmga.ngecc.bmg                                                                                   |
| ++++++++blk_mem_generator                                               |           | 0/0           | 0/0           | 0/0           | 0/0           | 0/1       | 0/0     | 0/0   | 0/0   | 0/0   | 0/0       | TOP_LEVEL/XLXI_5983/U0/xst_fifo_generator/gconvfifo.rf/grf.rf/gntv_or_sync_fifo.mem/gbm.gbmg.gbmga.ngecc.bmg/blk_mem_generator                                                                 |
| +++++++++valid.cstr                                                     |           | 0/0           | 0/0           | 0/0           | 0/0           | 0/1       | 0/0     | 0/0   | 0/0   | 0/0   | 0/0       | TOP_LEVEL/XLXI_5983/U0/xst_fifo_generator/gconvfifo.rf/grf.rf/gntv_or_sync_fifo.mem/gbm.gbmg.gbmga.ngecc.bmg/blk_mem_generator/valid.cstr                                                      |
| ++++++++++ramloop[0].ram.r                                              |           | 0/0           | 0/0           | 0/0           | 0/0           | 0/1       | 0/0     | 0/0   | 0/0   | 0/0   | 0/0       | TOP_LEVEL/XLXI_5983/U0/xst_fifo_generator/gconvfifo.rf/grf.rf/gntv_or_sync_fifo.mem/gbm.gbmg.gbmga.ngecc.bmg/blk_mem_generator/valid.cstr/ramloop[0].ram.r                                     |
| +++++++++++v4_noinit.ram                                                |           | 0/0           | 0/0           | 0/0           | 0/0           | 1/1       | 0/0     | 0/0   | 0/0   | 0/0   | 0/0       | TOP_LEVEL/XLXI_5983/U0/xst_fifo_generator/gconvfifo.rf/grf.rf/gntv_or_sync_fifo.mem/gbm.gbmg.gbmga.ngecc.bmg/blk_mem_generator/valid.cstr/ramloop[0].ram.r/v4_noinit.ram                       |
| ++++++rstblk                                                            |           | 7/7           | 13/13         | 3/3           | 0/0           | 0/0       | 0/0     | 0/0   | 0/0   | 0/0   | 0/0       | TOP_LEVEL/XLXI_5983/U0/xst_fifo_generator/gconvfifo.rf/grf.rf/rstblk                                                                                                                           |
| +XLXI_6016                                                              |           | 3/3           | 16/16         | 4/4           | 0/0           | 0/0       | 0/0     | 0/0   | 0/0   | 0/0   | 0/0       | TOP_LEVEL/XLXI_6016                                                                                                                                                                            |
| +XLXI_6018                                                              |           | 1/1           | 4/4           | 0/0           | 0/0           | 0/0       | 0/0     | 0/0   | 0/0   | 0/0   | 0/0       | TOP_LEVEL/XLXI_6018                                                                                                                                                                            |
| +XLXI_6019                                                              |           | 0/55          | 0/136         | 0/86          | 0/0           | 0/1       | 0/0     | 0/0   | 0/0   | 0/0   | 0/0       | TOP_LEVEL/XLXI_6019                                                                                                                                                                            |
| ++U0                                                                    |           | 0/55          | 0/136         | 0/86          | 0/0           | 0/1       | 0/0     | 0/0   | 0/0   | 0/0   | 0/0       | TOP_LEVEL/XLXI_6019/U0                                                                                                                                                                         |
| +++xst_fifo_generator                                                   |           | 0/55          | 0/136         | 0/86          | 0/0           | 0/1       | 0/0     | 0/0   | 0/0   | 0/0   | 0/0       | TOP_LEVEL/XLXI_6019/U0/xst_fifo_generator                                                                                                                                                      |
| ++++gconvfifo.rf                                                        |           | 0/55          | 0/136         | 0/86          | 0/0           | 0/1       | 0/0     | 0/0   | 0/0   | 0/0   | 0/0       | TOP_LEVEL/XLXI_6019/U0/xst_fifo_generator/gconvfifo.rf                                                                                                                                         |
| +++++grf.rf                                                             |           | 0/55          | 0/136         | 0/86          | 0/0           | 0/1       | 0/0     | 0/0   | 0/0   | 0/0   | 0/0       | TOP_LEVEL/XLXI_6019/U0/xst_fifo_generator/gconvfifo.rf/grf.rf                                                                                                                                  |
| ++++++gntv_or_sync_fifo.gcx.clkx                                        |           | 14/21         | 36/72         | 34/39         | 0/0           | 0/0       | 0/0     | 0/0   | 0/0   | 0/0   | 0/0       | TOP_LEVEL/XLXI_6019/U0/xst_fifo_generator/gconvfifo.rf/grf.rf/gntv_or_sync_fifo.gcx.clkx                                                                                                       |
| +++++++gsync_stage[1].rd_stg_inst                                       |           | 2/2           | 9/9           | 0/0           | 0/0           | 0/0       | 0/0     | 0/0   | 0/0   | 0/0   | 0/0       | TOP_LEVEL/XLXI_6019/U0/xst_fifo_generator/gconvfifo.rf/grf.rf/gntv_or_sync_fifo.gcx.clkx/gsync_stage[1].rd_stg_inst                                                                            |
| +++++++gsync_stage[1].wr_stg_inst                                       |           | 3/3           | 9/9           | 0/0           | 0/0           | 0/0       | 0/0     | 0/0   | 0/0   | 0/0   | 0/0       | TOP_LEVEL/XLXI_6019/U0/xst_fifo_generator/gconvfifo.rf/grf.rf/gntv_or_sync_fifo.gcx.clkx/gsync_stage[1].wr_stg_inst                                                                            |
| +++++++gsync_stage[2].rd_stg_inst                                       |           | 1/1           | 9/9           | 1/1           | 0/0           | 0/0       | 0/0     | 0/0   | 0/0   | 0/0   | 0/0       | TOP_LEVEL/XLXI_6019/U0/xst_fifo_generator/gconvfifo.rf/grf.rf/gntv_or_sync_fifo.gcx.clkx/gsync_stage[2].rd_stg_inst                                                                            |
| +++++++gsync_stage[2].wr_stg_inst                                       |           | 1/1           | 9/9           | 4/4           | 0/0           | 0/0       | 0/0     | 0/0   | 0/0   | 0/0   | 0/0       | TOP_LEVEL/XLXI_6019/U0/xst_fifo_generator/gconvfifo.rf/grf.rf/gntv_or_sync_fifo.gcx.clkx/gsync_stage[2].wr_stg_inst                                                                            |
| ++++++gntv_or_sync_fifo.gl0.rd                                          |           | 1/11          | 0/20          | 1/22          | 0/0           | 0/0       | 0/0     | 0/0   | 0/0   | 0/0   | 0/0       | TOP_LEVEL/XLXI_6019/U0/xst_fifo_generator/gconvfifo.rf/grf.rf/gntv_or_sync_fifo.gl0.rd                                                                                                         |
| +++++++gras.rsts                                                        |           | 2/6           | 2/2           | 1/12          | 0/0           | 0/0       | 0/0     | 0/0   | 0/0   | 0/0   | 0/0       | TOP_LEVEL/XLXI_6019/U0/xst_fifo_generator/gconvfifo.rf/grf.rf/gntv_or_sync_fifo.gl0.rd/gras.rsts                                                                                               |
| ++++++++c0                                                              |           | 2/2           | 0/0           | 5/5           | 0/0           | 0/0       | 0/0     | 0/0   | 0/0   | 0/0   | 0/0       | TOP_LEVEL/XLXI_6019/U0/xst_fifo_generator/gconvfifo.rf/grf.rf/gntv_or_sync_fifo.gl0.rd/gras.rsts/c0                                                                                            |
| ++++++++c1                                                              |           | 2/2           | 0/0           | 6/6           | 0/0           | 0/0       | 0/0     | 0/0   | 0/0   | 0/0   | 0/0       | TOP_LEVEL/XLXI_6019/U0/xst_fifo_generator/gconvfifo.rf/grf.rf/gntv_or_sync_fifo.gl0.rd/gras.rsts/c1                                                                                            |
| +++++++rpntr                                                            |           | 4/4           | 18/18         | 9/9           | 0/0           | 0/0       | 0/0     | 0/0   | 0/0   | 0/0   | 0/0       | TOP_LEVEL/XLXI_6019/U0/xst_fifo_generator/gconvfifo.rf/grf.rf/gntv_or_sync_fifo.gl0.rd/rpntr                                                                                                   |
| ++++++gntv_or_sync_fifo.gl0.wr                                          |           | 0/15          | 0/29          | 1/22          | 0/0           | 0/0       | 0/0     | 0/0   | 0/0   | 0/0   | 0/0       | TOP_LEVEL/XLXI_6019/U0/xst_fifo_generator/gconvfifo.rf/grf.rf/gntv_or_sync_fifo.gl0.wr                                                                                                         |
| +++++++gwas.wsts                                                        |           | 3/7           | 2/2           | 1/11          | 0/0           | 0/0       | 0/0     | 0/0   | 0/0   | 0/0   | 0/0       | TOP_LEVEL/XLXI_6019/U0/xst_fifo_generator/gconvfifo.rf/grf.rf/gntv_or_sync_fifo.gl0.wr/gwas.wsts                                                                                               |
| ++++++++c1                                                              |           | 2/2           | 0/0           | 5/5           | 0/0           | 0/0       | 0/0     | 0/0   | 0/0   | 0/0   | 0/0       | TOP_LEVEL/XLXI_6019/U0/xst_fifo_generator/gconvfifo.rf/grf.rf/gntv_or_sync_fifo.gl0.wr/gwas.wsts/c1                                                                                            |
| ++++++++c2                                                              |           | 2/2           | 0/0           | 5/5           | 0/0           | 0/0       | 0/0     | 0/0   | 0/0   | 0/0   | 0/0       | TOP_LEVEL/XLXI_6019/U0/xst_fifo_generator/gconvfifo.rf/grf.rf/gntv_or_sync_fifo.gl0.wr/gwas.wsts/c2                                                                                            |
| +++++++wpntr                                                            |           | 8/8           | 27/27         | 10/10         | 0/0           | 0/0       | 0/0     | 0/0   | 0/0   | 0/0   | 0/0       | TOP_LEVEL/XLXI_6019/U0/xst_fifo_generator/gconvfifo.rf/grf.rf/gntv_or_sync_fifo.gl0.wr/wpntr                                                                                                   |
| ++++++gntv_or_sync_fifo.mem                                             |           | 0/0           | 0/0           | 1/1           | 0/0           | 0/1       | 0/0     | 0/0   | 0/0   | 0/0   | 0/0       | TOP_LEVEL/XLXI_6019/U0/xst_fifo_generator/gconvfifo.rf/grf.rf/gntv_or_sync_fifo.mem                                                                                                            |
| +++++++gbm.gbmg.gbmga.ngecc.bmg                                         |           | 0/0           | 0/0           | 0/0           | 0/0           | 0/1       | 0/0     | 0/0   | 0/0   | 0/0   | 0/0       | TOP_LEVEL/XLXI_6019/U0/xst_fifo_generator/gconvfifo.rf/grf.rf/gntv_or_sync_fifo.mem/gbm.gbmg.gbmga.ngecc.bmg                                                                                   |
| ++++++++gnativebmg.native_blk_mem_gen                                   |           | 0/0           | 0/0           | 0/0           | 0/0           | 0/1       | 0/0     | 0/0   | 0/0   | 0/0   | 0/0       | TOP_LEVEL/XLXI_6019/U0/xst_fifo_generator/gconvfifo.rf/grf.rf/gntv_or_sync_fifo.mem/gbm.gbmg.gbmga.ngecc.bmg/gnativebmg.native_blk_mem_gen                                                     |
| +++++++++valid.cstr                                                     |           | 0/0           | 0/0           | 0/0           | 0/0           | 0/1       | 0/0     | 0/0   | 0/0   | 0/0   | 0/0       | TOP_LEVEL/XLXI_6019/U0/xst_fifo_generator/gconvfifo.rf/grf.rf/gntv_or_sync_fifo.mem/gbm.gbmg.gbmga.ngecc.bmg/gnativebmg.native_blk_mem_gen/valid.cstr                                          |
| ++++++++++ramloop[0].ram.r                                              |           | 0/0           | 0/0           | 0/0           | 0/0           | 0/1       | 0/0     | 0/0   | 0/0   | 0/0   | 0/0       | TOP_LEVEL/XLXI_6019/U0/xst_fifo_generator/gconvfifo.rf/grf.rf/gntv_or_sync_fifo.mem/gbm.gbmg.gbmga.ngecc.bmg/gnativebmg.native_blk_mem_gen/valid.cstr/ramloop[0].ram.r                         |
| +++++++++++v4_noinit.ram                                                |           | 0/0           | 0/0           | 0/0           | 0/0           | 1/1       | 0/0     | 0/0   | 0/0   | 0/0   | 0/0       | TOP_LEVEL/XLXI_6019/U0/xst_fifo_generator/gconvfifo.rf/grf.rf/gntv_or_sync_fifo.mem/gbm.gbmg.gbmga.ngecc.bmg/gnativebmg.native_blk_mem_gen/valid.cstr/ramloop[0].ram.r/v4_noinit.ram           |
| ++++++rstblk                                                            |           | 8/8           | 15/15         | 2/2           | 0/0           | 0/0       | 0/0     | 0/0   | 0/0   | 0/0   | 0/0       | TOP_LEVEL/XLXI_6019/U0/xst_fifo_generator/gconvfifo.rf/grf.rf/rstblk                                                                                                                           |
| +XLXI_6042                                                              |           | 12/12         | 15/15         | 29/29         | 0/0           | 0/0       | 0/0     | 0/0   | 0/0   | 0/0   | 0/0       | TOP_LEVEL/XLXI_6042                                                                                                                                                                            |
| +XLXI_6067                                                              |           | 1/1           | 0/0           | 1/1           | 0/0           | 0/0       | 0/0     | 0/0   | 0/0   | 0/0   | 0/0       | TOP_LEVEL/XLXI_6067                                                                                                                                                                            |
| +XLXI_6084                                                              |           | 2/2           | 8/8           | 0/0           | 0/0           | 0/0       | 0/0     | 0/0   | 0/0   | 0/0   | 0/0       | TOP_LEVEL/XLXI_6084                                                                                                                                                                            |
| +XLXI_6086                                                              |           | 1/1           | 0/0           | 1/1           | 0/0           | 0/0       | 0/0     | 0/0   | 0/0   | 0/0   | 0/0       | TOP_LEVEL/XLXI_6086                                                                                                                                                                            |
| +XLXI_6193                                                              |           | 1/1           | 0/0           | 1/1           | 0/0           | 0/0       | 0/0     | 0/0   | 0/0   | 0/0   | 0/0       | TOP_LEVEL/XLXI_6193                                                                                                                                                                            |
| +XLXI_6207                                                              |           | 1/1           | 4/4           | 0/0           | 0/0           | 0/0       | 0/0     | 0/0   | 0/0   | 0/0   | 0/0       | TOP_LEVEL/XLXI_6207                                                                                                                                                                            |
| +XLXI_6315                                                              |           | 3/3           | 9/9           | 9/9           | 0/0           | 0/0       | 0/0     | 0/0   | 0/0   | 0/0   | 0/0       | TOP_LEVEL/XLXI_6315                                                                                                                                                                            |
| +XLXI_6330                                                              |           | 0/0           | 0/0           | 0/0           | 0/0           | 0/0       | 0/0     | 7/7   | 0/0   | 0/0   | 1/1       | TOP_LEVEL/XLXI_6330                                                                                                                                                                            |
| +XLXI_6334                                                              |           | 236/1270      | 362/1568      | 535/2967      | 0/25          | 0/10      | 0/0     | 0/0   | 0/0   | 0/0   | 0/0       | TOP_LEVEL/XLXI_6334                                                                                                                                                                            |
| ++burst_traffic_controller_blk                                          |           | 29/29         | 43/43         | 87/87         | 0/0           | 0/0       | 0/0     | 0/0   | 0/0   | 0/0   | 0/0       | TOP_LEVEL/XLXI_6334/burst_traffic_controller_blk                                                                                                                                               |
| ++data_manager_blk                                                      |           | 88/282        | 0/434         | 139/591       | 0/0           | 0/10      | 0/0     | 0/0   | 0/0   | 0/0   | 0/0       | TOP_LEVEL/XLXI_6334/data_manager_blk                                                                                                                                                           |
| +++GEC_RX_CTRL                                                          |           | 40/40         | 105/105       | 75/75         | 0/0           | 0/0       | 0/0     | 0/0   | 0/0   | 0/0   | 0/0       | TOP_LEVEL/XLXI_6334/data_manager_blk/GEC_RX_CTRL                                                                                                                                               |
| +++GEC_TX_SEQ_CTL                                                       |           | 52/52         | 129/129       | 150/150       | 0/0           | 0/0       | 0/0     | 0/0   | 0/0   | 0/0   | 0/0       | TOP_LEVEL/XLXI_6334/data_manager_blk/GEC_TX_SEQ_CTL                                                                                                                                            |
| +++RAM_COMM_DEC                                                         |           | 89/89         | 175/175       | 206/206       | 0/0           | 0/0       | 0/0     | 0/0   | 0/0   | 0/0   | 0/0       | TOP_LEVEL/XLXI_6334/data_manager_blk/RAM_COMM_DEC                                                                                                                                              |
| +++RX_DATA_FIFO                                                         |           | 0/0           | 0/0           | 0/0           | 0/0           | 0/1       | 0/0     | 0/0   | 0/0   | 0/0   | 0/0       | TOP_LEVEL/XLXI_6334/data_manager_blk/RX_DATA_FIFO                                                                                                                                              |
| ++++FIFO_SYNC_MACRO_inst                                                |           | 0/0           | 0/0           | 0/0           | 0/0           | 1/1       | 0/0     | 0/0   | 0/0   | 0/0   | 0/0       | TOP_LEVEL/XLXI_6334/data_manager_blk/RX_DATA_FIFO/FIFO_SYNC_MACRO_inst                                                                                                                         |
| +++RX_DATA_INFO_FIFO                                                    |           | 0/0           | 0/0           | 0/0           | 0/0           | 0/1       | 0/0     | 0/0   | 0/0   | 0/0   | 0/0       | TOP_LEVEL/XLXI_6334/data_manager_blk/RX_DATA_INFO_FIFO                                                                                                                                         |
| ++++FIFO_SYNC_MACRO_inst                                                |           | 0/0           | 0/0           | 0/0           | 0/0           | 1/1       | 0/0     | 0/0   | 0/0   | 0/0   | 0/0       | TOP_LEVEL/XLXI_6334/data_manager_blk/RX_DATA_INFO_FIFO/FIFO_SYNC_MACRO_inst                                                                                                                    |
| +++RX_SRC_ADDR_FIFO                                                     |           | 0/0           | 0/0           | 0/0           | 0/0           | 0/1       | 0/0     | 0/0   | 0/0   | 0/0   | 0/0       | TOP_LEVEL/XLXI_6334/data_manager_blk/RX_SRC_ADDR_FIFO                                                                                                                                          |
| ++++FIFO_SYNC_MACRO_inst                                                |           | 0/0           | 0/0           | 0/0           | 0/0           | 1/1       | 0/0     | 0/0   | 0/0   | 0/0   | 0/0       | TOP_LEVEL/XLXI_6334/data_manager_blk/RX_SRC_ADDR_FIFO/FIFO_SYNC_MACRO_inst                                                                                                                     |
| +++RX_SRC_MAC_FIFO                                                      |           | 0/0           | 0/0           | 0/0           | 0/0           | 0/1       | 0/0     | 0/0   | 0/0   | 0/0   | 0/0       | TOP_LEVEL/XLXI_6334/data_manager_blk/RX_SRC_MAC_FIFO                                                                                                                                           |
| ++++FIFO_SYNC_MACRO_inst                                                |           | 0/0           | 0/0           | 0/0           | 0/0           | 1/1       | 0/0     | 0/0   | 0/0   | 0/0   | 0/0       | TOP_LEVEL/XLXI_6334/data_manager_blk/RX_SRC_MAC_FIFO/FIFO_SYNC_MACRO_inst                                                                                                                      |
| +++TX_CTRL_ADDR_FIFO                                                    |           | 0/0           | 0/0           | 0/0           | 0/0           | 0/1       | 0/0     | 0/0   | 0/0   | 0/0   | 0/0       | TOP_LEVEL/XLXI_6334/data_manager_blk/TX_CTRL_ADDR_FIFO                                                                                                                                         |
| ++++FIFO_SYNC_MACRO_inst                                                |           | 0/0           | 0/0           | 0/0           | 0/0           | 1/1       | 0/0     | 0/0   | 0/0   | 0/0   | 0/0       | TOP_LEVEL/XLXI_6334/data_manager_blk/TX_CTRL_ADDR_FIFO/FIFO_SYNC_MACRO_inst                                                                                                                    |
| +++TX_CTRL_FIFO                                                         |           | 0/0           | 0/0           | 0/0           | 0/0           | 0/1       | 0/0     | 0/0   | 0/0   | 0/0   | 0/0       | TOP_LEVEL/XLXI_6334/data_manager_blk/TX_CTRL_FIFO                                                                                                                                              |
| ++++FIFO_SYNC_MACRO_inst                                                |           | 0/0           | 0/0           | 0/0           | 0/0           | 1/1       | 0/0     | 0/0   | 0/0   | 0/0   | 0/0       | TOP_LEVEL/XLXI_6334/data_manager_blk/TX_CTRL_FIFO/FIFO_SYNC_MACRO_inst                                                                                                                         |
| +++TX_CTRL_INFO_FIFO                                                    |           | 0/0           | 0/0           | 0/0           | 0/0           | 0/1       | 0/0     | 0/0   | 0/0   | 0/0   | 0/0       | TOP_LEVEL/XLXI_6334/data_manager_blk/TX_CTRL_INFO_FIFO                                                                                                                                         |
| ++++FIFO_SYNC_MACRO_inst                                                |           | 0/0           | 0/0           | 0/0           | 0/0           | 1/1       | 0/0     | 0/0   | 0/0   | 0/0   | 0/0       | TOP_LEVEL/XLXI_6334/data_manager_blk/TX_CTRL_INFO_FIFO/FIFO_SYNC_MACRO_inst                                                                                                                    |
| +++TX_CTRL_MAC_FIFO                                                     |           | 0/0           | 0/0           | 0/0           | 0/0           | 0/1       | 0/0     | 0/0   | 0/0   | 0/0   | 0/0       | TOP_LEVEL/XLXI_6334/data_manager_blk/TX_CTRL_MAC_FIFO                                                                                                                                          |
| ++++FIFO_SYNC_MACRO_inst                                                |           | 0/0           | 0/0           | 0/0           | 0/0           | 1/1       | 0/0     | 0/0   | 0/0   | 0/0   | 0/0       | TOP_LEVEL/XLXI_6334/data_manager_blk/TX_CTRL_MAC_FIFO/FIFO_SYNC_MACRO_inst                                                                                                                     |
| +++TX_DATA_FIFO                                                         |           | 0/0           | 0/0           | 0/0           | 0/0           | 0/1       | 0/0     | 0/0   | 0/0   | 0/0   | 0/0       | TOP_LEVEL/XLXI_6334/data_manager_blk/TX_DATA_FIFO                                                                                                                                              |
| ++++FIFO_SYNC_MACRO_inst                                                |           | 0/0           | 0/0           | 0/0           | 0/0           | 1/1       | 0/0     | 0/0   | 0/0   | 0/0   | 0/0       | TOP_LEVEL/XLXI_6334/data_manager_blk/TX_DATA_FIFO/FIFO_SYNC_MACRO_inst                                                                                                                         |
| +++TX_DATA_INFO_FIFO                                                    |           | 0/0           | 0/0           | 0/0           | 0/0           | 0/1       | 0/0     | 0/0   | 0/0   | 0/0   | 0/0       | TOP_LEVEL/XLXI_6334/data_manager_blk/TX_DATA_INFO_FIFO                                                                                                                                         |
| ++++FIFO_SYNC_MACRO_inst                                                |           | 0/0           | 0/0           | 0/0           | 0/0           | 1/1       | 0/0     | 0/0   | 0/0   | 0/0   | 0/0       | TOP_LEVEL/XLXI_6334/data_manager_blk/TX_DATA_INFO_FIFO/FIFO_SYNC_MACRO_inst                                                                                                                    |
| +++burst_controller_sm                                                  |           | 13/13         | 25/25         | 21/21         | 0/0           | 0/0       | 0/0     | 0/0   | 0/0   | 0/0   | 0/0       | TOP_LEVEL/XLXI_6334/data_manager_blk/burst_controller_sm                                                                                                                                       |
| ++ec_wrapper                                                            |           | 1/720         | 0/720         | 1/1745        | 0/25          | 0/0       | 0/0     | 0/0   | 0/0   | 0/0   | 0/0       | TOP_LEVEL/XLXI_6334/ec_wrapper                                                                                                                                                                 |
| +++crcChk                                                               |           | 18/18         | 32/32         | 56/56         | 0/0           | 0/0       | 0/0     | 0/0   | 0/0   | 0/0   | 0/0       | TOP_LEVEL/XLXI_6334/ec_wrapper/crcChk                                                                                                                                                          |
| +++crcGen                                                               |           | 20/20         | 32/32         | 57/57         | 0/0           | 0/0       | 0/0     | 0/0   | 0/0   | 0/0   | 0/0       | TOP_LEVEL/XLXI_6334/ec_wrapper/crcGen                                                                                                                                                          |
| +++crcSplice                                                            |           | 6/6           | 14/14         | 12/12         | 0/0           | 0/0       | 0/0     | 0/0   | 0/0   | 0/0   | 0/0       | TOP_LEVEL/XLXI_6334/ec_wrapper/crcSplice                                                                                                                                                       |
| +++ethernet_controller                                                  |           | 3/672         | 0/633         | 3/1610        | 0/16          | 0/0       | 0/0     | 0/0   | 0/0   | 0/0   | 0/0       | TOP_LEVEL/XLXI_6334/ec_wrapper/ethernet_controller                                                                                                                                             |
| ++++AddressContainer                                                    |           | 4/4           | 4/4           | 4/4           | 0/0           | 0/0       | 0/0     | 0/0   | 0/0   | 0/0   | 0/0       | TOP_LEVEL/XLXI_6334/ec_wrapper/ethernet_controller/AddressContainer                                                                                                                            |
| ++++ArpReplyBlock                                                       |           | 138/138       | 39/39         | 291/291       | 0/0           | 0/0       | 0/0     | 0/0   | 0/0   | 0/0   | 0/0       | TOP_LEVEL/XLXI_6334/ec_wrapper/ethernet_controller/ArpReplyBlock                                                                                                                               |
| ++++CRC_OR                                                              |           | 3/3           | 0/0           | 3/3           | 0/0           | 0/0       | 0/0     | 0/0   | 0/0   | 0/0   | 0/0       | TOP_LEVEL/XLXI_6334/ec_wrapper/ethernet_controller/CRC_OR                                                                                                                                      |
| ++++ChecksumCalcBlock                                                   |           | 47/47         | 38/38         | 115/115       | 0/0           | 0/0       | 0/0     | 0/0   | 0/0   | 0/0   | 0/0       | TOP_LEVEL/XLXI_6334/ec_wrapper/ethernet_controller/ChecksumCalcBlock                                                                                                                           |
| ++++CreatePacketBlock                                                   |           | 199/199       | 107/107       | 431/431       | 0/0           | 0/0       | 0/0     | 0/0   | 0/0   | 0/0   | 0/0       | TOP_LEVEL/XLXI_6334/ec_wrapper/ethernet_controller/CreatePacketBlock                                                                                                                           |
| ++++DataoutMux                                                          |           | 5/5           | 0/0           | 5/5           | 0/0           | 0/0       | 0/0     | 0/0   | 0/0   | 0/0   | 0/0       | TOP_LEVEL/XLXI_6334/ec_wrapper/ethernet_controller/DataoutMux                                                                                                                                  |
| ++++DecipherBlock                                                       |           | 218/218       | 375/375       | 642/642       | 0/0           | 0/0       | 0/0     | 0/0   | 0/0   | 0/0   | 0/0       | TOP_LEVEL/XLXI_6334/ec_wrapper/ethernet_controller/DecipherBlock                                                                                                                               |
| ++++FilterDataOutBlock                                                  |           | 3/3           | 9/9           | 1/1           | 0/0           | 0/0       | 0/0     | 0/0   | 0/0   | 0/0   | 0/0       | TOP_LEVEL/XLXI_6334/ec_wrapper/ethernet_controller/FilterDataOutBlock                                                                                                                          |
| ++++ICMPPingChecksumCalcBlock                                           |           | 20/20         | 36/36         | 69/69         | 0/0           | 0/0       | 0/0     | 0/0   | 0/0   | 0/0   | 0/0       | TOP_LEVEL/XLXI_6334/ec_wrapper/ethernet_controller/ICMPPingChecksumCalcBlock                                                                                                                   |
| ++++ICMPPingShiftRegBlock                                               |           | 6/6           | 16/16         | 16/16         | 16/16         | 0/0       | 0/0     | 0/0   | 0/0   | 0/0   | 0/0       | TOP_LEVEL/XLXI_6334/ec_wrapper/ethernet_controller/ICMPPingShiftRegBlock                                                                                                                       |
| ++++UDPDataSplicer                                                      |           | 6/6           | 9/9           | 4/4           | 0/0           | 0/0       | 0/0     | 0/0   | 0/0   | 0/0   | 0/0       | TOP_LEVEL/XLXI_6334/ec_wrapper/ethernet_controller/UDPDataSplicer                                                                                                                              |
| ++++UdpLengthMux                                                        |           | 20/20         | 0/0           | 26/26         | 0/0           | 0/0       | 0/0     | 0/0   | 0/0   | 0/0   | 0/0       | TOP_LEVEL/XLXI_6334/ec_wrapper/ethernet_controller/UdpLengthMux                                                                                                                                |
| +++xgmii                                                                |           | 3/3           | 9/9           | 9/9           | 9/9           | 0/0       | 0/0     | 0/0   | 0/0   | 0/0   | 0/0       | TOP_LEVEL/XLXI_6334/ec_wrapper/xgmii                                                                                                                                                           |
| ++reset_mgr                                                             |           | 3/3           | 9/9           | 9/9           | 0/0           | 0/0       | 0/0     | 0/0   | 0/0   | 0/0   | 0/0       | TOP_LEVEL/XLXI_6334/reset_mgr                                                                                                                                                                  |
| +ext_trig_handler                                                       |           | 1/1           | 5/5           | 1/1           | 0/0           | 0/0       | 0/0     | 0/0   | 0/0   | 0/0   | 0/0       | TOP_LEVEL/ext_trig_handler                                                                                                                                                                     |
| +psi_i2c_blk                                                            |           | 25/25         | 52/52         | 37/37         | 0/0           | 0/0       | 0/0     | 0/0   | 0/0   | 0/0   | 0/0       | TOP_LEVEL/psi_i2c_blk                                                                                                                                                                          |
| +token_delay_vector_0                                                   |           | 1/1           | 1/1           | 1/1           | 1/1           | 0/0       | 0/0     | 0/0   | 0/0   | 0/0   | 0/0       | TOP_LEVEL/token_delay_vector_0                                                                                                                                                                 |
| +token_delay_vector_1                                                   |           | 1/1           | 1/1           | 1/1           | 1/1           | 0/0       | 0/0     | 0/0   | 0/0   | 0/0   | 0/0       | TOP_LEVEL/token_delay_vector_1                                                                                                                                                                 |
| +token_delay_vector_2                                                   |           | 1/1           | 1/1           | 1/1           | 1/1           | 0/0       | 0/0     | 0/0   | 0/0   | 0/0   | 0/0       | TOP_LEVEL/token_delay_vector_2                                                                                                                                                                 |
| +token_trigger_blk                                                      |           | 60/60         | 87/87         | 131/131       | 1/1           | 0/0       | 0/0     | 0/0   | 0/0   | 0/0   | 0/0       | TOP_LEVEL/token_trigger_blk                                                                                                                                                                    |
+----------------------------------------------------------------------------------------------------------------------------------------------------------------------------------------------------------------------------------------------------------------------------------------------------------------------------------------------------------------------------------------------------------------+

* Slices can be packed with basic elements from multiple hierarchies.
  Therefore, a slice will be counted in every hierarchical module
  that each of its packed basic elements belong to.
** For each column, there are two numbers reported <A>/<B>.
   <A> is the number of elements that belong to that specific hierarchical module.
   <B> is the total number of elements from that hierarchical module and any lower level
   hierarchical modules below.
*** The LUTRAM column counts all LUTs used as memory including RAM, ROM, and shift registers.
