
*** Running vivado
    with args -log top.vdi -applog -m64 -messageDb vivado.pb -mode batch -source top.tcl -notrace


****** Vivado v2015.2 (64-bit)
  **** SW Build 1266856 on Fri Jun 26 16:35:25 MDT 2015
  **** IP Build 1264090 on Wed Jun 24 14:22:01 MDT 2015
    ** Copyright 1986-2015 Xilinx, Inc. All Rights Reserved.

source top.tcl -notrace
Design is defaulting to srcset: sources_1
Design is defaulting to constrset: constrs_1
INFO: [Project 1-454] Reading design checkpoint '/home/rrivera/ots/srcs/otsdaq-firmware/cactus/projects/ftbf/kc705_strip_module/top/top.runs/packetfifo_synth_1/packetfifo.dcp' for cell 'strip_imp/stripstream_imp/packetfifo_imp'
INFO: [Project 1-454] Reading design checkpoint '/home/rrivera/ots/srcs/otsdaq-firmware/cactus/projects/ftbf/kc705_strip_module/top/top.runs/streamipbuf_synth_1/streamipbuf.dcp' for cell 'strip_imp/stripstream_imp/streamipbuf_imp'
INFO: [Project 1-454] Reading design checkpoint '/home/rrivera/ots/srcs/otsdaq-firmware/cactus/projects/ftbf/kc705_strip_module/top/top.runs/strips_mclk_mmcm_synth_1/strips_mclk_mmcm.dcp' for cell 'strip_imp/stripclk_imp/strips_mclk_gen'
INFO: [Project 1-454] Reading design checkpoint '/home/rrivera/ots/srcs/otsdaq-firmware/cactus/projects/ftbf/kc705_strip_module/top/top.runs/chip_fifo_synth_1/chip_fifo.dcp' for cell 'strip_imp/G[0].strip_fifo_imp/fifo_imp'
INFO: [Project 1-454] Reading design checkpoint '/home/rrivera/ots/srcs/otsdaq-firmware/cactus/projects/ftbf/kc705_strip_module/top/top.runs/chip_fifo_synth_1/chip_fifo.dcp' for cell 'strip_imp/G[1].strip_fifo_imp/fifo_imp'
INFO: [Project 1-454] Reading design checkpoint '/home/rrivera/ots/srcs/otsdaq-firmware/cactus/projects/ftbf/kc705_strip_module/top/top.runs/chip_fifo_synth_1/chip_fifo.dcp' for cell 'strip_imp/trigprim0_imp/fifo_imp'
INFO: [Project 1-454] Reading design checkpoint '/home/rrivera/ots/srcs/otsdaq-firmware/cactus/projects/ftbf/kc705_strip_module/top/top.runs/chip_fifo_synth_1/chip_fifo.dcp' for cell 'strip_imp/trigprim1_imp/fifo_imp'
INFO: [Project 1-454] Reading design checkpoint '/home/rrivera/ots/srcs/otsdaq-firmware/cactus/projects/ftbf/kc705_strip_module/top/top.runs/chip_fifo_synth_1/chip_fifo.dcp' for cell 'strip_imp/trigprim2_imp/fifo_imp'
INFO: [Project 1-454] Reading design checkpoint '/home/rrivera/ots/srcs/otsdaq-firmware/cactus/projects/ftbf/kc705_strip_module/top/top.runs/chip_fifo_synth_1/chip_fifo.dcp' for cell 'strip_imp/trigprim3_imp/fifo_imp'
INFO: [Project 1-454] Reading design checkpoint '/home/rrivera/ots/srcs/otsdaq-firmware/cactus/projects/ftbf/kc705_strip_module/top/top.runs/chip_fifo_synth_1/chip_fifo.dcp' for cell 'strip_imp/trigproc_imp/fifo_imp'
INFO: [Project 1-454] Reading design checkpoint '/home/rrivera/ots/srcs/otsdaq-firmware/cactus/projects/ftbf/kc705_strip_module/top/top.runs/chip_fifo_synth_1/chip_fifo.dcp' for cell 'stackGen[0].fifo_imp'
INFO: [Project 1-454] Reading design checkpoint '/home/rrivera/ots/srcs/otsdaq-firmware/cactus/projects/ftbf/kc705_strip_module/top/top.runs/trigbuf_synth_1/trigbuf.dcp' for cell 'strip_imp/G[0].trigbuf_imp'
INFO: [Project 1-454] Reading design checkpoint '/home/rrivera/ots/srcs/otsdaq-firmware/cactus/projects/ftbf/kc705_strip_module/top/top.runs/trigbuf_synth_1/trigbuf.dcp' for cell 'strip_imp/G[1].trigbuf_imp'
INFO: [Project 1-491] No black box instances found for design checkpoint '/home/rrivera/ots/srcs/otsdaq-firmware/cactus/projects/ftbf/kc705_strip_module/top/top.runs/ADDR_FIFO_synth_1/ADDR_FIFO.dcp'.
INFO: [Project 1-491] No black box instances found for design checkpoint '/home/rrivera/ots/srcs/otsdaq-firmware/cactus/projects/ftbf/kc705_strip_module/top/top.runs/DATA_FIFO_0_synth_1/DATA_FIFO_0.dcp'.
INFO: [Project 1-491] No black box instances found for design checkpoint '/home/rrivera/ots/srcs/otsdaq-firmware/cactus/projects/ftbf/kc705_strip_module/top/top.runs/INFO_FIFO_0_synth_1/INFO_FIFO_0.dcp'.
INFO: [Netlist 29-17] Analyzing 338 Unisim elements for replacement
INFO: [Netlist 29-28] Unisim Transformation completed in 0 CPU seconds
INFO: [Project 1-479] Netlist was created with Vivado 2015.2
INFO: [Device 21-403] Loading part xc7k325tffg900-2
INFO: [Project 1-570] Preparing netlist for logic optimization
WARNING: [Constraints 18-1079] Register strip_imp/G[0].strip_fifo_imp/fifo_imp/U0/inst_fifo_gen/gconvfifo.rf/gbi.bi/g7ser_birst.rstbt/rsync.ric.rd_rst_reg_reg and strip_imp/G[0].strip_fifo_imp/fifo_imp/U0/inst_fifo_gen/gconvfifo.rf/gbi.bi/g7ser_birst.rstbt/rsync.ric.rd_rst_fb_reg[4] are from the same synchronizer and have the ASYNC_REG property set, but could not be placed into the same slice due to constraints or mismatched control signals on the registers.
WARNING: [Constraints 18-1079] Register strip_imp/G[0].strip_fifo_imp/fifo_imp/U0/inst_fifo_gen/gconvfifo.rf/gbi.bi/g7ser_birst.rstbt/rsync.ric.wr_rst_reg_reg and strip_imp/G[0].strip_fifo_imp/fifo_imp/U0/inst_fifo_gen/gconvfifo.rf/gbi.bi/g7ser_birst.rstbt/rsync.ric.wr_rst_fb_reg[4] are from the same synchronizer and have the ASYNC_REG property set, but could not be placed into the same slice due to constraints or mismatched control signals on the registers.
WARNING: [Constraints 18-1079] Register strip_imp/G[1].strip_fifo_imp/fifo_imp/U0/inst_fifo_gen/gconvfifo.rf/gbi.bi/g7ser_birst.rstbt/rsync.ric.rd_rst_reg_reg and strip_imp/G[1].strip_fifo_imp/fifo_imp/U0/inst_fifo_gen/gconvfifo.rf/gbi.bi/g7ser_birst.rstbt/rsync.ric.rd_rst_fb_reg[4] are from the same synchronizer and have the ASYNC_REG property set, but could not be placed into the same slice due to constraints or mismatched control signals on the registers.
WARNING: [Constraints 18-1079] Register strip_imp/G[1].strip_fifo_imp/fifo_imp/U0/inst_fifo_gen/gconvfifo.rf/gbi.bi/g7ser_birst.rstbt/rsync.ric.wr_rst_reg_reg and strip_imp/G[1].strip_fifo_imp/fifo_imp/U0/inst_fifo_gen/gconvfifo.rf/gbi.bi/g7ser_birst.rstbt/rsync.ric.wr_rst_fb_reg[4] are from the same synchronizer and have the ASYNC_REG property set, but could not be placed into the same slice due to constraints or mismatched control signals on the registers.
WARNING: [Constraints 18-1079] Register strip_imp/trigprim0_imp/fifo_imp/U0/inst_fifo_gen/gconvfifo.rf/gbi.bi/g7ser_birst.rstbt/rsync.ric.rd_rst_reg_reg and strip_imp/trigprim0_imp/fifo_imp/U0/inst_fifo_gen/gconvfifo.rf/gbi.bi/g7ser_birst.rstbt/rsync.ric.rd_rst_fb_reg[4] are from the same synchronizer and have the ASYNC_REG property set, but could not be placed into the same slice due to constraints or mismatched control signals on the registers.
WARNING: [Constraints 18-1079] Register strip_imp/trigprim0_imp/fifo_imp/U0/inst_fifo_gen/gconvfifo.rf/gbi.bi/g7ser_birst.rstbt/rsync.ric.wr_rst_reg_reg and strip_imp/trigprim0_imp/fifo_imp/U0/inst_fifo_gen/gconvfifo.rf/gbi.bi/g7ser_birst.rstbt/rsync.ric.wr_rst_fb_reg[4] are from the same synchronizer and have the ASYNC_REG property set, but could not be placed into the same slice due to constraints or mismatched control signals on the registers.
WARNING: [Constraints 18-1079] Register strip_imp/trigprim1_imp/fifo_imp/U0/inst_fifo_gen/gconvfifo.rf/gbi.bi/g7ser_birst.rstbt/rsync.ric.rd_rst_reg_reg and strip_imp/trigprim1_imp/fifo_imp/U0/inst_fifo_gen/gconvfifo.rf/gbi.bi/g7ser_birst.rstbt/rsync.ric.rd_rst_fb_reg[4] are from the same synchronizer and have the ASYNC_REG property set, but could not be placed into the same slice due to constraints or mismatched control signals on the registers.
WARNING: [Constraints 18-1079] Register strip_imp/trigprim1_imp/fifo_imp/U0/inst_fifo_gen/gconvfifo.rf/gbi.bi/g7ser_birst.rstbt/rsync.ric.wr_rst_reg_reg and strip_imp/trigprim1_imp/fifo_imp/U0/inst_fifo_gen/gconvfifo.rf/gbi.bi/g7ser_birst.rstbt/rsync.ric.wr_rst_fb_reg[4] are from the same synchronizer and have the ASYNC_REG property set, but could not be placed into the same slice due to constraints or mismatched control signals on the registers.
WARNING: [Constraints 18-1079] Register strip_imp/trigprim2_imp/fifo_imp/U0/inst_fifo_gen/gconvfifo.rf/gbi.bi/g7ser_birst.rstbt/rsync.ric.rd_rst_reg_reg and strip_imp/trigprim2_imp/fifo_imp/U0/inst_fifo_gen/gconvfifo.rf/gbi.bi/g7ser_birst.rstbt/rsync.ric.rd_rst_fb_reg[4] are from the same synchronizer and have the ASYNC_REG property set, but could not be placed into the same slice due to constraints or mismatched control signals on the registers.
WARNING: [Constraints 18-1079] Register strip_imp/trigprim2_imp/fifo_imp/U0/inst_fifo_gen/gconvfifo.rf/gbi.bi/g7ser_birst.rstbt/rsync.ric.wr_rst_reg_reg and strip_imp/trigprim2_imp/fifo_imp/U0/inst_fifo_gen/gconvfifo.rf/gbi.bi/g7ser_birst.rstbt/rsync.ric.wr_rst_fb_reg[4] are from the same synchronizer and have the ASYNC_REG property set, but could not be placed into the same slice due to constraints or mismatched control signals on the registers.
WARNING: [Constraints 18-1079] Register strip_imp/trigprim3_imp/fifo_imp/U0/inst_fifo_gen/gconvfifo.rf/gbi.bi/g7ser_birst.rstbt/rsync.ric.rd_rst_reg_reg and strip_imp/trigprim3_imp/fifo_imp/U0/inst_fifo_gen/gconvfifo.rf/gbi.bi/g7ser_birst.rstbt/rsync.ric.rd_rst_fb_reg[4] are from the same synchronizer and have the ASYNC_REG property set, but could not be placed into the same slice due to constraints or mismatched control signals on the registers.
WARNING: [Constraints 18-1079] Register strip_imp/trigprim3_imp/fifo_imp/U0/inst_fifo_gen/gconvfifo.rf/gbi.bi/g7ser_birst.rstbt/rsync.ric.wr_rst_reg_reg and strip_imp/trigprim3_imp/fifo_imp/U0/inst_fifo_gen/gconvfifo.rf/gbi.bi/g7ser_birst.rstbt/rsync.ric.wr_rst_fb_reg[4] are from the same synchronizer and have the ASYNC_REG property set, but could not be placed into the same slice due to constraints or mismatched control signals on the registers.
WARNING: [Constraints 18-1079] Register strip_imp/trigproc_imp/fifo_imp/U0/inst_fifo_gen/gconvfifo.rf/gbi.bi/g7ser_birst.rstbt/rsync.ric.rd_rst_reg_reg and strip_imp/trigproc_imp/fifo_imp/U0/inst_fifo_gen/gconvfifo.rf/gbi.bi/g7ser_birst.rstbt/rsync.ric.rd_rst_fb_reg[4] are from the same synchronizer and have the ASYNC_REG property set, but could not be placed into the same slice due to constraints or mismatched control signals on the registers.
WARNING: [Constraints 18-1079] Register strip_imp/trigproc_imp/fifo_imp/U0/inst_fifo_gen/gconvfifo.rf/gbi.bi/g7ser_birst.rstbt/rsync.ric.wr_rst_reg_reg and strip_imp/trigproc_imp/fifo_imp/U0/inst_fifo_gen/gconvfifo.rf/gbi.bi/g7ser_birst.rstbt/rsync.ric.wr_rst_fb_reg[4] are from the same synchronizer and have the ASYNC_REG property set, but could not be placed into the same slice due to constraints or mismatched control signals on the registers.
WARNING: [Constraints 18-1079] Register stackGen[0].fifo_imp/U0/inst_fifo_gen/gconvfifo.rf/gbi.bi/g7ser_birst.rstbt/rsync.ric.rd_rst_reg_reg and stackGen[0].fifo_imp/U0/inst_fifo_gen/gconvfifo.rf/gbi.bi/g7ser_birst.rstbt/rsync.ric.rd_rst_fb_reg[4] are from the same synchronizer and have the ASYNC_REG property set, but could not be placed into the same slice due to constraints or mismatched control signals on the registers.
WARNING: [Constraints 18-1079] Register stackGen[0].fifo_imp/U0/inst_fifo_gen/gconvfifo.rf/gbi.bi/g7ser_birst.rstbt/rsync.ric.wr_rst_reg_reg and stackGen[0].fifo_imp/U0/inst_fifo_gen/gconvfifo.rf/gbi.bi/g7ser_birst.rstbt/rsync.ric.wr_rst_fb_reg[4] are from the same synchronizer and have the ASYNC_REG property set, but could not be placed into the same slice due to constraints or mismatched control signals on the registers.
Parsing XDC File [/home/rrivera/ots/srcs/otsdaq-firmware/cactus/projects/ftbf/kc705_strip_module/top/top.srcs/sources_1/ip/packetfifo/packetfifo/packetfifo.xdc] for cell 'strip_imp/stripstream_imp/packetfifo_imp/U0'
Finished Parsing XDC File [/home/rrivera/ots/srcs/otsdaq-firmware/cactus/projects/ftbf/kc705_strip_module/top/top.srcs/sources_1/ip/packetfifo/packetfifo/packetfifo.xdc] for cell 'strip_imp/stripstream_imp/packetfifo_imp/U0'
Parsing XDC File [/home/rrivera/ots/srcs/otsdaq-firmware/cactus/projects/ftbf/kc705_strip_module/top/top.srcs/sources_1/ip/streamipbuf/streamipbuf/streamipbuf.xdc] for cell 'strip_imp/stripstream_imp/streamipbuf_imp/U0'
Finished Parsing XDC File [/home/rrivera/ots/srcs/otsdaq-firmware/cactus/projects/ftbf/kc705_strip_module/top/top.srcs/sources_1/ip/streamipbuf/streamipbuf/streamipbuf.xdc] for cell 'strip_imp/stripstream_imp/streamipbuf_imp/U0'
Parsing XDC File [/home/rrivera/ots/srcs/otsdaq-firmware/cactus/projects/ftbf/kc705_strip_module/top/top.srcs/sources_1/ip/strips_mclk_mmcm/strips_mclk_mmcm_board.xdc] for cell 'strip_imp/stripclk_imp/strips_mclk_gen/U0'
Finished Parsing XDC File [/home/rrivera/ots/srcs/otsdaq-firmware/cactus/projects/ftbf/kc705_strip_module/top/top.srcs/sources_1/ip/strips_mclk_mmcm/strips_mclk_mmcm_board.xdc] for cell 'strip_imp/stripclk_imp/strips_mclk_gen/U0'
Parsing XDC File [/home/rrivera/ots/srcs/otsdaq-firmware/cactus/projects/ftbf/kc705_strip_module/top/top.srcs/sources_1/ip/strips_mclk_mmcm/strips_mclk_mmcm.xdc] for cell 'strip_imp/stripclk_imp/strips_mclk_gen/U0'
Finished Parsing XDC File [/home/rrivera/ots/srcs/otsdaq-firmware/cactus/projects/ftbf/kc705_strip_module/top/top.srcs/sources_1/ip/strips_mclk_mmcm/strips_mclk_mmcm.xdc] for cell 'strip_imp/stripclk_imp/strips_mclk_gen/U0'
Parsing XDC File [/home/rrivera/ots/srcs/otsdaq-firmware/cactus/projects/ftbf/kc705_strip_module/top/top.srcs/sources_1/ip/chip_fifo/chip_fifo/chip_fifo.xdc] for cell 'strip_imp/G[0].strip_fifo_imp/fifo_imp/U0'
Finished Parsing XDC File [/home/rrivera/ots/srcs/otsdaq-firmware/cactus/projects/ftbf/kc705_strip_module/top/top.srcs/sources_1/ip/chip_fifo/chip_fifo/chip_fifo.xdc] for cell 'strip_imp/G[0].strip_fifo_imp/fifo_imp/U0'
Parsing XDC File [/home/rrivera/ots/srcs/otsdaq-firmware/cactus/projects/ftbf/kc705_strip_module/top/top.srcs/sources_1/ip/chip_fifo/chip_fifo/chip_fifo.xdc] for cell 'strip_imp/G[1].strip_fifo_imp/fifo_imp/U0'
Finished Parsing XDC File [/home/rrivera/ots/srcs/otsdaq-firmware/cactus/projects/ftbf/kc705_strip_module/top/top.srcs/sources_1/ip/chip_fifo/chip_fifo/chip_fifo.xdc] for cell 'strip_imp/G[1].strip_fifo_imp/fifo_imp/U0'
Parsing XDC File [/home/rrivera/ots/srcs/otsdaq-firmware/cactus/projects/ftbf/kc705_strip_module/top/top.srcs/sources_1/ip/chip_fifo/chip_fifo/chip_fifo.xdc] for cell 'strip_imp/trigprim0_imp/fifo_imp/U0'
Finished Parsing XDC File [/home/rrivera/ots/srcs/otsdaq-firmware/cactus/projects/ftbf/kc705_strip_module/top/top.srcs/sources_1/ip/chip_fifo/chip_fifo/chip_fifo.xdc] for cell 'strip_imp/trigprim0_imp/fifo_imp/U0'
Parsing XDC File [/home/rrivera/ots/srcs/otsdaq-firmware/cactus/projects/ftbf/kc705_strip_module/top/top.srcs/sources_1/ip/chip_fifo/chip_fifo/chip_fifo.xdc] for cell 'strip_imp/trigprim1_imp/fifo_imp/U0'
Finished Parsing XDC File [/home/rrivera/ots/srcs/otsdaq-firmware/cactus/projects/ftbf/kc705_strip_module/top/top.srcs/sources_1/ip/chip_fifo/chip_fifo/chip_fifo.xdc] for cell 'strip_imp/trigprim1_imp/fifo_imp/U0'
Parsing XDC File [/home/rrivera/ots/srcs/otsdaq-firmware/cactus/projects/ftbf/kc705_strip_module/top/top.srcs/sources_1/ip/chip_fifo/chip_fifo/chip_fifo.xdc] for cell 'strip_imp/trigprim2_imp/fifo_imp/U0'
Finished Parsing XDC File [/home/rrivera/ots/srcs/otsdaq-firmware/cactus/projects/ftbf/kc705_strip_module/top/top.srcs/sources_1/ip/chip_fifo/chip_fifo/chip_fifo.xdc] for cell 'strip_imp/trigprim2_imp/fifo_imp/U0'
Parsing XDC File [/home/rrivera/ots/srcs/otsdaq-firmware/cactus/projects/ftbf/kc705_strip_module/top/top.srcs/sources_1/ip/chip_fifo/chip_fifo/chip_fifo.xdc] for cell 'strip_imp/trigprim3_imp/fifo_imp/U0'
Finished Parsing XDC File [/home/rrivera/ots/srcs/otsdaq-firmware/cactus/projects/ftbf/kc705_strip_module/top/top.srcs/sources_1/ip/chip_fifo/chip_fifo/chip_fifo.xdc] for cell 'strip_imp/trigprim3_imp/fifo_imp/U0'
Parsing XDC File [/home/rrivera/ots/srcs/otsdaq-firmware/cactus/projects/ftbf/kc705_strip_module/top/top.srcs/sources_1/ip/chip_fifo/chip_fifo/chip_fifo.xdc] for cell 'strip_imp/trigproc_imp/fifo_imp/U0'
Finished Parsing XDC File [/home/rrivera/ots/srcs/otsdaq-firmware/cactus/projects/ftbf/kc705_strip_module/top/top.srcs/sources_1/ip/chip_fifo/chip_fifo/chip_fifo.xdc] for cell 'strip_imp/trigproc_imp/fifo_imp/U0'
Parsing XDC File [/home/rrivera/ots/srcs/otsdaq-firmware/cactus/projects/ftbf/kc705_strip_module/top/top.srcs/sources_1/ip/chip_fifo/chip_fifo/chip_fifo.xdc] for cell 'stackGen[0].fifo_imp/U0'
Finished Parsing XDC File [/home/rrivera/ots/srcs/otsdaq-firmware/cactus/projects/ftbf/kc705_strip_module/top/top.srcs/sources_1/ip/chip_fifo/chip_fifo/chip_fifo.xdc] for cell 'stackGen[0].fifo_imp/U0'
CRITICAL WARNING: [Designutils 20-1280] Could not find module 'ADDR_FIFO'. The XDC file /home/rrivera/ots/srcs/otsdaq-firmware/cactus/projects/ftbf/kc705_strip_module/eth_source/ipcore_dir/ADDR_FIFO/ADDR_FIFO/ADDR_FIFO.xdc will not be read for any cell of this module.
CRITICAL WARNING: [Designutils 20-1280] Could not find module 'DATA_FIFO_0'. The XDC file /home/rrivera/ots/srcs/otsdaq-firmware/cactus/projects/ftbf/kc705_strip_module/eth_source/ipcore_dir/DATA_FIFO_0/DATA_FIFO_0/DATA_FIFO_0.xdc will not be read for any cell of this module.
CRITICAL WARNING: [Designutils 20-1280] Could not find module 'INFO_FIFO_0'. The XDC file /home/rrivera/ots/srcs/otsdaq-firmware/cactus/projects/ftbf/kc705_strip_module/eth_source/ipcore_dir/INFO_FIFO_0/INFO_FIFO_0/INFO_FIFO_0.xdc will not be read for any cell of this module.
Sourcing Tcl File [/home/rrivera/ots/srcs/otsdaq-firmware/cactus/projects/ftbf/kc705_strip_module/top/top.srcs/constrs_1/imports/ucf/clock_constraints.tcl]
INFO: [Timing 38-35] Done setting XDC timing constraints. [/home/rrivera/ots/srcs/otsdaq-firmware/cactus/projects/ftbf/kc705_strip_module/top/top.srcs/constrs_1/imports/ucf/clock_constraints.tcl:28]
INFO: [Timing 38-2] Deriving generated clocks [/home/rrivera/ots/srcs/otsdaq-firmware/cactus/projects/ftbf/kc705_strip_module/top/top.srcs/constrs_1/imports/ucf/clock_constraints.tcl:28]
get_clocks: Time (s): cpu = 00:00:10 ; elapsed = 00:00:10 . Memory (MB): peak = 1893.516 ; gain = 553.672 ; free physical = 16740 ; free virtual = 56195
WARNING: [Constraints 18-401] set_max_delay: 'strip_imp/write_data[11]_i_30' is not a valid endpoint. [/home/rrivera/ots/srcs/otsdaq-firmware/cactus/projects/ftbf/kc705_strip_module/top/top.srcs/constrs_1/imports/ucf/clock_constraints.tcl:39]
Resolution: A valid end point is a data pin of a sequential cell or a primary output or inout port. Please validate that all the objects returned by your query belong to this list.
WARNING: [Constraints 18-401] set_max_delay: 'strip_imp/write_data[11]_i_3' is not a valid endpoint. [/home/rrivera/ots/srcs/otsdaq-firmware/cactus/projects/ftbf/kc705_strip_module/top/top.srcs/constrs_1/imports/ucf/clock_constraints.tcl:39]
Resolution: A valid end point is a data pin of a sequential cell or a primary output or inout port. Please validate that all the objects returned by your query belong to this list.
WARNING: [Constraints 18-401] set_max_delay: 'strip_imp/write_data[11]_i_29' is not a valid endpoint. [/home/rrivera/ots/srcs/otsdaq-firmware/cactus/projects/ftbf/kc705_strip_module/top/top.srcs/constrs_1/imports/ucf/clock_constraints.tcl:39]
Resolution: A valid end point is a data pin of a sequential cell or a primary output or inout port. Please validate that all the objects returned by your query belong to this list.
WARNING: [Constraints 18-401] set_max_delay: 'strip_imp/write_data[11]_i_28' is not a valid endpoint. [/home/rrivera/ots/srcs/otsdaq-firmware/cactus/projects/ftbf/kc705_strip_module/top/top.srcs/constrs_1/imports/ucf/clock_constraints.tcl:39]
Resolution: A valid end point is a data pin of a sequential cell or a primary output or inout port. Please validate that all the objects returned by your query belong to this list.
WARNING: [Constraints 18-401] set_max_delay: 'strip_imp/write_data[11]_i_27' is not a valid endpoint. [/home/rrivera/ots/srcs/otsdaq-firmware/cactus/projects/ftbf/kc705_strip_module/top/top.srcs/constrs_1/imports/ucf/clock_constraints.tcl:39]
Resolution: A valid end point is a data pin of a sequential cell or a primary output or inout port. Please validate that all the objects returned by your query belong to this list.
WARNING: [Constraints 18-401] set_max_delay: 'strip_imp/write_data[11]_i_26' is not a valid endpoint. [/home/rrivera/ots/srcs/otsdaq-firmware/cactus/projects/ftbf/kc705_strip_module/top/top.srcs/constrs_1/imports/ucf/clock_constraints.tcl:39]
Resolution: A valid end point is a data pin of a sequential cell or a primary output or inout port. Please validate that all the objects returned by your query belong to this list.
WARNING: [Constraints 18-401] set_max_delay: 'strip_imp/write_data[11]_i_25' is not a valid endpoint. [/home/rrivera/ots/srcs/otsdaq-firmware/cactus/projects/ftbf/kc705_strip_module/top/top.srcs/constrs_1/imports/ucf/clock_constraints.tcl:39]
Resolution: A valid end point is a data pin of a sequential cell or a primary output or inout port. Please validate that all the objects returned by your query belong to this list.
WARNING: [Constraints 18-401] set_max_delay: 'strip_imp/write_data[11]_i_24' is not a valid endpoint. [/home/rrivera/ots/srcs/otsdaq-firmware/cactus/projects/ftbf/kc705_strip_module/top/top.srcs/constrs_1/imports/ucf/clock_constraints.tcl:39]
Resolution: A valid end point is a data pin of a sequential cell or a primary output or inout port. Please validate that all the objects returned by your query belong to this list.
WARNING: [Constraints 18-401] set_max_delay: 'strip_imp/write_data[11]_i_23' is not a valid endpoint. [/home/rrivera/ots/srcs/otsdaq-firmware/cactus/projects/ftbf/kc705_strip_module/top/top.srcs/constrs_1/imports/ucf/clock_constraints.tcl:39]
Resolution: A valid end point is a data pin of a sequential cell or a primary output or inout port. Please validate that all the objects returned by your query belong to this list.
WARNING: [Constraints 18-401] set_max_delay: 'strip_imp/write_data[11]_i_22' is not a valid endpoint. [/home/rrivera/ots/srcs/otsdaq-firmware/cactus/projects/ftbf/kc705_strip_module/top/top.srcs/constrs_1/imports/ucf/clock_constraints.tcl:39]
Resolution: A valid end point is a data pin of a sequential cell or a primary output or inout port. Please validate that all the objects returned by your query belong to this list.
WARNING: [Constraints 18-401] set_max_delay: 'strip_imp/write_data[11]_i_21' is not a valid endpoint. [/home/rrivera/ots/srcs/otsdaq-firmware/cactus/projects/ftbf/kc705_strip_module/top/top.srcs/constrs_1/imports/ucf/clock_constraints.tcl:39]
Resolution: A valid end point is a data pin of a sequential cell or a primary output or inout port. Please validate that all the objects returned by your query belong to this list.
WARNING: [Constraints 18-401] set_max_delay: 'strip_imp/write_data[11]_i_20' is not a valid endpoint. [/home/rrivera/ots/srcs/otsdaq-firmware/cactus/projects/ftbf/kc705_strip_module/top/top.srcs/constrs_1/imports/ucf/clock_constraints.tcl:39]
Resolution: A valid end point is a data pin of a sequential cell or a primary output or inout port. Please validate that all the objects returned by your query belong to this list.
WARNING: [Constraints 18-401] set_max_delay: 'strip_imp/write_data[11]_i_2' is not a valid endpoint. [/home/rrivera/ots/srcs/otsdaq-firmware/cactus/projects/ftbf/kc705_strip_module/top/top.srcs/constrs_1/imports/ucf/clock_constraints.tcl:39]
Resolution: A valid end point is a data pin of a sequential cell or a primary output or inout port. Please validate that all the objects returned by your query belong to this list.
WARNING: [Constraints 18-401] set_max_delay: 'strip_imp/write_data[11]_i_19' is not a valid endpoint. [/home/rrivera/ots/srcs/otsdaq-firmware/cactus/projects/ftbf/kc705_strip_module/top/top.srcs/constrs_1/imports/ucf/clock_constraints.tcl:39]
Resolution: A valid end point is a data pin of a sequential cell or a primary output or inout port. Please validate that all the objects returned by your query belong to this list.
WARNING: [Constraints 18-401] set_max_delay: 'strip_imp/write_data[11]_i_18' is not a valid endpoint. [/home/rrivera/ots/srcs/otsdaq-firmware/cactus/projects/ftbf/kc705_strip_module/top/top.srcs/constrs_1/imports/ucf/clock_constraints.tcl:39]
Resolution: A valid end point is a data pin of a sequential cell or a primary output or inout port. Please validate that all the objects returned by your query belong to this list.
WARNING: [Constraints 18-401] set_max_delay: 'strip_imp/write_data[11]_i_17' is not a valid endpoint. [/home/rrivera/ots/srcs/otsdaq-firmware/cactus/projects/ftbf/kc705_strip_module/top/top.srcs/constrs_1/imports/ucf/clock_constraints.tcl:39]
Resolution: A valid end point is a data pin of a sequential cell or a primary output or inout port. Please validate that all the objects returned by your query belong to this list.
WARNING: [Constraints 18-401] set_max_delay: 'strip_imp/write_data[11]_i_16' is not a valid endpoint. [/home/rrivera/ots/srcs/otsdaq-firmware/cactus/projects/ftbf/kc705_strip_module/top/top.srcs/constrs_1/imports/ucf/clock_constraints.tcl:39]
Resolution: A valid end point is a data pin of a sequential cell or a primary output or inout port. Please validate that all the objects returned by your query belong to this list.
WARNING: [Constraints 18-401] set_max_delay: 'strip_imp/write_data[11]_i_15' is not a valid endpoint. [/home/rrivera/ots/srcs/otsdaq-firmware/cactus/projects/ftbf/kc705_strip_module/top/top.srcs/constrs_1/imports/ucf/clock_constraints.tcl:39]
Resolution: A valid end point is a data pin of a sequential cell or a primary output or inout port. Please validate that all the objects returned by your query belong to this list.
WARNING: [Constraints 18-401] set_max_delay: 'strip_imp/write_data[11]_i_14' is not a valid endpoint. [/home/rrivera/ots/srcs/otsdaq-firmware/cactus/projects/ftbf/kc705_strip_module/top/top.srcs/constrs_1/imports/ucf/clock_constraints.tcl:39]
Resolution: A valid end point is a data pin of a sequential cell or a primary output or inout port. Please validate that all the objects returned by your query belong to this list.
WARNING: [Constraints 18-401] set_max_delay: 'strip_imp/write_data[11]_i_13' is not a valid endpoint. [/home/rrivera/ots/srcs/otsdaq-firmware/cactus/projects/ftbf/kc705_strip_module/top/top.srcs/constrs_1/imports/ucf/clock_constraints.tcl:39]
Resolution: A valid end point is a data pin of a sequential cell or a primary output or inout port. Please validate that all the objects returned by your query belong to this list.
WARNING: [Constraints 18-401] set_max_delay: 'strip_imp/write_data[11]_i_12' is not a valid endpoint. [/home/rrivera/ots/srcs/otsdaq-firmware/cactus/projects/ftbf/kc705_strip_module/top/top.srcs/constrs_1/imports/ucf/clock_constraints.tcl:39]
Resolution: A valid end point is a data pin of a sequential cell or a primary output or inout port. Please validate that all the objects returned by your query belong to this list.
WARNING: [Constraints 18-401] set_max_delay: 'strip_imp/write_data[11]_i_11' is not a valid endpoint. [/home/rrivera/ots/srcs/otsdaq-firmware/cactus/projects/ftbf/kc705_strip_module/top/top.srcs/constrs_1/imports/ucf/clock_constraints.tcl:39]
Resolution: A valid end point is a data pin of a sequential cell or a primary output or inout port. Please validate that all the objects returned by your query belong to this list.
WARNING: [Constraints 18-401] set_max_delay: 'strip_imp/write_data[11]_i_10' is not a valid endpoint. [/home/rrivera/ots/srcs/otsdaq-firmware/cactus/projects/ftbf/kc705_strip_module/top/top.srcs/constrs_1/imports/ucf/clock_constraints.tcl:39]
Resolution: A valid end point is a data pin of a sequential cell or a primary output or inout port. Please validate that all the objects returned by your query belong to this list.
WARNING: [Constraints 18-401] set_max_delay: 'strip_imp/write_data[11]_i_1' is not a valid endpoint. [/home/rrivera/ots/srcs/otsdaq-firmware/cactus/projects/ftbf/kc705_strip_module/top/top.srcs/constrs_1/imports/ucf/clock_constraints.tcl:39]
Resolution: A valid end point is a data pin of a sequential cell or a primary output or inout port. Please validate that all the objects returned by your query belong to this list.
WARNING: [Constraints 18-401] set_max_delay: 'strip_imp/write_data[10]_i_9' is not a valid endpoint. [/home/rrivera/ots/srcs/otsdaq-firmware/cactus/projects/ftbf/kc705_strip_module/top/top.srcs/constrs_1/imports/ucf/clock_constraints.tcl:39]
Resolution: A valid end point is a data pin of a sequential cell or a primary output or inout port. Please validate that all the objects returned by your query belong to this list.
WARNING: [Constraints 18-401] set_max_delay: 'strip_imp/write_data[10]_i_8' is not a valid endpoint. [/home/rrivera/ots/srcs/otsdaq-firmware/cactus/projects/ftbf/kc705_strip_module/top/top.srcs/constrs_1/imports/ucf/clock_constraints.tcl:39]
Resolution: A valid end point is a data pin of a sequential cell or a primary output or inout port. Please validate that all the objects returned by your query belong to this list.
WARNING: [Constraints 18-401] set_max_delay: 'strip_imp/write_data[10]_i_7' is not a valid endpoint. [/home/rrivera/ots/srcs/otsdaq-firmware/cactus/projects/ftbf/kc705_strip_module/top/top.srcs/constrs_1/imports/ucf/clock_constraints.tcl:39]
Resolution: A valid end point is a data pin of a sequential cell or a primary output or inout port. Please validate that all the objects returned by your query belong to this list.
WARNING: [Constraints 18-401] set_max_delay: 'strip_imp/write_data[10]_i_6' is not a valid endpoint. [/home/rrivera/ots/srcs/otsdaq-firmware/cactus/projects/ftbf/kc705_strip_module/top/top.srcs/constrs_1/imports/ucf/clock_constraints.tcl:39]
Resolution: A valid end point is a data pin of a sequential cell or a primary output or inout port. Please validate that all the objects returned by your query belong to this list.
WARNING: [Constraints 18-401] set_max_delay: 'strip_imp/write_data[10]_i_5' is not a valid endpoint. [/home/rrivera/ots/srcs/otsdaq-firmware/cactus/projects/ftbf/kc705_strip_module/top/top.srcs/constrs_1/imports/ucf/clock_constraints.tcl:39]
Resolution: A valid end point is a data pin of a sequential cell or a primary output or inout port. Please validate that all the objects returned by your query belong to this list.
WARNING: [Constraints 18-401] set_max_delay: 'strip_imp/write_data[10]_i_4' is not a valid endpoint. [/home/rrivera/ots/srcs/otsdaq-firmware/cactus/projects/ftbf/kc705_strip_module/top/top.srcs/constrs_1/imports/ucf/clock_constraints.tcl:39]
Resolution: A valid end point is a data pin of a sequential cell or a primary output or inout port. Please validate that all the objects returned by your query belong to this list.
WARNING: [Constraints 18-401] set_max_delay: 'strip_imp/write_data[10]_i_33' is not a valid endpoint. [/home/rrivera/ots/srcs/otsdaq-firmware/cactus/projects/ftbf/kc705_strip_module/top/top.srcs/constrs_1/imports/ucf/clock_constraints.tcl:39]
Resolution: A valid end point is a data pin of a sequential cell or a primary output or inout port. Please validate that all the objects returned by your query belong to this list.
WARNING: [Constraints 18-401] set_max_delay: 'strip_imp/write_data[10]_i_32' is not a valid endpoint. [/home/rrivera/ots/srcs/otsdaq-firmware/cactus/projects/ftbf/kc705_strip_module/top/top.srcs/constrs_1/imports/ucf/clock_constraints.tcl:39]
Resolution: A valid end point is a data pin of a sequential cell or a primary output or inout port. Please validate that all the objects returned by your query belong to this list.
WARNING: [Constraints 18-401] set_max_delay: 'strip_imp/write_data[10]_i_31' is not a valid endpoint. [/home/rrivera/ots/srcs/otsdaq-firmware/cactus/projects/ftbf/kc705_strip_module/top/top.srcs/constrs_1/imports/ucf/clock_constraints.tcl:39]
Resolution: A valid end point is a data pin of a sequential cell or a primary output or inout port. Please validate that all the objects returned by your query belong to this list.
WARNING: [Constraints 18-401] set_max_delay: 'strip_imp/write_data[10]_i_30' is not a valid endpoint. [/home/rrivera/ots/srcs/otsdaq-firmware/cactus/projects/ftbf/kc705_strip_module/top/top.srcs/constrs_1/imports/ucf/clock_constraints.tcl:39]
Resolution: A valid end point is a data pin of a sequential cell or a primary output or inout port. Please validate that all the objects returned by your query belong to this list.
WARNING: [Constraints 18-401] set_max_delay: 'strip_imp/write_data[10]_i_3' is not a valid endpoint. [/home/rrivera/ots/srcs/otsdaq-firmware/cactus/projects/ftbf/kc705_strip_module/top/top.srcs/constrs_1/imports/ucf/clock_constraints.tcl:39]
Resolution: A valid end point is a data pin of a sequential cell or a primary output or inout port. Please validate that all the objects returned by your query belong to this list.
WARNING: [Constraints 18-401] set_max_delay: 'strip_imp/write_data[10]_i_29' is not a valid endpoint. [/home/rrivera/ots/srcs/otsdaq-firmware/cactus/projects/ftbf/kc705_strip_module/top/top.srcs/constrs_1/imports/ucf/clock_constraints.tcl:39]
Resolution: A valid end point is a data pin of a sequential cell or a primary output or inout port. Please validate that all the objects returned by your query belong to this list.
WARNING: [Constraints 18-401] set_max_delay: 'strip_imp/write_data[10]_i_28' is not a valid endpoint. [/home/rrivera/ots/srcs/otsdaq-firmware/cactus/projects/ftbf/kc705_strip_module/top/top.srcs/constrs_1/imports/ucf/clock_constraints.tcl:39]
Resolution: A valid end point is a data pin of a sequential cell or a primary output or inout port. Please validate that all the objects returned by your query belong to this list.
WARNING: [Constraints 18-401] set_max_delay: 'strip_imp/write_data[10]_i_27' is not a valid endpoint. [/home/rrivera/ots/srcs/otsdaq-firmware/cactus/projects/ftbf/kc705_strip_module/top/top.srcs/constrs_1/imports/ucf/clock_constraints.tcl:39]
Resolution: A valid end point is a data pin of a sequential cell or a primary output or inout port. Please validate that all the objects returned by your query belong to this list.
WARNING: [Constraints 18-401] set_max_delay: 'strip_imp/write_data[10]_i_26' is not a valid endpoint. [/home/rrivera/ots/srcs/otsdaq-firmware/cactus/projects/ftbf/kc705_strip_module/top/top.srcs/constrs_1/imports/ucf/clock_constraints.tcl:39]
Resolution: A valid end point is a data pin of a sequential cell or a primary output or inout port. Please validate that all the objects returned by your query belong to this list.
WARNING: [Constraints 18-401] set_max_delay: 'strip_imp/write_data[10]_i_25' is not a valid endpoint. [/home/rrivera/ots/srcs/otsdaq-firmware/cactus/projects/ftbf/kc705_strip_module/top/top.srcs/constrs_1/imports/ucf/clock_constraints.tcl:39]
Resolution: A valid end point is a data pin of a sequential cell or a primary output or inout port. Please validate that all the objects returned by your query belong to this list.
WARNING: [Constraints 18-401] set_max_delay: 'strip_imp/write_data[10]_i_24' is not a valid endpoint. [/home/rrivera/ots/srcs/otsdaq-firmware/cactus/projects/ftbf/kc705_strip_module/top/top.srcs/constrs_1/imports/ucf/clock_constraints.tcl:39]
Resolution: A valid end point is a data pin of a sequential cell or a primary output or inout port. Please validate that all the objects returned by your query belong to this list.
WARNING: [Constraints 18-401] set_max_delay: 'strip_imp/write_data[10]_i_23' is not a valid endpoint. [/home/rrivera/ots/srcs/otsdaq-firmware/cactus/projects/ftbf/kc705_strip_module/top/top.srcs/constrs_1/imports/ucf/clock_constraints.tcl:39]
Resolution: A valid end point is a data pin of a sequential cell or a primary output or inout port. Please validate that all the objects returned by your query belong to this list.
WARNING: [Constraints 18-401] set_max_delay: 'strip_imp/write_data[10]_i_22' is not a valid endpoint. [/home/rrivera/ots/srcs/otsdaq-firmware/cactus/projects/ftbf/kc705_strip_module/top/top.srcs/constrs_1/imports/ucf/clock_constraints.tcl:39]
Resolution: A valid end point is a data pin of a sequential cell or a primary output or inout port. Please validate that all the objects returned by your query belong to this list.
WARNING: [Constraints 18-401] set_max_delay: 'strip_imp/write_data[10]_i_21' is not a valid endpoint. [/home/rrivera/ots/srcs/otsdaq-firmware/cactus/projects/ftbf/kc705_strip_module/top/top.srcs/constrs_1/imports/ucf/clock_constraints.tcl:39]
Resolution: A valid end point is a data pin of a sequential cell or a primary output or inout port. Please validate that all the objects returned by your query belong to this list.
WARNING: [Constraints 18-401] set_max_delay: 'strip_imp/write_data[10]_i_20' is not a valid endpoint. [/home/rrivera/ots/srcs/otsdaq-firmware/cactus/projects/ftbf/kc705_strip_module/top/top.srcs/constrs_1/imports/ucf/clock_constraints.tcl:39]
Resolution: A valid end point is a data pin of a sequential cell or a primary output or inout port. Please validate that all the objects returned by your query belong to this list.
WARNING: [Constraints 18-401] set_max_delay: 'strip_imp/write_data[10]_i_2' is not a valid endpoint. [/home/rrivera/ots/srcs/otsdaq-firmware/cactus/projects/ftbf/kc705_strip_module/top/top.srcs/constrs_1/imports/ucf/clock_constraints.tcl:39]
Resolution: A valid end point is a data pin of a sequential cell or a primary output or inout port. Please validate that all the objects returned by your query belong to this list.
WARNING: [Constraints 18-401] set_max_delay: 'strip_imp/write_data[10]_i_19' is not a valid endpoint. [/home/rrivera/ots/srcs/otsdaq-firmware/cactus/projects/ftbf/kc705_strip_module/top/top.srcs/constrs_1/imports/ucf/clock_constraints.tcl:39]
Resolution: A valid end point is a data pin of a sequential cell or a primary output or inout port. Please validate that all the objects returned by your query belong to this list.
WARNING: [Constraints 18-401] set_max_delay: 'strip_imp/write_data[10]_i_18' is not a valid endpoint. [/home/rrivera/ots/srcs/otsdaq-firmware/cactus/projects/ftbf/kc705_strip_module/top/top.srcs/constrs_1/imports/ucf/clock_constraints.tcl:39]
Resolution: A valid end point is a data pin of a sequential cell or a primary output or inout port. Please validate that all the objects returned by your query belong to this list.
WARNING: [Constraints 18-401] set_max_delay: 'strip_imp/write_data[10]_i_17' is not a valid endpoint. [/home/rrivera/ots/srcs/otsdaq-firmware/cactus/projects/ftbf/kc705_strip_module/top/top.srcs/constrs_1/imports/ucf/clock_constraints.tcl:39]
Resolution: A valid end point is a data pin of a sequential cell or a primary output or inout port. Please validate that all the objects returned by your query belong to this list.
WARNING: [Constraints 18-401] set_max_delay: 'strip_imp/write_data[10]_i_16' is not a valid endpoint. [/home/rrivera/ots/srcs/otsdaq-firmware/cactus/projects/ftbf/kc705_strip_module/top/top.srcs/constrs_1/imports/ucf/clock_constraints.tcl:39]
Resolution: A valid end point is a data pin of a sequential cell or a primary output or inout port. Please validate that all the objects returned by your query belong to this list.
WARNING: [Constraints 18-401] set_max_delay: 'strip_imp/write_data[10]_i_15' is not a valid endpoint. [/home/rrivera/ots/srcs/otsdaq-firmware/cactus/projects/ftbf/kc705_strip_module/top/top.srcs/constrs_1/imports/ucf/clock_constraints.tcl:39]
Resolution: A valid end point is a data pin of a sequential cell or a primary output or inout port. Please validate that all the objects returned by your query belong to this list.
WARNING: [Constraints 18-401] set_max_delay: 'strip_imp/write_data[10]_i_14' is not a valid endpoint. [/home/rrivera/ots/srcs/otsdaq-firmware/cactus/projects/ftbf/kc705_strip_module/top/top.srcs/constrs_1/imports/ucf/clock_constraints.tcl:39]
Resolution: A valid end point is a data pin of a sequential cell or a primary output or inout port. Please validate that all the objects returned by your query belong to this list.
WARNING: [Constraints 18-401] set_max_delay: 'strip_imp/write_data[10]_i_13' is not a valid endpoint. [/home/rrivera/ots/srcs/otsdaq-firmware/cactus/projects/ftbf/kc705_strip_module/top/top.srcs/constrs_1/imports/ucf/clock_constraints.tcl:39]
Resolution: A valid end point is a data pin of a sequential cell or a primary output or inout port. Please validate that all the objects returned by your query belong to this list.
WARNING: [Constraints 18-401] set_max_delay: 'strip_imp/write_data[10]_i_12' is not a valid endpoint. [/home/rrivera/ots/srcs/otsdaq-firmware/cactus/projects/ftbf/kc705_strip_module/top/top.srcs/constrs_1/imports/ucf/clock_constraints.tcl:39]
Resolution: A valid end point is a data pin of a sequential cell or a primary output or inout port. Please validate that all the objects returned by your query belong to this list.
WARNING: [Constraints 18-401] set_max_delay: 'strip_imp/write_data[10]_i_11' is not a valid endpoint. [/home/rrivera/ots/srcs/otsdaq-firmware/cactus/projects/ftbf/kc705_strip_module/top/top.srcs/constrs_1/imports/ucf/clock_constraints.tcl:39]
Resolution: A valid end point is a data pin of a sequential cell or a primary output or inout port. Please validate that all the objects returned by your query belong to this list.
WARNING: [Constraints 18-401] set_max_delay: 'strip_imp/write_data[10]_i_10' is not a valid endpoint. [/home/rrivera/ots/srcs/otsdaq-firmware/cactus/projects/ftbf/kc705_strip_module/top/top.srcs/constrs_1/imports/ucf/clock_constraints.tcl:39]
Resolution: A valid end point is a data pin of a sequential cell or a primary output or inout port. Please validate that all the objects returned by your query belong to this list.
WARNING: [Constraints 18-401] set_max_delay: 'strip_imp/write_data[10]_i_1' is not a valid endpoint. [/home/rrivera/ots/srcs/otsdaq-firmware/cactus/projects/ftbf/kc705_strip_module/top/top.srcs/constrs_1/imports/ucf/clock_constraints.tcl:39]
Resolution: A valid end point is a data pin of a sequential cell or a primary output or inout port. Please validate that all the objects returned by your query belong to this list.
WARNING: [Constraints 18-401] set_max_delay: 'strip_imp/write_data[0]_i_9' is not a valid endpoint. [/home/rrivera/ots/srcs/otsdaq-firmware/cactus/projects/ftbf/kc705_strip_module/top/top.srcs/constrs_1/imports/ucf/clock_constraints.tcl:39]
Resolution: A valid end point is a data pin of a sequential cell or a primary output or inout port. Please validate that all the objects returned by your query belong to this list.
WARNING: [Constraints 18-401] set_max_delay: 'strip_imp/write_data[0]_i_8' is not a valid endpoint. [/home/rrivera/ots/srcs/otsdaq-firmware/cactus/projects/ftbf/kc705_strip_module/top/top.srcs/constrs_1/imports/ucf/clock_constraints.tcl:39]
Resolution: A valid end point is a data pin of a sequential cell or a primary output or inout port. Please validate that all the objects returned by your query belong to this list.
WARNING: [Constraints 18-401] set_max_delay: 'strip_imp/write_data[0]_i_7' is not a valid endpoint. [/home/rrivera/ots/srcs/otsdaq-firmware/cactus/projects/ftbf/kc705_strip_module/top/top.srcs/constrs_1/imports/ucf/clock_constraints.tcl:39]
Resolution: A valid end point is a data pin of a sequential cell or a primary output or inout port. Please validate that all the objects returned by your query belong to this list.
WARNING: [Constraints 18-401] set_max_delay: 'strip_imp/write_data[0]_i_6' is not a valid endpoint. [/home/rrivera/ots/srcs/otsdaq-firmware/cactus/projects/ftbf/kc705_strip_module/top/top.srcs/constrs_1/imports/ucf/clock_constraints.tcl:39]
Resolution: A valid end point is a data pin of a sequential cell or a primary output or inout port. Please validate that all the objects returned by your query belong to this list.
WARNING: [Constraints 18-401] set_max_delay: 'strip_imp/write_data[0]_i_5' is not a valid endpoint. [/home/rrivera/ots/srcs/otsdaq-firmware/cactus/projects/ftbf/kc705_strip_module/top/top.srcs/constrs_1/imports/ucf/clock_constraints.tcl:39]
Resolution: A valid end point is a data pin of a sequential cell or a primary output or inout port. Please validate that all the objects returned by your query belong to this list.
WARNING: [Constraints 18-401] set_max_delay: 'strip_imp/write_data[0]_i_4' is not a valid endpoint. [/home/rrivera/ots/srcs/otsdaq-firmware/cactus/projects/ftbf/kc705_strip_module/top/top.srcs/constrs_1/imports/ucf/clock_constraints.tcl:39]
Resolution: A valid end point is a data pin of a sequential cell or a primary output or inout port. Please validate that all the objects returned by your query belong to this list.
WARNING: [Constraints 18-401] set_max_delay: 'strip_imp/write_data[0]_i_33' is not a valid endpoint. [/home/rrivera/ots/srcs/otsdaq-firmware/cactus/projects/ftbf/kc705_strip_module/top/top.srcs/constrs_1/imports/ucf/clock_constraints.tcl:39]
Resolution: A valid end point is a data pin of a sequential cell or a primary output or inout port. Please validate that all the objects returned by your query belong to this list.
WARNING: [Constraints 18-401] set_max_delay: 'strip_imp/write_data[0]_i_32' is not a valid endpoint. [/home/rrivera/ots/srcs/otsdaq-firmware/cactus/projects/ftbf/kc705_strip_module/top/top.srcs/constrs_1/imports/ucf/clock_constraints.tcl:39]
Resolution: A valid end point is a data pin of a sequential cell or a primary output or inout port. Please validate that all the objects returned by your query belong to this list.
WARNING: [Constraints 18-401] set_max_delay: 'strip_imp/write_data[0]_i_31' is not a valid endpoint. [/home/rrivera/ots/srcs/otsdaq-firmware/cactus/projects/ftbf/kc705_strip_module/top/top.srcs/constrs_1/imports/ucf/clock_constraints.tcl:39]
Resolution: A valid end point is a data pin of a sequential cell or a primary output or inout port. Please validate that all the objects returned by your query belong to this list.
WARNING: [Constraints 18-401] set_max_delay: 'strip_imp/write_data[0]_i_30' is not a valid endpoint. [/home/rrivera/ots/srcs/otsdaq-firmware/cactus/projects/ftbf/kc705_strip_module/top/top.srcs/constrs_1/imports/ucf/clock_constraints.tcl:39]
Resolution: A valid end point is a data pin of a sequential cell or a primary output or inout port. Please validate that all the objects returned by your query belong to this list.
WARNING: [Constraints 18-401] set_max_delay: 'strip_imp/write_data[0]_i_3' is not a valid endpoint. [/home/rrivera/ots/srcs/otsdaq-firmware/cactus/projects/ftbf/kc705_strip_module/top/top.srcs/constrs_1/imports/ucf/clock_constraints.tcl:39]
Resolution: A valid end point is a data pin of a sequential cell or a primary output or inout port. Please validate that all the objects returned by your query belong to this list.
WARNING: [Constraints 18-401] set_max_delay: 'strip_imp/write_data[0]_i_29' is not a valid endpoint. [/home/rrivera/ots/srcs/otsdaq-firmware/cactus/projects/ftbf/kc705_strip_module/top/top.srcs/constrs_1/imports/ucf/clock_constraints.tcl:39]
Resolution: A valid end point is a data pin of a sequential cell or a primary output or inout port. Please validate that all the objects returned by your query belong to this list.
WARNING: [Constraints 18-401] set_max_delay: 'strip_imp/write_data[0]_i_28' is not a valid endpoint. [/home/rrivera/ots/srcs/otsdaq-firmware/cactus/projects/ftbf/kc705_strip_module/top/top.srcs/constrs_1/imports/ucf/clock_constraints.tcl:39]
Resolution: A valid end point is a data pin of a sequential cell or a primary output or inout port. Please validate that all the objects returned by your query belong to this list.
WARNING: [Constraints 18-401] set_max_delay: 'strip_imp/write_data[0]_i_27' is not a valid endpoint. [/home/rrivera/ots/srcs/otsdaq-firmware/cactus/projects/ftbf/kc705_strip_module/top/top.srcs/constrs_1/imports/ucf/clock_constraints.tcl:39]
Resolution: A valid end point is a data pin of a sequential cell or a primary output or inout port. Please validate that all the objects returned by your query belong to this list.
WARNING: [Constraints 18-401] set_max_delay: 'strip_imp/write_data[0]_i_26' is not a valid endpoint. [/home/rrivera/ots/srcs/otsdaq-firmware/cactus/projects/ftbf/kc705_strip_module/top/top.srcs/constrs_1/imports/ucf/clock_constraints.tcl:39]
Resolution: A valid end point is a data pin of a sequential cell or a primary output or inout port. Please validate that all the objects returned by your query belong to this list.
WARNING: [Constraints 18-401] set_max_delay: 'strip_imp/write_data[0]_i_25' is not a valid endpoint. [/home/rrivera/ots/srcs/otsdaq-firmware/cactus/projects/ftbf/kc705_strip_module/top/top.srcs/constrs_1/imports/ucf/clock_constraints.tcl:39]
Resolution: A valid end point is a data pin of a sequential cell or a primary output or inout port. Please validate that all the objects returned by your query belong to this list.
WARNING: [Constraints 18-401] set_max_delay: 'strip_imp/write_data[0]_i_24' is not a valid endpoint. [/home/rrivera/ots/srcs/otsdaq-firmware/cactus/projects/ftbf/kc705_strip_module/top/top.srcs/constrs_1/imports/ucf/clock_constraints.tcl:39]
Resolution: A valid end point is a data pin of a sequential cell or a primary output or inout port. Please validate that all the objects returned by your query belong to this list.
WARNING: [Constraints 18-401] set_max_delay: 'strip_imp/write_data[0]_i_23' is not a valid endpoint. [/home/rrivera/ots/srcs/otsdaq-firmware/cactus/projects/ftbf/kc705_strip_module/top/top.srcs/constrs_1/imports/ucf/clock_constraints.tcl:39]
Resolution: A valid end point is a data pin of a sequential cell or a primary output or inout port. Please validate that all the objects returned by your query belong to this list.
WARNING: [Constraints 18-401] set_max_delay: 'strip_imp/write_data[0]_i_22' is not a valid endpoint. [/home/rrivera/ots/srcs/otsdaq-firmware/cactus/projects/ftbf/kc705_strip_module/top/top.srcs/constrs_1/imports/ucf/clock_constraints.tcl:39]
Resolution: A valid end point is a data pin of a sequential cell or a primary output or inout port. Please validate that all the objects returned by your query belong to this list.
WARNING: [Constraints 18-401] set_max_delay: 'strip_imp/write_data[0]_i_21' is not a valid endpoint. [/home/rrivera/ots/srcs/otsdaq-firmware/cactus/projects/ftbf/kc705_strip_module/top/top.srcs/constrs_1/imports/ucf/clock_constraints.tcl:39]
Resolution: A valid end point is a data pin of a sequential cell or a primary output or inout port. Please validate that all the objects returned by your query belong to this list.
WARNING: [Constraints 18-401] set_max_delay: 'strip_imp/write_data[0]_i_20' is not a valid endpoint. [/home/rrivera/ots/srcs/otsdaq-firmware/cactus/projects/ftbf/kc705_strip_module/top/top.srcs/constrs_1/imports/ucf/clock_constraints.tcl:39]
Resolution: A valid end point is a data pin of a sequential cell or a primary output or inout port. Please validate that all the objects returned by your query belong to this list.
WARNING: [Constraints 18-401] set_max_delay: 'strip_imp/write_data[0]_i_2' is not a valid endpoint. [/home/rrivera/ots/srcs/otsdaq-firmware/cactus/projects/ftbf/kc705_strip_module/top/top.srcs/constrs_1/imports/ucf/clock_constraints.tcl:39]
Resolution: A valid end point is a data pin of a sequential cell or a primary output or inout port. Please validate that all the objects returned by your query belong to this list.
WARNING: [Constraints 18-401] set_max_delay: 'strip_imp/write_data[0]_i_19' is not a valid endpoint. [/home/rrivera/ots/srcs/otsdaq-firmware/cactus/projects/ftbf/kc705_strip_module/top/top.srcs/constrs_1/imports/ucf/clock_constraints.tcl:39]
Resolution: A valid end point is a data pin of a sequential cell or a primary output or inout port. Please validate that all the objects returned by your query belong to this list.
WARNING: [Constraints 18-401] set_max_delay: 'strip_imp/write_data[0]_i_18' is not a valid endpoint. [/home/rrivera/ots/srcs/otsdaq-firmware/cactus/projects/ftbf/kc705_strip_module/top/top.srcs/constrs_1/imports/ucf/clock_constraints.tcl:39]
Resolution: A valid end point is a data pin of a sequential cell or a primary output or inout port. Please validate that all the objects returned by your query belong to this list.
WARNING: [Constraints 18-401] set_max_delay: 'strip_imp/write_data[0]_i_17' is not a valid endpoint. [/home/rrivera/ots/srcs/otsdaq-firmware/cactus/projects/ftbf/kc705_strip_module/top/top.srcs/constrs_1/imports/ucf/clock_constraints.tcl:39]
Resolution: A valid end point is a data pin of a sequential cell or a primary output or inout port. Please validate that all the objects returned by your query belong to this list.
WARNING: [Constraints 18-401] set_max_delay: 'strip_imp/write_data[0]_i_16' is not a valid endpoint. [/home/rrivera/ots/srcs/otsdaq-firmware/cactus/projects/ftbf/kc705_strip_module/top/top.srcs/constrs_1/imports/ucf/clock_constraints.tcl:39]
Resolution: A valid end point is a data pin of a sequential cell or a primary output or inout port. Please validate that all the objects returned by your query belong to this list.
WARNING: [Constraints 18-401] set_max_delay: 'strip_imp/write_data[0]_i_15' is not a valid endpoint. [/home/rrivera/ots/srcs/otsdaq-firmware/cactus/projects/ftbf/kc705_strip_module/top/top.srcs/constrs_1/imports/ucf/clock_constraints.tcl:39]
Resolution: A valid end point is a data pin of a sequential cell or a primary output or inout port. Please validate that all the objects returned by your query belong to this list.
WARNING: [Constraints 18-401] set_max_delay: 'strip_imp/write_data[0]_i_14' is not a valid endpoint. [/home/rrivera/ots/srcs/otsdaq-firmware/cactus/projects/ftbf/kc705_strip_module/top/top.srcs/constrs_1/imports/ucf/clock_constraints.tcl:39]
Resolution: A valid end point is a data pin of a sequential cell or a primary output or inout port. Please validate that all the objects returned by your query belong to this list.
WARNING: [Constraints 18-401] set_max_delay: 'strip_imp/write_data[0]_i_13' is not a valid endpoint. [/home/rrivera/ots/srcs/otsdaq-firmware/cactus/projects/ftbf/kc705_strip_module/top/top.srcs/constrs_1/imports/ucf/clock_constraints.tcl:39]
Resolution: A valid end point is a data pin of a sequential cell or a primary output or inout port. Please validate that all the objects returned by your query belong to this list.
WARNING: [Constraints 18-401] set_max_delay: 'strip_imp/write_data[0]_i_12' is not a valid endpoint. [/home/rrivera/ots/srcs/otsdaq-firmware/cactus/projects/ftbf/kc705_strip_module/top/top.srcs/constrs_1/imports/ucf/clock_constraints.tcl:39]
Resolution: A valid end point is a data pin of a sequential cell or a primary output or inout port. Please validate that all the objects returned by your query belong to this list.
WARNING: [Constraints 18-401] set_max_delay: 'strip_imp/write_data[0]_i_11' is not a valid endpoint. [/home/rrivera/ots/srcs/otsdaq-firmware/cactus/projects/ftbf/kc705_strip_module/top/top.srcs/constrs_1/imports/ucf/clock_constraints.tcl:39]
Resolution: A valid end point is a data pin of a sequential cell or a primary output or inout port. Please validate that all the objects returned by your query belong to this list.
WARNING: [Constraints 18-401] set_max_delay: 'strip_imp/write_data[0]_i_10' is not a valid endpoint. [/home/rrivera/ots/srcs/otsdaq-firmware/cactus/projects/ftbf/kc705_strip_module/top/top.srcs/constrs_1/imports/ucf/clock_constraints.tcl:39]
Resolution: A valid end point is a data pin of a sequential cell or a primary output or inout port. Please validate that all the objects returned by your query belong to this list.
WARNING: [Constraints 18-401] set_max_delay: 'strip_imp/write_data[0]_i_1' is not a valid endpoint. [/home/rrivera/ots/srcs/otsdaq-firmware/cactus/projects/ftbf/kc705_strip_module/top/top.srcs/constrs_1/imports/ucf/clock_constraints.tcl:39]
Resolution: A valid end point is a data pin of a sequential cell or a primary output or inout port. Please validate that all the objects returned by your query belong to this list.
WARNING: [Constraints 18-401] set_max_delay: 'strip_imp/write_data[17]_i_9' is not a valid endpoint. [/home/rrivera/ots/srcs/otsdaq-firmware/cactus/projects/ftbf/kc705_strip_module/top/top.srcs/constrs_1/imports/ucf/clock_constraints.tcl:39]
Resolution: A valid end point is a data pin of a sequential cell or a primary output or inout port. Please validate that all the objects returned by your query belong to this list.
WARNING: [Constraints 18-401] set_max_delay: 'strip_imp/write_data[17]_i_8' is not a valid endpoint. [/home/rrivera/ots/srcs/otsdaq-firmware/cactus/projects/ftbf/kc705_strip_module/top/top.srcs/constrs_1/imports/ucf/clock_constraints.tcl:39]
Resolution: A valid end point is a data pin of a sequential cell or a primary output or inout port. Please validate that all the objects returned by your query belong to this list.
WARNING: [Constraints 18-401] set_max_delay: 'strip_imp/write_data[17]_i_7' is not a valid endpoint. [/home/rrivera/ots/srcs/otsdaq-firmware/cactus/projects/ftbf/kc705_strip_module/top/top.srcs/constrs_1/imports/ucf/clock_constraints.tcl:39]
Resolution: A valid end point is a data pin of a sequential cell or a primary output or inout port. Please validate that all the objects returned by your query belong to this list.
WARNING: [Constraints 18-401] set_max_delay: 'strip_imp/write_data[17]_i_6' is not a valid endpoint. [/home/rrivera/ots/srcs/otsdaq-firmware/cactus/projects/ftbf/kc705_strip_module/top/top.srcs/constrs_1/imports/ucf/clock_constraints.tcl:39]
Resolution: A valid end point is a data pin of a sequential cell or a primary output or inout port. Please validate that all the objects returned by your query belong to this list.
WARNING: [Constraints 18-401] set_max_delay: 'strip_imp/write_data[17]_i_5' is not a valid endpoint. [/home/rrivera/ots/srcs/otsdaq-firmware/cactus/projects/ftbf/kc705_strip_module/top/top.srcs/constrs_1/imports/ucf/clock_constraints.tcl:39]
Resolution: A valid end point is a data pin of a sequential cell or a primary output or inout port. Please validate that all the objects returned by your query belong to this list.
WARNING: [Constraints 18-401] set_max_delay: 'strip_imp/write_data[17]_i_4' is not a valid endpoint. [/home/rrivera/ots/srcs/otsdaq-firmware/cactus/projects/ftbf/kc705_strip_module/top/top.srcs/constrs_1/imports/ucf/clock_constraints.tcl:39]
Resolution: A valid end point is a data pin of a sequential cell or a primary output or inout port. Please validate that all the objects returned by your query belong to this list.
WARNING: [Constraints 18-401] set_max_delay: 'strip_imp/write_data[17]_i_31' is not a valid endpoint. [/home/rrivera/ots/srcs/otsdaq-firmware/cactus/projects/ftbf/kc705_strip_module/top/top.srcs/constrs_1/imports/ucf/clock_constraints.tcl:39]
Resolution: A valid end point is a data pin of a sequential cell or a primary output or inout port. Please validate that all the objects returned by your query belong to this list.
WARNING: [Constraints 18-401] set_max_delay: 'strip_imp/write_data[17]_i_30' is not a valid endpoint. [/home/rrivera/ots/srcs/otsdaq-firmware/cactus/projects/ftbf/kc705_strip_module/top/top.srcs/constrs_1/imports/ucf/clock_constraints.tcl:39]
Resolution: A valid end point is a data pin of a sequential cell or a primary output or inout port. Please validate that all the objects returned by your query belong to this list.
WARNING: [Constraints 18-401] set_max_delay: 'strip_imp/write_data[17]_i_3' is not a valid endpoint. [/home/rrivera/ots/srcs/otsdaq-firmware/cactus/projects/ftbf/kc705_strip_module/top/top.srcs/constrs_1/imports/ucf/clock_constraints.tcl:39]
Resolution: A valid end point is a data pin of a sequential cell or a primary output or inout port. Please validate that all the objects returned by your query belong to this list.
WARNING: [Constraints 18-401] set_max_delay: 'strip_imp/write_data[17]_i_29' is not a valid endpoint. [/home/rrivera/ots/srcs/otsdaq-firmware/cactus/projects/ftbf/kc705_strip_module/top/top.srcs/constrs_1/imports/ucf/clock_constraints.tcl:39]
Resolution: A valid end point is a data pin of a sequential cell or a primary output or inout port. Please validate that all the objects returned by your query belong to this list.
INFO: [Common 17-14] Message 'Constraints 18-401' appears 100 times and further instances of the messages will be disabled. Use the Tcl command set_msg_config to change the current settings. [/home/rrivera/ots/srcs/otsdaq-firmware/cactus/projects/ftbf/kc705_strip_module/top/top.srcs/constrs_1/imports/ucf/clock_constraints.tcl:39]
WARNING: [Constraints 18-402] set_max_delay: 'eth_interface/data_manager_blk/RAM_COMM_DEC/ram_wdata[63]_i_1' is not a valid startpoint. [/home/rrivera/ots/srcs/otsdaq-firmware/cactus/projects/ftbf/kc705_strip_module/top/top.srcs/constrs_1/imports/ucf/clock_constraints.tcl:41]
Resolution: A valid start point is a main or generated clock pin or port, a clock pin of a sequential cell, or a primary input or inout port. Please validate that all the objects returned by your query belong to this list.
WARNING: [Constraints 18-402] set_max_delay: 'strip_imp/G[0].chipserdes0_imp/DOUT[31]_i_1' is not a valid startpoint. [/home/rrivera/ots/srcs/otsdaq-firmware/cactus/projects/ftbf/kc705_strip_module/top/top.srcs/constrs_1/imports/ucf/clock_constraints.tcl:50]
Resolution: A valid start point is a main or generated clock pin or port, a clock pin of a sequential cell, or a primary input or inout port. Please validate that all the objects returned by your query belong to this list.
WARNING: [Constraints 18-402] set_max_delay: 'strip_imp/G[0].chipserdes1_imp/DOUT[31]_i_1' is not a valid startpoint. [/home/rrivera/ots/srcs/otsdaq-firmware/cactus/projects/ftbf/kc705_strip_module/top/top.srcs/constrs_1/imports/ucf/clock_constraints.tcl:50]
Resolution: A valid start point is a main or generated clock pin or port, a clock pin of a sequential cell, or a primary input or inout port. Please validate that all the objects returned by your query belong to this list.
WARNING: [Constraints 18-402] set_max_delay: 'strip_imp/G[0].chipserdes2_imp/DOUT[31]_i_1' is not a valid startpoint. [/home/rrivera/ots/srcs/otsdaq-firmware/cactus/projects/ftbf/kc705_strip_module/top/top.srcs/constrs_1/imports/ucf/clock_constraints.tcl:50]
Resolution: A valid start point is a main or generated clock pin or port, a clock pin of a sequential cell, or a primary input or inout port. Please validate that all the objects returned by your query belong to this list.
WARNING: [Constraints 18-402] set_max_delay: 'strip_imp/G[0].chipserdes3_imp/DOUT[31]_i_1' is not a valid startpoint. [/home/rrivera/ots/srcs/otsdaq-firmware/cactus/projects/ftbf/kc705_strip_module/top/top.srcs/constrs_1/imports/ucf/clock_constraints.tcl:50]
Resolution: A valid start point is a main or generated clock pin or port, a clock pin of a sequential cell, or a primary input or inout port. Please validate that all the objects returned by your query belong to this list.
WARNING: [Constraints 18-402] set_max_delay: 'strip_imp/G[0].chipserdes4_imp/DOUT[31]_i_1' is not a valid startpoint. [/home/rrivera/ots/srcs/otsdaq-firmware/cactus/projects/ftbf/kc705_strip_module/top/top.srcs/constrs_1/imports/ucf/clock_constraints.tcl:50]
Resolution: A valid start point is a main or generated clock pin or port, a clock pin of a sequential cell, or a primary input or inout port. Please validate that all the objects returned by your query belong to this list.
WARNING: [Constraints 18-402] set_max_delay: 'strip_imp/G[1].chipserdes0_imp/DOUT[31]_i_1' is not a valid startpoint. [/home/rrivera/ots/srcs/otsdaq-firmware/cactus/projects/ftbf/kc705_strip_module/top/top.srcs/constrs_1/imports/ucf/clock_constraints.tcl:50]
Resolution: A valid start point is a main or generated clock pin or port, a clock pin of a sequential cell, or a primary input or inout port. Please validate that all the objects returned by your query belong to this list.
WARNING: [Constraints 18-402] set_max_delay: 'strip_imp/G[1].chipserdes1_imp/DOUT[31]_i_1' is not a valid startpoint. [/home/rrivera/ots/srcs/otsdaq-firmware/cactus/projects/ftbf/kc705_strip_module/top/top.srcs/constrs_1/imports/ucf/clock_constraints.tcl:50]
Resolution: A valid start point is a main or generated clock pin or port, a clock pin of a sequential cell, or a primary input or inout port. Please validate that all the objects returned by your query belong to this list.
WARNING: [Constraints 18-402] set_max_delay: 'strip_imp/G[1].chipserdes2_imp/DOUT[31]_i_1' is not a valid startpoint. [/home/rrivera/ots/srcs/otsdaq-firmware/cactus/projects/ftbf/kc705_strip_module/top/top.srcs/constrs_1/imports/ucf/clock_constraints.tcl:50]
Resolution: A valid start point is a main or generated clock pin or port, a clock pin of a sequential cell, or a primary input or inout port. Please validate that all the objects returned by your query belong to this list.
WARNING: [Constraints 18-402] set_max_delay: 'strip_imp/G[1].chipserdes3_imp/DOUT[31]_i_1' is not a valid startpoint. [/home/rrivera/ots/srcs/otsdaq-firmware/cactus/projects/ftbf/kc705_strip_module/top/top.srcs/constrs_1/imports/ucf/clock_constraints.tcl:50]
Resolution: A valid start point is a main or generated clock pin or port, a clock pin of a sequential cell, or a primary input or inout port. Please validate that all the objects returned by your query belong to this list.
WARNING: [Constraints 18-402] set_max_delay: 'strip_imp/G[1].chipserdes4_imp/DOUT[31]_i_1' is not a valid startpoint. [/home/rrivera/ots/srcs/otsdaq-firmware/cactus/projects/ftbf/kc705_strip_module/top/top.srcs/constrs_1/imports/ucf/clock_constraints.tcl:50]
Resolution: A valid start point is a main or generated clock pin or port, a clock pin of a sequential cell, or a primary input or inout port. Please validate that all the objects returned by your query belong to this list.
Finished Sourcing Tcl File [/home/rrivera/ots/srcs/otsdaq-firmware/cactus/projects/ftbf/kc705_strip_module/top/top.srcs/constrs_1/imports/ucf/clock_constraints.tcl]
Sourcing Tcl File [/home/rrivera/ots/srcs/otsdaq-firmware/cactus/projects/ftbf/kc705_strip_module/top/top.srcs/constrs_1/imports/ucf/pins_kc705.tcl]
Finished Sourcing Tcl File [/home/rrivera/ots/srcs/otsdaq-firmware/cactus/projects/ftbf/kc705_strip_module/top/top.srcs/constrs_1/imports/ucf/pins_kc705.tcl]
Sourcing Tcl File [/home/rrivera/ots/srcs/otsdaq-firmware/cactus/projects/ftbf/kc705_strip_module/top/top.srcs/constrs_1/imports/ucf/pins.tcl]
Finished Sourcing Tcl File [/home/rrivera/ots/srcs/otsdaq-firmware/cactus/projects/ftbf/kc705_strip_module/top/top.srcs/constrs_1/imports/ucf/pins.tcl]
Parsing XDC File [/home/rrivera/ots/srcs/otsdaq-firmware/cactus/projects/ftbf/kc705_strip_module/top/top.srcs/constrs_1/new/top.xdc]
Finished Parsing XDC File [/home/rrivera/ots/srcs/otsdaq-firmware/cactus/projects/ftbf/kc705_strip_module/top/top.srcs/constrs_1/new/top.xdc]
INFO: [Project 1-538] Using original IP XDC constraints instead of the XDC constraints in dcp '/home/rrivera/ots/srcs/otsdaq-firmware/cactus/projects/ftbf/kc705_strip_module/top/top.runs/packetfifo_synth_1/packetfifo.dcp'
INFO: [Project 1-538] Using original IP XDC constraints instead of the XDC constraints in dcp '/home/rrivera/ots/srcs/otsdaq-firmware/cactus/projects/ftbf/kc705_strip_module/top/top.runs/streamipbuf_synth_1/streamipbuf.dcp'
INFO: [Project 1-538] Using original IP XDC constraints instead of the XDC constraints in dcp '/home/rrivera/ots/srcs/otsdaq-firmware/cactus/projects/ftbf/kc705_strip_module/top/top.runs/strips_mclk_mmcm_synth_1/strips_mclk_mmcm.dcp'
INFO: [Project 1-538] Using original IP XDC constraints instead of the XDC constraints in dcp '/home/rrivera/ots/srcs/otsdaq-firmware/cactus/projects/ftbf/kc705_strip_module/top/top.runs/chip_fifo_synth_1/chip_fifo.dcp'
INFO: [Project 1-538] Using original IP XDC constraints instead of the XDC constraints in dcp '/home/rrivera/ots/srcs/otsdaq-firmware/cactus/projects/ftbf/kc705_strip_module/top/top.runs/chip_fifo_synth_1/chip_fifo.dcp'
INFO: [Project 1-538] Using original IP XDC constraints instead of the XDC constraints in dcp '/home/rrivera/ots/srcs/otsdaq-firmware/cactus/projects/ftbf/kc705_strip_module/top/top.runs/chip_fifo_synth_1/chip_fifo.dcp'
INFO: [Project 1-538] Using original IP XDC constraints instead of the XDC constraints in dcp '/home/rrivera/ots/srcs/otsdaq-firmware/cactus/projects/ftbf/kc705_strip_module/top/top.runs/chip_fifo_synth_1/chip_fifo.dcp'
INFO: [Project 1-538] Using original IP XDC constraints instead of the XDC constraints in dcp '/home/rrivera/ots/srcs/otsdaq-firmware/cactus/projects/ftbf/kc705_strip_module/top/top.runs/chip_fifo_synth_1/chip_fifo.dcp'
INFO: [Project 1-538] Using original IP XDC constraints instead of the XDC constraints in dcp '/home/rrivera/ots/srcs/otsdaq-firmware/cactus/projects/ftbf/kc705_strip_module/top/top.runs/chip_fifo_synth_1/chip_fifo.dcp'
INFO: [Project 1-538] Using original IP XDC constraints instead of the XDC constraints in dcp '/home/rrivera/ots/srcs/otsdaq-firmware/cactus/projects/ftbf/kc705_strip_module/top/top.runs/chip_fifo_synth_1/chip_fifo.dcp'
INFO: [Project 1-538] Using original IP XDC constraints instead of the XDC constraints in dcp '/home/rrivera/ots/srcs/otsdaq-firmware/cactus/projects/ftbf/kc705_strip_module/top/top.runs/chip_fifo_synth_1/chip_fifo.dcp'
INFO: [Project 1-538] Using original IP XDC constraints instead of the XDC constraints in dcp '/home/rrivera/ots/srcs/otsdaq-firmware/cactus/projects/ftbf/kc705_strip_module/top/top.runs/trigbuf_synth_1/trigbuf.dcp'
INFO: [Project 1-538] Using original IP XDC constraints instead of the XDC constraints in dcp '/home/rrivera/ots/srcs/otsdaq-firmware/cactus/projects/ftbf/kc705_strip_module/top/top.runs/trigbuf_synth_1/trigbuf.dcp'
Parsing XDC File [/home/rrivera/ots/srcs/otsdaq-firmware/cactus/projects/ftbf/kc705_strip_module/top/top.srcs/sources_1/ip/streamipbuf/streamipbuf/streamipbuf_clocks.xdc] for cell 'strip_imp/stripstream_imp/streamipbuf_imp/U0'
Finished Parsing XDC File [/home/rrivera/ots/srcs/otsdaq-firmware/cactus/projects/ftbf/kc705_strip_module/top/top.srcs/sources_1/ip/streamipbuf/streamipbuf/streamipbuf_clocks.xdc] for cell 'strip_imp/stripstream_imp/streamipbuf_imp/U0'
Parsing XDC File [/home/rrivera/ots/srcs/otsdaq-firmware/cactus/projects/ftbf/kc705_strip_module/top/top.srcs/sources_1/ip/chip_fifo/chip_fifo/chip_fifo_clocks.xdc] for cell 'strip_imp/G[0].strip_fifo_imp/fifo_imp/U0'
Finished Parsing XDC File [/home/rrivera/ots/srcs/otsdaq-firmware/cactus/projects/ftbf/kc705_strip_module/top/top.srcs/sources_1/ip/chip_fifo/chip_fifo/chip_fifo_clocks.xdc] for cell 'strip_imp/G[0].strip_fifo_imp/fifo_imp/U0'
Parsing XDC File [/home/rrivera/ots/srcs/otsdaq-firmware/cactus/projects/ftbf/kc705_strip_module/top/top.srcs/sources_1/ip/chip_fifo/chip_fifo/chip_fifo_clocks.xdc] for cell 'strip_imp/G[1].strip_fifo_imp/fifo_imp/U0'
Finished Parsing XDC File [/home/rrivera/ots/srcs/otsdaq-firmware/cactus/projects/ftbf/kc705_strip_module/top/top.srcs/sources_1/ip/chip_fifo/chip_fifo/chip_fifo_clocks.xdc] for cell 'strip_imp/G[1].strip_fifo_imp/fifo_imp/U0'
Parsing XDC File [/home/rrivera/ots/srcs/otsdaq-firmware/cactus/projects/ftbf/kc705_strip_module/top/top.srcs/sources_1/ip/chip_fifo/chip_fifo/chip_fifo_clocks.xdc] for cell 'strip_imp/trigprim0_imp/fifo_imp/U0'
Finished Parsing XDC File [/home/rrivera/ots/srcs/otsdaq-firmware/cactus/projects/ftbf/kc705_strip_module/top/top.srcs/sources_1/ip/chip_fifo/chip_fifo/chip_fifo_clocks.xdc] for cell 'strip_imp/trigprim0_imp/fifo_imp/U0'
Parsing XDC File [/home/rrivera/ots/srcs/otsdaq-firmware/cactus/projects/ftbf/kc705_strip_module/top/top.srcs/sources_1/ip/chip_fifo/chip_fifo/chip_fifo_clocks.xdc] for cell 'strip_imp/trigprim1_imp/fifo_imp/U0'
Finished Parsing XDC File [/home/rrivera/ots/srcs/otsdaq-firmware/cactus/projects/ftbf/kc705_strip_module/top/top.srcs/sources_1/ip/chip_fifo/chip_fifo/chip_fifo_clocks.xdc] for cell 'strip_imp/trigprim1_imp/fifo_imp/U0'
Parsing XDC File [/home/rrivera/ots/srcs/otsdaq-firmware/cactus/projects/ftbf/kc705_strip_module/top/top.srcs/sources_1/ip/chip_fifo/chip_fifo/chip_fifo_clocks.xdc] for cell 'strip_imp/trigprim2_imp/fifo_imp/U0'
Finished Parsing XDC File [/home/rrivera/ots/srcs/otsdaq-firmware/cactus/projects/ftbf/kc705_strip_module/top/top.srcs/sources_1/ip/chip_fifo/chip_fifo/chip_fifo_clocks.xdc] for cell 'strip_imp/trigprim2_imp/fifo_imp/U0'
Parsing XDC File [/home/rrivera/ots/srcs/otsdaq-firmware/cactus/projects/ftbf/kc705_strip_module/top/top.srcs/sources_1/ip/chip_fifo/chip_fifo/chip_fifo_clocks.xdc] for cell 'strip_imp/trigprim3_imp/fifo_imp/U0'
Finished Parsing XDC File [/home/rrivera/ots/srcs/otsdaq-firmware/cactus/projects/ftbf/kc705_strip_module/top/top.srcs/sources_1/ip/chip_fifo/chip_fifo/chip_fifo_clocks.xdc] for cell 'strip_imp/trigprim3_imp/fifo_imp/U0'
Parsing XDC File [/home/rrivera/ots/srcs/otsdaq-firmware/cactus/projects/ftbf/kc705_strip_module/top/top.srcs/sources_1/ip/chip_fifo/chip_fifo/chip_fifo_clocks.xdc] for cell 'strip_imp/trigproc_imp/fifo_imp/U0'
Finished Parsing XDC File [/home/rrivera/ots/srcs/otsdaq-firmware/cactus/projects/ftbf/kc705_strip_module/top/top.srcs/sources_1/ip/chip_fifo/chip_fifo/chip_fifo_clocks.xdc] for cell 'strip_imp/trigproc_imp/fifo_imp/U0'
Parsing XDC File [/home/rrivera/ots/srcs/otsdaq-firmware/cactus/projects/ftbf/kc705_strip_module/top/top.srcs/sources_1/ip/chip_fifo/chip_fifo/chip_fifo_clocks.xdc] for cell 'stackGen[0].fifo_imp/U0'
Finished Parsing XDC File [/home/rrivera/ots/srcs/otsdaq-firmware/cactus/projects/ftbf/kc705_strip_module/top/top.srcs/sources_1/ip/chip_fifo/chip_fifo/chip_fifo_clocks.xdc] for cell 'stackGen[0].fifo_imp/U0'
INFO: [Opt 31-138] Pushed 0 inverter(s) to 0 load pin(s).
INFO: [Project 1-111] Unisim Transformation Summary:
No Unisim elements were transformed.

link_design: Time (s): cpu = 00:00:20 ; elapsed = 00:00:19 . Memory (MB): peak = 1899.516 ; gain = 921.234 ; free physical = 16750 ; free virtual = 56190
Command: opt_design
Attempting to get a license for feature 'Implementation' and/or device 'xc7k325t'
INFO: [Common 17-349] Got license for feature 'Implementation' and/or device 'xc7k325t'
INFO: [Common 17-1223] The version limit for your license is '2018.05' and will expire in -295 days. A version limit expiration means that, although you may be able to continue to use the current version of tools or IP with this license, you will not be eligible for any updates or new releases.
Running DRC as a precondition to command opt_design

Starting DRC Task
INFO: [DRC 23-27] Running DRC with 8 threads
INFO: [Project 1-461] DRC finished with 0 Errors
INFO: [Project 1-462] Please refer to the DRC report (report_drc) for more information.

Time (s): cpu = 00:00:00.22 ; elapsed = 00:00:00.21 . Memory (MB): peak = 1916.547 ; gain = 7.027 ; free physical = 16748 ; free virtual = 56188
WARNING: [Constraints 18-401] set_max_delay: 'strip_imp/write_data[11]_i_30' is not a valid endpoint. [/home/rrivera/ots/srcs/otsdaq-firmware/cactus/projects/ftbf/kc705_strip_module/top/top.srcs/constrs_1/imports/ucf/clock_constraints.tcl:39]
Resolution: A valid end point is a data pin of a sequential cell or a primary output or inout port. Please validate that all the objects returned by your query belong to this list.
WARNING: [Constraints 18-401] set_max_delay: 'strip_imp/write_data[11]_i_3' is not a valid endpoint. [/home/rrivera/ots/srcs/otsdaq-firmware/cactus/projects/ftbf/kc705_strip_module/top/top.srcs/constrs_1/imports/ucf/clock_constraints.tcl:39]
Resolution: A valid end point is a data pin of a sequential cell or a primary output or inout port. Please validate that all the objects returned by your query belong to this list.
WARNING: [Constraints 18-401] set_max_delay: 'strip_imp/write_data[11]_i_29' is not a valid endpoint. [/home/rrivera/ots/srcs/otsdaq-firmware/cactus/projects/ftbf/kc705_strip_module/top/top.srcs/constrs_1/imports/ucf/clock_constraints.tcl:39]
Resolution: A valid end point is a data pin of a sequential cell or a primary output or inout port. Please validate that all the objects returned by your query belong to this list.
WARNING: [Constraints 18-401] set_max_delay: 'strip_imp/write_data[11]_i_28' is not a valid endpoint. [/home/rrivera/ots/srcs/otsdaq-firmware/cactus/projects/ftbf/kc705_strip_module/top/top.srcs/constrs_1/imports/ucf/clock_constraints.tcl:39]
Resolution: A valid end point is a data pin of a sequential cell or a primary output or inout port. Please validate that all the objects returned by your query belong to this list.
WARNING: [Constraints 18-401] set_max_delay: 'strip_imp/write_data[11]_i_27' is not a valid endpoint. [/home/rrivera/ots/srcs/otsdaq-firmware/cactus/projects/ftbf/kc705_strip_module/top/top.srcs/constrs_1/imports/ucf/clock_constraints.tcl:39]
Resolution: A valid end point is a data pin of a sequential cell or a primary output or inout port. Please validate that all the objects returned by your query belong to this list.
WARNING: [Constraints 18-401] set_max_delay: 'strip_imp/write_data[11]_i_26' is not a valid endpoint. [/home/rrivera/ots/srcs/otsdaq-firmware/cactus/projects/ftbf/kc705_strip_module/top/top.srcs/constrs_1/imports/ucf/clock_constraints.tcl:39]
Resolution: A valid end point is a data pin of a sequential cell or a primary output or inout port. Please validate that all the objects returned by your query belong to this list.
WARNING: [Constraints 18-401] set_max_delay: 'strip_imp/write_data[11]_i_25' is not a valid endpoint. [/home/rrivera/ots/srcs/otsdaq-firmware/cactus/projects/ftbf/kc705_strip_module/top/top.srcs/constrs_1/imports/ucf/clock_constraints.tcl:39]
Resolution: A valid end point is a data pin of a sequential cell or a primary output or inout port. Please validate that all the objects returned by your query belong to this list.
WARNING: [Constraints 18-401] set_max_delay: 'strip_imp/write_data[11]_i_24' is not a valid endpoint. [/home/rrivera/ots/srcs/otsdaq-firmware/cactus/projects/ftbf/kc705_strip_module/top/top.srcs/constrs_1/imports/ucf/clock_constraints.tcl:39]
Resolution: A valid end point is a data pin of a sequential cell or a primary output or inout port. Please validate that all the objects returned by your query belong to this list.
WARNING: [Constraints 18-401] set_max_delay: 'strip_imp/write_data[11]_i_23' is not a valid endpoint. [/home/rrivera/ots/srcs/otsdaq-firmware/cactus/projects/ftbf/kc705_strip_module/top/top.srcs/constrs_1/imports/ucf/clock_constraints.tcl:39]
Resolution: A valid end point is a data pin of a sequential cell or a primary output or inout port. Please validate that all the objects returned by your query belong to this list.
WARNING: [Constraints 18-401] set_max_delay: 'strip_imp/write_data[11]_i_22' is not a valid endpoint. [/home/rrivera/ots/srcs/otsdaq-firmware/cactus/projects/ftbf/kc705_strip_module/top/top.srcs/constrs_1/imports/ucf/clock_constraints.tcl:39]
Resolution: A valid end point is a data pin of a sequential cell or a primary output or inout port. Please validate that all the objects returned by your query belong to this list.
WARNING: [Constraints 18-401] set_max_delay: 'strip_imp/write_data[11]_i_21' is not a valid endpoint. [/home/rrivera/ots/srcs/otsdaq-firmware/cactus/projects/ftbf/kc705_strip_module/top/top.srcs/constrs_1/imports/ucf/clock_constraints.tcl:39]
Resolution: A valid end point is a data pin of a sequential cell or a primary output or inout port. Please validate that all the objects returned by your query belong to this list.
WARNING: [Constraints 18-401] set_max_delay: 'strip_imp/write_data[11]_i_20' is not a valid endpoint. [/home/rrivera/ots/srcs/otsdaq-firmware/cactus/projects/ftbf/kc705_strip_module/top/top.srcs/constrs_1/imports/ucf/clock_constraints.tcl:39]
Resolution: A valid end point is a data pin of a sequential cell or a primary output or inout port. Please validate that all the objects returned by your query belong to this list.
WARNING: [Constraints 18-401] set_max_delay: 'strip_imp/write_data[11]_i_2' is not a valid endpoint. [/home/rrivera/ots/srcs/otsdaq-firmware/cactus/projects/ftbf/kc705_strip_module/top/top.srcs/constrs_1/imports/ucf/clock_constraints.tcl:39]
Resolution: A valid end point is a data pin of a sequential cell or a primary output or inout port. Please validate that all the objects returned by your query belong to this list.
WARNING: [Constraints 18-401] set_max_delay: 'strip_imp/write_data[11]_i_19' is not a valid endpoint. [/home/rrivera/ots/srcs/otsdaq-firmware/cactus/projects/ftbf/kc705_strip_module/top/top.srcs/constrs_1/imports/ucf/clock_constraints.tcl:39]
Resolution: A valid end point is a data pin of a sequential cell or a primary output or inout port. Please validate that all the objects returned by your query belong to this list.
WARNING: [Constraints 18-401] set_max_delay: 'strip_imp/write_data[11]_i_18' is not a valid endpoint. [/home/rrivera/ots/srcs/otsdaq-firmware/cactus/projects/ftbf/kc705_strip_module/top/top.srcs/constrs_1/imports/ucf/clock_constraints.tcl:39]
Resolution: A valid end point is a data pin of a sequential cell or a primary output or inout port. Please validate that all the objects returned by your query belong to this list.
WARNING: [Constraints 18-401] set_max_delay: 'strip_imp/write_data[11]_i_17' is not a valid endpoint. [/home/rrivera/ots/srcs/otsdaq-firmware/cactus/projects/ftbf/kc705_strip_module/top/top.srcs/constrs_1/imports/ucf/clock_constraints.tcl:39]
Resolution: A valid end point is a data pin of a sequential cell or a primary output or inout port. Please validate that all the objects returned by your query belong to this list.
WARNING: [Constraints 18-401] set_max_delay: 'strip_imp/write_data[11]_i_16' is not a valid endpoint. [/home/rrivera/ots/srcs/otsdaq-firmware/cactus/projects/ftbf/kc705_strip_module/top/top.srcs/constrs_1/imports/ucf/clock_constraints.tcl:39]
Resolution: A valid end point is a data pin of a sequential cell or a primary output or inout port. Please validate that all the objects returned by your query belong to this list.
WARNING: [Constraints 18-401] set_max_delay: 'strip_imp/write_data[11]_i_15' is not a valid endpoint. [/home/rrivera/ots/srcs/otsdaq-firmware/cactus/projects/ftbf/kc705_strip_module/top/top.srcs/constrs_1/imports/ucf/clock_constraints.tcl:39]
Resolution: A valid end point is a data pin of a sequential cell or a primary output or inout port. Please validate that all the objects returned by your query belong to this list.
WARNING: [Constraints 18-401] set_max_delay: 'strip_imp/write_data[11]_i_14' is not a valid endpoint. [/home/rrivera/ots/srcs/otsdaq-firmware/cactus/projects/ftbf/kc705_strip_module/top/top.srcs/constrs_1/imports/ucf/clock_constraints.tcl:39]
Resolution: A valid end point is a data pin of a sequential cell or a primary output or inout port. Please validate that all the objects returned by your query belong to this list.
WARNING: [Constraints 18-401] set_max_delay: 'strip_imp/write_data[11]_i_13' is not a valid endpoint. [/home/rrivera/ots/srcs/otsdaq-firmware/cactus/projects/ftbf/kc705_strip_module/top/top.srcs/constrs_1/imports/ucf/clock_constraints.tcl:39]
Resolution: A valid end point is a data pin of a sequential cell or a primary output or inout port. Please validate that all the objects returned by your query belong to this list.
WARNING: [Constraints 18-401] set_max_delay: 'strip_imp/write_data[11]_i_12' is not a valid endpoint. [/home/rrivera/ots/srcs/otsdaq-firmware/cactus/projects/ftbf/kc705_strip_module/top/top.srcs/constrs_1/imports/ucf/clock_constraints.tcl:39]
Resolution: A valid end point is a data pin of a sequential cell or a primary output or inout port. Please validate that all the objects returned by your query belong to this list.
WARNING: [Constraints 18-401] set_max_delay: 'strip_imp/write_data[11]_i_11' is not a valid endpoint. [/home/rrivera/ots/srcs/otsdaq-firmware/cactus/projects/ftbf/kc705_strip_module/top/top.srcs/constrs_1/imports/ucf/clock_constraints.tcl:39]
Resolution: A valid end point is a data pin of a sequential cell or a primary output or inout port. Please validate that all the objects returned by your query belong to this list.
WARNING: [Constraints 18-401] set_max_delay: 'strip_imp/write_data[11]_i_10' is not a valid endpoint. [/home/rrivera/ots/srcs/otsdaq-firmware/cactus/projects/ftbf/kc705_strip_module/top/top.srcs/constrs_1/imports/ucf/clock_constraints.tcl:39]
Resolution: A valid end point is a data pin of a sequential cell or a primary output or inout port. Please validate that all the objects returned by your query belong to this list.
WARNING: [Constraints 18-401] set_max_delay: 'strip_imp/write_data[11]_i_1' is not a valid endpoint. [/home/rrivera/ots/srcs/otsdaq-firmware/cactus/projects/ftbf/kc705_strip_module/top/top.srcs/constrs_1/imports/ucf/clock_constraints.tcl:39]
Resolution: A valid end point is a data pin of a sequential cell or a primary output or inout port. Please validate that all the objects returned by your query belong to this list.
WARNING: [Constraints 18-401] set_max_delay: 'strip_imp/write_data[10]_i_9' is not a valid endpoint. [/home/rrivera/ots/srcs/otsdaq-firmware/cactus/projects/ftbf/kc705_strip_module/top/top.srcs/constrs_1/imports/ucf/clock_constraints.tcl:39]
Resolution: A valid end point is a data pin of a sequential cell or a primary output or inout port. Please validate that all the objects returned by your query belong to this list.
WARNING: [Constraints 18-401] set_max_delay: 'strip_imp/write_data[10]_i_8' is not a valid endpoint. [/home/rrivera/ots/srcs/otsdaq-firmware/cactus/projects/ftbf/kc705_strip_module/top/top.srcs/constrs_1/imports/ucf/clock_constraints.tcl:39]
Resolution: A valid end point is a data pin of a sequential cell or a primary output or inout port. Please validate that all the objects returned by your query belong to this list.
WARNING: [Constraints 18-401] set_max_delay: 'strip_imp/write_data[10]_i_7' is not a valid endpoint. [/home/rrivera/ots/srcs/otsdaq-firmware/cactus/projects/ftbf/kc705_strip_module/top/top.srcs/constrs_1/imports/ucf/clock_constraints.tcl:39]
Resolution: A valid end point is a data pin of a sequential cell or a primary output or inout port. Please validate that all the objects returned by your query belong to this list.
WARNING: [Constraints 18-401] set_max_delay: 'strip_imp/write_data[10]_i_6' is not a valid endpoint. [/home/rrivera/ots/srcs/otsdaq-firmware/cactus/projects/ftbf/kc705_strip_module/top/top.srcs/constrs_1/imports/ucf/clock_constraints.tcl:39]
Resolution: A valid end point is a data pin of a sequential cell or a primary output or inout port. Please validate that all the objects returned by your query belong to this list.
WARNING: [Constraints 18-401] set_max_delay: 'strip_imp/write_data[10]_i_5' is not a valid endpoint. [/home/rrivera/ots/srcs/otsdaq-firmware/cactus/projects/ftbf/kc705_strip_module/top/top.srcs/constrs_1/imports/ucf/clock_constraints.tcl:39]
Resolution: A valid end point is a data pin of a sequential cell or a primary output or inout port. Please validate that all the objects returned by your query belong to this list.
WARNING: [Constraints 18-401] set_max_delay: 'strip_imp/write_data[10]_i_4' is not a valid endpoint. [/home/rrivera/ots/srcs/otsdaq-firmware/cactus/projects/ftbf/kc705_strip_module/top/top.srcs/constrs_1/imports/ucf/clock_constraints.tcl:39]
Resolution: A valid end point is a data pin of a sequential cell or a primary output or inout port. Please validate that all the objects returned by your query belong to this list.
WARNING: [Constraints 18-401] set_max_delay: 'strip_imp/write_data[10]_i_33' is not a valid endpoint. [/home/rrivera/ots/srcs/otsdaq-firmware/cactus/projects/ftbf/kc705_strip_module/top/top.srcs/constrs_1/imports/ucf/clock_constraints.tcl:39]
Resolution: A valid end point is a data pin of a sequential cell or a primary output or inout port. Please validate that all the objects returned by your query belong to this list.
WARNING: [Constraints 18-401] set_max_delay: 'strip_imp/write_data[10]_i_32' is not a valid endpoint. [/home/rrivera/ots/srcs/otsdaq-firmware/cactus/projects/ftbf/kc705_strip_module/top/top.srcs/constrs_1/imports/ucf/clock_constraints.tcl:39]
Resolution: A valid end point is a data pin of a sequential cell or a primary output or inout port. Please validate that all the objects returned by your query belong to this list.
WARNING: [Constraints 18-401] set_max_delay: 'strip_imp/write_data[10]_i_31' is not a valid endpoint. [/home/rrivera/ots/srcs/otsdaq-firmware/cactus/projects/ftbf/kc705_strip_module/top/top.srcs/constrs_1/imports/ucf/clock_constraints.tcl:39]
Resolution: A valid end point is a data pin of a sequential cell or a primary output or inout port. Please validate that all the objects returned by your query belong to this list.
WARNING: [Constraints 18-401] set_max_delay: 'strip_imp/write_data[10]_i_30' is not a valid endpoint. [/home/rrivera/ots/srcs/otsdaq-firmware/cactus/projects/ftbf/kc705_strip_module/top/top.srcs/constrs_1/imports/ucf/clock_constraints.tcl:39]
Resolution: A valid end point is a data pin of a sequential cell or a primary output or inout port. Please validate that all the objects returned by your query belong to this list.
WARNING: [Constraints 18-401] set_max_delay: 'strip_imp/write_data[10]_i_3' is not a valid endpoint. [/home/rrivera/ots/srcs/otsdaq-firmware/cactus/projects/ftbf/kc705_strip_module/top/top.srcs/constrs_1/imports/ucf/clock_constraints.tcl:39]
Resolution: A valid end point is a data pin of a sequential cell or a primary output or inout port. Please validate that all the objects returned by your query belong to this list.
WARNING: [Constraints 18-401] set_max_delay: 'strip_imp/write_data[10]_i_29' is not a valid endpoint. [/home/rrivera/ots/srcs/otsdaq-firmware/cactus/projects/ftbf/kc705_strip_module/top/top.srcs/constrs_1/imports/ucf/clock_constraints.tcl:39]
Resolution: A valid end point is a data pin of a sequential cell or a primary output or inout port. Please validate that all the objects returned by your query belong to this list.
WARNING: [Constraints 18-401] set_max_delay: 'strip_imp/write_data[10]_i_28' is not a valid endpoint. [/home/rrivera/ots/srcs/otsdaq-firmware/cactus/projects/ftbf/kc705_strip_module/top/top.srcs/constrs_1/imports/ucf/clock_constraints.tcl:39]
Resolution: A valid end point is a data pin of a sequential cell or a primary output or inout port. Please validate that all the objects returned by your query belong to this list.
WARNING: [Constraints 18-401] set_max_delay: 'strip_imp/write_data[10]_i_27' is not a valid endpoint. [/home/rrivera/ots/srcs/otsdaq-firmware/cactus/projects/ftbf/kc705_strip_module/top/top.srcs/constrs_1/imports/ucf/clock_constraints.tcl:39]
Resolution: A valid end point is a data pin of a sequential cell or a primary output or inout port. Please validate that all the objects returned by your query belong to this list.
WARNING: [Constraints 18-401] set_max_delay: 'strip_imp/write_data[10]_i_26' is not a valid endpoint. [/home/rrivera/ots/srcs/otsdaq-firmware/cactus/projects/ftbf/kc705_strip_module/top/top.srcs/constrs_1/imports/ucf/clock_constraints.tcl:39]
Resolution: A valid end point is a data pin of a sequential cell or a primary output or inout port. Please validate that all the objects returned by your query belong to this list.
WARNING: [Constraints 18-401] set_max_delay: 'strip_imp/write_data[10]_i_25' is not a valid endpoint. [/home/rrivera/ots/srcs/otsdaq-firmware/cactus/projects/ftbf/kc705_strip_module/top/top.srcs/constrs_1/imports/ucf/clock_constraints.tcl:39]
Resolution: A valid end point is a data pin of a sequential cell or a primary output or inout port. Please validate that all the objects returned by your query belong to this list.
WARNING: [Constraints 18-401] set_max_delay: 'strip_imp/write_data[10]_i_24' is not a valid endpoint. [/home/rrivera/ots/srcs/otsdaq-firmware/cactus/projects/ftbf/kc705_strip_module/top/top.srcs/constrs_1/imports/ucf/clock_constraints.tcl:39]
Resolution: A valid end point is a data pin of a sequential cell or a primary output or inout port. Please validate that all the objects returned by your query belong to this list.
WARNING: [Constraints 18-401] set_max_delay: 'strip_imp/write_data[10]_i_23' is not a valid endpoint. [/home/rrivera/ots/srcs/otsdaq-firmware/cactus/projects/ftbf/kc705_strip_module/top/top.srcs/constrs_1/imports/ucf/clock_constraints.tcl:39]
Resolution: A valid end point is a data pin of a sequential cell or a primary output or inout port. Please validate that all the objects returned by your query belong to this list.
WARNING: [Constraints 18-401] set_max_delay: 'strip_imp/write_data[10]_i_22' is not a valid endpoint. [/home/rrivera/ots/srcs/otsdaq-firmware/cactus/projects/ftbf/kc705_strip_module/top/top.srcs/constrs_1/imports/ucf/clock_constraints.tcl:39]
Resolution: A valid end point is a data pin of a sequential cell or a primary output or inout port. Please validate that all the objects returned by your query belong to this list.
WARNING: [Constraints 18-401] set_max_delay: 'strip_imp/write_data[10]_i_21' is not a valid endpoint. [/home/rrivera/ots/srcs/otsdaq-firmware/cactus/projects/ftbf/kc705_strip_module/top/top.srcs/constrs_1/imports/ucf/clock_constraints.tcl:39]
Resolution: A valid end point is a data pin of a sequential cell or a primary output or inout port. Please validate that all the objects returned by your query belong to this list.
WARNING: [Constraints 18-401] set_max_delay: 'strip_imp/write_data[10]_i_20' is not a valid endpoint. [/home/rrivera/ots/srcs/otsdaq-firmware/cactus/projects/ftbf/kc705_strip_module/top/top.srcs/constrs_1/imports/ucf/clock_constraints.tcl:39]
Resolution: A valid end point is a data pin of a sequential cell or a primary output or inout port. Please validate that all the objects returned by your query belong to this list.
WARNING: [Constraints 18-401] set_max_delay: 'strip_imp/write_data[10]_i_2' is not a valid endpoint. [/home/rrivera/ots/srcs/otsdaq-firmware/cactus/projects/ftbf/kc705_strip_module/top/top.srcs/constrs_1/imports/ucf/clock_constraints.tcl:39]
Resolution: A valid end point is a data pin of a sequential cell or a primary output or inout port. Please validate that all the objects returned by your query belong to this list.
WARNING: [Constraints 18-401] set_max_delay: 'strip_imp/write_data[10]_i_19' is not a valid endpoint. [/home/rrivera/ots/srcs/otsdaq-firmware/cactus/projects/ftbf/kc705_strip_module/top/top.srcs/constrs_1/imports/ucf/clock_constraints.tcl:39]
Resolution: A valid end point is a data pin of a sequential cell or a primary output or inout port. Please validate that all the objects returned by your query belong to this list.
WARNING: [Constraints 18-401] set_max_delay: 'strip_imp/write_data[10]_i_18' is not a valid endpoint. [/home/rrivera/ots/srcs/otsdaq-firmware/cactus/projects/ftbf/kc705_strip_module/top/top.srcs/constrs_1/imports/ucf/clock_constraints.tcl:39]
Resolution: A valid end point is a data pin of a sequential cell or a primary output or inout port. Please validate that all the objects returned by your query belong to this list.
WARNING: [Constraints 18-401] set_max_delay: 'strip_imp/write_data[10]_i_17' is not a valid endpoint. [/home/rrivera/ots/srcs/otsdaq-firmware/cactus/projects/ftbf/kc705_strip_module/top/top.srcs/constrs_1/imports/ucf/clock_constraints.tcl:39]
Resolution: A valid end point is a data pin of a sequential cell or a primary output or inout port. Please validate that all the objects returned by your query belong to this list.
WARNING: [Constraints 18-401] set_max_delay: 'strip_imp/write_data[10]_i_16' is not a valid endpoint. [/home/rrivera/ots/srcs/otsdaq-firmware/cactus/projects/ftbf/kc705_strip_module/top/top.srcs/constrs_1/imports/ucf/clock_constraints.tcl:39]
Resolution: A valid end point is a data pin of a sequential cell or a primary output or inout port. Please validate that all the objects returned by your query belong to this list.
WARNING: [Constraints 18-401] set_max_delay: 'strip_imp/write_data[10]_i_15' is not a valid endpoint. [/home/rrivera/ots/srcs/otsdaq-firmware/cactus/projects/ftbf/kc705_strip_module/top/top.srcs/constrs_1/imports/ucf/clock_constraints.tcl:39]
Resolution: A valid end point is a data pin of a sequential cell or a primary output or inout port. Please validate that all the objects returned by your query belong to this list.
WARNING: [Constraints 18-401] set_max_delay: 'strip_imp/write_data[10]_i_14' is not a valid endpoint. [/home/rrivera/ots/srcs/otsdaq-firmware/cactus/projects/ftbf/kc705_strip_module/top/top.srcs/constrs_1/imports/ucf/clock_constraints.tcl:39]
Resolution: A valid end point is a data pin of a sequential cell or a primary output or inout port. Please validate that all the objects returned by your query belong to this list.
WARNING: [Constraints 18-401] set_max_delay: 'strip_imp/write_data[10]_i_13' is not a valid endpoint. [/home/rrivera/ots/srcs/otsdaq-firmware/cactus/projects/ftbf/kc705_strip_module/top/top.srcs/constrs_1/imports/ucf/clock_constraints.tcl:39]
Resolution: A valid end point is a data pin of a sequential cell or a primary output or inout port. Please validate that all the objects returned by your query belong to this list.
WARNING: [Constraints 18-401] set_max_delay: 'strip_imp/write_data[10]_i_12' is not a valid endpoint. [/home/rrivera/ots/srcs/otsdaq-firmware/cactus/projects/ftbf/kc705_strip_module/top/top.srcs/constrs_1/imports/ucf/clock_constraints.tcl:39]
Resolution: A valid end point is a data pin of a sequential cell or a primary output or inout port. Please validate that all the objects returned by your query belong to this list.
WARNING: [Constraints 18-401] set_max_delay: 'strip_imp/write_data[10]_i_11' is not a valid endpoint. [/home/rrivera/ots/srcs/otsdaq-firmware/cactus/projects/ftbf/kc705_strip_module/top/top.srcs/constrs_1/imports/ucf/clock_constraints.tcl:39]
Resolution: A valid end point is a data pin of a sequential cell or a primary output or inout port. Please validate that all the objects returned by your query belong to this list.
WARNING: [Constraints 18-401] set_max_delay: 'strip_imp/write_data[10]_i_10' is not a valid endpoint. [/home/rrivera/ots/srcs/otsdaq-firmware/cactus/projects/ftbf/kc705_strip_module/top/top.srcs/constrs_1/imports/ucf/clock_constraints.tcl:39]
Resolution: A valid end point is a data pin of a sequential cell or a primary output or inout port. Please validate that all the objects returned by your query belong to this list.
WARNING: [Constraints 18-401] set_max_delay: 'strip_imp/write_data[10]_i_1' is not a valid endpoint. [/home/rrivera/ots/srcs/otsdaq-firmware/cactus/projects/ftbf/kc705_strip_module/top/top.srcs/constrs_1/imports/ucf/clock_constraints.tcl:39]
Resolution: A valid end point is a data pin of a sequential cell or a primary output or inout port. Please validate that all the objects returned by your query belong to this list.
WARNING: [Constraints 18-401] set_max_delay: 'strip_imp/write_data[0]_i_9' is not a valid endpoint. [/home/rrivera/ots/srcs/otsdaq-firmware/cactus/projects/ftbf/kc705_strip_module/top/top.srcs/constrs_1/imports/ucf/clock_constraints.tcl:39]
Resolution: A valid end point is a data pin of a sequential cell or a primary output or inout port. Please validate that all the objects returned by your query belong to this list.
WARNING: [Constraints 18-401] set_max_delay: 'strip_imp/write_data[0]_i_8' is not a valid endpoint. [/home/rrivera/ots/srcs/otsdaq-firmware/cactus/projects/ftbf/kc705_strip_module/top/top.srcs/constrs_1/imports/ucf/clock_constraints.tcl:39]
Resolution: A valid end point is a data pin of a sequential cell or a primary output or inout port. Please validate that all the objects returned by your query belong to this list.
WARNING: [Constraints 18-401] set_max_delay: 'strip_imp/write_data[0]_i_7' is not a valid endpoint. [/home/rrivera/ots/srcs/otsdaq-firmware/cactus/projects/ftbf/kc705_strip_module/top/top.srcs/constrs_1/imports/ucf/clock_constraints.tcl:39]
Resolution: A valid end point is a data pin of a sequential cell or a primary output or inout port. Please validate that all the objects returned by your query belong to this list.
WARNING: [Constraints 18-401] set_max_delay: 'strip_imp/write_data[0]_i_6' is not a valid endpoint. [/home/rrivera/ots/srcs/otsdaq-firmware/cactus/projects/ftbf/kc705_strip_module/top/top.srcs/constrs_1/imports/ucf/clock_constraints.tcl:39]
Resolution: A valid end point is a data pin of a sequential cell or a primary output or inout port. Please validate that all the objects returned by your query belong to this list.
WARNING: [Constraints 18-401] set_max_delay: 'strip_imp/write_data[0]_i_5' is not a valid endpoint. [/home/rrivera/ots/srcs/otsdaq-firmware/cactus/projects/ftbf/kc705_strip_module/top/top.srcs/constrs_1/imports/ucf/clock_constraints.tcl:39]
Resolution: A valid end point is a data pin of a sequential cell or a primary output or inout port. Please validate that all the objects returned by your query belong to this list.
WARNING: [Constraints 18-401] set_max_delay: 'strip_imp/write_data[0]_i_4' is not a valid endpoint. [/home/rrivera/ots/srcs/otsdaq-firmware/cactus/projects/ftbf/kc705_strip_module/top/top.srcs/constrs_1/imports/ucf/clock_constraints.tcl:39]
Resolution: A valid end point is a data pin of a sequential cell or a primary output or inout port. Please validate that all the objects returned by your query belong to this list.
WARNING: [Constraints 18-401] set_max_delay: 'strip_imp/write_data[0]_i_33' is not a valid endpoint. [/home/rrivera/ots/srcs/otsdaq-firmware/cactus/projects/ftbf/kc705_strip_module/top/top.srcs/constrs_1/imports/ucf/clock_constraints.tcl:39]
Resolution: A valid end point is a data pin of a sequential cell or a primary output or inout port. Please validate that all the objects returned by your query belong to this list.
WARNING: [Constraints 18-401] set_max_delay: 'strip_imp/write_data[0]_i_32' is not a valid endpoint. [/home/rrivera/ots/srcs/otsdaq-firmware/cactus/projects/ftbf/kc705_strip_module/top/top.srcs/constrs_1/imports/ucf/clock_constraints.tcl:39]
Resolution: A valid end point is a data pin of a sequential cell or a primary output or inout port. Please validate that all the objects returned by your query belong to this list.
WARNING: [Constraints 18-401] set_max_delay: 'strip_imp/write_data[0]_i_31' is not a valid endpoint. [/home/rrivera/ots/srcs/otsdaq-firmware/cactus/projects/ftbf/kc705_strip_module/top/top.srcs/constrs_1/imports/ucf/clock_constraints.tcl:39]
Resolution: A valid end point is a data pin of a sequential cell or a primary output or inout port. Please validate that all the objects returned by your query belong to this list.
WARNING: [Constraints 18-401] set_max_delay: 'strip_imp/write_data[0]_i_30' is not a valid endpoint. [/home/rrivera/ots/srcs/otsdaq-firmware/cactus/projects/ftbf/kc705_strip_module/top/top.srcs/constrs_1/imports/ucf/clock_constraints.tcl:39]
Resolution: A valid end point is a data pin of a sequential cell or a primary output or inout port. Please validate that all the objects returned by your query belong to this list.
WARNING: [Constraints 18-401] set_max_delay: 'strip_imp/write_data[0]_i_3' is not a valid endpoint. [/home/rrivera/ots/srcs/otsdaq-firmware/cactus/projects/ftbf/kc705_strip_module/top/top.srcs/constrs_1/imports/ucf/clock_constraints.tcl:39]
Resolution: A valid end point is a data pin of a sequential cell or a primary output or inout port. Please validate that all the objects returned by your query belong to this list.
WARNING: [Constraints 18-401] set_max_delay: 'strip_imp/write_data[0]_i_29' is not a valid endpoint. [/home/rrivera/ots/srcs/otsdaq-firmware/cactus/projects/ftbf/kc705_strip_module/top/top.srcs/constrs_1/imports/ucf/clock_constraints.tcl:39]
Resolution: A valid end point is a data pin of a sequential cell or a primary output or inout port. Please validate that all the objects returned by your query belong to this list.
WARNING: [Constraints 18-401] set_max_delay: 'strip_imp/write_data[0]_i_28' is not a valid endpoint. [/home/rrivera/ots/srcs/otsdaq-firmware/cactus/projects/ftbf/kc705_strip_module/top/top.srcs/constrs_1/imports/ucf/clock_constraints.tcl:39]
Resolution: A valid end point is a data pin of a sequential cell or a primary output or inout port. Please validate that all the objects returned by your query belong to this list.
WARNING: [Constraints 18-401] set_max_delay: 'strip_imp/write_data[0]_i_27' is not a valid endpoint. [/home/rrivera/ots/srcs/otsdaq-firmware/cactus/projects/ftbf/kc705_strip_module/top/top.srcs/constrs_1/imports/ucf/clock_constraints.tcl:39]
Resolution: A valid end point is a data pin of a sequential cell or a primary output or inout port. Please validate that all the objects returned by your query belong to this list.
WARNING: [Constraints 18-401] set_max_delay: 'strip_imp/write_data[0]_i_26' is not a valid endpoint. [/home/rrivera/ots/srcs/otsdaq-firmware/cactus/projects/ftbf/kc705_strip_module/top/top.srcs/constrs_1/imports/ucf/clock_constraints.tcl:39]
Resolution: A valid end point is a data pin of a sequential cell or a primary output or inout port. Please validate that all the objects returned by your query belong to this list.
WARNING: [Constraints 18-401] set_max_delay: 'strip_imp/write_data[0]_i_25' is not a valid endpoint. [/home/rrivera/ots/srcs/otsdaq-firmware/cactus/projects/ftbf/kc705_strip_module/top/top.srcs/constrs_1/imports/ucf/clock_constraints.tcl:39]
Resolution: A valid end point is a data pin of a sequential cell or a primary output or inout port. Please validate that all the objects returned by your query belong to this list.
WARNING: [Constraints 18-401] set_max_delay: 'strip_imp/write_data[0]_i_24' is not a valid endpoint. [/home/rrivera/ots/srcs/otsdaq-firmware/cactus/projects/ftbf/kc705_strip_module/top/top.srcs/constrs_1/imports/ucf/clock_constraints.tcl:39]
Resolution: A valid end point is a data pin of a sequential cell or a primary output or inout port. Please validate that all the objects returned by your query belong to this list.
WARNING: [Constraints 18-401] set_max_delay: 'strip_imp/write_data[0]_i_23' is not a valid endpoint. [/home/rrivera/ots/srcs/otsdaq-firmware/cactus/projects/ftbf/kc705_strip_module/top/top.srcs/constrs_1/imports/ucf/clock_constraints.tcl:39]
Resolution: A valid end point is a data pin of a sequential cell or a primary output or inout port. Please validate that all the objects returned by your query belong to this list.
WARNING: [Constraints 18-401] set_max_delay: 'strip_imp/write_data[0]_i_22' is not a valid endpoint. [/home/rrivera/ots/srcs/otsdaq-firmware/cactus/projects/ftbf/kc705_strip_module/top/top.srcs/constrs_1/imports/ucf/clock_constraints.tcl:39]
Resolution: A valid end point is a data pin of a sequential cell or a primary output or inout port. Please validate that all the objects returned by your query belong to this list.
WARNING: [Constraints 18-401] set_max_delay: 'strip_imp/write_data[0]_i_21' is not a valid endpoint. [/home/rrivera/ots/srcs/otsdaq-firmware/cactus/projects/ftbf/kc705_strip_module/top/top.srcs/constrs_1/imports/ucf/clock_constraints.tcl:39]
Resolution: A valid end point is a data pin of a sequential cell or a primary output or inout port. Please validate that all the objects returned by your query belong to this list.
WARNING: [Constraints 18-401] set_max_delay: 'strip_imp/write_data[0]_i_20' is not a valid endpoint. [/home/rrivera/ots/srcs/otsdaq-firmware/cactus/projects/ftbf/kc705_strip_module/top/top.srcs/constrs_1/imports/ucf/clock_constraints.tcl:39]
Resolution: A valid end point is a data pin of a sequential cell or a primary output or inout port. Please validate that all the objects returned by your query belong to this list.
WARNING: [Constraints 18-401] set_max_delay: 'strip_imp/write_data[0]_i_2' is not a valid endpoint. [/home/rrivera/ots/srcs/otsdaq-firmware/cactus/projects/ftbf/kc705_strip_module/top/top.srcs/constrs_1/imports/ucf/clock_constraints.tcl:39]
Resolution: A valid end point is a data pin of a sequential cell or a primary output or inout port. Please validate that all the objects returned by your query belong to this list.
WARNING: [Constraints 18-401] set_max_delay: 'strip_imp/write_data[0]_i_19' is not a valid endpoint. [/home/rrivera/ots/srcs/otsdaq-firmware/cactus/projects/ftbf/kc705_strip_module/top/top.srcs/constrs_1/imports/ucf/clock_constraints.tcl:39]
Resolution: A valid end point is a data pin of a sequential cell or a primary output or inout port. Please validate that all the objects returned by your query belong to this list.
WARNING: [Constraints 18-401] set_max_delay: 'strip_imp/write_data[0]_i_18' is not a valid endpoint. [/home/rrivera/ots/srcs/otsdaq-firmware/cactus/projects/ftbf/kc705_strip_module/top/top.srcs/constrs_1/imports/ucf/clock_constraints.tcl:39]
Resolution: A valid end point is a data pin of a sequential cell or a primary output or inout port. Please validate that all the objects returned by your query belong to this list.
WARNING: [Constraints 18-401] set_max_delay: 'strip_imp/write_data[0]_i_17' is not a valid endpoint. [/home/rrivera/ots/srcs/otsdaq-firmware/cactus/projects/ftbf/kc705_strip_module/top/top.srcs/constrs_1/imports/ucf/clock_constraints.tcl:39]
Resolution: A valid end point is a data pin of a sequential cell or a primary output or inout port. Please validate that all the objects returned by your query belong to this list.
WARNING: [Constraints 18-401] set_max_delay: 'strip_imp/write_data[0]_i_16' is not a valid endpoint. [/home/rrivera/ots/srcs/otsdaq-firmware/cactus/projects/ftbf/kc705_strip_module/top/top.srcs/constrs_1/imports/ucf/clock_constraints.tcl:39]
Resolution: A valid end point is a data pin of a sequential cell or a primary output or inout port. Please validate that all the objects returned by your query belong to this list.
WARNING: [Constraints 18-401] set_max_delay: 'strip_imp/write_data[0]_i_15' is not a valid endpoint. [/home/rrivera/ots/srcs/otsdaq-firmware/cactus/projects/ftbf/kc705_strip_module/top/top.srcs/constrs_1/imports/ucf/clock_constraints.tcl:39]
Resolution: A valid end point is a data pin of a sequential cell or a primary output or inout port. Please validate that all the objects returned by your query belong to this list.
WARNING: [Constraints 18-401] set_max_delay: 'strip_imp/write_data[0]_i_14' is not a valid endpoint. [/home/rrivera/ots/srcs/otsdaq-firmware/cactus/projects/ftbf/kc705_strip_module/top/top.srcs/constrs_1/imports/ucf/clock_constraints.tcl:39]
Resolution: A valid end point is a data pin of a sequential cell or a primary output or inout port. Please validate that all the objects returned by your query belong to this list.
WARNING: [Constraints 18-401] set_max_delay: 'strip_imp/write_data[0]_i_13' is not a valid endpoint. [/home/rrivera/ots/srcs/otsdaq-firmware/cactus/projects/ftbf/kc705_strip_module/top/top.srcs/constrs_1/imports/ucf/clock_constraints.tcl:39]
Resolution: A valid end point is a data pin of a sequential cell or a primary output or inout port. Please validate that all the objects returned by your query belong to this list.
WARNING: [Constraints 18-401] set_max_delay: 'strip_imp/write_data[0]_i_12' is not a valid endpoint. [/home/rrivera/ots/srcs/otsdaq-firmware/cactus/projects/ftbf/kc705_strip_module/top/top.srcs/constrs_1/imports/ucf/clock_constraints.tcl:39]
Resolution: A valid end point is a data pin of a sequential cell or a primary output or inout port. Please validate that all the objects returned by your query belong to this list.
WARNING: [Constraints 18-401] set_max_delay: 'strip_imp/write_data[0]_i_11' is not a valid endpoint. [/home/rrivera/ots/srcs/otsdaq-firmware/cactus/projects/ftbf/kc705_strip_module/top/top.srcs/constrs_1/imports/ucf/clock_constraints.tcl:39]
Resolution: A valid end point is a data pin of a sequential cell or a primary output or inout port. Please validate that all the objects returned by your query belong to this list.
WARNING: [Constraints 18-401] set_max_delay: 'strip_imp/write_data[0]_i_10' is not a valid endpoint. [/home/rrivera/ots/srcs/otsdaq-firmware/cactus/projects/ftbf/kc705_strip_module/top/top.srcs/constrs_1/imports/ucf/clock_constraints.tcl:39]
Resolution: A valid end point is a data pin of a sequential cell or a primary output or inout port. Please validate that all the objects returned by your query belong to this list.
WARNING: [Constraints 18-401] set_max_delay: 'strip_imp/write_data[0]_i_1' is not a valid endpoint. [/home/rrivera/ots/srcs/otsdaq-firmware/cactus/projects/ftbf/kc705_strip_module/top/top.srcs/constrs_1/imports/ucf/clock_constraints.tcl:39]
Resolution: A valid end point is a data pin of a sequential cell or a primary output or inout port. Please validate that all the objects returned by your query belong to this list.
WARNING: [Constraints 18-401] set_max_delay: 'strip_imp/write_data[17]_i_9' is not a valid endpoint. [/home/rrivera/ots/srcs/otsdaq-firmware/cactus/projects/ftbf/kc705_strip_module/top/top.srcs/constrs_1/imports/ucf/clock_constraints.tcl:39]
Resolution: A valid end point is a data pin of a sequential cell or a primary output or inout port. Please validate that all the objects returned by your query belong to this list.
WARNING: [Constraints 18-401] set_max_delay: 'strip_imp/write_data[17]_i_8' is not a valid endpoint. [/home/rrivera/ots/srcs/otsdaq-firmware/cactus/projects/ftbf/kc705_strip_module/top/top.srcs/constrs_1/imports/ucf/clock_constraints.tcl:39]
Resolution: A valid end point is a data pin of a sequential cell or a primary output or inout port. Please validate that all the objects returned by your query belong to this list.
WARNING: [Constraints 18-401] set_max_delay: 'strip_imp/write_data[17]_i_7' is not a valid endpoint. [/home/rrivera/ots/srcs/otsdaq-firmware/cactus/projects/ftbf/kc705_strip_module/top/top.srcs/constrs_1/imports/ucf/clock_constraints.tcl:39]
Resolution: A valid end point is a data pin of a sequential cell or a primary output or inout port. Please validate that all the objects returned by your query belong to this list.
WARNING: [Constraints 18-401] set_max_delay: 'strip_imp/write_data[17]_i_6' is not a valid endpoint. [/home/rrivera/ots/srcs/otsdaq-firmware/cactus/projects/ftbf/kc705_strip_module/top/top.srcs/constrs_1/imports/ucf/clock_constraints.tcl:39]
Resolution: A valid end point is a data pin of a sequential cell or a primary output or inout port. Please validate that all the objects returned by your query belong to this list.
WARNING: [Constraints 18-401] set_max_delay: 'strip_imp/write_data[17]_i_5' is not a valid endpoint. [/home/rrivera/ots/srcs/otsdaq-firmware/cactus/projects/ftbf/kc705_strip_module/top/top.srcs/constrs_1/imports/ucf/clock_constraints.tcl:39]
Resolution: A valid end point is a data pin of a sequential cell or a primary output or inout port. Please validate that all the objects returned by your query belong to this list.
WARNING: [Constraints 18-401] set_max_delay: 'strip_imp/write_data[17]_i_4' is not a valid endpoint. [/home/rrivera/ots/srcs/otsdaq-firmware/cactus/projects/ftbf/kc705_strip_module/top/top.srcs/constrs_1/imports/ucf/clock_constraints.tcl:39]
Resolution: A valid end point is a data pin of a sequential cell or a primary output or inout port. Please validate that all the objects returned by your query belong to this list.
WARNING: [Constraints 18-401] set_max_delay: 'strip_imp/write_data[17]_i_31' is not a valid endpoint. [/home/rrivera/ots/srcs/otsdaq-firmware/cactus/projects/ftbf/kc705_strip_module/top/top.srcs/constrs_1/imports/ucf/clock_constraints.tcl:39]
Resolution: A valid end point is a data pin of a sequential cell or a primary output or inout port. Please validate that all the objects returned by your query belong to this list.
WARNING: [Constraints 18-401] set_max_delay: 'strip_imp/write_data[17]_i_30' is not a valid endpoint. [/home/rrivera/ots/srcs/otsdaq-firmware/cactus/projects/ftbf/kc705_strip_module/top/top.srcs/constrs_1/imports/ucf/clock_constraints.tcl:39]
Resolution: A valid end point is a data pin of a sequential cell or a primary output or inout port. Please validate that all the objects returned by your query belong to this list.
WARNING: [Constraints 18-401] set_max_delay: 'strip_imp/write_data[17]_i_3' is not a valid endpoint. [/home/rrivera/ots/srcs/otsdaq-firmware/cactus/projects/ftbf/kc705_strip_module/top/top.srcs/constrs_1/imports/ucf/clock_constraints.tcl:39]
Resolution: A valid end point is a data pin of a sequential cell or a primary output or inout port. Please validate that all the objects returned by your query belong to this list.
WARNING: [Constraints 18-401] set_max_delay: 'strip_imp/write_data[17]_i_29' is not a valid endpoint. [/home/rrivera/ots/srcs/otsdaq-firmware/cactus/projects/ftbf/kc705_strip_module/top/top.srcs/constrs_1/imports/ucf/clock_constraints.tcl:39]
Resolution: A valid end point is a data pin of a sequential cell or a primary output or inout port. Please validate that all the objects returned by your query belong to this list.
INFO: [Common 17-14] Message 'Constraints 18-401' appears 100 times and further instances of the messages will be disabled. Use the Tcl command set_msg_config to change the current settings.
WARNING: [Constraints 18-402] set_max_delay: 'eth_interface/data_manager_blk/RAM_COMM_DEC/ram_wdata[63]_i_1' is not a valid startpoint. [/home/rrivera/ots/srcs/otsdaq-firmware/cactus/projects/ftbf/kc705_strip_module/top/top.srcs/constrs_1/imports/ucf/clock_constraints.tcl:41]
Resolution: A valid start point is a main or generated clock pin or port, a clock pin of a sequential cell, or a primary input or inout port. Please validate that all the objects returned by your query belong to this list.
WARNING: [Constraints 18-402] set_max_delay: 'strip_imp/G[0].chipserdes0_imp/DOUT[31]_i_1' is not a valid startpoint. [/home/rrivera/ots/srcs/otsdaq-firmware/cactus/projects/ftbf/kc705_strip_module/top/top.srcs/constrs_1/imports/ucf/clock_constraints.tcl:50]
Resolution: A valid start point is a main or generated clock pin or port, a clock pin of a sequential cell, or a primary input or inout port. Please validate that all the objects returned by your query belong to this list.
WARNING: [Constraints 18-402] set_max_delay: 'strip_imp/G[0].chipserdes1_imp/DOUT[31]_i_1' is not a valid startpoint. [/home/rrivera/ots/srcs/otsdaq-firmware/cactus/projects/ftbf/kc705_strip_module/top/top.srcs/constrs_1/imports/ucf/clock_constraints.tcl:50]
Resolution: A valid start point is a main or generated clock pin or port, a clock pin of a sequential cell, or a primary input or inout port. Please validate that all the objects returned by your query belong to this list.
WARNING: [Constraints 18-402] set_max_delay: 'strip_imp/G[0].chipserdes2_imp/DOUT[31]_i_1' is not a valid startpoint. [/home/rrivera/ots/srcs/otsdaq-firmware/cactus/projects/ftbf/kc705_strip_module/top/top.srcs/constrs_1/imports/ucf/clock_constraints.tcl:50]
Resolution: A valid start point is a main or generated clock pin or port, a clock pin of a sequential cell, or a primary input or inout port. Please validate that all the objects returned by your query belong to this list.
WARNING: [Constraints 18-402] set_max_delay: 'strip_imp/G[0].chipserdes3_imp/DOUT[31]_i_1' is not a valid startpoint. [/home/rrivera/ots/srcs/otsdaq-firmware/cactus/projects/ftbf/kc705_strip_module/top/top.srcs/constrs_1/imports/ucf/clock_constraints.tcl:50]
Resolution: A valid start point is a main or generated clock pin or port, a clock pin of a sequential cell, or a primary input or inout port. Please validate that all the objects returned by your query belong to this list.
WARNING: [Constraints 18-402] set_max_delay: 'strip_imp/G[0].chipserdes4_imp/DOUT[31]_i_1' is not a valid startpoint. [/home/rrivera/ots/srcs/otsdaq-firmware/cactus/projects/ftbf/kc705_strip_module/top/top.srcs/constrs_1/imports/ucf/clock_constraints.tcl:50]
Resolution: A valid start point is a main or generated clock pin or port, a clock pin of a sequential cell, or a primary input or inout port. Please validate that all the objects returned by your query belong to this list.
WARNING: [Constraints 18-402] set_max_delay: 'strip_imp/G[1].chipserdes0_imp/DOUT[31]_i_1' is not a valid startpoint. [/home/rrivera/ots/srcs/otsdaq-firmware/cactus/projects/ftbf/kc705_strip_module/top/top.srcs/constrs_1/imports/ucf/clock_constraints.tcl:50]
Resolution: A valid start point is a main or generated clock pin or port, a clock pin of a sequential cell, or a primary input or inout port. Please validate that all the objects returned by your query belong to this list.
WARNING: [Constraints 18-402] set_max_delay: 'strip_imp/G[1].chipserdes1_imp/DOUT[31]_i_1' is not a valid startpoint. [/home/rrivera/ots/srcs/otsdaq-firmware/cactus/projects/ftbf/kc705_strip_module/top/top.srcs/constrs_1/imports/ucf/clock_constraints.tcl:50]
Resolution: A valid start point is a main or generated clock pin or port, a clock pin of a sequential cell, or a primary input or inout port. Please validate that all the objects returned by your query belong to this list.
WARNING: [Constraints 18-402] set_max_delay: 'strip_imp/G[1].chipserdes2_imp/DOUT[31]_i_1' is not a valid startpoint. [/home/rrivera/ots/srcs/otsdaq-firmware/cactus/projects/ftbf/kc705_strip_module/top/top.srcs/constrs_1/imports/ucf/clock_constraints.tcl:50]
Resolution: A valid start point is a main or generated clock pin or port, a clock pin of a sequential cell, or a primary input or inout port. Please validate that all the objects returned by your query belong to this list.
WARNING: [Constraints 18-402] set_max_delay: 'strip_imp/G[1].chipserdes3_imp/DOUT[31]_i_1' is not a valid startpoint. [/home/rrivera/ots/srcs/otsdaq-firmware/cactus/projects/ftbf/kc705_strip_module/top/top.srcs/constrs_1/imports/ucf/clock_constraints.tcl:50]
Resolution: A valid start point is a main or generated clock pin or port, a clock pin of a sequential cell, or a primary input or inout port. Please validate that all the objects returned by your query belong to this list.
WARNING: [Constraints 18-402] set_max_delay: 'strip_imp/G[1].chipserdes4_imp/DOUT[31]_i_1' is not a valid startpoint. [/home/rrivera/ots/srcs/otsdaq-firmware/cactus/projects/ftbf/kc705_strip_module/top/top.srcs/constrs_1/imports/ucf/clock_constraints.tcl:50]
Resolution: A valid start point is a main or generated clock pin or port, a clock pin of a sequential cell, or a primary input or inout port. Please validate that all the objects returned by your query belong to this list.
INFO: [Timing 38-35] Done setting XDC timing constraints.

Starting Logic Optimization Task

Phase 1 Generate And Synthesize Debug Cores
INFO: [IP_Flow 19-234] Refreshing IP repositories
INFO: [IP_Flow 19-1700] Loaded user IP repository '/home/rrivera/ots/srcs/otsdaq-firmware/cactus/projects/ftbf/kc705_strip_module/top/top.cache/ip'.
INFO: [IP_Flow 19-2313] Loaded Vivado IP repository '/opt/local/xilinx/Vivado/2015.2/data/ip'.
INFO: [IP_Flow 19-3806] Processing IP xilinx.com:ip:xsdbm:1.1 for cell dbg_hub_CV.
INFO: [Chipscope 16-220] Re-using generated and synthesized IP, "xilinx.com:ip:xsdbm:1.1", from Vivado IP cache entry "60ce41d909435c59".
INFO: [IP_Flow 19-3806] Processing IP xilinx.com:ip:ila:5.1 for cell u_ila_0_CV.
INFO: [Chipscope 16-220] Re-using generated and synthesized IP, "xilinx.com:ip:ila:5.1", from Vivado IP cache entry "ad2f87be800f8dde".
Netlist sorting complete. Time (s): cpu = 00:00:00.14 ; elapsed = 00:00:00.14 . Memory (MB): peak = 2060.383 ; gain = 0.000 ; free physical = 16504 ; free virtual = 55993
Phase 1 Generate And Synthesize Debug Cores | Checksum: 1598ecf61

Time (s): cpu = 00:01:16 ; elapsed = 00:01:15 . Memory (MB): peak = 2060.383 ; gain = 143.836 ; free physical = 16504 ; free virtual = 55993
WARNING: [Constraints 18-1079] Register strip_imp/trigprim0_imp/fifo_imp/U0/inst_fifo_gen/gconvfifo.rf/gbi.bi/g7ser_birst.rstbt/rsync.ric.wr_rst_reg_reg and strip_imp/trigprim0_imp/fifo_imp/U0/inst_fifo_gen/gconvfifo.rf/gbi.bi/g7ser_birst.rstbt/rsync.ric.wr_rst_fb_reg[4] are from the same synchronizer and have the ASYNC_REG property set, but could not be placed into the same slice due to constraints or mismatched control signals on the registers.
WARNING: [Constraints 18-1079] Register strip_imp/trigprim1_imp/fifo_imp/U0/inst_fifo_gen/gconvfifo.rf/gbi.bi/g7ser_birst.rstbt/rsync.ric.wr_rst_reg_reg and strip_imp/trigprim1_imp/fifo_imp/U0/inst_fifo_gen/gconvfifo.rf/gbi.bi/g7ser_birst.rstbt/rsync.ric.wr_rst_fb_reg[4] are from the same synchronizer and have the ASYNC_REG property set, but could not be placed into the same slice due to constraints or mismatched control signals on the registers.
WARNING: [Constraints 18-1079] Register strip_imp/trigprim2_imp/fifo_imp/U0/inst_fifo_gen/gconvfifo.rf/gbi.bi/g7ser_birst.rstbt/rsync.ric.wr_rst_reg_reg and strip_imp/trigprim2_imp/fifo_imp/U0/inst_fifo_gen/gconvfifo.rf/gbi.bi/g7ser_birst.rstbt/rsync.ric.wr_rst_fb_reg[4] are from the same synchronizer and have the ASYNC_REG property set, but could not be placed into the same slice due to constraints or mismatched control signals on the registers.
WARNING: [Constraints 18-1079] Register strip_imp/trigprim3_imp/fifo_imp/U0/inst_fifo_gen/gconvfifo.rf/gbi.bi/g7ser_birst.rstbt/rsync.ric.wr_rst_reg_reg and strip_imp/trigprim3_imp/fifo_imp/U0/inst_fifo_gen/gconvfifo.rf/gbi.bi/g7ser_birst.rstbt/rsync.ric.wr_rst_fb_reg[4] are from the same synchronizer and have the ASYNC_REG property set, but could not be placed into the same slice due to constraints or mismatched control signals on the registers.
WARNING: [Constraints 18-1079] Register strip_imp/trigproc_imp/fifo_imp/U0/inst_fifo_gen/gconvfifo.rf/gbi.bi/g7ser_birst.rstbt/rsync.ric.wr_rst_reg_reg and strip_imp/trigproc_imp/fifo_imp/U0/inst_fifo_gen/gconvfifo.rf/gbi.bi/g7ser_birst.rstbt/rsync.ric.wr_rst_fb_reg[4] are from the same synchronizer and have the ASYNC_REG property set, but could not be placed into the same slice due to constraints or mismatched control signals on the registers.
WARNING: [Constraints 18-1079] Register stackGen[0].fifo_imp/U0/inst_fifo_gen/gconvfifo.rf/gbi.bi/g7ser_birst.rstbt/rsync.ric.rd_rst_reg_reg and stackGen[0].fifo_imp/U0/inst_fifo_gen/gconvfifo.rf/gbi.bi/g7ser_birst.rstbt/rsync.ric.rd_rst_fb_reg[4] are from the same synchronizer and have the ASYNC_REG property set, but could not be placed into the same slice due to constraints or mismatched control signals on the registers.
WARNING: [Constraints 18-402] set_max_delay: 'eth_interface/data_manager_blk/RAM_COMM_DEC/ram_wdata[63]_i_1' is not a valid startpoint. [/home/rrivera/ots/srcs/otsdaq-firmware/cactus/projects/ftbf/kc705_strip_module/top/top.srcs/constrs_1/imports/ucf/clock_constraints.tcl:41]
Resolution: A valid start point is a main or generated clock pin or port, a clock pin of a sequential cell, or a primary input or inout port. Please validate that all the objects returned by your query belong to this list.
WARNING: [Constraints 18-402] set_max_delay: 'strip_imp/G[0].chipserdes0_imp/DOUT[31]_i_1' is not a valid startpoint. [/home/rrivera/ots/srcs/otsdaq-firmware/cactus/projects/ftbf/kc705_strip_module/top/top.srcs/constrs_1/imports/ucf/clock_constraints.tcl:50]
Resolution: A valid start point is a main or generated clock pin or port, a clock pin of a sequential cell, or a primary input or inout port. Please validate that all the objects returned by your query belong to this list.
WARNING: [Constraints 18-402] set_max_delay: 'strip_imp/G[0].chipserdes1_imp/DOUT[31]_i_1' is not a valid startpoint. [/home/rrivera/ots/srcs/otsdaq-firmware/cactus/projects/ftbf/kc705_strip_module/top/top.srcs/constrs_1/imports/ucf/clock_constraints.tcl:50]
Resolution: A valid start point is a main or generated clock pin or port, a clock pin of a sequential cell, or a primary input or inout port. Please validate that all the objects returned by your query belong to this list.
WARNING: [Constraints 18-402] set_max_delay: 'strip_imp/G[0].chipserdes2_imp/DOUT[31]_i_1' is not a valid startpoint. [/home/rrivera/ots/srcs/otsdaq-firmware/cactus/projects/ftbf/kc705_strip_module/top/top.srcs/constrs_1/imports/ucf/clock_constraints.tcl:50]
Resolution: A valid start point is a main or generated clock pin or port, a clock pin of a sequential cell, or a primary input or inout port. Please validate that all the objects returned by your query belong to this list.
WARNING: [Constraints 18-402] set_max_delay: 'strip_imp/G[0].chipserdes3_imp/DOUT[31]_i_1' is not a valid startpoint. [/home/rrivera/ots/srcs/otsdaq-firmware/cactus/projects/ftbf/kc705_strip_module/top/top.srcs/constrs_1/imports/ucf/clock_constraints.tcl:50]
Resolution: A valid start point is a main or generated clock pin or port, a clock pin of a sequential cell, or a primary input or inout port. Please validate that all the objects returned by your query belong to this list.
WARNING: [Constraints 18-402] set_max_delay: 'strip_imp/G[0].chipserdes4_imp/DOUT[31]_i_1' is not a valid startpoint. [/home/rrivera/ots/srcs/otsdaq-firmware/cactus/projects/ftbf/kc705_strip_module/top/top.srcs/constrs_1/imports/ucf/clock_constraints.tcl:50]
Resolution: A valid start point is a main or generated clock pin or port, a clock pin of a sequential cell, or a primary input or inout port. Please validate that all the objects returned by your query belong to this list.
WARNING: [Constraints 18-402] set_max_delay: 'strip_imp/G[1].chipserdes0_imp/DOUT[31]_i_1' is not a valid startpoint. [/home/rrivera/ots/srcs/otsdaq-firmware/cactus/projects/ftbf/kc705_strip_module/top/top.srcs/constrs_1/imports/ucf/clock_constraints.tcl:50]
Resolution: A valid start point is a main or generated clock pin or port, a clock pin of a sequential cell, or a primary input or inout port. Please validate that all the objects returned by your query belong to this list.
WARNING: [Constraints 18-402] set_max_delay: 'strip_imp/G[1].chipserdes1_imp/DOUT[31]_i_1' is not a valid startpoint. [/home/rrivera/ots/srcs/otsdaq-firmware/cactus/projects/ftbf/kc705_strip_module/top/top.srcs/constrs_1/imports/ucf/clock_constraints.tcl:50]
Resolution: A valid start point is a main or generated clock pin or port, a clock pin of a sequential cell, or a primary input or inout port. Please validate that all the objects returned by your query belong to this list.
WARNING: [Constraints 18-402] set_max_delay: 'strip_imp/G[1].chipserdes2_imp/DOUT[31]_i_1' is not a valid startpoint. [/home/rrivera/ots/srcs/otsdaq-firmware/cactus/projects/ftbf/kc705_strip_module/top/top.srcs/constrs_1/imports/ucf/clock_constraints.tcl:50]
Resolution: A valid start point is a main or generated clock pin or port, a clock pin of a sequential cell, or a primary input or inout port. Please validate that all the objects returned by your query belong to this list.
WARNING: [Constraints 18-402] set_max_delay: 'strip_imp/G[1].chipserdes3_imp/DOUT[31]_i_1' is not a valid startpoint. [/home/rrivera/ots/srcs/otsdaq-firmware/cactus/projects/ftbf/kc705_strip_module/top/top.srcs/constrs_1/imports/ucf/clock_constraints.tcl:50]
Resolution: A valid start point is a main or generated clock pin or port, a clock pin of a sequential cell, or a primary input or inout port. Please validate that all the objects returned by your query belong to this list.
WARNING: [Constraints 18-402] set_max_delay: 'strip_imp/G[1].chipserdes4_imp/DOUT[31]_i_1' is not a valid startpoint. [/home/rrivera/ots/srcs/otsdaq-firmware/cactus/projects/ftbf/kc705_strip_module/top/top.srcs/constrs_1/imports/ucf/clock_constraints.tcl:50]
Resolution: A valid start point is a main or generated clock pin or port, a clock pin of a sequential cell, or a primary input or inout port. Please validate that all the objects returned by your query belong to this list.
INFO: [Timing 38-35] Done setting XDC timing constraints.

Phase 2 Retarget

INFO: [Opt 31-138] Pushed 18 inverter(s) to 21 load pin(s).
INFO: [Opt 31-274] Optimized connectivity to 1 cascaded BUFGCE cells
INFO: [Opt 31-49] Retargeted 0 cell(s).
Phase 2 Retarget | Checksum: 194599273

Time (s): cpu = 00:01:23 ; elapsed = 00:01:20 . Memory (MB): peak = 2110.383 ; gain = 193.836 ; free physical = 16452 ; free virtual = 55941

Phase 3 Constant Propagation
INFO: [Opt 31-138] Pushed 0 inverter(s) to 0 load pin(s).
INFO: [Opt 31-10] Eliminated 142 cells.
Phase 3 Constant Propagation | Checksum: 24da688c2

Time (s): cpu = 00:01:26 ; elapsed = 00:01:23 . Memory (MB): peak = 2110.383 ; gain = 193.836 ; free physical = 16451 ; free virtual = 55940

Phase 4 Sweep
INFO: [Opt 31-12] Eliminated 2312 unconnected nets.
INFO: [Opt 31-11] Eliminated 625 unconnected cells.
Phase 4 Sweep | Checksum: 152ccd22b

Time (s): cpu = 00:01:28 ; elapsed = 00:01:25 . Memory (MB): peak = 2110.383 ; gain = 193.836 ; free physical = 16451 ; free virtual = 55940

Starting Connectivity Check Task

Time (s): cpu = 00:00:00.07 ; elapsed = 00:00:00.07 . Memory (MB): peak = 2110.383 ; gain = 0.000 ; free physical = 16448 ; free virtual = 55937
Ending Logic Optimization Task | Checksum: 152ccd22b

Time (s): cpu = 00:01:28 ; elapsed = 00:01:25 . Memory (MB): peak = 2110.383 ; gain = 193.836 ; free physical = 16451 ; free virtual = 55940
Implement Debug Cores | Checksum: 13df3e9de
Logic Optimization | Checksum: 1683217c5

Starting Power Optimization Task
INFO: [Pwropt 34-132] Skipping clock gating for clocks with a period < 3.12 ns.
INFO: [Pwropt 34-9] Applying IDT optimizations ...
INFO: [Pwropt 34-10] Applying ODC optimizations ...


Starting PowerOpt Patch Enables Task
INFO: [Pwropt 34-162] WRITE_MODE attribute of 0 BRAM(s) out of a total of 27 has been updated to save power. Run report_power_opt to get a complete listing of the BRAMs updated.
INFO: [Pwropt 34-201] Structural ODC has moved 0 WE to EN ports
Number of BRAM Ports augmented: 0 newly gated: 0 Total Ports: 54
Ending PowerOpt Patch Enables Task | Checksum: 152ccd22b

Time (s): cpu = 00:00:00.02 ; elapsed = 00:00:00.03 . Memory (MB): peak = 2286.711 ; gain = 0.000 ; free physical = 16324 ; free virtual = 55813
Ending Power Optimization Task | Checksum: 152ccd22b

Time (s): cpu = 00:00:06 ; elapsed = 00:00:06 . Memory (MB): peak = 2286.711 ; gain = 176.328 ; free physical = 16324 ; free virtual = 55813
INFO: [Common 17-83] Releasing license: Implementation
73 Infos, 266 Warnings, 3 Critical Warnings and 0 Errors encountered.
opt_design completed successfully
opt_design: Time (s): cpu = 00:01:35 ; elapsed = 00:01:32 . Memory (MB): peak = 2286.711 ; gain = 387.195 ; free physical = 16324 ; free virtual = 55813
Writing placer database...
Writing XDEF routing.
Writing XDEF routing logical nets.
Writing XDEF routing special nets.
Write XDEF Complete: Time (s): cpu = 00:00:00.04 ; elapsed = 00:00:00.01 . Memory (MB): peak = 2326.727 ; gain = 0.000 ; free physical = 16323 ; free virtual = 55813
INFO: [DRC 23-27] Running DRC with 8 threads
INFO: [Coretcl 2-168] The results of DRC are in file /home/rrivera/ots/srcs/otsdaq-firmware/cactus/projects/ftbf/kc705_strip_module/top/top.runs/impl_1/top_drc_opted.rpt.
INFO: [#UNDEF] Cannot write hardware definition file as there are no IPI block design hardware handoff files present
Command: place_design
Attempting to get a license for feature 'Implementation' and/or device 'xc7k325t'
INFO: [Common 17-349] Got license for feature 'Implementation' and/or device 'xc7k325t'
INFO: [Common 17-1223] The version limit for your license is '2018.05' and will expire in -295 days. A version limit expiration means that, although you may be able to continue to use the current version of tools or IP with this license, you will not be eligible for any updates or new releases.
INFO: [DRC 23-27] Running DRC with 8 threads
INFO: [Vivado_Tcl 4-198] DRC finished with 0 Errors
INFO: [Vivado_Tcl 4-199] Please refer to the DRC report (report_drc) for more information.
Running DRC as a precondition to command place_design
INFO: [DRC 23-27] Running DRC with 8 threads
WARNING: [DRC 23-20] Rule violation (CKLD-2) Clock Net has direct IO Driver - Clock net IBUF_USER_CLK_n_0 is directly driven by an IO rather than a Clock Buffer. Driver(s): IBUF_USER_CLK/O2000
INFO: [Vivado_Tcl 4-198] DRC finished with 0 Errors, 1 Warnings
INFO: [Vivado_Tcl 4-199] Please refer to the DRC report (report_drc) for more information.

Starting Placer Task
INFO: [Place 30-611] Multithreading enabled for place_design using a maximum of 8 CPUs

Phase 1 Placer Runtime Estimator
Phase 1 Placer Runtime Estimator | Checksum: 11090af4b

Time (s): cpu = 00:00:00.41 ; elapsed = 00:00:00.42 . Memory (MB): peak = 2326.727 ; gain = 0.000 ; free physical = 16313 ; free virtual = 55810

Phase 2 Placer Initialization
Netlist sorting complete. Time (s): cpu = 00:00:00.04 ; elapsed = 00:00:00.05 . Memory (MB): peak = 2326.727 ; gain = 0.000 ; free physical = 16313 ; free virtual = 55810
Netlist sorting complete. Time (s): cpu = 00:00:00.05 ; elapsed = 00:00:00.05 . Memory (MB): peak = 2326.727 ; gain = 0.000 ; free physical = 16313 ; free virtual = 55810

Phase 2.1 IO Placement/ Clock Placement/ Build Placer Device

Phase 2.1.1 Pre-Place Cells
Phase 2.1.1 Pre-Place Cells | Checksum: 008c2863

Time (s): cpu = 00:00:00.76 ; elapsed = 00:00:00.77 . Memory (MB): peak = 2326.727 ; gain = 0.000 ; free physical = 16313 ; free virtual = 55810
WARNING: [Constraints 18-1079] Register strip_imp/G[0].strip_fifo_imp/fifo_imp/U0/inst_fifo_gen/gconvfifo.rf/gbi.bi/g7ser_birst.rstbt/rsync.ric.wr_rst_reg_reg and strip_imp/G[0].strip_fifo_imp/fifo_imp/U0/inst_fifo_gen/gconvfifo.rf/gbi.bi/g7ser_birst.rstbt/rsync.ric.wr_rst_fb_reg[4] are from the same synchronizer and have the ASYNC_REG property set, but could not be placed into the same slice due to constraints or mismatched control signals on the registers.
WARNING: [Constraints 18-1079] Register strip_imp/G[1].strip_fifo_imp/fifo_imp/U0/inst_fifo_gen/gconvfifo.rf/gbi.bi/g7ser_birst.rstbt/rsync.ric.wr_rst_reg_reg and strip_imp/G[1].strip_fifo_imp/fifo_imp/U0/inst_fifo_gen/gconvfifo.rf/gbi.bi/g7ser_birst.rstbt/rsync.ric.wr_rst_fb_reg[4] are from the same synchronizer and have the ASYNC_REG property set, but could not be placed into the same slice due to constraints or mismatched control signals on the registers.
WARNING: [Constraints 18-1079] Register strip_imp/trigprim0_imp/fifo_imp/U0/inst_fifo_gen/gconvfifo.rf/gbi.bi/g7ser_birst.rstbt/rsync.ric.wr_rst_reg_reg and strip_imp/trigprim0_imp/fifo_imp/U0/inst_fifo_gen/gconvfifo.rf/gbi.bi/g7ser_birst.rstbt/rsync.ric.wr_rst_fb_reg[4] are from the same synchronizer and have the ASYNC_REG property set, but could not be placed into the same slice due to constraints or mismatched control signals on the registers.
WARNING: [Constraints 18-1079] Register strip_imp/trigprim1_imp/fifo_imp/U0/inst_fifo_gen/gconvfifo.rf/gbi.bi/g7ser_birst.rstbt/rsync.ric.wr_rst_reg_reg and strip_imp/trigprim1_imp/fifo_imp/U0/inst_fifo_gen/gconvfifo.rf/gbi.bi/g7ser_birst.rstbt/rsync.ric.wr_rst_fb_reg[4] are from the same synchronizer and have the ASYNC_REG property set, but could not be placed into the same slice due to constraints or mismatched control signals on the registers.
WARNING: [Constraints 18-1079] Register strip_imp/trigprim2_imp/fifo_imp/U0/inst_fifo_gen/gconvfifo.rf/gbi.bi/g7ser_birst.rstbt/rsync.ric.wr_rst_reg_reg and strip_imp/trigprim2_imp/fifo_imp/U0/inst_fifo_gen/gconvfifo.rf/gbi.bi/g7ser_birst.rstbt/rsync.ric.wr_rst_fb_reg[4] are from the same synchronizer and have the ASYNC_REG property set, but could not be placed into the same slice due to constraints or mismatched control signals on the registers.
WARNING: [Constraints 18-1079] Register strip_imp/trigprim3_imp/fifo_imp/U0/inst_fifo_gen/gconvfifo.rf/gbi.bi/g7ser_birst.rstbt/rsync.ric.wr_rst_reg_reg and strip_imp/trigprim3_imp/fifo_imp/U0/inst_fifo_gen/gconvfifo.rf/gbi.bi/g7ser_birst.rstbt/rsync.ric.wr_rst_fb_reg[4] are from the same synchronizer and have the ASYNC_REG property set, but could not be placed into the same slice due to constraints or mismatched control signals on the registers.
WARNING: [Constraints 18-1079] Register strip_imp/trigproc_imp/fifo_imp/U0/inst_fifo_gen/gconvfifo.rf/gbi.bi/g7ser_birst.rstbt/rsync.ric.wr_rst_reg_reg and strip_imp/trigproc_imp/fifo_imp/U0/inst_fifo_gen/gconvfifo.rf/gbi.bi/g7ser_birst.rstbt/rsync.ric.wr_rst_fb_reg[4] are from the same synchronizer and have the ASYNC_REG property set, but could not be placed into the same slice due to constraints or mismatched control signals on the registers.
WARNING: [Constraints 18-1079] Register stackGen[0].fifo_imp/U0/inst_fifo_gen/gconvfifo.rf/gbi.bi/g7ser_birst.rstbt/rsync.ric.wr_rst_reg_reg and stackGen[0].fifo_imp/U0/inst_fifo_gen/gconvfifo.rf/gbi.bi/g7ser_birst.rstbt/rsync.ric.wr_rst_fb_reg[4] are from the same synchronizer and have the ASYNC_REG property set, but could not be placed into the same slice due to constraints or mismatched control signals on the registers.
WARNING: [Constraints 18-401] set_max_delay: 'strip_imp/write_data[11]_i_3' is not a valid endpoint. [/home/rrivera/ots/srcs/otsdaq-firmware/cactus/projects/ftbf/kc705_strip_module/top/top.srcs/constrs_1/imports/ucf/clock_constraints.tcl:39]
Resolution: A valid end point is a data pin of a sequential cell or a primary output or inout port. Please validate that all the objects returned by your query belong to this list.
WARNING: [Constraints 18-401] set_max_delay: 'strip_imp/write_data[11]_i_25' is not a valid endpoint. [/home/rrivera/ots/srcs/otsdaq-firmware/cactus/projects/ftbf/kc705_strip_module/top/top.srcs/constrs_1/imports/ucf/clock_constraints.tcl:39]
Resolution: A valid end point is a data pin of a sequential cell or a primary output or inout port. Please validate that all the objects returned by your query belong to this list.
WARNING: [Constraints 18-401] set_max_delay: 'strip_imp/write_data[11]_i_24' is not a valid endpoint. [/home/rrivera/ots/srcs/otsdaq-firmware/cactus/projects/ftbf/kc705_strip_module/top/top.srcs/constrs_1/imports/ucf/clock_constraints.tcl:39]
Resolution: A valid end point is a data pin of a sequential cell or a primary output or inout port. Please validate that all the objects returned by your query belong to this list.
WARNING: [Constraints 18-401] set_max_delay: 'strip_imp/write_data[11]_i_23' is not a valid endpoint. [/home/rrivera/ots/srcs/otsdaq-firmware/cactus/projects/ftbf/kc705_strip_module/top/top.srcs/constrs_1/imports/ucf/clock_constraints.tcl:39]
Resolution: A valid end point is a data pin of a sequential cell or a primary output or inout port. Please validate that all the objects returned by your query belong to this list.
WARNING: [Constraints 18-401] set_max_delay: 'strip_imp/write_data[11]_i_22' is not a valid endpoint. [/home/rrivera/ots/srcs/otsdaq-firmware/cactus/projects/ftbf/kc705_strip_module/top/top.srcs/constrs_1/imports/ucf/clock_constraints.tcl:39]
Resolution: A valid end point is a data pin of a sequential cell or a primary output or inout port. Please validate that all the objects returned by your query belong to this list.
WARNING: [Constraints 18-401] set_max_delay: 'strip_imp/write_data[11]_i_21' is not a valid endpoint. [/home/rrivera/ots/srcs/otsdaq-firmware/cactus/projects/ftbf/kc705_strip_module/top/top.srcs/constrs_1/imports/ucf/clock_constraints.tcl:39]
Resolution: A valid end point is a data pin of a sequential cell or a primary output or inout port. Please validate that all the objects returned by your query belong to this list.
WARNING: [Constraints 18-401] set_max_delay: 'strip_imp/write_data[11]_i_20' is not a valid endpoint. [/home/rrivera/ots/srcs/otsdaq-firmware/cactus/projects/ftbf/kc705_strip_module/top/top.srcs/constrs_1/imports/ucf/clock_constraints.tcl:39]
Resolution: A valid end point is a data pin of a sequential cell or a primary output or inout port. Please validate that all the objects returned by your query belong to this list.
WARNING: [Constraints 18-401] set_max_delay: 'strip_imp/write_data[11]_i_2' is not a valid endpoint. [/home/rrivera/ots/srcs/otsdaq-firmware/cactus/projects/ftbf/kc705_strip_module/top/top.srcs/constrs_1/imports/ucf/clock_constraints.tcl:39]
Resolution: A valid end point is a data pin of a sequential cell or a primary output or inout port. Please validate that all the objects returned by your query belong to this list.
WARNING: [Constraints 18-401] set_max_delay: 'strip_imp/write_data[11]_i_19' is not a valid endpoint. [/home/rrivera/ots/srcs/otsdaq-firmware/cactus/projects/ftbf/kc705_strip_module/top/top.srcs/constrs_1/imports/ucf/clock_constraints.tcl:39]
Resolution: A valid end point is a data pin of a sequential cell or a primary output or inout port. Please validate that all the objects returned by your query belong to this list.
WARNING: [Constraints 18-401] set_max_delay: 'strip_imp/write_data[11]_i_18' is not a valid endpoint. [/home/rrivera/ots/srcs/otsdaq-firmware/cactus/projects/ftbf/kc705_strip_module/top/top.srcs/constrs_1/imports/ucf/clock_constraints.tcl:39]
Resolution: A valid end point is a data pin of a sequential cell or a primary output or inout port. Please validate that all the objects returned by your query belong to this list.
WARNING: [Constraints 18-401] set_max_delay: 'strip_imp/write_data[11]_i_17' is not a valid endpoint. [/home/rrivera/ots/srcs/otsdaq-firmware/cactus/projects/ftbf/kc705_strip_module/top/top.srcs/constrs_1/imports/ucf/clock_constraints.tcl:39]
Resolution: A valid end point is a data pin of a sequential cell or a primary output or inout port. Please validate that all the objects returned by your query belong to this list.
WARNING: [Constraints 18-401] set_max_delay: 'strip_imp/write_data[11]_i_15' is not a valid endpoint. [/home/rrivera/ots/srcs/otsdaq-firmware/cactus/projects/ftbf/kc705_strip_module/top/top.srcs/constrs_1/imports/ucf/clock_constraints.tcl:39]
Resolution: A valid end point is a data pin of a sequential cell or a primary output or inout port. Please validate that all the objects returned by your query belong to this list.
WARNING: [Constraints 18-401] set_max_delay: 'strip_imp/write_data[11]_i_14' is not a valid endpoint. [/home/rrivera/ots/srcs/otsdaq-firmware/cactus/projects/ftbf/kc705_strip_module/top/top.srcs/constrs_1/imports/ucf/clock_constraints.tcl:39]
Resolution: A valid end point is a data pin of a sequential cell or a primary output or inout port. Please validate that all the objects returned by your query belong to this list.
WARNING: [Constraints 18-401] set_max_delay: 'strip_imp/write_data[11]_i_13' is not a valid endpoint. [/home/rrivera/ots/srcs/otsdaq-firmware/cactus/projects/ftbf/kc705_strip_module/top/top.srcs/constrs_1/imports/ucf/clock_constraints.tcl:39]
Resolution: A valid end point is a data pin of a sequential cell or a primary output or inout port. Please validate that all the objects returned by your query belong to this list.
WARNING: [Constraints 18-401] set_max_delay: 'strip_imp/write_data[11]_i_12' is not a valid endpoint. [/home/rrivera/ots/srcs/otsdaq-firmware/cactus/projects/ftbf/kc705_strip_module/top/top.srcs/constrs_1/imports/ucf/clock_constraints.tcl:39]
Resolution: A valid end point is a data pin of a sequential cell or a primary output or inout port. Please validate that all the objects returned by your query belong to this list.
WARNING: [Constraints 18-401] set_max_delay: 'strip_imp/write_data[11]_i_10' is not a valid endpoint. [/home/rrivera/ots/srcs/otsdaq-firmware/cactus/projects/ftbf/kc705_strip_module/top/top.srcs/constrs_1/imports/ucf/clock_constraints.tcl:39]
Resolution: A valid end point is a data pin of a sequential cell or a primary output or inout port. Please validate that all the objects returned by your query belong to this list.
WARNING: [Constraints 18-401] set_max_delay: 'strip_imp/write_data[10]_i_9' is not a valid endpoint. [/home/rrivera/ots/srcs/otsdaq-firmware/cactus/projects/ftbf/kc705_strip_module/top/top.srcs/constrs_1/imports/ucf/clock_constraints.tcl:39]
Resolution: A valid end point is a data pin of a sequential cell or a primary output or inout port. Please validate that all the objects returned by your query belong to this list.
WARNING: [Constraints 18-401] set_max_delay: 'strip_imp/write_data[10]_i_8' is not a valid endpoint. [/home/rrivera/ots/srcs/otsdaq-firmware/cactus/projects/ftbf/kc705_strip_module/top/top.srcs/constrs_1/imports/ucf/clock_constraints.tcl:39]
Resolution: A valid end point is a data pin of a sequential cell or a primary output or inout port. Please validate that all the objects returned by your query belong to this list.
WARNING: [Constraints 18-401] set_max_delay: 'strip_imp/write_data[10]_i_7' is not a valid endpoint. [/home/rrivera/ots/srcs/otsdaq-firmware/cactus/projects/ftbf/kc705_strip_module/top/top.srcs/constrs_1/imports/ucf/clock_constraints.tcl:39]
Resolution: A valid end point is a data pin of a sequential cell or a primary output or inout port. Please validate that all the objects returned by your query belong to this list.
WARNING: [Constraints 18-401] set_max_delay: 'strip_imp/write_data[10]_i_5' is not a valid endpoint. [/home/rrivera/ots/srcs/otsdaq-firmware/cactus/projects/ftbf/kc705_strip_module/top/top.srcs/constrs_1/imports/ucf/clock_constraints.tcl:39]
Resolution: A valid end point is a data pin of a sequential cell or a primary output or inout port. Please validate that all the objects returned by your query belong to this list.
WARNING: [Constraints 18-401] set_max_delay: 'strip_imp/write_data[10]_i_33' is not a valid endpoint. [/home/rrivera/ots/srcs/otsdaq-firmware/cactus/projects/ftbf/kc705_strip_module/top/top.srcs/constrs_1/imports/ucf/clock_constraints.tcl:39]
Resolution: A valid end point is a data pin of a sequential cell or a primary output or inout port. Please validate that all the objects returned by your query belong to this list.
WARNING: [Constraints 18-401] set_max_delay: 'strip_imp/write_data[10]_i_32' is not a valid endpoint. [/home/rrivera/ots/srcs/otsdaq-firmware/cactus/projects/ftbf/kc705_strip_module/top/top.srcs/constrs_1/imports/ucf/clock_constraints.tcl:39]
Resolution: A valid end point is a data pin of a sequential cell or a primary output or inout port. Please validate that all the objects returned by your query belong to this list.
WARNING: [Constraints 18-401] set_max_delay: 'strip_imp/write_data[10]_i_31' is not a valid endpoint. [/home/rrivera/ots/srcs/otsdaq-firmware/cactus/projects/ftbf/kc705_strip_module/top/top.srcs/constrs_1/imports/ucf/clock_constraints.tcl:39]
Resolution: A valid end point is a data pin of a sequential cell or a primary output or inout port. Please validate that all the objects returned by your query belong to this list.
WARNING: [Constraints 18-401] set_max_delay: 'strip_imp/write_data[10]_i_3' is not a valid endpoint. [/home/rrivera/ots/srcs/otsdaq-firmware/cactus/projects/ftbf/kc705_strip_module/top/top.srcs/constrs_1/imports/ucf/clock_constraints.tcl:39]
Resolution: A valid end point is a data pin of a sequential cell or a primary output or inout port. Please validate that all the objects returned by your query belong to this list.
WARNING: [Constraints 18-401] set_max_delay: 'strip_imp/write_data[10]_i_24' is not a valid endpoint. [/home/rrivera/ots/srcs/otsdaq-firmware/cactus/projects/ftbf/kc705_strip_module/top/top.srcs/constrs_1/imports/ucf/clock_constraints.tcl:39]
Resolution: A valid end point is a data pin of a sequential cell or a primary output or inout port. Please validate that all the objects returned by your query belong to this list.
WARNING: [Constraints 18-401] set_max_delay: 'strip_imp/write_data[10]_i_23' is not a valid endpoint. [/home/rrivera/ots/srcs/otsdaq-firmware/cactus/projects/ftbf/kc705_strip_module/top/top.srcs/constrs_1/imports/ucf/clock_constraints.tcl:39]
Resolution: A valid end point is a data pin of a sequential cell or a primary output or inout port. Please validate that all the objects returned by your query belong to this list.
WARNING: [Constraints 18-401] set_max_delay: 'strip_imp/write_data[10]_i_22' is not a valid endpoint. [/home/rrivera/ots/srcs/otsdaq-firmware/cactus/projects/ftbf/kc705_strip_module/top/top.srcs/constrs_1/imports/ucf/clock_constraints.tcl:39]
Resolution: A valid end point is a data pin of a sequential cell or a primary output or inout port. Please validate that all the objects returned by your query belong to this list.
WARNING: [Constraints 18-401] set_max_delay: 'strip_imp/write_data[10]_i_21' is not a valid endpoint. [/home/rrivera/ots/srcs/otsdaq-firmware/cactus/projects/ftbf/kc705_strip_module/top/top.srcs/constrs_1/imports/ucf/clock_constraints.tcl:39]
Resolution: A valid end point is a data pin of a sequential cell or a primary output or inout port. Please validate that all the objects returned by your query belong to this list.
WARNING: [Constraints 18-401] set_max_delay: 'strip_imp/write_data[10]_i_20' is not a valid endpoint. [/home/rrivera/ots/srcs/otsdaq-firmware/cactus/projects/ftbf/kc705_strip_module/top/top.srcs/constrs_1/imports/ucf/clock_constraints.tcl:39]
Resolution: A valid end point is a data pin of a sequential cell or a primary output or inout port. Please validate that all the objects returned by your query belong to this list.
WARNING: [Constraints 18-401] set_max_delay: 'strip_imp/write_data[10]_i_2' is not a valid endpoint. [/home/rrivera/ots/srcs/otsdaq-firmware/cactus/projects/ftbf/kc705_strip_module/top/top.srcs/constrs_1/imports/ucf/clock_constraints.tcl:39]
Resolution: A valid end point is a data pin of a sequential cell or a primary output or inout port. Please validate that all the objects returned by your query belong to this list.
WARNING: [Constraints 18-401] set_max_delay: 'strip_imp/write_data[10]_i_19' is not a valid endpoint. [/home/rrivera/ots/srcs/otsdaq-firmware/cactus/projects/ftbf/kc705_strip_module/top/top.srcs/constrs_1/imports/ucf/clock_constraints.tcl:39]
Resolution: A valid end point is a data pin of a sequential cell or a primary output or inout port. Please validate that all the objects returned by your query belong to this list.
WARNING: [Constraints 18-401] set_max_delay: 'strip_imp/write_data[10]_i_18' is not a valid endpoint. [/home/rrivera/ots/srcs/otsdaq-firmware/cactus/projects/ftbf/kc705_strip_module/top/top.srcs/constrs_1/imports/ucf/clock_constraints.tcl:39]
Resolution: A valid end point is a data pin of a sequential cell or a primary output or inout port. Please validate that all the objects returned by your query belong to this list.
WARNING: [Constraints 18-401] set_max_delay: 'strip_imp/write_data[10]_i_17' is not a valid endpoint. [/home/rrivera/ots/srcs/otsdaq-firmware/cactus/projects/ftbf/kc705_strip_module/top/top.srcs/constrs_1/imports/ucf/clock_constraints.tcl:39]
Resolution: A valid end point is a data pin of a sequential cell or a primary output or inout port. Please validate that all the objects returned by your query belong to this list.
WARNING: [Constraints 18-401] set_max_delay: 'strip_imp/write_data[10]_i_16' is not a valid endpoint. [/home/rrivera/ots/srcs/otsdaq-firmware/cactus/projects/ftbf/kc705_strip_module/top/top.srcs/constrs_1/imports/ucf/clock_constraints.tcl:39]
Resolution: A valid end point is a data pin of a sequential cell or a primary output or inout port. Please validate that all the objects returned by your query belong to this list.
WARNING: [Constraints 18-401] set_max_delay: 'strip_imp/write_data[10]_i_15' is not a valid endpoint. [/home/rrivera/ots/srcs/otsdaq-firmware/cactus/projects/ftbf/kc705_strip_module/top/top.srcs/constrs_1/imports/ucf/clock_constraints.tcl:39]
Resolution: A valid end point is a data pin of a sequential cell or a primary output or inout port. Please validate that all the objects returned by your query belong to this list.
WARNING: [Constraints 18-401] set_max_delay: 'strip_imp/write_data[10]_i_14' is not a valid endpoint. [/home/rrivera/ots/srcs/otsdaq-firmware/cactus/projects/ftbf/kc705_strip_module/top/top.srcs/constrs_1/imports/ucf/clock_constraints.tcl:39]
Resolution: A valid end point is a data pin of a sequential cell or a primary output or inout port. Please validate that all the objects returned by your query belong to this list.
WARNING: [Constraints 18-401] set_max_delay: 'strip_imp/write_data[10]_i_13' is not a valid endpoint. [/home/rrivera/ots/srcs/otsdaq-firmware/cactus/projects/ftbf/kc705_strip_module/top/top.srcs/constrs_1/imports/ucf/clock_constraints.tcl:39]
Resolution: A valid end point is a data pin of a sequential cell or a primary output or inout port. Please validate that all the objects returned by your query belong to this list.
WARNING: [Constraints 18-401] set_max_delay: 'strip_imp/write_data[10]_i_12' is not a valid endpoint. [/home/rrivera/ots/srcs/otsdaq-firmware/cactus/projects/ftbf/kc705_strip_module/top/top.srcs/constrs_1/imports/ucf/clock_constraints.tcl:39]
Resolution: A valid end point is a data pin of a sequential cell or a primary output or inout port. Please validate that all the objects returned by your query belong to this list.
WARNING: [Constraints 18-401] set_max_delay: 'strip_imp/write_data[10]_i_10' is not a valid endpoint. [/home/rrivera/ots/srcs/otsdaq-firmware/cactus/projects/ftbf/kc705_strip_module/top/top.srcs/constrs_1/imports/ucf/clock_constraints.tcl:39]
Resolution: A valid end point is a data pin of a sequential cell or a primary output or inout port. Please validate that all the objects returned by your query belong to this list.
WARNING: [Constraints 18-401] set_max_delay: 'strip_imp/write_data[0]_i_9' is not a valid endpoint. [/home/rrivera/ots/srcs/otsdaq-firmware/cactus/projects/ftbf/kc705_strip_module/top/top.srcs/constrs_1/imports/ucf/clock_constraints.tcl:39]
Resolution: A valid end point is a data pin of a sequential cell or a primary output or inout port. Please validate that all the objects returned by your query belong to this list.
WARNING: [Constraints 18-401] set_max_delay: 'strip_imp/write_data[0]_i_8' is not a valid endpoint. [/home/rrivera/ots/srcs/otsdaq-firmware/cactus/projects/ftbf/kc705_strip_module/top/top.srcs/constrs_1/imports/ucf/clock_constraints.tcl:39]
Resolution: A valid end point is a data pin of a sequential cell or a primary output or inout port. Please validate that all the objects returned by your query belong to this list.
WARNING: [Constraints 18-401] set_max_delay: 'strip_imp/write_data[0]_i_7' is not a valid endpoint. [/home/rrivera/ots/srcs/otsdaq-firmware/cactus/projects/ftbf/kc705_strip_module/top/top.srcs/constrs_1/imports/ucf/clock_constraints.tcl:39]
Resolution: A valid end point is a data pin of a sequential cell or a primary output or inout port. Please validate that all the objects returned by your query belong to this list.
WARNING: [Constraints 18-401] set_max_delay: 'strip_imp/write_data[0]_i_6' is not a valid endpoint. [/home/rrivera/ots/srcs/otsdaq-firmware/cactus/projects/ftbf/kc705_strip_module/top/top.srcs/constrs_1/imports/ucf/clock_constraints.tcl:39]
Resolution: A valid end point is a data pin of a sequential cell or a primary output or inout port. Please validate that all the objects returned by your query belong to this list.
WARNING: [Constraints 18-401] set_max_delay: 'strip_imp/write_data[0]_i_5' is not a valid endpoint. [/home/rrivera/ots/srcs/otsdaq-firmware/cactus/projects/ftbf/kc705_strip_module/top/top.srcs/constrs_1/imports/ucf/clock_constraints.tcl:39]
Resolution: A valid end point is a data pin of a sequential cell or a primary output or inout port. Please validate that all the objects returned by your query belong to this list.
WARNING: [Constraints 18-401] set_max_delay: 'strip_imp/write_data[0]_i_4' is not a valid endpoint. [/home/rrivera/ots/srcs/otsdaq-firmware/cactus/projects/ftbf/kc705_strip_module/top/top.srcs/constrs_1/imports/ucf/clock_constraints.tcl:39]
Resolution: A valid end point is a data pin of a sequential cell or a primary output or inout port. Please validate that all the objects returned by your query belong to this list.
WARNING: [Constraints 18-401] set_max_delay: 'strip_imp/write_data[0]_i_33' is not a valid endpoint. [/home/rrivera/ots/srcs/otsdaq-firmware/cactus/projects/ftbf/kc705_strip_module/top/top.srcs/constrs_1/imports/ucf/clock_constraints.tcl:39]
Resolution: A valid end point is a data pin of a sequential cell or a primary output or inout port. Please validate that all the objects returned by your query belong to this list.
WARNING: [Constraints 18-401] set_max_delay: 'strip_imp/write_data[0]_i_32' is not a valid endpoint. [/home/rrivera/ots/srcs/otsdaq-firmware/cactus/projects/ftbf/kc705_strip_module/top/top.srcs/constrs_1/imports/ucf/clock_constraints.tcl:39]
Resolution: A valid end point is a data pin of a sequential cell or a primary output or inout port. Please validate that all the objects returned by your query belong to this list.
WARNING: [Constraints 18-401] set_max_delay: 'strip_imp/write_data[0]_i_31' is not a valid endpoint. [/home/rrivera/ots/srcs/otsdaq-firmware/cactus/projects/ftbf/kc705_strip_module/top/top.srcs/constrs_1/imports/ucf/clock_constraints.tcl:39]
Resolution: A valid end point is a data pin of a sequential cell or a primary output or inout port. Please validate that all the objects returned by your query belong to this list.
WARNING: [Constraints 18-401] set_max_delay: 'strip_imp/write_data[0]_i_30' is not a valid endpoint. [/home/rrivera/ots/srcs/otsdaq-firmware/cactus/projects/ftbf/kc705_strip_module/top/top.srcs/constrs_1/imports/ucf/clock_constraints.tcl:39]
Resolution: A valid end point is a data pin of a sequential cell or a primary output or inout port. Please validate that all the objects returned by your query belong to this list.
WARNING: [Constraints 18-401] set_max_delay: 'strip_imp/write_data[0]_i_3' is not a valid endpoint. [/home/rrivera/ots/srcs/otsdaq-firmware/cactus/projects/ftbf/kc705_strip_module/top/top.srcs/constrs_1/imports/ucf/clock_constraints.tcl:39]
Resolution: A valid end point is a data pin of a sequential cell or a primary output or inout port. Please validate that all the objects returned by your query belong to this list.
WARNING: [Constraints 18-401] set_max_delay: 'strip_imp/write_data[0]_i_29' is not a valid endpoint. [/home/rrivera/ots/srcs/otsdaq-firmware/cactus/projects/ftbf/kc705_strip_module/top/top.srcs/constrs_1/imports/ucf/clock_constraints.tcl:39]
Resolution: A valid end point is a data pin of a sequential cell or a primary output or inout port. Please validate that all the objects returned by your query belong to this list.
WARNING: [Constraints 18-401] set_max_delay: 'strip_imp/write_data[0]_i_28' is not a valid endpoint. [/home/rrivera/ots/srcs/otsdaq-firmware/cactus/projects/ftbf/kc705_strip_module/top/top.srcs/constrs_1/imports/ucf/clock_constraints.tcl:39]
Resolution: A valid end point is a data pin of a sequential cell or a primary output or inout port. Please validate that all the objects returned by your query belong to this list.
WARNING: [Constraints 18-401] set_max_delay: 'strip_imp/write_data[0]_i_27' is not a valid endpoint. [/home/rrivera/ots/srcs/otsdaq-firmware/cactus/projects/ftbf/kc705_strip_module/top/top.srcs/constrs_1/imports/ucf/clock_constraints.tcl:39]
Resolution: A valid end point is a data pin of a sequential cell or a primary output or inout port. Please validate that all the objects returned by your query belong to this list.
WARNING: [Constraints 18-401] set_max_delay: 'strip_imp/write_data[0]_i_26' is not a valid endpoint. [/home/rrivera/ots/srcs/otsdaq-firmware/cactus/projects/ftbf/kc705_strip_module/top/top.srcs/constrs_1/imports/ucf/clock_constraints.tcl:39]
Resolution: A valid end point is a data pin of a sequential cell or a primary output or inout port. Please validate that all the objects returned by your query belong to this list.
WARNING: [Constraints 18-401] set_max_delay: 'strip_imp/write_data[0]_i_25' is not a valid endpoint. [/home/rrivera/ots/srcs/otsdaq-firmware/cactus/projects/ftbf/kc705_strip_module/top/top.srcs/constrs_1/imports/ucf/clock_constraints.tcl:39]
Resolution: A valid end point is a data pin of a sequential cell or a primary output or inout port. Please validate that all the objects returned by your query belong to this list.
WARNING: [Constraints 18-401] set_max_delay: 'strip_imp/write_data[0]_i_24' is not a valid endpoint. [/home/rrivera/ots/srcs/otsdaq-firmware/cactus/projects/ftbf/kc705_strip_module/top/top.srcs/constrs_1/imports/ucf/clock_constraints.tcl:39]
Resolution: A valid end point is a data pin of a sequential cell or a primary output or inout port. Please validate that all the objects returned by your query belong to this list.
WARNING: [Constraints 18-401] set_max_delay: 'strip_imp/write_data[0]_i_23' is not a valid endpoint. [/home/rrivera/ots/srcs/otsdaq-firmware/cactus/projects/ftbf/kc705_strip_module/top/top.srcs/constrs_1/imports/ucf/clock_constraints.tcl:39]
Resolution: A valid end point is a data pin of a sequential cell or a primary output or inout port. Please validate that all the objects returned by your query belong to this list.
WARNING: [Constraints 18-401] set_max_delay: 'strip_imp/write_data[0]_i_22' is not a valid endpoint. [/home/rrivera/ots/srcs/otsdaq-firmware/cactus/projects/ftbf/kc705_strip_module/top/top.srcs/constrs_1/imports/ucf/clock_constraints.tcl:39]
Resolution: A valid end point is a data pin of a sequential cell or a primary output or inout port. Please validate that all the objects returned by your query belong to this list.
WARNING: [Constraints 18-401] set_max_delay: 'strip_imp/write_data[0]_i_21' is not a valid endpoint. [/home/rrivera/ots/srcs/otsdaq-firmware/cactus/projects/ftbf/kc705_strip_module/top/top.srcs/constrs_1/imports/ucf/clock_constraints.tcl:39]
Resolution: A valid end point is a data pin of a sequential cell or a primary output or inout port. Please validate that all the objects returned by your query belong to this list.
WARNING: [Constraints 18-401] set_max_delay: 'strip_imp/write_data[0]_i_20' is not a valid endpoint. [/home/rrivera/ots/srcs/otsdaq-firmware/cactus/projects/ftbf/kc705_strip_module/top/top.srcs/constrs_1/imports/ucf/clock_constraints.tcl:39]
Resolution: A valid end point is a data pin of a sequential cell or a primary output or inout port. Please validate that all the objects returned by your query belong to this list.
WARNING: [Constraints 18-401] set_max_delay: 'strip_imp/write_data[0]_i_2' is not a valid endpoint. [/home/rrivera/ots/srcs/otsdaq-firmware/cactus/projects/ftbf/kc705_strip_module/top/top.srcs/constrs_1/imports/ucf/clock_constraints.tcl:39]
Resolution: A valid end point is a data pin of a sequential cell or a primary output or inout port. Please validate that all the objects returned by your query belong to this list.
WARNING: [Constraints 18-401] set_max_delay: 'strip_imp/write_data[0]_i_19' is not a valid endpoint. [/home/rrivera/ots/srcs/otsdaq-firmware/cactus/projects/ftbf/kc705_strip_module/top/top.srcs/constrs_1/imports/ucf/clock_constraints.tcl:39]
Resolution: A valid end point is a data pin of a sequential cell or a primary output or inout port. Please validate that all the objects returned by your query belong to this list.
WARNING: [Constraints 18-401] set_max_delay: 'strip_imp/write_data[0]_i_18' is not a valid endpoint. [/home/rrivera/ots/srcs/otsdaq-firmware/cactus/projects/ftbf/kc705_strip_module/top/top.srcs/constrs_1/imports/ucf/clock_constraints.tcl:39]
Resolution: A valid end point is a data pin of a sequential cell or a primary output or inout port. Please validate that all the objects returned by your query belong to this list.
WARNING: [Constraints 18-401] set_max_delay: 'strip_imp/write_data[0]_i_17' is not a valid endpoint. [/home/rrivera/ots/srcs/otsdaq-firmware/cactus/projects/ftbf/kc705_strip_module/top/top.srcs/constrs_1/imports/ucf/clock_constraints.tcl:39]
Resolution: A valid end point is a data pin of a sequential cell or a primary output or inout port. Please validate that all the objects returned by your query belong to this list.
WARNING: [Constraints 18-401] set_max_delay: 'strip_imp/write_data[0]_i_16' is not a valid endpoint. [/home/rrivera/ots/srcs/otsdaq-firmware/cactus/projects/ftbf/kc705_strip_module/top/top.srcs/constrs_1/imports/ucf/clock_constraints.tcl:39]
Resolution: A valid end point is a data pin of a sequential cell or a primary output or inout port. Please validate that all the objects returned by your query belong to this list.
WARNING: [Constraints 18-401] set_max_delay: 'strip_imp/write_data[0]_i_15' is not a valid endpoint. [/home/rrivera/ots/srcs/otsdaq-firmware/cactus/projects/ftbf/kc705_strip_module/top/top.srcs/constrs_1/imports/ucf/clock_constraints.tcl:39]
Resolution: A valid end point is a data pin of a sequential cell or a primary output or inout port. Please validate that all the objects returned by your query belong to this list.
WARNING: [Constraints 18-401] set_max_delay: 'strip_imp/write_data[0]_i_14' is not a valid endpoint. [/home/rrivera/ots/srcs/otsdaq-firmware/cactus/projects/ftbf/kc705_strip_module/top/top.srcs/constrs_1/imports/ucf/clock_constraints.tcl:39]
Resolution: A valid end point is a data pin of a sequential cell or a primary output or inout port. Please validate that all the objects returned by your query belong to this list.
WARNING: [Constraints 18-401] set_max_delay: 'strip_imp/write_data[0]_i_13' is not a valid endpoint. [/home/rrivera/ots/srcs/otsdaq-firmware/cactus/projects/ftbf/kc705_strip_module/top/top.srcs/constrs_1/imports/ucf/clock_constraints.tcl:39]
Resolution: A valid end point is a data pin of a sequential cell or a primary output or inout port. Please validate that all the objects returned by your query belong to this list.
WARNING: [Constraints 18-401] set_max_delay: 'strip_imp/write_data[0]_i_12' is not a valid endpoint. [/home/rrivera/ots/srcs/otsdaq-firmware/cactus/projects/ftbf/kc705_strip_module/top/top.srcs/constrs_1/imports/ucf/clock_constraints.tcl:39]
Resolution: A valid end point is a data pin of a sequential cell or a primary output or inout port. Please validate that all the objects returned by your query belong to this list.
WARNING: [Constraints 18-401] set_max_delay: 'strip_imp/write_data[0]_i_10' is not a valid endpoint. [/home/rrivera/ots/srcs/otsdaq-firmware/cactus/projects/ftbf/kc705_strip_module/top/top.srcs/constrs_1/imports/ucf/clock_constraints.tcl:39]
Resolution: A valid end point is a data pin of a sequential cell or a primary output or inout port. Please validate that all the objects returned by your query belong to this list.
WARNING: [Constraints 18-401] set_max_delay: 'strip_imp/write_data[0]_i_1' is not a valid endpoint. [/home/rrivera/ots/srcs/otsdaq-firmware/cactus/projects/ftbf/kc705_strip_module/top/top.srcs/constrs_1/imports/ucf/clock_constraints.tcl:39]
Resolution: A valid end point is a data pin of a sequential cell or a primary output or inout port. Please validate that all the objects returned by your query belong to this list.
WARNING: [Constraints 18-401] set_max_delay: 'strip_imp/write_data[17]_i_9' is not a valid endpoint. [/home/rrivera/ots/srcs/otsdaq-firmware/cactus/projects/ftbf/kc705_strip_module/top/top.srcs/constrs_1/imports/ucf/clock_constraints.tcl:39]
Resolution: A valid end point is a data pin of a sequential cell or a primary output or inout port. Please validate that all the objects returned by your query belong to this list.
WARNING: [Constraints 18-401] set_max_delay: 'strip_imp/write_data[17]_i_8' is not a valid endpoint. [/home/rrivera/ots/srcs/otsdaq-firmware/cactus/projects/ftbf/kc705_strip_module/top/top.srcs/constrs_1/imports/ucf/clock_constraints.tcl:39]
Resolution: A valid end point is a data pin of a sequential cell or a primary output or inout port. Please validate that all the objects returned by your query belong to this list.
WARNING: [Constraints 18-401] set_max_delay: 'strip_imp/write_data[17]_i_7' is not a valid endpoint. [/home/rrivera/ots/srcs/otsdaq-firmware/cactus/projects/ftbf/kc705_strip_module/top/top.srcs/constrs_1/imports/ucf/clock_constraints.tcl:39]
Resolution: A valid end point is a data pin of a sequential cell or a primary output or inout port. Please validate that all the objects returned by your query belong to this list.
WARNING: [Constraints 18-401] set_max_delay: 'strip_imp/write_data[17]_i_6' is not a valid endpoint. [/home/rrivera/ots/srcs/otsdaq-firmware/cactus/projects/ftbf/kc705_strip_module/top/top.srcs/constrs_1/imports/ucf/clock_constraints.tcl:39]
Resolution: A valid end point is a data pin of a sequential cell or a primary output or inout port. Please validate that all the objects returned by your query belong to this list.
WARNING: [Constraints 18-401] set_max_delay: 'strip_imp/write_data[17]_i_5' is not a valid endpoint. [/home/rrivera/ots/srcs/otsdaq-firmware/cactus/projects/ftbf/kc705_strip_module/top/top.srcs/constrs_1/imports/ucf/clock_constraints.tcl:39]
Resolution: A valid end point is a data pin of a sequential cell or a primary output or inout port. Please validate that all the objects returned by your query belong to this list.
WARNING: [Constraints 18-401] set_max_delay: 'strip_imp/write_data[17]_i_4' is not a valid endpoint. [/home/rrivera/ots/srcs/otsdaq-firmware/cactus/projects/ftbf/kc705_strip_module/top/top.srcs/constrs_1/imports/ucf/clock_constraints.tcl:39]
Resolution: A valid end point is a data pin of a sequential cell or a primary output or inout port. Please validate that all the objects returned by your query belong to this list.
WARNING: [Constraints 18-401] set_max_delay: 'strip_imp/write_data[17]_i_31' is not a valid endpoint. [/home/rrivera/ots/srcs/otsdaq-firmware/cactus/projects/ftbf/kc705_strip_module/top/top.srcs/constrs_1/imports/ucf/clock_constraints.tcl:39]
Resolution: A valid end point is a data pin of a sequential cell or a primary output or inout port. Please validate that all the objects returned by your query belong to this list.
WARNING: [Constraints 18-401] set_max_delay: 'strip_imp/write_data[17]_i_30' is not a valid endpoint. [/home/rrivera/ots/srcs/otsdaq-firmware/cactus/projects/ftbf/kc705_strip_module/top/top.srcs/constrs_1/imports/ucf/clock_constraints.tcl:39]
Resolution: A valid end point is a data pin of a sequential cell or a primary output or inout port. Please validate that all the objects returned by your query belong to this list.
WARNING: [Constraints 18-401] set_max_delay: 'strip_imp/write_data[17]_i_3' is not a valid endpoint. [/home/rrivera/ots/srcs/otsdaq-firmware/cactus/projects/ftbf/kc705_strip_module/top/top.srcs/constrs_1/imports/ucf/clock_constraints.tcl:39]
Resolution: A valid end point is a data pin of a sequential cell or a primary output or inout port. Please validate that all the objects returned by your query belong to this list.
WARNING: [Constraints 18-401] set_max_delay: 'strip_imp/write_data[17]_i_29' is not a valid endpoint. [/home/rrivera/ots/srcs/otsdaq-firmware/cactus/projects/ftbf/kc705_strip_module/top/top.srcs/constrs_1/imports/ucf/clock_constraints.tcl:39]
Resolution: A valid end point is a data pin of a sequential cell or a primary output or inout port. Please validate that all the objects returned by your query belong to this list.
WARNING: [Constraints 18-401] set_max_delay: 'strip_imp/write_data[17]_i_28' is not a valid endpoint. [/home/rrivera/ots/srcs/otsdaq-firmware/cactus/projects/ftbf/kc705_strip_module/top/top.srcs/constrs_1/imports/ucf/clock_constraints.tcl:39]
Resolution: A valid end point is a data pin of a sequential cell or a primary output or inout port. Please validate that all the objects returned by your query belong to this list.
WARNING: [Constraints 18-401] set_max_delay: 'strip_imp/write_data[17]_i_27' is not a valid endpoint. [/home/rrivera/ots/srcs/otsdaq-firmware/cactus/projects/ftbf/kc705_strip_module/top/top.srcs/constrs_1/imports/ucf/clock_constraints.tcl:39]
Resolution: A valid end point is a data pin of a sequential cell or a primary output or inout port. Please validate that all the objects returned by your query belong to this list.
WARNING: [Constraints 18-401] set_max_delay: 'strip_imp/write_data[17]_i_26' is not a valid endpoint. [/home/rrivera/ots/srcs/otsdaq-firmware/cactus/projects/ftbf/kc705_strip_module/top/top.srcs/constrs_1/imports/ucf/clock_constraints.tcl:39]
Resolution: A valid end point is a data pin of a sequential cell or a primary output or inout port. Please validate that all the objects returned by your query belong to this list.
WARNING: [Constraints 18-401] set_max_delay: 'strip_imp/write_data[17]_i_25' is not a valid endpoint. [/home/rrivera/ots/srcs/otsdaq-firmware/cactus/projects/ftbf/kc705_strip_module/top/top.srcs/constrs_1/imports/ucf/clock_constraints.tcl:39]
Resolution: A valid end point is a data pin of a sequential cell or a primary output or inout port. Please validate that all the objects returned by your query belong to this list.
WARNING: [Constraints 18-401] set_max_delay: 'strip_imp/write_data[17]_i_24' is not a valid endpoint. [/home/rrivera/ots/srcs/otsdaq-firmware/cactus/projects/ftbf/kc705_strip_module/top/top.srcs/constrs_1/imports/ucf/clock_constraints.tcl:39]
Resolution: A valid end point is a data pin of a sequential cell or a primary output or inout port. Please validate that all the objects returned by your query belong to this list.
WARNING: [Constraints 18-401] set_max_delay: 'strip_imp/write_data[17]_i_23' is not a valid endpoint. [/home/rrivera/ots/srcs/otsdaq-firmware/cactus/projects/ftbf/kc705_strip_module/top/top.srcs/constrs_1/imports/ucf/clock_constraints.tcl:39]
Resolution: A valid end point is a data pin of a sequential cell or a primary output or inout port. Please validate that all the objects returned by your query belong to this list.
WARNING: [Constraints 18-401] set_max_delay: 'strip_imp/write_data[17]_i_22' is not a valid endpoint. [/home/rrivera/ots/srcs/otsdaq-firmware/cactus/projects/ftbf/kc705_strip_module/top/top.srcs/constrs_1/imports/ucf/clock_constraints.tcl:39]
Resolution: A valid end point is a data pin of a sequential cell or a primary output or inout port. Please validate that all the objects returned by your query belong to this list.
WARNING: [Constraints 18-401] set_max_delay: 'strip_imp/write_data[17]_i_21' is not a valid endpoint. [/home/rrivera/ots/srcs/otsdaq-firmware/cactus/projects/ftbf/kc705_strip_module/top/top.srcs/constrs_1/imports/ucf/clock_constraints.tcl:39]
Resolution: A valid end point is a data pin of a sequential cell or a primary output or inout port. Please validate that all the objects returned by your query belong to this list.
WARNING: [Constraints 18-401] set_max_delay: 'strip_imp/write_data[17]_i_20' is not a valid endpoint. [/home/rrivera/ots/srcs/otsdaq-firmware/cactus/projects/ftbf/kc705_strip_module/top/top.srcs/constrs_1/imports/ucf/clock_constraints.tcl:39]
Resolution: A valid end point is a data pin of a sequential cell or a primary output or inout port. Please validate that all the objects returned by your query belong to this list.
WARNING: [Constraints 18-401] set_max_delay: 'strip_imp/write_data[17]_i_2' is not a valid endpoint. [/home/rrivera/ots/srcs/otsdaq-firmware/cactus/projects/ftbf/kc705_strip_module/top/top.srcs/constrs_1/imports/ucf/clock_constraints.tcl:39]
Resolution: A valid end point is a data pin of a sequential cell or a primary output or inout port. Please validate that all the objects returned by your query belong to this list.
WARNING: [Constraints 18-401] set_max_delay: 'strip_imp/write_data[17]_i_19' is not a valid endpoint. [/home/rrivera/ots/srcs/otsdaq-firmware/cactus/projects/ftbf/kc705_strip_module/top/top.srcs/constrs_1/imports/ucf/clock_constraints.tcl:39]
Resolution: A valid end point is a data pin of a sequential cell or a primary output or inout port. Please validate that all the objects returned by your query belong to this list.
WARNING: [Constraints 18-401] set_max_delay: 'strip_imp/write_data[17]_i_18' is not a valid endpoint. [/home/rrivera/ots/srcs/otsdaq-firmware/cactus/projects/ftbf/kc705_strip_module/top/top.srcs/constrs_1/imports/ucf/clock_constraints.tcl:39]
Resolution: A valid end point is a data pin of a sequential cell or a primary output or inout port. Please validate that all the objects returned by your query belong to this list.
WARNING: [Constraints 18-401] set_max_delay: 'strip_imp/write_data[17]_i_17' is not a valid endpoint. [/home/rrivera/ots/srcs/otsdaq-firmware/cactus/projects/ftbf/kc705_strip_module/top/top.srcs/constrs_1/imports/ucf/clock_constraints.tcl:39]
Resolution: A valid end point is a data pin of a sequential cell or a primary output or inout port. Please validate that all the objects returned by your query belong to this list.
WARNING: [Constraints 18-401] set_max_delay: 'strip_imp/write_data[17]_i_16' is not a valid endpoint. [/home/rrivera/ots/srcs/otsdaq-firmware/cactus/projects/ftbf/kc705_strip_module/top/top.srcs/constrs_1/imports/ucf/clock_constraints.tcl:39]
Resolution: A valid end point is a data pin of a sequential cell or a primary output or inout port. Please validate that all the objects returned by your query belong to this list.
WARNING: [Constraints 18-401] set_max_delay: 'strip_imp/write_data[17]_i_15' is not a valid endpoint. [/home/rrivera/ots/srcs/otsdaq-firmware/cactus/projects/ftbf/kc705_strip_module/top/top.srcs/constrs_1/imports/ucf/clock_constraints.tcl:39]
Resolution: A valid end point is a data pin of a sequential cell or a primary output or inout port. Please validate that all the objects returned by your query belong to this list.
WARNING: [Constraints 18-401] set_max_delay: 'strip_imp/write_data[17]_i_14' is not a valid endpoint. [/home/rrivera/ots/srcs/otsdaq-firmware/cactus/projects/ftbf/kc705_strip_module/top/top.srcs/constrs_1/imports/ucf/clock_constraints.tcl:39]
Resolution: A valid end point is a data pin of a sequential cell or a primary output or inout port. Please validate that all the objects returned by your query belong to this list.
WARNING: [Constraints 18-401] set_max_delay: 'strip_imp/write_data[17]_i_13' is not a valid endpoint. [/home/rrivera/ots/srcs/otsdaq-firmware/cactus/projects/ftbf/kc705_strip_module/top/top.srcs/constrs_1/imports/ucf/clock_constraints.tcl:39]
Resolution: A valid end point is a data pin of a sequential cell or a primary output or inout port. Please validate that all the objects returned by your query belong to this list.
WARNING: [Constraints 18-401] set_max_delay: 'strip_imp/write_data[17]_i_12' is not a valid endpoint. [/home/rrivera/ots/srcs/otsdaq-firmware/cactus/projects/ftbf/kc705_strip_module/top/top.srcs/constrs_1/imports/ucf/clock_constraints.tcl:39]
Resolution: A valid end point is a data pin of a sequential cell or a primary output or inout port. Please validate that all the objects returned by your query belong to this list.
WARNING: [Constraints 18-401] set_max_delay: 'strip_imp/write_data[17]_i_11' is not a valid endpoint. [/home/rrivera/ots/srcs/otsdaq-firmware/cactus/projects/ftbf/kc705_strip_module/top/top.srcs/constrs_1/imports/ucf/clock_constraints.tcl:39]
Resolution: A valid end point is a data pin of a sequential cell or a primary output or inout port. Please validate that all the objects returned by your query belong to this list.
INFO: [Common 17-14] Message 'Constraints 18-401' appears 100 times and further instances of the messages will be disabled. Use the Tcl command set_msg_config to change the current settings.
WARNING: [Constraints 18-402] set_max_delay: 'eth_interface/data_manager_blk/RAM_COMM_DEC/ram_wdata[63]_i_1' is not a valid startpoint. [/home/rrivera/ots/srcs/otsdaq-firmware/cactus/projects/ftbf/kc705_strip_module/top/top.srcs/constrs_1/imports/ucf/clock_constraints.tcl:41]
Resolution: A valid start point is a main or generated clock pin or port, a clock pin of a sequential cell, or a primary input or inout port. Please validate that all the objects returned by your query belong to this list.
WARNING: [Constraints 18-402] set_max_delay: 'strip_imp/G[0].chipserdes0_imp/DOUT[31]_i_1' is not a valid startpoint. [/home/rrivera/ots/srcs/otsdaq-firmware/cactus/projects/ftbf/kc705_strip_module/top/top.srcs/constrs_1/imports/ucf/clock_constraints.tcl:50]
Resolution: A valid start point is a main or generated clock pin or port, a clock pin of a sequential cell, or a primary input or inout port. Please validate that all the objects returned by your query belong to this list.
WARNING: [Constraints 18-402] set_max_delay: 'strip_imp/G[0].chipserdes1_imp/DOUT[31]_i_1' is not a valid startpoint. [/home/rrivera/ots/srcs/otsdaq-firmware/cactus/projects/ftbf/kc705_strip_module/top/top.srcs/constrs_1/imports/ucf/clock_constraints.tcl:50]
Resolution: A valid start point is a main or generated clock pin or port, a clock pin of a sequential cell, or a primary input or inout port. Please validate that all the objects returned by your query belong to this list.
WARNING: [Constraints 18-402] set_max_delay: 'strip_imp/G[0].chipserdes2_imp/DOUT[31]_i_1' is not a valid startpoint. [/home/rrivera/ots/srcs/otsdaq-firmware/cactus/projects/ftbf/kc705_strip_module/top/top.srcs/constrs_1/imports/ucf/clock_constraints.tcl:50]
Resolution: A valid start point is a main or generated clock pin or port, a clock pin of a sequential cell, or a primary input or inout port. Please validate that all the objects returned by your query belong to this list.
WARNING: [Constraints 18-402] set_max_delay: 'strip_imp/G[0].chipserdes3_imp/DOUT[31]_i_1' is not a valid startpoint. [/home/rrivera/ots/srcs/otsdaq-firmware/cactus/projects/ftbf/kc705_strip_module/top/top.srcs/constrs_1/imports/ucf/clock_constraints.tcl:50]
Resolution: A valid start point is a main or generated clock pin or port, a clock pin of a sequential cell, or a primary input or inout port. Please validate that all the objects returned by your query belong to this list.
WARNING: [Constraints 18-402] set_max_delay: 'strip_imp/G[0].chipserdes4_imp/DOUT[31]_i_1' is not a valid startpoint. [/home/rrivera/ots/srcs/otsdaq-firmware/cactus/projects/ftbf/kc705_strip_module/top/top.srcs/constrs_1/imports/ucf/clock_constraints.tcl:50]
Resolution: A valid start point is a main or generated clock pin or port, a clock pin of a sequential cell, or a primary input or inout port. Please validate that all the objects returned by your query belong to this list.
WARNING: [Constraints 18-402] set_max_delay: 'strip_imp/G[1].chipserdes0_imp/DOUT[31]_i_1' is not a valid startpoint. [/home/rrivera/ots/srcs/otsdaq-firmware/cactus/projects/ftbf/kc705_strip_module/top/top.srcs/constrs_1/imports/ucf/clock_constraints.tcl:50]
Resolution: A valid start point is a main or generated clock pin or port, a clock pin of a sequential cell, or a primary input or inout port. Please validate that all the objects returned by your query belong to this list.
WARNING: [Constraints 18-402] set_max_delay: 'strip_imp/G[1].chipserdes1_imp/DOUT[31]_i_1' is not a valid startpoint. [/home/rrivera/ots/srcs/otsdaq-firmware/cactus/projects/ftbf/kc705_strip_module/top/top.srcs/constrs_1/imports/ucf/clock_constraints.tcl:50]
Resolution: A valid start point is a main or generated clock pin or port, a clock pin of a sequential cell, or a primary input or inout port. Please validate that all the objects returned by your query belong to this list.
WARNING: [Constraints 18-402] set_max_delay: 'strip_imp/G[1].chipserdes2_imp/DOUT[31]_i_1' is not a valid startpoint. [/home/rrivera/ots/srcs/otsdaq-firmware/cactus/projects/ftbf/kc705_strip_module/top/top.srcs/constrs_1/imports/ucf/clock_constraints.tcl:50]
Resolution: A valid start point is a main or generated clock pin or port, a clock pin of a sequential cell, or a primary input or inout port. Please validate that all the objects returned by your query belong to this list.
WARNING: [Constraints 18-402] set_max_delay: 'strip_imp/G[1].chipserdes3_imp/DOUT[31]_i_1' is not a valid startpoint. [/home/rrivera/ots/srcs/otsdaq-firmware/cactus/projects/ftbf/kc705_strip_module/top/top.srcs/constrs_1/imports/ucf/clock_constraints.tcl:50]
Resolution: A valid start point is a main or generated clock pin or port, a clock pin of a sequential cell, or a primary input or inout port. Please validate that all the objects returned by your query belong to this list.
WARNING: [Constraints 18-402] set_max_delay: 'strip_imp/G[1].chipserdes4_imp/DOUT[31]_i_1' is not a valid startpoint. [/home/rrivera/ots/srcs/otsdaq-firmware/cactus/projects/ftbf/kc705_strip_module/top/top.srcs/constrs_1/imports/ucf/clock_constraints.tcl:50]
Resolution: A valid start point is a main or generated clock pin or port, a clock pin of a sequential cell, or a primary input or inout port. Please validate that all the objects returned by your query belong to this list.
INFO: [Timing 38-35] Done setting XDC timing constraints.

Phase 2.1.2 IO & Clk Clean Up
WARNING: [Place 30-574] Poor placement for routing between an IO pin and BUFG. This is normally an ERROR but the CLOCK_DEDICATED_ROUTE constraint is set to FALSE allowing your design to continue. The use of this override is highly discouraged as it may lead to very poor timing results. It is recommended that this error condition be corrected in the design.

	ext_bcoclk_ibuf (IBUFDS.O) is locked to IOB_X0Y88
	ext_bcoclk_bufg (BUFG.I) is provisionally placed by clockplacer on BUFGCTRL_X0Y5
Resolution: Poor placement of an IO pin and a BUFG has resulted in the router using a non-dedicated path between the two.  There are several things that could trigger this DRC, each of which can cause unpredictable clock insertion delays that result in poor timing.  This DRC could be caused by any of the following: (a) a clock port was placed on a pin that is not a CCIO-pin (b)the BUFG has not been placed in the same half of the device or SLR as the CCIO-pin (c) a single ended clock has been placed on the N-Side of a differential pair CCIO-pin.
Phase 2.1.2 IO & Clk Clean Up | Checksum: 008c2863

Time (s): cpu = 00:00:15 ; elapsed = 00:00:10 . Memory (MB): peak = 2386.750 ; gain = 60.023 ; free physical = 16313 ; free virtual = 55810

Phase 2.1.3 Implementation Feasibility check On IDelay
Phase 2.1.3 Implementation Feasibility check On IDelay | Checksum: 008c2863

Time (s): cpu = 00:00:15 ; elapsed = 00:00:11 . Memory (MB): peak = 2386.750 ; gain = 60.023 ; free physical = 16314 ; free virtual = 55811

Phase 2.1.4 Commit IO Placement
Phase 2.1.4 Commit IO Placement | Checksum: 05a3e3c9

Time (s): cpu = 00:00:15 ; elapsed = 00:00:11 . Memory (MB): peak = 2386.750 ; gain = 60.023 ; free physical = 16314 ; free virtual = 55811
Phase 2.1 IO Placement/ Clock Placement/ Build Placer Device | Checksum: bf101e4e

Time (s): cpu = 00:00:15 ; elapsed = 00:00:11 . Memory (MB): peak = 2386.750 ; gain = 60.023 ; free physical = 16314 ; free virtual = 55811

Phase 2.2 Build Placer Netlist Model

Phase 2.2.1 Place Init Design

Phase 2.2.1.1 Init Lut Pin Assignment
Phase 2.2.1.1 Init Lut Pin Assignment | Checksum: 1708a01d0

Time (s): cpu = 00:00:17 ; elapsed = 00:00:12 . Memory (MB): peak = 2386.750 ; gain = 60.023 ; free physical = 16297 ; free virtual = 55795
Phase 2.2.1 Place Init Design | Checksum: 1859bb416

Time (s): cpu = 00:00:37 ; elapsed = 00:00:18 . Memory (MB): peak = 2397.742 ; gain = 71.016 ; free physical = 16204 ; free virtual = 55701
Phase 2.2 Build Placer Netlist Model | Checksum: 1859bb416

Time (s): cpu = 00:00:37 ; elapsed = 00:00:18 . Memory (MB): peak = 2397.742 ; gain = 71.016 ; free physical = 16204 ; free virtual = 55701

Phase 2.3 Constrain Clocks/Macros

Phase 2.3.1 Constrain Global/Regional Clocks
Phase 2.3.1 Constrain Global/Regional Clocks | Checksum: 1859bb416

Time (s): cpu = 00:00:37 ; elapsed = 00:00:18 . Memory (MB): peak = 2397.742 ; gain = 71.016 ; free physical = 16204 ; free virtual = 55701
Phase 2.3 Constrain Clocks/Macros | Checksum: 1859bb416

Time (s): cpu = 00:00:38 ; elapsed = 00:00:18 . Memory (MB): peak = 2397.742 ; gain = 71.016 ; free physical = 16204 ; free virtual = 55701
Phase 2 Placer Initialization | Checksum: 1859bb416

Time (s): cpu = 00:00:38 ; elapsed = 00:00:18 . Memory (MB): peak = 2397.742 ; gain = 71.016 ; free physical = 16204 ; free virtual = 55701

Phase 3 Global Placement
Phase 3 Global Placement | Checksum: 1959bd5da

Time (s): cpu = 00:01:12 ; elapsed = 00:00:34 . Memory (MB): peak = 2555.930 ; gain = 229.203 ; free physical = 16113 ; free virtual = 55610

Phase 4 Detail Placement

Phase 4.1 Commit Multi Column Macros
Phase 4.1 Commit Multi Column Macros | Checksum: 1959bd5da

Time (s): cpu = 00:01:12 ; elapsed = 00:00:35 . Memory (MB): peak = 2555.930 ; gain = 229.203 ; free physical = 16110 ; free virtual = 55607

Phase 4.2 Commit Most Macros & LUTRAMs
Phase 4.2 Commit Most Macros & LUTRAMs | Checksum: 21e0add2f

Time (s): cpu = 00:01:29 ; elapsed = 00:00:40 . Memory (MB): peak = 2555.930 ; gain = 229.203 ; free physical = 16141 ; free virtual = 55638

Phase 4.3 Area Swap Optimization
Phase 4.3 Area Swap Optimization | Checksum: 288e4d09d

Time (s): cpu = 00:01:30 ; elapsed = 00:00:40 . Memory (MB): peak = 2555.930 ; gain = 229.203 ; free physical = 16141 ; free virtual = 55638

Phase 4.4 updateClock Trees: DP
Phase 4.4 updateClock Trees: DP | Checksum: 288e4d09d

Time (s): cpu = 00:01:30 ; elapsed = 00:00:40 . Memory (MB): peak = 2555.930 ; gain = 229.203 ; free physical = 16141 ; free virtual = 55638

Phase 4.5 Timing Path Optimizer
Phase 4.5 Timing Path Optimizer | Checksum: 2022eb53d

Time (s): cpu = 00:01:36 ; elapsed = 00:00:42 . Memory (MB): peak = 2555.930 ; gain = 229.203 ; free physical = 16140 ; free virtual = 55638

Phase 4.6 Small Shape Detail Placement

Phase 4.6.1 Commit Small Macros & Core Logic

Phase 4.6.1.1 setBudgets
Phase 4.6.1.1 setBudgets | Checksum: 1d43a16d3

Time (s): cpu = 00:01:36 ; elapsed = 00:00:42 . Memory (MB): peak = 2555.930 ; gain = 229.203 ; free physical = 16140 ; free virtual = 55638

Phase 4.6.1.2 Commit Slice Clusters
Phase 4.6.1.2 Commit Slice Clusters | Checksum: 18b318c00

Time (s): cpu = 00:01:44 ; elapsed = 00:00:49 . Memory (MB): peak = 2555.930 ; gain = 229.203 ; free physical = 16143 ; free virtual = 55640
Phase 4.6.1 Commit Small Macros & Core Logic | Checksum: 18b318c00

Time (s): cpu = 00:01:44 ; elapsed = 00:00:49 . Memory (MB): peak = 2555.930 ; gain = 229.203 ; free physical = 16143 ; free virtual = 55640

Phase 4.6.2 Clock Restriction Legalization for Leaf Columns
Phase 4.6.2 Clock Restriction Legalization for Leaf Columns | Checksum: 18b318c00

Time (s): cpu = 00:01:45 ; elapsed = 00:00:49 . Memory (MB): peak = 2555.930 ; gain = 229.203 ; free physical = 16143 ; free virtual = 55640

Phase 4.6.3 Clock Restriction Legalization for Non-Clock Pins
Phase 4.6.3 Clock Restriction Legalization for Non-Clock Pins | Checksum: 18b318c00

Time (s): cpu = 00:01:45 ; elapsed = 00:00:50 . Memory (MB): peak = 2555.930 ; gain = 229.203 ; free physical = 16143 ; free virtual = 55640
Phase 4.6 Small Shape Detail Placement | Checksum: 18b318c00

Time (s): cpu = 00:01:45 ; elapsed = 00:00:50 . Memory (MB): peak = 2555.930 ; gain = 229.203 ; free physical = 16143 ; free virtual = 55640

Phase 4.7 Re-assign LUT pins
Phase 4.7 Re-assign LUT pins | Checksum: 18b318c00

Time (s): cpu = 00:01:46 ; elapsed = 00:00:51 . Memory (MB): peak = 2555.930 ; gain = 229.203 ; free physical = 16142 ; free virtual = 55640
Phase 4 Detail Placement | Checksum: 18b318c00

Time (s): cpu = 00:01:46 ; elapsed = 00:00:51 . Memory (MB): peak = 2555.930 ; gain = 229.203 ; free physical = 16142 ; free virtual = 55640

Phase 5 Post Placement Optimization and Clean-Up

Phase 5.1 PCOPT Shape updates
Phase 5.1 PCOPT Shape updates | Checksum: 16862b4cf

Time (s): cpu = 00:01:46 ; elapsed = 00:00:51 . Memory (MB): peak = 2555.930 ; gain = 229.203 ; free physical = 16142 ; free virtual = 55640

Phase 5.2 Post Commit Optimization

Phase 5.2.1 updateClock Trees: PCOPT
Phase 5.2.1 updateClock Trees: PCOPT | Checksum: 16862b4cf

Time (s): cpu = 00:01:46 ; elapsed = 00:00:51 . Memory (MB): peak = 2555.930 ; gain = 229.203 ; free physical = 16142 ; free virtual = 55640

Phase 5.2.2 Post Placement Optimization

Phase 5.2.2.1 Post Placement Timing Optimization
INFO: [Place 30-746] Post Placement Timing Summary WNS=1.406. For the most accurate timing information please run report_timing.
Phase 5.2.2.1 Post Placement Timing Optimization | Checksum: 1d805289b

Time (s): cpu = 00:01:59 ; elapsed = 00:00:54 . Memory (MB): peak = 2555.930 ; gain = 229.203 ; free physical = 16142 ; free virtual = 55640
Phase 5.2.2 Post Placement Optimization | Checksum: 1d805289b

Time (s): cpu = 00:01:59 ; elapsed = 00:00:54 . Memory (MB): peak = 2555.930 ; gain = 229.203 ; free physical = 16142 ; free virtual = 55640
Phase 5.2 Post Commit Optimization | Checksum: 1d805289b

Time (s): cpu = 00:01:59 ; elapsed = 00:00:54 . Memory (MB): peak = 2555.930 ; gain = 229.203 ; free physical = 16142 ; free virtual = 55640

Phase 5.3 Sweep Clock Roots: Post-Placement
Phase 5.3 Sweep Clock Roots: Post-Placement | Checksum: 1d805289b

Time (s): cpu = 00:01:59 ; elapsed = 00:00:54 . Memory (MB): peak = 2555.930 ; gain = 229.203 ; free physical = 16142 ; free virtual = 55640

Phase 5.4 Post Placement Cleanup
Phase 5.4 Post Placement Cleanup | Checksum: 1d805289b

Time (s): cpu = 00:01:59 ; elapsed = 00:00:54 . Memory (MB): peak = 2555.930 ; gain = 229.203 ; free physical = 16142 ; free virtual = 55640

Phase 5.5 Placer Reporting

Phase 5.5.1 Restore STA
Phase 5.5.1 Restore STA | Checksum: 1d805289b

Time (s): cpu = 00:01:59 ; elapsed = 00:00:54 . Memory (MB): peak = 2555.930 ; gain = 229.203 ; free physical = 16143 ; free virtual = 55640
Phase 5.5 Placer Reporting | Checksum: 1d805289b

Time (s): cpu = 00:01:59 ; elapsed = 00:00:55 . Memory (MB): peak = 2555.930 ; gain = 229.203 ; free physical = 16143 ; free virtual = 55640

Phase 5.6 Final Placement Cleanup
Phase 5.6 Final Placement Cleanup | Checksum: 2013101cb

Time (s): cpu = 00:01:59 ; elapsed = 00:00:55 . Memory (MB): peak = 2555.930 ; gain = 229.203 ; free physical = 16143 ; free virtual = 55640
Phase 5 Post Placement Optimization and Clean-Up | Checksum: 2013101cb

Time (s): cpu = 00:02:00 ; elapsed = 00:00:55 . Memory (MB): peak = 2555.930 ; gain = 229.203 ; free physical = 16143 ; free virtual = 55640
Ending Placer Task | Checksum: 14ad76521

Time (s): cpu = 00:02:00 ; elapsed = 00:00:55 . Memory (MB): peak = 2555.930 ; gain = 229.203 ; free physical = 16143 ; free virtual = 55640
INFO: [Common 17-83] Releasing license: Implementation
89 Infos, 387 Warnings, 3 Critical Warnings and 0 Errors encountered.
place_design completed successfully
place_design: Time (s): cpu = 00:02:04 ; elapsed = 00:00:57 . Memory (MB): peak = 2555.930 ; gain = 229.203 ; free physical = 16143 ; free virtual = 55640
Writing placer database...
Writing XDEF routing.
Writing XDEF routing logical nets.
Writing XDEF routing special nets.
Write XDEF Complete: Time (s): cpu = 00:00:06 ; elapsed = 00:00:02 . Memory (MB): peak = 2555.930 ; gain = 0.000 ; free physical = 16097 ; free virtual = 55639
write_checkpoint: Time (s): cpu = 00:00:10 ; elapsed = 00:00:05 . Memory (MB): peak = 2555.930 ; gain = 0.000 ; free physical = 16130 ; free virtual = 55639
report_io: Time (s): cpu = 00:00:00.19 ; elapsed = 00:00:00.25 . Memory (MB): peak = 2555.930 ; gain = 0.000 ; free physical = 16129 ; free virtual = 55639
report_utilization: Time (s): cpu = 00:00:00.76 ; elapsed = 00:00:00.82 . Memory (MB): peak = 2555.930 ; gain = 0.000 ; free physical = 16130 ; free virtual = 55639
report_control_sets: Time (s): cpu = 00:00:00.15 ; elapsed = 00:00:00.19 . Memory (MB): peak = 2555.930 ; gain = 0.000 ; free physical = 16129 ; free virtual = 55639
Command: route_design
Attempting to get a license for feature 'Implementation' and/or device 'xc7k325t'
INFO: [Common 17-349] Got license for feature 'Implementation' and/or device 'xc7k325t'
INFO: [Common 17-1223] The version limit for your license is '2018.05' and will expire in -295 days. A version limit expiration means that, although you may be able to continue to use the current version of tools or IP with this license, you will not be eligible for any updates or new releases.
Running DRC as a precondition to command route_design
INFO: [DRC 23-27] Running DRC with 8 threads
WARNING: [DRC 23-20] Rule violation (PLCK-12) Clock Placer Checks - Poor placement for routing between an IO pin and BUFG. 
Resolution: Poor placement of an IO pin and a BUFG has resulted in the router using a non-dedicated path between the two.  There are several things that could trigger this DRC, each of which can cause unpredictable clock insertion delays that result in poor timing.  This DRC could be caused by any of the following: (a) a clock port was placed on a pin that is not a CCIO-pin (b)the BUFG has not been placed in the same half of the device or SLR as the CCIO-pin (c) a single ended clock has been placed on the N-Side of a differential pair CCIO-pin.
This is normally an ERROR but the CLOCK_DEDICATED_ROUTE constraint is set to FALSE allowing your design to continue. The use of this override is highly discouraged as it may lead to very poor timing results. It is recommended that this error condition be corrected in the design.

	ext_bcoclk_ibuf (IBUFDS.O) is locked to AA25
	ext_bcoclk_bufg (BUFG.I) is provisionally placed by clockplacer on BUFGCTRL_X0Y5

INFO: [Vivado_Tcl 4-198] DRC finished with 0 Errors, 1 Warnings
INFO: [Vivado_Tcl 4-199] Please refer to the DRC report (report_drc) for more information.


Starting Routing Task
INFO: [Route 35-254] Multithreading enabled for route_design using a maximum of 8 CPUs

Phase 1 Build RT Design
Phase 1 Build RT Design | Checksum: cf523346

Time (s): cpu = 00:00:59 ; elapsed = 00:00:45 . Memory (MB): peak = 2559.973 ; gain = 4.043 ; free physical = 16049 ; free virtual = 55559

Phase 2 Router Initialization

Phase 2.1 Create Timer
Phase 2.1 Create Timer | Checksum: cf523346

Time (s): cpu = 00:01:00 ; elapsed = 00:00:46 . Memory (MB): peak = 2559.973 ; gain = 4.043 ; free physical = 16047 ; free virtual = 55557

Phase 2.2 Pre Route Cleanup
Phase 2.2 Pre Route Cleanup | Checksum: cf523346

Time (s): cpu = 00:01:00 ; elapsed = 00:00:46 . Memory (MB): peak = 2562.957 ; gain = 7.027 ; free physical = 16008 ; free virtual = 55518
 Number of Nodes with overlaps = 0

Phase 2.3 Update Timing
Phase 2.3 Update Timing | Checksum: b2358b18

Time (s): cpu = 00:01:29 ; elapsed = 00:00:57 . Memory (MB): peak = 2628.840 ; gain = 72.910 ; free physical = 15940 ; free virtual = 55451
INFO: [Route 35-57] Estimated Timing Summary | WNS=1.516  | TNS=0.000  | WHS=-2.176 | THS=-2693.081|

Phase 2 Router Initialization | Checksum: f138d8ba

Time (s): cpu = 00:01:40 ; elapsed = 00:00:59 . Memory (MB): peak = 2628.840 ; gain = 72.910 ; free physical = 15940 ; free virtual = 55450

Phase 3 Initial Routing
Phase 3 Initial Routing | Checksum: dc58502d

Time (s): cpu = 00:02:27 ; elapsed = 00:01:07 . Memory (MB): peak = 2741.828 ; gain = 185.898 ; free physical = 15804 ; free virtual = 55314

Phase 4 Rip-up And Reroute

Phase 4.1 Global Iteration 0
 Number of Nodes with overlaps = 4289
 Number of Nodes with overlaps = 189
 Number of Nodes with overlaps = 0

Phase 4.1.1 Update Timing
Phase 4.1.1 Update Timing | Checksum: 238dc7b3c

Time (s): cpu = 00:05:22 ; elapsed = 00:01:52 . Memory (MB): peak = 2775.828 ; gain = 219.898 ; free physical = 15766 ; free virtual = 55276
INFO: [Route 35-57] Estimated Timing Summary | WNS=0.282  | TNS=0.000  | WHS=N/A    | THS=N/A    |

Phase 4.1 Global Iteration 0 | Checksum: 194324507

Time (s): cpu = 00:05:22 ; elapsed = 00:01:52 . Memory (MB): peak = 2775.828 ; gain = 219.898 ; free physical = 15766 ; free virtual = 55276
Phase 4 Rip-up And Reroute | Checksum: 194324507

Time (s): cpu = 00:05:23 ; elapsed = 00:01:52 . Memory (MB): peak = 2775.828 ; gain = 219.898 ; free physical = 15766 ; free virtual = 55276

Phase 5 Delay and Skew Optimization

Phase 5.1 Delay CleanUp

Phase 5.1.1 Update Timing
Phase 5.1.1 Update Timing | Checksum: 1a12746db

Time (s): cpu = 00:05:26 ; elapsed = 00:01:53 . Memory (MB): peak = 2775.828 ; gain = 219.898 ; free physical = 15766 ; free virtual = 55276
INFO: [Route 35-57] Estimated Timing Summary | WNS=0.299  | TNS=0.000  | WHS=N/A    | THS=N/A    |

Phase 5.1 Delay CleanUp | Checksum: 1a12746db

Time (s): cpu = 00:05:26 ; elapsed = 00:01:53 . Memory (MB): peak = 2775.828 ; gain = 219.898 ; free physical = 15766 ; free virtual = 55276

Phase 5.2 Clock Skew Optimization
Phase 5.2 Clock Skew Optimization | Checksum: 1a12746db

Time (s): cpu = 00:05:26 ; elapsed = 00:01:53 . Memory (MB): peak = 2775.828 ; gain = 219.898 ; free physical = 15766 ; free virtual = 55276
Phase 5 Delay and Skew Optimization | Checksum: 1a12746db

Time (s): cpu = 00:05:26 ; elapsed = 00:01:53 . Memory (MB): peak = 2775.828 ; gain = 219.898 ; free physical = 15766 ; free virtual = 55276

Phase 6 Post Hold Fix

Phase 6.1 Update Timing
Phase 6.1 Update Timing | Checksum: 1add3cbed

Time (s): cpu = 00:05:31 ; elapsed = 00:01:54 . Memory (MB): peak = 2775.828 ; gain = 219.898 ; free physical = 15766 ; free virtual = 55276
INFO: [Route 35-57] Estimated Timing Summary | WNS=0.299  | TNS=0.000  | WHS=-0.188 | THS=-0.508 |

Phase 6 Post Hold Fix | Checksum: 19cce2124

Time (s): cpu = 00:09:21 ; elapsed = 00:02:26 . Memory (MB): peak = 4469.828 ; gain = 1913.898 ; free physical = 14078 ; free virtual = 53588

Phase 7 Route finalize

Router Utilization Summary
  Global Vertical Routing Utilization    = 2.78973 %
  Global Horizontal Routing Utilization  = 3.57742 %
  Routable Net Status*
  *Does not include unroutable nets such as driverless and loadless.
  Run report_route_status for detailed report.
  Number of Failed Nets               = 0
  Number of Unrouted Nets             = 0
  Number of Partially Routed Nets     = 0
  Number of Node Overlaps             = 0

Phase 7 Route finalize | Checksum: 1a3825e19

Time (s): cpu = 00:09:22 ; elapsed = 00:02:26 . Memory (MB): peak = 4469.828 ; gain = 1913.898 ; free physical = 14078 ; free virtual = 53588

Phase 8 Verifying routed nets

 Verification completed successfully
Phase 8 Verifying routed nets | Checksum: 1a3825e19

Time (s): cpu = 00:09:22 ; elapsed = 00:02:26 . Memory (MB): peak = 4469.828 ; gain = 1913.898 ; free physical = 14078 ; free virtual = 53588

Phase 9 Depositing Routes
Phase 9 Depositing Routes | Checksum: 21c5f99cd

Time (s): cpu = 00:09:24 ; elapsed = 00:02:28 . Memory (MB): peak = 4469.828 ; gain = 1913.898 ; free physical = 14077 ; free virtual = 53587

Phase 10 Post Router Timing

Phase 10.1 Update Timing
Phase 10.1 Update Timing | Checksum: 21c5f99cd

Time (s): cpu = 00:09:28 ; elapsed = 00:02:29 . Memory (MB): peak = 4469.828 ; gain = 1913.898 ; free physical = 14077 ; free virtual = 53587
INFO: [Route 35-57] Estimated Timing Summary | WNS=0.299  | TNS=0.000  | WHS=-0.113 | THS=-0.311 |

WARNING: [Route 35-328] Router estimated timing not met.
Resolution: For a complete and accurate timing signoff, report_timing_summary must be run after route_design. Alternatively, route_design can be run with the -timing_summary option to enable a complete timing signoff at the end of route_design.
Phase 10 Post Router Timing | Checksum: 21c5f99cd

Time (s): cpu = 00:09:28 ; elapsed = 00:02:29 . Memory (MB): peak = 4469.828 ; gain = 1913.898 ; free physical = 14077 ; free virtual = 53587
INFO: [Route 35-16] Router Completed Successfully

Time (s): cpu = 00:09:28 ; elapsed = 00:02:29 . Memory (MB): peak = 4469.828 ; gain = 1913.898 ; free physical = 14077 ; free virtual = 53587

Routing Is Done.
INFO: [Common 17-83] Releasing license: Implementation
102 Infos, 389 Warnings, 3 Critical Warnings and 0 Errors encountered.
route_design completed successfully
route_design: Time (s): cpu = 00:09:32 ; elapsed = 00:02:31 . Memory (MB): peak = 4469.828 ; gain = 1913.898 ; free physical = 14077 ; free virtual = 53587
Writing placer database...
Writing XDEF routing.
Writing XDEF routing logical nets.
Writing XDEF routing special nets.
Write XDEF Complete: Time (s): cpu = 00:00:07 ; elapsed = 00:00:02 . Memory (MB): peak = 4509.844 ; gain = 0.000 ; free physical = 14020 ; free virtual = 53587
write_checkpoint: Time (s): cpu = 00:00:11 ; elapsed = 00:00:06 . Memory (MB): peak = 4509.844 ; gain = 40.016 ; free physical = 14062 ; free virtual = 53587
INFO: [DRC 23-27] Running DRC with 8 threads
INFO: [Coretcl 2-168] The results of DRC are in file /home/rrivera/ots/srcs/otsdaq-firmware/cactus/projects/ftbf/kc705_strip_module/top/top.runs/impl_1/top_drc_routed.rpt.
INFO: [Timing 38-91] UpdateTimingParams: Speed grade: -2, Delay Type: min_max.
INFO: [Timing 38-191] Multithreading enabled for timing update using a maximum of 8 CPUs
CRITICAL WARNING: [Timing 38-282] The design failed to meet the timing requirements. Please see the timing summary report for details on the timing violations.
report_timing_summary: Time (s): cpu = 00:00:22 ; elapsed = 00:00:05 . Memory (MB): peak = 4509.844 ; gain = 0.000 ; free physical = 14055 ; free virtual = 53584
Running Vector-less Activity Propagation...

Finished Running Vector-less Activity Propagation
WARNING: [Power 33-218] MMCM/PLL RST static_probability should be either 0 or 1, power analysis is using 0 by default.
Use 'set_switching_activity -static_probability 1 -signal_rate 0 [get_nets strip_imp/strip_csr_reg_n_0_[31]]'  to set the static_probability to '1'  if desired.
Attempting to get a license for feature 'Implementation' and/or device 'xc7k325t'
INFO: [Common 17-349] Got license for feature 'Implementation' and/or device 'xc7k325t'
INFO: [Common 17-1223] The version limit for your license is '2018.05' and will expire in -295 days. A version limit expiration means that, although you may be able to continue to use the current version of tools or IP with this license, you will not be eligible for any updates or new releases.
Running DRC as a precondition to command write_bitstream
INFO: [DRC 23-27] Running DRC with 8 threads
WARNING: [DRC 23-20] Rule violation (RTSTAT-10) No routable loads - 3 net(s) have no routable loads. The problem bus(es) and/or net(s) are u_ila_0/inst/clk2x, strip_imp/trigproc_imp/fbco[2], strip_imp/trigproc_imp/trig_fifo_we_reg__1.
INFO: [Vivado 12-3199] DRC finished with 0 Errors, 1 Warnings
INFO: [Vivado 12-3200] Please refer to the DRC report (report_drc) for more information.
Loading data files...
Loading site data...
Loading route data...
Processing options...
Creating bitmap...
Creating bitstream...
Bitstream compression saved 67153024 bits.
Writing bitstream ./top.bit...
INFO: [Vivado 12-1842] Bitgen Completed Successfully.
INFO: [Project 1-118] WebTalk data collection is enabled (User setting is ON. Install Setting is ON.).
INFO: [Common 17-186] '/home/rrivera/ots/srcs/otsdaq-firmware/cactus/projects/ftbf/kc705_strip_module/top/top.runs/impl_1/usage_statistics_webtalk.xml' has been successfully sent to Xilinx on Fri Mar 22 16:24:50 2019. For additional details about this file, please refer to the WebTalk help file at /opt/local/xilinx/Vivado/2015.2/doc/webtalk_introduction.html.
INFO: [Common 17-83] Releasing license: Implementation
write_bitstream: Time (s): cpu = 00:01:04 ; elapsed = 00:01:01 . Memory (MB): peak = 4509.844 ; gain = 0.000 ; free physical = 14049 ; free virtual = 53582
INFO: [Vivado_Tcl 4-395] Unable to parse hwdef file top.hwdef
INFO: [Common 17-206] Exiting Vivado at Fri Mar 22 16:24:50 2019...
