Release 14.7 - xst P.20131013 (lin64)
Copyright (c) 1995-2013 Xilinx, Inc.  All rights reserved.
--> 
Parameter TMPDIR set to xst/projnav.tmp


Total REAL time to Xst completion: 0.00 secs
Total CPU time to Xst completion: 0.05 secs
 
--> 
Parameter xsthdpdir set to xst


Total REAL time to Xst completion: 0.00 secs
Total CPU time to Xst completion: 0.05 secs
 
--> 
Reading design: top.prj

TABLE OF CONTENTS
  1) Synthesis Options Summary
  2) HDL Compilation
  3) Design Hierarchy Analysis
  4) HDL Analysis
  5) HDL Synthesis
     5.1) HDL Synthesis Report
  6) Advanced HDL Synthesis
     6.1) Advanced HDL Synthesis Report
  7) Low Level Synthesis
  8) Partition Report
  9) Final Report
	9.1) Device utilization summary
	9.2) Partition Resource Summary
	9.3) TIMING REPORT


=========================================================================
*                      Synthesis Options Summary                        *
=========================================================================
---- Source Parameters
Input File Name                    : "top.prj"
Input Format                       : mixed
Ignore Synthesis Constraint File   : NO

---- Target Parameters
Output File Name                   : "top"
Output Format                      : NGC
Target Device                      : xc4vlx25-10-ff668

---- Source Options
Top Module Name                    : top
Automatic FSM Extraction           : YES
FSM Encoding Algorithm             : Auto
Safe Implementation                : Yes
FSM Style                          : LUT
RAM Extraction                     : Yes
RAM Style                          : Auto
ROM Extraction                     : Yes
Mux Style                          : Auto
Decoder Extraction                 : YES
Priority Encoder Extraction        : Yes
Shift Register Extraction          : YES
Logical Shifter Extraction         : YES
XOR Collapsing                     : YES
ROM Style                          : Auto
Mux Extraction                     : Yes
Resource Sharing                   : YES
Asynchronous To Synchronous        : NO
Use DSP Block                      : Auto
Automatic Register Balancing       : Yes

---- Target Options
Add IO Buffers                     : YES
Global Maximum Fanout              : 100000
Add Generic Clock Buffer(BUFG)     : 32
Number of Regional Clock Buffers   : 24
Register Duplication               : YES
Move First FlipFlop Stage          : YES
Move Last FlipFlop Stage           : YES
Slice Packing                      : YES
Optimize Instantiated Primitives   : NO
Use Clock Enable                   : Auto
Use Synchronous Set                : Auto
Use Synchronous Reset              : Auto
Pack IO Registers into IOBs        : False
Equivalent register Removal        : YES

---- General Options
Optimization Goal                  : Speed
Optimization Effort                : 2
Power Reduction                    : NO
Keep Hierarchy                     : Yes
Netlist Hierarchy                  : As_Optimized
RTL Output                         : Yes
Global Optimization                : AllClockNets
Read Cores                         : YES
Write Timing Constraints           : NO
Cross Clock Analysis               : NO
Hierarchy Separator                : /
Bus Delimiter                      : <>
Case Specifier                     : Maintain
Slice Utilization Ratio            : 100
BRAM Utilization Ratio             : 100
DSP48 Utilization Ratio            : 100
Verilog 2001                       : YES
Auto BRAM Packing                  : NO
Slice Utilization Ratio Delta      : 5

---- Other Options
Cores Search Directories           : {"../strip" "../work_eth/ipcore_dir"  }

=========================================================================


=========================================================================
*                          HDL Compilation                              *
=========================================================================
Compiling vhdl file "/home/rrivera/ots/srcs/otsdaq-firmware/cactus/projects/ftbf/stib_slave_ots/work_eth/params_package.vhd" in Library work.
Package <params_package> compiled.
Package body <params_package> compiled.
Compiling vhdl file "/home/rrivera/ots/srcs/otsdaq-firmware/cactus/projects/ftbf/stib_slave_ots/work_eth/address_container.vhd" in Library work.
Entity <address_container> compiled.
Entity <address_container> (Architecture <arch>) compiled.
Compiling vhdl file "/home/rrivera/ots/srcs/otsdaq-firmware/cactus/projects/ftbf/stib_slave_ots/work_eth/arp_reply.vhd" in Library work.
Entity <arp_reply> compiled.
Entity <arp_reply> (Architecture <arp_reply_arch>) compiled.
Compiling vhdl file "/home/rrivera/ots/srcs/otsdaq-firmware/cactus/projects/ftbf/stib_slave_ots/work_eth/or33.vhd" in Library work.
Entity <or33> compiled.
Entity <or33> (Architecture <or33_arch>) compiled.
Compiling vhdl file "/home/rrivera/ots/srcs/otsdaq-firmware/cactus/projects/ftbf/stib_slave_ots/work_eth/ip_checksum_calc.vhd" in Library work.
Entity <ip_checksum_calc> compiled.
Entity <ip_checksum_calc> (Architecture <arch>) compiled.
Compiling vhdl file "/home/rrivera/ots/srcs/otsdaq-firmware/cactus/projects/ftbf/stib_slave_ots/work_eth/create_packet.vhd" in Library work.
Entity <create_packet> compiled.
Entity <create_packet> (Architecture <create_packet_arch>) compiled.
Compiling vhdl file "/home/rrivera/ots/srcs/otsdaq-firmware/cactus/projects/ftbf/stib_slave_ots/work_eth/dataout_mux.vhd" in Library work.
Entity <dataout_mux> compiled.
Entity <dataout_mux> (Architecture <dataout_mux_arch>) compiled.
Compiling vhdl file "/home/rrivera/ots/srcs/otsdaq-firmware/cactus/projects/ftbf/stib_slave_ots/work_eth/decipherer.vhd" in Library work.
Entity <decipherer> compiled.
Entity <decipherer> (Architecture <decipherer_arch>) compiled.
Compiling vhdl file "/home/rrivera/ots/srcs/otsdaq-firmware/cactus/projects/ftbf/stib_slave_ots/work_eth/filter_data_out.vhd" in Library work.
Entity <filter_data_out> compiled.
Entity <filter_data_out> (Architecture <filter_data_out_arch>) compiled.
Compiling vhdl file "/home/rrivera/ots/srcs/otsdaq-firmware/cactus/projects/ftbf/stib_slave_ots/work_eth/icmp_ping_checksum_calc.vhd" in Library work.
Entity <icmp_ping_checksum_calc> compiled.
Entity <icmp_ping_checksum_calc> (Architecture <icmp_ping_checksum_calc_arch>) compiled.
Compiling vhdl file "/home/rrivera/ots/srcs/otsdaq-firmware/cactus/projects/ftbf/stib_slave_ots/work_eth/icmp_ping_shift_reg.vhd" in Library work.
Entity <icmp_ping_shift_reg> compiled.
Entity <icmp_ping_shift_reg> (Architecture <arch>) compiled.
Compiling vhdl file "/home/rrivera/ots/srcs/otsdaq-firmware/cactus/projects/ftbf/stib_slave_ots/work_eth/udp_data_splicer.vhd" in Library work.
Entity <udp_data_splicer> compiled.
Entity <udp_data_splicer> (Architecture <udp_data_splicer_arch>) compiled.
Compiling vhdl file "/home/rrivera/ots/srcs/otsdaq-firmware/cactus/projects/ftbf/stib_slave_ots/work_eth/user_addrs_mux.vhd" in Library work.
Entity <user_addrs_mux> compiled.
Entity <user_addrs_mux> (Architecture <user_addrs_mux_arch>) compiled.
Compiling vhdl file "/home/rrivera/ots/srcs/otsdaq-firmware/cactus/projects/ftbf/stib_slave_ots/work_eth/ipcore_dir/DATA_FIFO_0.vhd" in Library work.
Entity <DATA_FIFO_0> compiled.
Entity <DATA_FIFO_0> (Architecture <DATA_FIFO_0_a>) compiled.
Compiling vhdl file "/home/rrivera/ots/srcs/otsdaq-firmware/cactus/projects/ftbf/stib_slave_ots/work_eth/ipcore_dir/INFO_FIFO_0.vhd" in Library work.
Entity <INFO_FIFO_0> compiled.
Entity <INFO_FIFO_0> (Architecture <INFO_FIFO_0_a>) compiled.
Compiling vhdl file "/home/rrivera/ots/srcs/otsdaq-firmware/cactus/projects/ftbf/stib_slave_ots/work_eth/ipcore_dir/ADDR_FIFO.vhd" in Library work.
Entity <ADDR_FIFO> compiled.
Entity <ADDR_FIFO> (Architecture <ADDR_FIFO_a>) compiled.
Compiling vhdl file "/home/rrivera/ots/srcs/otsdaq-firmware/cactus/projects/ftbf/stib_slave_ots/work_eth/burst_controller_sm.vhd" in Library work.
Entity <burst_controller_sm> compiled.
Entity <burst_controller_sm> (Architecture <burst_controller_sm_arch>) compiled.
Compiling vhdl file "/home/rrivera/ots/srcs/otsdaq-firmware/cactus/projects/ftbf/stib_slave_ots/work_eth/rx_ctl.vhd" in Library work.
Entity <rx_ctl> compiled.
Entity <rx_ctl> (Architecture <arch>) compiled.
Compiling vhdl file "/home/rrivera/ots/srcs/otsdaq-firmware/cactus/projects/ftbf/stib_slave_ots/work_eth/ram_comm_dec.vhd" in Library work.
Entity <ram_comm_dec> compiled.
Entity <ram_comm_dec> (Architecture <arch>) compiled.
Compiling vhdl file "/home/rrivera/ots/srcs/otsdaq-firmware/cactus/projects/ftbf/stib_slave_ots/work_eth/tx_seq_ctl.vhd" in Library work.
Entity <tx_seq_ctl> compiled.
Entity <tx_seq_ctl> (Architecture <arch>) compiled.
Compiling vhdl file "/home/rrivera/ots/srcs/otsdaq-firmware/cactus/projects/ftbf/stib_slave_ots/work_eth/ethernet_controller.vhd" in Library work.
Entity <ethernet_controller> compiled.
Entity <ethernet_controller> (Architecture <arch>) compiled.
Compiling vhdl file "/home/rrivera/ots/srcs/otsdaq-firmware/cactus/projects/ftbf/stib_slave_ots/work_eth/xmii_handler.vhd" in Library work.
Entity <MII_100_1000_handler> compiled.
Entity <MII_100_1000_handler> (Architecture <arch>) compiled.
Compiling vhdl file "/home/rrivera/ots/srcs/otsdaq-firmware/cactus/projects/ftbf/stib_slave_ots/work_eth/crc_splice.vhd" in Library work.
Entity <crc_splice> compiled.
Entity <crc_splice> (Architecture <arch>) compiled.
Compiling vhdl file "/home/rrivera/ots/srcs/otsdaq-firmware/cactus/projects/ftbf/stib_slave_ots/strip/streamipbuf.vhd" in Library work.
Architecture streamipbuf_a of Entity streamipbuf is up to date.
Compiling vhdl file "/home/rrivera/ots/srcs/otsdaq-firmware/cactus/projects/ftbf/stib_slave_ots/strip/packetfifo.vhd" in Library work.
Architecture packetfifo_a of Entity packetfifo is up to date.
Compiling vhdl file "/home/rrivera/ots/srcs/otsdaq-firmware/cactus/projects/ftbf/stib_slave_ots/strip/chip_fifo.vhd" in Library work.
Architecture chip_fifo_a of Entity chip_fifo is up to date.
Compiling vhdl file "/home/rrivera/ots/srcs/otsdaq-firmware/cactus/projects/ftbf/stib_slave_ots/strip/trigcounter.vhd" in Library work.
Architecture trigcounter_a of Entity trigcounter is up to date.
Compiling vhdl file "/home/rrivera/ots/srcs/otsdaq-firmware/cactus/projects/ftbf/stib_slave_ots/strip/bcocounter.vhd" in Library work.
Architecture bcocounter_a of Entity bcocounter is up to date.
Compiling vhdl file "/home/rrivera/ots/srcs/otsdaq-firmware/cactus/projects/ftbf/stib_slave_ots/strip/fastbcocounter.vhd" in Library strip.
Architecture rtl of Entity fastbcocounter is up to date.
Compiling vhdl file "/home/rrivera/ots/srcs/otsdaq-firmware/cactus/projects/ftbf/stib_slave_ots/work_eth/ethernet_controller_wrapper.vhd" in Library work.
Entity <ethernet_controller_wrapper> compiled.
Entity <ethernet_controller_wrapper> (Architecture <arch>) compiled.
Compiling vhdl file "/home/rrivera/ots/srcs/otsdaq-firmware/cactus/projects/ftbf/stib_slave_ots/work_eth/data_manager.vhd" in Library work.
Entity <data_manager> compiled.
Entity <data_manager> (Architecture <BEHAVIORAL>) compiled.
Compiling vhdl file "/home/rrivera/ots/srcs/otsdaq-firmware/cactus/projects/ftbf/stib_slave_ots/work_eth/burst_traffic_controller.vhd" in Library work.
Entity <burst_traffic_controller> compiled.
Entity <burst_traffic_controller> (Architecture <burst_traffic_controller_arch>) compiled.
Compiling vhdl file "/home/rrivera/ots/srcs/otsdaq-firmware/cactus/projects/ftbf/stib_slave_ots/work_eth/reset_mgr.vhd" in Library work.
Entity <reset_mgr> compiled.
Entity <reset_mgr> (Architecture <Behavioral>) compiled.
Compiling vhdl file "/home/rrivera/ots/srcs/otsdaq-firmware/cactus/projects/ftbf/stib_slave_ots/stib/iobus.vhd" in Library stib.
Compiling vhdl file "/home/rrivera/ots/srcs/otsdaq-firmware/cactus/projects/ftbf/stib_slave_ots/strip/stripclk.vhd" in Library strip.
Architecture behavioral of Entity stripclk is up to date.
Compiling vhdl file "/home/rrivera/ots/srcs/otsdaq-firmware/cactus/projects/ftbf/stib_slave_ots/strip/stripdacspi.vhd" in Library strip.
Architecture rtl of Entity stripdacspi is up to date.
Compiling vhdl file "/home/rrivera/ots/srcs/otsdaq-firmware/cactus/projects/ftbf/stib_slave_ots/strip/stripdac.vhd" in Library strip.
Architecture rtl of Entity stripdac is up to date.
Compiling vhdl file "/home/rrivera/ots/srcs/otsdaq-firmware/cactus/projects/ftbf/stib_slave_ots/strip/stripreset.vhd" in Library strip.
Architecture rtl of Entity stripreset is up to date.
Compiling vhdl file "/home/rrivera/ots/srcs/otsdaq-firmware/cactus/projects/ftbf/stib_slave_ots/strip/stripsc.vhd" in Library strip.
Architecture behavioral of Entity stripsc is up to date.
Compiling vhdl file "/home/rrivera/ots/srcs/otsdaq-firmware/cactus/projects/ftbf/stib_slave_ots/strip/chipserdes.vhd" in Library strip.
Architecture rtl of Entity chipserdes is up to date.
Compiling vhdl file "/home/rrivera/ots/srcs/otsdaq-firmware/cactus/projects/ftbf/stib_slave_ots/strip/stripfifo.vhd" in Library strip.
Architecture behavioral of Entity stripfifo is up to date.
Compiling vhdl file "/home/rrivera/ots/srcs/otsdaq-firmware/cactus/projects/ftbf/stib_slave_ots/strip/trigbuf.vhd" in Library work.
Architecture trigbuf_a of Entity trigbuf is up to date.
Compiling vhdl file "/home/rrivera/ots/srcs/otsdaq-firmware/cactus/projects/ftbf/stib_slave_ots/strip/trigprim.vhd" in Library strip.
Architecture behavioral of Entity trigprim is up to date.
Compiling vhdl file "/home/rrivera/ots/srcs/otsdaq-firmware/cactus/projects/ftbf/stib_slave_ots/strip/trigproc.vhd" in Library strip.
Architecture behavioral of Entity trigproc is up to date.
Compiling vhdl file "/home/rrivera/ots/srcs/otsdaq-firmware/cactus/projects/ftbf/stib_slave_ots/strip/striptbm.vhd" in Library strip.
Architecture behavioral of Entity striptbm is up to date.
Compiling vhdl file "/home/rrivera/ots/srcs/otsdaq-firmware/cactus/projects/ftbf/stib_slave_ots/strip/stripana.vhd" in Library strip.
Architecture rtl of Entity stripana is up to date.
Compiling vhdl file "/home/rrivera/ots/srcs/otsdaq-firmware/cactus/projects/ftbf/stib_slave_ots/strip/stripstream.vhd" in Library strip.
Architecture behavioral of Entity stripstream is up to date.
Compiling vhdl file "/home/rrivera/ots/srcs/otsdaq-firmware/cactus/projects/ftbf/stib_slave_ots/work_eth/ethernet_interface.vhd" in Library work.
Entity <ethernet_interface> compiled.
Entity <ethernet_interface> (Architecture <BEHAVIORAL>) compiled.
Compiling vhdl file "/home/rrivera/ots/srcs/otsdaq-firmware/cactus/projects/ftbf/stib_slave_ots/slave/trigpattern.vhd" in Library work.
Entity <trigpattern> compiled.
Entity <trigpattern> (Architecture <RTL>) compiled.
Compiling vhdl file "/home/rrivera/ots/srcs/otsdaq-firmware/cactus/projects/ftbf/stib_slave_ots/slave/top.vhd" in Library work.
Entity <top> compiled.
Entity <top> (Architecture <RTL>) compiled.
Compiling vhdl file "/home/rrivera/ots/srcs/otsdaq-firmware/cactus/projects/ftbf/stib_slave_ots/strip/strip_interface.vhd" in Library strip.
Architecture behavioral of Entity strip_interface is up to date.
Compiling verilog file "../work_eth/crc_gen.v" in library work
Compiling verilog file "../work_eth/crc_chk.v" in library work
Module <crc_gen> compiled
Module <crc_chk> compiled
No errors in compilation
Analysis of file <"top.prj"> succeeded.
 

=========================================================================
*                     Design Hierarchy Analysis                         *
=========================================================================
Analyzing hierarchy for entity <top> in library <work> (architecture <RTL>) with generics.
	NSENSOR = 6
	NSENSOR_PADS = 6

Analyzing hierarchy for entity <ethernet_interface> in library <work> (architecture <BEHAVIORAL>).

Analyzing hierarchy for entity <strip_interface> in library <strip> (architecture <behavioral>) with generics.
	nsensor = 6

Analyzing hierarchy for entity <trigpattern> in library <work> (architecture <RTL>) with generics.
	CLOCK_EDGE = "FALLING"
	PATTERN = "01010"
	WIDTH = 1
WARNING:Xst:795 - "/home/rrivera/ots/srcs/otsdaq-firmware/cactus/projects/ftbf/stib_slave_ots/slave/trigpattern.vhd" line 24: Size of operands are different : result is <false>.

Analyzing hierarchy for entity <trigpattern> in library <work> (architecture <RTL>) with generics.
	CLOCK_EDGE = "FALLING"
	PATTERN = "01101"
	WIDTH = 4
WARNING:Xst:795 - "/home/rrivera/ots/srcs/otsdaq-firmware/cactus/projects/ftbf/stib_slave_ots/slave/trigpattern.vhd" line 24: Size of operands are different : result is <false>.

Analyzing hierarchy for entity <trigpattern> in library <work> (architecture <RTL>) with generics.
	CLOCK_EDGE = "FALLING"
	PATTERN = "00111"
	WIDTH = 2
WARNING:Xst:795 - "/home/rrivera/ots/srcs/otsdaq-firmware/cactus/projects/ftbf/stib_slave_ots/slave/trigpattern.vhd" line 24: Size of operands are different : result is <false>.

Analyzing hierarchy for entity <ethernet_controller_wrapper> in library <work> (architecture <arch>).

Analyzing hierarchy for entity <data_manager> in library <work> (architecture <BEHAVIORAL>).

Analyzing hierarchy for entity <burst_traffic_controller> in library <work> (architecture <burst_traffic_controller_arch>).

Analyzing hierarchy for entity <reset_mgr> in library <work> (architecture <Behavioral>).

Analyzing hierarchy for entity <stripclk> in library <strip> (architecture <behavioral>).

Analyzing hierarchy for entity <stripdacspi> in library <strip> (architecture <rtl>).

Analyzing hierarchy for entity <stripdac> in library <strip> (architecture <rtl>).

Analyzing hierarchy for entity <stripreset> in library <strip> (architecture <rtl>) with generics.
	n = 6

Analyzing hierarchy for entity <stripsc> in library <strip> (architecture <behavioral>) with generics.
	n = 6

Analyzing hierarchy for entity <chipserdes> in library <strip> (architecture <rtl>) with generics.
	channel = 0
	chipid = 5
	iobdelay_value = 0

Analyzing hierarchy for entity <chipserdes> in library <strip> (architecture <rtl>) with generics.
	channel = 0
	chipid = 4
	iobdelay_value = 0

Analyzing hierarchy for entity <chipserdes> in library <strip> (architecture <rtl>) with generics.
	channel = 0
	chipid = 3
	iobdelay_value = 0

Analyzing hierarchy for entity <chipserdes> in library <strip> (architecture <rtl>) with generics.
	channel = 0
	chipid = 2
	iobdelay_value = 0

Analyzing hierarchy for entity <chipserdes> in library <strip> (architecture <rtl>) with generics.
	channel = 0
	chipid = 1
	iobdelay_value = 0

Analyzing hierarchy for entity <stripfifo> in library <strip> (architecture <behavioral>).

Analyzing hierarchy for entity <chipserdes> in library <strip> (architecture <rtl>) with generics.
	channel = 1
	chipid = 5
	iobdelay_value = 0

Analyzing hierarchy for entity <chipserdes> in library <strip> (architecture <rtl>) with generics.
	channel = 1
	chipid = 4
	iobdelay_value = 0

Analyzing hierarchy for entity <chipserdes> in library <strip> (architecture <rtl>) with generics.
	channel = 1
	chipid = 3
	iobdelay_value = 0

Analyzing hierarchy for entity <chipserdes> in library <strip> (architecture <rtl>) with generics.
	channel = 1
	chipid = 2
	iobdelay_value = 0

Analyzing hierarchy for entity <chipserdes> in library <strip> (architecture <rtl>) with generics.
	channel = 1
	chipid = 1
	iobdelay_value = 0

Analyzing hierarchy for entity <chipserdes> in library <strip> (architecture <rtl>) with generics.
	channel = 2
	chipid = 5
	iobdelay_value = 0

Analyzing hierarchy for entity <chipserdes> in library <strip> (architecture <rtl>) with generics.
	channel = 2
	chipid = 4
	iobdelay_value = 0

Analyzing hierarchy for entity <chipserdes> in library <strip> (architecture <rtl>) with generics.
	channel = 2
	chipid = 3
	iobdelay_value = 0

Analyzing hierarchy for entity <chipserdes> in library <strip> (architecture <rtl>) with generics.
	channel = 2
	chipid = 2
	iobdelay_value = 0

Analyzing hierarchy for entity <chipserdes> in library <strip> (architecture <rtl>) with generics.
	channel = 2
	chipid = 1
	iobdelay_value = 0

Analyzing hierarchy for entity <chipserdes> in library <strip> (architecture <rtl>) with generics.
	channel = 3
	chipid = 5
	iobdelay_value = 0

Analyzing hierarchy for entity <chipserdes> in library <strip> (architecture <rtl>) with generics.
	channel = 3
	chipid = 4
	iobdelay_value = 0

Analyzing hierarchy for entity <chipserdes> in library <strip> (architecture <rtl>) with generics.
	channel = 3
	chipid = 3
	iobdelay_value = 0

Analyzing hierarchy for entity <chipserdes> in library <strip> (architecture <rtl>) with generics.
	channel = 3
	chipid = 2
	iobdelay_value = 0

Analyzing hierarchy for entity <chipserdes> in library <strip> (architecture <rtl>) with generics.
	channel = 3
	chipid = 1
	iobdelay_value = 0

Analyzing hierarchy for entity <chipserdes> in library <strip> (architecture <rtl>) with generics.
	channel = 4
	chipid = 5
	iobdelay_value = 0

Analyzing hierarchy for entity <chipserdes> in library <strip> (architecture <rtl>) with generics.
	channel = 4
	chipid = 4
	iobdelay_value = 0

Analyzing hierarchy for entity <chipserdes> in library <strip> (architecture <rtl>) with generics.
	channel = 4
	chipid = 3
	iobdelay_value = 0

Analyzing hierarchy for entity <chipserdes> in library <strip> (architecture <rtl>) with generics.
	channel = 4
	chipid = 2
	iobdelay_value = 0

Analyzing hierarchy for entity <chipserdes> in library <strip> (architecture <rtl>) with generics.
	channel = 4
	chipid = 1
	iobdelay_value = 0

Analyzing hierarchy for entity <chipserdes> in library <strip> (architecture <rtl>) with generics.
	channel = 5
	chipid = 5
	iobdelay_value = 0

Analyzing hierarchy for entity <chipserdes> in library <strip> (architecture <rtl>) with generics.
	channel = 5
	chipid = 4
	iobdelay_value = 0

Analyzing hierarchy for entity <chipserdes> in library <strip> (architecture <rtl>) with generics.
	channel = 5
	chipid = 3
	iobdelay_value = 0

Analyzing hierarchy for entity <chipserdes> in library <strip> (architecture <rtl>) with generics.
	channel = 5
	chipid = 2
	iobdelay_value = 0

Analyzing hierarchy for entity <chipserdes> in library <strip> (architecture <rtl>) with generics.
	channel = 5
	chipid = 1
	iobdelay_value = 0

Analyzing hierarchy for entity <trigprim> in library <strip> (architecture <behavioral>) with generics.
	datatype = "11111000"

Analyzing hierarchy for entity <trigprim> in library <strip> (architecture <behavioral>) with generics.
	datatype = "11101000"

Analyzing hierarchy for entity <trigprim> in library <strip> (architecture <behavioral>) with generics.
	datatype = "11011000"

Analyzing hierarchy for entity <trigprim> in library <strip> (architecture <behavioral>) with generics.
	datatype = "11001000"

Analyzing hierarchy for entity <trigproc> in library <strip> (architecture <behavioral>).

Analyzing hierarchy for entity <striptbm> in library <strip> (architecture <behavioral>).

Analyzing hierarchy for entity <stripana> in library <strip> (architecture <rtl>).

Analyzing hierarchy for entity <stripstream> in library <strip> (architecture <behavioral>) with generics.
	n = 6

Analyzing hierarchy for entity <ethernet_controller> in library <work> (architecture <arch>).

Analyzing hierarchy for entity <MII_100_1000_handler> in library <work> (architecture <arch>).

Analyzing hierarchy for module <crc_chk> in library <work>.

Analyzing hierarchy for module <crc_gen> in library <work>.

Analyzing hierarchy for entity <crc_splice> in library <work> (architecture <arch>).

Analyzing hierarchy for entity <burst_controller_sm> in library <work> (architecture <burst_controller_sm_arch>).

Analyzing hierarchy for entity <rx_ctl> in library <work> (architecture <arch>).

Analyzing hierarchy for entity <ram_comm_dec> in library <work> (architecture <arch>).

Analyzing hierarchy for entity <tx_seq_ctl> in library <work> (architecture <arch>).

Analyzing hierarchy for entity <fastbcocounter> in library <strip> (architecture <rtl>).

Analyzing hierarchy for entity <address_container> in library <work> (architecture <arch>).

Analyzing hierarchy for entity <arp_reply> in library <work> (architecture <arp_reply_arch>).

Analyzing hierarchy for entity <or33> in library <work> (architecture <or33_arch>).

Analyzing hierarchy for entity <ip_checksum_calc> in library <work> (architecture <arch>).

Analyzing hierarchy for entity <create_packet> in library <work> (architecture <create_packet_arch>).

Analyzing hierarchy for entity <dataout_mux> in library <work> (architecture <dataout_mux_arch>).

Analyzing hierarchy for entity <decipherer> in library <work> (architecture <decipherer_arch>).

Analyzing hierarchy for entity <filter_data_out> in library <work> (architecture <filter_data_out_arch>).

Analyzing hierarchy for entity <icmp_ping_checksum_calc> in library <work> (architecture <icmp_ping_checksum_calc_arch>).

Analyzing hierarchy for entity <icmp_ping_shift_reg> in library <work> (architecture <arch>).

Analyzing hierarchy for entity <udp_data_splicer> in library <work> (architecture <udp_data_splicer_arch>).

Analyzing hierarchy for entity <user_addrs_mux> in library <work> (architecture <user_addrs_mux_arch>).


=========================================================================
*                            HDL Analysis                               *
=========================================================================
Analyzing generic Entity <top> in library <work> (Architecture <RTL>).
	NSENSOR = 6
	NSENSOR_PADS = 6
WARNING:Xst:753 - "/home/rrivera/ots/srcs/otsdaq-firmware/cactus/projects/ftbf/stib_slave_ots/slave/top.vhd" line 324: Unconnected output port 'b_enable' of component 'ethernet_interface'.
WARNING:Xst:753 - "/home/rrivera/ots/srcs/otsdaq-firmware/cactus/projects/ftbf/stib_slave_ots/slave/top.vhd" line 497: Unconnected output port 'FULL' of component 'chip_fifo'.
WARNING:Xst:2211 - "/home/rrivera/ots/srcs/otsdaq-firmware/cactus/projects/ftbf/stib_slave_ots/slave/top.vhd" line 497: Instantiating black box module <chip_fifo>.
WARNING:Xst:753 - "/home/rrivera/ots/srcs/otsdaq-firmware/cactus/projects/ftbf/stib_slave_ots/slave/top.vhd" line 539: Unconnected output port 'iobus_ready' of component 'strip_interface'.
WARNING:Xst:753 - "/home/rrivera/ots/srcs/otsdaq-firmware/cactus/projects/ftbf/stib_slave_ots/slave/top.vhd" line 539: Unconnected output port 'sync_error' of component 'strip_interface'.
WARNING:Xst:753 - "/home/rrivera/ots/srcs/otsdaq-firmware/cactus/projects/ftbf/stib_slave_ots/slave/top.vhd" line 539: Unconnected output port 'data_available' of component 'strip_interface'.
WARNING:Xst:753 - "/home/rrivera/ots/srcs/otsdaq-firmware/cactus/projects/ftbf/stib_slave_ots/slave/top.vhd" line 539: Unconnected output port 'bco_zero' of component 'strip_interface'.
WARNING:Xst:753 - "/home/rrivera/ots/srcs/otsdaq-firmware/cactus/projects/ftbf/stib_slave_ots/slave/top.vhd" line 539: Unconnected output port 'stream_dout' of component 'strip_interface'.
WARNING:Xst:753 - "/home/rrivera/ots/srcs/otsdaq-firmware/cactus/projects/ftbf/stib_slave_ots/slave/top.vhd" line 539: Unconnected output port 'stream_length' of component 'strip_interface'.
WARNING:Xst:753 - "/home/rrivera/ots/srcs/otsdaq-firmware/cactus/projects/ftbf/stib_slave_ots/slave/top.vhd" line 539: Unconnected output port 'stream_cksum' of component 'strip_interface'.
WARNING:Xst:753 - "/home/rrivera/ots/srcs/otsdaq-firmware/cactus/projects/ftbf/stib_slave_ots/slave/top.vhd" line 539: Unconnected output port 'stream_strobe' of component 'strip_interface'.
WARNING:Xst:753 - "/home/rrivera/ots/srcs/otsdaq-firmware/cactus/projects/ftbf/stib_slave_ots/slave/top.vhd" line 539: Unconnected output port 'strip_debug' of component 'strip_interface'.
WARNING:Xst:753 - "/home/rrivera/ots/srcs/otsdaq-firmware/cactus/projects/ftbf/stib_slave_ots/slave/top.vhd" line 539: Unconnected output port 'debug_select' of component 'strip_interface'.
    Set user-defined property "CAPACITANCE =  DONT_CARE" for instance <clk5mhz_ibufg> in unit <top>.
    Set user-defined property "IBUF_DELAY_VALUE =  0" for instance <clk5mhz_ibufg> in unit <top>.
    Set user-defined property "IBUF_LOW_PWR =  TRUE" for instance <clk5mhz_ibufg> in unit <top>.
    Set user-defined property "IOSTANDARD =  LVCMOS25" for instance <clk5mhz_ibufg> in unit <top>.
    Set user-defined property "CAPACITANCE =  DONT_CARE" for instance <G_SPI[0].dac_cs_obuf> in unit <top>.
    Set user-defined property "DRIVE =  12" for instance <G_SPI[0].dac_cs_obuf> in unit <top>.
    Set user-defined property "IOSTANDARD =  LVCMOS25" for instance <G_SPI[0].dac_cs_obuf> in unit <top>.
    Set user-defined property "SLEW =  SLOW" for instance <G_SPI[0].dac_cs_obuf> in unit <top>.
    Set user-defined property "CAPACITANCE =  DONT_CARE" for instance <G_SPI[1].dac_cs_obuf> in unit <top>.
    Set user-defined property "DRIVE =  12" for instance <G_SPI[1].dac_cs_obuf> in unit <top>.
    Set user-defined property "IOSTANDARD =  LVCMOS25" for instance <G_SPI[1].dac_cs_obuf> in unit <top>.
    Set user-defined property "SLEW =  SLOW" for instance <G_SPI[1].dac_cs_obuf> in unit <top>.
    Set user-defined property "CAPACITANCE =  DONT_CARE" for instance <G_SPI[2].dac_cs_obuf> in unit <top>.
    Set user-defined property "DRIVE =  12" for instance <G_SPI[2].dac_cs_obuf> in unit <top>.
    Set user-defined property "IOSTANDARD =  LVCMOS25" for instance <G_SPI[2].dac_cs_obuf> in unit <top>.
    Set user-defined property "SLEW =  SLOW" for instance <G_SPI[2].dac_cs_obuf> in unit <top>.
    Set user-defined property "CAPACITANCE =  DONT_CARE" for instance <G_SPI[3].dac_cs_obuf> in unit <top>.
    Set user-defined property "DRIVE =  12" for instance <G_SPI[3].dac_cs_obuf> in unit <top>.
    Set user-defined property "IOSTANDARD =  LVCMOS25" for instance <G_SPI[3].dac_cs_obuf> in unit <top>.
    Set user-defined property "SLEW =  SLOW" for instance <G_SPI[3].dac_cs_obuf> in unit <top>.
    Set user-defined property "CAPACITANCE =  DONT_CARE" for instance <G_LED[0].led_obuf> in unit <top>.
    Set user-defined property "DRIVE =  12" for instance <G_LED[0].led_obuf> in unit <top>.
    Set user-defined property "IOSTANDARD =  LVCMOS25" for instance <G_LED[0].led_obuf> in unit <top>.
    Set user-defined property "SLEW =  SLOW" for instance <G_LED[0].led_obuf> in unit <top>.
    Set user-defined property "CAPACITANCE =  DONT_CARE" for instance <G_LED[1].led_obuf> in unit <top>.
    Set user-defined property "DRIVE =  12" for instance <G_LED[1].led_obuf> in unit <top>.
    Set user-defined property "IOSTANDARD =  LVCMOS25" for instance <G_LED[1].led_obuf> in unit <top>.
    Set user-defined property "SLEW =  SLOW" for instance <G_LED[1].led_obuf> in unit <top>.
    Set user-defined property "CAPACITANCE =  DONT_CARE" for instance <gmii_rxdv_ibufg> in unit <top>.
    Set user-defined property "IBUF_DELAY_VALUE =  0" for instance <gmii_rxdv_ibufg> in unit <top>.
    Set user-defined property "IBUF_LOW_PWR =  TRUE" for instance <gmii_rxdv_ibufg> in unit <top>.
    Set user-defined property "IFD_DELAY_VALUE =  AUTO" for instance <gmii_rxdv_ibufg> in unit <top>.
    Set user-defined property "IOSTANDARD =  LVCMOS25" for instance <gmii_rxdv_ibufg> in unit <top>.
    Set user-defined property "CAPACITANCE =  DONT_CARE" for instance <gmii_rxer_ibufg> in unit <top>.
    Set user-defined property "IBUF_DELAY_VALUE =  0" for instance <gmii_rxer_ibufg> in unit <top>.
    Set user-defined property "IBUF_LOW_PWR =  TRUE" for instance <gmii_rxer_ibufg> in unit <top>.
    Set user-defined property "IFD_DELAY_VALUE =  AUTO" for instance <gmii_rxer_ibufg> in unit <top>.
    Set user-defined property "IOSTANDARD =  LVCMOS25" for instance <gmii_rxer_ibufg> in unit <top>.
    Set user-defined property "DDR_CLK_EDGE =  SAME_EDGE" for instance <gmii_txer_obuf> in unit <top>.
    Set user-defined property "INIT =  0" for instance <gmii_txer_obuf> in unit <top>.
    Set user-defined property "SRTYPE =  SYNC" for instance <gmii_txer_obuf> in unit <top>.
    Set user-defined property "DDR_CLK_EDGE =  SAME_EDGE" for instance <gmii_txen_obuf> in unit <top>.
    Set user-defined property "INIT =  0" for instance <gmii_txen_obuf> in unit <top>.
    Set user-defined property "SRTYPE =  SYNC" for instance <gmii_txen_obuf> in unit <top>.
    Set user-defined property "DDR_CLK_EDGE =  SAME_EDGE" for instance <gmii_txclk_obuf> in unit <top>.
    Set user-defined property "INIT =  0" for instance <gmii_txclk_obuf> in unit <top>.
    Set user-defined property "SRTYPE =  SYNC" for instance <gmii_txclk_obuf> in unit <top>.
    Set user-defined property "CAPACITANCE =  DONT_CARE" for instance <gmii_reset_obuf> in unit <top>.
    Set user-defined property "DRIVE =  12" for instance <gmii_reset_obuf> in unit <top>.
    Set user-defined property "IOSTANDARD =  LVCMOS25" for instance <gmii_reset_obuf> in unit <top>.
    Set user-defined property "SLEW =  SLOW" for instance <gmii_reset_obuf> in unit <top>.
    Set user-defined property "DDR_CLK_EDGE =  SAME_EDGE" for instance <G_GMII[0].gmii_txd_obuf> in unit <top>.
    Set user-defined property "INIT =  0" for instance <G_GMII[0].gmii_txd_obuf> in unit <top>.
    Set user-defined property "SRTYPE =  SYNC" for instance <G_GMII[0].gmii_txd_obuf> in unit <top>.
    Set user-defined property "CAPACITANCE =  DONT_CARE" for instance <G_GMII[0].gmii_rxd_ibuf> in unit <top>.
    Set user-defined property "IBUF_DELAY_VALUE =  0" for instance <G_GMII[0].gmii_rxd_ibuf> in unit <top>.
    Set user-defined property "IBUF_LOW_PWR =  TRUE" for instance <G_GMII[0].gmii_rxd_ibuf> in unit <top>.
    Set user-defined property "IFD_DELAY_VALUE =  AUTO" for instance <G_GMII[0].gmii_rxd_ibuf> in unit <top>.
    Set user-defined property "IOSTANDARD =  LVCMOS25" for instance <G_GMII[0].gmii_rxd_ibuf> in unit <top>.
    Set user-defined property "DDR_CLK_EDGE =  SAME_EDGE" for instance <G_GMII[1].gmii_txd_obuf> in unit <top>.
    Set user-defined property "INIT =  0" for instance <G_GMII[1].gmii_txd_obuf> in unit <top>.
    Set user-defined property "SRTYPE =  SYNC" for instance <G_GMII[1].gmii_txd_obuf> in unit <top>.
    Set user-defined property "CAPACITANCE =  DONT_CARE" for instance <G_GMII[1].gmii_rxd_ibuf> in unit <top>.
    Set user-defined property "IBUF_DELAY_VALUE =  0" for instance <G_GMII[1].gmii_rxd_ibuf> in unit <top>.
    Set user-defined property "IBUF_LOW_PWR =  TRUE" for instance <G_GMII[1].gmii_rxd_ibuf> in unit <top>.
    Set user-defined property "IFD_DELAY_VALUE =  AUTO" for instance <G_GMII[1].gmii_rxd_ibuf> in unit <top>.
    Set user-defined property "IOSTANDARD =  LVCMOS25" for instance <G_GMII[1].gmii_rxd_ibuf> in unit <top>.
    Set user-defined property "DDR_CLK_EDGE =  SAME_EDGE" for instance <G_GMII[2].gmii_txd_obuf> in unit <top>.
    Set user-defined property "INIT =  0" for instance <G_GMII[2].gmii_txd_obuf> in unit <top>.
    Set user-defined property "SRTYPE =  SYNC" for instance <G_GMII[2].gmii_txd_obuf> in unit <top>.
    Set user-defined property "CAPACITANCE =  DONT_CARE" for instance <G_GMII[2].gmii_rxd_ibuf> in unit <top>.
    Set user-defined property "IBUF_DELAY_VALUE =  0" for instance <G_GMII[2].gmii_rxd_ibuf> in unit <top>.
    Set user-defined property "IBUF_LOW_PWR =  TRUE" for instance <G_GMII[2].gmii_rxd_ibuf> in unit <top>.
    Set user-defined property "IFD_DELAY_VALUE =  AUTO" for instance <G_GMII[2].gmii_rxd_ibuf> in unit <top>.
    Set user-defined property "IOSTANDARD =  LVCMOS25" for instance <G_GMII[2].gmii_rxd_ibuf> in unit <top>.
    Set user-defined property "DDR_CLK_EDGE =  SAME_EDGE" for instance <G_GMII[3].gmii_txd_obuf> in unit <top>.
    Set user-defined property "INIT =  0" for instance <G_GMII[3].gmii_txd_obuf> in unit <top>.
    Set user-defined property "SRTYPE =  SYNC" for instance <G_GMII[3].gmii_txd_obuf> in unit <top>.
    Set user-defined property "CAPACITANCE =  DONT_CARE" for instance <G_GMII[3].gmii_rxd_ibuf> in unit <top>.
    Set user-defined property "IBUF_DELAY_VALUE =  0" for instance <G_GMII[3].gmii_rxd_ibuf> in unit <top>.
    Set user-defined property "IBUF_LOW_PWR =  TRUE" for instance <G_GMII[3].gmii_rxd_ibuf> in unit <top>.
    Set user-defined property "IFD_DELAY_VALUE =  AUTO" for instance <G_GMII[3].gmii_rxd_ibuf> in unit <top>.
    Set user-defined property "IOSTANDARD =  LVCMOS25" for instance <G_GMII[3].gmii_rxd_ibuf> in unit <top>.
    Set user-defined property "DDR_CLK_EDGE =  SAME_EDGE" for instance <G_GMII[4].gmii_txd_obuf> in unit <top>.
    Set user-defined property "INIT =  0" for instance <G_GMII[4].gmii_txd_obuf> in unit <top>.
    Set user-defined property "SRTYPE =  SYNC" for instance <G_GMII[4].gmii_txd_obuf> in unit <top>.
    Set user-defined property "CAPACITANCE =  DONT_CARE" for instance <G_GMII[4].gmii_rxd_ibuf> in unit <top>.
    Set user-defined property "IBUF_DELAY_VALUE =  0" for instance <G_GMII[4].gmii_rxd_ibuf> in unit <top>.
    Set user-defined property "IBUF_LOW_PWR =  TRUE" for instance <G_GMII[4].gmii_rxd_ibuf> in unit <top>.
    Set user-defined property "IFD_DELAY_VALUE =  AUTO" for instance <G_GMII[4].gmii_rxd_ibuf> in unit <top>.
    Set user-defined property "IOSTANDARD =  LVCMOS25" for instance <G_GMII[4].gmii_rxd_ibuf> in unit <top>.
    Set user-defined property "DDR_CLK_EDGE =  SAME_EDGE" for instance <G_GMII[5].gmii_txd_obuf> in unit <top>.
    Set user-defined property "INIT =  0" for instance <G_GMII[5].gmii_txd_obuf> in unit <top>.
    Set user-defined property "SRTYPE =  SYNC" for instance <G_GMII[5].gmii_txd_obuf> in unit <top>.
    Set user-defined property "CAPACITANCE =  DONT_CARE" for instance <G_GMII[5].gmii_rxd_ibuf> in unit <top>.
    Set user-defined property "IBUF_DELAY_VALUE =  0" for instance <G_GMII[5].gmii_rxd_ibuf> in unit <top>.
    Set user-defined property "IBUF_LOW_PWR =  TRUE" for instance <G_GMII[5].gmii_rxd_ibuf> in unit <top>.
    Set user-defined property "IFD_DELAY_VALUE =  AUTO" for instance <G_GMII[5].gmii_rxd_ibuf> in unit <top>.
    Set user-defined property "IOSTANDARD =  LVCMOS25" for instance <G_GMII[5].gmii_rxd_ibuf> in unit <top>.
    Set user-defined property "DDR_CLK_EDGE =  SAME_EDGE" for instance <G_GMII[6].gmii_txd_obuf> in unit <top>.
    Set user-defined property "INIT =  0" for instance <G_GMII[6].gmii_txd_obuf> in unit <top>.
    Set user-defined property "SRTYPE =  SYNC" for instance <G_GMII[6].gmii_txd_obuf> in unit <top>.
    Set user-defined property "CAPACITANCE =  DONT_CARE" for instance <G_GMII[6].gmii_rxd_ibuf> in unit <top>.
    Set user-defined property "IBUF_DELAY_VALUE =  0" for instance <G_GMII[6].gmii_rxd_ibuf> in unit <top>.
    Set user-defined property "IBUF_LOW_PWR =  TRUE" for instance <G_GMII[6].gmii_rxd_ibuf> in unit <top>.
    Set user-defined property "IFD_DELAY_VALUE =  AUTO" for instance <G_GMII[6].gmii_rxd_ibuf> in unit <top>.
    Set user-defined property "IOSTANDARD =  LVCMOS25" for instance <G_GMII[6].gmii_rxd_ibuf> in unit <top>.
    Set user-defined property "DDR_CLK_EDGE =  SAME_EDGE" for instance <G_GMII[7].gmii_txd_obuf> in unit <top>.
    Set user-defined property "INIT =  0" for instance <G_GMII[7].gmii_txd_obuf> in unit <top>.
    Set user-defined property "SRTYPE =  SYNC" for instance <G_GMII[7].gmii_txd_obuf> in unit <top>.
    Set user-defined property "CAPACITANCE =  DONT_CARE" for instance <G_GMII[7].gmii_rxd_ibuf> in unit <top>.
    Set user-defined property "IBUF_DELAY_VALUE =  0" for instance <G_GMII[7].gmii_rxd_ibuf> in unit <top>.
    Set user-defined property "IBUF_LOW_PWR =  TRUE" for instance <G_GMII[7].gmii_rxd_ibuf> in unit <top>.
    Set user-defined property "IFD_DELAY_VALUE =  AUTO" for instance <G_GMII[7].gmii_rxd_ibuf> in unit <top>.
    Set user-defined property "IOSTANDARD =  LVCMOS25" for instance <G_GMII[7].gmii_rxd_ibuf> in unit <top>.
    Set user-defined property "CAPACITANCE =  DONT_CARE" for instance <ext_bcoclk_ibuf> in unit <top>.
    Set user-defined property "DIFF_TERM =  TRUE" for instance <ext_bcoclk_ibuf> in unit <top>.
    Set user-defined property "DQS_BIAS =  FALSE" for instance <ext_bcoclk_ibuf> in unit <top>.
    Set user-defined property "IBUF_DELAY_VALUE =  0" for instance <ext_bcoclk_ibuf> in unit <top>.
    Set user-defined property "IBUF_LOW_PWR =  TRUE" for instance <ext_bcoclk_ibuf> in unit <top>.
    Set user-defined property "IFD_DELAY_VALUE =  AUTO" for instance <ext_bcoclk_ibuf> in unit <top>.
    Set user-defined property "IOSTANDARD =  LVDS_25" for instance <ext_bcoclk_ibuf> in unit <top>.
    Set user-defined property "CAPACITANCE =  DONT_CARE" for instance <ext_trig_ibuf> in unit <top>.
    Set user-defined property "DIFF_TERM =  TRUE" for instance <ext_trig_ibuf> in unit <top>.
    Set user-defined property "DQS_BIAS =  FALSE" for instance <ext_trig_ibuf> in unit <top>.
    Set user-defined property "IBUF_DELAY_VALUE =  0" for instance <ext_trig_ibuf> in unit <top>.
    Set user-defined property "IBUF_LOW_PWR =  TRUE" for instance <ext_trig_ibuf> in unit <top>.
    Set user-defined property "IFD_DELAY_VALUE =  AUTO" for instance <ext_trig_ibuf> in unit <top>.
    Set user-defined property "IOSTANDARD =  LVDS_25" for instance <ext_trig_ibuf> in unit <top>.
    Set user-defined property "DDR_CLK_EDGE =  SAME_EDGE" for instance <ext_clk_oddr> in unit <top>.
    Set user-defined property "INIT =  0" for instance <ext_clk_oddr> in unit <top>.
    Set user-defined property "SRTYPE =  SYNC" for instance <ext_clk_oddr> in unit <top>.
    Set user-defined property "CAPACITANCE =  DONT_CARE" for instance <ext_clk_obuf> in unit <top>.
    Set user-defined property "IOSTANDARD =  LVDS_25" for instance <ext_clk_obuf> in unit <top>.
    Set user-defined property "SLEW =  SLOW" for instance <ext_clk_obuf> in unit <top>.
    Set user-defined property "DDR_CLK_EDGE =  SAME_EDGE" for instance <ext_trig_oddr> in unit <top>.
    Set user-defined property "INIT =  0" for instance <ext_trig_oddr> in unit <top>.
    Set user-defined property "SRTYPE =  SYNC" for instance <ext_trig_oddr> in unit <top>.
    Set user-defined property "CAPACITANCE =  DONT_CARE" for instance <ext_trig_obuf> in unit <top>.
    Set user-defined property "IOSTANDARD =  LVDS_25" for instance <ext_trig_obuf> in unit <top>.
    Set user-defined property "SLEW =  SLOW" for instance <ext_trig_obuf> in unit <top>.
    Set user-defined property "CAPACITANCE =  DONT_CARE" for instance <G_JUMPER[0].jumper_ibuf> in unit <top>.
    Set user-defined property "IBUF_DELAY_VALUE =  0" for instance <G_JUMPER[0].jumper_ibuf> in unit <top>.
    Set user-defined property "IBUF_LOW_PWR =  TRUE" for instance <G_JUMPER[0].jumper_ibuf> in unit <top>.
    Set user-defined property "IFD_DELAY_VALUE =  AUTO" for instance <G_JUMPER[0].jumper_ibuf> in unit <top>.
    Set user-defined property "IOSTANDARD =  LVCMOS25" for instance <G_JUMPER[0].jumper_ibuf> in unit <top>.
    Set user-defined property "CAPACITANCE =  DONT_CARE" for instance <G_JUMPER[1].jumper_ibuf> in unit <top>.
    Set user-defined property "IBUF_DELAY_VALUE =  0" for instance <G_JUMPER[1].jumper_ibuf> in unit <top>.
    Set user-defined property "IBUF_LOW_PWR =  TRUE" for instance <G_JUMPER[1].jumper_ibuf> in unit <top>.
    Set user-defined property "IFD_DELAY_VALUE =  AUTO" for instance <G_JUMPER[1].jumper_ibuf> in unit <top>.
    Set user-defined property "IOSTANDARD =  LVCMOS25" for instance <G_JUMPER[1].jumper_ibuf> in unit <top>.
    Set user-defined property "CAPACITANCE =  DONT_CARE" for instance <G_JUMPER[2].jumper_ibuf> in unit <top>.
    Set user-defined property "IBUF_DELAY_VALUE =  0" for instance <G_JUMPER[2].jumper_ibuf> in unit <top>.
    Set user-defined property "IBUF_LOW_PWR =  TRUE" for instance <G_JUMPER[2].jumper_ibuf> in unit <top>.
    Set user-defined property "IFD_DELAY_VALUE =  AUTO" for instance <G_JUMPER[2].jumper_ibuf> in unit <top>.
    Set user-defined property "IOSTANDARD =  LVCMOS25" for instance <G_JUMPER[2].jumper_ibuf> in unit <top>.
    Set user-defined property "CAPACITANCE =  DONT_CARE" for instance <G_JUMPER[3].jumper_ibuf> in unit <top>.
    Set user-defined property "IBUF_DELAY_VALUE =  0" for instance <G_JUMPER[3].jumper_ibuf> in unit <top>.
    Set user-defined property "IBUF_LOW_PWR =  TRUE" for instance <G_JUMPER[3].jumper_ibuf> in unit <top>.
    Set user-defined property "IFD_DELAY_VALUE =  AUTO" for instance <G_JUMPER[3].jumper_ibuf> in unit <top>.
    Set user-defined property "IOSTANDARD =  LVCMOS25" for instance <G_JUMPER[3].jumper_ibuf> in unit <top>.
    Set user-defined property "CAPACITANCE =  DONT_CARE" for instance <G_JUMPER[4].jumper_ibuf> in unit <top>.
    Set user-defined property "IBUF_DELAY_VALUE =  0" for instance <G_JUMPER[4].jumper_ibuf> in unit <top>.
    Set user-defined property "IBUF_LOW_PWR =  TRUE" for instance <G_JUMPER[4].jumper_ibuf> in unit <top>.
    Set user-defined property "IFD_DELAY_VALUE =  AUTO" for instance <G_JUMPER[4].jumper_ibuf> in unit <top>.
    Set user-defined property "IOSTANDARD =  LVCMOS25" for instance <G_JUMPER[4].jumper_ibuf> in unit <top>.
    Set user-defined property "CAPACITANCE =  DONT_CARE" for instance <G_JUMPER[5].jumper_ibuf> in unit <top>.
    Set user-defined property "IBUF_DELAY_VALUE =  0" for instance <G_JUMPER[5].jumper_ibuf> in unit <top>.
    Set user-defined property "IBUF_LOW_PWR =  TRUE" for instance <G_JUMPER[5].jumper_ibuf> in unit <top>.
    Set user-defined property "IFD_DELAY_VALUE =  AUTO" for instance <G_JUMPER[5].jumper_ibuf> in unit <top>.
    Set user-defined property "IOSTANDARD =  LVCMOS25" for instance <G_JUMPER[5].jumper_ibuf> in unit <top>.
    Set user-defined property "CAPACITANCE =  DONT_CARE" for instance <G_JUMPER[6].jumper_ibuf> in unit <top>.
    Set user-defined property "IBUF_DELAY_VALUE =  0" for instance <G_JUMPER[6].jumper_ibuf> in unit <top>.
    Set user-defined property "IBUF_LOW_PWR =  TRUE" for instance <G_JUMPER[6].jumper_ibuf> in unit <top>.
    Set user-defined property "IFD_DELAY_VALUE =  AUTO" for instance <G_JUMPER[6].jumper_ibuf> in unit <top>.
    Set user-defined property "IOSTANDARD =  LVCMOS25" for instance <G_JUMPER[6].jumper_ibuf> in unit <top>.
    Set user-defined property "CAPACITANCE =  DONT_CARE" for instance <G_JUMPER[7].jumper_ibuf> in unit <top>.
    Set user-defined property "IBUF_DELAY_VALUE =  0" for instance <G_JUMPER[7].jumper_ibuf> in unit <top>.
    Set user-defined property "IBUF_LOW_PWR =  TRUE" for instance <G_JUMPER[7].jumper_ibuf> in unit <top>.
    Set user-defined property "IFD_DELAY_VALUE =  AUTO" for instance <G_JUMPER[7].jumper_ibuf> in unit <top>.
    Set user-defined property "IOSTANDARD =  LVCMOS25" for instance <G_JUMPER[7].jumper_ibuf> in unit <top>.
    Set user-defined property "CAPACITANCE =  DONT_CARE" for instance <strip_mclka0_obuf> in unit <top>.
    Set user-defined property "IOSTANDARD =  LVDS_25" for instance <strip_mclka0_obuf> in unit <top>.
    Set user-defined property "SLEW =  SLOW" for instance <strip_mclka0_obuf> in unit <top>.
    Set user-defined property "CAPACITANCE =  DONT_CARE" for instance <strip_mclkb0_obuf> in unit <top>.
    Set user-defined property "IOSTANDARD =  LVDS_25" for instance <strip_mclkb0_obuf> in unit <top>.
    Set user-defined property "SLEW =  SLOW" for instance <strip_mclkb0_obuf> in unit <top>.
    Set user-defined property "CAPACITANCE =  DONT_CARE" for instance <strip_mclka1_obuf> in unit <top>.
    Set user-defined property "IOSTANDARD =  LVDS_25" for instance <strip_mclka1_obuf> in unit <top>.
    Set user-defined property "SLEW =  SLOW" for instance <strip_mclka1_obuf> in unit <top>.
    Set user-defined property "CAPACITANCE =  DONT_CARE" for instance <strip_mclkb1_obuf> in unit <top>.
    Set user-defined property "IOSTANDARD =  LVDS_25" for instance <strip_mclkb1_obuf> in unit <top>.
    Set user-defined property "SLEW =  SLOW" for instance <strip_mclkb1_obuf> in unit <top>.
    Set user-defined property "CAPACITANCE =  DONT_CARE" for instance <S[0].strip_reset_obuf> in unit <top>.
    Set user-defined property "IOSTANDARD =  LVDS_25" for instance <S[0].strip_reset_obuf> in unit <top>.
    Set user-defined property "SLEW =  SLOW" for instance <S[0].strip_reset_obuf> in unit <top>.
    Set user-defined property "CAPACITANCE =  DONT_CARE" for instance <S[0].strip_shift_obuf> in unit <top>.
    Set user-defined property "IOSTANDARD =  LVDS_25" for instance <S[0].strip_shift_obuf> in unit <top>.
    Set user-defined property "SLEW =  SLOW" for instance <S[0].strip_shift_obuf> in unit <top>.
    Set user-defined property "CAPACITANCE =  DONT_CARE" for instance <S[0].strip_scout_obuf> in unit <top>.
    Set user-defined property "IOSTANDARD =  LVDS_25" for instance <S[0].strip_scout_obuf> in unit <top>.
    Set user-defined property "SLEW =  SLOW" for instance <S[0].strip_scout_obuf> in unit <top>.
    Set user-defined property "CAPACITANCE =  DONT_CARE" for instance <S[0].strip_bcoclk_obuf> in unit <top>.
    Set user-defined property "IOSTANDARD =  LVDS_25" for instance <S[0].strip_bcoclk_obuf> in unit <top>.
    Set user-defined property "SLEW =  SLOW" for instance <S[0].strip_bcoclk_obuf> in unit <top>.
    Set user-defined property "CAPACITANCE =  DONT_CARE" for instance <S[0].strip_scout_ibuf> in unit <top>.
    Set user-defined property "DIFF_TERM =  TRUE" for instance <S[0].strip_scout_ibuf> in unit <top>.
    Set user-defined property "DQS_BIAS =  FALSE" for instance <S[0].strip_scout_ibuf> in unit <top>.
    Set user-defined property "IBUF_DELAY_VALUE =  0" for instance <S[0].strip_scout_ibuf> in unit <top>.
    Set user-defined property "IBUF_LOW_PWR =  TRUE" for instance <S[0].strip_scout_ibuf> in unit <top>.
    Set user-defined property "IFD_DELAY_VALUE =  AUTO" for instance <S[0].strip_scout_ibuf> in unit <top>.
    Set user-defined property "IOSTANDARD =  LVDS_25" for instance <S[0].strip_scout_ibuf> in unit <top>.
    Set user-defined property "CAPACITANCE =  DONT_CARE" for instance <S[0].strip_out1_0_ibuf> in unit <top>.
    Set user-defined property "DIFF_TERM =  TRUE" for instance <S[0].strip_out1_0_ibuf> in unit <top>.
    Set user-defined property "DQS_BIAS =  FALSE" for instance <S[0].strip_out1_0_ibuf> in unit <top>.
    Set user-defined property "IBUF_DELAY_VALUE =  0" for instance <S[0].strip_out1_0_ibuf> in unit <top>.
    Set user-defined property "IBUF_LOW_PWR =  TRUE" for instance <S[0].strip_out1_0_ibuf> in unit <top>.
    Set user-defined property "IFD_DELAY_VALUE =  AUTO" for instance <S[0].strip_out1_0_ibuf> in unit <top>.
    Set user-defined property "IOSTANDARD =  LVDS_25" for instance <S[0].strip_out1_0_ibuf> in unit <top>.
    Set user-defined property "CAPACITANCE =  DONT_CARE" for instance <S[0].strip_out1_1_ibuf> in unit <top>.
    Set user-defined property "DIFF_TERM =  TRUE" for instance <S[0].strip_out1_1_ibuf> in unit <top>.
    Set user-defined property "DQS_BIAS =  FALSE" for instance <S[0].strip_out1_1_ibuf> in unit <top>.
    Set user-defined property "IBUF_DELAY_VALUE =  0" for instance <S[0].strip_out1_1_ibuf> in unit <top>.
    Set user-defined property "IBUF_LOW_PWR =  TRUE" for instance <S[0].strip_out1_1_ibuf> in unit <top>.
    Set user-defined property "IFD_DELAY_VALUE =  AUTO" for instance <S[0].strip_out1_1_ibuf> in unit <top>.
    Set user-defined property "IOSTANDARD =  LVDS_25" for instance <S[0].strip_out1_1_ibuf> in unit <top>.
    Set user-defined property "CAPACITANCE =  DONT_CARE" for instance <S[0].strip_out1_2_ibuf> in unit <top>.
    Set user-defined property "DIFF_TERM =  TRUE" for instance <S[0].strip_out1_2_ibuf> in unit <top>.
    Set user-defined property "DQS_BIAS =  FALSE" for instance <S[0].strip_out1_2_ibuf> in unit <top>.
    Set user-defined property "IBUF_DELAY_VALUE =  0" for instance <S[0].strip_out1_2_ibuf> in unit <top>.
    Set user-defined property "IBUF_LOW_PWR =  TRUE" for instance <S[0].strip_out1_2_ibuf> in unit <top>.
    Set user-defined property "IFD_DELAY_VALUE =  AUTO" for instance <S[0].strip_out1_2_ibuf> in unit <top>.
    Set user-defined property "IOSTANDARD =  LVDS_25" for instance <S[0].strip_out1_2_ibuf> in unit <top>.
    Set user-defined property "CAPACITANCE =  DONT_CARE" for instance <S[0].strip_out1_3_ibuf> in unit <top>.
    Set user-defined property "DIFF_TERM =  TRUE" for instance <S[0].strip_out1_3_ibuf> in unit <top>.
    Set user-defined property "DQS_BIAS =  FALSE" for instance <S[0].strip_out1_3_ibuf> in unit <top>.
    Set user-defined property "IBUF_DELAY_VALUE =  0" for instance <S[0].strip_out1_3_ibuf> in unit <top>.
    Set user-defined property "IBUF_LOW_PWR =  TRUE" for instance <S[0].strip_out1_3_ibuf> in unit <top>.
    Set user-defined property "IFD_DELAY_VALUE =  AUTO" for instance <S[0].strip_out1_3_ibuf> in unit <top>.
    Set user-defined property "IOSTANDARD =  LVDS_25" for instance <S[0].strip_out1_3_ibuf> in unit <top>.
    Set user-defined property "CAPACITANCE =  DONT_CARE" for instance <S[0].strip_out1_4_ibuf> in unit <top>.
    Set user-defined property "DIFF_TERM =  TRUE" for instance <S[0].strip_out1_4_ibuf> in unit <top>.
    Set user-defined property "DQS_BIAS =  FALSE" for instance <S[0].strip_out1_4_ibuf> in unit <top>.
    Set user-defined property "IBUF_DELAY_VALUE =  0" for instance <S[0].strip_out1_4_ibuf> in unit <top>.
    Set user-defined property "IBUF_LOW_PWR =  TRUE" for instance <S[0].strip_out1_4_ibuf> in unit <top>.
    Set user-defined property "IFD_DELAY_VALUE =  AUTO" for instance <S[0].strip_out1_4_ibuf> in unit <top>.
    Set user-defined property "IOSTANDARD =  LVDS_25" for instance <S[0].strip_out1_4_ibuf> in unit <top>.
    Set user-defined property "CAPACITANCE =  DONT_CARE" for instance <S[0].hitor_ibuf> in unit <top>.
    Set user-defined property "DIFF_TERM =  TRUE" for instance <S[0].hitor_ibuf> in unit <top>.
    Set user-defined property "DQS_BIAS =  FALSE" for instance <S[0].hitor_ibuf> in unit <top>.
    Set user-defined property "IBUF_DELAY_VALUE =  0" for instance <S[0].hitor_ibuf> in unit <top>.
    Set user-defined property "IBUF_LOW_PWR =  TRUE" for instance <S[0].hitor_ibuf> in unit <top>.
    Set user-defined property "IFD_DELAY_VALUE =  AUTO" for instance <S[0].hitor_ibuf> in unit <top>.
    Set user-defined property "IOSTANDARD =  LVDS_25" for instance <S[0].hitor_ibuf> in unit <top>.
    Set user-defined property "CAPACITANCE =  DONT_CARE" for instance <S[1].strip_reset_obuf> in unit <top>.
    Set user-defined property "IOSTANDARD =  LVDS_25" for instance <S[1].strip_reset_obuf> in unit <top>.
    Set user-defined property "SLEW =  SLOW" for instance <S[1].strip_reset_obuf> in unit <top>.
    Set user-defined property "CAPACITANCE =  DONT_CARE" for instance <S[1].strip_shift_obuf> in unit <top>.
    Set user-defined property "IOSTANDARD =  LVDS_25" for instance <S[1].strip_shift_obuf> in unit <top>.
    Set user-defined property "SLEW =  SLOW" for instance <S[1].strip_shift_obuf> in unit <top>.
    Set user-defined property "CAPACITANCE =  DONT_CARE" for instance <S[1].strip_scout_obuf> in unit <top>.
    Set user-defined property "IOSTANDARD =  LVDS_25" for instance <S[1].strip_scout_obuf> in unit <top>.
    Set user-defined property "SLEW =  SLOW" for instance <S[1].strip_scout_obuf> in unit <top>.
    Set user-defined property "CAPACITANCE =  DONT_CARE" for instance <S[1].strip_bcoclk_obuf> in unit <top>.
    Set user-defined property "IOSTANDARD =  LVDS_25" for instance <S[1].strip_bcoclk_obuf> in unit <top>.
    Set user-defined property "SLEW =  SLOW" for instance <S[1].strip_bcoclk_obuf> in unit <top>.
    Set user-defined property "CAPACITANCE =  DONT_CARE" for instance <S[1].strip_scout_ibuf> in unit <top>.
    Set user-defined property "DIFF_TERM =  TRUE" for instance <S[1].strip_scout_ibuf> in unit <top>.
    Set user-defined property "DQS_BIAS =  FALSE" for instance <S[1].strip_scout_ibuf> in unit <top>.
    Set user-defined property "IBUF_DELAY_VALUE =  0" for instance <S[1].strip_scout_ibuf> in unit <top>.
    Set user-defined property "IBUF_LOW_PWR =  TRUE" for instance <S[1].strip_scout_ibuf> in unit <top>.
    Set user-defined property "IFD_DELAY_VALUE =  AUTO" for instance <S[1].strip_scout_ibuf> in unit <top>.
    Set user-defined property "IOSTANDARD =  LVDS_25" for instance <S[1].strip_scout_ibuf> in unit <top>.
    Set user-defined property "CAPACITANCE =  DONT_CARE" for instance <S[1].strip_out1_0_ibuf> in unit <top>.
    Set user-defined property "DIFF_TERM =  TRUE" for instance <S[1].strip_out1_0_ibuf> in unit <top>.
    Set user-defined property "DQS_BIAS =  FALSE" for instance <S[1].strip_out1_0_ibuf> in unit <top>.
    Set user-defined property "IBUF_DELAY_VALUE =  0" for instance <S[1].strip_out1_0_ibuf> in unit <top>.
    Set user-defined property "IBUF_LOW_PWR =  TRUE" for instance <S[1].strip_out1_0_ibuf> in unit <top>.
    Set user-defined property "IFD_DELAY_VALUE =  AUTO" for instance <S[1].strip_out1_0_ibuf> in unit <top>.
    Set user-defined property "IOSTANDARD =  LVDS_25" for instance <S[1].strip_out1_0_ibuf> in unit <top>.
    Set user-defined property "CAPACITANCE =  DONT_CARE" for instance <S[1].strip_out1_1_ibuf> in unit <top>.
    Set user-defined property "DIFF_TERM =  TRUE" for instance <S[1].strip_out1_1_ibuf> in unit <top>.
    Set user-defined property "DQS_BIAS =  FALSE" for instance <S[1].strip_out1_1_ibuf> in unit <top>.
    Set user-defined property "IBUF_DELAY_VALUE =  0" for instance <S[1].strip_out1_1_ibuf> in unit <top>.
    Set user-defined property "IBUF_LOW_PWR =  TRUE" for instance <S[1].strip_out1_1_ibuf> in unit <top>.
    Set user-defined property "IFD_DELAY_VALUE =  AUTO" for instance <S[1].strip_out1_1_ibuf> in unit <top>.
    Set user-defined property "IOSTANDARD =  LVDS_25" for instance <S[1].strip_out1_1_ibuf> in unit <top>.
    Set user-defined property "CAPACITANCE =  DONT_CARE" for instance <S[1].strip_out1_2_ibuf> in unit <top>.
    Set user-defined property "DIFF_TERM =  TRUE" for instance <S[1].strip_out1_2_ibuf> in unit <top>.
    Set user-defined property "DQS_BIAS =  FALSE" for instance <S[1].strip_out1_2_ibuf> in unit <top>.
    Set user-defined property "IBUF_DELAY_VALUE =  0" for instance <S[1].strip_out1_2_ibuf> in unit <top>.
    Set user-defined property "IBUF_LOW_PWR =  TRUE" for instance <S[1].strip_out1_2_ibuf> in unit <top>.
    Set user-defined property "IFD_DELAY_VALUE =  AUTO" for instance <S[1].strip_out1_2_ibuf> in unit <top>.
    Set user-defined property "IOSTANDARD =  LVDS_25" for instance <S[1].strip_out1_2_ibuf> in unit <top>.
    Set user-defined property "CAPACITANCE =  DONT_CARE" for instance <S[1].strip_out1_3_ibuf> in unit <top>.
    Set user-defined property "DIFF_TERM =  TRUE" for instance <S[1].strip_out1_3_ibuf> in unit <top>.
    Set user-defined property "DQS_BIAS =  FALSE" for instance <S[1].strip_out1_3_ibuf> in unit <top>.
    Set user-defined property "IBUF_DELAY_VALUE =  0" for instance <S[1].strip_out1_3_ibuf> in unit <top>.
    Set user-defined property "IBUF_LOW_PWR =  TRUE" for instance <S[1].strip_out1_3_ibuf> in unit <top>.
    Set user-defined property "IFD_DELAY_VALUE =  AUTO" for instance <S[1].strip_out1_3_ibuf> in unit <top>.
    Set user-defined property "IOSTANDARD =  LVDS_25" for instance <S[1].strip_out1_3_ibuf> in unit <top>.
    Set user-defined property "CAPACITANCE =  DONT_CARE" for instance <S[1].strip_out1_4_ibuf> in unit <top>.
    Set user-defined property "DIFF_TERM =  TRUE" for instance <S[1].strip_out1_4_ibuf> in unit <top>.
    Set user-defined property "DQS_BIAS =  FALSE" for instance <S[1].strip_out1_4_ibuf> in unit <top>.
    Set user-defined property "IBUF_DELAY_VALUE =  0" for instance <S[1].strip_out1_4_ibuf> in unit <top>.
    Set user-defined property "IBUF_LOW_PWR =  TRUE" for instance <S[1].strip_out1_4_ibuf> in unit <top>.
    Set user-defined property "IFD_DELAY_VALUE =  AUTO" for instance <S[1].strip_out1_4_ibuf> in unit <top>.
    Set user-defined property "IOSTANDARD =  LVDS_25" for instance <S[1].strip_out1_4_ibuf> in unit <top>.
    Set user-defined property "CAPACITANCE =  DONT_CARE" for instance <S[1].hitor_ibuf> in unit <top>.
    Set user-defined property "DIFF_TERM =  TRUE" for instance <S[1].hitor_ibuf> in unit <top>.
    Set user-defined property "DQS_BIAS =  FALSE" for instance <S[1].hitor_ibuf> in unit <top>.
    Set user-defined property "IBUF_DELAY_VALUE =  0" for instance <S[1].hitor_ibuf> in unit <top>.
    Set user-defined property "IBUF_LOW_PWR =  TRUE" for instance <S[1].hitor_ibuf> in unit <top>.
    Set user-defined property "IFD_DELAY_VALUE =  AUTO" for instance <S[1].hitor_ibuf> in unit <top>.
    Set user-defined property "IOSTANDARD =  LVDS_25" for instance <S[1].hitor_ibuf> in unit <top>.
    Set user-defined property "CAPACITANCE =  DONT_CARE" for instance <S[2].strip_reset_obuf> in unit <top>.
    Set user-defined property "IOSTANDARD =  LVDS_25" for instance <S[2].strip_reset_obuf> in unit <top>.
    Set user-defined property "SLEW =  SLOW" for instance <S[2].strip_reset_obuf> in unit <top>.
    Set user-defined property "CAPACITANCE =  DONT_CARE" for instance <S[2].strip_shift_obuf> in unit <top>.
    Set user-defined property "IOSTANDARD =  LVDS_25" for instance <S[2].strip_shift_obuf> in unit <top>.
    Set user-defined property "SLEW =  SLOW" for instance <S[2].strip_shift_obuf> in unit <top>.
    Set user-defined property "CAPACITANCE =  DONT_CARE" for instance <S[2].strip_scout_obuf> in unit <top>.
    Set user-defined property "IOSTANDARD =  LVDS_25" for instance <S[2].strip_scout_obuf> in unit <top>.
    Set user-defined property "SLEW =  SLOW" for instance <S[2].strip_scout_obuf> in unit <top>.
    Set user-defined property "CAPACITANCE =  DONT_CARE" for instance <S[2].strip_bcoclk_obuf> in unit <top>.
    Set user-defined property "IOSTANDARD =  LVDS_25" for instance <S[2].strip_bcoclk_obuf> in unit <top>.
    Set user-defined property "SLEW =  SLOW" for instance <S[2].strip_bcoclk_obuf> in unit <top>.
    Set user-defined property "CAPACITANCE =  DONT_CARE" for instance <S[2].strip_scout_ibuf> in unit <top>.
    Set user-defined property "DIFF_TERM =  TRUE" for instance <S[2].strip_scout_ibuf> in unit <top>.
    Set user-defined property "DQS_BIAS =  FALSE" for instance <S[2].strip_scout_ibuf> in unit <top>.
    Set user-defined property "IBUF_DELAY_VALUE =  0" for instance <S[2].strip_scout_ibuf> in unit <top>.
    Set user-defined property "IBUF_LOW_PWR =  TRUE" for instance <S[2].strip_scout_ibuf> in unit <top>.
    Set user-defined property "IFD_DELAY_VALUE =  AUTO" for instance <S[2].strip_scout_ibuf> in unit <top>.
    Set user-defined property "IOSTANDARD =  LVDS_25" for instance <S[2].strip_scout_ibuf> in unit <top>.
    Set user-defined property "CAPACITANCE =  DONT_CARE" for instance <S[2].strip_out1_0_ibuf> in unit <top>.
    Set user-defined property "DIFF_TERM =  TRUE" for instance <S[2].strip_out1_0_ibuf> in unit <top>.
    Set user-defined property "DQS_BIAS =  FALSE" for instance <S[2].strip_out1_0_ibuf> in unit <top>.
    Set user-defined property "IBUF_DELAY_VALUE =  0" for instance <S[2].strip_out1_0_ibuf> in unit <top>.
    Set user-defined property "IBUF_LOW_PWR =  TRUE" for instance <S[2].strip_out1_0_ibuf> in unit <top>.
    Set user-defined property "IFD_DELAY_VALUE =  AUTO" for instance <S[2].strip_out1_0_ibuf> in unit <top>.
    Set user-defined property "IOSTANDARD =  LVDS_25" for instance <S[2].strip_out1_0_ibuf> in unit <top>.
    Set user-defined property "CAPACITANCE =  DONT_CARE" for instance <S[2].strip_out1_1_ibuf> in unit <top>.
    Set user-defined property "DIFF_TERM =  TRUE" for instance <S[2].strip_out1_1_ibuf> in unit <top>.
    Set user-defined property "DQS_BIAS =  FALSE" for instance <S[2].strip_out1_1_ibuf> in unit <top>.
    Set user-defined property "IBUF_DELAY_VALUE =  0" for instance <S[2].strip_out1_1_ibuf> in unit <top>.
    Set user-defined property "IBUF_LOW_PWR =  TRUE" for instance <S[2].strip_out1_1_ibuf> in unit <top>.
    Set user-defined property "IFD_DELAY_VALUE =  AUTO" for instance <S[2].strip_out1_1_ibuf> in unit <top>.
    Set user-defined property "IOSTANDARD =  LVDS_25" for instance <S[2].strip_out1_1_ibuf> in unit <top>.
    Set user-defined property "CAPACITANCE =  DONT_CARE" for instance <S[2].strip_out1_2_ibuf> in unit <top>.
    Set user-defined property "DIFF_TERM =  TRUE" for instance <S[2].strip_out1_2_ibuf> in unit <top>.
    Set user-defined property "DQS_BIAS =  FALSE" for instance <S[2].strip_out1_2_ibuf> in unit <top>.
    Set user-defined property "IBUF_DELAY_VALUE =  0" for instance <S[2].strip_out1_2_ibuf> in unit <top>.
    Set user-defined property "IBUF_LOW_PWR =  TRUE" for instance <S[2].strip_out1_2_ibuf> in unit <top>.
    Set user-defined property "IFD_DELAY_VALUE =  AUTO" for instance <S[2].strip_out1_2_ibuf> in unit <top>.
    Set user-defined property "IOSTANDARD =  LVDS_25" for instance <S[2].strip_out1_2_ibuf> in unit <top>.
    Set user-defined property "CAPACITANCE =  DONT_CARE" for instance <S[2].strip_out1_3_ibuf> in unit <top>.
    Set user-defined property "DIFF_TERM =  TRUE" for instance <S[2].strip_out1_3_ibuf> in unit <top>.
    Set user-defined property "DQS_BIAS =  FALSE" for instance <S[2].strip_out1_3_ibuf> in unit <top>.
    Set user-defined property "IBUF_DELAY_VALUE =  0" for instance <S[2].strip_out1_3_ibuf> in unit <top>.
    Set user-defined property "IBUF_LOW_PWR =  TRUE" for instance <S[2].strip_out1_3_ibuf> in unit <top>.
    Set user-defined property "IFD_DELAY_VALUE =  AUTO" for instance <S[2].strip_out1_3_ibuf> in unit <top>.
    Set user-defined property "IOSTANDARD =  LVDS_25" for instance <S[2].strip_out1_3_ibuf> in unit <top>.
    Set user-defined property "CAPACITANCE =  DONT_CARE" for instance <S[2].strip_out1_4_ibuf> in unit <top>.
    Set user-defined property "DIFF_TERM =  TRUE" for instance <S[2].strip_out1_4_ibuf> in unit <top>.
    Set user-defined property "DQS_BIAS =  FALSE" for instance <S[2].strip_out1_4_ibuf> in unit <top>.
    Set user-defined property "IBUF_DELAY_VALUE =  0" for instance <S[2].strip_out1_4_ibuf> in unit <top>.
    Set user-defined property "IBUF_LOW_PWR =  TRUE" for instance <S[2].strip_out1_4_ibuf> in unit <top>.
    Set user-defined property "IFD_DELAY_VALUE =  AUTO" for instance <S[2].strip_out1_4_ibuf> in unit <top>.
    Set user-defined property "IOSTANDARD =  LVDS_25" for instance <S[2].strip_out1_4_ibuf> in unit <top>.
    Set user-defined property "CAPACITANCE =  DONT_CARE" for instance <S[2].hitor_ibuf> in unit <top>.
    Set user-defined property "DIFF_TERM =  TRUE" for instance <S[2].hitor_ibuf> in unit <top>.
    Set user-defined property "DQS_BIAS =  FALSE" for instance <S[2].hitor_ibuf> in unit <top>.
    Set user-defined property "IBUF_DELAY_VALUE =  0" for instance <S[2].hitor_ibuf> in unit <top>.
    Set user-defined property "IBUF_LOW_PWR =  TRUE" for instance <S[2].hitor_ibuf> in unit <top>.
    Set user-defined property "IFD_DELAY_VALUE =  AUTO" for instance <S[2].hitor_ibuf> in unit <top>.
    Set user-defined property "IOSTANDARD =  LVDS_25" for instance <S[2].hitor_ibuf> in unit <top>.
    Set user-defined property "CAPACITANCE =  DONT_CARE" for instance <S[3].strip_reset_obuf> in unit <top>.
    Set user-defined property "IOSTANDARD =  LVDS_25" for instance <S[3].strip_reset_obuf> in unit <top>.
    Set user-defined property "SLEW =  SLOW" for instance <S[3].strip_reset_obuf> in unit <top>.
    Set user-defined property "CAPACITANCE =  DONT_CARE" for instance <S[3].strip_shift_obuf> in unit <top>.
    Set user-defined property "IOSTANDARD =  LVDS_25" for instance <S[3].strip_shift_obuf> in unit <top>.
    Set user-defined property "SLEW =  SLOW" for instance <S[3].strip_shift_obuf> in unit <top>.
    Set user-defined property "CAPACITANCE =  DONT_CARE" for instance <S[3].strip_scout_obuf> in unit <top>.
    Set user-defined property "IOSTANDARD =  LVDS_25" for instance <S[3].strip_scout_obuf> in unit <top>.
    Set user-defined property "SLEW =  SLOW" for instance <S[3].strip_scout_obuf> in unit <top>.
    Set user-defined property "CAPACITANCE =  DONT_CARE" for instance <S[3].strip_bcoclk_obuf> in unit <top>.
    Set user-defined property "IOSTANDARD =  LVDS_25" for instance <S[3].strip_bcoclk_obuf> in unit <top>.
    Set user-defined property "SLEW =  SLOW" for instance <S[3].strip_bcoclk_obuf> in unit <top>.
    Set user-defined property "CAPACITANCE =  DONT_CARE" for instance <S[3].strip_scout_ibuf> in unit <top>.
    Set user-defined property "DIFF_TERM =  TRUE" for instance <S[3].strip_scout_ibuf> in unit <top>.
    Set user-defined property "DQS_BIAS =  FALSE" for instance <S[3].strip_scout_ibuf> in unit <top>.
    Set user-defined property "IBUF_DELAY_VALUE =  0" for instance <S[3].strip_scout_ibuf> in unit <top>.
    Set user-defined property "IBUF_LOW_PWR =  TRUE" for instance <S[3].strip_scout_ibuf> in unit <top>.
    Set user-defined property "IFD_DELAY_VALUE =  AUTO" for instance <S[3].strip_scout_ibuf> in unit <top>.
    Set user-defined property "IOSTANDARD =  LVDS_25" for instance <S[3].strip_scout_ibuf> in unit <top>.
    Set user-defined property "CAPACITANCE =  DONT_CARE" for instance <S[3].strip_out1_0_ibuf> in unit <top>.
    Set user-defined property "DIFF_TERM =  TRUE" for instance <S[3].strip_out1_0_ibuf> in unit <top>.
    Set user-defined property "DQS_BIAS =  FALSE" for instance <S[3].strip_out1_0_ibuf> in unit <top>.
    Set user-defined property "IBUF_DELAY_VALUE =  0" for instance <S[3].strip_out1_0_ibuf> in unit <top>.
    Set user-defined property "IBUF_LOW_PWR =  TRUE" for instance <S[3].strip_out1_0_ibuf> in unit <top>.
    Set user-defined property "IFD_DELAY_VALUE =  AUTO" for instance <S[3].strip_out1_0_ibuf> in unit <top>.
    Set user-defined property "IOSTANDARD =  LVDS_25" for instance <S[3].strip_out1_0_ibuf> in unit <top>.
    Set user-defined property "CAPACITANCE =  DONT_CARE" for instance <S[3].strip_out1_1_ibuf> in unit <top>.
    Set user-defined property "DIFF_TERM =  TRUE" for instance <S[3].strip_out1_1_ibuf> in unit <top>.
    Set user-defined property "DQS_BIAS =  FALSE" for instance <S[3].strip_out1_1_ibuf> in unit <top>.
    Set user-defined property "IBUF_DELAY_VALUE =  0" for instance <S[3].strip_out1_1_ibuf> in unit <top>.
    Set user-defined property "IBUF_LOW_PWR =  TRUE" for instance <S[3].strip_out1_1_ibuf> in unit <top>.
    Set user-defined property "IFD_DELAY_VALUE =  AUTO" for instance <S[3].strip_out1_1_ibuf> in unit <top>.
    Set user-defined property "IOSTANDARD =  LVDS_25" for instance <S[3].strip_out1_1_ibuf> in unit <top>.
    Set user-defined property "CAPACITANCE =  DONT_CARE" for instance <S[3].strip_out1_2_ibuf> in unit <top>.
    Set user-defined property "DIFF_TERM =  TRUE" for instance <S[3].strip_out1_2_ibuf> in unit <top>.
    Set user-defined property "DQS_BIAS =  FALSE" for instance <S[3].strip_out1_2_ibuf> in unit <top>.
    Set user-defined property "IBUF_DELAY_VALUE =  0" for instance <S[3].strip_out1_2_ibuf> in unit <top>.
    Set user-defined property "IBUF_LOW_PWR =  TRUE" for instance <S[3].strip_out1_2_ibuf> in unit <top>.
    Set user-defined property "IFD_DELAY_VALUE =  AUTO" for instance <S[3].strip_out1_2_ibuf> in unit <top>.
    Set user-defined property "IOSTANDARD =  LVDS_25" for instance <S[3].strip_out1_2_ibuf> in unit <top>.
    Set user-defined property "CAPACITANCE =  DONT_CARE" for instance <S[3].strip_out1_3_ibuf> in unit <top>.
    Set user-defined property "DIFF_TERM =  TRUE" for instance <S[3].strip_out1_3_ibuf> in unit <top>.
    Set user-defined property "DQS_BIAS =  FALSE" for instance <S[3].strip_out1_3_ibuf> in unit <top>.
    Set user-defined property "IBUF_DELAY_VALUE =  0" for instance <S[3].strip_out1_3_ibuf> in unit <top>.
    Set user-defined property "IBUF_LOW_PWR =  TRUE" for instance <S[3].strip_out1_3_ibuf> in unit <top>.
    Set user-defined property "IFD_DELAY_VALUE =  AUTO" for instance <S[3].strip_out1_3_ibuf> in unit <top>.
    Set user-defined property "IOSTANDARD =  LVDS_25" for instance <S[3].strip_out1_3_ibuf> in unit <top>.
    Set user-defined property "CAPACITANCE =  DONT_CARE" for instance <S[3].strip_out1_4_ibuf> in unit <top>.
    Set user-defined property "DIFF_TERM =  TRUE" for instance <S[3].strip_out1_4_ibuf> in unit <top>.
    Set user-defined property "DQS_BIAS =  FALSE" for instance <S[3].strip_out1_4_ibuf> in unit <top>.
    Set user-defined property "IBUF_DELAY_VALUE =  0" for instance <S[3].strip_out1_4_ibuf> in unit <top>.
    Set user-defined property "IBUF_LOW_PWR =  TRUE" for instance <S[3].strip_out1_4_ibuf> in unit <top>.
    Set user-defined property "IFD_DELAY_VALUE =  AUTO" for instance <S[3].strip_out1_4_ibuf> in unit <top>.
    Set user-defined property "IOSTANDARD =  LVDS_25" for instance <S[3].strip_out1_4_ibuf> in unit <top>.
    Set user-defined property "CAPACITANCE =  DONT_CARE" for instance <S[3].hitor_ibuf> in unit <top>.
    Set user-defined property "DIFF_TERM =  TRUE" for instance <S[3].hitor_ibuf> in unit <top>.
    Set user-defined property "DQS_BIAS =  FALSE" for instance <S[3].hitor_ibuf> in unit <top>.
    Set user-defined property "IBUF_DELAY_VALUE =  0" for instance <S[3].hitor_ibuf> in unit <top>.
    Set user-defined property "IBUF_LOW_PWR =  TRUE" for instance <S[3].hitor_ibuf> in unit <top>.
    Set user-defined property "IFD_DELAY_VALUE =  AUTO" for instance <S[3].hitor_ibuf> in unit <top>.
    Set user-defined property "IOSTANDARD =  LVDS_25" for instance <S[3].hitor_ibuf> in unit <top>.
    Set user-defined property "CAPACITANCE =  DONT_CARE" for instance <S[4].strip_reset_obuf> in unit <top>.
    Set user-defined property "IOSTANDARD =  LVDS_25" for instance <S[4].strip_reset_obuf> in unit <top>.
    Set user-defined property "SLEW =  SLOW" for instance <S[4].strip_reset_obuf> in unit <top>.
    Set user-defined property "CAPACITANCE =  DONT_CARE" for instance <S[4].strip_shift_obuf> in unit <top>.
    Set user-defined property "IOSTANDARD =  LVDS_25" for instance <S[4].strip_shift_obuf> in unit <top>.
    Set user-defined property "SLEW =  SLOW" for instance <S[4].strip_shift_obuf> in unit <top>.
    Set user-defined property "CAPACITANCE =  DONT_CARE" for instance <S[4].strip_scout_obuf> in unit <top>.
    Set user-defined property "IOSTANDARD =  LVDS_25" for instance <S[4].strip_scout_obuf> in unit <top>.
    Set user-defined property "SLEW =  SLOW" for instance <S[4].strip_scout_obuf> in unit <top>.
    Set user-defined property "CAPACITANCE =  DONT_CARE" for instance <S[4].strip_bcoclk_obuf> in unit <top>.
    Set user-defined property "IOSTANDARD =  LVDS_25" for instance <S[4].strip_bcoclk_obuf> in unit <top>.
    Set user-defined property "SLEW =  SLOW" for instance <S[4].strip_bcoclk_obuf> in unit <top>.
    Set user-defined property "CAPACITANCE =  DONT_CARE" for instance <S[4].strip_scout_ibuf> in unit <top>.
    Set user-defined property "DIFF_TERM =  TRUE" for instance <S[4].strip_scout_ibuf> in unit <top>.
    Set user-defined property "DQS_BIAS =  FALSE" for instance <S[4].strip_scout_ibuf> in unit <top>.
    Set user-defined property "IBUF_DELAY_VALUE =  0" for instance <S[4].strip_scout_ibuf> in unit <top>.
    Set user-defined property "IBUF_LOW_PWR =  TRUE" for instance <S[4].strip_scout_ibuf> in unit <top>.
    Set user-defined property "IFD_DELAY_VALUE =  AUTO" for instance <S[4].strip_scout_ibuf> in unit <top>.
    Set user-defined property "IOSTANDARD =  LVDS_25" for instance <S[4].strip_scout_ibuf> in unit <top>.
    Set user-defined property "CAPACITANCE =  DONT_CARE" for instance <S[4].strip_out1_0_ibuf> in unit <top>.
    Set user-defined property "DIFF_TERM =  TRUE" for instance <S[4].strip_out1_0_ibuf> in unit <top>.
    Set user-defined property "DQS_BIAS =  FALSE" for instance <S[4].strip_out1_0_ibuf> in unit <top>.
    Set user-defined property "IBUF_DELAY_VALUE =  0" for instance <S[4].strip_out1_0_ibuf> in unit <top>.
    Set user-defined property "IBUF_LOW_PWR =  TRUE" for instance <S[4].strip_out1_0_ibuf> in unit <top>.
    Set user-defined property "IFD_DELAY_VALUE =  AUTO" for instance <S[4].strip_out1_0_ibuf> in unit <top>.
    Set user-defined property "IOSTANDARD =  LVDS_25" for instance <S[4].strip_out1_0_ibuf> in unit <top>.
    Set user-defined property "CAPACITANCE =  DONT_CARE" for instance <S[4].strip_out1_1_ibuf> in unit <top>.
    Set user-defined property "DIFF_TERM =  TRUE" for instance <S[4].strip_out1_1_ibuf> in unit <top>.
    Set user-defined property "DQS_BIAS =  FALSE" for instance <S[4].strip_out1_1_ibuf> in unit <top>.
    Set user-defined property "IBUF_DELAY_VALUE =  0" for instance <S[4].strip_out1_1_ibuf> in unit <top>.
    Set user-defined property "IBUF_LOW_PWR =  TRUE" for instance <S[4].strip_out1_1_ibuf> in unit <top>.
    Set user-defined property "IFD_DELAY_VALUE =  AUTO" for instance <S[4].strip_out1_1_ibuf> in unit <top>.
    Set user-defined property "IOSTANDARD =  LVDS_25" for instance <S[4].strip_out1_1_ibuf> in unit <top>.
    Set user-defined property "CAPACITANCE =  DONT_CARE" for instance <S[4].strip_out1_2_ibuf> in unit <top>.
    Set user-defined property "DIFF_TERM =  TRUE" for instance <S[4].strip_out1_2_ibuf> in unit <top>.
    Set user-defined property "DQS_BIAS =  FALSE" for instance <S[4].strip_out1_2_ibuf> in unit <top>.
    Set user-defined property "IBUF_DELAY_VALUE =  0" for instance <S[4].strip_out1_2_ibuf> in unit <top>.
    Set user-defined property "IBUF_LOW_PWR =  TRUE" for instance <S[4].strip_out1_2_ibuf> in unit <top>.
    Set user-defined property "IFD_DELAY_VALUE =  AUTO" for instance <S[4].strip_out1_2_ibuf> in unit <top>.
    Set user-defined property "IOSTANDARD =  LVDS_25" for instance <S[4].strip_out1_2_ibuf> in unit <top>.
    Set user-defined property "CAPACITANCE =  DONT_CARE" for instance <S[4].strip_out1_3_ibuf> in unit <top>.
    Set user-defined property "DIFF_TERM =  TRUE" for instance <S[4].strip_out1_3_ibuf> in unit <top>.
    Set user-defined property "DQS_BIAS =  FALSE" for instance <S[4].strip_out1_3_ibuf> in unit <top>.
    Set user-defined property "IBUF_DELAY_VALUE =  0" for instance <S[4].strip_out1_3_ibuf> in unit <top>.
    Set user-defined property "IBUF_LOW_PWR =  TRUE" for instance <S[4].strip_out1_3_ibuf> in unit <top>.
    Set user-defined property "IFD_DELAY_VALUE =  AUTO" for instance <S[4].strip_out1_3_ibuf> in unit <top>.
    Set user-defined property "IOSTANDARD =  LVDS_25" for instance <S[4].strip_out1_3_ibuf> in unit <top>.
    Set user-defined property "CAPACITANCE =  DONT_CARE" for instance <S[4].strip_out1_4_ibuf> in unit <top>.
    Set user-defined property "DIFF_TERM =  TRUE" for instance <S[4].strip_out1_4_ibuf> in unit <top>.
    Set user-defined property "DQS_BIAS =  FALSE" for instance <S[4].strip_out1_4_ibuf> in unit <top>.
    Set user-defined property "IBUF_DELAY_VALUE =  0" for instance <S[4].strip_out1_4_ibuf> in unit <top>.
    Set user-defined property "IBUF_LOW_PWR =  TRUE" for instance <S[4].strip_out1_4_ibuf> in unit <top>.
    Set user-defined property "IFD_DELAY_VALUE =  AUTO" for instance <S[4].strip_out1_4_ibuf> in unit <top>.
    Set user-defined property "IOSTANDARD =  LVDS_25" for instance <S[4].strip_out1_4_ibuf> in unit <top>.
    Set user-defined property "CAPACITANCE =  DONT_CARE" for instance <S[4].hitor_ibuf> in unit <top>.
    Set user-defined property "DIFF_TERM =  TRUE" for instance <S[4].hitor_ibuf> in unit <top>.
    Set user-defined property "DQS_BIAS =  FALSE" for instance <S[4].hitor_ibuf> in unit <top>.
    Set user-defined property "IBUF_DELAY_VALUE =  0" for instance <S[4].hitor_ibuf> in unit <top>.
    Set user-defined property "IBUF_LOW_PWR =  TRUE" for instance <S[4].hitor_ibuf> in unit <top>.
    Set user-defined property "IFD_DELAY_VALUE =  AUTO" for instance <S[4].hitor_ibuf> in unit <top>.
    Set user-defined property "IOSTANDARD =  LVDS_25" for instance <S[4].hitor_ibuf> in unit <top>.
    Set user-defined property "CAPACITANCE =  DONT_CARE" for instance <S[5].strip_reset_obuf> in unit <top>.
    Set user-defined property "IOSTANDARD =  LVDS_25" for instance <S[5].strip_reset_obuf> in unit <top>.
    Set user-defined property "SLEW =  SLOW" for instance <S[5].strip_reset_obuf> in unit <top>.
    Set user-defined property "CAPACITANCE =  DONT_CARE" for instance <S[5].strip_shift_obuf> in unit <top>.
    Set user-defined property "IOSTANDARD =  LVDS_25" for instance <S[5].strip_shift_obuf> in unit <top>.
    Set user-defined property "SLEW =  SLOW" for instance <S[5].strip_shift_obuf> in unit <top>.
    Set user-defined property "CAPACITANCE =  DONT_CARE" for instance <S[5].strip_scout_obuf> in unit <top>.
    Set user-defined property "IOSTANDARD =  LVDS_25" for instance <S[5].strip_scout_obuf> in unit <top>.
    Set user-defined property "SLEW =  SLOW" for instance <S[5].strip_scout_obuf> in unit <top>.
    Set user-defined property "CAPACITANCE =  DONT_CARE" for instance <S[5].strip_bcoclk_obuf> in unit <top>.
    Set user-defined property "IOSTANDARD =  LVDS_25" for instance <S[5].strip_bcoclk_obuf> in unit <top>.
    Set user-defined property "SLEW =  SLOW" for instance <S[5].strip_bcoclk_obuf> in unit <top>.
    Set user-defined property "CAPACITANCE =  DONT_CARE" for instance <S[5].strip_scout_ibuf> in unit <top>.
    Set user-defined property "DIFF_TERM =  TRUE" for instance <S[5].strip_scout_ibuf> in unit <top>.
    Set user-defined property "DQS_BIAS =  FALSE" for instance <S[5].strip_scout_ibuf> in unit <top>.
    Set user-defined property "IBUF_DELAY_VALUE =  0" for instance <S[5].strip_scout_ibuf> in unit <top>.
    Set user-defined property "IBUF_LOW_PWR =  TRUE" for instance <S[5].strip_scout_ibuf> in unit <top>.
    Set user-defined property "IFD_DELAY_VALUE =  AUTO" for instance <S[5].strip_scout_ibuf> in unit <top>.
    Set user-defined property "IOSTANDARD =  LVDS_25" for instance <S[5].strip_scout_ibuf> in unit <top>.
    Set user-defined property "CAPACITANCE =  DONT_CARE" for instance <S[5].strip_out1_0_ibuf> in unit <top>.
    Set user-defined property "DIFF_TERM =  TRUE" for instance <S[5].strip_out1_0_ibuf> in unit <top>.
    Set user-defined property "DQS_BIAS =  FALSE" for instance <S[5].strip_out1_0_ibuf> in unit <top>.
    Set user-defined property "IBUF_DELAY_VALUE =  0" for instance <S[5].strip_out1_0_ibuf> in unit <top>.
    Set user-defined property "IBUF_LOW_PWR =  TRUE" for instance <S[5].strip_out1_0_ibuf> in unit <top>.
    Set user-defined property "IFD_DELAY_VALUE =  AUTO" for instance <S[5].strip_out1_0_ibuf> in unit <top>.
    Set user-defined property "IOSTANDARD =  LVDS_25" for instance <S[5].strip_out1_0_ibuf> in unit <top>.
    Set user-defined property "CAPACITANCE =  DONT_CARE" for instance <S[5].strip_out1_1_ibuf> in unit <top>.
    Set user-defined property "DIFF_TERM =  TRUE" for instance <S[5].strip_out1_1_ibuf> in unit <top>.
    Set user-defined property "DQS_BIAS =  FALSE" for instance <S[5].strip_out1_1_ibuf> in unit <top>.
    Set user-defined property "IBUF_DELAY_VALUE =  0" for instance <S[5].strip_out1_1_ibuf> in unit <top>.
    Set user-defined property "IBUF_LOW_PWR =  TRUE" for instance <S[5].strip_out1_1_ibuf> in unit <top>.
    Set user-defined property "IFD_DELAY_VALUE =  AUTO" for instance <S[5].strip_out1_1_ibuf> in unit <top>.
    Set user-defined property "IOSTANDARD =  LVDS_25" for instance <S[5].strip_out1_1_ibuf> in unit <top>.
    Set user-defined property "CAPACITANCE =  DONT_CARE" for instance <S[5].strip_out1_2_ibuf> in unit <top>.
    Set user-defined property "DIFF_TERM =  TRUE" for instance <S[5].strip_out1_2_ibuf> in unit <top>.
    Set user-defined property "DQS_BIAS =  FALSE" for instance <S[5].strip_out1_2_ibuf> in unit <top>.
    Set user-defined property "IBUF_DELAY_VALUE =  0" for instance <S[5].strip_out1_2_ibuf> in unit <top>.
    Set user-defined property "IBUF_LOW_PWR =  TRUE" for instance <S[5].strip_out1_2_ibuf> in unit <top>.
    Set user-defined property "IFD_DELAY_VALUE =  AUTO" for instance <S[5].strip_out1_2_ibuf> in unit <top>.
    Set user-defined property "IOSTANDARD =  LVDS_25" for instance <S[5].strip_out1_2_ibuf> in unit <top>.
    Set user-defined property "CAPACITANCE =  DONT_CARE" for instance <S[5].strip_out1_3_ibuf> in unit <top>.
    Set user-defined property "DIFF_TERM =  TRUE" for instance <S[5].strip_out1_3_ibuf> in unit <top>.
    Set user-defined property "DQS_BIAS =  FALSE" for instance <S[5].strip_out1_3_ibuf> in unit <top>.
    Set user-defined property "IBUF_DELAY_VALUE =  0" for instance <S[5].strip_out1_3_ibuf> in unit <top>.
    Set user-defined property "IBUF_LOW_PWR =  TRUE" for instance <S[5].strip_out1_3_ibuf> in unit <top>.
    Set user-defined property "IFD_DELAY_VALUE =  AUTO" for instance <S[5].strip_out1_3_ibuf> in unit <top>.
    Set user-defined property "IOSTANDARD =  LVDS_25" for instance <S[5].strip_out1_3_ibuf> in unit <top>.
    Set user-defined property "CAPACITANCE =  DONT_CARE" for instance <S[5].strip_out1_4_ibuf> in unit <top>.
    Set user-defined property "DIFF_TERM =  TRUE" for instance <S[5].strip_out1_4_ibuf> in unit <top>.
    Set user-defined property "DQS_BIAS =  FALSE" for instance <S[5].strip_out1_4_ibuf> in unit <top>.
    Set user-defined property "IBUF_DELAY_VALUE =  0" for instance <S[5].strip_out1_4_ibuf> in unit <top>.
    Set user-defined property "IBUF_LOW_PWR =  TRUE" for instance <S[5].strip_out1_4_ibuf> in unit <top>.
    Set user-defined property "IFD_DELAY_VALUE =  AUTO" for instance <S[5].strip_out1_4_ibuf> in unit <top>.
    Set user-defined property "IOSTANDARD =  LVDS_25" for instance <S[5].strip_out1_4_ibuf> in unit <top>.
    Set user-defined property "CAPACITANCE =  DONT_CARE" for instance <S[5].hitor_ibuf> in unit <top>.
    Set user-defined property "DIFF_TERM =  TRUE" for instance <S[5].hitor_ibuf> in unit <top>.
    Set user-defined property "DQS_BIAS =  FALSE" for instance <S[5].hitor_ibuf> in unit <top>.
    Set user-defined property "IBUF_DELAY_VALUE =  0" for instance <S[5].hitor_ibuf> in unit <top>.
    Set user-defined property "IBUF_LOW_PWR =  TRUE" for instance <S[5].hitor_ibuf> in unit <top>.
    Set user-defined property "IFD_DELAY_VALUE =  AUTO" for instance <S[5].hitor_ibuf> in unit <top>.
    Set user-defined property "IOSTANDARD =  LVDS_25" for instance <S[5].hitor_ibuf> in unit <top>.
    Set user-defined property "CAPACITANCE =  DONT_CARE" for instance <dac_sdi_obuf> in unit <top>.
    Set user-defined property "DRIVE =  12" for instance <dac_sdi_obuf> in unit <top>.
    Set user-defined property "IOSTANDARD =  LVCMOS25" for instance <dac_sdi_obuf> in unit <top>.
    Set user-defined property "SLEW =  SLOW" for instance <dac_sdi_obuf> in unit <top>.
    Set user-defined property "CAPACITANCE =  DONT_CARE" for instance <dac_sclk_obuf> in unit <top>.
    Set user-defined property "DRIVE =  12" for instance <dac_sclk_obuf> in unit <top>.
    Set user-defined property "IOSTANDARD =  LVCMOS25" for instance <dac_sclk_obuf> in unit <top>.
    Set user-defined property "SLEW =  SLOW" for instance <dac_sclk_obuf> in unit <top>.
    Set user-defined property "CAPACITANCE =  DONT_CARE" for instance <dac_sdo_ibuf> in unit <top>.
    Set user-defined property "IBUF_DELAY_VALUE =  0" for instance <dac_sdo_ibuf> in unit <top>.
    Set user-defined property "IBUF_LOW_PWR =  TRUE" for instance <dac_sdo_ibuf> in unit <top>.
    Set user-defined property "IFD_DELAY_VALUE =  AUTO" for instance <dac_sdo_ibuf> in unit <top>.
    Set user-defined property "IOSTANDARD =  LVCMOS25" for instance <dac_sdo_ibuf> in unit <top>.
    Set user-defined property "CAPACITANCE =  DONT_CARE" for instance <dac_reset_obuf> in unit <top>.
    Set user-defined property "DRIVE =  12" for instance <dac_reset_obuf> in unit <top>.
    Set user-defined property "IOSTANDARD =  LVCMOS25" for instance <dac_reset_obuf> in unit <top>.
    Set user-defined property "SLEW =  SLOW" for instance <dac_reset_obuf> in unit <top>.
    Set user-defined property "DDR_CLK_EDGE =  OPPOSITE_EDGE" for instance <DACBUS[0].dac_busa_obuf> in unit <top>.
    Set user-defined property "INIT =  0" for instance <DACBUS[0].dac_busa_obuf> in unit <top>.
    Set user-defined property "SRTYPE =  SYNC" for instance <DACBUS[0].dac_busa_obuf> in unit <top>.
    Set user-defined property "DDR_CLK_EDGE =  OPPOSITE_EDGE" for instance <DACBUS[1].dac_busa_obuf> in unit <top>.
    Set user-defined property "INIT =  0" for instance <DACBUS[1].dac_busa_obuf> in unit <top>.
    Set user-defined property "SRTYPE =  SYNC" for instance <DACBUS[1].dac_busa_obuf> in unit <top>.
    Set user-defined property "DDR_CLK_EDGE =  OPPOSITE_EDGE" for instance <DACBUS[2].dac_busa_obuf> in unit <top>.
    Set user-defined property "INIT =  0" for instance <DACBUS[2].dac_busa_obuf> in unit <top>.
    Set user-defined property "SRTYPE =  SYNC" for instance <DACBUS[2].dac_busa_obuf> in unit <top>.
    Set user-defined property "DDR_CLK_EDGE =  OPPOSITE_EDGE" for instance <DACBUS[3].dac_busa_obuf> in unit <top>.
    Set user-defined property "INIT =  0" for instance <DACBUS[3].dac_busa_obuf> in unit <top>.
    Set user-defined property "SRTYPE =  SYNC" for instance <DACBUS[3].dac_busa_obuf> in unit <top>.
    Set user-defined property "DDR_CLK_EDGE =  OPPOSITE_EDGE" for instance <DACBUS[4].dac_busa_obuf> in unit <top>.
    Set user-defined property "INIT =  0" for instance <DACBUS[4].dac_busa_obuf> in unit <top>.
    Set user-defined property "SRTYPE =  SYNC" for instance <DACBUS[4].dac_busa_obuf> in unit <top>.
    Set user-defined property "DDR_CLK_EDGE =  OPPOSITE_EDGE" for instance <DACBUS[5].dac_busa_obuf> in unit <top>.
    Set user-defined property "INIT =  0" for instance <DACBUS[5].dac_busa_obuf> in unit <top>.
    Set user-defined property "SRTYPE =  SYNC" for instance <DACBUS[5].dac_busa_obuf> in unit <top>.
    Set user-defined property "DDR_CLK_EDGE =  OPPOSITE_EDGE" for instance <DACBUS[6].dac_busa_obuf> in unit <top>.
    Set user-defined property "INIT =  0" for instance <DACBUS[6].dac_busa_obuf> in unit <top>.
    Set user-defined property "SRTYPE =  SYNC" for instance <DACBUS[6].dac_busa_obuf> in unit <top>.
    Set user-defined property "DDR_CLK_EDGE =  OPPOSITE_EDGE" for instance <DACBUS[7].dac_busa_obuf> in unit <top>.
    Set user-defined property "INIT =  0" for instance <DACBUS[7].dac_busa_obuf> in unit <top>.
    Set user-defined property "SRTYPE =  SYNC" for instance <DACBUS[7].dac_busa_obuf> in unit <top>.
    Set user-defined property "DDR_CLK_EDGE =  OPPOSITE_EDGE" for instance <DACBUS[8].dac_busa_obuf> in unit <top>.
    Set user-defined property "INIT =  0" for instance <DACBUS[8].dac_busa_obuf> in unit <top>.
    Set user-defined property "SRTYPE =  SYNC" for instance <DACBUS[8].dac_busa_obuf> in unit <top>.
    Set user-defined property "DDR_CLK_EDGE =  OPPOSITE_EDGE" for instance <DACBUS[9].dac_busa_obuf> in unit <top>.
    Set user-defined property "INIT =  0" for instance <DACBUS[9].dac_busa_obuf> in unit <top>.
    Set user-defined property "SRTYPE =  SYNC" for instance <DACBUS[9].dac_busa_obuf> in unit <top>.
    Set user-defined property "DDR_CLK_EDGE =  OPPOSITE_EDGE" for instance <DACBUS[10].dac_busa_obuf> in unit <top>.
    Set user-defined property "INIT =  0" for instance <DACBUS[10].dac_busa_obuf> in unit <top>.
    Set user-defined property "SRTYPE =  SYNC" for instance <DACBUS[10].dac_busa_obuf> in unit <top>.
    Set user-defined property "DDR_CLK_EDGE =  OPPOSITE_EDGE" for instance <DACBUS[11].dac_busa_obuf> in unit <top>.
    Set user-defined property "INIT =  0" for instance <DACBUS[11].dac_busa_obuf> in unit <top>.
    Set user-defined property "SRTYPE =  SYNC" for instance <DACBUS[11].dac_busa_obuf> in unit <top>.
    Set user-defined property "DDR_CLK_EDGE =  OPPOSITE_EDGE" for instance <DATACLK[0].dac_dataclk_obuf> in unit <top>.
    Set user-defined property "INIT =  0" for instance <DATACLK[0].dac_dataclk_obuf> in unit <top>.
    Set user-defined property "SRTYPE =  SYNC" for instance <DATACLK[0].dac_dataclk_obuf> in unit <top>.
    Set user-defined property "DDR_CLK_EDGE =  OPPOSITE_EDGE" for instance <DATACLK[1].dac_dataclk_obuf> in unit <top>.
    Set user-defined property "INIT =  0" for instance <DATACLK[1].dac_dataclk_obuf> in unit <top>.
    Set user-defined property "SRTYPE =  SYNC" for instance <DATACLK[1].dac_dataclk_obuf> in unit <top>.
    Set user-defined property "DDR_CLK_EDGE =  OPPOSITE_EDGE" for instance <DATACLK[2].dac_dataclk_obuf> in unit <top>.
    Set user-defined property "INIT =  0" for instance <DATACLK[2].dac_dataclk_obuf> in unit <top>.
    Set user-defined property "SRTYPE =  SYNC" for instance <DATACLK[2].dac_dataclk_obuf> in unit <top>.
    Set user-defined property "DDR_CLK_EDGE =  OPPOSITE_EDGE" for instance <DATACLK[3].dac_dataclk_obuf> in unit <top>.
    Set user-defined property "INIT =  0" for instance <DATACLK[3].dac_dataclk_obuf> in unit <top>.
    Set user-defined property "SRTYPE =  SYNC" for instance <DATACLK[3].dac_dataclk_obuf> in unit <top>.
    Set user-defined property "CAPACITANCE =  DONT_CARE" for instance <DACCLK[0].dac_clk_obuf> in unit <top>.
    Set user-defined property "IOSTANDARD =  LVDS_25" for instance <DACCLK[0].dac_clk_obuf> in unit <top>.
    Set user-defined property "SLEW =  SLOW" for instance <DACCLK[0].dac_clk_obuf> in unit <top>.
    Set user-defined property "CAPACITANCE =  DONT_CARE" for instance <DACCLK[1].dac_clk_obuf> in unit <top>.
    Set user-defined property "IOSTANDARD =  LVDS_25" for instance <DACCLK[1].dac_clk_obuf> in unit <top>.
    Set user-defined property "SLEW =  SLOW" for instance <DACCLK[1].dac_clk_obuf> in unit <top>.
    Set user-defined property "CAPACITANCE =  DONT_CARE" for instance <DACCLK[2].dac_clk_obuf> in unit <top>.
    Set user-defined property "IOSTANDARD =  LVDS_25" for instance <DACCLK[2].dac_clk_obuf> in unit <top>.
    Set user-defined property "SLEW =  SLOW" for instance <DACCLK[2].dac_clk_obuf> in unit <top>.
    Set user-defined property "CAPACITANCE =  DONT_CARE" for instance <DACCLK[3].dac_clk_obuf> in unit <top>.
    Set user-defined property "IOSTANDARD =  LVDS_25" for instance <DACCLK[3].dac_clk_obuf> in unit <top>.
    Set user-defined property "SLEW =  SLOW" for instance <DACCLK[3].dac_clk_obuf> in unit <top>.
INFO:Xst:2679 - Register <local_clock_lock_lost<1>> in unit <top> has a constant value of 0 during circuit operation. The register is replaced by logic.
Entity <top> analyzed. Unit <top> generated.

Analyzing Entity <ethernet_interface> in library <work> (Architecture <BEHAVIORAL>).
WARNING:Xst:753 - "/home/rrivera/ots/srcs/otsdaq-firmware/cactus/projects/ftbf/stib_slave_ots/work_eth/ethernet_interface.vhd" line 163: Unconnected output port 'udp_fwd_port' of component 'ethernet_controller_wrapper'.
Entity <ethernet_interface> analyzed. Unit <ethernet_interface> generated.

Analyzing Entity <ethernet_controller_wrapper> in library <work> (Architecture <arch>).
WARNING:Xst:753 - "/home/rrivera/ots/srcs/otsdaq-firmware/cactus/projects/ftbf/stib_slave_ots/work_eth/ethernet_controller_wrapper.vhd" line 228: Unconnected output port 'CRC_end' of component 'crc_gen'.
WARNING:Xst:753 - "/home/rrivera/ots/srcs/otsdaq-firmware/cactus/projects/ftbf/stib_slave_ots/work_eth/ethernet_controller_wrapper.vhd" line 259: Unconnected output port 'CRC_end' of component 'crc_gen'.
WARNING:Xst:753 - "/home/rrivera/ots/srcs/otsdaq-firmware/cactus/projects/ftbf/stib_slave_ots/work_eth/ethernet_controller_wrapper.vhd" line 259: Unconnected output port 'CRC_out' of component 'crc_gen'.
Entity <ethernet_controller_wrapper> analyzed. Unit <ethernet_controller_wrapper> generated.

Analyzing Entity <ethernet_controller> in library <work> (Architecture <arch>).
WARNING:Xst:753 - "/home/rrivera/ots/srcs/otsdaq-firmware/cactus/projects/ftbf/stib_slave_ots/work_eth/ethernet_controller.vhd" line 455: Unconnected output port 'arp_search_ip' of component 'decipherer'.
WARNING:Xst:753 - "/home/rrivera/ots/srcs/otsdaq-firmware/cactus/projects/ftbf/stib_slave_ots/work_eth/ethernet_controller.vhd" line 455: Unconnected output port 'dest_mac' of component 'decipherer'.
WARNING:Xst:753 - "/home/rrivera/ots/srcs/otsdaq-firmware/cactus/projects/ftbf/stib_slave_ots/work_eth/ethernet_controller.vhd" line 455: Unconnected output port 'is_arp' of component 'decipherer'.
WARNING:Xst:753 - "/home/rrivera/ots/srcs/otsdaq-firmware/cactus/projects/ftbf/stib_slave_ots/work_eth/ethernet_controller.vhd" line 455: Unconnected output port 'is_idle' of component 'decipherer'.
WARNING:Xst:753 - "/home/rrivera/ots/srcs/otsdaq-firmware/cactus/projects/ftbf/stib_slave_ots/work_eth/ethernet_controller.vhd" line 455: Unconnected output port 'is_udp' of component 'decipherer'.
Entity <ethernet_controller> analyzed. Unit <ethernet_controller> generated.

Analyzing Entity <address_container> in library <work> (Architecture <arch>).
Entity <address_container> analyzed. Unit <address_container> generated.

Analyzing Entity <arp_reply> in library <work> (Architecture <arp_reply_arch>).
INFO:Xst:2679 - Register <tx_er> in unit <arp_reply> has a constant value of 0 during circuit operation. The register is replaced by logic.
Entity <arp_reply> analyzed. Unit <arp_reply> generated.

Analyzing Entity <or33> in library <work> (Architecture <or33_arch>).
Entity <or33> analyzed. Unit <or33> generated.

Analyzing Entity <ip_checksum_calc> in library <work> (Architecture <arch>).
Entity <ip_checksum_calc> analyzed. Unit <ip_checksum_calc> generated.

Analyzing Entity <create_packet> in library <work> (Architecture <create_packet_arch>).
INFO:Xst:2679 - Register <IP_length<15>> in unit <create_packet> has a constant value of 0 during circuit operation. The register is replaced by logic.
INFO:Xst:2679 - Register <IP_length<14>> in unit <create_packet> has a constant value of 0 during circuit operation. The register is replaced by logic.
INFO:Xst:2679 - Register <IP_length<13>> in unit <create_packet> has a constant value of 0 during circuit operation. The register is replaced by logic.
INFO:Xst:2679 - Register <IP_length<12>> in unit <create_packet> has a constant value of 0 during circuit operation. The register is replaced by logic.
INFO:Xst:2679 - Register <IP_length<11>> in unit <create_packet> has a constant value of 0 during circuit operation. The register is replaced by logic.
INFO:Xst:2679 - Register <UDP_length<15>> in unit <create_packet> has a constant value of 0 during circuit operation. The register is replaced by logic.
INFO:Xst:2679 - Register <UDP_length<14>> in unit <create_packet> has a constant value of 0 during circuit operation. The register is replaced by logic.
INFO:Xst:2679 - Register <UDP_length<13>> in unit <create_packet> has a constant value of 0 during circuit operation. The register is replaced by logic.
INFO:Xst:2679 - Register <UDP_length<12>> in unit <create_packet> has a constant value of 0 during circuit operation. The register is replaced by logic.
INFO:Xst:2679 - Register <UDP_length<11>> in unit <create_packet> has a constant value of 0 during circuit operation. The register is replaced by logic.
INFO:Xst:2679 - Register <tx_er> in unit <create_packet> has a constant value of 0 during circuit operation. The register is replaced by logic.
Entity <create_packet> analyzed. Unit <create_packet> generated.

Analyzing Entity <dataout_mux> in library <work> (Architecture <dataout_mux_arch>).
Entity <dataout_mux> analyzed. Unit <dataout_mux> generated.

Analyzing Entity <decipherer> in library <work> (Architecture <decipherer_arch>).
Entity <decipherer> analyzed. Unit <decipherer> generated.

Analyzing Entity <filter_data_out> in library <work> (Architecture <filter_data_out_arch>).
Entity <filter_data_out> analyzed. Unit <filter_data_out> generated.

Analyzing Entity <icmp_ping_checksum_calc> in library <work> (Architecture <icmp_ping_checksum_calc_arch>).
Entity <icmp_ping_checksum_calc> analyzed. Unit <icmp_ping_checksum_calc> generated.

Analyzing Entity <icmp_ping_shift_reg> in library <work> (Architecture <arch>).
Entity <icmp_ping_shift_reg> analyzed. Unit <icmp_ping_shift_reg> generated.

Analyzing Entity <udp_data_splicer> in library <work> (Architecture <udp_data_splicer_arch>).
Entity <udp_data_splicer> analyzed. Unit <udp_data_splicer> generated.

Analyzing Entity <user_addrs_mux> in library <work> (Architecture <user_addrs_mux_arch>).
Entity <user_addrs_mux> analyzed. Unit <user_addrs_mux> generated.

Analyzing Entity <MII_100_1000_handler> in library <work> (Architecture <arch>).
Entity <MII_100_1000_handler> analyzed. Unit <MII_100_1000_handler> generated.

Analyzing module <crc_chk> in library <work>.
	Calling function <NextCRC>.
Module <crc_chk> is correct for synthesis.
 
Analyzing module <crc_gen> in library <work>.
	Calling function <NextCRC>.
Module <crc_gen> is correct for synthesis.
 
Analyzing Entity <crc_splice> in library <work> (Architecture <arch>).
Entity <crc_splice> analyzed. Unit <crc_splice> generated.

Analyzing Entity <data_manager> in library <work> (Architecture <BEHAVIORAL>).
WARNING:Xst:2211 - "/home/rrivera/ots/srcs/otsdaq-firmware/cactus/projects/ftbf/stib_slave_ots/work_eth/data_manager.vhd" line 331: Instantiating black box module <DATA_FIFO_0>.
WARNING:Xst:2211 - "/home/rrivera/ots/srcs/otsdaq-firmware/cactus/projects/ftbf/stib_slave_ots/work_eth/data_manager.vhd" line 341: Instantiating black box module <INFO_FIFO_0>.
WARNING:Xst:753 - "/home/rrivera/ots/srcs/otsdaq-firmware/cactus/projects/ftbf/stib_slave_ots/work_eth/data_manager.vhd" line 351: Unconnected output port 'empty' of component 'ADDR_FIFO'.
WARNING:Xst:753 - "/home/rrivera/ots/srcs/otsdaq-firmware/cactus/projects/ftbf/stib_slave_ots/work_eth/data_manager.vhd" line 351: Unconnected output port 'full' of component 'ADDR_FIFO'.
WARNING:Xst:2211 - "/home/rrivera/ots/srcs/otsdaq-firmware/cactus/projects/ftbf/stib_slave_ots/work_eth/data_manager.vhd" line 351: Instantiating black box module <ADDR_FIFO>.
WARNING:Xst:753 - "/home/rrivera/ots/srcs/otsdaq-firmware/cactus/projects/ftbf/stib_slave_ots/work_eth/data_manager.vhd" line 362: Unconnected output port 'empty' of component 'ADDR_FIFO'.
WARNING:Xst:753 - "/home/rrivera/ots/srcs/otsdaq-firmware/cactus/projects/ftbf/stib_slave_ots/work_eth/data_manager.vhd" line 362: Unconnected output port 'full' of component 'ADDR_FIFO'.
WARNING:Xst:2211 - "/home/rrivera/ots/srcs/otsdaq-firmware/cactus/projects/ftbf/stib_slave_ots/work_eth/data_manager.vhd" line 362: Instantiating black box module <ADDR_FIFO>.
WARNING:Xst:2211 - "/home/rrivera/ots/srcs/otsdaq-firmware/cactus/projects/ftbf/stib_slave_ots/work_eth/data_manager.vhd" line 373: Instantiating black box module <DATA_FIFO_0>.
WARNING:Xst:2211 - "/home/rrivera/ots/srcs/otsdaq-firmware/cactus/projects/ftbf/stib_slave_ots/work_eth/data_manager.vhd" line 383: Instantiating black box module <INFO_FIFO_0>.
WARNING:Xst:2211 - "/home/rrivera/ots/srcs/otsdaq-firmware/cactus/projects/ftbf/stib_slave_ots/work_eth/data_manager.vhd" line 393: Instantiating black box module <DATA_FIFO_0>.
WARNING:Xst:2211 - "/home/rrivera/ots/srcs/otsdaq-firmware/cactus/projects/ftbf/stib_slave_ots/work_eth/data_manager.vhd" line 403: Instantiating black box module <INFO_FIFO_0>.
WARNING:Xst:753 - "/home/rrivera/ots/srcs/otsdaq-firmware/cactus/projects/ftbf/stib_slave_ots/work_eth/data_manager.vhd" line 413: Unconnected output port 'empty' of component 'ADDR_FIFO'.
WARNING:Xst:753 - "/home/rrivera/ots/srcs/otsdaq-firmware/cactus/projects/ftbf/stib_slave_ots/work_eth/data_manager.vhd" line 413: Unconnected output port 'full' of component 'ADDR_FIFO'.
WARNING:Xst:2211 - "/home/rrivera/ots/srcs/otsdaq-firmware/cactus/projects/ftbf/stib_slave_ots/work_eth/data_manager.vhd" line 413: Instantiating black box module <ADDR_FIFO>.
WARNING:Xst:753 - "/home/rrivera/ots/srcs/otsdaq-firmware/cactus/projects/ftbf/stib_slave_ots/work_eth/data_manager.vhd" line 424: Unconnected output port 'empty' of component 'ADDR_FIFO'.
WARNING:Xst:753 - "/home/rrivera/ots/srcs/otsdaq-firmware/cactus/projects/ftbf/stib_slave_ots/work_eth/data_manager.vhd" line 424: Unconnected output port 'full' of component 'ADDR_FIFO'.
WARNING:Xst:2211 - "/home/rrivera/ots/srcs/otsdaq-firmware/cactus/projects/ftbf/stib_slave_ots/work_eth/data_manager.vhd" line 424: Instantiating black box module <ADDR_FIFO>.
Entity <data_manager> analyzed. Unit <data_manager> generated.

Analyzing Entity <burst_controller_sm> in library <work> (Architecture <burst_controller_sm_arch>).
Entity <burst_controller_sm> analyzed. Unit <burst_controller_sm> generated.

Analyzing Entity <rx_ctl> in library <work> (Architecture <arch>).
WARNING:Xst:37 - Detected unknown constraint/property "STATE_VECTOR". This constraint/property is not supported by the current software release and will be ignored.
Entity <rx_ctl> analyzed. Unit <rx_ctl> generated.

Analyzing Entity <ram_comm_dec> in library <work> (Architecture <arch>).
WARNING:Xst:37 - Detected unknown constraint/property "STATE_VECTOR". This constraint/property is not supported by the current software release and will be ignored.
Entity <ram_comm_dec> analyzed. Unit <ram_comm_dec> generated.

Analyzing Entity <tx_seq_ctl> in library <work> (Architecture <arch>).
WARNING:Xst:37 - Detected unknown constraint/property "STATE_VECTOR". This constraint/property is not supported by the current software release and will be ignored.
Entity <tx_seq_ctl> analyzed. Unit <tx_seq_ctl> generated.

Analyzing Entity <burst_traffic_controller> in library <work> (Architecture <burst_traffic_controller_arch>).
Entity <burst_traffic_controller> analyzed. Unit <burst_traffic_controller> generated.

Analyzing Entity <reset_mgr> in library <work> (Architecture <Behavioral>).
Entity <reset_mgr> analyzed. Unit <reset_mgr> generated.

Analyzing generic Entity <strip_interface> in library <strip> (Architecture <behavioral>).
	nsensor = 6
    Set user-defined property "CLK_SEL_TYPE =  SYNC" for instance <G[0].bufgmux_imp> in unit <strip_interface>.
WARNING:Xst:2211 - "/home/rrivera/ots/srcs/otsdaq-firmware/cactus/projects/ftbf/stib_slave_ots/strip/strip_interface.vhd" line 978: Instantiating black box module <trigbuf>.
    Set user-defined property "CLK_SEL_TYPE =  SYNC" for instance <G[1].bufgmux_imp> in unit <strip_interface>.
WARNING:Xst:2211 - "/home/rrivera/ots/srcs/otsdaq-firmware/cactus/projects/ftbf/stib_slave_ots/strip/strip_interface.vhd" line 978: Instantiating black box module <trigbuf>.
    Set user-defined property "CLK_SEL_TYPE =  SYNC" for instance <G[2].bufgmux_imp> in unit <strip_interface>.
WARNING:Xst:2211 - "/home/rrivera/ots/srcs/otsdaq-firmware/cactus/projects/ftbf/stib_slave_ots/strip/strip_interface.vhd" line 978: Instantiating black box module <trigbuf>.
    Set user-defined property "CLK_SEL_TYPE =  SYNC" for instance <G[3].bufgmux_imp> in unit <strip_interface>.
WARNING:Xst:2211 - "/home/rrivera/ots/srcs/otsdaq-firmware/cactus/projects/ftbf/stib_slave_ots/strip/strip_interface.vhd" line 978: Instantiating black box module <trigbuf>.
    Set user-defined property "CLK_SEL_TYPE =  SYNC" for instance <G[4].bufgmux_imp> in unit <strip_interface>.
WARNING:Xst:2211 - "/home/rrivera/ots/srcs/otsdaq-firmware/cactus/projects/ftbf/stib_slave_ots/strip/strip_interface.vhd" line 978: Instantiating black box module <trigbuf>.
    Set user-defined property "CLK_SEL_TYPE =  SYNC" for instance <G[5].bufgmux_imp> in unit <strip_interface>.
WARNING:Xst:2211 - "/home/rrivera/ots/srcs/otsdaq-firmware/cactus/projects/ftbf/stib_slave_ots/strip/strip_interface.vhd" line 978: Instantiating black box module <trigbuf>.
WARNING:Xst:790 - "/home/rrivera/ots/srcs/otsdaq-firmware/cactus/projects/ftbf/stib_slave_ots/strip/strip_interface.vhd" line 1454: Index value(s) does not match array range, simulation mismatch.
WARNING:Xst:790 - "/home/rrivera/ots/srcs/otsdaq-firmware/cactus/projects/ftbf/stib_slave_ots/strip/strip_interface.vhd" line 1454: Index value(s) does not match array range, simulation mismatch.
WARNING:Xst:819 - "/home/rrivera/ots/srcs/otsdaq-firmware/cactus/projects/ftbf/stib_slave_ots/strip/strip_interface.vhd" line 1623: One or more signals are missing in the process sensitivity list. To enable synthesis of FPGA/CPLD hardware, XST will assume that all necessary signals are present in the sensitivity list. Please note that the result of the synthesis may differ from the initial design specification. The missing signals are:
   <TRIG_FIFO_DATA_VALID>, <TRIG_FIFO_DATA>, <TRIG_FIFO_EMPTY>, <TRIGNUM_FIFO_DATA_VALID>, <TRIGNUM_FIFO_DOUT>, <TRIGNUM_FIFO_EMPTY>
WARNING:Xst:790 - "/home/rrivera/ots/srcs/otsdaq-firmware/cactus/projects/ftbf/stib_slave_ots/strip/strip_interface.vhd" line 1726: Index value(s) does not match array range, simulation mismatch.
INFO:Xst:1433 - Contents of array <STRIP_SPY_DATA> may be accessed with an index that exceeds the array size. This could cause simulation mismatch.
WARNING:Xst:790 - "/home/rrivera/ots/srcs/otsdaq-firmware/cactus/projects/ftbf/stib_slave_ots/strip/strip_interface.vhd" line 1728: Index value(s) does not match array range, simulation mismatch.
Entity <strip_interface> analyzed. Unit <strip_interface> generated.

Analyzing Entity <stripclk> in library <strip> (Architecture <behavioral>).
    Set user-defined property "CLKDV_DIVIDE =  4.0000000000000000" for instance <mclk_dcm> in unit <stripclk>.
    Set user-defined property "CLKFX_DIVIDE =  2" for instance <mclk_dcm> in unit <stripclk>.
    Set user-defined property "CLKFX_MULTIPLY =  6" for instance <mclk_dcm> in unit <stripclk>.
    Set user-defined property "CLKIN_DIVIDE_BY_2 =  FALSE" for instance <mclk_dcm> in unit <stripclk>.
    Set user-defined property "CLKIN_PERIOD =  15.0000000000000000" for instance <mclk_dcm> in unit <stripclk>.
    Set user-defined property "CLKOUT_PHASE_SHIFT =  NONE" for instance <mclk_dcm> in unit <stripclk>.
    Set user-defined property "CLK_FEEDBACK =  1X" for instance <mclk_dcm> in unit <stripclk>.
    Set user-defined property "DCM_AUTOCALIBRATION =  TRUE" for instance <mclk_dcm> in unit <stripclk>.
    Set user-defined property "DCM_PERFORMANCE_MODE =  MAX_SPEED" for instance <mclk_dcm> in unit <stripclk>.
    Set user-defined property "DESKEW_ADJUST =  SYSTEM_SYNCHRONOUS" for instance <mclk_dcm> in unit <stripclk>.
    Set user-defined property "DFS_FREQUENCY_MODE =  LOW" for instance <mclk_dcm> in unit <stripclk>.
    Set user-defined property "DLL_FREQUENCY_MODE =  LOW" for instance <mclk_dcm> in unit <stripclk>.
    Set user-defined property "DUTY_CYCLE_CORRECTION =  TRUE" for instance <mclk_dcm> in unit <stripclk>.
    Set user-defined property "FACTORY_JF =  F0F0" for instance <mclk_dcm> in unit <stripclk>.
    Set user-defined property "PHASE_SHIFT =  0" for instance <mclk_dcm> in unit <stripclk>.
    Set user-defined property "STARTUP_WAIT =  FALSE" for instance <mclk_dcm> in unit <stripclk>.
    Set user-defined property "INIT_OUT =  0" for instance <bcoclkmux> in unit <stripclk>.
    Set user-defined property "PRESELECT_I0 =  FALSE" for instance <bcoclkmux> in unit <stripclk>.
    Set user-defined property "PRESELECT_I1 =  FALSE" for instance <bcoclkmux> in unit <stripclk>.
    Set user-defined property "CLKDV_DIVIDE =  4.0000000000000000" for instance <fbcoclk_dcm> in unit <stripclk>.
    Set user-defined property "CLKFX_DIVIDE =  4" for instance <fbcoclk_dcm> in unit <stripclk>.
    Set user-defined property "CLKFX_MULTIPLY =  3" for instance <fbcoclk_dcm> in unit <stripclk>.
    Set user-defined property "CLKIN_DIVIDE_BY_2 =  FALSE" for instance <fbcoclk_dcm> in unit <stripclk>.
    Set user-defined property "CLKIN_PERIOD =  15.0000000000000000" for instance <fbcoclk_dcm> in unit <stripclk>.
    Set user-defined property "CLKOUT_PHASE_SHIFT =  NONE" for instance <fbcoclk_dcm> in unit <stripclk>.
    Set user-defined property "CLK_FEEDBACK =  1X" for instance <fbcoclk_dcm> in unit <stripclk>.
    Set user-defined property "DCM_AUTOCALIBRATION =  TRUE" for instance <fbcoclk_dcm> in unit <stripclk>.
    Set user-defined property "DCM_PERFORMANCE_MODE =  MAX_SPEED" for instance <fbcoclk_dcm> in unit <stripclk>.
    Set user-defined property "DESKEW_ADJUST =  SYSTEM_SYNCHRONOUS" for instance <fbcoclk_dcm> in unit <stripclk>.
    Set user-defined property "DFS_FREQUENCY_MODE =  LOW" for instance <fbcoclk_dcm> in unit <stripclk>.
    Set user-defined property "DLL_FREQUENCY_MODE =  LOW" for instance <fbcoclk_dcm> in unit <stripclk>.
    Set user-defined property "DUTY_CYCLE_CORRECTION =  TRUE" for instance <fbcoclk_dcm> in unit <stripclk>.
    Set user-defined property "FACTORY_JF =  F0F0" for instance <fbcoclk_dcm> in unit <stripclk>.
    Set user-defined property "PHASE_SHIFT =  0" for instance <fbcoclk_dcm> in unit <stripclk>.
    Set user-defined property "SIM_DEVICE =  VIRTEX4" for instance <fbcoclk_dcm> in unit <stripclk>.
    Set user-defined property "STARTUP_WAIT =  FALSE" for instance <fbcoclk_dcm> in unit <stripclk>.
    Set user-defined property "EN_REL =  TRUE" for instance <bcoclk_pmcd> in unit <stripclk>.
    Set user-defined property "RST_DEASSERT_CLK =  CLKA" for instance <bcoclk_pmcd> in unit <stripclk>.
    Set user-defined property "INIT_OUT =  0" for instance <bcoclkmux_imp> in unit <stripclk>.
    Set user-defined property "PRESELECT_I0 =  FALSE" for instance <bcoclkmux_imp> in unit <stripclk>.
    Set user-defined property "PRESELECT_I1 =  FALSE" for instance <bcoclkmux_imp> in unit <stripclk>.
WARNING:Xst:2211 - "/home/rrivera/ots/srcs/otsdaq-firmware/cactus/projects/ftbf/stib_slave_ots/strip/stripclk.vhd" line 348: Instantiating black box module <bcocounter>.
Entity <stripclk> analyzed. Unit <stripclk> generated.

Analyzing Entity <fastbcocounter> in library <strip> (Architecture <rtl>).
Entity <fastbcocounter> analyzed. Unit <fastbcocounter> generated.

Analyzing Entity <stripdacspi> in library <strip> (Architecture <rtl>).
Entity <stripdacspi> analyzed. Unit <stripdacspi> generated.

Analyzing Entity <stripdac> in library <strip> (Architecture <rtl>).
Entity <stripdac> analyzed. Unit <stripdac> generated.

Analyzing generic Entity <stripreset> in library <strip> (Architecture <rtl>).
	n = 6
Entity <stripreset> analyzed. Unit <stripreset> generated.

Analyzing generic Entity <stripsc> in library <strip> (Architecture <behavioral>).
	n = 6
Entity <stripsc> analyzed. Unit <stripsc> generated.

Analyzing generic Entity <chipserdes.1> in library <strip> (Architecture <rtl>).
	channel = 0
	chipid = 5
	iobdelay_value = 0
    Set user-defined property "BITSLIP_ENABLE =  TRUE" for instance <iserdes_master_imp> in unit <chipserdes.1>.
    Set user-defined property "DATA_RATE =  DDR" for instance <iserdes_master_imp> in unit <chipserdes.1>.
    Set user-defined property "DATA_WIDTH =  8" for instance <iserdes_master_imp> in unit <chipserdes.1>.
    Set user-defined property "INIT_Q1 =  0" for instance <iserdes_master_imp> in unit <chipserdes.1>.
    Set user-defined property "INIT_Q2 =  0" for instance <iserdes_master_imp> in unit <chipserdes.1>.
    Set user-defined property "INIT_Q3 =  0" for instance <iserdes_master_imp> in unit <chipserdes.1>.
    Set user-defined property "INIT_Q4 =  0" for instance <iserdes_master_imp> in unit <chipserdes.1>.
    Set user-defined property "INTERFACE_TYPE =  NETWORKING" for instance <iserdes_master_imp> in unit <chipserdes.1>.
    Set user-defined property "IOBDELAY =  BOTH" for instance <iserdes_master_imp> in unit <chipserdes.1>.
    Set user-defined property "IOBDELAY_TYPE =  VARIABLE" for instance <iserdes_master_imp> in unit <chipserdes.1>.
    Set user-defined property "IOBDELAY_VALUE =  0" for instance <iserdes_master_imp> in unit <chipserdes.1>.
    Set user-defined property "NUM_CE =  1" for instance <iserdes_master_imp> in unit <chipserdes.1>.
    Set user-defined property "SERDES_MODE =  MASTER" for instance <iserdes_master_imp> in unit <chipserdes.1>.
    Set user-defined property "SRVAL_Q1 =  0" for instance <iserdes_master_imp> in unit <chipserdes.1>.
    Set user-defined property "SRVAL_Q2 =  0" for instance <iserdes_master_imp> in unit <chipserdes.1>.
    Set user-defined property "SRVAL_Q3 =  0" for instance <iserdes_master_imp> in unit <chipserdes.1>.
    Set user-defined property "SRVAL_Q4 =  0" for instance <iserdes_master_imp> in unit <chipserdes.1>.
    Set user-defined property "BITSLIP_ENABLE =  TRUE" for instance <iserdes_slave_imp> in unit <chipserdes.1>.
    Set user-defined property "DATA_RATE =  DDR" for instance <iserdes_slave_imp> in unit <chipserdes.1>.
    Set user-defined property "DATA_WIDTH =  8" for instance <iserdes_slave_imp> in unit <chipserdes.1>.
    Set user-defined property "INIT_Q1 =  0" for instance <iserdes_slave_imp> in unit <chipserdes.1>.
    Set user-defined property "INIT_Q2 =  0" for instance <iserdes_slave_imp> in unit <chipserdes.1>.
    Set user-defined property "INIT_Q3 =  0" for instance <iserdes_slave_imp> in unit <chipserdes.1>.
    Set user-defined property "INIT_Q4 =  0" for instance <iserdes_slave_imp> in unit <chipserdes.1>.
    Set user-defined property "INTERFACE_TYPE =  NETWORKING" for instance <iserdes_slave_imp> in unit <chipserdes.1>.
    Set user-defined property "IOBDELAY =  BOTH" for instance <iserdes_slave_imp> in unit <chipserdes.1>.
    Set user-defined property "IOBDELAY_TYPE =  VARIABLE" for instance <iserdes_slave_imp> in unit <chipserdes.1>.
    Set user-defined property "IOBDELAY_VALUE =  0" for instance <iserdes_slave_imp> in unit <chipserdes.1>.
    Set user-defined property "NUM_CE =  1" for instance <iserdes_slave_imp> in unit <chipserdes.1>.
    Set user-defined property "SERDES_MODE =  SLAVE" for instance <iserdes_slave_imp> in unit <chipserdes.1>.
    Set user-defined property "SRVAL_Q1 =  0" for instance <iserdes_slave_imp> in unit <chipserdes.1>.
    Set user-defined property "SRVAL_Q2 =  0" for instance <iserdes_slave_imp> in unit <chipserdes.1>.
    Set user-defined property "SRVAL_Q3 =  0" for instance <iserdes_slave_imp> in unit <chipserdes.1>.
    Set user-defined property "SRVAL_Q4 =  0" for instance <iserdes_slave_imp> in unit <chipserdes.1>.
Entity <chipserdes.1> analyzed. Unit <chipserdes.1> generated.

Analyzing generic Entity <chipserdes.2> in library <strip> (Architecture <rtl>).
	channel = 0
	chipid = 4
	iobdelay_value = 0
    Set user-defined property "BITSLIP_ENABLE =  TRUE" for instance <iserdes_master_imp> in unit <chipserdes.2>.
    Set user-defined property "DATA_RATE =  DDR" for instance <iserdes_master_imp> in unit <chipserdes.2>.
    Set user-defined property "DATA_WIDTH =  8" for instance <iserdes_master_imp> in unit <chipserdes.2>.
    Set user-defined property "INIT_Q1 =  0" for instance <iserdes_master_imp> in unit <chipserdes.2>.
    Set user-defined property "INIT_Q2 =  0" for instance <iserdes_master_imp> in unit <chipserdes.2>.
    Set user-defined property "INIT_Q3 =  0" for instance <iserdes_master_imp> in unit <chipserdes.2>.
    Set user-defined property "INIT_Q4 =  0" for instance <iserdes_master_imp> in unit <chipserdes.2>.
    Set user-defined property "INTERFACE_TYPE =  NETWORKING" for instance <iserdes_master_imp> in unit <chipserdes.2>.
    Set user-defined property "IOBDELAY =  BOTH" for instance <iserdes_master_imp> in unit <chipserdes.2>.
    Set user-defined property "IOBDELAY_TYPE =  VARIABLE" for instance <iserdes_master_imp> in unit <chipserdes.2>.
    Set user-defined property "IOBDELAY_VALUE =  0" for instance <iserdes_master_imp> in unit <chipserdes.2>.
    Set user-defined property "NUM_CE =  1" for instance <iserdes_master_imp> in unit <chipserdes.2>.
    Set user-defined property "SERDES_MODE =  MASTER" for instance <iserdes_master_imp> in unit <chipserdes.2>.
    Set user-defined property "SRVAL_Q1 =  0" for instance <iserdes_master_imp> in unit <chipserdes.2>.
    Set user-defined property "SRVAL_Q2 =  0" for instance <iserdes_master_imp> in unit <chipserdes.2>.
    Set user-defined property "SRVAL_Q3 =  0" for instance <iserdes_master_imp> in unit <chipserdes.2>.
    Set user-defined property "SRVAL_Q4 =  0" for instance <iserdes_master_imp> in unit <chipserdes.2>.
    Set user-defined property "BITSLIP_ENABLE =  TRUE" for instance <iserdes_slave_imp> in unit <chipserdes.2>.
    Set user-defined property "DATA_RATE =  DDR" for instance <iserdes_slave_imp> in unit <chipserdes.2>.
    Set user-defined property "DATA_WIDTH =  8" for instance <iserdes_slave_imp> in unit <chipserdes.2>.
    Set user-defined property "INIT_Q1 =  0" for instance <iserdes_slave_imp> in unit <chipserdes.2>.
    Set user-defined property "INIT_Q2 =  0" for instance <iserdes_slave_imp> in unit <chipserdes.2>.
    Set user-defined property "INIT_Q3 =  0" for instance <iserdes_slave_imp> in unit <chipserdes.2>.
    Set user-defined property "INIT_Q4 =  0" for instance <iserdes_slave_imp> in unit <chipserdes.2>.
    Set user-defined property "INTERFACE_TYPE =  NETWORKING" for instance <iserdes_slave_imp> in unit <chipserdes.2>.
    Set user-defined property "IOBDELAY =  BOTH" for instance <iserdes_slave_imp> in unit <chipserdes.2>.
    Set user-defined property "IOBDELAY_TYPE =  VARIABLE" for instance <iserdes_slave_imp> in unit <chipserdes.2>.
    Set user-defined property "IOBDELAY_VALUE =  0" for instance <iserdes_slave_imp> in unit <chipserdes.2>.
    Set user-defined property "NUM_CE =  1" for instance <iserdes_slave_imp> in unit <chipserdes.2>.
    Set user-defined property "SERDES_MODE =  SLAVE" for instance <iserdes_slave_imp> in unit <chipserdes.2>.
    Set user-defined property "SRVAL_Q1 =  0" for instance <iserdes_slave_imp> in unit <chipserdes.2>.
    Set user-defined property "SRVAL_Q2 =  0" for instance <iserdes_slave_imp> in unit <chipserdes.2>.
    Set user-defined property "SRVAL_Q3 =  0" for instance <iserdes_slave_imp> in unit <chipserdes.2>.
    Set user-defined property "SRVAL_Q4 =  0" for instance <iserdes_slave_imp> in unit <chipserdes.2>.
Entity <chipserdes.2> analyzed. Unit <chipserdes.2> generated.

Analyzing generic Entity <chipserdes.3> in library <strip> (Architecture <rtl>).
	channel = 0
	chipid = 3
	iobdelay_value = 0
    Set user-defined property "BITSLIP_ENABLE =  TRUE" for instance <iserdes_master_imp> in unit <chipserdes.3>.
    Set user-defined property "DATA_RATE =  DDR" for instance <iserdes_master_imp> in unit <chipserdes.3>.
    Set user-defined property "DATA_WIDTH =  8" for instance <iserdes_master_imp> in unit <chipserdes.3>.
    Set user-defined property "INIT_Q1 =  0" for instance <iserdes_master_imp> in unit <chipserdes.3>.
    Set user-defined property "INIT_Q2 =  0" for instance <iserdes_master_imp> in unit <chipserdes.3>.
    Set user-defined property "INIT_Q3 =  0" for instance <iserdes_master_imp> in unit <chipserdes.3>.
    Set user-defined property "INIT_Q4 =  0" for instance <iserdes_master_imp> in unit <chipserdes.3>.
    Set user-defined property "INTERFACE_TYPE =  NETWORKING" for instance <iserdes_master_imp> in unit <chipserdes.3>.
    Set user-defined property "IOBDELAY =  BOTH" for instance <iserdes_master_imp> in unit <chipserdes.3>.
    Set user-defined property "IOBDELAY_TYPE =  VARIABLE" for instance <iserdes_master_imp> in unit <chipserdes.3>.
    Set user-defined property "IOBDELAY_VALUE =  0" for instance <iserdes_master_imp> in unit <chipserdes.3>.
    Set user-defined property "NUM_CE =  1" for instance <iserdes_master_imp> in unit <chipserdes.3>.
    Set user-defined property "SERDES_MODE =  MASTER" for instance <iserdes_master_imp> in unit <chipserdes.3>.
    Set user-defined property "SRVAL_Q1 =  0" for instance <iserdes_master_imp> in unit <chipserdes.3>.
    Set user-defined property "SRVAL_Q2 =  0" for instance <iserdes_master_imp> in unit <chipserdes.3>.
    Set user-defined property "SRVAL_Q3 =  0" for instance <iserdes_master_imp> in unit <chipserdes.3>.
    Set user-defined property "SRVAL_Q4 =  0" for instance <iserdes_master_imp> in unit <chipserdes.3>.
    Set user-defined property "BITSLIP_ENABLE =  TRUE" for instance <iserdes_slave_imp> in unit <chipserdes.3>.
    Set user-defined property "DATA_RATE =  DDR" for instance <iserdes_slave_imp> in unit <chipserdes.3>.
    Set user-defined property "DATA_WIDTH =  8" for instance <iserdes_slave_imp> in unit <chipserdes.3>.
    Set user-defined property "INIT_Q1 =  0" for instance <iserdes_slave_imp> in unit <chipserdes.3>.
    Set user-defined property "INIT_Q2 =  0" for instance <iserdes_slave_imp> in unit <chipserdes.3>.
    Set user-defined property "INIT_Q3 =  0" for instance <iserdes_slave_imp> in unit <chipserdes.3>.
    Set user-defined property "INIT_Q4 =  0" for instance <iserdes_slave_imp> in unit <chipserdes.3>.
    Set user-defined property "INTERFACE_TYPE =  NETWORKING" for instance <iserdes_slave_imp> in unit <chipserdes.3>.
    Set user-defined property "IOBDELAY =  BOTH" for instance <iserdes_slave_imp> in unit <chipserdes.3>.
    Set user-defined property "IOBDELAY_TYPE =  VARIABLE" for instance <iserdes_slave_imp> in unit <chipserdes.3>.
    Set user-defined property "IOBDELAY_VALUE =  0" for instance <iserdes_slave_imp> in unit <chipserdes.3>.
    Set user-defined property "NUM_CE =  1" for instance <iserdes_slave_imp> in unit <chipserdes.3>.
    Set user-defined property "SERDES_MODE =  SLAVE" for instance <iserdes_slave_imp> in unit <chipserdes.3>.
    Set user-defined property "SRVAL_Q1 =  0" for instance <iserdes_slave_imp> in unit <chipserdes.3>.
    Set user-defined property "SRVAL_Q2 =  0" for instance <iserdes_slave_imp> in unit <chipserdes.3>.
    Set user-defined property "SRVAL_Q3 =  0" for instance <iserdes_slave_imp> in unit <chipserdes.3>.
    Set user-defined property "SRVAL_Q4 =  0" for instance <iserdes_slave_imp> in unit <chipserdes.3>.
Entity <chipserdes.3> analyzed. Unit <chipserdes.3> generated.

Analyzing generic Entity <chipserdes.4> in library <strip> (Architecture <rtl>).
	channel = 0
	chipid = 2
	iobdelay_value = 0
    Set user-defined property "BITSLIP_ENABLE =  TRUE" for instance <iserdes_master_imp> in unit <chipserdes.4>.
    Set user-defined property "DATA_RATE =  DDR" for instance <iserdes_master_imp> in unit <chipserdes.4>.
    Set user-defined property "DATA_WIDTH =  8" for instance <iserdes_master_imp> in unit <chipserdes.4>.
    Set user-defined property "INIT_Q1 =  0" for instance <iserdes_master_imp> in unit <chipserdes.4>.
    Set user-defined property "INIT_Q2 =  0" for instance <iserdes_master_imp> in unit <chipserdes.4>.
    Set user-defined property "INIT_Q3 =  0" for instance <iserdes_master_imp> in unit <chipserdes.4>.
    Set user-defined property "INIT_Q4 =  0" for instance <iserdes_master_imp> in unit <chipserdes.4>.
    Set user-defined property "INTERFACE_TYPE =  NETWORKING" for instance <iserdes_master_imp> in unit <chipserdes.4>.
    Set user-defined property "IOBDELAY =  BOTH" for instance <iserdes_master_imp> in unit <chipserdes.4>.
    Set user-defined property "IOBDELAY_TYPE =  VARIABLE" for instance <iserdes_master_imp> in unit <chipserdes.4>.
    Set user-defined property "IOBDELAY_VALUE =  0" for instance <iserdes_master_imp> in unit <chipserdes.4>.
    Set user-defined property "NUM_CE =  1" for instance <iserdes_master_imp> in unit <chipserdes.4>.
    Set user-defined property "SERDES_MODE =  MASTER" for instance <iserdes_master_imp> in unit <chipserdes.4>.
    Set user-defined property "SRVAL_Q1 =  0" for instance <iserdes_master_imp> in unit <chipserdes.4>.
    Set user-defined property "SRVAL_Q2 =  0" for instance <iserdes_master_imp> in unit <chipserdes.4>.
    Set user-defined property "SRVAL_Q3 =  0" for instance <iserdes_master_imp> in unit <chipserdes.4>.
    Set user-defined property "SRVAL_Q4 =  0" for instance <iserdes_master_imp> in unit <chipserdes.4>.
    Set user-defined property "BITSLIP_ENABLE =  TRUE" for instance <iserdes_slave_imp> in unit <chipserdes.4>.
    Set user-defined property "DATA_RATE =  DDR" for instance <iserdes_slave_imp> in unit <chipserdes.4>.
    Set user-defined property "DATA_WIDTH =  8" for instance <iserdes_slave_imp> in unit <chipserdes.4>.
    Set user-defined property "INIT_Q1 =  0" for instance <iserdes_slave_imp> in unit <chipserdes.4>.
    Set user-defined property "INIT_Q2 =  0" for instance <iserdes_slave_imp> in unit <chipserdes.4>.
    Set user-defined property "INIT_Q3 =  0" for instance <iserdes_slave_imp> in unit <chipserdes.4>.
    Set user-defined property "INIT_Q4 =  0" for instance <iserdes_slave_imp> in unit <chipserdes.4>.
    Set user-defined property "INTERFACE_TYPE =  NETWORKING" for instance <iserdes_slave_imp> in unit <chipserdes.4>.
    Set user-defined property "IOBDELAY =  BOTH" for instance <iserdes_slave_imp> in unit <chipserdes.4>.
    Set user-defined property "IOBDELAY_TYPE =  VARIABLE" for instance <iserdes_slave_imp> in unit <chipserdes.4>.
    Set user-defined property "IOBDELAY_VALUE =  0" for instance <iserdes_slave_imp> in unit <chipserdes.4>.
    Set user-defined property "NUM_CE =  1" for instance <iserdes_slave_imp> in unit <chipserdes.4>.
    Set user-defined property "SERDES_MODE =  SLAVE" for instance <iserdes_slave_imp> in unit <chipserdes.4>.
    Set user-defined property "SRVAL_Q1 =  0" for instance <iserdes_slave_imp> in unit <chipserdes.4>.
    Set user-defined property "SRVAL_Q2 =  0" for instance <iserdes_slave_imp> in unit <chipserdes.4>.
    Set user-defined property "SRVAL_Q3 =  0" for instance <iserdes_slave_imp> in unit <chipserdes.4>.
    Set user-defined property "SRVAL_Q4 =  0" for instance <iserdes_slave_imp> in unit <chipserdes.4>.
Entity <chipserdes.4> analyzed. Unit <chipserdes.4> generated.

Analyzing generic Entity <chipserdes.5> in library <strip> (Architecture <rtl>).
	channel = 0
	chipid = 1
	iobdelay_value = 0
    Set user-defined property "BITSLIP_ENABLE =  TRUE" for instance <iserdes_master_imp> in unit <chipserdes.5>.
    Set user-defined property "DATA_RATE =  DDR" for instance <iserdes_master_imp> in unit <chipserdes.5>.
    Set user-defined property "DATA_WIDTH =  8" for instance <iserdes_master_imp> in unit <chipserdes.5>.
    Set user-defined property "INIT_Q1 =  0" for instance <iserdes_master_imp> in unit <chipserdes.5>.
    Set user-defined property "INIT_Q2 =  0" for instance <iserdes_master_imp> in unit <chipserdes.5>.
    Set user-defined property "INIT_Q3 =  0" for instance <iserdes_master_imp> in unit <chipserdes.5>.
    Set user-defined property "INIT_Q4 =  0" for instance <iserdes_master_imp> in unit <chipserdes.5>.
    Set user-defined property "INTERFACE_TYPE =  NETWORKING" for instance <iserdes_master_imp> in unit <chipserdes.5>.
    Set user-defined property "IOBDELAY =  BOTH" for instance <iserdes_master_imp> in unit <chipserdes.5>.
    Set user-defined property "IOBDELAY_TYPE =  VARIABLE" for instance <iserdes_master_imp> in unit <chipserdes.5>.
    Set user-defined property "IOBDELAY_VALUE =  0" for instance <iserdes_master_imp> in unit <chipserdes.5>.
    Set user-defined property "NUM_CE =  1" for instance <iserdes_master_imp> in unit <chipserdes.5>.
    Set user-defined property "SERDES_MODE =  MASTER" for instance <iserdes_master_imp> in unit <chipserdes.5>.
    Set user-defined property "SRVAL_Q1 =  0" for instance <iserdes_master_imp> in unit <chipserdes.5>.
    Set user-defined property "SRVAL_Q2 =  0" for instance <iserdes_master_imp> in unit <chipserdes.5>.
    Set user-defined property "SRVAL_Q3 =  0" for instance <iserdes_master_imp> in unit <chipserdes.5>.
    Set user-defined property "SRVAL_Q4 =  0" for instance <iserdes_master_imp> in unit <chipserdes.5>.
    Set user-defined property "BITSLIP_ENABLE =  TRUE" for instance <iserdes_slave_imp> in unit <chipserdes.5>.
    Set user-defined property "DATA_RATE =  DDR" for instance <iserdes_slave_imp> in unit <chipserdes.5>.
    Set user-defined property "DATA_WIDTH =  8" for instance <iserdes_slave_imp> in unit <chipserdes.5>.
    Set user-defined property "INIT_Q1 =  0" for instance <iserdes_slave_imp> in unit <chipserdes.5>.
    Set user-defined property "INIT_Q2 =  0" for instance <iserdes_slave_imp> in unit <chipserdes.5>.
    Set user-defined property "INIT_Q3 =  0" for instance <iserdes_slave_imp> in unit <chipserdes.5>.
    Set user-defined property "INIT_Q4 =  0" for instance <iserdes_slave_imp> in unit <chipserdes.5>.
    Set user-defined property "INTERFACE_TYPE =  NETWORKING" for instance <iserdes_slave_imp> in unit <chipserdes.5>.
    Set user-defined property "IOBDELAY =  BOTH" for instance <iserdes_slave_imp> in unit <chipserdes.5>.
    Set user-defined property "IOBDELAY_TYPE =  VARIABLE" for instance <iserdes_slave_imp> in unit <chipserdes.5>.
    Set user-defined property "IOBDELAY_VALUE =  0" for instance <iserdes_slave_imp> in unit <chipserdes.5>.
    Set user-defined property "NUM_CE =  1" for instance <iserdes_slave_imp> in unit <chipserdes.5>.
    Set user-defined property "SERDES_MODE =  SLAVE" for instance <iserdes_slave_imp> in unit <chipserdes.5>.
    Set user-defined property "SRVAL_Q1 =  0" for instance <iserdes_slave_imp> in unit <chipserdes.5>.
    Set user-defined property "SRVAL_Q2 =  0" for instance <iserdes_slave_imp> in unit <chipserdes.5>.
    Set user-defined property "SRVAL_Q3 =  0" for instance <iserdes_slave_imp> in unit <chipserdes.5>.
    Set user-defined property "SRVAL_Q4 =  0" for instance <iserdes_slave_imp> in unit <chipserdes.5>.
Entity <chipserdes.5> analyzed. Unit <chipserdes.5> generated.

Analyzing Entity <stripfifo> in library <strip> (Architecture <behavioral>).
WARNING:Xst:2211 - "/home/rrivera/ots/srcs/otsdaq-firmware/cactus/projects/ftbf/stib_slave_ots/strip/stripfifo.vhd" line 87: Instantiating black box module <chip_fifo>.
Entity <stripfifo> analyzed. Unit <stripfifo> generated.

Analyzing generic Entity <chipserdes.6> in library <strip> (Architecture <rtl>).
	channel = 1
	chipid = 5
	iobdelay_value = 0
    Set user-defined property "BITSLIP_ENABLE =  TRUE" for instance <iserdes_master_imp> in unit <chipserdes.6>.
    Set user-defined property "DATA_RATE =  DDR" for instance <iserdes_master_imp> in unit <chipserdes.6>.
    Set user-defined property "DATA_WIDTH =  8" for instance <iserdes_master_imp> in unit <chipserdes.6>.
    Set user-defined property "INIT_Q1 =  0" for instance <iserdes_master_imp> in unit <chipserdes.6>.
    Set user-defined property "INIT_Q2 =  0" for instance <iserdes_master_imp> in unit <chipserdes.6>.
    Set user-defined property "INIT_Q3 =  0" for instance <iserdes_master_imp> in unit <chipserdes.6>.
    Set user-defined property "INIT_Q4 =  0" for instance <iserdes_master_imp> in unit <chipserdes.6>.
    Set user-defined property "INTERFACE_TYPE =  NETWORKING" for instance <iserdes_master_imp> in unit <chipserdes.6>.
    Set user-defined property "IOBDELAY =  BOTH" for instance <iserdes_master_imp> in unit <chipserdes.6>.
    Set user-defined property "IOBDELAY_TYPE =  VARIABLE" for instance <iserdes_master_imp> in unit <chipserdes.6>.
    Set user-defined property "IOBDELAY_VALUE =  0" for instance <iserdes_master_imp> in unit <chipserdes.6>.
    Set user-defined property "NUM_CE =  1" for instance <iserdes_master_imp> in unit <chipserdes.6>.
    Set user-defined property "SERDES_MODE =  MASTER" for instance <iserdes_master_imp> in unit <chipserdes.6>.
    Set user-defined property "SRVAL_Q1 =  0" for instance <iserdes_master_imp> in unit <chipserdes.6>.
    Set user-defined property "SRVAL_Q2 =  0" for instance <iserdes_master_imp> in unit <chipserdes.6>.
    Set user-defined property "SRVAL_Q3 =  0" for instance <iserdes_master_imp> in unit <chipserdes.6>.
    Set user-defined property "SRVAL_Q4 =  0" for instance <iserdes_master_imp> in unit <chipserdes.6>.
    Set user-defined property "BITSLIP_ENABLE =  TRUE" for instance <iserdes_slave_imp> in unit <chipserdes.6>.
    Set user-defined property "DATA_RATE =  DDR" for instance <iserdes_slave_imp> in unit <chipserdes.6>.
    Set user-defined property "DATA_WIDTH =  8" for instance <iserdes_slave_imp> in unit <chipserdes.6>.
    Set user-defined property "INIT_Q1 =  0" for instance <iserdes_slave_imp> in unit <chipserdes.6>.
    Set user-defined property "INIT_Q2 =  0" for instance <iserdes_slave_imp> in unit <chipserdes.6>.
    Set user-defined property "INIT_Q3 =  0" for instance <iserdes_slave_imp> in unit <chipserdes.6>.
    Set user-defined property "INIT_Q4 =  0" for instance <iserdes_slave_imp> in unit <chipserdes.6>.
    Set user-defined property "INTERFACE_TYPE =  NETWORKING" for instance <iserdes_slave_imp> in unit <chipserdes.6>.
    Set user-defined property "IOBDELAY =  BOTH" for instance <iserdes_slave_imp> in unit <chipserdes.6>.
    Set user-defined property "IOBDELAY_TYPE =  VARIABLE" for instance <iserdes_slave_imp> in unit <chipserdes.6>.
    Set user-defined property "IOBDELAY_VALUE =  0" for instance <iserdes_slave_imp> in unit <chipserdes.6>.
    Set user-defined property "NUM_CE =  1" for instance <iserdes_slave_imp> in unit <chipserdes.6>.
    Set user-defined property "SERDES_MODE =  SLAVE" for instance <iserdes_slave_imp> in unit <chipserdes.6>.
    Set user-defined property "SRVAL_Q1 =  0" for instance <iserdes_slave_imp> in unit <chipserdes.6>.
    Set user-defined property "SRVAL_Q2 =  0" for instance <iserdes_slave_imp> in unit <chipserdes.6>.
    Set user-defined property "SRVAL_Q3 =  0" for instance <iserdes_slave_imp> in unit <chipserdes.6>.
    Set user-defined property "SRVAL_Q4 =  0" for instance <iserdes_slave_imp> in unit <chipserdes.6>.
Entity <chipserdes.6> analyzed. Unit <chipserdes.6> generated.

Analyzing generic Entity <chipserdes.7> in library <strip> (Architecture <rtl>).
	channel = 1
	chipid = 4
	iobdelay_value = 0
    Set user-defined property "BITSLIP_ENABLE =  TRUE" for instance <iserdes_master_imp> in unit <chipserdes.7>.
    Set user-defined property "DATA_RATE =  DDR" for instance <iserdes_master_imp> in unit <chipserdes.7>.
    Set user-defined property "DATA_WIDTH =  8" for instance <iserdes_master_imp> in unit <chipserdes.7>.
    Set user-defined property "INIT_Q1 =  0" for instance <iserdes_master_imp> in unit <chipserdes.7>.
    Set user-defined property "INIT_Q2 =  0" for instance <iserdes_master_imp> in unit <chipserdes.7>.
    Set user-defined property "INIT_Q3 =  0" for instance <iserdes_master_imp> in unit <chipserdes.7>.
    Set user-defined property "INIT_Q4 =  0" for instance <iserdes_master_imp> in unit <chipserdes.7>.
    Set user-defined property "INTERFACE_TYPE =  NETWORKING" for instance <iserdes_master_imp> in unit <chipserdes.7>.
    Set user-defined property "IOBDELAY =  BOTH" for instance <iserdes_master_imp> in unit <chipserdes.7>.
    Set user-defined property "IOBDELAY_TYPE =  VARIABLE" for instance <iserdes_master_imp> in unit <chipserdes.7>.
    Set user-defined property "IOBDELAY_VALUE =  0" for instance <iserdes_master_imp> in unit <chipserdes.7>.
    Set user-defined property "NUM_CE =  1" for instance <iserdes_master_imp> in unit <chipserdes.7>.
    Set user-defined property "SERDES_MODE =  MASTER" for instance <iserdes_master_imp> in unit <chipserdes.7>.
    Set user-defined property "SRVAL_Q1 =  0" for instance <iserdes_master_imp> in unit <chipserdes.7>.
    Set user-defined property "SRVAL_Q2 =  0" for instance <iserdes_master_imp> in unit <chipserdes.7>.
    Set user-defined property "SRVAL_Q3 =  0" for instance <iserdes_master_imp> in unit <chipserdes.7>.
    Set user-defined property "SRVAL_Q4 =  0" for instance <iserdes_master_imp> in unit <chipserdes.7>.
    Set user-defined property "BITSLIP_ENABLE =  TRUE" for instance <iserdes_slave_imp> in unit <chipserdes.7>.
    Set user-defined property "DATA_RATE =  DDR" for instance <iserdes_slave_imp> in unit <chipserdes.7>.
    Set user-defined property "DATA_WIDTH =  8" for instance <iserdes_slave_imp> in unit <chipserdes.7>.
    Set user-defined property "INIT_Q1 =  0" for instance <iserdes_slave_imp> in unit <chipserdes.7>.
    Set user-defined property "INIT_Q2 =  0" for instance <iserdes_slave_imp> in unit <chipserdes.7>.
    Set user-defined property "INIT_Q3 =  0" for instance <iserdes_slave_imp> in unit <chipserdes.7>.
    Set user-defined property "INIT_Q4 =  0" for instance <iserdes_slave_imp> in unit <chipserdes.7>.
    Set user-defined property "INTERFACE_TYPE =  NETWORKING" for instance <iserdes_slave_imp> in unit <chipserdes.7>.
    Set user-defined property "IOBDELAY =  BOTH" for instance <iserdes_slave_imp> in unit <chipserdes.7>.
    Set user-defined property "IOBDELAY_TYPE =  VARIABLE" for instance <iserdes_slave_imp> in unit <chipserdes.7>.
    Set user-defined property "IOBDELAY_VALUE =  0" for instance <iserdes_slave_imp> in unit <chipserdes.7>.
    Set user-defined property "NUM_CE =  1" for instance <iserdes_slave_imp> in unit <chipserdes.7>.
    Set user-defined property "SERDES_MODE =  SLAVE" for instance <iserdes_slave_imp> in unit <chipserdes.7>.
    Set user-defined property "SRVAL_Q1 =  0" for instance <iserdes_slave_imp> in unit <chipserdes.7>.
    Set user-defined property "SRVAL_Q2 =  0" for instance <iserdes_slave_imp> in unit <chipserdes.7>.
    Set user-defined property "SRVAL_Q3 =  0" for instance <iserdes_slave_imp> in unit <chipserdes.7>.
    Set user-defined property "SRVAL_Q4 =  0" for instance <iserdes_slave_imp> in unit <chipserdes.7>.
Entity <chipserdes.7> analyzed. Unit <chipserdes.7> generated.

Analyzing generic Entity <chipserdes.8> in library <strip> (Architecture <rtl>).
	channel = 1
	chipid = 3
	iobdelay_value = 0
    Set user-defined property "BITSLIP_ENABLE =  TRUE" for instance <iserdes_master_imp> in unit <chipserdes.8>.
    Set user-defined property "DATA_RATE =  DDR" for instance <iserdes_master_imp> in unit <chipserdes.8>.
    Set user-defined property "DATA_WIDTH =  8" for instance <iserdes_master_imp> in unit <chipserdes.8>.
    Set user-defined property "INIT_Q1 =  0" for instance <iserdes_master_imp> in unit <chipserdes.8>.
    Set user-defined property "INIT_Q2 =  0" for instance <iserdes_master_imp> in unit <chipserdes.8>.
    Set user-defined property "INIT_Q3 =  0" for instance <iserdes_master_imp> in unit <chipserdes.8>.
    Set user-defined property "INIT_Q4 =  0" for instance <iserdes_master_imp> in unit <chipserdes.8>.
    Set user-defined property "INTERFACE_TYPE =  NETWORKING" for instance <iserdes_master_imp> in unit <chipserdes.8>.
    Set user-defined property "IOBDELAY =  BOTH" for instance <iserdes_master_imp> in unit <chipserdes.8>.
    Set user-defined property "IOBDELAY_TYPE =  VARIABLE" for instance <iserdes_master_imp> in unit <chipserdes.8>.
    Set user-defined property "IOBDELAY_VALUE =  0" for instance <iserdes_master_imp> in unit <chipserdes.8>.
    Set user-defined property "NUM_CE =  1" for instance <iserdes_master_imp> in unit <chipserdes.8>.
    Set user-defined property "SERDES_MODE =  MASTER" for instance <iserdes_master_imp> in unit <chipserdes.8>.
    Set user-defined property "SRVAL_Q1 =  0" for instance <iserdes_master_imp> in unit <chipserdes.8>.
    Set user-defined property "SRVAL_Q2 =  0" for instance <iserdes_master_imp> in unit <chipserdes.8>.
    Set user-defined property "SRVAL_Q3 =  0" for instance <iserdes_master_imp> in unit <chipserdes.8>.
    Set user-defined property "SRVAL_Q4 =  0" for instance <iserdes_master_imp> in unit <chipserdes.8>.
    Set user-defined property "BITSLIP_ENABLE =  TRUE" for instance <iserdes_slave_imp> in unit <chipserdes.8>.
    Set user-defined property "DATA_RATE =  DDR" for instance <iserdes_slave_imp> in unit <chipserdes.8>.
    Set user-defined property "DATA_WIDTH =  8" for instance <iserdes_slave_imp> in unit <chipserdes.8>.
    Set user-defined property "INIT_Q1 =  0" for instance <iserdes_slave_imp> in unit <chipserdes.8>.
    Set user-defined property "INIT_Q2 =  0" for instance <iserdes_slave_imp> in unit <chipserdes.8>.
    Set user-defined property "INIT_Q3 =  0" for instance <iserdes_slave_imp> in unit <chipserdes.8>.
    Set user-defined property "INIT_Q4 =  0" for instance <iserdes_slave_imp> in unit <chipserdes.8>.
    Set user-defined property "INTERFACE_TYPE =  NETWORKING" for instance <iserdes_slave_imp> in unit <chipserdes.8>.
    Set user-defined property "IOBDELAY =  BOTH" for instance <iserdes_slave_imp> in unit <chipserdes.8>.
    Set user-defined property "IOBDELAY_TYPE =  VARIABLE" for instance <iserdes_slave_imp> in unit <chipserdes.8>.
    Set user-defined property "IOBDELAY_VALUE =  0" for instance <iserdes_slave_imp> in unit <chipserdes.8>.
    Set user-defined property "NUM_CE =  1" for instance <iserdes_slave_imp> in unit <chipserdes.8>.
    Set user-defined property "SERDES_MODE =  SLAVE" for instance <iserdes_slave_imp> in unit <chipserdes.8>.
    Set user-defined property "SRVAL_Q1 =  0" for instance <iserdes_slave_imp> in unit <chipserdes.8>.
    Set user-defined property "SRVAL_Q2 =  0" for instance <iserdes_slave_imp> in unit <chipserdes.8>.
    Set user-defined property "SRVAL_Q3 =  0" for instance <iserdes_slave_imp> in unit <chipserdes.8>.
    Set user-defined property "SRVAL_Q4 =  0" for instance <iserdes_slave_imp> in unit <chipserdes.8>.
Entity <chipserdes.8> analyzed. Unit <chipserdes.8> generated.

Analyzing generic Entity <chipserdes.9> in library <strip> (Architecture <rtl>).
	channel = 1
	chipid = 2
	iobdelay_value = 0
    Set user-defined property "BITSLIP_ENABLE =  TRUE" for instance <iserdes_master_imp> in unit <chipserdes.9>.
    Set user-defined property "DATA_RATE =  DDR" for instance <iserdes_master_imp> in unit <chipserdes.9>.
    Set user-defined property "DATA_WIDTH =  8" for instance <iserdes_master_imp> in unit <chipserdes.9>.
    Set user-defined property "INIT_Q1 =  0" for instance <iserdes_master_imp> in unit <chipserdes.9>.
    Set user-defined property "INIT_Q2 =  0" for instance <iserdes_master_imp> in unit <chipserdes.9>.
    Set user-defined property "INIT_Q3 =  0" for instance <iserdes_master_imp> in unit <chipserdes.9>.
    Set user-defined property "INIT_Q4 =  0" for instance <iserdes_master_imp> in unit <chipserdes.9>.
    Set user-defined property "INTERFACE_TYPE =  NETWORKING" for instance <iserdes_master_imp> in unit <chipserdes.9>.
    Set user-defined property "IOBDELAY =  BOTH" for instance <iserdes_master_imp> in unit <chipserdes.9>.
    Set user-defined property "IOBDELAY_TYPE =  VARIABLE" for instance <iserdes_master_imp> in unit <chipserdes.9>.
    Set user-defined property "IOBDELAY_VALUE =  0" for instance <iserdes_master_imp> in unit <chipserdes.9>.
    Set user-defined property "NUM_CE =  1" for instance <iserdes_master_imp> in unit <chipserdes.9>.
    Set user-defined property "SERDES_MODE =  MASTER" for instance <iserdes_master_imp> in unit <chipserdes.9>.
    Set user-defined property "SRVAL_Q1 =  0" for instance <iserdes_master_imp> in unit <chipserdes.9>.
    Set user-defined property "SRVAL_Q2 =  0" for instance <iserdes_master_imp> in unit <chipserdes.9>.
    Set user-defined property "SRVAL_Q3 =  0" for instance <iserdes_master_imp> in unit <chipserdes.9>.
    Set user-defined property "SRVAL_Q4 =  0" for instance <iserdes_master_imp> in unit <chipserdes.9>.
    Set user-defined property "BITSLIP_ENABLE =  TRUE" for instance <iserdes_slave_imp> in unit <chipserdes.9>.
    Set user-defined property "DATA_RATE =  DDR" for instance <iserdes_slave_imp> in unit <chipserdes.9>.
    Set user-defined property "DATA_WIDTH =  8" for instance <iserdes_slave_imp> in unit <chipserdes.9>.
    Set user-defined property "INIT_Q1 =  0" for instance <iserdes_slave_imp> in unit <chipserdes.9>.
    Set user-defined property "INIT_Q2 =  0" for instance <iserdes_slave_imp> in unit <chipserdes.9>.
    Set user-defined property "INIT_Q3 =  0" for instance <iserdes_slave_imp> in unit <chipserdes.9>.
    Set user-defined property "INIT_Q4 =  0" for instance <iserdes_slave_imp> in unit <chipserdes.9>.
    Set user-defined property "INTERFACE_TYPE =  NETWORKING" for instance <iserdes_slave_imp> in unit <chipserdes.9>.
    Set user-defined property "IOBDELAY =  BOTH" for instance <iserdes_slave_imp> in unit <chipserdes.9>.
    Set user-defined property "IOBDELAY_TYPE =  VARIABLE" for instance <iserdes_slave_imp> in unit <chipserdes.9>.
    Set user-defined property "IOBDELAY_VALUE =  0" for instance <iserdes_slave_imp> in unit <chipserdes.9>.
    Set user-defined property "NUM_CE =  1" for instance <iserdes_slave_imp> in unit <chipserdes.9>.
    Set user-defined property "SERDES_MODE =  SLAVE" for instance <iserdes_slave_imp> in unit <chipserdes.9>.
    Set user-defined property "SRVAL_Q1 =  0" for instance <iserdes_slave_imp> in unit <chipserdes.9>.
    Set user-defined property "SRVAL_Q2 =  0" for instance <iserdes_slave_imp> in unit <chipserdes.9>.
    Set user-defined property "SRVAL_Q3 =  0" for instance <iserdes_slave_imp> in unit <chipserdes.9>.
    Set user-defined property "SRVAL_Q4 =  0" for instance <iserdes_slave_imp> in unit <chipserdes.9>.
Entity <chipserdes.9> analyzed. Unit <chipserdes.9> generated.

Analyzing generic Entity <chipserdes.10> in library <strip> (Architecture <rtl>).
	channel = 1
	chipid = 1
	iobdelay_value = 0
    Set user-defined property "BITSLIP_ENABLE =  TRUE" for instance <iserdes_master_imp> in unit <chipserdes.10>.
    Set user-defined property "DATA_RATE =  DDR" for instance <iserdes_master_imp> in unit <chipserdes.10>.
    Set user-defined property "DATA_WIDTH =  8" for instance <iserdes_master_imp> in unit <chipserdes.10>.
    Set user-defined property "INIT_Q1 =  0" for instance <iserdes_master_imp> in unit <chipserdes.10>.
    Set user-defined property "INIT_Q2 =  0" for instance <iserdes_master_imp> in unit <chipserdes.10>.
    Set user-defined property "INIT_Q3 =  0" for instance <iserdes_master_imp> in unit <chipserdes.10>.
    Set user-defined property "INIT_Q4 =  0" for instance <iserdes_master_imp> in unit <chipserdes.10>.
    Set user-defined property "INTERFACE_TYPE =  NETWORKING" for instance <iserdes_master_imp> in unit <chipserdes.10>.
    Set user-defined property "IOBDELAY =  BOTH" for instance <iserdes_master_imp> in unit <chipserdes.10>.
    Set user-defined property "IOBDELAY_TYPE =  VARIABLE" for instance <iserdes_master_imp> in unit <chipserdes.10>.
    Set user-defined property "IOBDELAY_VALUE =  0" for instance <iserdes_master_imp> in unit <chipserdes.10>.
    Set user-defined property "NUM_CE =  1" for instance <iserdes_master_imp> in unit <chipserdes.10>.
    Set user-defined property "SERDES_MODE =  MASTER" for instance <iserdes_master_imp> in unit <chipserdes.10>.
    Set user-defined property "SRVAL_Q1 =  0" for instance <iserdes_master_imp> in unit <chipserdes.10>.
    Set user-defined property "SRVAL_Q2 =  0" for instance <iserdes_master_imp> in unit <chipserdes.10>.
    Set user-defined property "SRVAL_Q3 =  0" for instance <iserdes_master_imp> in unit <chipserdes.10>.
    Set user-defined property "SRVAL_Q4 =  0" for instance <iserdes_master_imp> in unit <chipserdes.10>.
    Set user-defined property "BITSLIP_ENABLE =  TRUE" for instance <iserdes_slave_imp> in unit <chipserdes.10>.
    Set user-defined property "DATA_RATE =  DDR" for instance <iserdes_slave_imp> in unit <chipserdes.10>.
    Set user-defined property "DATA_WIDTH =  8" for instance <iserdes_slave_imp> in unit <chipserdes.10>.
    Set user-defined property "INIT_Q1 =  0" for instance <iserdes_slave_imp> in unit <chipserdes.10>.
    Set user-defined property "INIT_Q2 =  0" for instance <iserdes_slave_imp> in unit <chipserdes.10>.
    Set user-defined property "INIT_Q3 =  0" for instance <iserdes_slave_imp> in unit <chipserdes.10>.
    Set user-defined property "INIT_Q4 =  0" for instance <iserdes_slave_imp> in unit <chipserdes.10>.
    Set user-defined property "INTERFACE_TYPE =  NETWORKING" for instance <iserdes_slave_imp> in unit <chipserdes.10>.
    Set user-defined property "IOBDELAY =  BOTH" for instance <iserdes_slave_imp> in unit <chipserdes.10>.
    Set user-defined property "IOBDELAY_TYPE =  VARIABLE" for instance <iserdes_slave_imp> in unit <chipserdes.10>.
    Set user-defined property "IOBDELAY_VALUE =  0" for instance <iserdes_slave_imp> in unit <chipserdes.10>.
    Set user-defined property "NUM_CE =  1" for instance <iserdes_slave_imp> in unit <chipserdes.10>.
    Set user-defined property "SERDES_MODE =  SLAVE" for instance <iserdes_slave_imp> in unit <chipserdes.10>.
    Set user-defined property "SRVAL_Q1 =  0" for instance <iserdes_slave_imp> in unit <chipserdes.10>.
    Set user-defined property "SRVAL_Q2 =  0" for instance <iserdes_slave_imp> in unit <chipserdes.10>.
    Set user-defined property "SRVAL_Q3 =  0" for instance <iserdes_slave_imp> in unit <chipserdes.10>.
    Set user-defined property "SRVAL_Q4 =  0" for instance <iserdes_slave_imp> in unit <chipserdes.10>.
Entity <chipserdes.10> analyzed. Unit <chipserdes.10> generated.

Analyzing generic Entity <chipserdes.11> in library <strip> (Architecture <rtl>).
	channel = 2
	chipid = 5
	iobdelay_value = 0
    Set user-defined property "BITSLIP_ENABLE =  TRUE" for instance <iserdes_master_imp> in unit <chipserdes.11>.
    Set user-defined property "DATA_RATE =  DDR" for instance <iserdes_master_imp> in unit <chipserdes.11>.
    Set user-defined property "DATA_WIDTH =  8" for instance <iserdes_master_imp> in unit <chipserdes.11>.
    Set user-defined property "INIT_Q1 =  0" for instance <iserdes_master_imp> in unit <chipserdes.11>.
    Set user-defined property "INIT_Q2 =  0" for instance <iserdes_master_imp> in unit <chipserdes.11>.
    Set user-defined property "INIT_Q3 =  0" for instance <iserdes_master_imp> in unit <chipserdes.11>.
    Set user-defined property "INIT_Q4 =  0" for instance <iserdes_master_imp> in unit <chipserdes.11>.
    Set user-defined property "INTERFACE_TYPE =  NETWORKING" for instance <iserdes_master_imp> in unit <chipserdes.11>.
    Set user-defined property "IOBDELAY =  BOTH" for instance <iserdes_master_imp> in unit <chipserdes.11>.
    Set user-defined property "IOBDELAY_TYPE =  VARIABLE" for instance <iserdes_master_imp> in unit <chipserdes.11>.
    Set user-defined property "IOBDELAY_VALUE =  0" for instance <iserdes_master_imp> in unit <chipserdes.11>.
    Set user-defined property "NUM_CE =  1" for instance <iserdes_master_imp> in unit <chipserdes.11>.
    Set user-defined property "SERDES_MODE =  MASTER" for instance <iserdes_master_imp> in unit <chipserdes.11>.
    Set user-defined property "SRVAL_Q1 =  0" for instance <iserdes_master_imp> in unit <chipserdes.11>.
    Set user-defined property "SRVAL_Q2 =  0" for instance <iserdes_master_imp> in unit <chipserdes.11>.
    Set user-defined property "SRVAL_Q3 =  0" for instance <iserdes_master_imp> in unit <chipserdes.11>.
    Set user-defined property "SRVAL_Q4 =  0" for instance <iserdes_master_imp> in unit <chipserdes.11>.
    Set user-defined property "BITSLIP_ENABLE =  TRUE" for instance <iserdes_slave_imp> in unit <chipserdes.11>.
    Set user-defined property "DATA_RATE =  DDR" for instance <iserdes_slave_imp> in unit <chipserdes.11>.
    Set user-defined property "DATA_WIDTH =  8" for instance <iserdes_slave_imp> in unit <chipserdes.11>.
    Set user-defined property "INIT_Q1 =  0" for instance <iserdes_slave_imp> in unit <chipserdes.11>.
    Set user-defined property "INIT_Q2 =  0" for instance <iserdes_slave_imp> in unit <chipserdes.11>.
    Set user-defined property "INIT_Q3 =  0" for instance <iserdes_slave_imp> in unit <chipserdes.11>.
    Set user-defined property "INIT_Q4 =  0" for instance <iserdes_slave_imp> in unit <chipserdes.11>.
    Set user-defined property "INTERFACE_TYPE =  NETWORKING" for instance <iserdes_slave_imp> in unit <chipserdes.11>.
    Set user-defined property "IOBDELAY =  BOTH" for instance <iserdes_slave_imp> in unit <chipserdes.11>.
    Set user-defined property "IOBDELAY_TYPE =  VARIABLE" for instance <iserdes_slave_imp> in unit <chipserdes.11>.
    Set user-defined property "IOBDELAY_VALUE =  0" for instance <iserdes_slave_imp> in unit <chipserdes.11>.
    Set user-defined property "NUM_CE =  1" for instance <iserdes_slave_imp> in unit <chipserdes.11>.
    Set user-defined property "SERDES_MODE =  SLAVE" for instance <iserdes_slave_imp> in unit <chipserdes.11>.
    Set user-defined property "SRVAL_Q1 =  0" for instance <iserdes_slave_imp> in unit <chipserdes.11>.
    Set user-defined property "SRVAL_Q2 =  0" for instance <iserdes_slave_imp> in unit <chipserdes.11>.
    Set user-defined property "SRVAL_Q3 =  0" for instance <iserdes_slave_imp> in unit <chipserdes.11>.
    Set user-defined property "SRVAL_Q4 =  0" for instance <iserdes_slave_imp> in unit <chipserdes.11>.
Entity <chipserdes.11> analyzed. Unit <chipserdes.11> generated.

Analyzing generic Entity <chipserdes.12> in library <strip> (Architecture <rtl>).
	channel = 2
	chipid = 4
	iobdelay_value = 0
    Set user-defined property "BITSLIP_ENABLE =  TRUE" for instance <iserdes_master_imp> in unit <chipserdes.12>.
    Set user-defined property "DATA_RATE =  DDR" for instance <iserdes_master_imp> in unit <chipserdes.12>.
    Set user-defined property "DATA_WIDTH =  8" for instance <iserdes_master_imp> in unit <chipserdes.12>.
    Set user-defined property "INIT_Q1 =  0" for instance <iserdes_master_imp> in unit <chipserdes.12>.
    Set user-defined property "INIT_Q2 =  0" for instance <iserdes_master_imp> in unit <chipserdes.12>.
    Set user-defined property "INIT_Q3 =  0" for instance <iserdes_master_imp> in unit <chipserdes.12>.
    Set user-defined property "INIT_Q4 =  0" for instance <iserdes_master_imp> in unit <chipserdes.12>.
    Set user-defined property "INTERFACE_TYPE =  NETWORKING" for instance <iserdes_master_imp> in unit <chipserdes.12>.
    Set user-defined property "IOBDELAY =  BOTH" for instance <iserdes_master_imp> in unit <chipserdes.12>.
    Set user-defined property "IOBDELAY_TYPE =  VARIABLE" for instance <iserdes_master_imp> in unit <chipserdes.12>.
    Set user-defined property "IOBDELAY_VALUE =  0" for instance <iserdes_master_imp> in unit <chipserdes.12>.
    Set user-defined property "NUM_CE =  1" for instance <iserdes_master_imp> in unit <chipserdes.12>.
    Set user-defined property "SERDES_MODE =  MASTER" for instance <iserdes_master_imp> in unit <chipserdes.12>.
    Set user-defined property "SRVAL_Q1 =  0" for instance <iserdes_master_imp> in unit <chipserdes.12>.
    Set user-defined property "SRVAL_Q2 =  0" for instance <iserdes_master_imp> in unit <chipserdes.12>.
    Set user-defined property "SRVAL_Q3 =  0" for instance <iserdes_master_imp> in unit <chipserdes.12>.
    Set user-defined property "SRVAL_Q4 =  0" for instance <iserdes_master_imp> in unit <chipserdes.12>.
    Set user-defined property "BITSLIP_ENABLE =  TRUE" for instance <iserdes_slave_imp> in unit <chipserdes.12>.
    Set user-defined property "DATA_RATE =  DDR" for instance <iserdes_slave_imp> in unit <chipserdes.12>.
    Set user-defined property "DATA_WIDTH =  8" for instance <iserdes_slave_imp> in unit <chipserdes.12>.
    Set user-defined property "INIT_Q1 =  0" for instance <iserdes_slave_imp> in unit <chipserdes.12>.
    Set user-defined property "INIT_Q2 =  0" for instance <iserdes_slave_imp> in unit <chipserdes.12>.
    Set user-defined property "INIT_Q3 =  0" for instance <iserdes_slave_imp> in unit <chipserdes.12>.
    Set user-defined property "INIT_Q4 =  0" for instance <iserdes_slave_imp> in unit <chipserdes.12>.
    Set user-defined property "INTERFACE_TYPE =  NETWORKING" for instance <iserdes_slave_imp> in unit <chipserdes.12>.
    Set user-defined property "IOBDELAY =  BOTH" for instance <iserdes_slave_imp> in unit <chipserdes.12>.
    Set user-defined property "IOBDELAY_TYPE =  VARIABLE" for instance <iserdes_slave_imp> in unit <chipserdes.12>.
    Set user-defined property "IOBDELAY_VALUE =  0" for instance <iserdes_slave_imp> in unit <chipserdes.12>.
    Set user-defined property "NUM_CE =  1" for instance <iserdes_slave_imp> in unit <chipserdes.12>.
    Set user-defined property "SERDES_MODE =  SLAVE" for instance <iserdes_slave_imp> in unit <chipserdes.12>.
    Set user-defined property "SRVAL_Q1 =  0" for instance <iserdes_slave_imp> in unit <chipserdes.12>.
    Set user-defined property "SRVAL_Q2 =  0" for instance <iserdes_slave_imp> in unit <chipserdes.12>.
    Set user-defined property "SRVAL_Q3 =  0" for instance <iserdes_slave_imp> in unit <chipserdes.12>.
    Set user-defined property "SRVAL_Q4 =  0" for instance <iserdes_slave_imp> in unit <chipserdes.12>.
Entity <chipserdes.12> analyzed. Unit <chipserdes.12> generated.

Analyzing generic Entity <chipserdes.13> in library <strip> (Architecture <rtl>).
	channel = 2
	chipid = 3
	iobdelay_value = 0
    Set user-defined property "BITSLIP_ENABLE =  TRUE" for instance <iserdes_master_imp> in unit <chipserdes.13>.
    Set user-defined property "DATA_RATE =  DDR" for instance <iserdes_master_imp> in unit <chipserdes.13>.
    Set user-defined property "DATA_WIDTH =  8" for instance <iserdes_master_imp> in unit <chipserdes.13>.
    Set user-defined property "INIT_Q1 =  0" for instance <iserdes_master_imp> in unit <chipserdes.13>.
    Set user-defined property "INIT_Q2 =  0" for instance <iserdes_master_imp> in unit <chipserdes.13>.
    Set user-defined property "INIT_Q3 =  0" for instance <iserdes_master_imp> in unit <chipserdes.13>.
    Set user-defined property "INIT_Q4 =  0" for instance <iserdes_master_imp> in unit <chipserdes.13>.
    Set user-defined property "INTERFACE_TYPE =  NETWORKING" for instance <iserdes_master_imp> in unit <chipserdes.13>.
    Set user-defined property "IOBDELAY =  BOTH" for instance <iserdes_master_imp> in unit <chipserdes.13>.
    Set user-defined property "IOBDELAY_TYPE =  VARIABLE" for instance <iserdes_master_imp> in unit <chipserdes.13>.
    Set user-defined property "IOBDELAY_VALUE =  0" for instance <iserdes_master_imp> in unit <chipserdes.13>.
    Set user-defined property "NUM_CE =  1" for instance <iserdes_master_imp> in unit <chipserdes.13>.
    Set user-defined property "SERDES_MODE =  MASTER" for instance <iserdes_master_imp> in unit <chipserdes.13>.
    Set user-defined property "SRVAL_Q1 =  0" for instance <iserdes_master_imp> in unit <chipserdes.13>.
    Set user-defined property "SRVAL_Q2 =  0" for instance <iserdes_master_imp> in unit <chipserdes.13>.
    Set user-defined property "SRVAL_Q3 =  0" for instance <iserdes_master_imp> in unit <chipserdes.13>.
    Set user-defined property "SRVAL_Q4 =  0" for instance <iserdes_master_imp> in unit <chipserdes.13>.
    Set user-defined property "BITSLIP_ENABLE =  TRUE" for instance <iserdes_slave_imp> in unit <chipserdes.13>.
    Set user-defined property "DATA_RATE =  DDR" for instance <iserdes_slave_imp> in unit <chipserdes.13>.
    Set user-defined property "DATA_WIDTH =  8" for instance <iserdes_slave_imp> in unit <chipserdes.13>.
    Set user-defined property "INIT_Q1 =  0" for instance <iserdes_slave_imp> in unit <chipserdes.13>.
    Set user-defined property "INIT_Q2 =  0" for instance <iserdes_slave_imp> in unit <chipserdes.13>.
    Set user-defined property "INIT_Q3 =  0" for instance <iserdes_slave_imp> in unit <chipserdes.13>.
    Set user-defined property "INIT_Q4 =  0" for instance <iserdes_slave_imp> in unit <chipserdes.13>.
    Set user-defined property "INTERFACE_TYPE =  NETWORKING" for instance <iserdes_slave_imp> in unit <chipserdes.13>.
    Set user-defined property "IOBDELAY =  BOTH" for instance <iserdes_slave_imp> in unit <chipserdes.13>.
    Set user-defined property "IOBDELAY_TYPE =  VARIABLE" for instance <iserdes_slave_imp> in unit <chipserdes.13>.
    Set user-defined property "IOBDELAY_VALUE =  0" for instance <iserdes_slave_imp> in unit <chipserdes.13>.
    Set user-defined property "NUM_CE =  1" for instance <iserdes_slave_imp> in unit <chipserdes.13>.
    Set user-defined property "SERDES_MODE =  SLAVE" for instance <iserdes_slave_imp> in unit <chipserdes.13>.
    Set user-defined property "SRVAL_Q1 =  0" for instance <iserdes_slave_imp> in unit <chipserdes.13>.
    Set user-defined property "SRVAL_Q2 =  0" for instance <iserdes_slave_imp> in unit <chipserdes.13>.
    Set user-defined property "SRVAL_Q3 =  0" for instance <iserdes_slave_imp> in unit <chipserdes.13>.
    Set user-defined property "SRVAL_Q4 =  0" for instance <iserdes_slave_imp> in unit <chipserdes.13>.
Entity <chipserdes.13> analyzed. Unit <chipserdes.13> generated.

Analyzing generic Entity <chipserdes.14> in library <strip> (Architecture <rtl>).
	channel = 2
	chipid = 2
	iobdelay_value = 0
    Set user-defined property "BITSLIP_ENABLE =  TRUE" for instance <iserdes_master_imp> in unit <chipserdes.14>.
    Set user-defined property "DATA_RATE =  DDR" for instance <iserdes_master_imp> in unit <chipserdes.14>.
    Set user-defined property "DATA_WIDTH =  8" for instance <iserdes_master_imp> in unit <chipserdes.14>.
    Set user-defined property "INIT_Q1 =  0" for instance <iserdes_master_imp> in unit <chipserdes.14>.
    Set user-defined property "INIT_Q2 =  0" for instance <iserdes_master_imp> in unit <chipserdes.14>.
    Set user-defined property "INIT_Q3 =  0" for instance <iserdes_master_imp> in unit <chipserdes.14>.
    Set user-defined property "INIT_Q4 =  0" for instance <iserdes_master_imp> in unit <chipserdes.14>.
    Set user-defined property "INTERFACE_TYPE =  NETWORKING" for instance <iserdes_master_imp> in unit <chipserdes.14>.
    Set user-defined property "IOBDELAY =  BOTH" for instance <iserdes_master_imp> in unit <chipserdes.14>.
    Set user-defined property "IOBDELAY_TYPE =  VARIABLE" for instance <iserdes_master_imp> in unit <chipserdes.14>.
    Set user-defined property "IOBDELAY_VALUE =  0" for instance <iserdes_master_imp> in unit <chipserdes.14>.
    Set user-defined property "NUM_CE =  1" for instance <iserdes_master_imp> in unit <chipserdes.14>.
    Set user-defined property "SERDES_MODE =  MASTER" for instance <iserdes_master_imp> in unit <chipserdes.14>.
    Set user-defined property "SRVAL_Q1 =  0" for instance <iserdes_master_imp> in unit <chipserdes.14>.
    Set user-defined property "SRVAL_Q2 =  0" for instance <iserdes_master_imp> in unit <chipserdes.14>.
    Set user-defined property "SRVAL_Q3 =  0" for instance <iserdes_master_imp> in unit <chipserdes.14>.
    Set user-defined property "SRVAL_Q4 =  0" for instance <iserdes_master_imp> in unit <chipserdes.14>.
    Set user-defined property "BITSLIP_ENABLE =  TRUE" for instance <iserdes_slave_imp> in unit <chipserdes.14>.
    Set user-defined property "DATA_RATE =  DDR" for instance <iserdes_slave_imp> in unit <chipserdes.14>.
    Set user-defined property "DATA_WIDTH =  8" for instance <iserdes_slave_imp> in unit <chipserdes.14>.
    Set user-defined property "INIT_Q1 =  0" for instance <iserdes_slave_imp> in unit <chipserdes.14>.
    Set user-defined property "INIT_Q2 =  0" for instance <iserdes_slave_imp> in unit <chipserdes.14>.
    Set user-defined property "INIT_Q3 =  0" for instance <iserdes_slave_imp> in unit <chipserdes.14>.
    Set user-defined property "INIT_Q4 =  0" for instance <iserdes_slave_imp> in unit <chipserdes.14>.
    Set user-defined property "INTERFACE_TYPE =  NETWORKING" for instance <iserdes_slave_imp> in unit <chipserdes.14>.
    Set user-defined property "IOBDELAY =  BOTH" for instance <iserdes_slave_imp> in unit <chipserdes.14>.
    Set user-defined property "IOBDELAY_TYPE =  VARIABLE" for instance <iserdes_slave_imp> in unit <chipserdes.14>.
    Set user-defined property "IOBDELAY_VALUE =  0" for instance <iserdes_slave_imp> in unit <chipserdes.14>.
    Set user-defined property "NUM_CE =  1" for instance <iserdes_slave_imp> in unit <chipserdes.14>.
    Set user-defined property "SERDES_MODE =  SLAVE" for instance <iserdes_slave_imp> in unit <chipserdes.14>.
    Set user-defined property "SRVAL_Q1 =  0" for instance <iserdes_slave_imp> in unit <chipserdes.14>.
    Set user-defined property "SRVAL_Q2 =  0" for instance <iserdes_slave_imp> in unit <chipserdes.14>.
    Set user-defined property "SRVAL_Q3 =  0" for instance <iserdes_slave_imp> in unit <chipserdes.14>.
    Set user-defined property "SRVAL_Q4 =  0" for instance <iserdes_slave_imp> in unit <chipserdes.14>.
Entity <chipserdes.14> analyzed. Unit <chipserdes.14> generated.

Analyzing generic Entity <chipserdes.15> in library <strip> (Architecture <rtl>).
	channel = 2
	chipid = 1
	iobdelay_value = 0
    Set user-defined property "BITSLIP_ENABLE =  TRUE" for instance <iserdes_master_imp> in unit <chipserdes.15>.
    Set user-defined property "DATA_RATE =  DDR" for instance <iserdes_master_imp> in unit <chipserdes.15>.
    Set user-defined property "DATA_WIDTH =  8" for instance <iserdes_master_imp> in unit <chipserdes.15>.
    Set user-defined property "INIT_Q1 =  0" for instance <iserdes_master_imp> in unit <chipserdes.15>.
    Set user-defined property "INIT_Q2 =  0" for instance <iserdes_master_imp> in unit <chipserdes.15>.
    Set user-defined property "INIT_Q3 =  0" for instance <iserdes_master_imp> in unit <chipserdes.15>.
    Set user-defined property "INIT_Q4 =  0" for instance <iserdes_master_imp> in unit <chipserdes.15>.
    Set user-defined property "INTERFACE_TYPE =  NETWORKING" for instance <iserdes_master_imp> in unit <chipserdes.15>.
    Set user-defined property "IOBDELAY =  BOTH" for instance <iserdes_master_imp> in unit <chipserdes.15>.
    Set user-defined property "IOBDELAY_TYPE =  VARIABLE" for instance <iserdes_master_imp> in unit <chipserdes.15>.
    Set user-defined property "IOBDELAY_VALUE =  0" for instance <iserdes_master_imp> in unit <chipserdes.15>.
    Set user-defined property "NUM_CE =  1" for instance <iserdes_master_imp> in unit <chipserdes.15>.
    Set user-defined property "SERDES_MODE =  MASTER" for instance <iserdes_master_imp> in unit <chipserdes.15>.
    Set user-defined property "SRVAL_Q1 =  0" for instance <iserdes_master_imp> in unit <chipserdes.15>.
    Set user-defined property "SRVAL_Q2 =  0" for instance <iserdes_master_imp> in unit <chipserdes.15>.
    Set user-defined property "SRVAL_Q3 =  0" for instance <iserdes_master_imp> in unit <chipserdes.15>.
    Set user-defined property "SRVAL_Q4 =  0" for instance <iserdes_master_imp> in unit <chipserdes.15>.
    Set user-defined property "BITSLIP_ENABLE =  TRUE" for instance <iserdes_slave_imp> in unit <chipserdes.15>.
    Set user-defined property "DATA_RATE =  DDR" for instance <iserdes_slave_imp> in unit <chipserdes.15>.
    Set user-defined property "DATA_WIDTH =  8" for instance <iserdes_slave_imp> in unit <chipserdes.15>.
    Set user-defined property "INIT_Q1 =  0" for instance <iserdes_slave_imp> in unit <chipserdes.15>.
    Set user-defined property "INIT_Q2 =  0" for instance <iserdes_slave_imp> in unit <chipserdes.15>.
    Set user-defined property "INIT_Q3 =  0" for instance <iserdes_slave_imp> in unit <chipserdes.15>.
    Set user-defined property "INIT_Q4 =  0" for instance <iserdes_slave_imp> in unit <chipserdes.15>.
    Set user-defined property "INTERFACE_TYPE =  NETWORKING" for instance <iserdes_slave_imp> in unit <chipserdes.15>.
    Set user-defined property "IOBDELAY =  BOTH" for instance <iserdes_slave_imp> in unit <chipserdes.15>.
    Set user-defined property "IOBDELAY_TYPE =  VARIABLE" for instance <iserdes_slave_imp> in unit <chipserdes.15>.
    Set user-defined property "IOBDELAY_VALUE =  0" for instance <iserdes_slave_imp> in unit <chipserdes.15>.
    Set user-defined property "NUM_CE =  1" for instance <iserdes_slave_imp> in unit <chipserdes.15>.
    Set user-defined property "SERDES_MODE =  SLAVE" for instance <iserdes_slave_imp> in unit <chipserdes.15>.
    Set user-defined property "SRVAL_Q1 =  0" for instance <iserdes_slave_imp> in unit <chipserdes.15>.
    Set user-defined property "SRVAL_Q2 =  0" for instance <iserdes_slave_imp> in unit <chipserdes.15>.
    Set user-defined property "SRVAL_Q3 =  0" for instance <iserdes_slave_imp> in unit <chipserdes.15>.
    Set user-defined property "SRVAL_Q4 =  0" for instance <iserdes_slave_imp> in unit <chipserdes.15>.
Entity <chipserdes.15> analyzed. Unit <chipserdes.15> generated.

Analyzing generic Entity <chipserdes.16> in library <strip> (Architecture <rtl>).
	channel = 3
	chipid = 5
	iobdelay_value = 0
    Set user-defined property "BITSLIP_ENABLE =  TRUE" for instance <iserdes_master_imp> in unit <chipserdes.16>.
    Set user-defined property "DATA_RATE =  DDR" for instance <iserdes_master_imp> in unit <chipserdes.16>.
    Set user-defined property "DATA_WIDTH =  8" for instance <iserdes_master_imp> in unit <chipserdes.16>.
    Set user-defined property "INIT_Q1 =  0" for instance <iserdes_master_imp> in unit <chipserdes.16>.
    Set user-defined property "INIT_Q2 =  0" for instance <iserdes_master_imp> in unit <chipserdes.16>.
    Set user-defined property "INIT_Q3 =  0" for instance <iserdes_master_imp> in unit <chipserdes.16>.
    Set user-defined property "INIT_Q4 =  0" for instance <iserdes_master_imp> in unit <chipserdes.16>.
    Set user-defined property "INTERFACE_TYPE =  NETWORKING" for instance <iserdes_master_imp> in unit <chipserdes.16>.
    Set user-defined property "IOBDELAY =  BOTH" for instance <iserdes_master_imp> in unit <chipserdes.16>.
    Set user-defined property "IOBDELAY_TYPE =  VARIABLE" for instance <iserdes_master_imp> in unit <chipserdes.16>.
    Set user-defined property "IOBDELAY_VALUE =  0" for instance <iserdes_master_imp> in unit <chipserdes.16>.
    Set user-defined property "NUM_CE =  1" for instance <iserdes_master_imp> in unit <chipserdes.16>.
    Set user-defined property "SERDES_MODE =  MASTER" for instance <iserdes_master_imp> in unit <chipserdes.16>.
    Set user-defined property "SRVAL_Q1 =  0" for instance <iserdes_master_imp> in unit <chipserdes.16>.
    Set user-defined property "SRVAL_Q2 =  0" for instance <iserdes_master_imp> in unit <chipserdes.16>.
    Set user-defined property "SRVAL_Q3 =  0" for instance <iserdes_master_imp> in unit <chipserdes.16>.
    Set user-defined property "SRVAL_Q4 =  0" for instance <iserdes_master_imp> in unit <chipserdes.16>.
    Set user-defined property "BITSLIP_ENABLE =  TRUE" for instance <iserdes_slave_imp> in unit <chipserdes.16>.
    Set user-defined property "DATA_RATE =  DDR" for instance <iserdes_slave_imp> in unit <chipserdes.16>.
    Set user-defined property "DATA_WIDTH =  8" for instance <iserdes_slave_imp> in unit <chipserdes.16>.
    Set user-defined property "INIT_Q1 =  0" for instance <iserdes_slave_imp> in unit <chipserdes.16>.
    Set user-defined property "INIT_Q2 =  0" for instance <iserdes_slave_imp> in unit <chipserdes.16>.
    Set user-defined property "INIT_Q3 =  0" for instance <iserdes_slave_imp> in unit <chipserdes.16>.
    Set user-defined property "INIT_Q4 =  0" for instance <iserdes_slave_imp> in unit <chipserdes.16>.
    Set user-defined property "INTERFACE_TYPE =  NETWORKING" for instance <iserdes_slave_imp> in unit <chipserdes.16>.
    Set user-defined property "IOBDELAY =  BOTH" for instance <iserdes_slave_imp> in unit <chipserdes.16>.
    Set user-defined property "IOBDELAY_TYPE =  VARIABLE" for instance <iserdes_slave_imp> in unit <chipserdes.16>.
    Set user-defined property "IOBDELAY_VALUE =  0" for instance <iserdes_slave_imp> in unit <chipserdes.16>.
    Set user-defined property "NUM_CE =  1" for instance <iserdes_slave_imp> in unit <chipserdes.16>.
    Set user-defined property "SERDES_MODE =  SLAVE" for instance <iserdes_slave_imp> in unit <chipserdes.16>.
    Set user-defined property "SRVAL_Q1 =  0" for instance <iserdes_slave_imp> in unit <chipserdes.16>.
    Set user-defined property "SRVAL_Q2 =  0" for instance <iserdes_slave_imp> in unit <chipserdes.16>.
    Set user-defined property "SRVAL_Q3 =  0" for instance <iserdes_slave_imp> in unit <chipserdes.16>.
    Set user-defined property "SRVAL_Q4 =  0" for instance <iserdes_slave_imp> in unit <chipserdes.16>.
Entity <chipserdes.16> analyzed. Unit <chipserdes.16> generated.

Analyzing generic Entity <chipserdes.17> in library <strip> (Architecture <rtl>).
	channel = 3
	chipid = 4
	iobdelay_value = 0
    Set user-defined property "BITSLIP_ENABLE =  TRUE" for instance <iserdes_master_imp> in unit <chipserdes.17>.
    Set user-defined property "DATA_RATE =  DDR" for instance <iserdes_master_imp> in unit <chipserdes.17>.
    Set user-defined property "DATA_WIDTH =  8" for instance <iserdes_master_imp> in unit <chipserdes.17>.
    Set user-defined property "INIT_Q1 =  0" for instance <iserdes_master_imp> in unit <chipserdes.17>.
    Set user-defined property "INIT_Q2 =  0" for instance <iserdes_master_imp> in unit <chipserdes.17>.
    Set user-defined property "INIT_Q3 =  0" for instance <iserdes_master_imp> in unit <chipserdes.17>.
    Set user-defined property "INIT_Q4 =  0" for instance <iserdes_master_imp> in unit <chipserdes.17>.
    Set user-defined property "INTERFACE_TYPE =  NETWORKING" for instance <iserdes_master_imp> in unit <chipserdes.17>.
    Set user-defined property "IOBDELAY =  BOTH" for instance <iserdes_master_imp> in unit <chipserdes.17>.
    Set user-defined property "IOBDELAY_TYPE =  VARIABLE" for instance <iserdes_master_imp> in unit <chipserdes.17>.
    Set user-defined property "IOBDELAY_VALUE =  0" for instance <iserdes_master_imp> in unit <chipserdes.17>.
    Set user-defined property "NUM_CE =  1" for instance <iserdes_master_imp> in unit <chipserdes.17>.
    Set user-defined property "SERDES_MODE =  MASTER" for instance <iserdes_master_imp> in unit <chipserdes.17>.
    Set user-defined property "SRVAL_Q1 =  0" for instance <iserdes_master_imp> in unit <chipserdes.17>.
    Set user-defined property "SRVAL_Q2 =  0" for instance <iserdes_master_imp> in unit <chipserdes.17>.
    Set user-defined property "SRVAL_Q3 =  0" for instance <iserdes_master_imp> in unit <chipserdes.17>.
    Set user-defined property "SRVAL_Q4 =  0" for instance <iserdes_master_imp> in unit <chipserdes.17>.
    Set user-defined property "BITSLIP_ENABLE =  TRUE" for instance <iserdes_slave_imp> in unit <chipserdes.17>.
    Set user-defined property "DATA_RATE =  DDR" for instance <iserdes_slave_imp> in unit <chipserdes.17>.
    Set user-defined property "DATA_WIDTH =  8" for instance <iserdes_slave_imp> in unit <chipserdes.17>.
    Set user-defined property "INIT_Q1 =  0" for instance <iserdes_slave_imp> in unit <chipserdes.17>.
    Set user-defined property "INIT_Q2 =  0" for instance <iserdes_slave_imp> in unit <chipserdes.17>.
    Set user-defined property "INIT_Q3 =  0" for instance <iserdes_slave_imp> in unit <chipserdes.17>.
    Set user-defined property "INIT_Q4 =  0" for instance <iserdes_slave_imp> in unit <chipserdes.17>.
    Set user-defined property "INTERFACE_TYPE =  NETWORKING" for instance <iserdes_slave_imp> in unit <chipserdes.17>.
    Set user-defined property "IOBDELAY =  BOTH" for instance <iserdes_slave_imp> in unit <chipserdes.17>.
    Set user-defined property "IOBDELAY_TYPE =  VARIABLE" for instance <iserdes_slave_imp> in unit <chipserdes.17>.
    Set user-defined property "IOBDELAY_VALUE =  0" for instance <iserdes_slave_imp> in unit <chipserdes.17>.
    Set user-defined property "NUM_CE =  1" for instance <iserdes_slave_imp> in unit <chipserdes.17>.
    Set user-defined property "SERDES_MODE =  SLAVE" for instance <iserdes_slave_imp> in unit <chipserdes.17>.
    Set user-defined property "SRVAL_Q1 =  0" for instance <iserdes_slave_imp> in unit <chipserdes.17>.
    Set user-defined property "SRVAL_Q2 =  0" for instance <iserdes_slave_imp> in unit <chipserdes.17>.
    Set user-defined property "SRVAL_Q3 =  0" for instance <iserdes_slave_imp> in unit <chipserdes.17>.
    Set user-defined property "SRVAL_Q4 =  0" for instance <iserdes_slave_imp> in unit <chipserdes.17>.
Entity <chipserdes.17> analyzed. Unit <chipserdes.17> generated.

Analyzing generic Entity <chipserdes.18> in library <strip> (Architecture <rtl>).
	channel = 3
	chipid = 3
	iobdelay_value = 0
    Set user-defined property "BITSLIP_ENABLE =  TRUE" for instance <iserdes_master_imp> in unit <chipserdes.18>.
    Set user-defined property "DATA_RATE =  DDR" for instance <iserdes_master_imp> in unit <chipserdes.18>.
    Set user-defined property "DATA_WIDTH =  8" for instance <iserdes_master_imp> in unit <chipserdes.18>.
    Set user-defined property "INIT_Q1 =  0" for instance <iserdes_master_imp> in unit <chipserdes.18>.
    Set user-defined property "INIT_Q2 =  0" for instance <iserdes_master_imp> in unit <chipserdes.18>.
    Set user-defined property "INIT_Q3 =  0" for instance <iserdes_master_imp> in unit <chipserdes.18>.
    Set user-defined property "INIT_Q4 =  0" for instance <iserdes_master_imp> in unit <chipserdes.18>.
    Set user-defined property "INTERFACE_TYPE =  NETWORKING" for instance <iserdes_master_imp> in unit <chipserdes.18>.
    Set user-defined property "IOBDELAY =  BOTH" for instance <iserdes_master_imp> in unit <chipserdes.18>.
    Set user-defined property "IOBDELAY_TYPE =  VARIABLE" for instance <iserdes_master_imp> in unit <chipserdes.18>.
    Set user-defined property "IOBDELAY_VALUE =  0" for instance <iserdes_master_imp> in unit <chipserdes.18>.
    Set user-defined property "NUM_CE =  1" for instance <iserdes_master_imp> in unit <chipserdes.18>.
    Set user-defined property "SERDES_MODE =  MASTER" for instance <iserdes_master_imp> in unit <chipserdes.18>.
    Set user-defined property "SRVAL_Q1 =  0" for instance <iserdes_master_imp> in unit <chipserdes.18>.
    Set user-defined property "SRVAL_Q2 =  0" for instance <iserdes_master_imp> in unit <chipserdes.18>.
    Set user-defined property "SRVAL_Q3 =  0" for instance <iserdes_master_imp> in unit <chipserdes.18>.
    Set user-defined property "SRVAL_Q4 =  0" for instance <iserdes_master_imp> in unit <chipserdes.18>.
    Set user-defined property "BITSLIP_ENABLE =  TRUE" for instance <iserdes_slave_imp> in unit <chipserdes.18>.
    Set user-defined property "DATA_RATE =  DDR" for instance <iserdes_slave_imp> in unit <chipserdes.18>.
    Set user-defined property "DATA_WIDTH =  8" for instance <iserdes_slave_imp> in unit <chipserdes.18>.
    Set user-defined property "INIT_Q1 =  0" for instance <iserdes_slave_imp> in unit <chipserdes.18>.
    Set user-defined property "INIT_Q2 =  0" for instance <iserdes_slave_imp> in unit <chipserdes.18>.
    Set user-defined property "INIT_Q3 =  0" for instance <iserdes_slave_imp> in unit <chipserdes.18>.
    Set user-defined property "INIT_Q4 =  0" for instance <iserdes_slave_imp> in unit <chipserdes.18>.
    Set user-defined property "INTERFACE_TYPE =  NETWORKING" for instance <iserdes_slave_imp> in unit <chipserdes.18>.
    Set user-defined property "IOBDELAY =  BOTH" for instance <iserdes_slave_imp> in unit <chipserdes.18>.
    Set user-defined property "IOBDELAY_TYPE =  VARIABLE" for instance <iserdes_slave_imp> in unit <chipserdes.18>.
    Set user-defined property "IOBDELAY_VALUE =  0" for instance <iserdes_slave_imp> in unit <chipserdes.18>.
    Set user-defined property "NUM_CE =  1" for instance <iserdes_slave_imp> in unit <chipserdes.18>.
    Set user-defined property "SERDES_MODE =  SLAVE" for instance <iserdes_slave_imp> in unit <chipserdes.18>.
    Set user-defined property "SRVAL_Q1 =  0" for instance <iserdes_slave_imp> in unit <chipserdes.18>.
    Set user-defined property "SRVAL_Q2 =  0" for instance <iserdes_slave_imp> in unit <chipserdes.18>.
    Set user-defined property "SRVAL_Q3 =  0" for instance <iserdes_slave_imp> in unit <chipserdes.18>.
    Set user-defined property "SRVAL_Q4 =  0" for instance <iserdes_slave_imp> in unit <chipserdes.18>.
Entity <chipserdes.18> analyzed. Unit <chipserdes.18> generated.

Analyzing generic Entity <chipserdes.19> in library <strip> (Architecture <rtl>).
	channel = 3
	chipid = 2
	iobdelay_value = 0
    Set user-defined property "BITSLIP_ENABLE =  TRUE" for instance <iserdes_master_imp> in unit <chipserdes.19>.
    Set user-defined property "DATA_RATE =  DDR" for instance <iserdes_master_imp> in unit <chipserdes.19>.
    Set user-defined property "DATA_WIDTH =  8" for instance <iserdes_master_imp> in unit <chipserdes.19>.
    Set user-defined property "INIT_Q1 =  0" for instance <iserdes_master_imp> in unit <chipserdes.19>.
    Set user-defined property "INIT_Q2 =  0" for instance <iserdes_master_imp> in unit <chipserdes.19>.
    Set user-defined property "INIT_Q3 =  0" for instance <iserdes_master_imp> in unit <chipserdes.19>.
    Set user-defined property "INIT_Q4 =  0" for instance <iserdes_master_imp> in unit <chipserdes.19>.
    Set user-defined property "INTERFACE_TYPE =  NETWORKING" for instance <iserdes_master_imp> in unit <chipserdes.19>.
    Set user-defined property "IOBDELAY =  BOTH" for instance <iserdes_master_imp> in unit <chipserdes.19>.
    Set user-defined property "IOBDELAY_TYPE =  VARIABLE" for instance <iserdes_master_imp> in unit <chipserdes.19>.
    Set user-defined property "IOBDELAY_VALUE =  0" for instance <iserdes_master_imp> in unit <chipserdes.19>.
    Set user-defined property "NUM_CE =  1" for instance <iserdes_master_imp> in unit <chipserdes.19>.
    Set user-defined property "SERDES_MODE =  MASTER" for instance <iserdes_master_imp> in unit <chipserdes.19>.
    Set user-defined property "SRVAL_Q1 =  0" for instance <iserdes_master_imp> in unit <chipserdes.19>.
    Set user-defined property "SRVAL_Q2 =  0" for instance <iserdes_master_imp> in unit <chipserdes.19>.
    Set user-defined property "SRVAL_Q3 =  0" for instance <iserdes_master_imp> in unit <chipserdes.19>.
    Set user-defined property "SRVAL_Q4 =  0" for instance <iserdes_master_imp> in unit <chipserdes.19>.
    Set user-defined property "BITSLIP_ENABLE =  TRUE" for instance <iserdes_slave_imp> in unit <chipserdes.19>.
    Set user-defined property "DATA_RATE =  DDR" for instance <iserdes_slave_imp> in unit <chipserdes.19>.
    Set user-defined property "DATA_WIDTH =  8" for instance <iserdes_slave_imp> in unit <chipserdes.19>.
    Set user-defined property "INIT_Q1 =  0" for instance <iserdes_slave_imp> in unit <chipserdes.19>.
    Set user-defined property "INIT_Q2 =  0" for instance <iserdes_slave_imp> in unit <chipserdes.19>.
    Set user-defined property "INIT_Q3 =  0" for instance <iserdes_slave_imp> in unit <chipserdes.19>.
    Set user-defined property "INIT_Q4 =  0" for instance <iserdes_slave_imp> in unit <chipserdes.19>.
    Set user-defined property "INTERFACE_TYPE =  NETWORKING" for instance <iserdes_slave_imp> in unit <chipserdes.19>.
    Set user-defined property "IOBDELAY =  BOTH" for instance <iserdes_slave_imp> in unit <chipserdes.19>.
    Set user-defined property "IOBDELAY_TYPE =  VARIABLE" for instance <iserdes_slave_imp> in unit <chipserdes.19>.
    Set user-defined property "IOBDELAY_VALUE =  0" for instance <iserdes_slave_imp> in unit <chipserdes.19>.
    Set user-defined property "NUM_CE =  1" for instance <iserdes_slave_imp> in unit <chipserdes.19>.
    Set user-defined property "SERDES_MODE =  SLAVE" for instance <iserdes_slave_imp> in unit <chipserdes.19>.
    Set user-defined property "SRVAL_Q1 =  0" for instance <iserdes_slave_imp> in unit <chipserdes.19>.
    Set user-defined property "SRVAL_Q2 =  0" for instance <iserdes_slave_imp> in unit <chipserdes.19>.
    Set user-defined property "SRVAL_Q3 =  0" for instance <iserdes_slave_imp> in unit <chipserdes.19>.
    Set user-defined property "SRVAL_Q4 =  0" for instance <iserdes_slave_imp> in unit <chipserdes.19>.
Entity <chipserdes.19> analyzed. Unit <chipserdes.19> generated.

Analyzing generic Entity <chipserdes.20> in library <strip> (Architecture <rtl>).
	channel = 3
	chipid = 1
	iobdelay_value = 0
    Set user-defined property "BITSLIP_ENABLE =  TRUE" for instance <iserdes_master_imp> in unit <chipserdes.20>.
    Set user-defined property "DATA_RATE =  DDR" for instance <iserdes_master_imp> in unit <chipserdes.20>.
    Set user-defined property "DATA_WIDTH =  8" for instance <iserdes_master_imp> in unit <chipserdes.20>.
    Set user-defined property "INIT_Q1 =  0" for instance <iserdes_master_imp> in unit <chipserdes.20>.
    Set user-defined property "INIT_Q2 =  0" for instance <iserdes_master_imp> in unit <chipserdes.20>.
    Set user-defined property "INIT_Q3 =  0" for instance <iserdes_master_imp> in unit <chipserdes.20>.
    Set user-defined property "INIT_Q4 =  0" for instance <iserdes_master_imp> in unit <chipserdes.20>.
    Set user-defined property "INTERFACE_TYPE =  NETWORKING" for instance <iserdes_master_imp> in unit <chipserdes.20>.
    Set user-defined property "IOBDELAY =  BOTH" for instance <iserdes_master_imp> in unit <chipserdes.20>.
    Set user-defined property "IOBDELAY_TYPE =  VARIABLE" for instance <iserdes_master_imp> in unit <chipserdes.20>.
    Set user-defined property "IOBDELAY_VALUE =  0" for instance <iserdes_master_imp> in unit <chipserdes.20>.
    Set user-defined property "NUM_CE =  1" for instance <iserdes_master_imp> in unit <chipserdes.20>.
    Set user-defined property "SERDES_MODE =  MASTER" for instance <iserdes_master_imp> in unit <chipserdes.20>.
    Set user-defined property "SRVAL_Q1 =  0" for instance <iserdes_master_imp> in unit <chipserdes.20>.
    Set user-defined property "SRVAL_Q2 =  0" for instance <iserdes_master_imp> in unit <chipserdes.20>.
    Set user-defined property "SRVAL_Q3 =  0" for instance <iserdes_master_imp> in unit <chipserdes.20>.
    Set user-defined property "SRVAL_Q4 =  0" for instance <iserdes_master_imp> in unit <chipserdes.20>.
    Set user-defined property "BITSLIP_ENABLE =  TRUE" for instance <iserdes_slave_imp> in unit <chipserdes.20>.
    Set user-defined property "DATA_RATE =  DDR" for instance <iserdes_slave_imp> in unit <chipserdes.20>.
    Set user-defined property "DATA_WIDTH =  8" for instance <iserdes_slave_imp> in unit <chipserdes.20>.
    Set user-defined property "INIT_Q1 =  0" for instance <iserdes_slave_imp> in unit <chipserdes.20>.
    Set user-defined property "INIT_Q2 =  0" for instance <iserdes_slave_imp> in unit <chipserdes.20>.
    Set user-defined property "INIT_Q3 =  0" for instance <iserdes_slave_imp> in unit <chipserdes.20>.
    Set user-defined property "INIT_Q4 =  0" for instance <iserdes_slave_imp> in unit <chipserdes.20>.
    Set user-defined property "INTERFACE_TYPE =  NETWORKING" for instance <iserdes_slave_imp> in unit <chipserdes.20>.
    Set user-defined property "IOBDELAY =  BOTH" for instance <iserdes_slave_imp> in unit <chipserdes.20>.
    Set user-defined property "IOBDELAY_TYPE =  VARIABLE" for instance <iserdes_slave_imp> in unit <chipserdes.20>.
    Set user-defined property "IOBDELAY_VALUE =  0" for instance <iserdes_slave_imp> in unit <chipserdes.20>.
    Set user-defined property "NUM_CE =  1" for instance <iserdes_slave_imp> in unit <chipserdes.20>.
    Set user-defined property "SERDES_MODE =  SLAVE" for instance <iserdes_slave_imp> in unit <chipserdes.20>.
    Set user-defined property "SRVAL_Q1 =  0" for instance <iserdes_slave_imp> in unit <chipserdes.20>.
    Set user-defined property "SRVAL_Q2 =  0" for instance <iserdes_slave_imp> in unit <chipserdes.20>.
    Set user-defined property "SRVAL_Q3 =  0" for instance <iserdes_slave_imp> in unit <chipserdes.20>.
    Set user-defined property "SRVAL_Q4 =  0" for instance <iserdes_slave_imp> in unit <chipserdes.20>.
Entity <chipserdes.20> analyzed. Unit <chipserdes.20> generated.

Analyzing generic Entity <chipserdes.21> in library <strip> (Architecture <rtl>).
	channel = 4
	chipid = 5
	iobdelay_value = 0
    Set user-defined property "BITSLIP_ENABLE =  TRUE" for instance <iserdes_master_imp> in unit <chipserdes.21>.
    Set user-defined property "DATA_RATE =  DDR" for instance <iserdes_master_imp> in unit <chipserdes.21>.
    Set user-defined property "DATA_WIDTH =  8" for instance <iserdes_master_imp> in unit <chipserdes.21>.
    Set user-defined property "INIT_Q1 =  0" for instance <iserdes_master_imp> in unit <chipserdes.21>.
    Set user-defined property "INIT_Q2 =  0" for instance <iserdes_master_imp> in unit <chipserdes.21>.
    Set user-defined property "INIT_Q3 =  0" for instance <iserdes_master_imp> in unit <chipserdes.21>.
    Set user-defined property "INIT_Q4 =  0" for instance <iserdes_master_imp> in unit <chipserdes.21>.
    Set user-defined property "INTERFACE_TYPE =  NETWORKING" for instance <iserdes_master_imp> in unit <chipserdes.21>.
    Set user-defined property "IOBDELAY =  BOTH" for instance <iserdes_master_imp> in unit <chipserdes.21>.
    Set user-defined property "IOBDELAY_TYPE =  VARIABLE" for instance <iserdes_master_imp> in unit <chipserdes.21>.
    Set user-defined property "IOBDELAY_VALUE =  0" for instance <iserdes_master_imp> in unit <chipserdes.21>.
    Set user-defined property "NUM_CE =  1" for instance <iserdes_master_imp> in unit <chipserdes.21>.
    Set user-defined property "SERDES_MODE =  MASTER" for instance <iserdes_master_imp> in unit <chipserdes.21>.
    Set user-defined property "SRVAL_Q1 =  0" for instance <iserdes_master_imp> in unit <chipserdes.21>.
    Set user-defined property "SRVAL_Q2 =  0" for instance <iserdes_master_imp> in unit <chipserdes.21>.
    Set user-defined property "SRVAL_Q3 =  0" for instance <iserdes_master_imp> in unit <chipserdes.21>.
    Set user-defined property "SRVAL_Q4 =  0" for instance <iserdes_master_imp> in unit <chipserdes.21>.
    Set user-defined property "BITSLIP_ENABLE =  TRUE" for instance <iserdes_slave_imp> in unit <chipserdes.21>.
    Set user-defined property "DATA_RATE =  DDR" for instance <iserdes_slave_imp> in unit <chipserdes.21>.
    Set user-defined property "DATA_WIDTH =  8" for instance <iserdes_slave_imp> in unit <chipserdes.21>.
    Set user-defined property "INIT_Q1 =  0" for instance <iserdes_slave_imp> in unit <chipserdes.21>.
    Set user-defined property "INIT_Q2 =  0" for instance <iserdes_slave_imp> in unit <chipserdes.21>.
    Set user-defined property "INIT_Q3 =  0" for instance <iserdes_slave_imp> in unit <chipserdes.21>.
    Set user-defined property "INIT_Q4 =  0" for instance <iserdes_slave_imp> in unit <chipserdes.21>.
    Set user-defined property "INTERFACE_TYPE =  NETWORKING" for instance <iserdes_slave_imp> in unit <chipserdes.21>.
    Set user-defined property "IOBDELAY =  BOTH" for instance <iserdes_slave_imp> in unit <chipserdes.21>.
    Set user-defined property "IOBDELAY_TYPE =  VARIABLE" for instance <iserdes_slave_imp> in unit <chipserdes.21>.
    Set user-defined property "IOBDELAY_VALUE =  0" for instance <iserdes_slave_imp> in unit <chipserdes.21>.
    Set user-defined property "NUM_CE =  1" for instance <iserdes_slave_imp> in unit <chipserdes.21>.
    Set user-defined property "SERDES_MODE =  SLAVE" for instance <iserdes_slave_imp> in unit <chipserdes.21>.
    Set user-defined property "SRVAL_Q1 =  0" for instance <iserdes_slave_imp> in unit <chipserdes.21>.
    Set user-defined property "SRVAL_Q2 =  0" for instance <iserdes_slave_imp> in unit <chipserdes.21>.
    Set user-defined property "SRVAL_Q3 =  0" for instance <iserdes_slave_imp> in unit <chipserdes.21>.
    Set user-defined property "SRVAL_Q4 =  0" for instance <iserdes_slave_imp> in unit <chipserdes.21>.
Entity <chipserdes.21> analyzed. Unit <chipserdes.21> generated.

Analyzing generic Entity <chipserdes.22> in library <strip> (Architecture <rtl>).
	channel = 4
	chipid = 4
	iobdelay_value = 0
    Set user-defined property "BITSLIP_ENABLE =  TRUE" for instance <iserdes_master_imp> in unit <chipserdes.22>.
    Set user-defined property "DATA_RATE =  DDR" for instance <iserdes_master_imp> in unit <chipserdes.22>.
    Set user-defined property "DATA_WIDTH =  8" for instance <iserdes_master_imp> in unit <chipserdes.22>.
    Set user-defined property "INIT_Q1 =  0" for instance <iserdes_master_imp> in unit <chipserdes.22>.
    Set user-defined property "INIT_Q2 =  0" for instance <iserdes_master_imp> in unit <chipserdes.22>.
    Set user-defined property "INIT_Q3 =  0" for instance <iserdes_master_imp> in unit <chipserdes.22>.
    Set user-defined property "INIT_Q4 =  0" for instance <iserdes_master_imp> in unit <chipserdes.22>.
    Set user-defined property "INTERFACE_TYPE =  NETWORKING" for instance <iserdes_master_imp> in unit <chipserdes.22>.
    Set user-defined property "IOBDELAY =  BOTH" for instance <iserdes_master_imp> in unit <chipserdes.22>.
    Set user-defined property "IOBDELAY_TYPE =  VARIABLE" for instance <iserdes_master_imp> in unit <chipserdes.22>.
    Set user-defined property "IOBDELAY_VALUE =  0" for instance <iserdes_master_imp> in unit <chipserdes.22>.
    Set user-defined property "NUM_CE =  1" for instance <iserdes_master_imp> in unit <chipserdes.22>.
    Set user-defined property "SERDES_MODE =  MASTER" for instance <iserdes_master_imp> in unit <chipserdes.22>.
    Set user-defined property "SRVAL_Q1 =  0" for instance <iserdes_master_imp> in unit <chipserdes.22>.
    Set user-defined property "SRVAL_Q2 =  0" for instance <iserdes_master_imp> in unit <chipserdes.22>.
    Set user-defined property "SRVAL_Q3 =  0" for instance <iserdes_master_imp> in unit <chipserdes.22>.
    Set user-defined property "SRVAL_Q4 =  0" for instance <iserdes_master_imp> in unit <chipserdes.22>.
    Set user-defined property "BITSLIP_ENABLE =  TRUE" for instance <iserdes_slave_imp> in unit <chipserdes.22>.
    Set user-defined property "DATA_RATE =  DDR" for instance <iserdes_slave_imp> in unit <chipserdes.22>.
    Set user-defined property "DATA_WIDTH =  8" for instance <iserdes_slave_imp> in unit <chipserdes.22>.
    Set user-defined property "INIT_Q1 =  0" for instance <iserdes_slave_imp> in unit <chipserdes.22>.
    Set user-defined property "INIT_Q2 =  0" for instance <iserdes_slave_imp> in unit <chipserdes.22>.
    Set user-defined property "INIT_Q3 =  0" for instance <iserdes_slave_imp> in unit <chipserdes.22>.
    Set user-defined property "INIT_Q4 =  0" for instance <iserdes_slave_imp> in unit <chipserdes.22>.
    Set user-defined property "INTERFACE_TYPE =  NETWORKING" for instance <iserdes_slave_imp> in unit <chipserdes.22>.
    Set user-defined property "IOBDELAY =  BOTH" for instance <iserdes_slave_imp> in unit <chipserdes.22>.
    Set user-defined property "IOBDELAY_TYPE =  VARIABLE" for instance <iserdes_slave_imp> in unit <chipserdes.22>.
    Set user-defined property "IOBDELAY_VALUE =  0" for instance <iserdes_slave_imp> in unit <chipserdes.22>.
    Set user-defined property "NUM_CE =  1" for instance <iserdes_slave_imp> in unit <chipserdes.22>.
    Set user-defined property "SERDES_MODE =  SLAVE" for instance <iserdes_slave_imp> in unit <chipserdes.22>.
    Set user-defined property "SRVAL_Q1 =  0" for instance <iserdes_slave_imp> in unit <chipserdes.22>.
    Set user-defined property "SRVAL_Q2 =  0" for instance <iserdes_slave_imp> in unit <chipserdes.22>.
    Set user-defined property "SRVAL_Q3 =  0" for instance <iserdes_slave_imp> in unit <chipserdes.22>.
    Set user-defined property "SRVAL_Q4 =  0" for instance <iserdes_slave_imp> in unit <chipserdes.22>.
Entity <chipserdes.22> analyzed. Unit <chipserdes.22> generated.

Analyzing generic Entity <chipserdes.23> in library <strip> (Architecture <rtl>).
	channel = 4
	chipid = 3
	iobdelay_value = 0
    Set user-defined property "BITSLIP_ENABLE =  TRUE" for instance <iserdes_master_imp> in unit <chipserdes.23>.
    Set user-defined property "DATA_RATE =  DDR" for instance <iserdes_master_imp> in unit <chipserdes.23>.
    Set user-defined property "DATA_WIDTH =  8" for instance <iserdes_master_imp> in unit <chipserdes.23>.
    Set user-defined property "INIT_Q1 =  0" for instance <iserdes_master_imp> in unit <chipserdes.23>.
    Set user-defined property "INIT_Q2 =  0" for instance <iserdes_master_imp> in unit <chipserdes.23>.
    Set user-defined property "INIT_Q3 =  0" for instance <iserdes_master_imp> in unit <chipserdes.23>.
    Set user-defined property "INIT_Q4 =  0" for instance <iserdes_master_imp> in unit <chipserdes.23>.
    Set user-defined property "INTERFACE_TYPE =  NETWORKING" for instance <iserdes_master_imp> in unit <chipserdes.23>.
    Set user-defined property "IOBDELAY =  BOTH" for instance <iserdes_master_imp> in unit <chipserdes.23>.
    Set user-defined property "IOBDELAY_TYPE =  VARIABLE" for instance <iserdes_master_imp> in unit <chipserdes.23>.
    Set user-defined property "IOBDELAY_VALUE =  0" for instance <iserdes_master_imp> in unit <chipserdes.23>.
    Set user-defined property "NUM_CE =  1" for instance <iserdes_master_imp> in unit <chipserdes.23>.
    Set user-defined property "SERDES_MODE =  MASTER" for instance <iserdes_master_imp> in unit <chipserdes.23>.
    Set user-defined property "SRVAL_Q1 =  0" for instance <iserdes_master_imp> in unit <chipserdes.23>.
    Set user-defined property "SRVAL_Q2 =  0" for instance <iserdes_master_imp> in unit <chipserdes.23>.
    Set user-defined property "SRVAL_Q3 =  0" for instance <iserdes_master_imp> in unit <chipserdes.23>.
    Set user-defined property "SRVAL_Q4 =  0" for instance <iserdes_master_imp> in unit <chipserdes.23>.
    Set user-defined property "BITSLIP_ENABLE =  TRUE" for instance <iserdes_slave_imp> in unit <chipserdes.23>.
    Set user-defined property "DATA_RATE =  DDR" for instance <iserdes_slave_imp> in unit <chipserdes.23>.
    Set user-defined property "DATA_WIDTH =  8" for instance <iserdes_slave_imp> in unit <chipserdes.23>.
    Set user-defined property "INIT_Q1 =  0" for instance <iserdes_slave_imp> in unit <chipserdes.23>.
    Set user-defined property "INIT_Q2 =  0" for instance <iserdes_slave_imp> in unit <chipserdes.23>.
    Set user-defined property "INIT_Q3 =  0" for instance <iserdes_slave_imp> in unit <chipserdes.23>.
    Set user-defined property "INIT_Q4 =  0" for instance <iserdes_slave_imp> in unit <chipserdes.23>.
    Set user-defined property "INTERFACE_TYPE =  NETWORKING" for instance <iserdes_slave_imp> in unit <chipserdes.23>.
    Set user-defined property "IOBDELAY =  BOTH" for instance <iserdes_slave_imp> in unit <chipserdes.23>.
    Set user-defined property "IOBDELAY_TYPE =  VARIABLE" for instance <iserdes_slave_imp> in unit <chipserdes.23>.
    Set user-defined property "IOBDELAY_VALUE =  0" for instance <iserdes_slave_imp> in unit <chipserdes.23>.
    Set user-defined property "NUM_CE =  1" for instance <iserdes_slave_imp> in unit <chipserdes.23>.
    Set user-defined property "SERDES_MODE =  SLAVE" for instance <iserdes_slave_imp> in unit <chipserdes.23>.
    Set user-defined property "SRVAL_Q1 =  0" for instance <iserdes_slave_imp> in unit <chipserdes.23>.
    Set user-defined property "SRVAL_Q2 =  0" for instance <iserdes_slave_imp> in unit <chipserdes.23>.
    Set user-defined property "SRVAL_Q3 =  0" for instance <iserdes_slave_imp> in unit <chipserdes.23>.
    Set user-defined property "SRVAL_Q4 =  0" for instance <iserdes_slave_imp> in unit <chipserdes.23>.
Entity <chipserdes.23> analyzed. Unit <chipserdes.23> generated.

Analyzing generic Entity <chipserdes.24> in library <strip> (Architecture <rtl>).
	channel = 4
	chipid = 2
	iobdelay_value = 0
    Set user-defined property "BITSLIP_ENABLE =  TRUE" for instance <iserdes_master_imp> in unit <chipserdes.24>.
    Set user-defined property "DATA_RATE =  DDR" for instance <iserdes_master_imp> in unit <chipserdes.24>.
    Set user-defined property "DATA_WIDTH =  8" for instance <iserdes_master_imp> in unit <chipserdes.24>.
    Set user-defined property "INIT_Q1 =  0" for instance <iserdes_master_imp> in unit <chipserdes.24>.
    Set user-defined property "INIT_Q2 =  0" for instance <iserdes_master_imp> in unit <chipserdes.24>.
    Set user-defined property "INIT_Q3 =  0" for instance <iserdes_master_imp> in unit <chipserdes.24>.
    Set user-defined property "INIT_Q4 =  0" for instance <iserdes_master_imp> in unit <chipserdes.24>.
    Set user-defined property "INTERFACE_TYPE =  NETWORKING" for instance <iserdes_master_imp> in unit <chipserdes.24>.
    Set user-defined property "IOBDELAY =  BOTH" for instance <iserdes_master_imp> in unit <chipserdes.24>.
    Set user-defined property "IOBDELAY_TYPE =  VARIABLE" for instance <iserdes_master_imp> in unit <chipserdes.24>.
    Set user-defined property "IOBDELAY_VALUE =  0" for instance <iserdes_master_imp> in unit <chipserdes.24>.
    Set user-defined property "NUM_CE =  1" for instance <iserdes_master_imp> in unit <chipserdes.24>.
    Set user-defined property "SERDES_MODE =  MASTER" for instance <iserdes_master_imp> in unit <chipserdes.24>.
    Set user-defined property "SRVAL_Q1 =  0" for instance <iserdes_master_imp> in unit <chipserdes.24>.
    Set user-defined property "SRVAL_Q2 =  0" for instance <iserdes_master_imp> in unit <chipserdes.24>.
    Set user-defined property "SRVAL_Q3 =  0" for instance <iserdes_master_imp> in unit <chipserdes.24>.
    Set user-defined property "SRVAL_Q4 =  0" for instance <iserdes_master_imp> in unit <chipserdes.24>.
    Set user-defined property "BITSLIP_ENABLE =  TRUE" for instance <iserdes_slave_imp> in unit <chipserdes.24>.
    Set user-defined property "DATA_RATE =  DDR" for instance <iserdes_slave_imp> in unit <chipserdes.24>.
    Set user-defined property "DATA_WIDTH =  8" for instance <iserdes_slave_imp> in unit <chipserdes.24>.
    Set user-defined property "INIT_Q1 =  0" for instance <iserdes_slave_imp> in unit <chipserdes.24>.
    Set user-defined property "INIT_Q2 =  0" for instance <iserdes_slave_imp> in unit <chipserdes.24>.
    Set user-defined property "INIT_Q3 =  0" for instance <iserdes_slave_imp> in unit <chipserdes.24>.
    Set user-defined property "INIT_Q4 =  0" for instance <iserdes_slave_imp> in unit <chipserdes.24>.
    Set user-defined property "INTERFACE_TYPE =  NETWORKING" for instance <iserdes_slave_imp> in unit <chipserdes.24>.
    Set user-defined property "IOBDELAY =  BOTH" for instance <iserdes_slave_imp> in unit <chipserdes.24>.
    Set user-defined property "IOBDELAY_TYPE =  VARIABLE" for instance <iserdes_slave_imp> in unit <chipserdes.24>.
    Set user-defined property "IOBDELAY_VALUE =  0" for instance <iserdes_slave_imp> in unit <chipserdes.24>.
    Set user-defined property "NUM_CE =  1" for instance <iserdes_slave_imp> in unit <chipserdes.24>.
    Set user-defined property "SERDES_MODE =  SLAVE" for instance <iserdes_slave_imp> in unit <chipserdes.24>.
    Set user-defined property "SRVAL_Q1 =  0" for instance <iserdes_slave_imp> in unit <chipserdes.24>.
    Set user-defined property "SRVAL_Q2 =  0" for instance <iserdes_slave_imp> in unit <chipserdes.24>.
    Set user-defined property "SRVAL_Q3 =  0" for instance <iserdes_slave_imp> in unit <chipserdes.24>.
    Set user-defined property "SRVAL_Q4 =  0" for instance <iserdes_slave_imp> in unit <chipserdes.24>.
Entity <chipserdes.24> analyzed. Unit <chipserdes.24> generated.

Analyzing generic Entity <chipserdes.25> in library <strip> (Architecture <rtl>).
	channel = 4
	chipid = 1
	iobdelay_value = 0
    Set user-defined property "BITSLIP_ENABLE =  TRUE" for instance <iserdes_master_imp> in unit <chipserdes.25>.
    Set user-defined property "DATA_RATE =  DDR" for instance <iserdes_master_imp> in unit <chipserdes.25>.
    Set user-defined property "DATA_WIDTH =  8" for instance <iserdes_master_imp> in unit <chipserdes.25>.
    Set user-defined property "INIT_Q1 =  0" for instance <iserdes_master_imp> in unit <chipserdes.25>.
    Set user-defined property "INIT_Q2 =  0" for instance <iserdes_master_imp> in unit <chipserdes.25>.
    Set user-defined property "INIT_Q3 =  0" for instance <iserdes_master_imp> in unit <chipserdes.25>.
    Set user-defined property "INIT_Q4 =  0" for instance <iserdes_master_imp> in unit <chipserdes.25>.
    Set user-defined property "INTERFACE_TYPE =  NETWORKING" for instance <iserdes_master_imp> in unit <chipserdes.25>.
    Set user-defined property "IOBDELAY =  BOTH" for instance <iserdes_master_imp> in unit <chipserdes.25>.
    Set user-defined property "IOBDELAY_TYPE =  VARIABLE" for instance <iserdes_master_imp> in unit <chipserdes.25>.
    Set user-defined property "IOBDELAY_VALUE =  0" for instance <iserdes_master_imp> in unit <chipserdes.25>.
    Set user-defined property "NUM_CE =  1" for instance <iserdes_master_imp> in unit <chipserdes.25>.
    Set user-defined property "SERDES_MODE =  MASTER" for instance <iserdes_master_imp> in unit <chipserdes.25>.
    Set user-defined property "SRVAL_Q1 =  0" for instance <iserdes_master_imp> in unit <chipserdes.25>.
    Set user-defined property "SRVAL_Q2 =  0" for instance <iserdes_master_imp> in unit <chipserdes.25>.
    Set user-defined property "SRVAL_Q3 =  0" for instance <iserdes_master_imp> in unit <chipserdes.25>.
    Set user-defined property "SRVAL_Q4 =  0" for instance <iserdes_master_imp> in unit <chipserdes.25>.
    Set user-defined property "BITSLIP_ENABLE =  TRUE" for instance <iserdes_slave_imp> in unit <chipserdes.25>.
    Set user-defined property "DATA_RATE =  DDR" for instance <iserdes_slave_imp> in unit <chipserdes.25>.
    Set user-defined property "DATA_WIDTH =  8" for instance <iserdes_slave_imp> in unit <chipserdes.25>.
    Set user-defined property "INIT_Q1 =  0" for instance <iserdes_slave_imp> in unit <chipserdes.25>.
    Set user-defined property "INIT_Q2 =  0" for instance <iserdes_slave_imp> in unit <chipserdes.25>.
    Set user-defined property "INIT_Q3 =  0" for instance <iserdes_slave_imp> in unit <chipserdes.25>.
    Set user-defined property "INIT_Q4 =  0" for instance <iserdes_slave_imp> in unit <chipserdes.25>.
    Set user-defined property "INTERFACE_TYPE =  NETWORKING" for instance <iserdes_slave_imp> in unit <chipserdes.25>.
    Set user-defined property "IOBDELAY =  BOTH" for instance <iserdes_slave_imp> in unit <chipserdes.25>.
    Set user-defined property "IOBDELAY_TYPE =  VARIABLE" for instance <iserdes_slave_imp> in unit <chipserdes.25>.
    Set user-defined property "IOBDELAY_VALUE =  0" for instance <iserdes_slave_imp> in unit <chipserdes.25>.
    Set user-defined property "NUM_CE =  1" for instance <iserdes_slave_imp> in unit <chipserdes.25>.
    Set user-defined property "SERDES_MODE =  SLAVE" for instance <iserdes_slave_imp> in unit <chipserdes.25>.
    Set user-defined property "SRVAL_Q1 =  0" for instance <iserdes_slave_imp> in unit <chipserdes.25>.
    Set user-defined property "SRVAL_Q2 =  0" for instance <iserdes_slave_imp> in unit <chipserdes.25>.
    Set user-defined property "SRVAL_Q3 =  0" for instance <iserdes_slave_imp> in unit <chipserdes.25>.
    Set user-defined property "SRVAL_Q4 =  0" for instance <iserdes_slave_imp> in unit <chipserdes.25>.
Entity <chipserdes.25> analyzed. Unit <chipserdes.25> generated.

Analyzing generic Entity <chipserdes.26> in library <strip> (Architecture <rtl>).
	channel = 5
	chipid = 5
	iobdelay_value = 0
    Set user-defined property "BITSLIP_ENABLE =  TRUE" for instance <iserdes_master_imp> in unit <chipserdes.26>.
    Set user-defined property "DATA_RATE =  DDR" for instance <iserdes_master_imp> in unit <chipserdes.26>.
    Set user-defined property "DATA_WIDTH =  8" for instance <iserdes_master_imp> in unit <chipserdes.26>.
    Set user-defined property "INIT_Q1 =  0" for instance <iserdes_master_imp> in unit <chipserdes.26>.
    Set user-defined property "INIT_Q2 =  0" for instance <iserdes_master_imp> in unit <chipserdes.26>.
    Set user-defined property "INIT_Q3 =  0" for instance <iserdes_master_imp> in unit <chipserdes.26>.
    Set user-defined property "INIT_Q4 =  0" for instance <iserdes_master_imp> in unit <chipserdes.26>.
    Set user-defined property "INTERFACE_TYPE =  NETWORKING" for instance <iserdes_master_imp> in unit <chipserdes.26>.
    Set user-defined property "IOBDELAY =  BOTH" for instance <iserdes_master_imp> in unit <chipserdes.26>.
    Set user-defined property "IOBDELAY_TYPE =  VARIABLE" for instance <iserdes_master_imp> in unit <chipserdes.26>.
    Set user-defined property "IOBDELAY_VALUE =  0" for instance <iserdes_master_imp> in unit <chipserdes.26>.
    Set user-defined property "NUM_CE =  1" for instance <iserdes_master_imp> in unit <chipserdes.26>.
    Set user-defined property "SERDES_MODE =  MASTER" for instance <iserdes_master_imp> in unit <chipserdes.26>.
    Set user-defined property "SRVAL_Q1 =  0" for instance <iserdes_master_imp> in unit <chipserdes.26>.
    Set user-defined property "SRVAL_Q2 =  0" for instance <iserdes_master_imp> in unit <chipserdes.26>.
    Set user-defined property "SRVAL_Q3 =  0" for instance <iserdes_master_imp> in unit <chipserdes.26>.
    Set user-defined property "SRVAL_Q4 =  0" for instance <iserdes_master_imp> in unit <chipserdes.26>.
    Set user-defined property "BITSLIP_ENABLE =  TRUE" for instance <iserdes_slave_imp> in unit <chipserdes.26>.
    Set user-defined property "DATA_RATE =  DDR" for instance <iserdes_slave_imp> in unit <chipserdes.26>.
    Set user-defined property "DATA_WIDTH =  8" for instance <iserdes_slave_imp> in unit <chipserdes.26>.
    Set user-defined property "INIT_Q1 =  0" for instance <iserdes_slave_imp> in unit <chipserdes.26>.
    Set user-defined property "INIT_Q2 =  0" for instance <iserdes_slave_imp> in unit <chipserdes.26>.
    Set user-defined property "INIT_Q3 =  0" for instance <iserdes_slave_imp> in unit <chipserdes.26>.
    Set user-defined property "INIT_Q4 =  0" for instance <iserdes_slave_imp> in unit <chipserdes.26>.
    Set user-defined property "INTERFACE_TYPE =  NETWORKING" for instance <iserdes_slave_imp> in unit <chipserdes.26>.
    Set user-defined property "IOBDELAY =  BOTH" for instance <iserdes_slave_imp> in unit <chipserdes.26>.
    Set user-defined property "IOBDELAY_TYPE =  VARIABLE" for instance <iserdes_slave_imp> in unit <chipserdes.26>.
    Set user-defined property "IOBDELAY_VALUE =  0" for instance <iserdes_slave_imp> in unit <chipserdes.26>.
    Set user-defined property "NUM_CE =  1" for instance <iserdes_slave_imp> in unit <chipserdes.26>.
    Set user-defined property "SERDES_MODE =  SLAVE" for instance <iserdes_slave_imp> in unit <chipserdes.26>.
    Set user-defined property "SRVAL_Q1 =  0" for instance <iserdes_slave_imp> in unit <chipserdes.26>.
    Set user-defined property "SRVAL_Q2 =  0" for instance <iserdes_slave_imp> in unit <chipserdes.26>.
    Set user-defined property "SRVAL_Q3 =  0" for instance <iserdes_slave_imp> in unit <chipserdes.26>.
    Set user-defined property "SRVAL_Q4 =  0" for instance <iserdes_slave_imp> in unit <chipserdes.26>.
Entity <chipserdes.26> analyzed. Unit <chipserdes.26> generated.

Analyzing generic Entity <chipserdes.27> in library <strip> (Architecture <rtl>).
	channel = 5
	chipid = 4
	iobdelay_value = 0
    Set user-defined property "BITSLIP_ENABLE =  TRUE" for instance <iserdes_master_imp> in unit <chipserdes.27>.
    Set user-defined property "DATA_RATE =  DDR" for instance <iserdes_master_imp> in unit <chipserdes.27>.
    Set user-defined property "DATA_WIDTH =  8" for instance <iserdes_master_imp> in unit <chipserdes.27>.
    Set user-defined property "INIT_Q1 =  0" for instance <iserdes_master_imp> in unit <chipserdes.27>.
    Set user-defined property "INIT_Q2 =  0" for instance <iserdes_master_imp> in unit <chipserdes.27>.
    Set user-defined property "INIT_Q3 =  0" for instance <iserdes_master_imp> in unit <chipserdes.27>.
    Set user-defined property "INIT_Q4 =  0" for instance <iserdes_master_imp> in unit <chipserdes.27>.
    Set user-defined property "INTERFACE_TYPE =  NETWORKING" for instance <iserdes_master_imp> in unit <chipserdes.27>.
    Set user-defined property "IOBDELAY =  BOTH" for instance <iserdes_master_imp> in unit <chipserdes.27>.
    Set user-defined property "IOBDELAY_TYPE =  VARIABLE" for instance <iserdes_master_imp> in unit <chipserdes.27>.
    Set user-defined property "IOBDELAY_VALUE =  0" for instance <iserdes_master_imp> in unit <chipserdes.27>.
    Set user-defined property "NUM_CE =  1" for instance <iserdes_master_imp> in unit <chipserdes.27>.
    Set user-defined property "SERDES_MODE =  MASTER" for instance <iserdes_master_imp> in unit <chipserdes.27>.
    Set user-defined property "SRVAL_Q1 =  0" for instance <iserdes_master_imp> in unit <chipserdes.27>.
    Set user-defined property "SRVAL_Q2 =  0" for instance <iserdes_master_imp> in unit <chipserdes.27>.
    Set user-defined property "SRVAL_Q3 =  0" for instance <iserdes_master_imp> in unit <chipserdes.27>.
    Set user-defined property "SRVAL_Q4 =  0" for instance <iserdes_master_imp> in unit <chipserdes.27>.
    Set user-defined property "BITSLIP_ENABLE =  TRUE" for instance <iserdes_slave_imp> in unit <chipserdes.27>.
    Set user-defined property "DATA_RATE =  DDR" for instance <iserdes_slave_imp> in unit <chipserdes.27>.
    Set user-defined property "DATA_WIDTH =  8" for instance <iserdes_slave_imp> in unit <chipserdes.27>.
    Set user-defined property "INIT_Q1 =  0" for instance <iserdes_slave_imp> in unit <chipserdes.27>.
    Set user-defined property "INIT_Q2 =  0" for instance <iserdes_slave_imp> in unit <chipserdes.27>.
    Set user-defined property "INIT_Q3 =  0" for instance <iserdes_slave_imp> in unit <chipserdes.27>.
    Set user-defined property "INIT_Q4 =  0" for instance <iserdes_slave_imp> in unit <chipserdes.27>.
    Set user-defined property "INTERFACE_TYPE =  NETWORKING" for instance <iserdes_slave_imp> in unit <chipserdes.27>.
    Set user-defined property "IOBDELAY =  BOTH" for instance <iserdes_slave_imp> in unit <chipserdes.27>.
    Set user-defined property "IOBDELAY_TYPE =  VARIABLE" for instance <iserdes_slave_imp> in unit <chipserdes.27>.
    Set user-defined property "IOBDELAY_VALUE =  0" for instance <iserdes_slave_imp> in unit <chipserdes.27>.
    Set user-defined property "NUM_CE =  1" for instance <iserdes_slave_imp> in unit <chipserdes.27>.
    Set user-defined property "SERDES_MODE =  SLAVE" for instance <iserdes_slave_imp> in unit <chipserdes.27>.
    Set user-defined property "SRVAL_Q1 =  0" for instance <iserdes_slave_imp> in unit <chipserdes.27>.
    Set user-defined property "SRVAL_Q2 =  0" for instance <iserdes_slave_imp> in unit <chipserdes.27>.
    Set user-defined property "SRVAL_Q3 =  0" for instance <iserdes_slave_imp> in unit <chipserdes.27>.
    Set user-defined property "SRVAL_Q4 =  0" for instance <iserdes_slave_imp> in unit <chipserdes.27>.
Entity <chipserdes.27> analyzed. Unit <chipserdes.27> generated.

Analyzing generic Entity <chipserdes.28> in library <strip> (Architecture <rtl>).
	channel = 5
	chipid = 3
	iobdelay_value = 0
    Set user-defined property "BITSLIP_ENABLE =  TRUE" for instance <iserdes_master_imp> in unit <chipserdes.28>.
    Set user-defined property "DATA_RATE =  DDR" for instance <iserdes_master_imp> in unit <chipserdes.28>.
    Set user-defined property "DATA_WIDTH =  8" for instance <iserdes_master_imp> in unit <chipserdes.28>.
    Set user-defined property "INIT_Q1 =  0" for instance <iserdes_master_imp> in unit <chipserdes.28>.
    Set user-defined property "INIT_Q2 =  0" for instance <iserdes_master_imp> in unit <chipserdes.28>.
    Set user-defined property "INIT_Q3 =  0" for instance <iserdes_master_imp> in unit <chipserdes.28>.
    Set user-defined property "INIT_Q4 =  0" for instance <iserdes_master_imp> in unit <chipserdes.28>.
    Set user-defined property "INTERFACE_TYPE =  NETWORKING" for instance <iserdes_master_imp> in unit <chipserdes.28>.
    Set user-defined property "IOBDELAY =  BOTH" for instance <iserdes_master_imp> in unit <chipserdes.28>.
    Set user-defined property "IOBDELAY_TYPE =  VARIABLE" for instance <iserdes_master_imp> in unit <chipserdes.28>.
    Set user-defined property "IOBDELAY_VALUE =  0" for instance <iserdes_master_imp> in unit <chipserdes.28>.
    Set user-defined property "NUM_CE =  1" for instance <iserdes_master_imp> in unit <chipserdes.28>.
    Set user-defined property "SERDES_MODE =  MASTER" for instance <iserdes_master_imp> in unit <chipserdes.28>.
    Set user-defined property "SRVAL_Q1 =  0" for instance <iserdes_master_imp> in unit <chipserdes.28>.
    Set user-defined property "SRVAL_Q2 =  0" for instance <iserdes_master_imp> in unit <chipserdes.28>.
    Set user-defined property "SRVAL_Q3 =  0" for instance <iserdes_master_imp> in unit <chipserdes.28>.
    Set user-defined property "SRVAL_Q4 =  0" for instance <iserdes_master_imp> in unit <chipserdes.28>.
    Set user-defined property "BITSLIP_ENABLE =  TRUE" for instance <iserdes_slave_imp> in unit <chipserdes.28>.
    Set user-defined property "DATA_RATE =  DDR" for instance <iserdes_slave_imp> in unit <chipserdes.28>.
    Set user-defined property "DATA_WIDTH =  8" for instance <iserdes_slave_imp> in unit <chipserdes.28>.
    Set user-defined property "INIT_Q1 =  0" for instance <iserdes_slave_imp> in unit <chipserdes.28>.
    Set user-defined property "INIT_Q2 =  0" for instance <iserdes_slave_imp> in unit <chipserdes.28>.
    Set user-defined property "INIT_Q3 =  0" for instance <iserdes_slave_imp> in unit <chipserdes.28>.
    Set user-defined property "INIT_Q4 =  0" for instance <iserdes_slave_imp> in unit <chipserdes.28>.
    Set user-defined property "INTERFACE_TYPE =  NETWORKING" for instance <iserdes_slave_imp> in unit <chipserdes.28>.
    Set user-defined property "IOBDELAY =  BOTH" for instance <iserdes_slave_imp> in unit <chipserdes.28>.
    Set user-defined property "IOBDELAY_TYPE =  VARIABLE" for instance <iserdes_slave_imp> in unit <chipserdes.28>.
    Set user-defined property "IOBDELAY_VALUE =  0" for instance <iserdes_slave_imp> in unit <chipserdes.28>.
    Set user-defined property "NUM_CE =  1" for instance <iserdes_slave_imp> in unit <chipserdes.28>.
    Set user-defined property "SERDES_MODE =  SLAVE" for instance <iserdes_slave_imp> in unit <chipserdes.28>.
    Set user-defined property "SRVAL_Q1 =  0" for instance <iserdes_slave_imp> in unit <chipserdes.28>.
    Set user-defined property "SRVAL_Q2 =  0" for instance <iserdes_slave_imp> in unit <chipserdes.28>.
    Set user-defined property "SRVAL_Q3 =  0" for instance <iserdes_slave_imp> in unit <chipserdes.28>.
    Set user-defined property "SRVAL_Q4 =  0" for instance <iserdes_slave_imp> in unit <chipserdes.28>.
Entity <chipserdes.28> analyzed. Unit <chipserdes.28> generated.

Analyzing generic Entity <chipserdes.29> in library <strip> (Architecture <rtl>).
	channel = 5
	chipid = 2
	iobdelay_value = 0
    Set user-defined property "BITSLIP_ENABLE =  TRUE" for instance <iserdes_master_imp> in unit <chipserdes.29>.
    Set user-defined property "DATA_RATE =  DDR" for instance <iserdes_master_imp> in unit <chipserdes.29>.
    Set user-defined property "DATA_WIDTH =  8" for instance <iserdes_master_imp> in unit <chipserdes.29>.
    Set user-defined property "INIT_Q1 =  0" for instance <iserdes_master_imp> in unit <chipserdes.29>.
    Set user-defined property "INIT_Q2 =  0" for instance <iserdes_master_imp> in unit <chipserdes.29>.
    Set user-defined property "INIT_Q3 =  0" for instance <iserdes_master_imp> in unit <chipserdes.29>.
    Set user-defined property "INIT_Q4 =  0" for instance <iserdes_master_imp> in unit <chipserdes.29>.
    Set user-defined property "INTERFACE_TYPE =  NETWORKING" for instance <iserdes_master_imp> in unit <chipserdes.29>.
    Set user-defined property "IOBDELAY =  BOTH" for instance <iserdes_master_imp> in unit <chipserdes.29>.
    Set user-defined property "IOBDELAY_TYPE =  VARIABLE" for instance <iserdes_master_imp> in unit <chipserdes.29>.
    Set user-defined property "IOBDELAY_VALUE =  0" for instance <iserdes_master_imp> in unit <chipserdes.29>.
    Set user-defined property "NUM_CE =  1" for instance <iserdes_master_imp> in unit <chipserdes.29>.
    Set user-defined property "SERDES_MODE =  MASTER" for instance <iserdes_master_imp> in unit <chipserdes.29>.
    Set user-defined property "SRVAL_Q1 =  0" for instance <iserdes_master_imp> in unit <chipserdes.29>.
    Set user-defined property "SRVAL_Q2 =  0" for instance <iserdes_master_imp> in unit <chipserdes.29>.
    Set user-defined property "SRVAL_Q3 =  0" for instance <iserdes_master_imp> in unit <chipserdes.29>.
    Set user-defined property "SRVAL_Q4 =  0" for instance <iserdes_master_imp> in unit <chipserdes.29>.
    Set user-defined property "BITSLIP_ENABLE =  TRUE" for instance <iserdes_slave_imp> in unit <chipserdes.29>.
    Set user-defined property "DATA_RATE =  DDR" for instance <iserdes_slave_imp> in unit <chipserdes.29>.
    Set user-defined property "DATA_WIDTH =  8" for instance <iserdes_slave_imp> in unit <chipserdes.29>.
    Set user-defined property "INIT_Q1 =  0" for instance <iserdes_slave_imp> in unit <chipserdes.29>.
    Set user-defined property "INIT_Q2 =  0" for instance <iserdes_slave_imp> in unit <chipserdes.29>.
    Set user-defined property "INIT_Q3 =  0" for instance <iserdes_slave_imp> in unit <chipserdes.29>.
    Set user-defined property "INIT_Q4 =  0" for instance <iserdes_slave_imp> in unit <chipserdes.29>.
    Set user-defined property "INTERFACE_TYPE =  NETWORKING" for instance <iserdes_slave_imp> in unit <chipserdes.29>.
    Set user-defined property "IOBDELAY =  BOTH" for instance <iserdes_slave_imp> in unit <chipserdes.29>.
    Set user-defined property "IOBDELAY_TYPE =  VARIABLE" for instance <iserdes_slave_imp> in unit <chipserdes.29>.
    Set user-defined property "IOBDELAY_VALUE =  0" for instance <iserdes_slave_imp> in unit <chipserdes.29>.
    Set user-defined property "NUM_CE =  1" for instance <iserdes_slave_imp> in unit <chipserdes.29>.
    Set user-defined property "SERDES_MODE =  SLAVE" for instance <iserdes_slave_imp> in unit <chipserdes.29>.
    Set user-defined property "SRVAL_Q1 =  0" for instance <iserdes_slave_imp> in unit <chipserdes.29>.
    Set user-defined property "SRVAL_Q2 =  0" for instance <iserdes_slave_imp> in unit <chipserdes.29>.
    Set user-defined property "SRVAL_Q3 =  0" for instance <iserdes_slave_imp> in unit <chipserdes.29>.
    Set user-defined property "SRVAL_Q4 =  0" for instance <iserdes_slave_imp> in unit <chipserdes.29>.
Entity <chipserdes.29> analyzed. Unit <chipserdes.29> generated.

Analyzing generic Entity <chipserdes.30> in library <strip> (Architecture <rtl>).
	channel = 5
	chipid = 1
	iobdelay_value = 0
    Set user-defined property "BITSLIP_ENABLE =  TRUE" for instance <iserdes_master_imp> in unit <chipserdes.30>.
    Set user-defined property "DATA_RATE =  DDR" for instance <iserdes_master_imp> in unit <chipserdes.30>.
    Set user-defined property "DATA_WIDTH =  8" for instance <iserdes_master_imp> in unit <chipserdes.30>.
    Set user-defined property "INIT_Q1 =  0" for instance <iserdes_master_imp> in unit <chipserdes.30>.
    Set user-defined property "INIT_Q2 =  0" for instance <iserdes_master_imp> in unit <chipserdes.30>.
    Set user-defined property "INIT_Q3 =  0" for instance <iserdes_master_imp> in unit <chipserdes.30>.
    Set user-defined property "INIT_Q4 =  0" for instance <iserdes_master_imp> in unit <chipserdes.30>.
    Set user-defined property "INTERFACE_TYPE =  NETWORKING" for instance <iserdes_master_imp> in unit <chipserdes.30>.
    Set user-defined property "IOBDELAY =  BOTH" for instance <iserdes_master_imp> in unit <chipserdes.30>.
    Set user-defined property "IOBDELAY_TYPE =  VARIABLE" for instance <iserdes_master_imp> in unit <chipserdes.30>.
    Set user-defined property "IOBDELAY_VALUE =  0" for instance <iserdes_master_imp> in unit <chipserdes.30>.
    Set user-defined property "NUM_CE =  1" for instance <iserdes_master_imp> in unit <chipserdes.30>.
    Set user-defined property "SERDES_MODE =  MASTER" for instance <iserdes_master_imp> in unit <chipserdes.30>.
    Set user-defined property "SRVAL_Q1 =  0" for instance <iserdes_master_imp> in unit <chipserdes.30>.
    Set user-defined property "SRVAL_Q2 =  0" for instance <iserdes_master_imp> in unit <chipserdes.30>.
    Set user-defined property "SRVAL_Q3 =  0" for instance <iserdes_master_imp> in unit <chipserdes.30>.
    Set user-defined property "SRVAL_Q4 =  0" for instance <iserdes_master_imp> in unit <chipserdes.30>.
    Set user-defined property "BITSLIP_ENABLE =  TRUE" for instance <iserdes_slave_imp> in unit <chipserdes.30>.
    Set user-defined property "DATA_RATE =  DDR" for instance <iserdes_slave_imp> in unit <chipserdes.30>.
    Set user-defined property "DATA_WIDTH =  8" for instance <iserdes_slave_imp> in unit <chipserdes.30>.
    Set user-defined property "INIT_Q1 =  0" for instance <iserdes_slave_imp> in unit <chipserdes.30>.
    Set user-defined property "INIT_Q2 =  0" for instance <iserdes_slave_imp> in unit <chipserdes.30>.
    Set user-defined property "INIT_Q3 =  0" for instance <iserdes_slave_imp> in unit <chipserdes.30>.
    Set user-defined property "INIT_Q4 =  0" for instance <iserdes_slave_imp> in unit <chipserdes.30>.
    Set user-defined property "INTERFACE_TYPE =  NETWORKING" for instance <iserdes_slave_imp> in unit <chipserdes.30>.
    Set user-defined property "IOBDELAY =  BOTH" for instance <iserdes_slave_imp> in unit <chipserdes.30>.
    Set user-defined property "IOBDELAY_TYPE =  VARIABLE" for instance <iserdes_slave_imp> in unit <chipserdes.30>.
    Set user-defined property "IOBDELAY_VALUE =  0" for instance <iserdes_slave_imp> in unit <chipserdes.30>.
    Set user-defined property "NUM_CE =  1" for instance <iserdes_slave_imp> in unit <chipserdes.30>.
    Set user-defined property "SERDES_MODE =  SLAVE" for instance <iserdes_slave_imp> in unit <chipserdes.30>.
    Set user-defined property "SRVAL_Q1 =  0" for instance <iserdes_slave_imp> in unit <chipserdes.30>.
    Set user-defined property "SRVAL_Q2 =  0" for instance <iserdes_slave_imp> in unit <chipserdes.30>.
    Set user-defined property "SRVAL_Q3 =  0" for instance <iserdes_slave_imp> in unit <chipserdes.30>.
    Set user-defined property "SRVAL_Q4 =  0" for instance <iserdes_slave_imp> in unit <chipserdes.30>.
Entity <chipserdes.30> analyzed. Unit <chipserdes.30> generated.

Analyzing generic Entity <trigprim.1> in library <strip> (Architecture <behavioral>).
	datatype = "11111000"
WARNING:Xst:2211 - "/home/rrivera/ots/srcs/otsdaq-firmware/cactus/projects/ftbf/stib_slave_ots/strip/trigprim.vhd" line 96: Instantiating black box module <chip_fifo>.
Entity <trigprim.1> analyzed. Unit <trigprim.1> generated.

Analyzing generic Entity <trigprim.2> in library <strip> (Architecture <behavioral>).
	datatype = "11101000"
WARNING:Xst:2211 - "/home/rrivera/ots/srcs/otsdaq-firmware/cactus/projects/ftbf/stib_slave_ots/strip/trigprim.vhd" line 96: Instantiating black box module <chip_fifo>.
Entity <trigprim.2> analyzed. Unit <trigprim.2> generated.

Analyzing generic Entity <trigprim.3> in library <strip> (Architecture <behavioral>).
	datatype = "11011000"
WARNING:Xst:2211 - "/home/rrivera/ots/srcs/otsdaq-firmware/cactus/projects/ftbf/stib_slave_ots/strip/trigprim.vhd" line 96: Instantiating black box module <chip_fifo>.
Entity <trigprim.3> analyzed. Unit <trigprim.3> generated.

Analyzing generic Entity <trigprim.4> in library <strip> (Architecture <behavioral>).
	datatype = "11001000"
WARNING:Xst:2211 - "/home/rrivera/ots/srcs/otsdaq-firmware/cactus/projects/ftbf/stib_slave_ots/strip/trigprim.vhd" line 96: Instantiating black box module <chip_fifo>.
Entity <trigprim.4> analyzed. Unit <trigprim.4> generated.

Analyzing Entity <trigproc> in library <strip> (Architecture <behavioral>).
WARNING:Xst:2211 - "/home/rrivera/ots/srcs/otsdaq-firmware/cactus/projects/ftbf/stib_slave_ots/strip/trigproc.vhd" line 92: Instantiating black box module <chip_fifo>.
WARNING:Xst:2211 - "/home/rrivera/ots/srcs/otsdaq-firmware/cactus/projects/ftbf/stib_slave_ots/strip/trigproc.vhd" line 105: Instantiating black box module <trigcounter>.
INFO:Xst:2679 - Register <dout_valid> in unit <trigproc> has a constant value of 0 during circuit operation. The register is replaced by logic.
Entity <trigproc> analyzed. Unit <trigproc> generated.

Analyzing Entity <striptbm> in library <strip> (Architecture <behavioral>).
INFO:Xst:2679 - Register <TOKEN> in unit <striptbm> has a constant value of 0 during circuit operation. The register is replaced by logic.
INFO:Xst:2679 - Register <DATA_VALID> in unit <striptbm> has a constant value of 0 during circuit operation. The register is replaced by logic.
Entity <striptbm> analyzed. Unit <striptbm> generated.

Analyzing Entity <stripana> in library <strip> (Architecture <rtl>).
Entity <stripana> analyzed. Unit <stripana> generated.

Analyzing generic Entity <stripstream> in library <strip> (Architecture <behavioral>).
	n = 6
WARNING:Xst:2211 - "/home/rrivera/ots/srcs/otsdaq-firmware/cactus/projects/ftbf/stib_slave_ots/strip/stripstream.vhd" line 121: Instantiating black box module <streamipbuf>.
WARNING:Xst:2211 - "/home/rrivera/ots/srcs/otsdaq-firmware/cactus/projects/ftbf/stib_slave_ots/strip/stripstream.vhd" line 135: Instantiating black box module <packetfifo>.
INFO:Xst:2679 - Register <CKSUM_LENGTH_INPUT<15>> in unit <stripstream> has a constant value of 0 during circuit operation. The register is replaced by logic.
INFO:Xst:2679 - Register <CKSUM_LENGTH_INPUT<14>> in unit <stripstream> has a constant value of 0 during circuit operation. The register is replaced by logic.
INFO:Xst:2679 - Register <CKSUM_LENGTH_INPUT<13>> in unit <stripstream> has a constant value of 0 during circuit operation. The register is replaced by logic.
INFO:Xst:2679 - Register <CKSUM_LENGTH_INPUT<12>> in unit <stripstream> has a constant value of 0 during circuit operation. The register is replaced by logic.
INFO:Xst:2679 - Register <CKSUM_LENGTH_INPUT<11>> in unit <stripstream> has a constant value of 0 during circuit operation. The register is replaced by logic.
INFO:Xst:2679 - Register <CKSUM_LENGTH_INPUT<1>> in unit <stripstream> has a constant value of 0 during circuit operation. The register is replaced by logic.
INFO:Xst:2679 - Register <CKSUM_LENGTH_INPUT<0>> in unit <stripstream> has a constant value of 0 during circuit operation. The register is replaced by logic.
Entity <stripstream> analyzed. Unit <stripstream> generated.

Analyzing generic Entity <trigpattern.1> in library <work> (Architecture <RTL>).
	CLOCK_EDGE = "FALLING"
	PATTERN = "01010"
	WIDTH = 1
WARNING:Xst:795 - "/home/rrivera/ots/srcs/otsdaq-firmware/cactus/projects/ftbf/stib_slave_ots/slave/trigpattern.vhd" line 44: Size of operands are different : result is <false>.
WARNING:Xst:795 - "/home/rrivera/ots/srcs/otsdaq-firmware/cactus/projects/ftbf/stib_slave_ots/slave/trigpattern.vhd" line 47: Size of operands are different : result is <false>.
Entity <trigpattern.1> analyzed. Unit <trigpattern.1> generated.

Analyzing generic Entity <trigpattern.2> in library <work> (Architecture <RTL>).
	CLOCK_EDGE = "FALLING"
	PATTERN = "01101"
	WIDTH = 4
WARNING:Xst:795 - "/home/rrivera/ots/srcs/otsdaq-firmware/cactus/projects/ftbf/stib_slave_ots/slave/trigpattern.vhd" line 44: Size of operands are different : result is <false>.
WARNING:Xst:795 - "/home/rrivera/ots/srcs/otsdaq-firmware/cactus/projects/ftbf/stib_slave_ots/slave/trigpattern.vhd" line 47: Size of operands are different : result is <false>.
Entity <trigpattern.2> analyzed. Unit <trigpattern.2> generated.

Analyzing generic Entity <trigpattern.3> in library <work> (Architecture <RTL>).
	CLOCK_EDGE = "FALLING"
	PATTERN = "00111"
	WIDTH = 2
WARNING:Xst:795 - "/home/rrivera/ots/srcs/otsdaq-firmware/cactus/projects/ftbf/stib_slave_ots/slave/trigpattern.vhd" line 44: Size of operands are different : result is <false>.
WARNING:Xst:795 - "/home/rrivera/ots/srcs/otsdaq-firmware/cactus/projects/ftbf/stib_slave_ots/slave/trigpattern.vhd" line 47: Size of operands are different : result is <false>.
Entity <trigpattern.3> analyzed. Unit <trigpattern.3> generated.


=========================================================================
*                           HDL Synthesis                               *
=========================================================================

Performing bidirectional port resolution...
INFO:Xst:2679 - Register <TOKEN> in unit <trigprim_1> has a constant value of 0 during circuit operation. The register is replaced by logic.
INFO:Xst:2679 - Register <dout_valid> in unit <trigprim_1> has a constant value of 0 during circuit operation. The register is replaced by logic.
INFO:Xst:2679 - Register <latched_trigger_input> in unit <trigprim_1> has a constant value of 00 during circuit operation. The register is replaced by logic.
INFO:Xst:2679 - Register <latched_trigger_input> in unit <trigprim_2> has a constant value of 00 during circuit operation. The register is replaced by logic.
INFO:Xst:2679 - Register <latched_trigger_input> in unit <trigprim_3> has a constant value of 00 during circuit operation. The register is replaced by logic.
INFO:Xst:2679 - Register <latched_trigger_input> in unit <trigprim_4> has a constant value of 00 during circuit operation. The register is replaced by logic.

Synthesizing Unit <trigpattern_1>.
    Related source file is "/home/rrivera/ots/srcs/otsdaq-firmware/cactus/projects/ftbf/stib_slave_ots/slave/trigpattern.vhd".
WARNING:Xst:646 - Signal <DLY<1>> is assigned but never used. This unconnected signal will be trimmed during the optimization process.
    Found 2-bit register for signal <DLY>.
    Found 5-bit register for signal <SR>.
    Summary:
	inferred   7 D-type flip-flop(s).
Unit <trigpattern_1> synthesized.


Synthesizing Unit <trigpattern_2>.
    Related source file is "/home/rrivera/ots/srcs/otsdaq-firmware/cactus/projects/ftbf/stib_slave_ots/slave/trigpattern.vhd".
WARNING:Xst:646 - Signal <DLY<4>> is assigned but never used. This unconnected signal will be trimmed during the optimization process.
    Found 5-bit register for signal <DLY>.
    Found 5-bit register for signal <SR>.
    Summary:
	inferred  10 D-type flip-flop(s).
Unit <trigpattern_2> synthesized.


Synthesizing Unit <trigpattern_3>.
    Related source file is "/home/rrivera/ots/srcs/otsdaq-firmware/cactus/projects/ftbf/stib_slave_ots/slave/trigpattern.vhd".
WARNING:Xst:646 - Signal <DLY<2>> is assigned but never used. This unconnected signal will be trimmed during the optimization process.
    Found 3-bit register for signal <DLY>.
    Found 5-bit register for signal <SR>.
    Summary:
	inferred   8 D-type flip-flop(s).
Unit <trigpattern_3> synthesized.


Synthesizing Unit <burst_traffic_controller>.
    Related source file is "/home/rrivera/ots/srcs/otsdaq-firmware/cactus/projects/ftbf/stib_slave_ots/work_eth/burst_traffic_controller.vhd".
    Found 1-bit register for signal <BURST_END_PACKET>.
    Found 34-bit comparator less for signal <BURST_END_PACKET$cmp_lt0000> created at line 66.
    Found 34-bit up counter for signal <clocks_since_send>.
    Found 9-bit comparator greatequal for signal <clocks_since_send$cmp_ge0000> created at line 56.
    Found 34-bit comparator greatequal for signal <clocks_since_send$cmp_ge0001> created at line 66.
    Found 1-bit register for signal <force_packet_old>.
    Found 8-bit register for signal <writes_in_curr_burst>.
    Found 8-bit adder for signal <writes_in_curr_burst$addsub0000> created at line 60.
    Summary:
	inferred   1 Counter(s).
	inferred  10 D-type flip-flop(s).
	inferred   1 Adder/Subtractor(s).
	inferred   3 Comparator(s).
Unit <burst_traffic_controller> synthesized.


Synthesizing Unit <reset_mgr>.
    Related source file is "/home/rrivera/ots/srcs/otsdaq-firmware/cactus/projects/ftbf/stib_slave_ots/work_eth/reset_mgr.vhd".
    Found 1-bit register for signal <reset>.
    Found 16-bit up counter for signal <cnt>.
    Found 16-bit comparator less for signal <cnt$cmp_lt0000> created at line 46.
    Found 1-bit register for signal <old_reset_start>.
    Summary:
	inferred   1 Counter(s).
	inferred   2 D-type flip-flop(s).
	inferred   1 Comparator(s).
Unit <reset_mgr> synthesized.


Synthesizing Unit <MII_100_1000_handler>.
    Related source file is "/home/rrivera/ots/srcs/otsdaq-firmware/cactus/projects/ftbf/stib_slave_ots/work_eth/xmii_handler.vhd".
WARNING:Xst:647 - Input <reset> is never used. This port will be preserved and left unconnected if it belongs to a top-level block or it belongs to a sub-block and the hierarchy of this sub-block is preserved.
    Found 1-bit register for signal <rx_er_handled>.
    Found 1-bit register for signal <rx_dv_handled>.
    Found 8-bit register for signal <rx_data_handled>.
    Found 8-bit register for signal <ds>.
    Found 1-bit register for signal <dvs>.
    Found 1-bit register for signal <ers>.
    Summary:
	inferred  20 D-type flip-flop(s).
Unit <MII_100_1000_handler> synthesized.


Synthesizing Unit <crc_chk>.
    Related source file is "../work_eth/crc_chk.v".
WARNING:Xst:1780 - Signal <Next_CRC> is never used or assigned. This unconnected signal will be trimmed during the optimization process.
    Found 32-bit register for signal <CRC_reg>.
    Found 1-bit xor2 for signal <CRC_reg$xor0000> created at line 115.
    Found 1-bit xor3 for signal <CRC_reg$xor0001> created at line 114.
    Found 1-bit xor4 for signal <CRC_reg$xor0002> created at line 113.
    Found 1-bit xor4 for signal <CRC_reg$xor0003> created at line 112.
    Found 1-bit xor4 for signal <CRC_reg$xor0004> created at line 111.
    Found 1-bit xor4 for signal <CRC_reg$xor0005> created at line 110.
    Found 1-bit xor3 for signal <CRC_reg$xor0006> created at line 109.
    Found 1-bit xor3 for signal <CRC_reg$xor0007> created at line 108.
    Found 1-bit xor3 for signal <CRC_reg$xor0008> created at line 107.
    Found 1-bit xor2 for signal <CRC_reg$xor0009> created at line 106.
    Found 1-bit xor2 for signal <CRC_reg$xor0010> created at line 105.
    Found 1-bit xor2 for signal <CRC_reg$xor0011> created at line 104.
    Found 1-bit xor3 for signal <CRC_reg$xor0012> created at line 103.
    Found 1-bit xor4 for signal <CRC_reg$xor0013> created at line 102.
    Found 1-bit xor4 for signal <CRC_reg$xor0014> created at line 101.
    Found 1-bit xor4 for signal <CRC_reg$xor0015> created at line 100.
    Found 1-bit xor4 for signal <CRC_reg$xor0016> created at line 99.
    Found 1-bit xor4 for signal <CRC_reg$xor0017> created at line 98.
    Found 1-bit xor6 for signal <CRC_reg$xor0018> created at line 97.
    Found 1-bit xor6 for signal <CRC_reg$xor0019> created at line 96.
    Found 1-bit xor4 for signal <CRC_reg$xor0020> created at line 95.
    Found 1-bit xor3 for signal <CRC_reg$xor0021> created at line 94.
    Found 1-bit xor3 for signal <CRC_reg$xor0022> created at line 93.
    Found 1-bit xor3 for signal <CRC_reg$xor0023> created at line 92.
    Found 1-bit xor3 for signal <CRC_reg$xor0024> created at line 91.
    Found 1-bit xor4 for signal <CRC_reg$xor0025> created at line 90.
    Found 1-bit xor4 for signal <CRC_reg$xor0026> created at line 89.
    Found 1-bit xor4 for signal <CRC_reg$xor0027> created at line 88.
    Found 1-bit xor3 for signal <CRC_reg$xor0028> created at line 87.
    Found 1-bit xor3 for signal <CRC_reg$xor0029> created at line 86.
    Found 1-bit xor3 for signal <CRC_reg$xor0030> created at line 85.
    Found 1-bit xor2 for signal <CRC_reg$xor0031> created at line 84.
    Found 1-bit xor2 for signal <CRC_reg$xor0032> created at line 115.
    Found 1-bit xor2 for signal <CRC_reg$xor0033> created at line 114.
    Found 1-bit xor2 for signal <CRC_reg$xor0034> created at line 114.
    Found 1-bit xor2 for signal <CRC_reg$xor0035> created at line 113.
    Found 1-bit xor2 for signal <CRC_reg$xor0036> created at line 113.
    Found 1-bit xor2 for signal <CRC_reg$xor0037> created at line 112.
    Found 1-bit xor2 for signal <CRC_reg$xor0038> created at line 111.
    Found 1-bit xor2 for signal <CRC_reg$xor0040> created at line 110.
    Found 1-bit xor2 for signal <CRC_reg$xor0044> created at line 107.
    Found 1-bit xor2 for signal <CRC_reg$xor0045> created at line 106.
    Found 1-bit xor2 for signal <CRC_reg$xor0050> created at line 99.
    Found 1-bit xor2 for signal <CRC_reg$xor0052> created at line 98.
    Found 1-bit xor2 for signal <CRC_reg$xor0058> created at line 96.
    Found 1-bit xor2 for signal <CRC_reg$xor0060> created at line 95.
    Found 1-bit xor2 for signal <CRC_reg$xor0061> created at line 94.
    Found 1-bit xor2 for signal <CRC_reg$xor0065> created at line 90.
    Found 1-bit xor2 for signal <CRC_reg$xor0067> created at line 89.
    Found 1-bit xor2 for signal <CRC_reg$xor0071> created at line 87.
    Found 1-bit xor2 for signal <CRC_reg$xor0072> created at line 86.
    Summary:
	inferred  32 D-type flip-flop(s).
	inferred  27 Xor(s).
Unit <crc_chk> synthesized.


Synthesizing Unit <crc_gen>.
    Related source file is "../work_eth/crc_gen.v".
    Found 4-bit up counter for signal <Counter>.
    Found 32-bit register for signal <CRC_reg>.
    Found 32-bit 4-to-1 multiplexer for signal <CRC_reg$mux0000>.
    Found 1-bit xor2 for signal <CRC_reg$xor0000> created at line 120.
    Found 1-bit xor3 for signal <CRC_reg$xor0001> created at line 119.
    Found 1-bit xor4 for signal <CRC_reg$xor0002> created at line 118.
    Found 1-bit xor4 for signal <CRC_reg$xor0003> created at line 117.
    Found 1-bit xor4 for signal <CRC_reg$xor0004> created at line 116.
    Found 1-bit xor4 for signal <CRC_reg$xor0005> created at line 115.
    Found 1-bit xor3 for signal <CRC_reg$xor0006> created at line 114.
    Found 1-bit xor3 for signal <CRC_reg$xor0007> created at line 113.
    Found 1-bit xor3 for signal <CRC_reg$xor0008> created at line 112.
    Found 1-bit xor2 for signal <CRC_reg$xor0009> created at line 111.
    Found 1-bit xor2 for signal <CRC_reg$xor0010> created at line 110.
    Found 1-bit xor2 for signal <CRC_reg$xor0011> created at line 109.
    Found 1-bit xor3 for signal <CRC_reg$xor0012> created at line 108.
    Found 1-bit xor4 for signal <CRC_reg$xor0013> created at line 107.
    Found 1-bit xor4 for signal <CRC_reg$xor0014> created at line 106.
    Found 1-bit xor4 for signal <CRC_reg$xor0015> created at line 105.
    Found 1-bit xor4 for signal <CRC_reg$xor0016> created at line 104.
    Found 1-bit xor4 for signal <CRC_reg$xor0017> created at line 103.
    Found 1-bit xor6 for signal <CRC_reg$xor0018> created at line 102.
    Found 1-bit xor6 for signal <CRC_reg$xor0019> created at line 101.
    Found 1-bit xor4 for signal <CRC_reg$xor0020> created at line 100.
    Found 1-bit xor3 for signal <CRC_reg$xor0021> created at line 99.
    Found 1-bit xor3 for signal <CRC_reg$xor0022> created at line 98.
    Found 1-bit xor3 for signal <CRC_reg$xor0023> created at line 97.
    Found 1-bit xor3 for signal <CRC_reg$xor0024> created at line 96.
    Found 1-bit xor4 for signal <CRC_reg$xor0025> created at line 95.
    Found 1-bit xor4 for signal <CRC_reg$xor0026> created at line 94.
    Found 1-bit xor4 for signal <CRC_reg$xor0027> created at line 93.
    Found 1-bit xor3 for signal <CRC_reg$xor0028> created at line 92.
    Found 1-bit xor3 for signal <CRC_reg$xor0029> created at line 91.
    Found 1-bit xor3 for signal <CRC_reg$xor0030> created at line 90.
    Found 1-bit xor2 for signal <CRC_reg$xor0031> created at line 89.
    Found 1-bit xor2 for signal <CRC_reg$xor0032> created at line 120.
    Found 1-bit xor2 for signal <CRC_reg$xor0033> created at line 119.
    Found 1-bit xor2 for signal <CRC_reg$xor0034> created at line 119.
    Found 1-bit xor2 for signal <CRC_reg$xor0035> created at line 118.
    Found 1-bit xor2 for signal <CRC_reg$xor0036> created at line 118.
    Found 1-bit xor2 for signal <CRC_reg$xor0037> created at line 117.
    Found 1-bit xor2 for signal <CRC_reg$xor0038> created at line 116.
    Found 1-bit xor2 for signal <CRC_reg$xor0040> created at line 115.
    Found 1-bit xor2 for signal <CRC_reg$xor0044> created at line 112.
    Found 1-bit xor2 for signal <CRC_reg$xor0045> created at line 111.
    Found 1-bit xor2 for signal <CRC_reg$xor0050> created at line 104.
    Found 1-bit xor2 for signal <CRC_reg$xor0052> created at line 103.
    Found 1-bit xor2 for signal <CRC_reg$xor0058> created at line 101.
    Found 1-bit xor2 for signal <CRC_reg$xor0060> created at line 100.
    Found 1-bit xor2 for signal <CRC_reg$xor0061> created at line 99.
    Found 1-bit xor2 for signal <CRC_reg$xor0065> created at line 95.
    Found 1-bit xor2 for signal <CRC_reg$xor0067> created at line 94.
    Found 1-bit xor2 for signal <CRC_reg$xor0071> created at line 92.
    Found 1-bit xor2 for signal <CRC_reg$xor0072> created at line 91.
    Summary:
	inferred   1 Counter(s).
	inferred  32 D-type flip-flop(s).
	inferred  32 Multiplexer(s).
	inferred  27 Xor(s).
Unit <crc_gen> synthesized.


Synthesizing Unit <crc_splice>.
    Related source file is "/home/rrivera/ots/srcs/otsdaq-firmware/cactus/projects/ftbf/stib_slave_ots/work_eth/crc_splice.vhd".
    Found 1-bit register for signal <tx_en>.
    Found 8-bit register for signal <txd>.
    Found 1-bit register for signal <tx_er>.
    Found 1-bit register for signal <flip_flop>.
    Found 4-bit register for signal <nibble_reg>.
    Summary:
	inferred  15 D-type flip-flop(s).
Unit <crc_splice> synthesized.


Synthesizing Unit <address_container>.
    Related source file is "/home/rrivera/ots/srcs/otsdaq-firmware/cactus/projects/ftbf/stib_slave_ots/work_eth/address_container.vhd".
    Found 1-bit register for signal <set_data_dest_strobe>.
    Found 1-bit register for signal <protocol_ping_strobe>.
    Found 1-bit register for signal <set_ctrl_dest_strobe>.
    Found 1-bit register for signal <capture_old>.
    Summary:
	inferred   4 D-type flip-flop(s).
Unit <address_container> synthesized.


Synthesizing Unit <arp_reply>.
    Related source file is "/home/rrivera/ots/srcs/otsdaq-firmware/cactus/projects/ftbf/stib_slave_ots/work_eth/arp_reply.vhd".
WARNING:Xst:1780 - Signal <old_trig> is never used or assigned. This unconnected signal will be trimmed during the optimization process.
    Found finite state machine <FSM_0> for signal <Sreg0>.
    -----------------------------------------------------------------------
    | States             | 76                                             |
    | Transitions        | 86                                             |
    | Inputs             | 5                                              |
    | Outputs            | 73                                             |
    | Clock              | clk                       (rising_edge)        |
    | Clock enable       | clken                     (positive)           |
    | Reset              | reset                     (positive)           |
    | Reset type         | synchronous                                    |
    | Reset State        | idle                                           |
    | Power Up State     | idle                                           |
    | Recovery State     | idle                                           |
    | Encoding           | automatic                                      |
    | Implementation     | LUT                                            |
    -----------------------------------------------------------------------
    Found 1-bit register for signal <crc_gen_init>.
    Found 1-bit register for signal <crc_gen_en>.
    Found 1-bit register for signal <crc_gen_rd>.
    Found 1-bit register for signal <arp_busy>.
    Found 1-bit register for signal <tx_en>.
    Found 8-bit register for signal <dataout>.
    Found 1-bit register for signal <announce_sig>.
    Found 1-bit register for signal <clken>.
    Found 16-bit register for signal <delay_count>.
    Found 16-bit subtractor for signal <delay_count$share0000> created at line 125.
    Found 1-bit register for signal <resolve_mac_sig>.
    Summary:
	inferred   1 Finite State Machine(s).
	inferred  32 D-type flip-flop(s).
	inferred   1 Adder/Subtractor(s).
Unit <arp_reply> synthesized.


Synthesizing Unit <or33>.
    Related source file is "/home/rrivera/ots/srcs/otsdaq-firmware/cactus/projects/ftbf/stib_slave_ots/work_eth/or33.vhd".
Unit <or33> synthesized.


Synthesizing Unit <ip_checksum_calc>.
    Related source file is "/home/rrivera/ots/srcs/otsdaq-firmware/cactus/projects/ftbf/stib_slave_ots/work_eth/ip_checksum_calc.vhd".
    Found 17-bit register for signal <add_sig>.
    Found 4-bit comparator greater for signal <add_sig$cmp_gt0000> created at line 104.
    Found 17-bit register for signal <cs_sig>.
    Found 17-bit adder for signal <cs_sig_15$add0000> created at line 72.
    Found 16-bit adder for signal <cs_sig_15_0$add0000> created at line 74.
    Found 4-bit up counter for signal <state>.
    Found 4-bit comparator less for signal <state$cmp_lt0000> created at line 87.
    Found 1-bit register for signal <trigger_old>.
    Summary:
	inferred   1 Counter(s).
	inferred  35 D-type flip-flop(s).
	inferred   2 Adder/Subtractor(s).
	inferred   2 Comparator(s).
Unit <ip_checksum_calc> synthesized.


Synthesizing Unit <create_packet>.
    Related source file is "/home/rrivera/ots/srcs/otsdaq-firmware/cactus/projects/ftbf/stib_slave_ots/work_eth/create_packet.vhd".
    Found finite state machine <FSM_1> for signal <Sreg0>.
    -----------------------------------------------------------------------
    | States             | 76                                             |
    | Transitions        | 90                                             |
    | Inputs             | 7                                              |
    | Outputs            | 75                                             |
    | Clock              | clk                       (rising_edge)        |
    | Clock enable       | clken                     (positive)           |
    | Reset              | reset                     (positive)           |
    | Reset type         | synchronous                                    |
    | Reset State        | idle                                           |
    | Power Up State     | sendpacket_dest_s11                            |
    | Recovery State     | idle                                           |
    | Encoding           | automatic                                      |
    | Implementation     | LUT                                            |
    -----------------------------------------------------------------------
    Found 1-bit register for signal <crc_gen_init>.
    Found 1-bit register for signal <checksum_trig>.
    Found 1-bit register for signal <crc_gen_en>.
    Found 1-bit register for signal <busy>.
    Found 1-bit register for signal <crc_gen_rd>.
    Found 1-bit register for signal <tx_en>.
    Found 8-bit register for signal <dataout>.
    Found 11-bit register for signal <length_count_out>.
    Found 1-bit register for signal <udp_data_sel>.
    Found 1-bit register for signal <en_tx_data>.
    Found 1-bit register for signal <clken>.
    Found 16-bit register for signal <delay_count>.
    Found 16-bit subtractor for signal <delay_count$addsub0000>.
    Found 1-bit register for signal <icmp_ping_packet>.
    Found 11-bit register for signal <IP_length<10:0>>.
    Found 11-bit adder for signal <IP_length_10_0$add0000> created at line 123.
    Found 11-bit register for signal <length_count>.
    Found 11-bit subtractor for signal <length_count$addsub0000>.
    Found 11-bit subtractor for signal <length_count$sub0000> created at line 458.
    Found 1-bit register for signal <ping_packet>.
    Found 16-bit register for signal <sleep_count>.
    Found 16-bit subtractor for signal <sleep_count$addsub0000> created at line 211.
    Found 8-bit register for signal <test_data>.
    Found 11-bit register for signal <UDP_length<10:0>>.
    Found 11-bit adder for signal <UDP_length_10_0$add0000> created at line 126.
    Found 11-bit register for signal <zero_fill_count>.
    Found 11-bit comparator less for signal <zero_fill_count$cmp_lt0000> created at line 128.
    Found 12-bit comparator less for signal <zero_fill_count$cmp_lt0001> created at line 136.
    Found 11-bit adder for signal <zero_fill_count$share0000>.
    Summary:
	inferred   1 Finite State Machine(s).
	inferred 114 D-type flip-flop(s).
	inferred   7 Adder/Subtractor(s).
	inferred   2 Comparator(s).
Unit <create_packet> synthesized.


Synthesizing Unit <dataout_mux>.
    Related source file is "/home/rrivera/ots/srcs/otsdaq-firmware/cactus/projects/ftbf/stib_slave_ots/work_eth/dataout_mux.vhd".
Unit <dataout_mux> synthesized.


Synthesizing Unit <decipherer>.
    Related source file is "/home/rrivera/ots/srcs/otsdaq-firmware/cactus/projects/ftbf/stib_slave_ots/work_eth/decipherer.vhd".
WARNING:Xst:1780 - Signal <udp_dest_ip_reg> is never used or assigned. This unconnected signal will be trimmed during the optimization process.
    Found finite state machine <FSM_2> for signal <Sreg0>.
    -----------------------------------------------------------------------
    | States             | 111                                            |
    | Transitions        | 141                                            |
    | Inputs             | 20                                             |
    | Outputs            | 80                                             |
    | Clock              | clk                       (rising_edge)        |
    | Clock enable       | clken                     (positive)           |
    | Reset              | reset                     (positive)           |
    | Reset type         | synchronous                                    |
    | Reset State        | idle                                           |
    | Power Up State     | idle                                           |
    | Recovery State     | idle                                           |
    | Encoding           | automatic                                      |
    | Implementation     | LUT                                            |
    -----------------------------------------------------------------------
    Found 32-bit register for signal <udp_src_ip>.
    Found 16-bit register for signal <icmp_checksum>.
    Found 1-bit register for signal <crc_chk_init>.
    Found 48-bit register for signal <arp_req_mac>.
    Found 1-bit register for signal <crc_chk_rd>.
    Found 11-bit register for signal <udp_data_count>.
    Found 1-bit register for signal <four_bit_mode_out>.
    Found 48-bit register for signal <arp_reply_mac>.
    Found 48-bit register for signal <dest_mac>.
    Found 11-bit register for signal <ip_data_count>.
    Found 32-bit register for signal <arp_search_ip>.
    Found 48-bit register for signal <src_mac>.
    Found 32-bit register for signal <arp_reply_ip>.
    Found 1-bit register for signal <is_idle>.
    Found 32-bit register for signal <arp_req_ip>.
    Found 16-bit register for signal <udp_src_port>.
    Found 1-bit register for signal <addrs_match_sig>.
    Found 32-bit comparator equal for signal <addrs_match_sig$cmp_eq0000> created at line 208.
    Found 1-bit register for signal <capture_source_addrs_sig>.
    Found 1-bit register for signal <clken>.
    Found 6-bit comparator less for signal <clken$cmp_lt0000> created at line 164.
    Found 1-bit register for signal <crc_chk_en_unmasked>.
    Found 1-bit register for signal <dv_old>.
    Found 3-bit up counter for signal <first_bytes_count>.
    Found 4-bit comparator less for signal <first_bytes_count$cmp_lt0000> created at line 151.
    Found 5-bit up counter for signal <four_bit_count>.
    Found 6-bit comparator greatequal for signal <four_bit_count$cmp_ge0000> created at line 164.
    Found 6-bit comparator greater for signal <four_bit_count$cmp_gt0000> created at line 159.
    Found 8-bit register for signal <four_bit_data>.
    Found 1-bit register for signal <four_bit_mode>.
    Found 4-bit comparator greatequal for signal <four_bit_mode$cmp_ge0000> created at line 151.
    Found 6-bit comparator lessequal for signal <four_bit_mode$cmp_le0000> created at line 159.
    Found 1-bit register for signal <icmp_trigger_sig>.
    Found 1-bit register for signal <is_arp_reply_sig>.
    Found 1-bit register for signal <is_arp_req_sig>.
    Found 1-bit register for signal <is_arp_sig>.
    Found 1-bit register for signal <is_icmp_ping_sig>.
    Found 1-bit register for signal <is_ip_sig>.
    Found 1-bit register for signal <is_udp_sig>.
    Found 16-bit comparator lessequal for signal <Sreg0$cmp_le0000> created at line 317.
    Found 16-bit comparator lessequal for signal <Sreg0$cmp_le0001> created at line 683.
    Found 16-bit register for signal <udp_countdown>.
    Found 16-bit subtractor for signal <udp_countdown$sub0000> created at line 393.
    Found 16-bit subtractor for signal <udp_countdown_15$sub0000> created at line 297.
    Found 11-bit subtractor for signal <udp_data_count$sub0000> created at line 190.
    Found 1-bit register for signal <udp_data_valid_sig>.
    Found 17-bit comparator greater for signal <udp_data_valid_sig$cmp_gt0000> created at line 326.
    Found 32-bit register for signal <udp_dest_ip>.
    Found 16-bit register for signal <udp_dest_port>.
    Found 11-bit register for signal <udp_zeros>.
    Found 11-bit adder for signal <udp_zeros$addsub0000> created at line 193.
    Found 11-bit comparator less for signal <udp_zeros$cmp_lt0000> created at line 192.
    Summary:
	inferred   1 Finite State Machine(s).
	inferred   2 Counter(s).
	inferred 475 D-type flip-flop(s).
	inferred   4 Adder/Subtractor(s).
	inferred  11 Comparator(s).
Unit <decipherer> synthesized.


Synthesizing Unit <filter_data_out>.
    Related source file is "/home/rrivera/ots/srcs/otsdaq-firmware/cactus/projects/ftbf/stib_slave_ots/work_eth/filter_data_out.vhd".
    Found 1-bit register for signal <out_data_valid>.
    Found 8-bit register for signal <out_data>.
    Summary:
	inferred   9 D-type flip-flop(s).
Unit <filter_data_out> synthesized.


Synthesizing Unit <icmp_ping_checksum_calc>.
    Related source file is "/home/rrivera/ots/srcs/otsdaq-firmware/cactus/projects/ftbf/stib_slave_ots/work_eth/icmp_ping_checksum_calc.vhd".
WARNING:Xst:647 - Input <trigger> is never used. This port will be preserved and left unconnected if it belongs to a top-level block or it belongs to a sub-block and the hierarchy of this sub-block is preserved.
    Found finite state machine <FSM_3> for signal <Sreg0>.
    -----------------------------------------------------------------------
    | States             | 5                                              |
    | Transitions        | 5                                              |
    | Inputs             | 0                                              |
    | Outputs            | 4                                              |
    | Clock              | clk                       (rising_edge)        |
    | Reset              | reset                     (positive)           |
    | Reset type         | synchronous                                    |
    | Reset State        | init                                           |
    | Power Up State     | init                                           |
    | Recovery State     | init                                           |
    | Encoding           | automatic                                      |
    | Implementation     | LUT                                            |
    -----------------------------------------------------------------------
    Found 16-bit register for signal <resp_chk_sum>.
    Found 17-bit register for signal <req_chk_sum_sig>.
    Found 17-bit adder for signal <req_chk_sum_sig_15$add0000> created at line 72.
    Found 16-bit adder for signal <req_chk_sum_sig_15_0$add0000> created at line 76.
    Summary:
	inferred   1 Finite State Machine(s).
	inferred  33 D-type flip-flop(s).
	inferred   2 Adder/Subtractor(s).
Unit <icmp_ping_checksum_calc> synthesized.


Synthesizing Unit <icmp_ping_shift_reg>.
    Related source file is "/home/rrivera/ots/srcs/otsdaq-firmware/cactus/projects/ftbf/stib_slave_ots/work_eth/icmp_ping_shift_reg.vhd".
    Found 8-bit register for signal <din_latch>.
    Found 352-bit register for signal <shReg>.
INFO:Xst:738 - HDL ADVISOR - 352 flip-flops were inferred for signal <shReg>. You may be trying to describe a RAM in a way that is incompatible with block and distributed RAM resources available on Xilinx devices, or with a specific template that is not supported. Please review the Xilinx resources documentation and the XST user manual for coding guidelines. Taking advantage of RAM resources will lead to improved device usage and reduced synthesis time.
    Summary:
	inferred 360 D-type flip-flop(s).
Unit <icmp_ping_shift_reg> synthesized.


Synthesizing Unit <udp_data_splicer>.
    Related source file is "/home/rrivera/ots/srcs/otsdaq-firmware/cactus/projects/ftbf/stib_slave_ots/work_eth/udp_data_splicer.vhd".
    Found 1-bit register for signal <delay_sel_user>.
    Found 8-bit register for signal <latched_user_data>.
    Summary:
	inferred   9 D-type flip-flop(s).
Unit <udp_data_splicer> synthesized.


Synthesizing Unit <user_addrs_mux>.
    Related source file is "/home/rrivera/ots/srcs/otsdaq-firmware/cactus/projects/ftbf/stib_slave_ots/work_eth/user_addrs_mux.vhd".
Unit <user_addrs_mux> synthesized.


Synthesizing Unit <burst_controller_sm>.
    Related source file is "/home/rrivera/ots/srcs/otsdaq-firmware/cactus/projects/ftbf/stib_slave_ots/work_eth/burst_controller_sm.vhd".
    Register <tx_info_we> equivalent to <reset_packet_size> has been removed
    Found finite state machine <FSM_4> for signal <Sreg0>.
    -----------------------------------------------------------------------
    | States             | 3                                              |
    | Transitions        | 5                                              |
    | Inputs             | 5                                              |
    | Outputs            | 4                                              |
    | Clock              | clk                       (rising_edge)        |
    | Reset              | reset                     (positive)           |
    | Reset type         | synchronous                                    |
    | Reset State        | idle                                           |
    | Power Up State     | wait_for_end                                   |
    | Recovery State     | idle                                           |
    | Encoding           | automatic                                      |
    | Implementation     | LUT                                            |
    -----------------------------------------------------------------------
    Found 8-bit register for signal <tx_info<15:8>>.
    Found 2-bit register for signal <tx_info<1:0>>.
    Found 1-bit register for signal <b_enable_sig>.
    Found 1-bit register for signal <b_end_packet_old>.
    Found 8-bit register for signal <b_packet_qw_size>.
    Found 8-bit adder for signal <b_packet_qw_size$addsub0000> created at line 84.
    Found 1-bit register for signal <first_packet_sig>.
    Found 1-bit register for signal <just_reset>.
    Found 1-bit register for signal <reset_packet_size>.
    Summary:
	inferred   1 Finite State Machine(s).
	inferred  23 D-type flip-flop(s).
	inferred   1 Adder/Subtractor(s).
Unit <burst_controller_sm> synthesized.


Synthesizing Unit <rx_ctl>.
    Related source file is "/home/rrivera/ots/srcs/otsdaq-firmware/cactus/projects/ftbf/stib_slave_ots/work_eth/rx_ctl.vhd".
    Register <info_fifo_wr_data<0>> equivalent to <com_code> has been removed
    Found finite state machine <FSM_5> for signal <Sreg0>.
    -----------------------------------------------------------------------
    | States             | 12                                             |
    | Transitions        | 18                                             |
    | Inputs             | 4                                              |
    | Outputs            | 13                                             |
    | Clock              | clock                     (rising_edge)        |
    | Clock enable       | clken                     (positive)           |
    | Reset              | reset                     (positive)           |
    | Reset type         | synchronous                                    |
    | Reset State        | idle                                           |
    | Power Up State     | idle                                           |
    | Recovery State     | idle                                           |
    | Encoding           | automatic                                      |
    | Implementation     | LUT                                            |
    -----------------------------------------------------------------------
    Found 1-bit register for signal <crc_err_flag>.
    Found 15-bit register for signal <info_fifo_wr_data<15:1>>.
    Found 1-bit register for signal <clken>.
    Found 1-bit register for signal <com_code>.
    Found 1-bit register for signal <crc_err_reg>.
    Found 64-bit register for signal <data_fifo_wdata_sig>.
    Found 1-bit register for signal <data_fifo_wren_sig>.
    Found 1-bit register for signal <info_fifo_wren_sig>.
    Found 8-bit register for signal <q_w_count>.
    Found 8-bit adder for signal <q_w_count$addsub0000> created at line 176.
    Found 8-bit register for signal <q_w_counter>.
    Found 8-bit adder for signal <q_w_counter$addsub0000> created at line 190.
    Found 8-bit comparator equal for signal <Sreg0$cmp_eq0001> created at line 208.
    Summary:
	inferred   1 Finite State Machine(s).
	inferred 101 D-type flip-flop(s).
	inferred   2 Adder/Subtractor(s).
	inferred   1 Comparator(s).
Unit <rx_ctl> synthesized.


Synthesizing Unit <ram_comm_dec>.
    Related source file is "/home/rrivera/ots/srcs/otsdaq-firmware/cactus/projects/ftbf/stib_slave_ots/work_eth/ram_comm_dec.vhd".
WARNING:Xst:647 - Input <rx_info_fifo_rd_data<6:4>> is never used. This port will be preserved and left unconnected if it belongs to a top-level block or it belongs to a sub-block and the hierarchy of this sub-block is preserved.
WARNING:Xst:647 - Input <tx_info_fifo_full> is never used. This port will be preserved and left unconnected if it belongs to a top-level block or it belongs to a sub-block and the hierarchy of this sub-block is preserved.
    Register <tx_info_fifo_wr_data<6>> equivalent to <crc_err> has been removed
    Found finite state machine <FSM_6> for signal <Sreg0>.
    -----------------------------------------------------------------------
    | States             | 15                                             |
    | Transitions        | 25                                             |
    | Inputs             | 8                                              |
    | Outputs            | 17                                             |
    | Clock              | clock                     (rising_edge)        |
    | Reset              | reset                     (positive)           |
    | Reset type         | synchronous                                    |
    | Reset State        | idle                                           |
    | Power Up State     | write_com_s8                                   |
    | Recovery State     | idle                                           |
    | Encoding           | automatic                                      |
    | Implementation     | LUT                                            |
    -----------------------------------------------------------------------
    Found 1-bit register for signal <rx_info_fifo_rden>.
    Found 64-bit register for signal <ram_wdata>.
    Found 1-bit register for signal <Rx_FIFO_Reset>.
    Found 1-bit register for signal <Tx_FIFO_Reset>.
    Found 1-bit register for signal <tx_data_fifo_wren>.
    Found 1-bit register for signal <tx_info_fifo_wren>.
    Found 1-bit register for signal <clear_crc_err_flag>.
    Found 9-bit register for signal <tx_info_fifo_wr_data<15:7>>.
    Found 6-bit register for signal <tx_info_fifo_wr_data<5:0>>.
    Found 1-bit register for signal <comm_dec_ready>.
    Found 1-bit register for signal <comm_reg>.
    Found 1-bit register for signal <crc_err>.
    Found 1-bit register for signal <first_write_qword>.
    Found 1-bit register for signal <is_counting>.
    Found 8-bit register for signal <mem_loc_count_reg>.
    Found 8-bit subtractor for signal <mem_loc_count_reg$share0000> created at line 202.
    Found 1-bit register for signal <no_addrs_incr>.
    Found 1-bit register for signal <no_ret_to_sender>.
    Found 1-bit register for signal <old_rx_v>.
    Found 8-bit register for signal <q_w_count_reg>.
    Found 64-bit register for signal <ram_addr_sig>.
    Found 64-bit adder for signal <ram_addr_sig$share0000> created at line 202.
    Found 1-bit register for signal <ram_rden_sig>.
    Found 1-bit register for signal <ram_wren_sig>.
    Found 1-bit register for signal <rx_data_fifo_full_flag>.
    Found 1-bit register for signal <rx_data_fifo_rden_sig>.
    Found 1-bit register for signal <rx_info_fifo_full_flag>.
    Found 1-bit register for signal <rx_protocol_err_flag>.
    Found 5-bit down counter for signal <tmp_cnt>.
    Found 1-bit register for signal <user_ready_mask>.
    Summary:
	inferred   1 Finite State Machine(s).
	inferred   1 Counter(s).
	inferred 180 D-type flip-flop(s).
	inferred   2 Adder/Subtractor(s).
Unit <ram_comm_dec> synthesized.


Synthesizing Unit <tx_seq_ctl>.
    Related source file is "/home/rrivera/ots/srcs/otsdaq-firmware/cactus/projects/ftbf/stib_slave_ots/work_eth/tx_seq_ctl.vhd".
WARNING:Xst:647 - Input <data_fifo_empty> is never used. This port will be preserved and left unconnected if it belongs to a top-level block or it belongs to a sub-block and the hierarchy of this sub-block is preserved.
    Found finite state machine <FSM_7> for signal <Sreg0>.
    -----------------------------------------------------------------------
    | States             | 10                                             |
    | Transitions        | 16                                             |
    | Inputs             | 6                                              |
    | Outputs            | 11                                             |
    | Clock              | clk                       (rising_edge)        |
    | Clock enable       | clken                     (positive)           |
    | Reset              | reset                     (positive)           |
    | Reset type         | synchronous                                    |
    | Reset State        | idle                                           |
    | Power Up State     | s7                                             |
    | Recovery State     | idle                                           |
    | Encoding           | automatic                                      |
    | Implementation     | LUT                                            |
    -----------------------------------------------------------------------
    Found 8-bit register for signal <tx_data>.
    Found 11-bit register for signal <user_tx_size_in>.
    Found 1-bit register for signal <user_trigger>.
    Found 1-bit register for signal <ret_to_sender>.
    Found 3-bit register for signal <byte_count>.
    Found 3-bit adder for signal <byte_count$addsub0000> created at line 197.
    Found 1-bit register for signal <clken>.
    Found 8-bit up counter for signal <ctrl_seq_count>.
    Found 64-bit register for signal <data_fifo_rd_data_reg>.
    Found 1-bit register for signal <data_fifo_rden_sig>.
    Found 8-bit comparator greater for signal <data_fifo_rden_sig$cmp_gt0000> created at line 198.
    Found 8-bit up counter for signal <data_seq_count>.
    Found 1-bit register for signal <fifo_sel_sig>.
    Found 1-bit register for signal <info_fifo_rden_sig>.
    Found 8-bit register for signal <qw_count>.
    Found 8-bit subtractor for signal <qw_count$addsub0000> created at line 205.
    Found 11-bit register for signal <tx_data_count>.
    Found 11-bit adder for signal <tx_data_count$addsub0000> created at line 141.
    Summary:
	inferred   1 Finite State Machine(s).
	inferred   2 Counter(s).
	inferred 111 D-type flip-flop(s).
	inferred   3 Adder/Subtractor(s).
	inferred   1 Comparator(s).
Unit <tx_seq_ctl> synthesized.


Synthesizing Unit <stripdacspi>.
    Related source file is "/home/rrivera/ots/srcs/otsdaq-firmware/cactus/projects/ftbf/stib_slave_ots/strip/stripdacspi.vhd".
    Found finite state machine <FSM_8> for signal <STATE>.
    -----------------------------------------------------------------------
    | States             | 6                                              |
    | Transitions        | 11                                             |
    | Inputs             | 4                                              |
    | Outputs            | 7                                              |
    | Clock              | CLK                       (falling_edge)       |
    | Reset              | RESET                     (positive)           |
    | Reset type         | synchronous                                    |
    | Reset State        | idle                                           |
    | Power Up State     | idle                                           |
    | Recovery State     | idle                                           |
    | Encoding           | automatic                                      |
    | Implementation     | LUT                                            |
    -----------------------------------------------------------------------
    Found 4-bit register for signal <CS>.
    Found 1-bit register for signal <BUSY>.
    Found 1-bit register for signal <SDI>.
    Found 8-bit register for signal <DOUT>.
    Found 3-bit register for signal <IBIT>.
    Found 3-bit subtractor for signal <IBIT$share0000> created at line 62.
    Found 3-bit register for signal <JBIT>.
    Found 3-bit subtractor for signal <JBIT$addsub0000> created at line 104.
    Found 1-bit register for signal <LATCHED_STROBE>.
    Summary:
	inferred   1 Finite State Machine(s).
	inferred  21 D-type flip-flop(s).
	inferred   2 Adder/Subtractor(s).
Unit <stripdacspi> synthesized.


Synthesizing Unit <stripdac>.
    Related source file is "/home/rrivera/ots/srcs/otsdaq-firmware/cactus/projects/ftbf/stib_slave_ots/strip/stripdac.vhd".
WARNING:Xst:647 - Input <BCO_PERIOD> is never used. This port will be preserved and left unconnected if it belongs to a top-level block or it belongs to a sub-block and the hierarchy of this sub-block is preserved.
    Found finite state machine <FSM_9> for signal <STATE>.
    -----------------------------------------------------------------------
    | States             | 4                                              |
    | Transitions        | 10                                             |
    | Inputs             | 4                                              |
    | Outputs            | 4                                              |
    | Clock              | BCOCLK                    (falling_edge)       |
    | Reset              | RESET                     (positive)           |
    | Reset type         | synchronous                                    |
    | Reset State        | idle                                           |
    | Power Up State     | idle                                           |
    | Recovery State     | idle                                           |
    | Encoding           | automatic                                      |
    | Implementation     | LUT                                            |
    -----------------------------------------------------------------------
    Found 1-bit register for signal <BUSY>.
    Found 12-bit register for signal <BUSAB>.
    Found 4-bit adder for signal <$add0000>.
    Found 12-bit register for signal <COUNT>.
    Found 12-bit subtractor for signal <COUNT$addsub0000> created at line 104.
    Found 12-bit register for signal <DAC>.
    Found 12-bit adder for signal <DAC$addsub0000> created at line 131.
    Found 12-bit comparator less for signal <DAC$cmp_lt0000> created at line 127.
    Found 1-bit register for signal <DELAYED>.
    Found 4-bit register for signal <DELTA>.
    Found 1-bit register for signal <DIVCLK>.
    Found 1-bit register for signal <FINISHED>.
    Found 12-bit adder for signal <FINISHED$addsub0000>.
    Found 12-bit comparator greatequal for signal <FINISHED$cmp_ge0000> created at line 127.
    Found 1-bit register for signal <RAMPING>.
    Found 8-bit comparator equal for signal <STATE$cmp_eq0000> created at line 76.
    Summary:
	inferred   1 Finite State Machine(s).
	inferred  45 D-type flip-flop(s).
	inferred   4 Adder/Subtractor(s).
	inferred   3 Comparator(s).
Unit <stripdac> synthesized.


Synthesizing Unit <stripreset>.
    Related source file is "/home/rrivera/ots/srcs/otsdaq-firmware/cactus/projects/ftbf/stib_slave_ots/strip/stripreset.vhd".
    Found finite state machine <FSM_10> for signal <state>.
    -----------------------------------------------------------------------
    | States             | 3                                              |
    | Transitions        | 6                                              |
    | Inputs             | 3                                              |
    | Outputs            | 3                                              |
    | Clock              | clk                       (rising_edge)        |
    | Power Up State     | idle                                           |
    | Recovery State     | idle                                           |
    | Encoding           | automatic                                      |
    | Implementation     | LUT                                            |
    -----------------------------------------------------------------------
    Found 6-bit register for signal <fssr_reset>.
    Found 6-bit register for signal <error_reset>.
    Found 6-bit register for signal <fifo_reset>.
    Found 1-bit register for signal <reset_busy>.
    Found 1-bit register for signal <dac_reset>.
    Found 6-bit register for signal <link_reset>.
    Found 8-bit register for signal <action>.
    Found 3-bit register for signal <count>.
    Found 3-bit subtractor for signal <count$addsub0000> created at line 104.
    Summary:
	inferred   1 Finite State Machine(s).
	inferred  37 D-type flip-flop(s).
	inferred   1 Adder/Subtractor(s).
Unit <stripreset> synthesized.


Synthesizing Unit <stripsc>.
    Related source file is "/home/rrivera/ots/srcs/otsdaq-firmware/cactus/projects/ftbf/stib_slave_ots/strip/stripsc.vhd".
INFO:Xst:1799 - State skipwriting is never reached in FSM <STATE>.
    Found finite state machine <FSM_11> for signal <STATE>.
    -----------------------------------------------------------------------
    | States             | 20                                             |
    | Transitions        | 33                                             |
    | Inputs             | 10                                             |
    | Outputs            | 20                                             |
    | Clock              | CLK                       (rising_edge)        |
    | Power Up State     | idle                                           |
    | Recovery State     | idle                                           |
    | Encoding           | automatic                                      |
    | Implementation     | LUT                                            |
    -----------------------------------------------------------------------
    Found 1-bit register for signal <BUSY>.
    Found 128-bit register for signal <BITS_OUT>.
    Found 1-bit 128-to-1 multiplexer for signal <BITS_IN$mux0000> created at line 176.
    Found 9-bit subtractor for signal <BITS_OUT_5$sub0000> created at line 220.
    Found 1-bit register for signal <DOUT>.
    Found 1-bit register for signal <EXTRA_HALF_CYCLE>.
    Found 8-bit register for signal <IBIT>.
    Found 8-bit adder for signal <IBIT$share0000> created at line 89.
    Found 3-bit register for signal <ISEL>.
    Found 8-bit register for signal <LAST_BCO>.
    Found 1-bit register for signal <LATCHED_STROBE>.
    Found 8-bit register for signal <NBIT>.
    Found 1-bit register for signal <NEXT_SHIFT>.
    Found 1-bit register for signal <SC_SHIFT>.
    Found 1-bit 6-to-1 multiplexer for signal <SCOUT$mux0000> created at line 220.
    Found 9-bit comparator equal for signal <STATE$cmp_eq0002> created at line 177.
    Found 8-bit comparator equal for signal <STATE$cmp_eq0003> created at line 185.
    Found 9-bit subtractor for signal <STATE$sub0001> created at line 177.
    Summary:
	inferred   1 Finite State Machine(s).
	inferred 161 D-type flip-flop(s).
	inferred   3 Adder/Subtractor(s).
	inferred   2 Comparator(s).
	inferred   2 Multiplexer(s).
Unit <stripsc> synthesized.


Synthesizing Unit <striptbm>.
    Related source file is "/home/rrivera/ots/srcs/otsdaq-firmware/cactus/projects/ftbf/stib_slave_ots/strip/striptbm.vhd".
WARNING:Xst:647 - Input <BCO_COUNT<0>> is never used. This port will be preserved and left unconnected if it belongs to a top-level block or it belongs to a sub-block and the hierarchy of this sub-block is preserved.
WARNING:Xst:646 - Signal <TOKEN> is assigned but never used. This unconnected signal will be trimmed during the optimization process.
WARNING:Xst:1780 - Signal <NEXT_DOUT> is never used or assigned. This unconnected signal will be trimmed during the optimization process.
WARNING:Xst:1780 - Signal <NEXT_DATA_VALID> is never used or assigned. This unconnected signal will be trimmed during the optimization process.
WARNING:Xst:1780 - Signal <LATCHED_SEND_BCO> is never used or assigned. This unconnected signal will be trimmed during the optimization process.
    Found finite state machine <FSM_12> for signal <STATE>.
    -----------------------------------------------------------------------
    | States             | 4                                              |
    | Transitions        | 11                                             |
    | Inputs             | 4                                              |
    | Outputs            | 5                                              |
    | Clock              | CLK                       (rising_edge)        |
    | Reset              | RESET                     (positive)           |
    | Reset type         | synchronous                                    |
    | Reset State        | idle                                           |
    | Power Up State     | idle                                           |
    | Recovery State     | idle                                           |
    | Encoding           | automatic                                      |
    | Implementation     | LUT                                            |
    -----------------------------------------------------------------------
    Found 1-bit register for signal <TOKEN_OUT>.
    Found 1-bit register for signal <OOPS>.
    Found 32-bit register for signal <DOUT>.
    Found 7-bit up counter for signal <BCO_COUNTER>.
    Found 48-bit register for signal <LATCHED_BCO>.
    Found 1-bit register for signal <NEED_BCO>.
    Found 7-bit comparator equal for signal <NEED_BCO$cmp_eq0000> created at line 130.
    Found 1-bit xor2 for signal <OOPS$xor0000> created at line 110.
    Found 1-bit register for signal <SENT_BCO>.
    Summary:
	inferred   1 Finite State Machine(s).
	inferred   1 Counter(s).
	inferred  84 D-type flip-flop(s).
	inferred   1 Comparator(s).
Unit <striptbm> synthesized.


Synthesizing Unit <stripana>.
    Related source file is "/home/rrivera/ots/srcs/otsdaq-firmware/cactus/projects/ftbf/stib_slave_ots/strip/stripana.vhd".
WARNING:Xst:646 - Signal <STRIP_DATA<30:27>> is assigned but never used. This unconnected signal will be trimmed during the optimization process.
WARNING:Xst:646 - Signal <STRIP_DATA<23:21>> is assigned but never used. This unconnected signal will be trimmed during the optimization process.
WARNING:Xst:646 - Signal <STRIP_DATA<11:4>> is assigned but never used. This unconnected signal will be trimmed during the optimization process.
WARNING:Xst:646 - Signal <STRIP_DATA<0>> is assigned but never used. This unconnected signal will be trimmed during the optimization process.
    Found 32-bit up counter for signal <BCO>.
    Found 32-bit up counter for signal <COUNTERS>.
    Found 3-bit comparator less for signal <COUNTERS_1$cmp_lt0000> created at line 76.
    Found 5-bit comparator not equal for signal <COUNTERS_1$cmp_ne0000> created at line 76.
    Found 4-bit comparator not equal for signal <COUNTERS_1$cmp_ne0001> created at line 76.
    Found 1-bit register for signal <STRIP_DATA<31>>.
    Found 3-bit register for signal <STRIP_DATA<26:24>>.
    Found 9-bit register for signal <STRIP_DATA<20:12>>.
    Found 3-bit register for signal <STRIP_DATA<3:1>>.
    Found 1-bit 32-to-1 multiplexer for signal <TERM_COUNT>.
    Summary:
	inferred   6 Counter(s).
	inferred  16 D-type flip-flop(s).
	inferred   3 Comparator(s).
	inferred   1 Multiplexer(s).
Unit <stripana> synthesized.


Synthesizing Unit <fastbcocounter>.
    Related source file is "/home/rrivera/ots/srcs/otsdaq-firmware/cactus/projects/ftbf/stib_slave_ots/strip/fastbcocounter.vhd".
    Found 3-bit up counter for signal <COUNT>.
    Summary:
	inferred   1 Counter(s).
Unit <fastbcocounter> synthesized.


Synthesizing Unit <data_manager>.
    Related source file is "/home/rrivera/ots/srcs/otsdaq-firmware/cactus/projects/ftbf/stib_slave_ots/work_eth/data_manager.vhd".
WARNING:Xst:1780 - Signal <tx_data_reg> is never used or assigned. This unconnected signal will be trimmed during the optimization process.
WARNING:Xst:1780 - Signal <tx_ctrl_fifo_rden> is never used or assigned. This unconnected signal will be trimmed during the optimization process.
WARNING:Xst:646 - Signal <tx_ctrl_fifo_full> is assigned but never used. This unconnected signal will be trimmed during the optimization process.
WARNING:Xst:646 - Signal <tx_ctrl_fifo_empty> is assigned but never used. This unconnected signal will be trimmed during the optimization process.
WARNING:Xst:1780 - Signal <start_delay_count> is never used or assigned. This unconnected signal will be trimmed during the optimization process.
WARNING:Xst:646 - Signal <rx_data_fifo_empty> is assigned but never used. This unconnected signal will be trimmed during the optimization process.
WARNING:Xst:1780 - Signal <delay_count> is never used or assigned. This unconnected signal will be trimmed during the optimization process.
WARNING:Xst:1780 - Signal <data_fifo_full> is never used or assigned. This unconnected signal will be trimmed during the optimization process.
WARNING:Xst:1780 - Signal <clear_delay_count> is never used or assigned. This unconnected signal will be trimmed during the optimization process.
    Found 32-bit 4-to-1 multiplexer for signal <user_tx_dest_addr>.
    Found 48-bit 4-to-1 multiplexer for signal <user_tx_dest_mac>.
    Summary:
	inferred  80 Multiplexer(s).
Unit <data_manager> synthesized.


Synthesizing Unit <ethernet_controller>.
    Related source file is "/home/rrivera/ots/srcs/otsdaq-firmware/cactus/projects/ftbf/stib_slave_ots/work_eth/ethernet_controller.vhd".
WARNING:Xst:647 - Input <self_port> is never used. This port will be preserved and left unconnected if it belongs to a top-level block or it belongs to a sub-block and the hierarchy of this sub-block is preserved.
Unit <ethernet_controller> synthesized.


Synthesizing Unit <stripclk>.
    Related source file is "/home/rrivera/ots/srcs/otsdaq-firmware/cactus/projects/ftbf/stib_slave_ots/strip/stripclk.vhd".
WARNING:Xst:1305 - Output <bcoclk_busy> is never assigned. Tied to value 0.
WARNING:Xst:647 - Input <clk_y> is never used. This port will be preserved and left unconnected if it belongs to a top-level block or it belongs to a sub-block and the hierarchy of this sub-block is preserved.
WARNING:Xst:646 - Signal <idelayctrl_ready> is assigned but never used. This unconnected signal will be trimmed during the optimization process.
WARNING:Xst:1780 - Signal <dcm_mclk_fx_n> is never used or assigned. This unconnected signal will be trimmed during the optimization process.
WARNING:Xst:1780 - Signal <dcm_mclk_d> is never used or assigned. This unconnected signal will be trimmed during the optimization process.
WARNING:Xst:1780 - Signal <dcm_mclk_c> is never used or assigned. This unconnected signal will be trimmed during the optimization process.
WARNING:Xst:1780 - Signal <dcm_mclk2_n> is never used or assigned. This unconnected signal will be trimmed during the optimization process.
WARNING:Xst:1780 - Signal <dcm_mclk2> is never used or assigned. This unconnected signal will be trimmed during the optimization process.
WARNING:Xst:1780 - Signal <dcm_fbco_fb> is never used or assigned. This unconnected signal will be trimmed during the optimization process.
WARNING:Xst:646 - Signal <dcm_busy> is assigned but never used. This unconnected signal will be trimmed during the optimization process.
WARNING:Xst:1780 - Signal <bco_reset_done> is never used or assigned. This unconnected signal will be trimmed during the optimization process.
    Found finite state machine <FSM_13> for signal <state>.
    -----------------------------------------------------------------------
    | States             | 5                                              |
    | Transitions        | 12                                             |
    | Inputs             | 4                                              |
    | Outputs            | 5                                              |
    | Clock              | clk_q                     (rising_edge)        |
    | Clock enable       | reset                     (negative)           |
    | Power Up State     | idle                                           |
    | Recovery State     | idle                                           |
    | Encoding           | automatic                                      |
    | Implementation     | LUT                                            |
    -----------------------------------------------------------------------
    Found 16-bit register for signal <bcoclk_data_out>.
    Found 1-bit register for signal <bcoclk_release>.
    Found 48-bit register for signal <fbco_reset_sr>.
    Found 16-bit down counter for signal <fcbo_watchdog_low_timer>.
    Found 1-bit register for signal <fcbo_watchdog_reset_sig>.
    Found 4-bit down counter for signal <fcbo_watchdog_reset_timer>.
    Summary:
	inferred   1 Finite State Machine(s).
	inferred   2 Counter(s).
	inferred  66 D-type flip-flop(s).
Unit <stripclk> synthesized.


Synthesizing Unit <chipserdes_1>.
    Related source file is "/home/rrivera/ots/srcs/otsdaq-firmware/cactus/projects/ftbf/stib_slave_ots/strip/chipserdes.vhd".
WARNING:Xst:1780 - Signal <VALID_SYNC> is never used or assigned. This unconnected signal will be trimmed during the optimization process.
WARNING:Xst:1780 - Signal <VALID_DATA> is never used or assigned. This unconnected signal will be trimmed during the optimization process.
WARNING:Xst:653 - Signal <SERDES_ENABLE> is used but never assigned. This sourceless signal will be automatically connected to value 1.
WARNING:Xst:1780 - Signal <FIFO_RESET> is never used or assigned. This unconnected signal will be trimmed during the optimization process.
WARNING:Xst:1780 - Signal <FIFO_INPUT> is never used or assigned. This unconnected signal will be trimmed during the optimization process.
WARNING:Xst:1780 - Signal <FIFO_FULL> is never used or assigned. This unconnected signal will be trimmed during the optimization process.
WARNING:Xst:1780 - Signal <FIFO_EMPTY_FLAG> is never used or assigned. This unconnected signal will be trimmed during the optimization process.
    Found finite state machine <FSM_14> for signal <STATE>.
    -----------------------------------------------------------------------
    | States             | 5                                              |
    | Transitions        | 12                                             |
    | Inputs             | 6                                              |
    | Outputs            | 9                                              |
    | Clock              | OUTCLK                    (rising_edge)        |
    | Reset              | RESET                     (positive)           |
    | Reset type         | synchronous                                    |
    | Reset State        | align0                                         |
    | Power Up State     | align0                                         |
    | Recovery State     | align0                                         |
    | Encoding           | automatic                                      |
    | Implementation     | LUT                                            |
    -----------------------------------------------------------------------
    Found 32x1-bit ROM for signal <VALID_SET_NUMBER>.
    Found 16x1-bit ROM for signal <VALID_STRIP_NUMBER>.
    Found 1-bit register for signal <DATA_VALID>.
    Found 1-bit register for signal <SYNC_VALID>.
    Found 32-bit register for signal <DOUT>.
    Found 1-bit register for signal <ACKED>.
    Found 1-bit register for signal <ALIGNED>.
    Found 1-bit register for signal <BITSLIP>.
    Found 6-bit register for signal <CHIP_STATUS>.
    Found 1-bit register for signal <DATA_LOST>.
    Found 24-bit register for signal <DATA_WORD<23:0>>.
    Found 16-bit up counter for signal <ERROR_COUNT>.
    Found 1-bit register for signal <GET_READY>.
    Found 4-bit register for signal <INTERNAL_STATE>.
    Found 16-bit up counter for signal <LOST_SYNC_COUNT>.
    Found 6-bit register for signal <MISSING_SYNC_COUNT>.
    Found 6-bit adder for signal <MISSING_SYNC_COUNT$addsub0000> created at line 274.
    Found 1-bit register for signal <NEXT_BITSLIP>.
    Found 1-bit register for signal <NEXT_VALID_DATA>.
    Found 1-bit register for signal <NEXT_VALID_SYNC>.
    Found 1-bit register for signal <SERDES_RESET>.
    Found 8-bit register for signal <SYNC_COUNT>.
    Found 8-bit adder for signal <SYNC_COUNT$addsub0000> created at line 196.
    Found 1-bit register for signal <SYNC_ERROR>.
    Found 1-bit register for signal <TRIMMED>.
    Found 3-bit register for signal <TRY_AGAIN>.
    Found 3-bit subtractor for signal <TRY_AGAIN$addsub0000> created at line 202.
    Summary:
	inferred   1 Finite State Machine(s).
	inferred   2 ROM(s).
	inferred   2 Counter(s).
	inferred  96 D-type flip-flop(s).
	inferred   3 Adder/Subtractor(s).
Unit <chipserdes_1> synthesized.


Synthesizing Unit <chipserdes_2>.
    Related source file is "/home/rrivera/ots/srcs/otsdaq-firmware/cactus/projects/ftbf/stib_slave_ots/strip/chipserdes.vhd".
WARNING:Xst:1780 - Signal <VALID_SYNC> is never used or assigned. This unconnected signal will be trimmed during the optimization process.
WARNING:Xst:1780 - Signal <VALID_DATA> is never used or assigned. This unconnected signal will be trimmed during the optimization process.
WARNING:Xst:653 - Signal <SERDES_ENABLE> is used but never assigned. This sourceless signal will be automatically connected to value 1.
WARNING:Xst:1780 - Signal <FIFO_RESET> is never used or assigned. This unconnected signal will be trimmed during the optimization process.
WARNING:Xst:1780 - Signal <FIFO_INPUT> is never used or assigned. This unconnected signal will be trimmed during the optimization process.
WARNING:Xst:1780 - Signal <FIFO_FULL> is never used or assigned. This unconnected signal will be trimmed during the optimization process.
WARNING:Xst:1780 - Signal <FIFO_EMPTY_FLAG> is never used or assigned. This unconnected signal will be trimmed during the optimization process.
    Found finite state machine <FSM_15> for signal <STATE>.
    -----------------------------------------------------------------------
    | States             | 5                                              |
    | Transitions        | 12                                             |
    | Inputs             | 6                                              |
    | Outputs            | 9                                              |
    | Clock              | OUTCLK                    (rising_edge)        |
    | Reset              | RESET                     (positive)           |
    | Reset type         | synchronous                                    |
    | Reset State        | align0                                         |
    | Power Up State     | align0                                         |
    | Recovery State     | align0                                         |
    | Encoding           | automatic                                      |
    | Implementation     | LUT                                            |
    -----------------------------------------------------------------------
    Found 32x1-bit ROM for signal <VALID_SET_NUMBER>.
    Found 16x1-bit ROM for signal <VALID_STRIP_NUMBER>.
    Found 1-bit register for signal <DATA_VALID>.
    Found 1-bit register for signal <SYNC_VALID>.
    Found 32-bit register for signal <DOUT>.
    Found 1-bit register for signal <ACKED>.
    Found 1-bit register for signal <ALIGNED>.
    Found 1-bit register for signal <BITSLIP>.
    Found 6-bit register for signal <CHIP_STATUS>.
    Found 1-bit register for signal <DATA_LOST>.
    Found 24-bit register for signal <DATA_WORD<23:0>>.
    Found 16-bit up counter for signal <ERROR_COUNT>.
    Found 1-bit register for signal <GET_READY>.
    Found 4-bit register for signal <INTERNAL_STATE>.
    Found 16-bit up counter for signal <LOST_SYNC_COUNT>.
    Found 6-bit register for signal <MISSING_SYNC_COUNT>.
    Found 6-bit adder for signal <MISSING_SYNC_COUNT$addsub0000> created at line 274.
    Found 1-bit register for signal <NEXT_BITSLIP>.
    Found 1-bit register for signal <NEXT_VALID_DATA>.
    Found 1-bit register for signal <NEXT_VALID_SYNC>.
    Found 1-bit register for signal <SERDES_RESET>.
    Found 8-bit register for signal <SYNC_COUNT>.
    Found 8-bit adder for signal <SYNC_COUNT$addsub0000> created at line 196.
    Found 1-bit register for signal <SYNC_ERROR>.
    Found 1-bit register for signal <TRIMMED>.
    Found 3-bit register for signal <TRY_AGAIN>.
    Found 3-bit subtractor for signal <TRY_AGAIN$addsub0000> created at line 202.
    Summary:
	inferred   1 Finite State Machine(s).
	inferred   2 ROM(s).
	inferred   2 Counter(s).
	inferred  96 D-type flip-flop(s).
	inferred   3 Adder/Subtractor(s).
Unit <chipserdes_2> synthesized.


Synthesizing Unit <chipserdes_3>.
    Related source file is "/home/rrivera/ots/srcs/otsdaq-firmware/cactus/projects/ftbf/stib_slave_ots/strip/chipserdes.vhd".
WARNING:Xst:1780 - Signal <VALID_SYNC> is never used or assigned. This unconnected signal will be trimmed during the optimization process.
WARNING:Xst:1780 - Signal <VALID_DATA> is never used or assigned. This unconnected signal will be trimmed during the optimization process.
WARNING:Xst:653 - Signal <SERDES_ENABLE> is used but never assigned. This sourceless signal will be automatically connected to value 1.
WARNING:Xst:1780 - Signal <FIFO_RESET> is never used or assigned. This unconnected signal will be trimmed during the optimization process.
WARNING:Xst:1780 - Signal <FIFO_INPUT> is never used or assigned. This unconnected signal will be trimmed during the optimization process.
WARNING:Xst:1780 - Signal <FIFO_FULL> is never used or assigned. This unconnected signal will be trimmed during the optimization process.
WARNING:Xst:1780 - Signal <FIFO_EMPTY_FLAG> is never used or assigned. This unconnected signal will be trimmed during the optimization process.
    Found finite state machine <FSM_16> for signal <STATE>.
    -----------------------------------------------------------------------
    | States             | 5                                              |
    | Transitions        | 12                                             |
    | Inputs             | 6                                              |
    | Outputs            | 9                                              |
    | Clock              | OUTCLK                    (rising_edge)        |
    | Reset              | RESET                     (positive)           |
    | Reset type         | synchronous                                    |
    | Reset State        | align0                                         |
    | Power Up State     | align0                                         |
    | Recovery State     | align0                                         |
    | Encoding           | automatic                                      |
    | Implementation     | LUT                                            |
    -----------------------------------------------------------------------
    Found 32x1-bit ROM for signal <VALID_SET_NUMBER>.
    Found 16x1-bit ROM for signal <VALID_STRIP_NUMBER>.
    Found 1-bit register for signal <DATA_VALID>.
    Found 1-bit register for signal <SYNC_VALID>.
    Found 32-bit register for signal <DOUT>.
    Found 1-bit register for signal <ACKED>.
    Found 1-bit register for signal <ALIGNED>.
    Found 1-bit register for signal <BITSLIP>.
    Found 6-bit register for signal <CHIP_STATUS>.
    Found 1-bit register for signal <DATA_LOST>.
    Found 24-bit register for signal <DATA_WORD<23:0>>.
    Found 16-bit up counter for signal <ERROR_COUNT>.
    Found 1-bit register for signal <GET_READY>.
    Found 4-bit register for signal <INTERNAL_STATE>.
    Found 16-bit up counter for signal <LOST_SYNC_COUNT>.
    Found 6-bit register for signal <MISSING_SYNC_COUNT>.
    Found 6-bit adder for signal <MISSING_SYNC_COUNT$addsub0000> created at line 274.
    Found 1-bit register for signal <NEXT_BITSLIP>.
    Found 1-bit register for signal <NEXT_VALID_DATA>.
    Found 1-bit register for signal <NEXT_VALID_SYNC>.
    Found 1-bit register for signal <SERDES_RESET>.
    Found 8-bit register for signal <SYNC_COUNT>.
    Found 8-bit adder for signal <SYNC_COUNT$addsub0000> created at line 196.
    Found 1-bit register for signal <SYNC_ERROR>.
    Found 1-bit register for signal <TRIMMED>.
    Found 3-bit register for signal <TRY_AGAIN>.
    Found 3-bit subtractor for signal <TRY_AGAIN$addsub0000> created at line 202.
    Summary:
	inferred   1 Finite State Machine(s).
	inferred   2 ROM(s).
	inferred   2 Counter(s).
	inferred  96 D-type flip-flop(s).
	inferred   3 Adder/Subtractor(s).
Unit <chipserdes_3> synthesized.


Synthesizing Unit <chipserdes_4>.
    Related source file is "/home/rrivera/ots/srcs/otsdaq-firmware/cactus/projects/ftbf/stib_slave_ots/strip/chipserdes.vhd".
WARNING:Xst:1780 - Signal <VALID_SYNC> is never used or assigned. This unconnected signal will be trimmed during the optimization process.
WARNING:Xst:1780 - Signal <VALID_DATA> is never used or assigned. This unconnected signal will be trimmed during the optimization process.
WARNING:Xst:653 - Signal <SERDES_ENABLE> is used but never assigned. This sourceless signal will be automatically connected to value 1.
WARNING:Xst:1780 - Signal <FIFO_RESET> is never used or assigned. This unconnected signal will be trimmed during the optimization process.
WARNING:Xst:1780 - Signal <FIFO_INPUT> is never used or assigned. This unconnected signal will be trimmed during the optimization process.
WARNING:Xst:1780 - Signal <FIFO_FULL> is never used or assigned. This unconnected signal will be trimmed during the optimization process.
WARNING:Xst:1780 - Signal <FIFO_EMPTY_FLAG> is never used or assigned. This unconnected signal will be trimmed during the optimization process.
    Found finite state machine <FSM_17> for signal <STATE>.
    -----------------------------------------------------------------------
    | States             | 5                                              |
    | Transitions        | 12                                             |
    | Inputs             | 6                                              |
    | Outputs            | 9                                              |
    | Clock              | OUTCLK                    (rising_edge)        |
    | Reset              | RESET                     (positive)           |
    | Reset type         | synchronous                                    |
    | Reset State        | align0                                         |
    | Power Up State     | align0                                         |
    | Recovery State     | align0                                         |
    | Encoding           | automatic                                      |
    | Implementation     | LUT                                            |
    -----------------------------------------------------------------------
    Found 32x1-bit ROM for signal <VALID_SET_NUMBER>.
    Found 16x1-bit ROM for signal <VALID_STRIP_NUMBER>.
    Found 1-bit register for signal <DATA_VALID>.
    Found 1-bit register for signal <SYNC_VALID>.
    Found 32-bit register for signal <DOUT>.
    Found 1-bit register for signal <ACKED>.
    Found 1-bit register for signal <ALIGNED>.
    Found 1-bit register for signal <BITSLIP>.
    Found 6-bit register for signal <CHIP_STATUS>.
    Found 1-bit register for signal <DATA_LOST>.
    Found 24-bit register for signal <DATA_WORD<23:0>>.
    Found 16-bit up counter for signal <ERROR_COUNT>.
    Found 1-bit register for signal <GET_READY>.
    Found 4-bit register for signal <INTERNAL_STATE>.
    Found 16-bit up counter for signal <LOST_SYNC_COUNT>.
    Found 6-bit register for signal <MISSING_SYNC_COUNT>.
    Found 6-bit adder for signal <MISSING_SYNC_COUNT$addsub0000> created at line 274.
    Found 1-bit register for signal <NEXT_BITSLIP>.
    Found 1-bit register for signal <NEXT_VALID_DATA>.
    Found 1-bit register for signal <NEXT_VALID_SYNC>.
    Found 1-bit register for signal <SERDES_RESET>.
    Found 8-bit register for signal <SYNC_COUNT>.
    Found 8-bit adder for signal <SYNC_COUNT$addsub0000> created at line 196.
    Found 1-bit register for signal <SYNC_ERROR>.
    Found 1-bit register for signal <TRIMMED>.
    Found 3-bit register for signal <TRY_AGAIN>.
    Found 3-bit subtractor for signal <TRY_AGAIN$addsub0000> created at line 202.
    Summary:
	inferred   1 Finite State Machine(s).
	inferred   2 ROM(s).
	inferred   2 Counter(s).
	inferred  96 D-type flip-flop(s).
	inferred   3 Adder/Subtractor(s).
Unit <chipserdes_4> synthesized.


Synthesizing Unit <chipserdes_5>.
    Related source file is "/home/rrivera/ots/srcs/otsdaq-firmware/cactus/projects/ftbf/stib_slave_ots/strip/chipserdes.vhd".
WARNING:Xst:1780 - Signal <VALID_SYNC> is never used or assigned. This unconnected signal will be trimmed during the optimization process.
WARNING:Xst:1780 - Signal <VALID_DATA> is never used or assigned. This unconnected signal will be trimmed during the optimization process.
WARNING:Xst:653 - Signal <SERDES_ENABLE> is used but never assigned. This sourceless signal will be automatically connected to value 1.
WARNING:Xst:1780 - Signal <FIFO_RESET> is never used or assigned. This unconnected signal will be trimmed during the optimization process.
WARNING:Xst:1780 - Signal <FIFO_INPUT> is never used or assigned. This unconnected signal will be trimmed during the optimization process.
WARNING:Xst:1780 - Signal <FIFO_FULL> is never used or assigned. This unconnected signal will be trimmed during the optimization process.
WARNING:Xst:1780 - Signal <FIFO_EMPTY_FLAG> is never used or assigned. This unconnected signal will be trimmed during the optimization process.
    Found finite state machine <FSM_18> for signal <STATE>.
    -----------------------------------------------------------------------
    | States             | 5                                              |
    | Transitions        | 12                                             |
    | Inputs             | 6                                              |
    | Outputs            | 9                                              |
    | Clock              | OUTCLK                    (rising_edge)        |
    | Reset              | RESET                     (positive)           |
    | Reset type         | synchronous                                    |
    | Reset State        | align0                                         |
    | Power Up State     | align0                                         |
    | Recovery State     | align0                                         |
    | Encoding           | automatic                                      |
    | Implementation     | LUT                                            |
    -----------------------------------------------------------------------
    Found 32x1-bit ROM for signal <VALID_SET_NUMBER>.
    Found 16x1-bit ROM for signal <VALID_STRIP_NUMBER>.
    Found 1-bit register for signal <DATA_VALID>.
    Found 1-bit register for signal <SYNC_VALID>.
    Found 32-bit register for signal <DOUT>.
    Found 1-bit register for signal <ACKED>.
    Found 1-bit register for signal <ALIGNED>.
    Found 1-bit register for signal <BITSLIP>.
    Found 6-bit register for signal <CHIP_STATUS>.
    Found 1-bit register for signal <DATA_LOST>.
    Found 24-bit register for signal <DATA_WORD<23:0>>.
    Found 16-bit up counter for signal <ERROR_COUNT>.
    Found 1-bit register for signal <GET_READY>.
    Found 4-bit register for signal <INTERNAL_STATE>.
    Found 16-bit up counter for signal <LOST_SYNC_COUNT>.
    Found 6-bit register for signal <MISSING_SYNC_COUNT>.
    Found 6-bit adder for signal <MISSING_SYNC_COUNT$addsub0000> created at line 274.
    Found 1-bit register for signal <NEXT_BITSLIP>.
    Found 1-bit register for signal <NEXT_VALID_DATA>.
    Found 1-bit register for signal <NEXT_VALID_SYNC>.
    Found 1-bit register for signal <SERDES_RESET>.
    Found 8-bit register for signal <SYNC_COUNT>.
    Found 8-bit adder for signal <SYNC_COUNT$addsub0000> created at line 196.
    Found 1-bit register for signal <SYNC_ERROR>.
    Found 1-bit register for signal <TRIMMED>.
    Found 3-bit register for signal <TRY_AGAIN>.
    Found 3-bit subtractor for signal <TRY_AGAIN$addsub0000> created at line 202.
    Summary:
	inferred   1 Finite State Machine(s).
	inferred   2 ROM(s).
	inferred   2 Counter(s).
	inferred  96 D-type flip-flop(s).
	inferred   3 Adder/Subtractor(s).
Unit <chipserdes_5> synthesized.


Synthesizing Unit <stripfifo>.
    Related source file is "/home/rrivera/ots/srcs/otsdaq-firmware/cactus/projects/ftbf/stib_slave_ots/strip/stripfifo.vhd".
WARNING:Xst:1305 - Output <TRIG_CLK> is never assigned. Tied to value 0.
WARNING:Xst:1780 - Signal <SPY_FIFO_OUTPUT> is never used or assigned. This unconnected signal will be trimmed during the optimization process.
WARNING:Xst:646 - Signal <FIFO_OUTPUT<35:32>> is assigned but never used. This unconnected signal will be trimmed during the optimization process.
    Register <TOKEN> equivalent to <DOUT_VALID> has been removed
    Found 1-bit register for signal <DOUT_VALID>.
    Found 1-bit register for signal <CHECKED_TRIGGER>.
    Found 32-bit register for signal <TRIGGERED_DATA>.
    Summary:
	inferred  34 D-type flip-flop(s).
Unit <stripfifo> synthesized.


Synthesizing Unit <chipserdes_6>.
    Related source file is "/home/rrivera/ots/srcs/otsdaq-firmware/cactus/projects/ftbf/stib_slave_ots/strip/chipserdes.vhd".
WARNING:Xst:1780 - Signal <VALID_SYNC> is never used or assigned. This unconnected signal will be trimmed during the optimization process.
WARNING:Xst:1780 - Signal <VALID_DATA> is never used or assigned. This unconnected signal will be trimmed during the optimization process.
WARNING:Xst:653 - Signal <SERDES_ENABLE> is used but never assigned. This sourceless signal will be automatically connected to value 1.
WARNING:Xst:1780 - Signal <FIFO_RESET> is never used or assigned. This unconnected signal will be trimmed during the optimization process.
WARNING:Xst:1780 - Signal <FIFO_INPUT> is never used or assigned. This unconnected signal will be trimmed during the optimization process.
WARNING:Xst:1780 - Signal <FIFO_FULL> is never used or assigned. This unconnected signal will be trimmed during the optimization process.
WARNING:Xst:1780 - Signal <FIFO_EMPTY_FLAG> is never used or assigned. This unconnected signal will be trimmed during the optimization process.
    Found finite state machine <FSM_19> for signal <STATE>.
    -----------------------------------------------------------------------
    | States             | 5                                              |
    | Transitions        | 12                                             |
    | Inputs             | 6                                              |
    | Outputs            | 9                                              |
    | Clock              | OUTCLK                    (rising_edge)        |
    | Reset              | RESET                     (positive)           |
    | Reset type         | synchronous                                    |
    | Reset State        | align0                                         |
    | Power Up State     | align0                                         |
    | Recovery State     | align0                                         |
    | Encoding           | automatic                                      |
    | Implementation     | LUT                                            |
    -----------------------------------------------------------------------
    Found 32x1-bit ROM for signal <VALID_SET_NUMBER>.
    Found 16x1-bit ROM for signal <VALID_STRIP_NUMBER>.
    Found 1-bit register for signal <DATA_VALID>.
    Found 1-bit register for signal <SYNC_VALID>.
    Found 32-bit register for signal <DOUT>.
    Found 1-bit register for signal <ACKED>.
    Found 1-bit register for signal <ALIGNED>.
    Found 1-bit register for signal <BITSLIP>.
    Found 6-bit register for signal <CHIP_STATUS>.
    Found 1-bit register for signal <DATA_LOST>.
    Found 24-bit register for signal <DATA_WORD<23:0>>.
    Found 16-bit up counter for signal <ERROR_COUNT>.
    Found 1-bit register for signal <GET_READY>.
    Found 4-bit register for signal <INTERNAL_STATE>.
    Found 16-bit up counter for signal <LOST_SYNC_COUNT>.
    Found 6-bit register for signal <MISSING_SYNC_COUNT>.
    Found 6-bit adder for signal <MISSING_SYNC_COUNT$addsub0000> created at line 274.
    Found 1-bit register for signal <NEXT_BITSLIP>.
    Found 1-bit register for signal <NEXT_VALID_DATA>.
    Found 1-bit register for signal <NEXT_VALID_SYNC>.
    Found 1-bit register for signal <SERDES_RESET>.
    Found 8-bit register for signal <SYNC_COUNT>.
    Found 8-bit adder for signal <SYNC_COUNT$addsub0000> created at line 196.
    Found 1-bit register for signal <SYNC_ERROR>.
    Found 1-bit register for signal <TRIMMED>.
    Found 3-bit register for signal <TRY_AGAIN>.
    Found 3-bit subtractor for signal <TRY_AGAIN$addsub0000> created at line 202.
    Summary:
	inferred   1 Finite State Machine(s).
	inferred   2 ROM(s).
	inferred   2 Counter(s).
	inferred  96 D-type flip-flop(s).
	inferred   3 Adder/Subtractor(s).
Unit <chipserdes_6> synthesized.


Synthesizing Unit <chipserdes_7>.
    Related source file is "/home/rrivera/ots/srcs/otsdaq-firmware/cactus/projects/ftbf/stib_slave_ots/strip/chipserdes.vhd".
WARNING:Xst:1780 - Signal <VALID_SYNC> is never used or assigned. This unconnected signal will be trimmed during the optimization process.
WARNING:Xst:1780 - Signal <VALID_DATA> is never used or assigned. This unconnected signal will be trimmed during the optimization process.
WARNING:Xst:653 - Signal <SERDES_ENABLE> is used but never assigned. This sourceless signal will be automatically connected to value 1.
WARNING:Xst:1780 - Signal <FIFO_RESET> is never used or assigned. This unconnected signal will be trimmed during the optimization process.
WARNING:Xst:1780 - Signal <FIFO_INPUT> is never used or assigned. This unconnected signal will be trimmed during the optimization process.
WARNING:Xst:1780 - Signal <FIFO_FULL> is never used or assigned. This unconnected signal will be trimmed during the optimization process.
WARNING:Xst:1780 - Signal <FIFO_EMPTY_FLAG> is never used or assigned. This unconnected signal will be trimmed during the optimization process.
    Found finite state machine <FSM_20> for signal <STATE>.
    -----------------------------------------------------------------------
    | States             | 5                                              |
    | Transitions        | 12                                             |
    | Inputs             | 6                                              |
    | Outputs            | 9                                              |
    | Clock              | OUTCLK                    (rising_edge)        |
    | Reset              | RESET                     (positive)           |
    | Reset type         | synchronous                                    |
    | Reset State        | align0                                         |
    | Power Up State     | align0                                         |
    | Recovery State     | align0                                         |
    | Encoding           | automatic                                      |
    | Implementation     | LUT                                            |
    -----------------------------------------------------------------------
    Found 32x1-bit ROM for signal <VALID_SET_NUMBER>.
    Found 16x1-bit ROM for signal <VALID_STRIP_NUMBER>.
    Found 1-bit register for signal <DATA_VALID>.
    Found 1-bit register for signal <SYNC_VALID>.
    Found 32-bit register for signal <DOUT>.
    Found 1-bit register for signal <ACKED>.
    Found 1-bit register for signal <ALIGNED>.
    Found 1-bit register for signal <BITSLIP>.
    Found 6-bit register for signal <CHIP_STATUS>.
    Found 1-bit register for signal <DATA_LOST>.
    Found 24-bit register for signal <DATA_WORD<23:0>>.
    Found 16-bit up counter for signal <ERROR_COUNT>.
    Found 1-bit register for signal <GET_READY>.
    Found 4-bit register for signal <INTERNAL_STATE>.
    Found 16-bit up counter for signal <LOST_SYNC_COUNT>.
    Found 6-bit register for signal <MISSING_SYNC_COUNT>.
    Found 6-bit adder for signal <MISSING_SYNC_COUNT$addsub0000> created at line 274.
    Found 1-bit register for signal <NEXT_BITSLIP>.
    Found 1-bit register for signal <NEXT_VALID_DATA>.
    Found 1-bit register for signal <NEXT_VALID_SYNC>.
    Found 1-bit register for signal <SERDES_RESET>.
    Found 8-bit register for signal <SYNC_COUNT>.
    Found 8-bit adder for signal <SYNC_COUNT$addsub0000> created at line 196.
    Found 1-bit register for signal <SYNC_ERROR>.
    Found 1-bit register for signal <TRIMMED>.
    Found 3-bit register for signal <TRY_AGAIN>.
    Found 3-bit subtractor for signal <TRY_AGAIN$addsub0000> created at line 202.
    Summary:
	inferred   1 Finite State Machine(s).
	inferred   2 ROM(s).
	inferred   2 Counter(s).
	inferred  96 D-type flip-flop(s).
	inferred   3 Adder/Subtractor(s).
Unit <chipserdes_7> synthesized.


Synthesizing Unit <chipserdes_8>.
    Related source file is "/home/rrivera/ots/srcs/otsdaq-firmware/cactus/projects/ftbf/stib_slave_ots/strip/chipserdes.vhd".
WARNING:Xst:1780 - Signal <VALID_SYNC> is never used or assigned. This unconnected signal will be trimmed during the optimization process.
WARNING:Xst:1780 - Signal <VALID_DATA> is never used or assigned. This unconnected signal will be trimmed during the optimization process.
WARNING:Xst:653 - Signal <SERDES_ENABLE> is used but never assigned. This sourceless signal will be automatically connected to value 1.
WARNING:Xst:1780 - Signal <FIFO_RESET> is never used or assigned. This unconnected signal will be trimmed during the optimization process.
WARNING:Xst:1780 - Signal <FIFO_INPUT> is never used or assigned. This unconnected signal will be trimmed during the optimization process.
WARNING:Xst:1780 - Signal <FIFO_FULL> is never used or assigned. This unconnected signal will be trimmed during the optimization process.
WARNING:Xst:1780 - Signal <FIFO_EMPTY_FLAG> is never used or assigned. This unconnected signal will be trimmed during the optimization process.
    Found finite state machine <FSM_21> for signal <STATE>.
    -----------------------------------------------------------------------
    | States             | 5                                              |
    | Transitions        | 12                                             |
    | Inputs             | 6                                              |
    | Outputs            | 9                                              |
    | Clock              | OUTCLK                    (rising_edge)        |
    | Reset              | RESET                     (positive)           |
    | Reset type         | synchronous                                    |
    | Reset State        | align0                                         |
    | Power Up State     | align0                                         |
    | Recovery State     | align0                                         |
    | Encoding           | automatic                                      |
    | Implementation     | LUT                                            |
    -----------------------------------------------------------------------
    Found 32x1-bit ROM for signal <VALID_SET_NUMBER>.
    Found 16x1-bit ROM for signal <VALID_STRIP_NUMBER>.
    Found 1-bit register for signal <DATA_VALID>.
    Found 1-bit register for signal <SYNC_VALID>.
    Found 32-bit register for signal <DOUT>.
    Found 1-bit register for signal <ACKED>.
    Found 1-bit register for signal <ALIGNED>.
    Found 1-bit register for signal <BITSLIP>.
    Found 6-bit register for signal <CHIP_STATUS>.
    Found 1-bit register for signal <DATA_LOST>.
    Found 24-bit register for signal <DATA_WORD<23:0>>.
    Found 16-bit up counter for signal <ERROR_COUNT>.
    Found 1-bit register for signal <GET_READY>.
    Found 4-bit register for signal <INTERNAL_STATE>.
    Found 16-bit up counter for signal <LOST_SYNC_COUNT>.
    Found 6-bit register for signal <MISSING_SYNC_COUNT>.
    Found 6-bit adder for signal <MISSING_SYNC_COUNT$addsub0000> created at line 274.
    Found 1-bit register for signal <NEXT_BITSLIP>.
    Found 1-bit register for signal <NEXT_VALID_DATA>.
    Found 1-bit register for signal <NEXT_VALID_SYNC>.
    Found 1-bit register for signal <SERDES_RESET>.
    Found 8-bit register for signal <SYNC_COUNT>.
    Found 8-bit adder for signal <SYNC_COUNT$addsub0000> created at line 196.
    Found 1-bit register for signal <SYNC_ERROR>.
    Found 1-bit register for signal <TRIMMED>.
    Found 3-bit register for signal <TRY_AGAIN>.
    Found 3-bit subtractor for signal <TRY_AGAIN$addsub0000> created at line 202.
    Summary:
	inferred   1 Finite State Machine(s).
	inferred   2 ROM(s).
	inferred   2 Counter(s).
	inferred  96 D-type flip-flop(s).
	inferred   3 Adder/Subtractor(s).
Unit <chipserdes_8> synthesized.


Synthesizing Unit <chipserdes_9>.
    Related source file is "/home/rrivera/ots/srcs/otsdaq-firmware/cactus/projects/ftbf/stib_slave_ots/strip/chipserdes.vhd".
WARNING:Xst:1780 - Signal <VALID_SYNC> is never used or assigned. This unconnected signal will be trimmed during the optimization process.
WARNING:Xst:1780 - Signal <VALID_DATA> is never used or assigned. This unconnected signal will be trimmed during the optimization process.
WARNING:Xst:653 - Signal <SERDES_ENABLE> is used but never assigned. This sourceless signal will be automatically connected to value 1.
WARNING:Xst:1780 - Signal <FIFO_RESET> is never used or assigned. This unconnected signal will be trimmed during the optimization process.
WARNING:Xst:1780 - Signal <FIFO_INPUT> is never used or assigned. This unconnected signal will be trimmed during the optimization process.
WARNING:Xst:1780 - Signal <FIFO_FULL> is never used or assigned. This unconnected signal will be trimmed during the optimization process.
WARNING:Xst:1780 - Signal <FIFO_EMPTY_FLAG> is never used or assigned. This unconnected signal will be trimmed during the optimization process.
    Found finite state machine <FSM_22> for signal <STATE>.
    -----------------------------------------------------------------------
    | States             | 5                                              |
    | Transitions        | 12                                             |
    | Inputs             | 6                                              |
    | Outputs            | 9                                              |
    | Clock              | OUTCLK                    (rising_edge)        |
    | Reset              | RESET                     (positive)           |
    | Reset type         | synchronous                                    |
    | Reset State        | align0                                         |
    | Power Up State     | align0                                         |
    | Recovery State     | align0                                         |
    | Encoding           | automatic                                      |
    | Implementation     | LUT                                            |
    -----------------------------------------------------------------------
    Found 32x1-bit ROM for signal <VALID_SET_NUMBER>.
    Found 16x1-bit ROM for signal <VALID_STRIP_NUMBER>.
    Found 1-bit register for signal <DATA_VALID>.
    Found 1-bit register for signal <SYNC_VALID>.
    Found 32-bit register for signal <DOUT>.
    Found 1-bit register for signal <ACKED>.
    Found 1-bit register for signal <ALIGNED>.
    Found 1-bit register for signal <BITSLIP>.
    Found 6-bit register for signal <CHIP_STATUS>.
    Found 1-bit register for signal <DATA_LOST>.
    Found 24-bit register for signal <DATA_WORD<23:0>>.
    Found 16-bit up counter for signal <ERROR_COUNT>.
    Found 1-bit register for signal <GET_READY>.
    Found 4-bit register for signal <INTERNAL_STATE>.
    Found 16-bit up counter for signal <LOST_SYNC_COUNT>.
    Found 6-bit register for signal <MISSING_SYNC_COUNT>.
    Found 6-bit adder for signal <MISSING_SYNC_COUNT$addsub0000> created at line 274.
    Found 1-bit register for signal <NEXT_BITSLIP>.
    Found 1-bit register for signal <NEXT_VALID_DATA>.
    Found 1-bit register for signal <NEXT_VALID_SYNC>.
    Found 1-bit register for signal <SERDES_RESET>.
    Found 8-bit register for signal <SYNC_COUNT>.
    Found 8-bit adder for signal <SYNC_COUNT$addsub0000> created at line 196.
    Found 1-bit register for signal <SYNC_ERROR>.
    Found 1-bit register for signal <TRIMMED>.
    Found 3-bit register for signal <TRY_AGAIN>.
    Found 3-bit subtractor for signal <TRY_AGAIN$addsub0000> created at line 202.
    Summary:
	inferred   1 Finite State Machine(s).
	inferred   2 ROM(s).
	inferred   2 Counter(s).
	inferred  96 D-type flip-flop(s).
	inferred   3 Adder/Subtractor(s).
Unit <chipserdes_9> synthesized.


Synthesizing Unit <chipserdes_10>.
    Related source file is "/home/rrivera/ots/srcs/otsdaq-firmware/cactus/projects/ftbf/stib_slave_ots/strip/chipserdes.vhd".
WARNING:Xst:1780 - Signal <VALID_SYNC> is never used or assigned. This unconnected signal will be trimmed during the optimization process.
WARNING:Xst:1780 - Signal <VALID_DATA> is never used or assigned. This unconnected signal will be trimmed during the optimization process.
WARNING:Xst:653 - Signal <SERDES_ENABLE> is used but never assigned. This sourceless signal will be automatically connected to value 1.
WARNING:Xst:1780 - Signal <FIFO_RESET> is never used or assigned. This unconnected signal will be trimmed during the optimization process.
WARNING:Xst:1780 - Signal <FIFO_INPUT> is never used or assigned. This unconnected signal will be trimmed during the optimization process.
WARNING:Xst:1780 - Signal <FIFO_FULL> is never used or assigned. This unconnected signal will be trimmed during the optimization process.
WARNING:Xst:1780 - Signal <FIFO_EMPTY_FLAG> is never used or assigned. This unconnected signal will be trimmed during the optimization process.
    Found finite state machine <FSM_23> for signal <STATE>.
    -----------------------------------------------------------------------
    | States             | 5                                              |
    | Transitions        | 12                                             |
    | Inputs             | 6                                              |
    | Outputs            | 9                                              |
    | Clock              | OUTCLK                    (rising_edge)        |
    | Reset              | RESET                     (positive)           |
    | Reset type         | synchronous                                    |
    | Reset State        | align0                                         |
    | Power Up State     | align0                                         |
    | Recovery State     | align0                                         |
    | Encoding           | automatic                                      |
    | Implementation     | LUT                                            |
    -----------------------------------------------------------------------
    Found 32x1-bit ROM for signal <VALID_SET_NUMBER>.
    Found 16x1-bit ROM for signal <VALID_STRIP_NUMBER>.
    Found 1-bit register for signal <DATA_VALID>.
    Found 1-bit register for signal <SYNC_VALID>.
    Found 32-bit register for signal <DOUT>.
    Found 1-bit register for signal <ACKED>.
    Found 1-bit register for signal <ALIGNED>.
    Found 1-bit register for signal <BITSLIP>.
    Found 6-bit register for signal <CHIP_STATUS>.
    Found 1-bit register for signal <DATA_LOST>.
    Found 24-bit register for signal <DATA_WORD<23:0>>.
    Found 16-bit up counter for signal <ERROR_COUNT>.
    Found 1-bit register for signal <GET_READY>.
    Found 4-bit register for signal <INTERNAL_STATE>.
    Found 16-bit up counter for signal <LOST_SYNC_COUNT>.
    Found 6-bit register for signal <MISSING_SYNC_COUNT>.
    Found 6-bit adder for signal <MISSING_SYNC_COUNT$addsub0000> created at line 274.
    Found 1-bit register for signal <NEXT_BITSLIP>.
    Found 1-bit register for signal <NEXT_VALID_DATA>.
    Found 1-bit register for signal <NEXT_VALID_SYNC>.
    Found 1-bit register for signal <SERDES_RESET>.
    Found 8-bit register for signal <SYNC_COUNT>.
    Found 8-bit adder for signal <SYNC_COUNT$addsub0000> created at line 196.
    Found 1-bit register for signal <SYNC_ERROR>.
    Found 1-bit register for signal <TRIMMED>.
    Found 3-bit register for signal <TRY_AGAIN>.
    Found 3-bit subtractor for signal <TRY_AGAIN$addsub0000> created at line 202.
    Summary:
	inferred   1 Finite State Machine(s).
	inferred   2 ROM(s).
	inferred   2 Counter(s).
	inferred  96 D-type flip-flop(s).
	inferred   3 Adder/Subtractor(s).
Unit <chipserdes_10> synthesized.


Synthesizing Unit <chipserdes_11>.
    Related source file is "/home/rrivera/ots/srcs/otsdaq-firmware/cactus/projects/ftbf/stib_slave_ots/strip/chipserdes.vhd".
WARNING:Xst:1780 - Signal <VALID_SYNC> is never used or assigned. This unconnected signal will be trimmed during the optimization process.
WARNING:Xst:1780 - Signal <VALID_DATA> is never used or assigned. This unconnected signal will be trimmed during the optimization process.
WARNING:Xst:653 - Signal <SERDES_ENABLE> is used but never assigned. This sourceless signal will be automatically connected to value 1.
WARNING:Xst:1780 - Signal <FIFO_RESET> is never used or assigned. This unconnected signal will be trimmed during the optimization process.
WARNING:Xst:1780 - Signal <FIFO_INPUT> is never used or assigned. This unconnected signal will be trimmed during the optimization process.
WARNING:Xst:1780 - Signal <FIFO_FULL> is never used or assigned. This unconnected signal will be trimmed during the optimization process.
WARNING:Xst:1780 - Signal <FIFO_EMPTY_FLAG> is never used or assigned. This unconnected signal will be trimmed during the optimization process.
    Found finite state machine <FSM_24> for signal <STATE>.
    -----------------------------------------------------------------------
    | States             | 5                                              |
    | Transitions        | 12                                             |
    | Inputs             | 6                                              |
    | Outputs            | 9                                              |
    | Clock              | OUTCLK                    (rising_edge)        |
    | Reset              | RESET                     (positive)           |
    | Reset type         | synchronous                                    |
    | Reset State        | align0                                         |
    | Power Up State     | align0                                         |
    | Recovery State     | align0                                         |
    | Encoding           | automatic                                      |
    | Implementation     | LUT                                            |
    -----------------------------------------------------------------------
    Found 32x1-bit ROM for signal <VALID_SET_NUMBER>.
    Found 16x1-bit ROM for signal <VALID_STRIP_NUMBER>.
    Found 1-bit register for signal <DATA_VALID>.
    Found 1-bit register for signal <SYNC_VALID>.
    Found 32-bit register for signal <DOUT>.
    Found 1-bit register for signal <ACKED>.
    Found 1-bit register for signal <ALIGNED>.
    Found 1-bit register for signal <BITSLIP>.
    Found 6-bit register for signal <CHIP_STATUS>.
    Found 1-bit register for signal <DATA_LOST>.
    Found 24-bit register for signal <DATA_WORD<23:0>>.
    Found 16-bit up counter for signal <ERROR_COUNT>.
    Found 1-bit register for signal <GET_READY>.
    Found 4-bit register for signal <INTERNAL_STATE>.
    Found 16-bit up counter for signal <LOST_SYNC_COUNT>.
    Found 6-bit register for signal <MISSING_SYNC_COUNT>.
    Found 6-bit adder for signal <MISSING_SYNC_COUNT$addsub0000> created at line 274.
    Found 1-bit register for signal <NEXT_BITSLIP>.
    Found 1-bit register for signal <NEXT_VALID_DATA>.
    Found 1-bit register for signal <NEXT_VALID_SYNC>.
    Found 1-bit register for signal <SERDES_RESET>.
    Found 8-bit register for signal <SYNC_COUNT>.
    Found 8-bit adder for signal <SYNC_COUNT$addsub0000> created at line 196.
    Found 1-bit register for signal <SYNC_ERROR>.
    Found 1-bit register for signal <TRIMMED>.
    Found 3-bit register for signal <TRY_AGAIN>.
    Found 3-bit subtractor for signal <TRY_AGAIN$addsub0000> created at line 202.
    Summary:
	inferred   1 Finite State Machine(s).
	inferred   2 ROM(s).
	inferred   2 Counter(s).
	inferred  96 D-type flip-flop(s).
	inferred   3 Adder/Subtractor(s).
Unit <chipserdes_11> synthesized.


Synthesizing Unit <chipserdes_12>.
    Related source file is "/home/rrivera/ots/srcs/otsdaq-firmware/cactus/projects/ftbf/stib_slave_ots/strip/chipserdes.vhd".
WARNING:Xst:1780 - Signal <VALID_SYNC> is never used or assigned. This unconnected signal will be trimmed during the optimization process.
WARNING:Xst:1780 - Signal <VALID_DATA> is never used or assigned. This unconnected signal will be trimmed during the optimization process.
WARNING:Xst:653 - Signal <SERDES_ENABLE> is used but never assigned. This sourceless signal will be automatically connected to value 1.
WARNING:Xst:1780 - Signal <FIFO_RESET> is never used or assigned. This unconnected signal will be trimmed during the optimization process.
WARNING:Xst:1780 - Signal <FIFO_INPUT> is never used or assigned. This unconnected signal will be trimmed during the optimization process.
WARNING:Xst:1780 - Signal <FIFO_FULL> is never used or assigned. This unconnected signal will be trimmed during the optimization process.
WARNING:Xst:1780 - Signal <FIFO_EMPTY_FLAG> is never used or assigned. This unconnected signal will be trimmed during the optimization process.
    Found finite state machine <FSM_25> for signal <STATE>.
    -----------------------------------------------------------------------
    | States             | 5                                              |
    | Transitions        | 12                                             |
    | Inputs             | 6                                              |
    | Outputs            | 9                                              |
    | Clock              | OUTCLK                    (rising_edge)        |
    | Reset              | RESET                     (positive)           |
    | Reset type         | synchronous                                    |
    | Reset State        | align0                                         |
    | Power Up State     | align0                                         |
    | Recovery State     | align0                                         |
    | Encoding           | automatic                                      |
    | Implementation     | LUT                                            |
    -----------------------------------------------------------------------
    Found 32x1-bit ROM for signal <VALID_SET_NUMBER>.
    Found 16x1-bit ROM for signal <VALID_STRIP_NUMBER>.
    Found 1-bit register for signal <DATA_VALID>.
    Found 1-bit register for signal <SYNC_VALID>.
    Found 32-bit register for signal <DOUT>.
    Found 1-bit register for signal <ACKED>.
    Found 1-bit register for signal <ALIGNED>.
    Found 1-bit register for signal <BITSLIP>.
    Found 6-bit register for signal <CHIP_STATUS>.
    Found 1-bit register for signal <DATA_LOST>.
    Found 24-bit register for signal <DATA_WORD<23:0>>.
    Found 16-bit up counter for signal <ERROR_COUNT>.
    Found 1-bit register for signal <GET_READY>.
    Found 4-bit register for signal <INTERNAL_STATE>.
    Found 16-bit up counter for signal <LOST_SYNC_COUNT>.
    Found 6-bit register for signal <MISSING_SYNC_COUNT>.
    Found 6-bit adder for signal <MISSING_SYNC_COUNT$addsub0000> created at line 274.
    Found 1-bit register for signal <NEXT_BITSLIP>.
    Found 1-bit register for signal <NEXT_VALID_DATA>.
    Found 1-bit register for signal <NEXT_VALID_SYNC>.
    Found 1-bit register for signal <SERDES_RESET>.
    Found 8-bit register for signal <SYNC_COUNT>.
    Found 8-bit adder for signal <SYNC_COUNT$addsub0000> created at line 196.
    Found 1-bit register for signal <SYNC_ERROR>.
    Found 1-bit register for signal <TRIMMED>.
    Found 3-bit register for signal <TRY_AGAIN>.
    Found 3-bit subtractor for signal <TRY_AGAIN$addsub0000> created at line 202.
    Summary:
	inferred   1 Finite State Machine(s).
	inferred   2 ROM(s).
	inferred   2 Counter(s).
	inferred  96 D-type flip-flop(s).
	inferred   3 Adder/Subtractor(s).
Unit <chipserdes_12> synthesized.


Synthesizing Unit <chipserdes_13>.
    Related source file is "/home/rrivera/ots/srcs/otsdaq-firmware/cactus/projects/ftbf/stib_slave_ots/strip/chipserdes.vhd".
WARNING:Xst:1780 - Signal <VALID_SYNC> is never used or assigned. This unconnected signal will be trimmed during the optimization process.
WARNING:Xst:1780 - Signal <VALID_DATA> is never used or assigned. This unconnected signal will be trimmed during the optimization process.
WARNING:Xst:653 - Signal <SERDES_ENABLE> is used but never assigned. This sourceless signal will be automatically connected to value 1.
WARNING:Xst:1780 - Signal <FIFO_RESET> is never used or assigned. This unconnected signal will be trimmed during the optimization process.
WARNING:Xst:1780 - Signal <FIFO_INPUT> is never used or assigned. This unconnected signal will be trimmed during the optimization process.
WARNING:Xst:1780 - Signal <FIFO_FULL> is never used or assigned. This unconnected signal will be trimmed during the optimization process.
WARNING:Xst:1780 - Signal <FIFO_EMPTY_FLAG> is never used or assigned. This unconnected signal will be trimmed during the optimization process.
    Found finite state machine <FSM_26> for signal <STATE>.
    -----------------------------------------------------------------------
    | States             | 5                                              |
    | Transitions        | 12                                             |
    | Inputs             | 6                                              |
    | Outputs            | 9                                              |
    | Clock              | OUTCLK                    (rising_edge)        |
    | Reset              | RESET                     (positive)           |
    | Reset type         | synchronous                                    |
    | Reset State        | align0                                         |
    | Power Up State     | align0                                         |
    | Recovery State     | align0                                         |
    | Encoding           | automatic                                      |
    | Implementation     | LUT                                            |
    -----------------------------------------------------------------------
    Found 32x1-bit ROM for signal <VALID_SET_NUMBER>.
    Found 16x1-bit ROM for signal <VALID_STRIP_NUMBER>.
    Found 1-bit register for signal <DATA_VALID>.
    Found 1-bit register for signal <SYNC_VALID>.
    Found 32-bit register for signal <DOUT>.
    Found 1-bit register for signal <ACKED>.
    Found 1-bit register for signal <ALIGNED>.
    Found 1-bit register for signal <BITSLIP>.
    Found 6-bit register for signal <CHIP_STATUS>.
    Found 1-bit register for signal <DATA_LOST>.
    Found 24-bit register for signal <DATA_WORD<23:0>>.
    Found 16-bit up counter for signal <ERROR_COUNT>.
    Found 1-bit register for signal <GET_READY>.
    Found 4-bit register for signal <INTERNAL_STATE>.
    Found 16-bit up counter for signal <LOST_SYNC_COUNT>.
    Found 6-bit register for signal <MISSING_SYNC_COUNT>.
    Found 6-bit adder for signal <MISSING_SYNC_COUNT$addsub0000> created at line 274.
    Found 1-bit register for signal <NEXT_BITSLIP>.
    Found 1-bit register for signal <NEXT_VALID_DATA>.
    Found 1-bit register for signal <NEXT_VALID_SYNC>.
    Found 1-bit register for signal <SERDES_RESET>.
    Found 8-bit register for signal <SYNC_COUNT>.
    Found 8-bit adder for signal <SYNC_COUNT$addsub0000> created at line 196.
    Found 1-bit register for signal <SYNC_ERROR>.
    Found 1-bit register for signal <TRIMMED>.
    Found 3-bit register for signal <TRY_AGAIN>.
    Found 3-bit subtractor for signal <TRY_AGAIN$addsub0000> created at line 202.
    Summary:
	inferred   1 Finite State Machine(s).
	inferred   2 ROM(s).
	inferred   2 Counter(s).
	inferred  96 D-type flip-flop(s).
	inferred   3 Adder/Subtractor(s).
Unit <chipserdes_13> synthesized.


Synthesizing Unit <chipserdes_14>.
    Related source file is "/home/rrivera/ots/srcs/otsdaq-firmware/cactus/projects/ftbf/stib_slave_ots/strip/chipserdes.vhd".
WARNING:Xst:1780 - Signal <VALID_SYNC> is never used or assigned. This unconnected signal will be trimmed during the optimization process.
WARNING:Xst:1780 - Signal <VALID_DATA> is never used or assigned. This unconnected signal will be trimmed during the optimization process.
WARNING:Xst:653 - Signal <SERDES_ENABLE> is used but never assigned. This sourceless signal will be automatically connected to value 1.
WARNING:Xst:1780 - Signal <FIFO_RESET> is never used or assigned. This unconnected signal will be trimmed during the optimization process.
WARNING:Xst:1780 - Signal <FIFO_INPUT> is never used or assigned. This unconnected signal will be trimmed during the optimization process.
WARNING:Xst:1780 - Signal <FIFO_FULL> is never used or assigned. This unconnected signal will be trimmed during the optimization process.
WARNING:Xst:1780 - Signal <FIFO_EMPTY_FLAG> is never used or assigned. This unconnected signal will be trimmed during the optimization process.
    Found finite state machine <FSM_27> for signal <STATE>.
    -----------------------------------------------------------------------
    | States             | 5                                              |
    | Transitions        | 12                                             |
    | Inputs             | 6                                              |
    | Outputs            | 9                                              |
    | Clock              | OUTCLK                    (rising_edge)        |
    | Reset              | RESET                     (positive)           |
    | Reset type         | synchronous                                    |
    | Reset State        | align0                                         |
    | Power Up State     | align0                                         |
    | Recovery State     | align0                                         |
    | Encoding           | automatic                                      |
    | Implementation     | LUT                                            |
    -----------------------------------------------------------------------
    Found 32x1-bit ROM for signal <VALID_SET_NUMBER>.
    Found 16x1-bit ROM for signal <VALID_STRIP_NUMBER>.
    Found 1-bit register for signal <DATA_VALID>.
    Found 1-bit register for signal <SYNC_VALID>.
    Found 32-bit register for signal <DOUT>.
    Found 1-bit register for signal <ACKED>.
    Found 1-bit register for signal <ALIGNED>.
    Found 1-bit register for signal <BITSLIP>.
    Found 6-bit register for signal <CHIP_STATUS>.
    Found 1-bit register for signal <DATA_LOST>.
    Found 24-bit register for signal <DATA_WORD<23:0>>.
    Found 16-bit up counter for signal <ERROR_COUNT>.
    Found 1-bit register for signal <GET_READY>.
    Found 4-bit register for signal <INTERNAL_STATE>.
    Found 16-bit up counter for signal <LOST_SYNC_COUNT>.
    Found 6-bit register for signal <MISSING_SYNC_COUNT>.
    Found 6-bit adder for signal <MISSING_SYNC_COUNT$addsub0000> created at line 274.
    Found 1-bit register for signal <NEXT_BITSLIP>.
    Found 1-bit register for signal <NEXT_VALID_DATA>.
    Found 1-bit register for signal <NEXT_VALID_SYNC>.
    Found 1-bit register for signal <SERDES_RESET>.
    Found 8-bit register for signal <SYNC_COUNT>.
    Found 8-bit adder for signal <SYNC_COUNT$addsub0000> created at line 196.
    Found 1-bit register for signal <SYNC_ERROR>.
    Found 1-bit register for signal <TRIMMED>.
    Found 3-bit register for signal <TRY_AGAIN>.
    Found 3-bit subtractor for signal <TRY_AGAIN$addsub0000> created at line 202.
    Summary:
	inferred   1 Finite State Machine(s).
	inferred   2 ROM(s).
	inferred   2 Counter(s).
	inferred  96 D-type flip-flop(s).
	inferred   3 Adder/Subtractor(s).
Unit <chipserdes_14> synthesized.


Synthesizing Unit <chipserdes_15>.
    Related source file is "/home/rrivera/ots/srcs/otsdaq-firmware/cactus/projects/ftbf/stib_slave_ots/strip/chipserdes.vhd".
WARNING:Xst:1780 - Signal <VALID_SYNC> is never used or assigned. This unconnected signal will be trimmed during the optimization process.
WARNING:Xst:1780 - Signal <VALID_DATA> is never used or assigned. This unconnected signal will be trimmed during the optimization process.
WARNING:Xst:653 - Signal <SERDES_ENABLE> is used but never assigned. This sourceless signal will be automatically connected to value 1.
WARNING:Xst:1780 - Signal <FIFO_RESET> is never used or assigned. This unconnected signal will be trimmed during the optimization process.
WARNING:Xst:1780 - Signal <FIFO_INPUT> is never used or assigned. This unconnected signal will be trimmed during the optimization process.
WARNING:Xst:1780 - Signal <FIFO_FULL> is never used or assigned. This unconnected signal will be trimmed during the optimization process.
WARNING:Xst:1780 - Signal <FIFO_EMPTY_FLAG> is never used or assigned. This unconnected signal will be trimmed during the optimization process.
    Found finite state machine <FSM_28> for signal <STATE>.
    -----------------------------------------------------------------------
    | States             | 5                                              |
    | Transitions        | 12                                             |
    | Inputs             | 6                                              |
    | Outputs            | 9                                              |
    | Clock              | OUTCLK                    (rising_edge)        |
    | Reset              | RESET                     (positive)           |
    | Reset type         | synchronous                                    |
    | Reset State        | align0                                         |
    | Power Up State     | align0                                         |
    | Recovery State     | align0                                         |
    | Encoding           | automatic                                      |
    | Implementation     | LUT                                            |
    -----------------------------------------------------------------------
    Found 32x1-bit ROM for signal <VALID_SET_NUMBER>.
    Found 16x1-bit ROM for signal <VALID_STRIP_NUMBER>.
    Found 1-bit register for signal <DATA_VALID>.
    Found 1-bit register for signal <SYNC_VALID>.
    Found 32-bit register for signal <DOUT>.
    Found 1-bit register for signal <ACKED>.
    Found 1-bit register for signal <ALIGNED>.
    Found 1-bit register for signal <BITSLIP>.
    Found 6-bit register for signal <CHIP_STATUS>.
    Found 1-bit register for signal <DATA_LOST>.
    Found 24-bit register for signal <DATA_WORD<23:0>>.
    Found 16-bit up counter for signal <ERROR_COUNT>.
    Found 1-bit register for signal <GET_READY>.
    Found 4-bit register for signal <INTERNAL_STATE>.
    Found 16-bit up counter for signal <LOST_SYNC_COUNT>.
    Found 6-bit register for signal <MISSING_SYNC_COUNT>.
    Found 6-bit adder for signal <MISSING_SYNC_COUNT$addsub0000> created at line 274.
    Found 1-bit register for signal <NEXT_BITSLIP>.
    Found 1-bit register for signal <NEXT_VALID_DATA>.
    Found 1-bit register for signal <NEXT_VALID_SYNC>.
    Found 1-bit register for signal <SERDES_RESET>.
    Found 8-bit register for signal <SYNC_COUNT>.
    Found 8-bit adder for signal <SYNC_COUNT$addsub0000> created at line 196.
    Found 1-bit register for signal <SYNC_ERROR>.
    Found 1-bit register for signal <TRIMMED>.
    Found 3-bit register for signal <TRY_AGAIN>.
    Found 3-bit subtractor for signal <TRY_AGAIN$addsub0000> created at line 202.
    Summary:
	inferred   1 Finite State Machine(s).
	inferred   2 ROM(s).
	inferred   2 Counter(s).
	inferred  96 D-type flip-flop(s).
	inferred   3 Adder/Subtractor(s).
Unit <chipserdes_15> synthesized.


Synthesizing Unit <chipserdes_16>.
    Related source file is "/home/rrivera/ots/srcs/otsdaq-firmware/cactus/projects/ftbf/stib_slave_ots/strip/chipserdes.vhd".
WARNING:Xst:1780 - Signal <VALID_SYNC> is never used or assigned. This unconnected signal will be trimmed during the optimization process.
WARNING:Xst:1780 - Signal <VALID_DATA> is never used or assigned. This unconnected signal will be trimmed during the optimization process.
WARNING:Xst:653 - Signal <SERDES_ENABLE> is used but never assigned. This sourceless signal will be automatically connected to value 1.
WARNING:Xst:1780 - Signal <FIFO_RESET> is never used or assigned. This unconnected signal will be trimmed during the optimization process.
WARNING:Xst:1780 - Signal <FIFO_INPUT> is never used or assigned. This unconnected signal will be trimmed during the optimization process.
WARNING:Xst:1780 - Signal <FIFO_FULL> is never used or assigned. This unconnected signal will be trimmed during the optimization process.
WARNING:Xst:1780 - Signal <FIFO_EMPTY_FLAG> is never used or assigned. This unconnected signal will be trimmed during the optimization process.
    Found finite state machine <FSM_29> for signal <STATE>.
    -----------------------------------------------------------------------
    | States             | 5                                              |
    | Transitions        | 12                                             |
    | Inputs             | 6                                              |
    | Outputs            | 9                                              |
    | Clock              | OUTCLK                    (rising_edge)        |
    | Reset              | RESET                     (positive)           |
    | Reset type         | synchronous                                    |
    | Reset State        | align0                                         |
    | Power Up State     | align0                                         |
    | Recovery State     | align0                                         |
    | Encoding           | automatic                                      |
    | Implementation     | LUT                                            |
    -----------------------------------------------------------------------
    Found 32x1-bit ROM for signal <VALID_SET_NUMBER>.
    Found 16x1-bit ROM for signal <VALID_STRIP_NUMBER>.
    Found 1-bit register for signal <DATA_VALID>.
    Found 1-bit register for signal <SYNC_VALID>.
    Found 32-bit register for signal <DOUT>.
    Found 1-bit register for signal <ACKED>.
    Found 1-bit register for signal <ALIGNED>.
    Found 1-bit register for signal <BITSLIP>.
    Found 6-bit register for signal <CHIP_STATUS>.
    Found 1-bit register for signal <DATA_LOST>.
    Found 24-bit register for signal <DATA_WORD<23:0>>.
    Found 16-bit up counter for signal <ERROR_COUNT>.
    Found 1-bit register for signal <GET_READY>.
    Found 4-bit register for signal <INTERNAL_STATE>.
    Found 16-bit up counter for signal <LOST_SYNC_COUNT>.
    Found 6-bit register for signal <MISSING_SYNC_COUNT>.
    Found 6-bit adder for signal <MISSING_SYNC_COUNT$addsub0000> created at line 274.
    Found 1-bit register for signal <NEXT_BITSLIP>.
    Found 1-bit register for signal <NEXT_VALID_DATA>.
    Found 1-bit register for signal <NEXT_VALID_SYNC>.
    Found 1-bit register for signal <SERDES_RESET>.
    Found 8-bit register for signal <SYNC_COUNT>.
    Found 8-bit adder for signal <SYNC_COUNT$addsub0000> created at line 196.
    Found 1-bit register for signal <SYNC_ERROR>.
    Found 1-bit register for signal <TRIMMED>.
    Found 3-bit register for signal <TRY_AGAIN>.
    Found 3-bit subtractor for signal <TRY_AGAIN$addsub0000> created at line 202.
    Summary:
	inferred   1 Finite State Machine(s).
	inferred   2 ROM(s).
	inferred   2 Counter(s).
	inferred  96 D-type flip-flop(s).
	inferred   3 Adder/Subtractor(s).
Unit <chipserdes_16> synthesized.


Synthesizing Unit <chipserdes_17>.
    Related source file is "/home/rrivera/ots/srcs/otsdaq-firmware/cactus/projects/ftbf/stib_slave_ots/strip/chipserdes.vhd".
WARNING:Xst:1780 - Signal <VALID_SYNC> is never used or assigned. This unconnected signal will be trimmed during the optimization process.
WARNING:Xst:1780 - Signal <VALID_DATA> is never used or assigned. This unconnected signal will be trimmed during the optimization process.
WARNING:Xst:653 - Signal <SERDES_ENABLE> is used but never assigned. This sourceless signal will be automatically connected to value 1.
WARNING:Xst:1780 - Signal <FIFO_RESET> is never used or assigned. This unconnected signal will be trimmed during the optimization process.
WARNING:Xst:1780 - Signal <FIFO_INPUT> is never used or assigned. This unconnected signal will be trimmed during the optimization process.
WARNING:Xst:1780 - Signal <FIFO_FULL> is never used or assigned. This unconnected signal will be trimmed during the optimization process.
WARNING:Xst:1780 - Signal <FIFO_EMPTY_FLAG> is never used or assigned. This unconnected signal will be trimmed during the optimization process.
    Found finite state machine <FSM_30> for signal <STATE>.
    -----------------------------------------------------------------------
    | States             | 5                                              |
    | Transitions        | 12                                             |
    | Inputs             | 6                                              |
    | Outputs            | 9                                              |
    | Clock              | OUTCLK                    (rising_edge)        |
    | Reset              | RESET                     (positive)           |
    | Reset type         | synchronous                                    |
    | Reset State        | align0                                         |
    | Power Up State     | align0                                         |
    | Recovery State     | align0                                         |
    | Encoding           | automatic                                      |
    | Implementation     | LUT                                            |
    -----------------------------------------------------------------------
    Found 32x1-bit ROM for signal <VALID_SET_NUMBER>.
    Found 16x1-bit ROM for signal <VALID_STRIP_NUMBER>.
    Found 1-bit register for signal <DATA_VALID>.
    Found 1-bit register for signal <SYNC_VALID>.
    Found 32-bit register for signal <DOUT>.
    Found 1-bit register for signal <ACKED>.
    Found 1-bit register for signal <ALIGNED>.
    Found 1-bit register for signal <BITSLIP>.
    Found 6-bit register for signal <CHIP_STATUS>.
    Found 1-bit register for signal <DATA_LOST>.
    Found 24-bit register for signal <DATA_WORD<23:0>>.
    Found 16-bit up counter for signal <ERROR_COUNT>.
    Found 1-bit register for signal <GET_READY>.
    Found 4-bit register for signal <INTERNAL_STATE>.
    Found 16-bit up counter for signal <LOST_SYNC_COUNT>.
    Found 6-bit register for signal <MISSING_SYNC_COUNT>.
    Found 6-bit adder for signal <MISSING_SYNC_COUNT$addsub0000> created at line 274.
    Found 1-bit register for signal <NEXT_BITSLIP>.
    Found 1-bit register for signal <NEXT_VALID_DATA>.
    Found 1-bit register for signal <NEXT_VALID_SYNC>.
    Found 1-bit register for signal <SERDES_RESET>.
    Found 8-bit register for signal <SYNC_COUNT>.
    Found 8-bit adder for signal <SYNC_COUNT$addsub0000> created at line 196.
    Found 1-bit register for signal <SYNC_ERROR>.
    Found 1-bit register for signal <TRIMMED>.
    Found 3-bit register for signal <TRY_AGAIN>.
    Found 3-bit subtractor for signal <TRY_AGAIN$addsub0000> created at line 202.
    Summary:
	inferred   1 Finite State Machine(s).
	inferred   2 ROM(s).
	inferred   2 Counter(s).
	inferred  96 D-type flip-flop(s).
	inferred   3 Adder/Subtractor(s).
Unit <chipserdes_17> synthesized.


Synthesizing Unit <chipserdes_18>.
    Related source file is "/home/rrivera/ots/srcs/otsdaq-firmware/cactus/projects/ftbf/stib_slave_ots/strip/chipserdes.vhd".
WARNING:Xst:1780 - Signal <VALID_SYNC> is never used or assigned. This unconnected signal will be trimmed during the optimization process.
WARNING:Xst:1780 - Signal <VALID_DATA> is never used or assigned. This unconnected signal will be trimmed during the optimization process.
WARNING:Xst:653 - Signal <SERDES_ENABLE> is used but never assigned. This sourceless signal will be automatically connected to value 1.
WARNING:Xst:1780 - Signal <FIFO_RESET> is never used or assigned. This unconnected signal will be trimmed during the optimization process.
WARNING:Xst:1780 - Signal <FIFO_INPUT> is never used or assigned. This unconnected signal will be trimmed during the optimization process.
WARNING:Xst:1780 - Signal <FIFO_FULL> is never used or assigned. This unconnected signal will be trimmed during the optimization process.
WARNING:Xst:1780 - Signal <FIFO_EMPTY_FLAG> is never used or assigned. This unconnected signal will be trimmed during the optimization process.
    Found finite state machine <FSM_31> for signal <STATE>.
    -----------------------------------------------------------------------
    | States             | 5                                              |
    | Transitions        | 12                                             |
    | Inputs             | 6                                              |
    | Outputs            | 9                                              |
    | Clock              | OUTCLK                    (rising_edge)        |
    | Reset              | RESET                     (positive)           |
    | Reset type         | synchronous                                    |
    | Reset State        | align0                                         |
    | Power Up State     | align0                                         |
    | Recovery State     | align0                                         |
    | Encoding           | automatic                                      |
    | Implementation     | LUT                                            |
    -----------------------------------------------------------------------
    Found 32x1-bit ROM for signal <VALID_SET_NUMBER>.
    Found 16x1-bit ROM for signal <VALID_STRIP_NUMBER>.
    Found 1-bit register for signal <DATA_VALID>.
    Found 1-bit register for signal <SYNC_VALID>.
    Found 32-bit register for signal <DOUT>.
    Found 1-bit register for signal <ACKED>.
    Found 1-bit register for signal <ALIGNED>.
    Found 1-bit register for signal <BITSLIP>.
    Found 6-bit register for signal <CHIP_STATUS>.
    Found 1-bit register for signal <DATA_LOST>.
    Found 24-bit register for signal <DATA_WORD<23:0>>.
    Found 16-bit up counter for signal <ERROR_COUNT>.
    Found 1-bit register for signal <GET_READY>.
    Found 4-bit register for signal <INTERNAL_STATE>.
    Found 16-bit up counter for signal <LOST_SYNC_COUNT>.
    Found 6-bit register for signal <MISSING_SYNC_COUNT>.
    Found 6-bit adder for signal <MISSING_SYNC_COUNT$addsub0000> created at line 274.
    Found 1-bit register for signal <NEXT_BITSLIP>.
    Found 1-bit register for signal <NEXT_VALID_DATA>.
    Found 1-bit register for signal <NEXT_VALID_SYNC>.
    Found 1-bit register for signal <SERDES_RESET>.
    Found 8-bit register for signal <SYNC_COUNT>.
    Found 8-bit adder for signal <SYNC_COUNT$addsub0000> created at line 196.
    Found 1-bit register for signal <SYNC_ERROR>.
    Found 1-bit register for signal <TRIMMED>.
    Found 3-bit register for signal <TRY_AGAIN>.
    Found 3-bit subtractor for signal <TRY_AGAIN$addsub0000> created at line 202.
    Summary:
	inferred   1 Finite State Machine(s).
	inferred   2 ROM(s).
	inferred   2 Counter(s).
	inferred  96 D-type flip-flop(s).
	inferred   3 Adder/Subtractor(s).
Unit <chipserdes_18> synthesized.


Synthesizing Unit <chipserdes_19>.
    Related source file is "/home/rrivera/ots/srcs/otsdaq-firmware/cactus/projects/ftbf/stib_slave_ots/strip/chipserdes.vhd".
WARNING:Xst:1780 - Signal <VALID_SYNC> is never used or assigned. This unconnected signal will be trimmed during the optimization process.
WARNING:Xst:1780 - Signal <VALID_DATA> is never used or assigned. This unconnected signal will be trimmed during the optimization process.
WARNING:Xst:653 - Signal <SERDES_ENABLE> is used but never assigned. This sourceless signal will be automatically connected to value 1.
WARNING:Xst:1780 - Signal <FIFO_RESET> is never used or assigned. This unconnected signal will be trimmed during the optimization process.
WARNING:Xst:1780 - Signal <FIFO_INPUT> is never used or assigned. This unconnected signal will be trimmed during the optimization process.
WARNING:Xst:1780 - Signal <FIFO_FULL> is never used or assigned. This unconnected signal will be trimmed during the optimization process.
WARNING:Xst:1780 - Signal <FIFO_EMPTY_FLAG> is never used or assigned. This unconnected signal will be trimmed during the optimization process.
    Found finite state machine <FSM_32> for signal <STATE>.
    -----------------------------------------------------------------------
    | States             | 5                                              |
    | Transitions        | 12                                             |
    | Inputs             | 6                                              |
    | Outputs            | 9                                              |
    | Clock              | OUTCLK                    (rising_edge)        |
    | Reset              | RESET                     (positive)           |
    | Reset type         | synchronous                                    |
    | Reset State        | align0                                         |
    | Power Up State     | align0                                         |
    | Recovery State     | align0                                         |
    | Encoding           | automatic                                      |
    | Implementation     | LUT                                            |
    -----------------------------------------------------------------------
    Found 32x1-bit ROM for signal <VALID_SET_NUMBER>.
    Found 16x1-bit ROM for signal <VALID_STRIP_NUMBER>.
    Found 1-bit register for signal <DATA_VALID>.
    Found 1-bit register for signal <SYNC_VALID>.
    Found 32-bit register for signal <DOUT>.
    Found 1-bit register for signal <ACKED>.
    Found 1-bit register for signal <ALIGNED>.
    Found 1-bit register for signal <BITSLIP>.
    Found 6-bit register for signal <CHIP_STATUS>.
    Found 1-bit register for signal <DATA_LOST>.
    Found 24-bit register for signal <DATA_WORD<23:0>>.
    Found 16-bit up counter for signal <ERROR_COUNT>.
    Found 1-bit register for signal <GET_READY>.
    Found 4-bit register for signal <INTERNAL_STATE>.
    Found 16-bit up counter for signal <LOST_SYNC_COUNT>.
    Found 6-bit register for signal <MISSING_SYNC_COUNT>.
    Found 6-bit adder for signal <MISSING_SYNC_COUNT$addsub0000> created at line 274.
    Found 1-bit register for signal <NEXT_BITSLIP>.
    Found 1-bit register for signal <NEXT_VALID_DATA>.
    Found 1-bit register for signal <NEXT_VALID_SYNC>.
    Found 1-bit register for signal <SERDES_RESET>.
    Found 8-bit register for signal <SYNC_COUNT>.
    Found 8-bit adder for signal <SYNC_COUNT$addsub0000> created at line 196.
    Found 1-bit register for signal <SYNC_ERROR>.
    Found 1-bit register for signal <TRIMMED>.
    Found 3-bit register for signal <TRY_AGAIN>.
    Found 3-bit subtractor for signal <TRY_AGAIN$addsub0000> created at line 202.
    Summary:
	inferred   1 Finite State Machine(s).
	inferred   2 ROM(s).
	inferred   2 Counter(s).
	inferred  96 D-type flip-flop(s).
	inferred   3 Adder/Subtractor(s).
Unit <chipserdes_19> synthesized.


Synthesizing Unit <chipserdes_20>.
    Related source file is "/home/rrivera/ots/srcs/otsdaq-firmware/cactus/projects/ftbf/stib_slave_ots/strip/chipserdes.vhd".
WARNING:Xst:1780 - Signal <VALID_SYNC> is never used or assigned. This unconnected signal will be trimmed during the optimization process.
WARNING:Xst:1780 - Signal <VALID_DATA> is never used or assigned. This unconnected signal will be trimmed during the optimization process.
WARNING:Xst:653 - Signal <SERDES_ENABLE> is used but never assigned. This sourceless signal will be automatically connected to value 1.
WARNING:Xst:1780 - Signal <FIFO_RESET> is never used or assigned. This unconnected signal will be trimmed during the optimization process.
WARNING:Xst:1780 - Signal <FIFO_INPUT> is never used or assigned. This unconnected signal will be trimmed during the optimization process.
WARNING:Xst:1780 - Signal <FIFO_FULL> is never used or assigned. This unconnected signal will be trimmed during the optimization process.
WARNING:Xst:1780 - Signal <FIFO_EMPTY_FLAG> is never used or assigned. This unconnected signal will be trimmed during the optimization process.
    Found finite state machine <FSM_33> for signal <STATE>.
    -----------------------------------------------------------------------
    | States             | 5                                              |
    | Transitions        | 12                                             |
    | Inputs             | 6                                              |
    | Outputs            | 9                                              |
    | Clock              | OUTCLK                    (rising_edge)        |
    | Reset              | RESET                     (positive)           |
    | Reset type         | synchronous                                    |
    | Reset State        | align0                                         |
    | Power Up State     | align0                                         |
    | Recovery State     | align0                                         |
    | Encoding           | automatic                                      |
    | Implementation     | LUT                                            |
    -----------------------------------------------------------------------
    Found 32x1-bit ROM for signal <VALID_SET_NUMBER>.
    Found 16x1-bit ROM for signal <VALID_STRIP_NUMBER>.
    Found 1-bit register for signal <DATA_VALID>.
    Found 1-bit register for signal <SYNC_VALID>.
    Found 32-bit register for signal <DOUT>.
    Found 1-bit register for signal <ACKED>.
    Found 1-bit register for signal <ALIGNED>.
    Found 1-bit register for signal <BITSLIP>.
    Found 6-bit register for signal <CHIP_STATUS>.
    Found 1-bit register for signal <DATA_LOST>.
    Found 24-bit register for signal <DATA_WORD<23:0>>.
    Found 16-bit up counter for signal <ERROR_COUNT>.
    Found 1-bit register for signal <GET_READY>.
    Found 4-bit register for signal <INTERNAL_STATE>.
    Found 16-bit up counter for signal <LOST_SYNC_COUNT>.
    Found 6-bit register for signal <MISSING_SYNC_COUNT>.
    Found 6-bit adder for signal <MISSING_SYNC_COUNT$addsub0000> created at line 274.
    Found 1-bit register for signal <NEXT_BITSLIP>.
    Found 1-bit register for signal <NEXT_VALID_DATA>.
    Found 1-bit register for signal <NEXT_VALID_SYNC>.
    Found 1-bit register for signal <SERDES_RESET>.
    Found 8-bit register for signal <SYNC_COUNT>.
    Found 8-bit adder for signal <SYNC_COUNT$addsub0000> created at line 196.
    Found 1-bit register for signal <SYNC_ERROR>.
    Found 1-bit register for signal <TRIMMED>.
    Found 3-bit register for signal <TRY_AGAIN>.
    Found 3-bit subtractor for signal <TRY_AGAIN$addsub0000> created at line 202.
    Summary:
	inferred   1 Finite State Machine(s).
	inferred   2 ROM(s).
	inferred   2 Counter(s).
	inferred  96 D-type flip-flop(s).
	inferred   3 Adder/Subtractor(s).
Unit <chipserdes_20> synthesized.


Synthesizing Unit <chipserdes_21>.
    Related source file is "/home/rrivera/ots/srcs/otsdaq-firmware/cactus/projects/ftbf/stib_slave_ots/strip/chipserdes.vhd".
WARNING:Xst:1780 - Signal <VALID_SYNC> is never used or assigned. This unconnected signal will be trimmed during the optimization process.
WARNING:Xst:1780 - Signal <VALID_DATA> is never used or assigned. This unconnected signal will be trimmed during the optimization process.
WARNING:Xst:653 - Signal <SERDES_ENABLE> is used but never assigned. This sourceless signal will be automatically connected to value 1.
WARNING:Xst:1780 - Signal <FIFO_RESET> is never used or assigned. This unconnected signal will be trimmed during the optimization process.
WARNING:Xst:1780 - Signal <FIFO_INPUT> is never used or assigned. This unconnected signal will be trimmed during the optimization process.
WARNING:Xst:1780 - Signal <FIFO_FULL> is never used or assigned. This unconnected signal will be trimmed during the optimization process.
WARNING:Xst:1780 - Signal <FIFO_EMPTY_FLAG> is never used or assigned. This unconnected signal will be trimmed during the optimization process.
    Found finite state machine <FSM_34> for signal <STATE>.
    -----------------------------------------------------------------------
    | States             | 5                                              |
    | Transitions        | 12                                             |
    | Inputs             | 6                                              |
    | Outputs            | 9                                              |
    | Clock              | OUTCLK                    (rising_edge)        |
    | Reset              | RESET                     (positive)           |
    | Reset type         | synchronous                                    |
    | Reset State        | align0                                         |
    | Power Up State     | align0                                         |
    | Recovery State     | align0                                         |
    | Encoding           | automatic                                      |
    | Implementation     | LUT                                            |
    -----------------------------------------------------------------------
    Found 32x1-bit ROM for signal <VALID_SET_NUMBER>.
    Found 16x1-bit ROM for signal <VALID_STRIP_NUMBER>.
    Found 1-bit register for signal <DATA_VALID>.
    Found 1-bit register for signal <SYNC_VALID>.
    Found 32-bit register for signal <DOUT>.
    Found 1-bit register for signal <ACKED>.
    Found 1-bit register for signal <ALIGNED>.
    Found 1-bit register for signal <BITSLIP>.
    Found 6-bit register for signal <CHIP_STATUS>.
    Found 1-bit register for signal <DATA_LOST>.
    Found 24-bit register for signal <DATA_WORD<23:0>>.
    Found 16-bit up counter for signal <ERROR_COUNT>.
    Found 1-bit register for signal <GET_READY>.
    Found 4-bit register for signal <INTERNAL_STATE>.
    Found 16-bit up counter for signal <LOST_SYNC_COUNT>.
    Found 6-bit register for signal <MISSING_SYNC_COUNT>.
    Found 6-bit adder for signal <MISSING_SYNC_COUNT$addsub0000> created at line 274.
    Found 1-bit register for signal <NEXT_BITSLIP>.
    Found 1-bit register for signal <NEXT_VALID_DATA>.
    Found 1-bit register for signal <NEXT_VALID_SYNC>.
    Found 1-bit register for signal <SERDES_RESET>.
    Found 8-bit register for signal <SYNC_COUNT>.
    Found 8-bit adder for signal <SYNC_COUNT$addsub0000> created at line 196.
    Found 1-bit register for signal <SYNC_ERROR>.
    Found 1-bit register for signal <TRIMMED>.
    Found 3-bit register for signal <TRY_AGAIN>.
    Found 3-bit subtractor for signal <TRY_AGAIN$addsub0000> created at line 202.
    Summary:
	inferred   1 Finite State Machine(s).
	inferred   2 ROM(s).
	inferred   2 Counter(s).
	inferred  96 D-type flip-flop(s).
	inferred   3 Adder/Subtractor(s).
Unit <chipserdes_21> synthesized.


Synthesizing Unit <chipserdes_22>.
    Related source file is "/home/rrivera/ots/srcs/otsdaq-firmware/cactus/projects/ftbf/stib_slave_ots/strip/chipserdes.vhd".
WARNING:Xst:1780 - Signal <VALID_SYNC> is never used or assigned. This unconnected signal will be trimmed during the optimization process.
WARNING:Xst:1780 - Signal <VALID_DATA> is never used or assigned. This unconnected signal will be trimmed during the optimization process.
WARNING:Xst:653 - Signal <SERDES_ENABLE> is used but never assigned. This sourceless signal will be automatically connected to value 1.
WARNING:Xst:1780 - Signal <FIFO_RESET> is never used or assigned. This unconnected signal will be trimmed during the optimization process.
WARNING:Xst:1780 - Signal <FIFO_INPUT> is never used or assigned. This unconnected signal will be trimmed during the optimization process.
WARNING:Xst:1780 - Signal <FIFO_FULL> is never used or assigned. This unconnected signal will be trimmed during the optimization process.
WARNING:Xst:1780 - Signal <FIFO_EMPTY_FLAG> is never used or assigned. This unconnected signal will be trimmed during the optimization process.
    Found finite state machine <FSM_35> for signal <STATE>.
    -----------------------------------------------------------------------
    | States             | 5                                              |
    | Transitions        | 12                                             |
    | Inputs             | 6                                              |
    | Outputs            | 9                                              |
    | Clock              | OUTCLK                    (rising_edge)        |
    | Reset              | RESET                     (positive)           |
    | Reset type         | synchronous                                    |
    | Reset State        | align0                                         |
    | Power Up State     | align0                                         |
    | Recovery State     | align0                                         |
    | Encoding           | automatic                                      |
    | Implementation     | LUT                                            |
    -----------------------------------------------------------------------
    Found 32x1-bit ROM for signal <VALID_SET_NUMBER>.
    Found 16x1-bit ROM for signal <VALID_STRIP_NUMBER>.
    Found 1-bit register for signal <DATA_VALID>.
    Found 1-bit register for signal <SYNC_VALID>.
    Found 32-bit register for signal <DOUT>.
    Found 1-bit register for signal <ACKED>.
    Found 1-bit register for signal <ALIGNED>.
    Found 1-bit register for signal <BITSLIP>.
    Found 6-bit register for signal <CHIP_STATUS>.
    Found 1-bit register for signal <DATA_LOST>.
    Found 24-bit register for signal <DATA_WORD<23:0>>.
    Found 16-bit up counter for signal <ERROR_COUNT>.
    Found 1-bit register for signal <GET_READY>.
    Found 4-bit register for signal <INTERNAL_STATE>.
    Found 16-bit up counter for signal <LOST_SYNC_COUNT>.
    Found 6-bit register for signal <MISSING_SYNC_COUNT>.
    Found 6-bit adder for signal <MISSING_SYNC_COUNT$addsub0000> created at line 274.
    Found 1-bit register for signal <NEXT_BITSLIP>.
    Found 1-bit register for signal <NEXT_VALID_DATA>.
    Found 1-bit register for signal <NEXT_VALID_SYNC>.
    Found 1-bit register for signal <SERDES_RESET>.
    Found 8-bit register for signal <SYNC_COUNT>.
    Found 8-bit adder for signal <SYNC_COUNT$addsub0000> created at line 196.
    Found 1-bit register for signal <SYNC_ERROR>.
    Found 1-bit register for signal <TRIMMED>.
    Found 3-bit register for signal <TRY_AGAIN>.
    Found 3-bit subtractor for signal <TRY_AGAIN$addsub0000> created at line 202.
    Summary:
	inferred   1 Finite State Machine(s).
	inferred   2 ROM(s).
	inferred   2 Counter(s).
	inferred  96 D-type flip-flop(s).
	inferred   3 Adder/Subtractor(s).
Unit <chipserdes_22> synthesized.


Synthesizing Unit <chipserdes_23>.
    Related source file is "/home/rrivera/ots/srcs/otsdaq-firmware/cactus/projects/ftbf/stib_slave_ots/strip/chipserdes.vhd".
WARNING:Xst:1780 - Signal <VALID_SYNC> is never used or assigned. This unconnected signal will be trimmed during the optimization process.
WARNING:Xst:1780 - Signal <VALID_DATA> is never used or assigned. This unconnected signal will be trimmed during the optimization process.
WARNING:Xst:653 - Signal <SERDES_ENABLE> is used but never assigned. This sourceless signal will be automatically connected to value 1.
WARNING:Xst:1780 - Signal <FIFO_RESET> is never used or assigned. This unconnected signal will be trimmed during the optimization process.
WARNING:Xst:1780 - Signal <FIFO_INPUT> is never used or assigned. This unconnected signal will be trimmed during the optimization process.
WARNING:Xst:1780 - Signal <FIFO_FULL> is never used or assigned. This unconnected signal will be trimmed during the optimization process.
WARNING:Xst:1780 - Signal <FIFO_EMPTY_FLAG> is never used or assigned. This unconnected signal will be trimmed during the optimization process.
    Found finite state machine <FSM_36> for signal <STATE>.
    -----------------------------------------------------------------------
    | States             | 5                                              |
    | Transitions        | 12                                             |
    | Inputs             | 6                                              |
    | Outputs            | 9                                              |
    | Clock              | OUTCLK                    (rising_edge)        |
    | Reset              | RESET                     (positive)           |
    | Reset type         | synchronous                                    |
    | Reset State        | align0                                         |
    | Power Up State     | align0                                         |
    | Recovery State     | align0                                         |
    | Encoding           | automatic                                      |
    | Implementation     | LUT                                            |
    -----------------------------------------------------------------------
    Found 32x1-bit ROM for signal <VALID_SET_NUMBER>.
    Found 16x1-bit ROM for signal <VALID_STRIP_NUMBER>.
    Found 1-bit register for signal <DATA_VALID>.
    Found 1-bit register for signal <SYNC_VALID>.
    Found 32-bit register for signal <DOUT>.
    Found 1-bit register for signal <ACKED>.
    Found 1-bit register for signal <ALIGNED>.
    Found 1-bit register for signal <BITSLIP>.
    Found 6-bit register for signal <CHIP_STATUS>.
    Found 1-bit register for signal <DATA_LOST>.
    Found 24-bit register for signal <DATA_WORD<23:0>>.
    Found 16-bit up counter for signal <ERROR_COUNT>.
    Found 1-bit register for signal <GET_READY>.
    Found 4-bit register for signal <INTERNAL_STATE>.
    Found 16-bit up counter for signal <LOST_SYNC_COUNT>.
    Found 6-bit register for signal <MISSING_SYNC_COUNT>.
    Found 6-bit adder for signal <MISSING_SYNC_COUNT$addsub0000> created at line 274.
    Found 1-bit register for signal <NEXT_BITSLIP>.
    Found 1-bit register for signal <NEXT_VALID_DATA>.
    Found 1-bit register for signal <NEXT_VALID_SYNC>.
    Found 1-bit register for signal <SERDES_RESET>.
    Found 8-bit register for signal <SYNC_COUNT>.
    Found 8-bit adder for signal <SYNC_COUNT$addsub0000> created at line 196.
    Found 1-bit register for signal <SYNC_ERROR>.
    Found 1-bit register for signal <TRIMMED>.
    Found 3-bit register for signal <TRY_AGAIN>.
    Found 3-bit subtractor for signal <TRY_AGAIN$addsub0000> created at line 202.
    Summary:
	inferred   1 Finite State Machine(s).
	inferred   2 ROM(s).
	inferred   2 Counter(s).
	inferred  96 D-type flip-flop(s).
	inferred   3 Adder/Subtractor(s).
Unit <chipserdes_23> synthesized.


Synthesizing Unit <chipserdes_24>.
    Related source file is "/home/rrivera/ots/srcs/otsdaq-firmware/cactus/projects/ftbf/stib_slave_ots/strip/chipserdes.vhd".
WARNING:Xst:1780 - Signal <VALID_SYNC> is never used or assigned. This unconnected signal will be trimmed during the optimization process.
WARNING:Xst:1780 - Signal <VALID_DATA> is never used or assigned. This unconnected signal will be trimmed during the optimization process.
WARNING:Xst:653 - Signal <SERDES_ENABLE> is used but never assigned. This sourceless signal will be automatically connected to value 1.
WARNING:Xst:1780 - Signal <FIFO_RESET> is never used or assigned. This unconnected signal will be trimmed during the optimization process.
WARNING:Xst:1780 - Signal <FIFO_INPUT> is never used or assigned. This unconnected signal will be trimmed during the optimization process.
WARNING:Xst:1780 - Signal <FIFO_FULL> is never used or assigned. This unconnected signal will be trimmed during the optimization process.
WARNING:Xst:1780 - Signal <FIFO_EMPTY_FLAG> is never used or assigned. This unconnected signal will be trimmed during the optimization process.
    Found finite state machine <FSM_37> for signal <STATE>.
    -----------------------------------------------------------------------
    | States             | 5                                              |
    | Transitions        | 12                                             |
    | Inputs             | 6                                              |
    | Outputs            | 9                                              |
    | Clock              | OUTCLK                    (rising_edge)        |
    | Reset              | RESET                     (positive)           |
    | Reset type         | synchronous                                    |
    | Reset State        | align0                                         |
    | Power Up State     | align0                                         |
    | Recovery State     | align0                                         |
    | Encoding           | automatic                                      |
    | Implementation     | LUT                                            |
    -----------------------------------------------------------------------
    Found 32x1-bit ROM for signal <VALID_SET_NUMBER>.
    Found 16x1-bit ROM for signal <VALID_STRIP_NUMBER>.
    Found 1-bit register for signal <DATA_VALID>.
    Found 1-bit register for signal <SYNC_VALID>.
    Found 32-bit register for signal <DOUT>.
    Found 1-bit register for signal <ACKED>.
    Found 1-bit register for signal <ALIGNED>.
    Found 1-bit register for signal <BITSLIP>.
    Found 6-bit register for signal <CHIP_STATUS>.
    Found 1-bit register for signal <DATA_LOST>.
    Found 24-bit register for signal <DATA_WORD<23:0>>.
    Found 16-bit up counter for signal <ERROR_COUNT>.
    Found 1-bit register for signal <GET_READY>.
    Found 4-bit register for signal <INTERNAL_STATE>.
    Found 16-bit up counter for signal <LOST_SYNC_COUNT>.
    Found 6-bit register for signal <MISSING_SYNC_COUNT>.
    Found 6-bit adder for signal <MISSING_SYNC_COUNT$addsub0000> created at line 274.
    Found 1-bit register for signal <NEXT_BITSLIP>.
    Found 1-bit register for signal <NEXT_VALID_DATA>.
    Found 1-bit register for signal <NEXT_VALID_SYNC>.
    Found 1-bit register for signal <SERDES_RESET>.
    Found 8-bit register for signal <SYNC_COUNT>.
    Found 8-bit adder for signal <SYNC_COUNT$addsub0000> created at line 196.
    Found 1-bit register for signal <SYNC_ERROR>.
    Found 1-bit register for signal <TRIMMED>.
    Found 3-bit register for signal <TRY_AGAIN>.
    Found 3-bit subtractor for signal <TRY_AGAIN$addsub0000> created at line 202.
    Summary:
	inferred   1 Finite State Machine(s).
	inferred   2 ROM(s).
	inferred   2 Counter(s).
	inferred  96 D-type flip-flop(s).
	inferred   3 Adder/Subtractor(s).
Unit <chipserdes_24> synthesized.


Synthesizing Unit <chipserdes_25>.
    Related source file is "/home/rrivera/ots/srcs/otsdaq-firmware/cactus/projects/ftbf/stib_slave_ots/strip/chipserdes.vhd".
WARNING:Xst:1780 - Signal <VALID_SYNC> is never used or assigned. This unconnected signal will be trimmed during the optimization process.
WARNING:Xst:1780 - Signal <VALID_DATA> is never used or assigned. This unconnected signal will be trimmed during the optimization process.
WARNING:Xst:653 - Signal <SERDES_ENABLE> is used but never assigned. This sourceless signal will be automatically connected to value 1.
WARNING:Xst:1780 - Signal <FIFO_RESET> is never used or assigned. This unconnected signal will be trimmed during the optimization process.
WARNING:Xst:1780 - Signal <FIFO_INPUT> is never used or assigned. This unconnected signal will be trimmed during the optimization process.
WARNING:Xst:1780 - Signal <FIFO_FULL> is never used or assigned. This unconnected signal will be trimmed during the optimization process.
WARNING:Xst:1780 - Signal <FIFO_EMPTY_FLAG> is never used or assigned. This unconnected signal will be trimmed during the optimization process.
    Found finite state machine <FSM_38> for signal <STATE>.
    -----------------------------------------------------------------------
    | States             | 5                                              |
    | Transitions        | 12                                             |
    | Inputs             | 6                                              |
    | Outputs            | 9                                              |
    | Clock              | OUTCLK                    (rising_edge)        |
    | Reset              | RESET                     (positive)           |
    | Reset type         | synchronous                                    |
    | Reset State        | align0                                         |
    | Power Up State     | align0                                         |
    | Recovery State     | align0                                         |
    | Encoding           | automatic                                      |
    | Implementation     | LUT                                            |
    -----------------------------------------------------------------------
    Found 32x1-bit ROM for signal <VALID_SET_NUMBER>.
    Found 16x1-bit ROM for signal <VALID_STRIP_NUMBER>.
    Found 1-bit register for signal <DATA_VALID>.
    Found 1-bit register for signal <SYNC_VALID>.
    Found 32-bit register for signal <DOUT>.
    Found 1-bit register for signal <ACKED>.
    Found 1-bit register for signal <ALIGNED>.
    Found 1-bit register for signal <BITSLIP>.
    Found 6-bit register for signal <CHIP_STATUS>.
    Found 1-bit register for signal <DATA_LOST>.
    Found 24-bit register for signal <DATA_WORD<23:0>>.
    Found 16-bit up counter for signal <ERROR_COUNT>.
    Found 1-bit register for signal <GET_READY>.
    Found 4-bit register for signal <INTERNAL_STATE>.
    Found 16-bit up counter for signal <LOST_SYNC_COUNT>.
    Found 6-bit register for signal <MISSING_SYNC_COUNT>.
    Found 6-bit adder for signal <MISSING_SYNC_COUNT$addsub0000> created at line 274.
    Found 1-bit register for signal <NEXT_BITSLIP>.
    Found 1-bit register for signal <NEXT_VALID_DATA>.
    Found 1-bit register for signal <NEXT_VALID_SYNC>.
    Found 1-bit register for signal <SERDES_RESET>.
    Found 8-bit register for signal <SYNC_COUNT>.
    Found 8-bit adder for signal <SYNC_COUNT$addsub0000> created at line 196.
    Found 1-bit register for signal <SYNC_ERROR>.
    Found 1-bit register for signal <TRIMMED>.
    Found 3-bit register for signal <TRY_AGAIN>.
    Found 3-bit subtractor for signal <TRY_AGAIN$addsub0000> created at line 202.
    Summary:
	inferred   1 Finite State Machine(s).
	inferred   2 ROM(s).
	inferred   2 Counter(s).
	inferred  96 D-type flip-flop(s).
	inferred   3 Adder/Subtractor(s).
Unit <chipserdes_25> synthesized.


Synthesizing Unit <chipserdes_26>.
    Related source file is "/home/rrivera/ots/srcs/otsdaq-firmware/cactus/projects/ftbf/stib_slave_ots/strip/chipserdes.vhd".
WARNING:Xst:1780 - Signal <VALID_SYNC> is never used or assigned. This unconnected signal will be trimmed during the optimization process.
WARNING:Xst:1780 - Signal <VALID_DATA> is never used or assigned. This unconnected signal will be trimmed during the optimization process.
WARNING:Xst:653 - Signal <SERDES_ENABLE> is used but never assigned. This sourceless signal will be automatically connected to value 1.
WARNING:Xst:1780 - Signal <FIFO_RESET> is never used or assigned. This unconnected signal will be trimmed during the optimization process.
WARNING:Xst:1780 - Signal <FIFO_INPUT> is never used or assigned. This unconnected signal will be trimmed during the optimization process.
WARNING:Xst:1780 - Signal <FIFO_FULL> is never used or assigned. This unconnected signal will be trimmed during the optimization process.
WARNING:Xst:1780 - Signal <FIFO_EMPTY_FLAG> is never used or assigned. This unconnected signal will be trimmed during the optimization process.
    Found finite state machine <FSM_39> for signal <STATE>.
    -----------------------------------------------------------------------
    | States             | 5                                              |
    | Transitions        | 12                                             |
    | Inputs             | 6                                              |
    | Outputs            | 9                                              |
    | Clock              | OUTCLK                    (rising_edge)        |
    | Reset              | RESET                     (positive)           |
    | Reset type         | synchronous                                    |
    | Reset State        | align0                                         |
    | Power Up State     | align0                                         |
    | Recovery State     | align0                                         |
    | Encoding           | automatic                                      |
    | Implementation     | LUT                                            |
    -----------------------------------------------------------------------
    Found 32x1-bit ROM for signal <VALID_SET_NUMBER>.
    Found 16x1-bit ROM for signal <VALID_STRIP_NUMBER>.
    Found 1-bit register for signal <DATA_VALID>.
    Found 1-bit register for signal <SYNC_VALID>.
    Found 32-bit register for signal <DOUT>.
    Found 1-bit register for signal <ACKED>.
    Found 1-bit register for signal <ALIGNED>.
    Found 1-bit register for signal <BITSLIP>.
    Found 6-bit register for signal <CHIP_STATUS>.
    Found 1-bit register for signal <DATA_LOST>.
    Found 24-bit register for signal <DATA_WORD<23:0>>.
    Found 16-bit up counter for signal <ERROR_COUNT>.
    Found 1-bit register for signal <GET_READY>.
    Found 4-bit register for signal <INTERNAL_STATE>.
    Found 16-bit up counter for signal <LOST_SYNC_COUNT>.
    Found 6-bit register for signal <MISSING_SYNC_COUNT>.
    Found 6-bit adder for signal <MISSING_SYNC_COUNT$addsub0000> created at line 274.
    Found 1-bit register for signal <NEXT_BITSLIP>.
    Found 1-bit register for signal <NEXT_VALID_DATA>.
    Found 1-bit register for signal <NEXT_VALID_SYNC>.
    Found 1-bit register for signal <SERDES_RESET>.
    Found 8-bit register for signal <SYNC_COUNT>.
    Found 8-bit adder for signal <SYNC_COUNT$addsub0000> created at line 196.
    Found 1-bit register for signal <SYNC_ERROR>.
    Found 1-bit register for signal <TRIMMED>.
    Found 3-bit register for signal <TRY_AGAIN>.
    Found 3-bit subtractor for signal <TRY_AGAIN$addsub0000> created at line 202.
    Summary:
	inferred   1 Finite State Machine(s).
	inferred   2 ROM(s).
	inferred   2 Counter(s).
	inferred  96 D-type flip-flop(s).
	inferred   3 Adder/Subtractor(s).
Unit <chipserdes_26> synthesized.


Synthesizing Unit <chipserdes_27>.
    Related source file is "/home/rrivera/ots/srcs/otsdaq-firmware/cactus/projects/ftbf/stib_slave_ots/strip/chipserdes.vhd".
WARNING:Xst:1780 - Signal <VALID_SYNC> is never used or assigned. This unconnected signal will be trimmed during the optimization process.
WARNING:Xst:1780 - Signal <VALID_DATA> is never used or assigned. This unconnected signal will be trimmed during the optimization process.
WARNING:Xst:653 - Signal <SERDES_ENABLE> is used but never assigned. This sourceless signal will be automatically connected to value 1.
WARNING:Xst:1780 - Signal <FIFO_RESET> is never used or assigned. This unconnected signal will be trimmed during the optimization process.
WARNING:Xst:1780 - Signal <FIFO_INPUT> is never used or assigned. This unconnected signal will be trimmed during the optimization process.
WARNING:Xst:1780 - Signal <FIFO_FULL> is never used or assigned. This unconnected signal will be trimmed during the optimization process.
WARNING:Xst:1780 - Signal <FIFO_EMPTY_FLAG> is never used or assigned. This unconnected signal will be trimmed during the optimization process.
    Found finite state machine <FSM_40> for signal <STATE>.
    -----------------------------------------------------------------------
    | States             | 5                                              |
    | Transitions        | 12                                             |
    | Inputs             | 6                                              |
    | Outputs            | 9                                              |
    | Clock              | OUTCLK                    (rising_edge)        |
    | Reset              | RESET                     (positive)           |
    | Reset type         | synchronous                                    |
    | Reset State        | align0                                         |
    | Power Up State     | align0                                         |
    | Recovery State     | align0                                         |
    | Encoding           | automatic                                      |
    | Implementation     | LUT                                            |
    -----------------------------------------------------------------------
    Found 32x1-bit ROM for signal <VALID_SET_NUMBER>.
    Found 16x1-bit ROM for signal <VALID_STRIP_NUMBER>.
    Found 1-bit register for signal <DATA_VALID>.
    Found 1-bit register for signal <SYNC_VALID>.
    Found 32-bit register for signal <DOUT>.
    Found 1-bit register for signal <ACKED>.
    Found 1-bit register for signal <ALIGNED>.
    Found 1-bit register for signal <BITSLIP>.
    Found 6-bit register for signal <CHIP_STATUS>.
    Found 1-bit register for signal <DATA_LOST>.
    Found 24-bit register for signal <DATA_WORD<23:0>>.
    Found 16-bit up counter for signal <ERROR_COUNT>.
    Found 1-bit register for signal <GET_READY>.
    Found 4-bit register for signal <INTERNAL_STATE>.
    Found 16-bit up counter for signal <LOST_SYNC_COUNT>.
    Found 6-bit register for signal <MISSING_SYNC_COUNT>.
    Found 6-bit adder for signal <MISSING_SYNC_COUNT$addsub0000> created at line 274.
    Found 1-bit register for signal <NEXT_BITSLIP>.
    Found 1-bit register for signal <NEXT_VALID_DATA>.
    Found 1-bit register for signal <NEXT_VALID_SYNC>.
    Found 1-bit register for signal <SERDES_RESET>.
    Found 8-bit register for signal <SYNC_COUNT>.
    Found 8-bit adder for signal <SYNC_COUNT$addsub0000> created at line 196.
    Found 1-bit register for signal <SYNC_ERROR>.
    Found 1-bit register for signal <TRIMMED>.
    Found 3-bit register for signal <TRY_AGAIN>.
    Found 3-bit subtractor for signal <TRY_AGAIN$addsub0000> created at line 202.
    Summary:
	inferred   1 Finite State Machine(s).
	inferred   2 ROM(s).
	inferred   2 Counter(s).
	inferred  96 D-type flip-flop(s).
	inferred   3 Adder/Subtractor(s).
Unit <chipserdes_27> synthesized.


Synthesizing Unit <chipserdes_28>.
    Related source file is "/home/rrivera/ots/srcs/otsdaq-firmware/cactus/projects/ftbf/stib_slave_ots/strip/chipserdes.vhd".
WARNING:Xst:1780 - Signal <VALID_SYNC> is never used or assigned. This unconnected signal will be trimmed during the optimization process.
WARNING:Xst:1780 - Signal <VALID_DATA> is never used or assigned. This unconnected signal will be trimmed during the optimization process.
WARNING:Xst:653 - Signal <SERDES_ENABLE> is used but never assigned. This sourceless signal will be automatically connected to value 1.
WARNING:Xst:1780 - Signal <FIFO_RESET> is never used or assigned. This unconnected signal will be trimmed during the optimization process.
WARNING:Xst:1780 - Signal <FIFO_INPUT> is never used or assigned. This unconnected signal will be trimmed during the optimization process.
WARNING:Xst:1780 - Signal <FIFO_FULL> is never used or assigned. This unconnected signal will be trimmed during the optimization process.
WARNING:Xst:1780 - Signal <FIFO_EMPTY_FLAG> is never used or assigned. This unconnected signal will be trimmed during the optimization process.
    Found finite state machine <FSM_41> for signal <STATE>.
    -----------------------------------------------------------------------
    | States             | 5                                              |
    | Transitions        | 12                                             |
    | Inputs             | 6                                              |
    | Outputs            | 9                                              |
    | Clock              | OUTCLK                    (rising_edge)        |
    | Reset              | RESET                     (positive)           |
    | Reset type         | synchronous                                    |
    | Reset State        | align0                                         |
    | Power Up State     | align0                                         |
    | Recovery State     | align0                                         |
    | Encoding           | automatic                                      |
    | Implementation     | LUT                                            |
    -----------------------------------------------------------------------
    Found 32x1-bit ROM for signal <VALID_SET_NUMBER>.
    Found 16x1-bit ROM for signal <VALID_STRIP_NUMBER>.
    Found 1-bit register for signal <DATA_VALID>.
    Found 1-bit register for signal <SYNC_VALID>.
    Found 32-bit register for signal <DOUT>.
    Found 1-bit register for signal <ACKED>.
    Found 1-bit register for signal <ALIGNED>.
    Found 1-bit register for signal <BITSLIP>.
    Found 6-bit register for signal <CHIP_STATUS>.
    Found 1-bit register for signal <DATA_LOST>.
    Found 24-bit register for signal <DATA_WORD<23:0>>.
    Found 16-bit up counter for signal <ERROR_COUNT>.
    Found 1-bit register for signal <GET_READY>.
    Found 4-bit register for signal <INTERNAL_STATE>.
    Found 16-bit up counter for signal <LOST_SYNC_COUNT>.
    Found 6-bit register for signal <MISSING_SYNC_COUNT>.
    Found 6-bit adder for signal <MISSING_SYNC_COUNT$addsub0000> created at line 274.
    Found 1-bit register for signal <NEXT_BITSLIP>.
    Found 1-bit register for signal <NEXT_VALID_DATA>.
    Found 1-bit register for signal <NEXT_VALID_SYNC>.
    Found 1-bit register for signal <SERDES_RESET>.
    Found 8-bit register for signal <SYNC_COUNT>.
    Found 8-bit adder for signal <SYNC_COUNT$addsub0000> created at line 196.
    Found 1-bit register for signal <SYNC_ERROR>.
    Found 1-bit register for signal <TRIMMED>.
    Found 3-bit register for signal <TRY_AGAIN>.
    Found 3-bit subtractor for signal <TRY_AGAIN$addsub0000> created at line 202.
    Summary:
	inferred   1 Finite State Machine(s).
	inferred   2 ROM(s).
	inferred   2 Counter(s).
	inferred  96 D-type flip-flop(s).
	inferred   3 Adder/Subtractor(s).
Unit <chipserdes_28> synthesized.


Synthesizing Unit <chipserdes_29>.
    Related source file is "/home/rrivera/ots/srcs/otsdaq-firmware/cactus/projects/ftbf/stib_slave_ots/strip/chipserdes.vhd".
WARNING:Xst:1780 - Signal <VALID_SYNC> is never used or assigned. This unconnected signal will be trimmed during the optimization process.
WARNING:Xst:1780 - Signal <VALID_DATA> is never used or assigned. This unconnected signal will be trimmed during the optimization process.
WARNING:Xst:653 - Signal <SERDES_ENABLE> is used but never assigned. This sourceless signal will be automatically connected to value 1.
WARNING:Xst:1780 - Signal <FIFO_RESET> is never used or assigned. This unconnected signal will be trimmed during the optimization process.
WARNING:Xst:1780 - Signal <FIFO_INPUT> is never used or assigned. This unconnected signal will be trimmed during the optimization process.
WARNING:Xst:1780 - Signal <FIFO_FULL> is never used or assigned. This unconnected signal will be trimmed during the optimization process.
WARNING:Xst:1780 - Signal <FIFO_EMPTY_FLAG> is never used or assigned. This unconnected signal will be trimmed during the optimization process.
    Found finite state machine <FSM_42> for signal <STATE>.
    -----------------------------------------------------------------------
    | States             | 5                                              |
    | Transitions        | 12                                             |
    | Inputs             | 6                                              |
    | Outputs            | 9                                              |
    | Clock              | OUTCLK                    (rising_edge)        |
    | Reset              | RESET                     (positive)           |
    | Reset type         | synchronous                                    |
    | Reset State        | align0                                         |
    | Power Up State     | align0                                         |
    | Recovery State     | align0                                         |
    | Encoding           | automatic                                      |
    | Implementation     | LUT                                            |
    -----------------------------------------------------------------------
    Found 32x1-bit ROM for signal <VALID_SET_NUMBER>.
    Found 16x1-bit ROM for signal <VALID_STRIP_NUMBER>.
    Found 1-bit register for signal <DATA_VALID>.
    Found 1-bit register for signal <SYNC_VALID>.
    Found 32-bit register for signal <DOUT>.
    Found 1-bit register for signal <ACKED>.
    Found 1-bit register for signal <ALIGNED>.
    Found 1-bit register for signal <BITSLIP>.
    Found 6-bit register for signal <CHIP_STATUS>.
    Found 1-bit register for signal <DATA_LOST>.
    Found 24-bit register for signal <DATA_WORD<23:0>>.
    Found 16-bit up counter for signal <ERROR_COUNT>.
    Found 1-bit register for signal <GET_READY>.
    Found 4-bit register for signal <INTERNAL_STATE>.
    Found 16-bit up counter for signal <LOST_SYNC_COUNT>.
    Found 6-bit register for signal <MISSING_SYNC_COUNT>.
    Found 6-bit adder for signal <MISSING_SYNC_COUNT$addsub0000> created at line 274.
    Found 1-bit register for signal <NEXT_BITSLIP>.
    Found 1-bit register for signal <NEXT_VALID_DATA>.
    Found 1-bit register for signal <NEXT_VALID_SYNC>.
    Found 1-bit register for signal <SERDES_RESET>.
    Found 8-bit register for signal <SYNC_COUNT>.
    Found 8-bit adder for signal <SYNC_COUNT$addsub0000> created at line 196.
    Found 1-bit register for signal <SYNC_ERROR>.
    Found 1-bit register for signal <TRIMMED>.
    Found 3-bit register for signal <TRY_AGAIN>.
    Found 3-bit subtractor for signal <TRY_AGAIN$addsub0000> created at line 202.
    Summary:
	inferred   1 Finite State Machine(s).
	inferred   2 ROM(s).
	inferred   2 Counter(s).
	inferred  96 D-type flip-flop(s).
	inferred   3 Adder/Subtractor(s).
Unit <chipserdes_29> synthesized.


Synthesizing Unit <chipserdes_30>.
    Related source file is "/home/rrivera/ots/srcs/otsdaq-firmware/cactus/projects/ftbf/stib_slave_ots/strip/chipserdes.vhd".
WARNING:Xst:1780 - Signal <VALID_SYNC> is never used or assigned. This unconnected signal will be trimmed during the optimization process.
WARNING:Xst:1780 - Signal <VALID_DATA> is never used or assigned. This unconnected signal will be trimmed during the optimization process.
WARNING:Xst:653 - Signal <SERDES_ENABLE> is used but never assigned. This sourceless signal will be automatically connected to value 1.
WARNING:Xst:1780 - Signal <FIFO_RESET> is never used or assigned. This unconnected signal will be trimmed during the optimization process.
WARNING:Xst:1780 - Signal <FIFO_INPUT> is never used or assigned. This unconnected signal will be trimmed during the optimization process.
WARNING:Xst:1780 - Signal <FIFO_FULL> is never used or assigned. This unconnected signal will be trimmed during the optimization process.
WARNING:Xst:1780 - Signal <FIFO_EMPTY_FLAG> is never used or assigned. This unconnected signal will be trimmed during the optimization process.
    Found finite state machine <FSM_43> for signal <STATE>.
    -----------------------------------------------------------------------
    | States             | 5                                              |
    | Transitions        | 12                                             |
    | Inputs             | 6                                              |
    | Outputs            | 9                                              |
    | Clock              | OUTCLK                    (rising_edge)        |
    | Reset              | RESET                     (positive)           |
    | Reset type         | synchronous                                    |
    | Reset State        | align0                                         |
    | Power Up State     | align0                                         |
    | Recovery State     | align0                                         |
    | Encoding           | automatic                                      |
    | Implementation     | LUT                                            |
    -----------------------------------------------------------------------
    Found 32x1-bit ROM for signal <VALID_SET_NUMBER>.
    Found 16x1-bit ROM for signal <VALID_STRIP_NUMBER>.
    Found 1-bit register for signal <DATA_VALID>.
    Found 1-bit register for signal <SYNC_VALID>.
    Found 32-bit register for signal <DOUT>.
    Found 1-bit register for signal <ACKED>.
    Found 1-bit register for signal <ALIGNED>.
    Found 1-bit register for signal <BITSLIP>.
    Found 6-bit register for signal <CHIP_STATUS>.
    Found 1-bit register for signal <DATA_LOST>.
    Found 24-bit register for signal <DATA_WORD<23:0>>.
    Found 16-bit up counter for signal <ERROR_COUNT>.
    Found 1-bit register for signal <GET_READY>.
    Found 4-bit register for signal <INTERNAL_STATE>.
    Found 16-bit up counter for signal <LOST_SYNC_COUNT>.
    Found 6-bit register for signal <MISSING_SYNC_COUNT>.
    Found 6-bit adder for signal <MISSING_SYNC_COUNT$addsub0000> created at line 274.
    Found 1-bit register for signal <NEXT_BITSLIP>.
    Found 1-bit register for signal <NEXT_VALID_DATA>.
    Found 1-bit register for signal <NEXT_VALID_SYNC>.
    Found 1-bit register for signal <SERDES_RESET>.
    Found 8-bit register for signal <SYNC_COUNT>.
    Found 8-bit adder for signal <SYNC_COUNT$addsub0000> created at line 196.
    Found 1-bit register for signal <SYNC_ERROR>.
    Found 1-bit register for signal <TRIMMED>.
    Found 3-bit register for signal <TRY_AGAIN>.
    Found 3-bit subtractor for signal <TRY_AGAIN$addsub0000> created at line 202.
    Summary:
	inferred   1 Finite State Machine(s).
	inferred   2 ROM(s).
	inferred   2 Counter(s).
	inferred  96 D-type flip-flop(s).
	inferred   3 Adder/Subtractor(s).
Unit <chipserdes_30> synthesized.


Synthesizing Unit <trigprim_1>.
    Related source file is "/home/rrivera/ots/srcs/otsdaq-firmware/cactus/projects/ftbf/stib_slave_ots/strip/trigprim.vhd".
WARNING:Xst:647 - Input <fbco> is never used. This port will be preserved and left unconnected if it belongs to a top-level block or it belongs to a sub-block and the hierarchy of this sub-block is preserved.
WARNING:Xst:646 - Signal <trigger_input_pipeline<1><15:14>> is assigned but never used. This unconnected signal will be trimmed during the optimization process.
WARNING:Xst:646 - Signal <trigger_input_pipeline<0><15:14>> is assigned but never used. This unconnected signal will be trimmed during the optimization process.
WARNING:Xst:646 - Signal <TRIG_FIFO_FULL> is assigned but never used. This unconnected signal will be trimmed during the optimization process.
WARNING:Xst:1780 - Signal <NEXT_TOKEN_OUT> is never used or assigned. This unconnected signal will be trimmed during the optimization process.
WARNING:Xst:646 - Signal <FIFO_OUTPUT<35:32>> is assigned but never used. This unconnected signal will be trimmed during the optimization process.
    Found 32-bit register for signal <trigger_input_pipeline>.
    Found 8-bit register for signal <trigger_pipe_0>.
    Found 8-bit register for signal <trigger_pipe_1>.
    Found 8-bit addsub for signal <trimmed_bco>.
    Found 8-bit subtractor for signal <trimmed_bco$addsub0000> created at line 189.
    Summary:
	inferred  48 D-type flip-flop(s).
	inferred   2 Adder/Subtractor(s).
Unit <trigprim_1> synthesized.


Synthesizing Unit <trigprim_2>.
    Related source file is "/home/rrivera/ots/srcs/otsdaq-firmware/cactus/projects/ftbf/stib_slave_ots/strip/trigprim.vhd".
WARNING:Xst:647 - Input <fbco> is never used. This port will be preserved and left unconnected if it belongs to a top-level block or it belongs to a sub-block and the hierarchy of this sub-block is preserved.
WARNING:Xst:646 - Signal <trigger_input_pipeline<1><15:14>> is assigned but never used. This unconnected signal will be trimmed during the optimization process.
WARNING:Xst:646 - Signal <trigger_input_pipeline<0><15:14>> is assigned but never used. This unconnected signal will be trimmed during the optimization process.
WARNING:Xst:646 - Signal <TRIG_FIFO_FULL> is assigned but never used. This unconnected signal will be trimmed during the optimization process.
WARNING:Xst:1780 - Signal <NEXT_TOKEN_OUT> is never used or assigned. This unconnected signal will be trimmed during the optimization process.
WARNING:Xst:646 - Signal <FIFO_OUTPUT<35:32>> is assigned but never used. This unconnected signal will be trimmed during the optimization process.
    Found 1-bit register for signal <dout_valid>.
    Found 1-bit register for signal <TOKEN>.
    Found 32-bit register for signal <trigger_input_pipeline>.
    Found 8-bit register for signal <trigger_pipe_0>.
    Found 8-bit register for signal <trigger_pipe_1>.
    Found 8-bit addsub for signal <trimmed_bco>.
    Found 8-bit subtractor for signal <trimmed_bco$addsub0000> created at line 189.
    Summary:
	inferred  50 D-type flip-flop(s).
	inferred   2 Adder/Subtractor(s).
Unit <trigprim_2> synthesized.


Synthesizing Unit <trigprim_3>.
    Related source file is "/home/rrivera/ots/srcs/otsdaq-firmware/cactus/projects/ftbf/stib_slave_ots/strip/trigprim.vhd".
WARNING:Xst:647 - Input <fbco> is never used. This port will be preserved and left unconnected if it belongs to a top-level block or it belongs to a sub-block and the hierarchy of this sub-block is preserved.
WARNING:Xst:646 - Signal <trigger_input_pipeline<1><15:14>> is assigned but never used. This unconnected signal will be trimmed during the optimization process.
WARNING:Xst:646 - Signal <trigger_input_pipeline<0><15:14>> is assigned but never used. This unconnected signal will be trimmed during the optimization process.
WARNING:Xst:646 - Signal <TRIG_FIFO_FULL> is assigned but never used. This unconnected signal will be trimmed during the optimization process.
WARNING:Xst:1780 - Signal <NEXT_TOKEN_OUT> is never used or assigned. This unconnected signal will be trimmed during the optimization process.
WARNING:Xst:646 - Signal <FIFO_OUTPUT<35:32>> is assigned but never used. This unconnected signal will be trimmed during the optimization process.
    Found 1-bit register for signal <dout_valid>.
    Found 1-bit register for signal <TOKEN>.
    Found 32-bit register for signal <trigger_input_pipeline>.
    Found 8-bit register for signal <trigger_pipe_0>.
    Found 8-bit register for signal <trigger_pipe_1>.
    Found 8-bit addsub for signal <trimmed_bco>.
    Found 8-bit subtractor for signal <trimmed_bco$addsub0000> created at line 189.
    Summary:
	inferred  50 D-type flip-flop(s).
	inferred   2 Adder/Subtractor(s).
Unit <trigprim_3> synthesized.


Synthesizing Unit <trigprim_4>.
    Related source file is "/home/rrivera/ots/srcs/otsdaq-firmware/cactus/projects/ftbf/stib_slave_ots/strip/trigprim.vhd".
WARNING:Xst:647 - Input <fbco> is never used. This port will be preserved and left unconnected if it belongs to a top-level block or it belongs to a sub-block and the hierarchy of this sub-block is preserved.
WARNING:Xst:646 - Signal <trigger_input_pipeline<1><15:14>> is assigned but never used. This unconnected signal will be trimmed during the optimization process.
WARNING:Xst:646 - Signal <trigger_input_pipeline<0><15:14>> is assigned but never used. This unconnected signal will be trimmed during the optimization process.
WARNING:Xst:646 - Signal <TRIG_FIFO_FULL> is assigned but never used. This unconnected signal will be trimmed during the optimization process.
WARNING:Xst:1780 - Signal <NEXT_TOKEN_OUT> is never used or assigned. This unconnected signal will be trimmed during the optimization process.
WARNING:Xst:646 - Signal <FIFO_OUTPUT<35:32>> is assigned but never used. This unconnected signal will be trimmed during the optimization process.
    Found 1-bit register for signal <dout_valid>.
    Found 1-bit register for signal <TOKEN>.
    Found 32-bit register for signal <trigger_input_pipeline>.
    Found 8-bit register for signal <trigger_pipe_0>.
    Found 8-bit register for signal <trigger_pipe_1>.
    Found 8-bit addsub for signal <trimmed_bco>.
    Found 8-bit subtractor for signal <trimmed_bco$addsub0000> created at line 189.
    Summary:
	inferred  50 D-type flip-flop(s).
	inferred   2 Adder/Subtractor(s).
Unit <trigprim_4> synthesized.


Synthesizing Unit <trigproc>.
    Related source file is "/home/rrivera/ots/srcs/otsdaq-firmware/cactus/projects/ftbf/stib_slave_ots/strip/trigproc.vhd".
WARNING:Xst:647 - Input <fbco<2>> is never used. This port will be preserved and left unconnected if it belongs to a top-level block or it belongs to a sub-block and the hierarchy of this sub-block is preserved.
WARNING:Xst:647 - Input <bcoclk> is never used. This port will be preserved and left unconnected if it belongs to a top-level block or it belongs to a sub-block and the hierarchy of this sub-block is preserved.
WARNING:Xst:647 - Input <trig_input> is never used. This port will be preserved and left unconnected if it belongs to a top-level block or it belongs to a sub-block and the hierarchy of this sub-block is preserved.
WARNING:Xst:646 - Signal <trig_fifo_full> is assigned but never used. This unconnected signal will be trimmed during the optimization process.
WARNING:Xst:1780 - Signal <next_token_out> is never used or assigned. This unconnected signal will be trimmed during the optimization process.
WARNING:Xst:646 - Signal <fifo_output<35:32>> is assigned but never used. This unconnected signal will be trimmed during the optimization process.
    Found 32-bit register for signal <spy_data>.
    Found 1-bit register for signal <spy_data_valid>.
    Found 1-bit register for signal <ext_trig_latch>.
    Found 1-bit register for signal <ext_trig_latch2>.
    Found 1-bit register for signal <ext_trig_rec>.
    Found 1-bit register for signal <token>.
    Found 36-bit register for signal <trig_fifo_input>.
    Found 1-bit register for signal <trig_fifo_we>.
    Found 1-bit register for signal <trigger_count_enable>.
    Found 1-bit register for signal <trigger_state>.
    Found 8-bit subtractor for signal <trigger_write_addr>.
    Summary:
	inferred  76 D-type flip-flop(s).
	inferred   1 Adder/Subtractor(s).
Unit <trigproc> synthesized.


Synthesizing Unit <stripstream>.
    Related source file is "/home/rrivera/ots/srcs/otsdaq-firmware/cactus/projects/ftbf/stib_slave_ots/strip/stripstream.vhd".
WARNING:Xst:647 - Input <FLUSH> is never used. This port will be preserved and left unconnected if it belongs to a top-level block or it belongs to a sub-block and the hierarchy of this sub-block is preserved.
WARNING:Xst:647 - Input <IDLE_COUNT> is never used. This port will be preserved and left unconnected if it belongs to a top-level block or it belongs to a sub-block and the hierarchy of this sub-block is preserved.
WARNING:Xst:1780 - Signal <SEND_PACKET> is never used or assigned. This unconnected signal will be trimmed during the optimization process.
WARNING:Xst:646 - Signal <NEXT_CKSUM_CARRY_ONE<16>> is assigned but never used. This unconnected signal will be trimmed during the optimization process.
WARNING:Xst:1780 - Signal <LATCHED_STREAM_READY> is never used or assigned. This unconnected signal will be trimmed during the optimization process.
WARNING:Xst:646 - Signal <CKSUM_CARRY_ONE<16>> is assigned but never used. This unconnected signal will be trimmed during the optimization process.
WARNING:Xst:1780 - Signal <ADD_LOW> is never used or assigned. This unconnected signal will be trimmed during the optimization process.
INFO:Xst:1799 - State sending_packet is never reached in FSM <SEND_STATE>.
INFO:Xst:1799 - State read_fifo is never reached in FSM <SEND_STATE>.
    Found finite state machine <FSM_44> for signal <SEND_STATE>.
    -----------------------------------------------------------------------
    | States             | 1                                              |
    | Transitions        | 1                                              |
    | Inputs             | 0                                              |
    | Outputs            | 2                                              |
    | Clock              | CLK                       (falling_edge)       |
    | Reset              | RESET                     (positive)           |
    | Reset type         | synchronous                                    |
    | Reset State        | ready                                          |
    | Power Up State     | ready                                          |
    | Recovery State     | ready                                          |
    | Encoding           | automatic                                      |
    | Implementation     | LUT                                            |
    -----------------------------------------------------------------------
    Found 32-bit register for signal <WORDS_DUMPED>.
    Found 16-bit register for signal <ADD_HIGH>.
    Found 1-bit register for signal <CARRY_CHECKSUM>.
    Found 17-bit register for signal <CKSUM>.
    Found 17-bit adder for signal <CKSUM_CARRY>.
    Found 17-bit adder for signal <CKSUM_CARRY_ONE>.
    Found 16-bit register for signal <CKSUM_LENGTH_INPUT<31:16>>.
    Found 9-bit register for signal <CKSUM_LENGTH_INPUT<10:2>>.
    Found 9-bit up counter for signal <COUNT>.
    Found 32-bit up counter for signal <DUMP_COUNT>.
    Found 1-bit register for signal <ENABLED>.
    Found 1-bit register for signal <EVER_STUFFED>.
    Found 8-bit up counter for signal <IDLE>.
    Found 1-bit register for signal <LAST_STROBE>.
    Found 17-bit register for signal <NEXT_CKSUM>.
    Found 17-bit adder for signal <NEXT_CKSUM_CARRY$add0000> created at line 264.
    Found 17-bit adder for signal <NEXT_CKSUM_CARRY_ONE>.
    Found 5-bit adder for signal <NEXT_WORD_COUNT$add0000> created at line 208.
    Found 9-bit comparator greater for signal <NEXT_WORD_COUNT$cmp_gt0000> created at line 209.
    Found 1-bit register for signal <PACKET_FIFO_RE>.
    Found 1-bit register for signal <PACKET_FIFO_WE>.
    Found 1-bit register for signal <PACKET_STROBE>.
    Found 8-bit register for signal <STATE>.
    Found 1-bit xor2 for signal <STATE_4$xor0000> created at line 207.
    Found 1-bit register for signal <STROBE>.
    Found 9-bit comparator equal for signal <STROBE$cmp_eq0000> created at line 170.
    Found 9-bit comparator not equal for signal <STROBE$cmp_ne0001> created at line 170.
    Found 9-bit subtractor for signal <TERM_COUNT>.
    Found 9-bit register for signal <WORD_COUNT>.
    Summary:
	inferred   1 Finite State Machine(s).
	inferred   3 Counter(s).
	inferred 132 D-type flip-flop(s).
	inferred   6 Adder/Subtractor(s).
	inferred   3 Comparator(s).
Unit <stripstream> synthesized.


Synthesizing Unit <strip_interface>.
    Related source file is "/home/rrivera/ots/srcs/otsdaq-firmware/cactus/projects/ftbf/stib_slave_ots/strip/strip_interface.vhd".
WARNING:Xst:647 - Input <iobus.IO_Byte_Enable> is never used. This port will be preserved and left unconnected if it belongs to a top-level block or it belongs to a sub-block and the hierarchy of this sub-block is preserved.
WARNING:Xst:646 - Signal <trig_enable_3> is assigned but never used. This unconnected signal will be trimmed during the optimization process.
WARNING:Xst:646 - Signal <trig_enable_2> is assigned but never used. This unconnected signal will be trimmed during the optimization process.
WARNING:Xst:646 - Signal <trig_enable_1> is assigned but never used. This unconnected signal will be trimmed during the optimization process.
WARNING:Xst:646 - Signal <trig_enable_0> is assigned but never used. This unconnected signal will be trimmed during the optimization process.
WARNING:Xst:646 - Signal <strip_trim_csr<31>> is assigned but never used. This unconnected signal will be trimmed during the optimization process.
WARNING:Xst:646 - Signal <strip_trim_csr<23:16>> is assigned but never used. This unconnected signal will be trimmed during the optimization process.
WARNING:Xst:1780 - Signal <strip_serdes_status> is never used or assigned. This unconnected signal will be trimmed during the optimization process.
WARNING:Xst:646 - Signal <strip_sc<31>> is assigned but never used. This unconnected signal will be trimmed during the optimization process.
WARNING:Xst:1780 - Signal <strip_fifo_filter> is never used or assigned. This unconnected signal will be trimmed during the optimization process.
WARNING:Xst:646 - Signal <strip_error_clear> is assigned but never used. This unconnected signal will be trimmed during the optimization process.
WARNING:Xst:1780 - Signal <strip_data> is never used or assigned. This unconnected signal will be trimmed during the optimization process.
WARNING:Xst:646 - Signal <strip_dac_spi<31>> is assigned but never used. This unconnected signal will be trimmed during the optimization process.
WARNING:Xst:646 - Signal <strip_dac_csr<31>> is assigned but never used. This unconnected signal will be trimmed during the optimization process.
WARNING:Xst:646 - Signal <strip_csr<30:29>> is assigned but never used. This unconnected signal will be trimmed during the optimization process.
WARNING:Xst:646 - Signal <strip_csr<22>> is assigned but never used. This unconnected signal will be trimmed during the optimization process.
WARNING:Xst:646 - Signal <strip_csr<19>> is assigned but never used. This unconnected signal will be trimmed during the optimization process.
WARNING:Xst:646 - Signal <strip_csr<2:0>> is assigned but never used. This unconnected signal will be trimmed during the optimization process.
WARNING:Xst:646 - Signal <spy_fifo_csr<23:4>> is assigned but never used. This unconnected signal will be trimmed during the optimization process.
WARNING:Xst:646 - Signal <spy_fifo_c_we> is assigned but never used. This unconnected signal will be trimmed during the optimization process.
WARNING:Xst:1780 - Signal <spy_fifo_c_read_enable> is never used or assigned. This unconnected signal will be trimmed during the optimization process.
WARNING:Xst:653 - Signal <spy_fifo_c_output> is used but never assigned. This sourceless signal will be automatically connected to value 000000000000000000000000000000000000.
WARNING:Xst:646 - Signal <spy_fifo_c_input> is assigned but never used. This unconnected signal will be trimmed during the optimization process.
WARNING:Xst:653 - Signal <spy_fifo_c_full> is used but never assigned. This sourceless signal will be automatically connected to value 0.
WARNING:Xst:653 - Signal <spy_fifo_c_empty> is used but never assigned. This sourceless signal will be automatically connected to value 0.
WARNING:Xst:646 - Signal <spy_fifo_c_addressed> is assigned but never used. This unconnected signal will be trimmed during the optimization process.
WARNING:Xst:646 - Signal <spy_fifo_b_we> is assigned but never used. This unconnected signal will be trimmed during the optimization process.
WARNING:Xst:1780 - Signal <spy_fifo_b_read_enable> is never used or assigned. This unconnected signal will be trimmed during the optimization process.
WARNING:Xst:653 - Signal <spy_fifo_b_output> is used but never assigned. This sourceless signal will be automatically connected to value 000000000000000000000000000000000000.
WARNING:Xst:646 - Signal <spy_fifo_b_input> is assigned but never used. This unconnected signal will be trimmed during the optimization process.
WARNING:Xst:653 - Signal <spy_fifo_b_full> is used but never assigned. This sourceless signal will be automatically connected to value 0.
WARNING:Xst:653 - Signal <spy_fifo_b_empty> is used but never assigned. This sourceless signal will be automatically connected to value 0.
WARNING:Xst:646 - Signal <spy_fifo_b_addressed> is assigned but never used. This unconnected signal will be trimmed during the optimization process.
WARNING:Xst:646 - Signal <spy_fifo_a_we> is assigned but never used. This unconnected signal will be trimmed during the optimization process.
WARNING:Xst:1780 - Signal <spy_fifo_a_read_enable> is never used or assigned. This unconnected signal will be trimmed during the optimization process.
WARNING:Xst:653 - Signal <spy_fifo_a_output> is used but never assigned. This sourceless signal will be automatically connected to value 000000000000000000000000000000000000.
WARNING:Xst:646 - Signal <spy_fifo_a_input> is assigned but never used. This unconnected signal will be trimmed during the optimization process.
WARNING:Xst:653 - Signal <spy_fifo_a_full> is used but never assigned. This sourceless signal will be automatically connected to value 0.
WARNING:Xst:653 - Signal <spy_fifo_a_empty> is used but never assigned. This sourceless signal will be automatically connected to value 0.
WARNING:Xst:646 - Signal <spy_fifo_a_addressed> is assigned but never used. This unconnected signal will be trimmed during the optimization process.
WARNING:Xst:1780 - Signal <reset_count> is never used or assigned. This unconnected signal will be trimmed during the optimization process.
WARNING:Xst:1780 - Signal <read_spy_fifo_csr> is never used or assigned. This unconnected signal will be trimmed during the optimization process.
WARNING:Xst:646 - Signal <bcoclk_data<31:23>> is assigned but never used. This unconnected signal will be trimmed during the optimization process.
WARNING:Xst:1780 - Signal <bcoclk_addressed> is never used or assigned. This unconnected signal will be trimmed during the optimization process.
WARNING:Xst:646 - Signal <TRIG_CLK> is assigned but never used. This unconnected signal will be trimmed during the optimization process.
WARNING:Xst:646 - Signal <TOKEN<11>> is assigned but never used. This unconnected signal will be trimmed during the optimization process.
WARNING:Xst:646 - Signal <STRIP_TRIG_CSR<31:28>> is assigned but never used. This unconnected signal will be trimmed during the optimization process.
WARNING:Xst:646 - Signal <STRIP_SYNC_VALID> is assigned but never used. This unconnected signal will be trimmed during the optimization process.
WARNING:Xst:1780 - Signal <STRIP_FIFO_AVAILABLE> is never used or assigned. This unconnected signal will be trimmed during the optimization process.
WARNING:Xst:646 - Signal <STRIP_ANA_RESET> is assigned but never used. This unconnected signal will be trimmed during the optimization process.
WARNING:Xst:646 - Signal <STRIP_ANA_CSR<31>> is assigned but never used. This unconnected signal will be trimmed during the optimization process.
WARNING:Xst:1780 - Signal <SPY_TRIG_FIFO_DATA> is never used or assigned. This unconnected signal will be trimmed during the optimization process.
WARNING:Xst:646 - Signal <MATCH_BCO_MASK<31:12>> is assigned but never used. This unconnected signal will be trimmed during the optimization process.
WARNING:Xst:646 - Signal <MATCH_BCO<31:12>> is assigned but never used. This unconnected signal will be trimmed during the optimization process.
WARNING:Xst:646 - Signal <HITOR_INPUT> is assigned but never used. This unconnected signal will be trimmed during the optimization process.
WARNING:Xst:646 - Signal <EXT_UNBIASED> is assigned but never used. This unconnected signal will be trimmed during the optimization process.
    Found finite state machine <FSM_45> for signal <bco_reset_state>.
    -----------------------------------------------------------------------
    | States             | 8                                              |
    | Transitions        | 12                                             |
    | Inputs             | 2                                              |
    | Outputs            | 8                                              |
    | Clock              | regional_bcoclk           (rising_edge)        |
    | Power Up State     | idle                                           |
    | Recovery State     | idle                                           |
    | Encoding           | automatic                                      |
    | Implementation     | LUT                                            |
    -----------------------------------------------------------------------
    Found 1-bit register for signal <iobus_ready>.
    Found 1-bit register for signal <something_busy>.
    Found 32-bit register for signal <write_data>.
    Found 32-bit register for signal <serdes_data>.
    Found 1-bit register for signal <serdes_data_we>.
    Found 1-bit register for signal <arm_bco_reset>.
    Found 1-bit register for signal <automatic_scr_set>.
    Found 1-bit register for signal <automatic_scr_strobe>.
    Found 32-bit up counter for signal <bcoclk_count>.
    Found 32-bit register for signal <bcoclk_data>.
    Found 1-bit register for signal <bcoclk_data_we>.
    Found 1-bit register for signal <bcoclk_den>.
    Found 32-bit register for signal <bcoclk_freq>.
    Found 1-bit register for signal <bus_do_sc>.
    Found 32-bit register for signal <bus_strip_sc>.
    Found 32-bit register for signal <busclk_count>.
    Found 32-bit adder for signal <busclk_count$addsub0000>.
    Found 1-bit register for signal <clear_count>.
    Found 32-bit register for signal <debug_monitor>.
    Found 30-bit register for signal <dly_enable>.
    Found 30-bit register for signal <dly_reset>.
    Found 1-bit register for signal <do_bco_reset>.
    Found 1-bit register for signal <do_dac>.
    Found 8-bit register for signal <do_reset>.
    Found 1-bit register for signal <do_spi>.
    Found 1-bit register for signal <do_trim>.
    Found 1-bit 6-to-1 multiplexer for signal <fssr_reset$mux0000> created at line 1720.
    Found 16-bit up counter for signal <halt_count>.
    Found 1-bit 6-to-1 multiplexer for signal <hitor$mux0000> created at line 1720.
    Found 1-bit register for signal <latch_count>.
    Found 1-bit register for signal <latched_halt>.
    Found 1-bit register for signal <latched_start>.
    Found 1-bit register for signal <latched_trig>.
    Found 1-bit register for signal <please_count>.
    Found 6-bit register for signal <reset_mask>.
    Found 1-bit 6-to-1 multiplexer for signal <sc_scin$mux0000> created at line 1720.
    Found 1-bit 6-to-1 multiplexer for signal <sc_scout$mux0000> created at line 1720.
    Found 1-bit 6-to-1 multiplexer for signal <sc_shift$mux0000> created at line 1720.
    Found 128-bit register for signal <sci_bits>.
    Found 32-bit register for signal <spy_fifo_csr>.
    Found 16-bit up counter for signal <start_count>.
    Found 32-bit register for signal <STRIP_ANA_CSR>.
    Found 32-bit 6-to-1 multiplexer for signal <STRIP_ANA_DIN>.
    Found 1-bit 6-to-1 multiplexer for signal <STRIP_ANA_WE>.
    Found 1-bit register for signal <strip_csr<31>>.
    Found 6-bit register for signal <strip_csr<28:23>>.
    Found 2-bit register for signal <strip_csr<21:20>>.
    Found 16-bit register for signal <strip_csr<18:3>>.
    Found 32-bit register for signal <strip_dac_csr>.
    Found 32-bit register for signal <strip_dac_spi>.
    Found 32-bit register for signal <strip_dac_value>.
    Found 32-bit register for signal <strip_daq_param>.
    Found 32-bit register for signal <STRIP_TRIG_CSR>.
    Found 32-bit register for signal <STRIP_TRIG_INPUT_0>.
    Found 32-bit register for signal <STRIP_TRIG_INPUT_1>.
    Found 32-bit register for signal <STRIP_TRIG_INPUT_2>.
    Found 32-bit register for signal <STRIP_TRIG_INPUT_3>.
    Found 32-bit register for signal <STRIP_TRIG_UNBIASED>.
    Found 32-bit register for signal <strip_trim_csr>.
    Found 32-bit up counter for signal <trig_count>.
    Found 1-bit register for signal <trim_busy>.
    Found 6-bit register for signal <trim_count>.
    Found 6-bit addsub for signal <trim_count$addsub0000>.
    Summary:
	inferred   1 Finite State Machine(s).
	inferred   4 Counter(s).
	inferred 893 D-type flip-flop(s).
	inferred   2 Adder/Subtractor(s).
	inferred  38 Multiplexer(s).
Unit <strip_interface> synthesized.


Synthesizing Unit <ethernet_controller_wrapper>.
    Related source file is "/home/rrivera/ots/srcs/otsdaq-firmware/cactus/projects/ftbf/stib_slave_ots/work_eth/ethernet_controller_wrapper.vhd".
WARNING:Xst:1780 - Signal <GMII_RXD_sig> is never used or assigned. This unconnected signal will be trimmed during the optimization process.
    Found 2-bit down counter for signal <tmp_cnt>.
    Found 1-bit register for signal <tmp_rd_sig>.
    Summary:
	inferred   1 Counter(s).
	inferred   1 D-type flip-flop(s).
Unit <ethernet_controller_wrapper> synthesized.


Synthesizing Unit <ethernet_interface>.
    Related source file is "/home/rrivera/ots/srcs/otsdaq-firmware/cactus/projects/ftbf/stib_slave_ots/work_eth/ethernet_interface.vhd".
WARNING:Xst:646 - Signal <user_rx_size_out> is assigned but never used. This unconnected signal will be trimmed during the optimization process.
WARNING:Xst:653 - Signal <self_port> is used but never assigned. This sourceless signal will be automatically connected to value 0000011111010111.
WARNING:Xst:653 - Signal <internal_we> is used but never assigned. This sourceless signal will be automatically connected to value 0.
WARNING:Xst:646 - Signal <internal_dout> is assigned but never used. This unconnected signal will be trimmed during the optimization process.
WARNING:Xst:1780 - Signal <internal_din<63:48>> is never used or assigned. This unconnected signal will be trimmed during the optimization process.
WARNING:Xst:653 - Signal <internal_din<47:0>> is used but never assigned. This sourceless signal will be automatically connected to value 000000000000000000000000000000000000000000000000.
WARNING:Xst:653 - Signal <internal_block_sel> is used but never assigned. This sourceless signal will be automatically connected to value 00000000000000000000000000000000.
WARNING:Xst:653 - Signal <internal_addr> is used but never assigned. This sourceless signal will be automatically connected to value 00000000000000000000000000000000.
    Register <internal_eth_dout<49>> equivalent to <internal_eth_dout<48>> has been removed
    Register <internal_eth_dout<50>> equivalent to <internal_eth_dout<48>> has been removed
    Register <internal_eth_dout<51>> equivalent to <internal_eth_dout<48>> has been removed
    Register <internal_eth_dout<52>> equivalent to <internal_eth_dout<48>> has been removed
    Register <internal_eth_dout<53>> equivalent to <internal_eth_dout<48>> has been removed
    Register <internal_eth_dout<54>> equivalent to <internal_eth_dout<48>> has been removed
    Register <internal_eth_dout<55>> equivalent to <internal_eth_dout<48>> has been removed
    Register <internal_eth_dout<56>> equivalent to <internal_eth_dout<48>> has been removed
    Register <internal_eth_dout<57>> equivalent to <internal_eth_dout<48>> has been removed
    Register <internal_eth_dout<58>> equivalent to <internal_eth_dout<48>> has been removed
    Register <internal_eth_dout<59>> equivalent to <internal_eth_dout<48>> has been removed
    Register <internal_eth_dout<60>> equivalent to <internal_eth_dout<48>> has been removed
    Register <internal_eth_dout<61>> equivalent to <internal_eth_dout<48>> has been removed
    Register <internal_eth_dout<62>> equivalent to <internal_eth_dout<48>> has been removed
    Register <internal_eth_dout<63>> equivalent to <internal_eth_dout<48>> has been removed
    Using one-hot encoding for signal <internal_addr>.
    Using one-hot encoding for signal <internal_block_sel>.
INFO:Xst:2117 - HDL ADVISOR - Mux Selector <internal_addr> of Case statement line 0 was re-encoded using one-hot encoding. The case statement will be optimized (default statement optimization), but this optimization may lead to design initialization problems. To ensure the design works safely, you can:
   	- add an 'INIT' attribute on signal <internal_addr> (optimization is then done without any risk)
   	- use the attribute 'signal_encoding user' to avoid onehot optimization
   	- use the attribute 'safe_implementation yes' to force XST to perform a safe (but less efficient) optimization
    Found 32-bit register for signal <addr_to_resolve>.
    Found 1-bit register for signal <arp_announce>.
    Found 1-bit register for signal <arp_announce_sig>.
    Found 1-bit register for signal <arp_waiting>.
    Found 1-bit register for signal <burst_mode>.
    Found 1-bit register for signal <ctrl_addr_resolve>.
    Found 1-bit register for signal <ctrl_dynamic_mac_resolution>.
    Found 1-bit register for signal <data_addr_resolve>.
    Found 1-bit register for signal <data_dynamic_mac_resolution>.
    Found 49-bit register for signal <internal_eth_dout<48:0>>.
    Found 2-bit register for signal <internal_reset>.
    Found 1-bit register for signal <resolve_mac>.
    Found 24-bit register for signal <self_addr>.
    Found 40-bit register for signal <self_mac>.
    Found 32-bit register for signal <tx_ctrl_dest_addr>.
    Found 32-bit 4-to-1 multiplexer for signal <tx_ctrl_dest_addr$mux0000>.
    Found 48-bit register for signal <tx_ctrl_dest_mac>.
    Found 32-bit comparator equal for signal <tx_ctrl_dest_mac$cmp_eq0000> created at line 486.
    Found 32-bit comparator not equal for signal <tx_ctrl_dest_mac$cmp_ne0001> created at line 486.
    Found 16-bit register for signal <tx_ctrl_dest_port>.
    Found 32-bit register for signal <tx_data_dest_addr>.
    Found 48-bit register for signal <tx_data_dest_mac>.
    Found 32-bit comparator equal for signal <tx_data_dest_mac$cmp_eq0001> created at line 489.
    Found 32-bit comparator not equal for signal <tx_data_dest_mac$cmp_ne0002> created at line 489.
    Found 48-bit 4-to-1 multiplexer for signal <tx_data_dest_mac$mux0001> created at line 321.
    Found 16-bit register for signal <tx_data_dest_port>.
    Found 8-bit register for signal <user_addr_byte>.
    Found 8-bit register for signal <user_addr_sig>.
    Summary:
	inferred 364 D-type flip-flop(s).
	inferred   4 Comparator(s).
	inferred  80 Multiplexer(s).
Unit <ethernet_interface> synthesized.


Synthesizing Unit <top>.
    Related source file is "/home/rrivera/ots/srcs/otsdaq-firmware/cactus/projects/ftbf/stib_slave_ots/slave/top.vhd".
WARNING:Xst:1780 - Signal <secondary_clk_sig> is never used or assigned. This unconnected signal will be trimmed during the optimization process.
WARNING:Xst:646 - Signal <rx_data<63:32>> is assigned but never used. This unconnected signal will be trimmed during the optimization process.
WARNING:Xst:1780 - Signal <psi_status> is never used or assigned. This unconnected signal will be trimmed during the optimization process.
WARNING:Xst:646 - Signal <masked_tx_rden> is assigned but never used. This unconnected signal will be trimmed during the optimization process.
WARNING:Xst:646 - Signal <local_clock_lock_lost<1>> is assigned but never used. This unconnected signal will be trimmed during the optimization process.
WARNING:Xst:1780 - Signal <gec_user_src_port> is never used or assigned. This unconnected signal will be trimmed during the optimization process.
WARNING:Xst:1780 - Signal <gec_user_src_mac> is never used or assigned. This unconnected signal will be trimmed during the optimization process.
WARNING:Xst:1780 - Signal <gec_user_src_capture> is never used or assigned. This unconnected signal will be trimmed during the optimization process.
WARNING:Xst:1780 - Signal <gec_user_src_addrs> is never used or assigned. This unconnected signal will be trimmed during the optimization process.
WARNING:Xst:1780 - Signal <gec_port> is never used or assigned. This unconnected signal will be trimmed during the optimization process.
WARNING:Xst:1780 - Signal <gec_mac> is never used or assigned. This unconnected signal will be trimmed during the optimization process.
WARNING:Xst:1780 - Signal <gec_addrs> is never used or assigned. This unconnected signal will be trimmed during the optimization process.
WARNING:Xst:646 - Signal <fifo_b_data_out<35:32>> is assigned but never used. This unconnected signal will be trimmed during the optimization process.
WARNING:Xst:1780 - Signal <b_data_stack_state> is never used or assigned. This unconnected signal will be trimmed during the optimization process.
WARNING:Xst:1780 - Signal <b_data_stack> is never used or assigned. This unconnected signal will be trimmed during the optimization process.
WARNING:Xst:1780 - Signal <b_data_cnt> is never used or assigned. This unconnected signal will be trimmed during the optimization process.
WARNING:Xst:1780 - Signal <b_data_chk> is never used or assigned. This unconnected signal will be trimmed during the optimization process.
WARNING:Xst:1780 - Signal <b_data_alert> is never used or assigned. This unconnected signal will be trimmed during the optimization process.
WARNING:Xst:1780 - Signal <STRIP_SYNC_ERROR> is never used or assigned. This unconnected signal will be trimmed during the optimization process.
WARNING:Xst:1780 - Signal <STRIP_DATA_AVAILABLE> is never used or assigned. This unconnected signal will be trimmed during the optimization process.
WARNING:Xst:1780 - Signal <STRIP_BCO_ZERO> is never used or assigned. This unconnected signal will be trimmed during the optimization process.
WARNING:Xst:646 - Signal <GTX_CLK_0_sig> is assigned but never used. This unconnected signal will be trimmed during the optimization process.
WARNING:Xst:1780 - Signal <EXT_CLK_input> is never used or assigned. This unconnected signal will be trimmed during the optimization process.
WARNING:Xst:1780 - Signal <CLK15NS_sig> is never used or assigned. This unconnected signal will be trimmed during the optimization process.
    Found 32-bit register for signal <b_data<31:0>>.
    Found 1-bit register for signal <b_data_we>.
    Found 1-bit register for signal <eth_strobe_mask>.
    Found 1-bit register for signal <fifo_b_data_re>.
    Found 2-bit register for signal <local_bco_clk>.
    Found 48-bit register for signal <local_bco_time>.
    Found 32-bit register for signal <local_bco_time_old>.
    Found 1-bit register for signal <local_bco_wraparound>.
    Found 32-bit comparator greatequal for signal <local_bco_wraparound$cmp_ge0000> created at line 416.
    Found 1-bit register for signal <local_bco_zero>.
    Found 4-bit up counter for signal <local_bco_zero_cnt>.
    Found 48-bit comparator equal for signal <local_bco_zero_cnt$cmp_eq0000> created at line 421.
    Found 1-bit register for signal <local_clock_lock_lost<0>>.
    Found 1-bit register for signal <local_data_ready>.
    Found 32-bit up counter for signal <local_mclk_time>.
    Found 1-bit register for signal <local_read_actually_done>.
    Found 1-bit register for signal <local_read_done>.
    Found 2-bit register for signal <local_start>.
    Found 32-bit up counter for signal <local_start_count>.
    Found 32-bit register for signal <local_stripdata_last>.
    Found 1-bit register for signal <local_stripdata_repeat>.
    Found 32-bit comparator not equal for signal <local_stripdata_repeat$cmp_ne0000> created at line 479.
    Found 2-bit register for signal <local_trigger>.
    Found 32-bit up counter for signal <local_trigger_count>.
    Found 1-bit register for signal <masked_rx_wren>.
    Found 1-bit register for signal <masked_rx_wren2>.
    Found 32-bit register for signal <rx_addr_reg>.
    Found 32-bit register for signal <rx_addr_reg2>.
    Found 1-bit register for signal <strip_ready>.
    Found 9-bit register for signal <strip_ready_cnt>.
    Found 9-bit subtractor for signal <strip_ready_cnt$addsub0000> created at line 286.
    Found 32-bit register for signal <tx_data<31:0>>.
    Summary:
	inferred   4 Counter(s).
	inferred 268 D-type flip-flop(s).
	inferred   1 Adder/Subtractor(s).
	inferred   3 Comparator(s).
Unit <top> synthesized.

INFO:Xst:1767 - HDL ADVISOR - Resource sharing has identified that some arithmetic operations in this design can share the same physical resources for reduced device utilization. For improved clock frequency you may try to disable resource sharing.

=========================================================================
HDL Synthesis Report

Macro Statistics
# ROMs                                                 : 60
 16x1-bit ROM                                          : 30
 32x1-bit ROM                                          : 30
# Adders/Subtractors                                   : 143
 11-bit adder                                          : 5
 11-bit subtractor                                     : 3
 12-bit adder                                          : 2
 12-bit subtractor                                     : 1
 16-bit adder                                          : 2
 16-bit subtractor                                     : 5
 17-bit adder                                          : 6
 3-bit adder                                           : 1
 3-bit subtractor                                      : 33
 32-bit adder                                          : 1
 4-bit adder                                           : 1
 5-bit adder                                           : 1
 6-bit adder                                           : 30
 6-bit addsub                                          : 1
 64-bit adder                                          : 1
 8-bit adder                                           : 35
 8-bit addsub                                          : 4
 8-bit subtractor                                      : 7
 9-bit subtractor                                      : 4
# Counters                                             : 91
 16-bit down counter                                   : 1
 16-bit up counter                                     : 63
 2-bit down counter                                    : 1
 3-bit up counter                                      : 2
 32-bit up counter                                     : 11
 34-bit up counter                                     : 1
 4-bit down counter                                    : 1
 4-bit up counter                                      : 4
 5-bit down counter                                    : 1
 5-bit up counter                                      : 1
 7-bit up counter                                      : 1
 8-bit up counter                                      : 3
 9-bit up counter                                      : 1
# Registers                                            : 2846
 1-bit register                                        : 2508
 11-bit register                                       : 8
 12-bit register                                       : 3
 16-bit register                                       : 16
 17-bit register                                       : 3
 2-bit register                                        : 1
 24-bit register                                       : 1
 3-bit register                                        : 36
 32-bit register                                       : 68
 36-bit register                                       : 1
 4-bit register                                        : 33
 40-bit register                                       : 1
 48-bit register                                       : 5
 5-bit register                                        : 16
 6-bit register                                        : 36
 64-bit register                                       : 4
 8-bit register                                        : 104
 9-bit register                                        : 2
# Comparators                                          : 40
 11-bit comparator less                                : 2
 12-bit comparator greatequal                          : 1
 12-bit comparator less                                : 2
 16-bit comparator less                                : 1
 16-bit comparator lessequal                           : 2
 17-bit comparator greater                             : 1
 3-bit comparator less                                 : 1
 32-bit comparator equal                               : 3
 32-bit comparator greatequal                          : 1
 32-bit comparator not equal                           : 3
 34-bit comparator greatequal                          : 1
 34-bit comparator less                                : 1
 4-bit comparator greatequal                           : 1
 4-bit comparator greater                              : 1
 4-bit comparator less                                 : 2
 4-bit comparator not equal                            : 1
 48-bit comparator equal                               : 1
 5-bit comparator not equal                            : 1
 6-bit comparator greatequal                           : 1
 6-bit comparator greater                              : 1
 6-bit comparator less                                 : 1
 6-bit comparator lessequal                            : 1
 7-bit comparator equal                                : 1
 8-bit comparator equal                                : 3
 8-bit comparator greater                              : 1
 9-bit comparator equal                                : 2
 9-bit comparator greatequal                           : 1
 9-bit comparator greater                              : 1
 9-bit comparator not equal                            : 1
# Multiplexers                                         : 15
 1-bit 128-to-1 multiplexer                            : 1
 1-bit 32-to-1 multiplexer                             : 1
 1-bit 6-to-1 multiplexer                              : 7
 32-bit 4-to-1 multiplexer                             : 4
 32-bit 6-to-1 multiplexer                             : 1
 48-bit 4-to-1 multiplexer                             : 1
# Xors                                                 : 155
 1-bit xor2                                            : 74
 1-bit xor3                                            : 36
 1-bit xor4                                            : 39
 1-bit xor6                                            : 6

=========================================================================

=========================================================================
*                       Advanced HDL Synthesis                          *
=========================================================================

Analyzing FSM <FSM_45> for best encoding.
Optimizing FSM <strip_imp/bco_reset_state/FSM> on signal <bco_reset_state[1:3]> with gray encoding.
-------------------------
 State       | Encoding
-------------------------
 idle        | 000
 resetting   | 001
 pause1      | 011
 pause2      | 010
 pause3      | 110
 pause4      | 111
 doingscrset | 101
 done        | 100
-------------------------
Analyzing FSM <FSM_44> for best encoding.
Optimizing FSM <strip_imp/stripstream_imp/SEND_STATE/FSM> on signal <SEND_STATE[1:0]> with sequential encoding.
----------------------------
 State          | Encoding
----------------------------
 ready          | 
 read_fifo      | unreached
 sending_packet | unreached
----------------------------
Analyzing FSM <FSM_43> for best encoding.
Optimizing FSM <strip_imp/G[5].chipserdes0_imp/STATE/FSM> on signal <STATE[1:3]> with user encoding.
--------------------
 State  | Encoding
--------------------
 align0 | 000
 align1 | 001
 word0  | 010
 word1  | 011
 word2  | 100
--------------------
Analyzing FSM <FSM_42> for best encoding.
Optimizing FSM <strip_imp/G[5].chipserdes1_imp/STATE/FSM> on signal <STATE[1:3]> with user encoding.
--------------------
 State  | Encoding
--------------------
 align0 | 000
 align1 | 001
 word0  | 010
 word1  | 011
 word2  | 100
--------------------
Analyzing FSM <FSM_41> for best encoding.
Optimizing FSM <strip_imp/G[5].chipserdes2_imp/STATE/FSM> on signal <STATE[1:3]> with user encoding.
--------------------
 State  | Encoding
--------------------
 align0 | 000
 align1 | 001
 word0  | 010
 word1  | 011
 word2  | 100
--------------------
Analyzing FSM <FSM_40> for best encoding.
Optimizing FSM <strip_imp/G[5].chipserdes3_imp/STATE/FSM> on signal <STATE[1:3]> with user encoding.
--------------------
 State  | Encoding
--------------------
 align0 | 000
 align1 | 001
 word0  | 010
 word1  | 011
 word2  | 100
--------------------
Analyzing FSM <FSM_39> for best encoding.
Optimizing FSM <strip_imp/G[5].chipserdes4_imp/STATE/FSM> on signal <STATE[1:3]> with user encoding.
--------------------
 State  | Encoding
--------------------
 align0 | 000
 align1 | 001
 word0  | 010
 word1  | 011
 word2  | 100
--------------------
Analyzing FSM <FSM_38> for best encoding.
Optimizing FSM <strip_imp/G[4].chipserdes0_imp/STATE/FSM> on signal <STATE[1:3]> with user encoding.
--------------------
 State  | Encoding
--------------------
 align0 | 000
 align1 | 001
 word0  | 010
 word1  | 011
 word2  | 100
--------------------
Analyzing FSM <FSM_37> for best encoding.
Optimizing FSM <strip_imp/G[4].chipserdes1_imp/STATE/FSM> on signal <STATE[1:3]> with user encoding.
--------------------
 State  | Encoding
--------------------
 align0 | 000
 align1 | 001
 word0  | 010
 word1  | 011
 word2  | 100
--------------------
Analyzing FSM <FSM_36> for best encoding.
Optimizing FSM <strip_imp/G[4].chipserdes2_imp/STATE/FSM> on signal <STATE[1:3]> with user encoding.
--------------------
 State  | Encoding
--------------------
 align0 | 000
 align1 | 001
 word0  | 010
 word1  | 011
 word2  | 100
--------------------
Analyzing FSM <FSM_35> for best encoding.
Optimizing FSM <strip_imp/G[4].chipserdes3_imp/STATE/FSM> on signal <STATE[1:3]> with user encoding.
--------------------
 State  | Encoding
--------------------
 align0 | 000
 align1 | 001
 word0  | 010
 word1  | 011
 word2  | 100
--------------------
Analyzing FSM <FSM_34> for best encoding.
Optimizing FSM <strip_imp/G[4].chipserdes4_imp/STATE/FSM> on signal <STATE[1:3]> with user encoding.
--------------------
 State  | Encoding
--------------------
 align0 | 000
 align1 | 001
 word0  | 010
 word1  | 011
 word2  | 100
--------------------
Analyzing FSM <FSM_33> for best encoding.
Optimizing FSM <strip_imp/G[3].chipserdes0_imp/STATE/FSM> on signal <STATE[1:3]> with user encoding.
--------------------
 State  | Encoding
--------------------
 align0 | 000
 align1 | 001
 word0  | 010
 word1  | 011
 word2  | 100
--------------------
Analyzing FSM <FSM_32> for best encoding.
Optimizing FSM <strip_imp/G[3].chipserdes1_imp/STATE/FSM> on signal <STATE[1:3]> with user encoding.
--------------------
 State  | Encoding
--------------------
 align0 | 000
 align1 | 001
 word0  | 010
 word1  | 011
 word2  | 100
--------------------
Analyzing FSM <FSM_31> for best encoding.
Optimizing FSM <strip_imp/G[3].chipserdes2_imp/STATE/FSM> on signal <STATE[1:3]> with user encoding.
--------------------
 State  | Encoding
--------------------
 align0 | 000
 align1 | 001
 word0  | 010
 word1  | 011
 word2  | 100
--------------------
Analyzing FSM <FSM_30> for best encoding.
Optimizing FSM <strip_imp/G[3].chipserdes3_imp/STATE/FSM> on signal <STATE[1:3]> with user encoding.
--------------------
 State  | Encoding
--------------------
 align0 | 000
 align1 | 001
 word0  | 010
 word1  | 011
 word2  | 100
--------------------
Analyzing FSM <FSM_29> for best encoding.
Optimizing FSM <strip_imp/G[3].chipserdes4_imp/STATE/FSM> on signal <STATE[1:3]> with user encoding.
--------------------
 State  | Encoding
--------------------
 align0 | 000
 align1 | 001
 word0  | 010
 word1  | 011
 word2  | 100
--------------------
Analyzing FSM <FSM_28> for best encoding.
Optimizing FSM <strip_imp/G[2].chipserdes0_imp/STATE/FSM> on signal <STATE[1:3]> with user encoding.
--------------------
 State  | Encoding
--------------------
 align0 | 000
 align1 | 001
 word0  | 010
 word1  | 011
 word2  | 100
--------------------
Analyzing FSM <FSM_27> for best encoding.
Optimizing FSM <strip_imp/G[2].chipserdes1_imp/STATE/FSM> on signal <STATE[1:3]> with user encoding.
--------------------
 State  | Encoding
--------------------
 align0 | 000
 align1 | 001
 word0  | 010
 word1  | 011
 word2  | 100
--------------------
Analyzing FSM <FSM_26> for best encoding.
Optimizing FSM <strip_imp/G[2].chipserdes2_imp/STATE/FSM> on signal <STATE[1:3]> with user encoding.
--------------------
 State  | Encoding
--------------------
 align0 | 000
 align1 | 001
 word0  | 010
 word1  | 011
 word2  | 100
--------------------
Analyzing FSM <FSM_25> for best encoding.
Optimizing FSM <strip_imp/G[2].chipserdes3_imp/STATE/FSM> on signal <STATE[1:3]> with user encoding.
--------------------
 State  | Encoding
--------------------
 align0 | 000
 align1 | 001
 word0  | 010
 word1  | 011
 word2  | 100
--------------------
Analyzing FSM <FSM_24> for best encoding.
Optimizing FSM <strip_imp/G[2].chipserdes4_imp/STATE/FSM> on signal <STATE[1:3]> with user encoding.
--------------------
 State  | Encoding
--------------------
 align0 | 000
 align1 | 001
 word0  | 010
 word1  | 011
 word2  | 100
--------------------
Analyzing FSM <FSM_23> for best encoding.
Optimizing FSM <strip_imp/G[1].chipserdes0_imp/STATE/FSM> on signal <STATE[1:3]> with user encoding.
--------------------
 State  | Encoding
--------------------
 align0 | 000
 align1 | 001
 word0  | 010
 word1  | 011
 word2  | 100
--------------------
Analyzing FSM <FSM_22> for best encoding.
Optimizing FSM <strip_imp/G[1].chipserdes1_imp/STATE/FSM> on signal <STATE[1:3]> with user encoding.
--------------------
 State  | Encoding
--------------------
 align0 | 000
 align1 | 001
 word0  | 010
 word1  | 011
 word2  | 100
--------------------
Analyzing FSM <FSM_21> for best encoding.
Optimizing FSM <strip_imp/G[1].chipserdes2_imp/STATE/FSM> on signal <STATE[1:3]> with user encoding.
--------------------
 State  | Encoding
--------------------
 align0 | 000
 align1 | 001
 word0  | 010
 word1  | 011
 word2  | 100
--------------------
Analyzing FSM <FSM_20> for best encoding.
Optimizing FSM <strip_imp/G[1].chipserdes3_imp/STATE/FSM> on signal <STATE[1:3]> with user encoding.
--------------------
 State  | Encoding
--------------------
 align0 | 000
 align1 | 001
 word0  | 010
 word1  | 011
 word2  | 100
--------------------
Analyzing FSM <FSM_19> for best encoding.
Optimizing FSM <strip_imp/G[1].chipserdes4_imp/STATE/FSM> on signal <STATE[1:3]> with user encoding.
--------------------
 State  | Encoding
--------------------
 align0 | 000
 align1 | 001
 word0  | 010
 word1  | 011
 word2  | 100
--------------------
Analyzing FSM <FSM_18> for best encoding.
Optimizing FSM <strip_imp/G[0].chipserdes0_imp/STATE/FSM> on signal <STATE[1:3]> with user encoding.
--------------------
 State  | Encoding
--------------------
 align0 | 000
 align1 | 001
 word0  | 010
 word1  | 011
 word2  | 100
--------------------
Analyzing FSM <FSM_17> for best encoding.
Optimizing FSM <strip_imp/G[0].chipserdes1_imp/STATE/FSM> on signal <STATE[1:3]> with user encoding.
--------------------
 State  | Encoding
--------------------
 align0 | 000
 align1 | 001
 word0  | 010
 word1  | 011
 word2  | 100
--------------------
Analyzing FSM <FSM_16> for best encoding.
Optimizing FSM <strip_imp/G[0].chipserdes2_imp/STATE/FSM> on signal <STATE[1:3]> with user encoding.
--------------------
 State  | Encoding
--------------------
 align0 | 000
 align1 | 001
 word0  | 010
 word1  | 011
 word2  | 100
--------------------
Analyzing FSM <FSM_15> for best encoding.
Optimizing FSM <strip_imp/G[0].chipserdes3_imp/STATE/FSM> on signal <STATE[1:3]> with user encoding.
--------------------
 State  | Encoding
--------------------
 align0 | 000
 align1 | 001
 word0  | 010
 word1  | 011
 word2  | 100
--------------------
Analyzing FSM <FSM_14> for best encoding.
Optimizing FSM <strip_imp/G[0].chipserdes4_imp/STATE/FSM> on signal <STATE[1:3]> with user encoding.
--------------------
 State  | Encoding
--------------------
 align0 | 000
 align1 | 001
 word0  | 010
 word1  | 011
 word2  | 100
--------------------
Analyzing FSM <FSM_13> for best encoding.
Optimizing FSM <strip_imp/stripclk_imp/state/FSM> on signal <state[1:3]> with user encoding.
-----------------------------
 State           | Encoding
-----------------------------
 idle            | 000
 armed           | 001
 resetting       | 010
 procrastinating | 011
 done            | 100
-----------------------------
Analyzing FSM <FSM_12> for best encoding.
Optimizing FSM <strip_imp/striptbm_imp/STATE/FSM> on signal <STATE[1:2]> with user encoding.
---------------------------
 State         | Encoding
---------------------------
 idle          | 00
 running       | 01
 send_bco_low  | 10
 send_bco_high | 11
---------------------------
Analyzing FSM <FSM_11> for best encoding.
Optimizing FSM <strip_imp/sc_imp/STATE/FSM> on signal <STATE[1:5]> with sequential encoding.
--------------------------
 State        | Encoding
--------------------------
 idle         | 00000
 wait_bcozero | 00010
 chip_id0     | 00001
 chip_id1     | 00100
 chip_id2     | 00101
 chip_id3     | 00110
 chip_id4     | 00111
 addr0        | 01000
 addr1        | 01001
 addr2        | 01010
 addr3        | 01011
 addr4        | 01100
 inst0        | 01101
 inst1        | 01110
 inst2        | 01111
 skipreading  | 10000
 skipwriting  | unreached
 reading      | 10011
 writing      | 10001
 rawbits      | 00011
 done         | 10010
--------------------------
Analyzing FSM <FSM_10> for best encoding.
Optimizing FSM <strip_imp/reset_imp/state/FSM> on signal <state[1:2]> with user encoding.
-----------------------
 State     | Encoding
-----------------------
 idle      | 00
 resetting | 01
 done      | 10
-----------------------
Analyzing FSM <FSM_9> for best encoding.
Optimizing FSM <strip_imp/dac_imp/STATE/FSM> on signal <STATE[1:2]> with gray encoding.
-------------------
 State | Encoding
-------------------
 idle  | 00
 ready | 01
 pulse | 11
 done  | 10
-------------------
Analyzing FSM <FSM_8> for best encoding.
Optimizing FSM <strip_imp/dacspi_imp/STATE/FSM> on signal <STATE[1:3]> with gray encoding.
---------------------------
 State         | Encoding
---------------------------
 idle          | 000
 address       | 001
 write         | 010
 about_to_read | 011
 read          | 111
 done          | 110
---------------------------
Analyzing FSM <FSM_7> for best encoding.
Optimizing FSM <eth_interface/data_manager_blk/GEC_TX_SEQ_CTL/Sreg0/FSM> on signal <Sreg0[1:4]> with user encoding.
------------------------
 State      | Encoding
------------------------
 s7         | 0000
 s1         | 0001
 savecount  | 0010
 read_ififo | 0011
 s2         | 0100
 idle       | 0101
 txmtdone   | 0110
 chk_busy   | 0111
 s5         | 1000
 trgrd      | 1001
------------------------
Analyzing FSM <FSM_6> for best encoding.
Optimizing FSM <eth_interface/data_manager_blk/RAM_COMM_DEC/Sreg0/FSM> on signal <Sreg0[1:4]> with user encoding.
---------------------------
 State         | Encoding
---------------------------
 write_com_s8  | 0000
 read_com_s13  | 0001
 read_com_s14  | 0010
 read_com_s15  | 0011
 read_com_s1   | 0100
 read_com_s18  | 0101
 write_com_s42 | 0110
 write_com_s40 | 0111
 write_com_s9  | 1000
 pro_comm      | 1001
 dec_comm      | 1010
 idle          | 1011
 return_st     | 1100
 get_comm      | 1101
 err_dec       | 1110
---------------------------
Analyzing FSM <FSM_5> for best encoding.
Optimizing FSM <eth_interface/data_manager_blk/GEC_RX_CTRL/Sreg0/FSM> on signal <Sreg0[1:4]> with gray encoding.
------------------------
 State      | Encoding
------------------------
 idle       | 0000
 insert_crc | 0010
 rcvdone    | 0011
 s13        | 0001
 s3_s4      | 0110
 s3_s9      | 0100
 s3_s8      | 1100
 s3_s7      | 1101
 s3_s6      | 1111
 s3_s5      | 0111
 s3_s11     | 1110
 s3_s10     | 0101
------------------------
Analyzing FSM <FSM_4> for best encoding.
Optimizing FSM <eth_interface/data_manager_blk/burst_controller_sm/Sreg0/FSM> on signal <Sreg0[1:2]> with gray encoding.
--------------------------
 State        | Encoding
--------------------------
 wait_for_end | 00
 reset_size   | 11
 idle         | 01
--------------------------
Analyzing FSM <FSM_3> for best encoding.
Optimizing FSM <eth_interface/ec_wrapper/ethernet_controller/ICMPPingChecksumCalcBlock/Sreg0/FSM> on signal <Sreg0[1:3]> with gray encoding.
-------------------
 State | Encoding
-------------------
 init  | 000
 s1    | 001
 s2    | 011
 s3    | 010
 s4    | 110
-------------------
Analyzing FSM <FSM_2> for best encoding.
Optimizing FSM <eth_interface/ec_wrapper/ethernet_controller/DecipherBlock/Sreg0/FSM> on signal <Sreg0[1:7]> with gray encoding.
-------------------------------------------------------
 State                                     | Encoding
-------------------------------------------------------
 idle                                      | 0000000
 recvpacket_ip_payload_udp_recvdataloop    | 0000110
 recvpacket_type_s29                       | 1010000
 recvpacket_ip_payload_ip_totlength2       | 0001001
 recvpacket_ip_payload_udp_sourceport1     | 0000101
 recvpacket_ip_payload_ip_versionandheader | 0011000
 recvpacket_dest_s22                       | 1111010
 recvpacket_ip_payload_ip_totlength1       | 0011001
 recvpacket_ip_payload_ip_tos              | 0001000
 recvpacket_dest_s11                       | 1111011
 recvpacket_ip_payload_udp_destport1       | 0001100
 recvpacket_ip_payload_ip_ttl              | 0011010
 recvpacket_ip_payload_ip_fragmentoffset   | 0011110
 recvpacket_ip_payload_ip_flagsandfrag     | 0011111
 recvpacket_ip_payload_ip_id2              | 0011101
 recvpacket_ip_payload_ip_id1              | 0001011
 recvpacket_dest_s12                       | 1111110
 recvpacket_dest_s13                       | 1111111
 recvpacket_dest_s14                       | 1111101
 recvpacket_dest_s15                       | 1111100
 recvpacket_ip_payload_ip_sourceaddr1      | 0010100
 recvpacket_ip_payload_ip_checksum2        | 0010101
 recvpacket_ip_payload_ip_checksum1        | 0010111
 recvpacket_ip_payload_ip_protocol         | 0011011
 recvpacket_ip_payload_ip_sourceaddr3      | 0010010
 recvpacket_ip_payload_ip_sourceaddr2      | 0011100
 recvpacket_ip_payload_ip_destaddr2        | 0010001
 recvpacket_ip_payload_ip_destaddr1        | 0010000
 recvpacket_ip_payload_ip_sourceaddr4      | 0010110
 recvpacket_ip_payload_ip_destaddr4        | 0110001
 recvpacket_ip_payload_ip_destaddr3        | 0010011
 recvpacket_type_s26                       | 1110110
 recvpacket_ip_payload_udp_destport2       | 0000100
 recvpacket_ip_payload_udp_length1         | 0001101
 recvpacket_ip_payload_udp_checksum2       | 0001110
 recvpacket_ip_payload_udp_checksum1       | 0001010
 recvpacket_ip_payload_udp_length2         | 0001111
 recvpacket_ip_payload_udp_sourceport2     | 0000111
 recvpacket_src_s42                        | 1110100
 recvpacket_src_s44                        | 1110101
 recvpacket_src_s45                        | 1110011
 recvpacket_src_s46                        | 1110001
 recvpacket_src_s47                        | 1110000
 recvpacket_src_s43                        | 1110111
 recvpacket_type_s1                        | 1010011
 recvpacket_type_s48                       | 1110010
 recvpacket_type_s49                       | 1010001
 recvpacket_arp_payload_htype2             | 0111110
 recvpacket_arp_payload_htype1             | 0111010
 recvpacket_arp_payload_ptype1             | 0111111
 recvpacket_arp_payload_ptype2             | 0111011
 recvpacket_arp_payload_hlen               | 0111001
 recvpacket_arp_payload_plen               | 0111000
 recvpacket_arp_payload_op1                | 0101000
 recvpacket_arp_payload_smac2              | 0101110
 recvpacket_arp_payload_smac3              | 0101010
 recvpacket_arp_payload_smac4              | 0101111
 recvpacket_arp_payload_smac5              | 0101101
 recvpacket_arp_payload_smac6              | 0101100
 recvpacket_arp_payload_sip1               | 0100100
 recvpacket_arp_payload_sip2               | 0100101
 recvpacket_arp_payload_sip3               | 0100111
 recvpacket_arp_payload_sip4               | 0100110
 recvpacket_arp_payload_tmac1              | 0100010
 recvpacket_arp_payload_tmac2              | 0100011
 recvpacket_arp_payload_tmac3              | 0100001
 recvpacket_arp_payload_tmac4              | 0100000
 recvpacket_arp_payload_tmac5              | 1100000
 recvpacket_arp_payload_tmac6              | 1100001
 recvpacket_arp_payload_tip1               | 1100011
 recvpacket_arp_payload_tip2               | 1100010
 recvpacket_arp_payload_tip3               | 1100110
 recvpacket_arp_payload_tip4               | 1100111
 recvpacket_ip_payload_icmp_id1            | 0110010
 recvpacket_ip_payload_icmp_id2            | 0110011
 recvpacket_preamble_s50                   | 0000011
 recvpacket_crc_arp_s52                    | 1100101
 recvpacket_ip_payload_icmp_seqnum1        | 0110110
 recvpacket_crc_arp_s53                    | 1010111
 recvpacket_crc_arp_crc1                   | 1010101
 recvpacket_ip_payload_icmp_seqnum2        | 0110111
 recvpacket_crc_arp_crc2                   | 1010100
 recvpacket_crc_arp_crc4                   | 1011101
 recvpacket_ip_payload_icmp_dataloop       | 0110101
 recvpacket_preamble_s54                   | 1010110
 recvpacket_crc_ip_s55                     | 0000010
 recvpacket_crc_ip_crc6                    | 1011010
 recvpacket_crc_ip_crc7                    | 1011011
 recvpacket_crc_ip_crc8                    | 1011001
 recvpacket_crc_ip_crc9                    | 1011111
 recvpacket_crc_ip_s56                     | 1011110
 recvpacket_crc_arp_crc3                   | 1011100
 recvpacket_arp_payload_op2a               | 0101001
 recvpacket_arp_payload_smac1              | 1100100
 recvpacket_arp_payload_smac7              | 1101101
 recvpacket_arp_payload_smac8              | 1101100
 recvpacket_arp_payload_smac9              | 1101111
 recvpacket_arp_payload_smac10             | 1101110
 recvpacket_arp_payload_smac11             | 1101010
 recvpacket_arp_payload_smac12             | 1101011
 recvpacket_arp_payload_sip5               | 1101001
 recvpacket_arp_payload_sip6               | 1101000
 recvpacket_arp_payload_sip7               | 1111000
 recvpacket_arp_payload_sip8               | 1111001
 recvpacket_arp_payload_op2b               | 0101011
 recvpacket_preamble_s57                   | 1010010
 ready                                     | 0000001
 recvpacket_ip_payload_icmp_type           | 0110000
 recvpacket_ip_payload_icmp_code           | 0110100
 recvpacket_ip_payload_icmp_checksum1      | 0111100
 recvpacket_ip_payload_icmp_checksum2      | 0111101
-------------------------------------------------------
Analyzing FSM <FSM_1> for best encoding.
Optimizing FSM <eth_interface/ec_wrapper/ethernet_controller/CreatePacketBlock/Sreg0/FSM> on signal <Sreg0[1:7]> with sequential encoding.
----------------------------------------------------
 State                                  | Encoding
----------------------------------------------------
 sendpacket_dest_s11                    | 0000000
 sendpacket_dest_s12                    | 0000101
 sendpacket_dest_s13                    | 0000110
 sendpacket_dest_s14                    | 0000111
 sendpacket_dest_s15                    | 0001000
 sendpacket_src_s16                     | 0001001
 sendpacket_src_s18                     | 0010001
 sendpacket_payload_ip_icmpprotocol     | 0100100
 sendpacket_src_s19                     | 0010100
 sendpacket_src_s20                     | 0010101
 sendpacket_src_s21                     | 0010110
 sendpacket_src_s17                     | 0010010
 sendpacket_type_s26                    | 0010011
 sendpacket_type_s29                    | 0010111
 sendpacket_dest_s22                    | 0001010
 sendpacket_payload_ip_totlength2       | 0100110
 sendpacket_payload_ip_versionandheader | 0011000
 sendpacket_payload_ip_totlength1       | 0101000
 sendpacket_payload_ip_tos1             | 0100111
 sendpacket_payload_udp_sourceport1     | 0011010
 sendpacket_payload_udp_destport1       | 0011100
 sendpacket_payload_ip_id2              | 0101011
 sendpacket_payload_ip_flagsandfrag     | 0101010
 sendpacket_payload_ip_fragmentoffset   | 0101100
 sendpacket_payload_ip_icmptotlength1   | 0101001
 sendpacket_payload_ip_ttl              | 0101101
 sendpacket_payload_ip_protocol         | 0101111
 sendpacket_payload_ip_checksum1        | 0100011
 sendpacket_payload_ip_checksum2        | 0110000
 sendpacket_payload_ip_sourceaddr1      | 0110001
 sendpacket_payload_ip_icmptotlength2   | 0101110
 sendpacket_payload_ip_sourceaddr2      | 0110010
 sendpacket_payload_ip_sourceaddr3      | 0110011
 sendpacket_payload_ip_id1              | 0100101
 sendpacket_payload_ip_sourceaddr4      | 0110100
 sendpacket_payload_ip_destaddr1        | 0110110
 sendpacket_payload_ip_destaddr2        | 0110111
 sendpacket_payload_ip_destaddr3        | 0111000
 sendpacket_payload_ip_destaddr4        | 0111001
 sendpacket_payload_udp_length1         | 0011110
 sendpacket_payload_udp_destport2       | 0011011
 sendpacket_payload_udp_sourceport2     | 0011001
 sendpacket_payload_udp_length2         | 0011101
 sendpacket_payload_udp_checksum1       | 0011111
 sendpacket_payload_udp_checksum2       | 0100000
 sendpacket_payload_udp_dataloop        | 0100001
 idle                                   | 0000001
 sleep                                  | 0000011
 checkbusy                              | 0000010
 sendpacket_preamble_s58                | 1000110
 sendpacket_preamble_s57                | 0000100
 sendpacket_crc_crc4                    | 1000111
 sendpacket_crc_crc3                    | 1001000
 sendpacket_crc_crc2                    | 1001001
 sendpacket_crc_s59                     | 1001011
 sendpacket_crc_crc1                    | 1001010
 sendpacket_crc_s1                      | 0100010
 sendpacket_payload_icmp_type           | 0111010
 sendpacket_payload_icmp_code           | 0111110
 sendpacket_payload_icmp_checksum1      | 0111111
 sendpacket_payload_icmp_id1            | 1000010
 sendpacket_payload_icmp_checksum2      | 1000000
 sendpacket_payload_icmp_id2            | 1000001
 sendpacket_payload_icmp_seqnum1        | 1000011
 sendpacket_payload_icmp_seqnum2        | 1000100
 sendpacket_payload_icmp_dataloop       | 1000101
 sendpacket_dest_s60                    | 0001100
 sendpacket_dest_s61                    | 0001011
 sendpacket_dest_s62                    | 0001101
 sendpacket_dest_s63                    | 0001110
 sendpacket_dest_s64                    | 0001111
 sendpacket_dest_s65                    | 0010000
 sendpacket_payload_ip_destaddr6        | 0110101
 sendpacket_payload_ip_destaddr5        | 0111011
 sendpacket_payload_ip_destaddr8        | 0111100
 sendpacket_payload_ip_destaddr7        | 0111101
----------------------------------------------------
Analyzing FSM <FSM_0> for best encoding.
Optimizing FSM <eth_interface/ec_wrapper/ethernet_controller/ArpReplyBlock/Sreg0/FSM> on signal <Sreg0[1:7]> with sequential encoding.
--------------------------------------------
 State                          | Encoding
--------------------------------------------
 idle                           | 0000000
 delay                          | 0000011
 arpresponse_type_s1            | 0010100
 arpresponse_type_s48           | 0001111
 arpresponse_dest_s22           | 0000111
 arpresponse_dest_s11           | 0000110
 arpresponse_dest_s12           | 0001000
 arpresponse_dest_s13           | 0001001
 arpresponse_dest_s14           | 0001010
 arpresponse_dest_s15           | 0001011
 arpresponse_src_s50            | 0001110
 arpresponse_src_s51            | 0001100
 arpresponse_src_s52            | 0010000
 arpresponse_src_s53            | 0010001
 arpresponse_src_s54            | 0010010
 arpresponse_src_s55            | 0001101
 delay1                         | 0000100
 checkbusy                      | 0000101
 arpresponse_preamble_s57       | 0000010
 arpresponse_preamble_s58       | 1000111
 arpresponse_crc_crc1           | 1001001
 arpresponse_crc_crc2           | 1001000
 arpresponse_crc_crc3           | 1001010
 arpresponse_crc_crc4           | 1001011
 arpresponse_crc_s59            | 0100100
 arpresponse_arp_payload_op2    | 0010110
 arpresponse_arp_payload_op3    | 0011000
 precheckbusy                   | 0000001
 arpresponse_arp_payload_tmac9  | 0011010
 arpresponse_arp_payload_tmac8  | 0011011
 arpresponse_arp_payload_tmac7  | 0011100
 arpresponse_arp_payload_op4    | 0010111
 arpresponse_arp_payload_tmac12 | 0011110
 arpresponse_arp_payload_tmac11 | 0011111
 arpresponse_arp_payload_tmac10 | 0011001
 arpresponse_arp_payload_op1    | 0100000
 arpresponse_arp_payload_plen   | 0100001
 arpresponse_arp_payload_hlen   | 0100010
 arpresponse_arp_payload_ptype2 | 0100011
 arpresponse_arp_payload_tip8   | 0100101
 arpresponse_arp_payload_tip7   | 0100110
 arpresponse_arp_payload_tip6   | 0100111
 arpresponse_arp_payload_tip5   | 0011101
 arpresponse_arp_payload_sip2   | 0101001
 arpresponse_arp_payload_sip1   | 0101010
 arpresponse_arp_payload_smac6  | 0101011
 arpresponse_arp_payload_smac5  | 0101100
 arpresponse_arp_payload_smac4  | 0101101
 arpresponse_arp_payload_smac3  | 0101110
 arpresponse_arp_payload_smac2  | 0101111
 arpresponse_arp_payload_smac1  | 0010101
 arpresponse_arp_payload_tmac4  | 0110001
 arpresponse_arp_payload_tmac3  | 0110010
 arpresponse_arp_payload_tmac2  | 0110011
 arpresponse_arp_payload_tmac1  | 0110100
 arpresponse_arp_payload_sip4   | 0110110
 arpresponse_arp_payload_sip3   | 0101000
 arpresponse_arp_payload_tip3   | 0111000
 arpresponse_arp_payload_tip2   | 0111001
 arpresponse_arp_payload_tip1   | 0111010
 arpresponse_arp_payload_tmac6  | 0111011
 arpresponse_arp_payload_tmac5  | 0110000
 arpresponse_arp_payload_ptype1 | 0111100
 arpresponse_arp_payload_htype2 | 0111101
 arpresponse_arp_payload_tip4   | 0110111
 arpresponse_arp_payload_htype1 | 0010011
 arpresponse_arp_payload_tip9   | 0111111
 arpresponse_arp_payload_tip10  | 0111110
 arpresponse_arp_payload_tip11  | 1000000
 arpresponse_arp_payload_tip12  | 1000001
 arpresponse_arp_payload_tmac13 | 0110101
 arpresponse_arp_payload_tmac14 | 1000010
 arpresponse_arp_payload_tmac15 | 1000011
 arpresponse_arp_payload_tmac16 | 1000100
 arpresponse_arp_payload_tmac17 | 1000101
 arpresponse_arp_payload_tmac18 | 1000110
--------------------------------------------
Reading core <../strip/chip_fifo.ngc>.
Reading core <../strip/trigcounter.ngc>.
Reading Secure Unit <blk00000001>.
Reading core <../strip/streamipbuf.ngc>.
Reading core <../strip/packetfifo.ngc>.
Reading core <../work_eth/ipcore_dir/DATA_FIFO_0.ngc>.
Reading core <../work_eth/ipcore_dir/INFO_FIFO_0.ngc>.
Reading core <../work_eth/ipcore_dir/ADDR_FIFO.ngc>.
Reading core <../strip/bcocounter.ngc>.
Reading Secure Unit <blk00000001>.
Reading core <../strip/trigbuf.ngc>.
Loading core <chip_fifo> for timing and area information for instance <stackGen[0].fifo_imp>.
Loading core <chip_fifo> for timing and area information for instance <fifo_imp>.
Loading core <chip_fifo> for timing and area information for instance <fifo_imp>.
Loading core <chip_fifo> for timing and area information for instance <fifo_imp>.
Loading core <chip_fifo> for timing and area information for instance <fifo_imp>.
Loading core <chip_fifo> for timing and area information for instance <fifo_imp>.
Loading core <chip_fifo> for timing and area information for instance <fifo_imp>.
Loading core <trigcounter> for timing and area information for instance <trigcounter_imp>.
Loading core <streamipbuf> for timing and area information for instance <streamipbuf_imp>.
Loading core <packetfifo> for timing and area information for instance <packetfifo_imp>.
Loading core <DATA_FIFO_0> for timing and area information for instance <RX_DATA_FIFO>.
Loading core <INFO_FIFO_0> for timing and area information for instance <RX_DATA_INFO_FIFO>.
Loading core <ADDR_FIFO> for timing and area information for instance <RX_SRC_ADDR_FIFO>.
Loading core <ADDR_FIFO> for timing and area information for instance <RX_SRC_MAC_FIFO>.
Loading core <DATA_FIFO_0> for timing and area information for instance <TX_DATA_FIFO>.
Loading core <INFO_FIFO_0> for timing and area information for instance <TX_DATA_INFO_FIFO>.
Loading core <DATA_FIFO_0> for timing and area information for instance <TX_CTRL_FIFO>.
Loading core <INFO_FIFO_0> for timing and area information for instance <TX_CTRL_INFO_FIFO>.
Loading core <ADDR_FIFO> for timing and area information for instance <TX_CTRL_ADDR_FIFO>.
Loading core <ADDR_FIFO> for timing and area information for instance <TX_CTRL_MAC_FIFO>.
Loading core <bcocounter> for timing and area information for instance <bcocounter_imp>.
Loading core <trigbuf> for timing and area information for instance <G[0].trigbuf_imp>.
Loading core <trigbuf> for timing and area information for instance <G[1].trigbuf_imp>.
Loading core <trigbuf> for timing and area information for instance <G[2].trigbuf_imp>.
Loading core <trigbuf> for timing and area information for instance <G[3].trigbuf_imp>.
Loading core <trigbuf> for timing and area information for instance <G[4].trigbuf_imp>.
Loading core <trigbuf> for timing and area information for instance <G[5].trigbuf_imp>.
WARNING:Xst:1290 - Hierarchical block <genDbgCRC[0].crcGenDebug> is unconnected in block <ec_wrapper>.
   It will be removed from the design.
INFO:Xst:2261 - The FF/Latch <DOUT_25> in Unit <G[0].chipserdes4_imp> is equivalent to the following 3 FFs/Latches, which will be removed : <DOUT_27> <DOUT_28> <DOUT_29> 
INFO:Xst:2261 - The FF/Latch <DOUT_24> in Unit <G[0].chipserdes4_imp> is equivalent to the following FF/Latch, which will be removed : <DOUT_26> 
INFO:Xst:2261 - The FF/Latch <DOUT_24> in Unit <G[0].chipserdes3_imp> is equivalent to the following 4 FFs/Latches, which will be removed : <DOUT_25> <DOUT_27> <DOUT_28> <DOUT_29> 
INFO:Xst:2261 - The FF/Latch <DOUT_26> in Unit <G[0].chipserdes2_imp> is equivalent to the following 3 FFs/Latches, which will be removed : <DOUT_27> <DOUT_28> <DOUT_29> 
INFO:Xst:2261 - The FF/Latch <DOUT_24> in Unit <G[0].chipserdes2_imp> is equivalent to the following FF/Latch, which will be removed : <DOUT_25> 
INFO:Xst:2261 - The FF/Latch <DOUT_24> in Unit <G[0].chipserdes1_imp> is equivalent to the following 4 FFs/Latches, which will be removed : <DOUT_26> <DOUT_27> <DOUT_28> <DOUT_29> 
INFO:Xst:2261 - The FF/Latch <DOUT_25> in Unit <G[0].chipserdes0_imp> is equivalent to the following 4 FFs/Latches, which will be removed : <DOUT_26> <DOUT_27> <DOUT_28> <DOUT_29> 
INFO:Xst:2261 - The FF/Latch <DOUT_25> in Unit <G[1].chipserdes4_imp> is equivalent to the following 2 FFs/Latches, which will be removed : <DOUT_28> <DOUT_29> 
INFO:Xst:2261 - The FF/Latch <DOUT_24> in Unit <G[1].chipserdes4_imp> is equivalent to the following 2 FFs/Latches, which will be removed : <DOUT_26> <DOUT_27> 
INFO:Xst:2261 - The FF/Latch <DOUT_24> in Unit <G[1].chipserdes3_imp> is equivalent to the following 3 FFs/Latches, which will be removed : <DOUT_25> <DOUT_28> <DOUT_29> 
INFO:Xst:2261 - The FF/Latch <DOUT_26> in Unit <G[1].chipserdes3_imp> is equivalent to the following FF/Latch, which will be removed : <DOUT_27> 
INFO:Xst:2261 - The FF/Latch <DOUT_26> in Unit <G[1].chipserdes2_imp> is equivalent to the following 2 FFs/Latches, which will be removed : <DOUT_28> <DOUT_29> 
INFO:Xst:2261 - The FF/Latch <DOUT_24> in Unit <G[1].chipserdes2_imp> is equivalent to the following 2 FFs/Latches, which will be removed : <DOUT_25> <DOUT_27> 
INFO:Xst:2261 - The FF/Latch <DOUT_24> in Unit <G[1].chipserdes1_imp> is equivalent to the following 3 FFs/Latches, which will be removed : <DOUT_26> <DOUT_28> <DOUT_29> 
INFO:Xst:2261 - The FF/Latch <DOUT_25> in Unit <G[1].chipserdes1_imp> is equivalent to the following FF/Latch, which will be removed : <DOUT_27> 
INFO:Xst:2261 - The FF/Latch <DOUT_25> in Unit <G[1].chipserdes0_imp> is equivalent to the following 3 FFs/Latches, which will be removed : <DOUT_26> <DOUT_28> <DOUT_29> 
INFO:Xst:2261 - The FF/Latch <DOUT_24> in Unit <G[1].chipserdes0_imp> is equivalent to the following FF/Latch, which will be removed : <DOUT_27> 
INFO:Xst:2261 - The FF/Latch <DOUT_25> in Unit <G[2].chipserdes4_imp> is equivalent to the following 2 FFs/Latches, which will be removed : <DOUT_27> <DOUT_29> 
INFO:Xst:2261 - The FF/Latch <DOUT_24> in Unit <G[2].chipserdes4_imp> is equivalent to the following 2 FFs/Latches, which will be removed : <DOUT_26> <DOUT_28> 
INFO:Xst:2261 - The FF/Latch <DOUT_24> in Unit <G[2].chipserdes3_imp> is equivalent to the following 3 FFs/Latches, which will be removed : <DOUT_25> <DOUT_27> <DOUT_29> 
INFO:Xst:2261 - The FF/Latch <DOUT_26> in Unit <G[2].chipserdes3_imp> is equivalent to the following FF/Latch, which will be removed : <DOUT_28> 
INFO:Xst:2261 - The FF/Latch <DOUT_26> in Unit <G[2].chipserdes2_imp> is equivalent to the following 2 FFs/Latches, which will be removed : <DOUT_27> <DOUT_29> 
INFO:Xst:2261 - The FF/Latch <DOUT_24> in Unit <G[2].chipserdes2_imp> is equivalent to the following 2 FFs/Latches, which will be removed : <DOUT_25> <DOUT_28> 
INFO:Xst:2261 - The FF/Latch <DOUT_24> in Unit <G[2].chipserdes1_imp> is equivalent to the following 3 FFs/Latches, which will be removed : <DOUT_26> <DOUT_27> <DOUT_29> 
INFO:Xst:2261 - The FF/Latch <DOUT_25> in Unit <G[2].chipserdes1_imp> is equivalent to the following FF/Latch, which will be removed : <DOUT_28> 
INFO:Xst:2261 - The FF/Latch <DOUT_25> in Unit <G[2].chipserdes0_imp> is equivalent to the following 3 FFs/Latches, which will be removed : <DOUT_26> <DOUT_27> <DOUT_29> 
INFO:Xst:2261 - The FF/Latch <DOUT_24> in Unit <G[2].chipserdes0_imp> is equivalent to the following FF/Latch, which will be removed : <DOUT_28> 
INFO:Xst:2261 - The FF/Latch <DOUT_25> in Unit <G[3].chipserdes4_imp> is equivalent to the following FF/Latch, which will be removed : <DOUT_29> 
INFO:Xst:2261 - The FF/Latch <DOUT_24> in Unit <G[3].chipserdes4_imp> is equivalent to the following 3 FFs/Latches, which will be removed : <DOUT_26> <DOUT_27> <DOUT_28> 
INFO:Xst:2261 - The FF/Latch <DOUT_24> in Unit <G[3].chipserdes3_imp> is equivalent to the following 2 FFs/Latches, which will be removed : <DOUT_25> <DOUT_29> 
INFO:Xst:2261 - The FF/Latch <DOUT_26> in Unit <G[3].chipserdes3_imp> is equivalent to the following 2 FFs/Latches, which will be removed : <DOUT_27> <DOUT_28> 
INFO:Xst:2261 - The FF/Latch <DOUT_26> in Unit <G[3].chipserdes2_imp> is equivalent to the following FF/Latch, which will be removed : <DOUT_29> 
INFO:Xst:2261 - The FF/Latch <DOUT_24> in Unit <G[3].chipserdes2_imp> is equivalent to the following 3 FFs/Latches, which will be removed : <DOUT_25> <DOUT_27> <DOUT_28> 
INFO:Xst:2261 - The FF/Latch <DOUT_24> in Unit <G[3].chipserdes1_imp> is equivalent to the following 2 FFs/Latches, which will be removed : <DOUT_26> <DOUT_29> 
INFO:Xst:2261 - The FF/Latch <DOUT_25> in Unit <G[3].chipserdes1_imp> is equivalent to the following 2 FFs/Latches, which will be removed : <DOUT_27> <DOUT_28> 
INFO:Xst:2261 - The FF/Latch <DOUT_25> in Unit <G[3].chipserdes0_imp> is equivalent to the following 2 FFs/Latches, which will be removed : <DOUT_26> <DOUT_29> 
INFO:Xst:2261 - The FF/Latch <DOUT_24> in Unit <G[3].chipserdes0_imp> is equivalent to the following 2 FFs/Latches, which will be removed : <DOUT_27> <DOUT_28> 
INFO:Xst:2261 - The FF/Latch <DOUT_25> in Unit <G[4].chipserdes4_imp> is equivalent to the following 2 FFs/Latches, which will be removed : <DOUT_27> <DOUT_28> 
INFO:Xst:2261 - The FF/Latch <DOUT_24> in Unit <G[4].chipserdes4_imp> is equivalent to the following 2 FFs/Latches, which will be removed : <DOUT_26> <DOUT_29> 
INFO:Xst:2261 - The FF/Latch <DOUT_24> in Unit <G[4].chipserdes3_imp> is equivalent to the following 3 FFs/Latches, which will be removed : <DOUT_25> <DOUT_27> <DOUT_28> 
INFO:Xst:2261 - The FF/Latch <DOUT_26> in Unit <G[4].chipserdes3_imp> is equivalent to the following FF/Latch, which will be removed : <DOUT_29> 
INFO:Xst:2261 - The FF/Latch <DOUT_26> in Unit <G[4].chipserdes2_imp> is equivalent to the following 2 FFs/Latches, which will be removed : <DOUT_27> <DOUT_28> 
INFO:Xst:2261 - The FF/Latch <DOUT_24> in Unit <G[4].chipserdes2_imp> is equivalent to the following 2 FFs/Latches, which will be removed : <DOUT_25> <DOUT_29> 
INFO:Xst:2261 - The FF/Latch <DOUT_24> in Unit <G[4].chipserdes1_imp> is equivalent to the following 3 FFs/Latches, which will be removed : <DOUT_26> <DOUT_27> <DOUT_28> 
INFO:Xst:2261 - The FF/Latch <DOUT_25> in Unit <G[4].chipserdes1_imp> is equivalent to the following FF/Latch, which will be removed : <DOUT_29> 
INFO:Xst:2261 - The FF/Latch <DOUT_25> in Unit <G[4].chipserdes0_imp> is equivalent to the following 3 FFs/Latches, which will be removed : <DOUT_26> <DOUT_27> <DOUT_28> 
INFO:Xst:2261 - The FF/Latch <DOUT_24> in Unit <G[4].chipserdes0_imp> is equivalent to the following FF/Latch, which will be removed : <DOUT_29> 
INFO:Xst:2261 - The FF/Latch <DOUT_25> in Unit <G[5].chipserdes4_imp> is equivalent to the following FF/Latch, which will be removed : <DOUT_28> 
INFO:Xst:2261 - The FF/Latch <DOUT_24> in Unit <G[5].chipserdes4_imp> is equivalent to the following 3 FFs/Latches, which will be removed : <DOUT_26> <DOUT_27> <DOUT_29> 
INFO:Xst:2261 - The FF/Latch <DOUT_24> in Unit <G[5].chipserdes3_imp> is equivalent to the following 2 FFs/Latches, which will be removed : <DOUT_25> <DOUT_28> 
INFO:Xst:2261 - The FF/Latch <DOUT_26> in Unit <G[5].chipserdes3_imp> is equivalent to the following 2 FFs/Latches, which will be removed : <DOUT_27> <DOUT_29> 
INFO:Xst:2261 - The FF/Latch <DOUT_26> in Unit <G[5].chipserdes2_imp> is equivalent to the following FF/Latch, which will be removed : <DOUT_28> 
INFO:Xst:2261 - The FF/Latch <DOUT_24> in Unit <G[5].chipserdes2_imp> is equivalent to the following 3 FFs/Latches, which will be removed : <DOUT_25> <DOUT_27> <DOUT_29> 
INFO:Xst:2261 - The FF/Latch <DOUT_24> in Unit <G[5].chipserdes1_imp> is equivalent to the following 2 FFs/Latches, which will be removed : <DOUT_26> <DOUT_28> 
INFO:Xst:2261 - The FF/Latch <DOUT_25> in Unit <G[5].chipserdes1_imp> is equivalent to the following 2 FFs/Latches, which will be removed : <DOUT_27> <DOUT_29> 
INFO:Xst:2261 - The FF/Latch <DOUT_25> in Unit <G[5].chipserdes0_imp> is equivalent to the following 2 FFs/Latches, which will be removed : <DOUT_26> <DOUT_28> 
INFO:Xst:2261 - The FF/Latch <DOUT_24> in Unit <G[5].chipserdes0_imp> is equivalent to the following 2 FFs/Latches, which will be removed : <DOUT_27> <DOUT_29> 
INFO:Xst:2261 - The FF/Latch <trig_fifo_input_3> in Unit <trigproc_imp> is equivalent to the following 2 FFs/Latches, which will be removed : <trig_fifo_input_5> <trig_fifo_input_7> 
INFO:Xst:2261 - The FF/Latch <trig_fifo_input_0> in Unit <trigproc_imp> is equivalent to the following 7 FFs/Latches, which will be removed : <trig_fifo_input_1> <trig_fifo_input_2> <trig_fifo_input_6> <trig_fifo_input_32> <trig_fifo_input_33> <trig_fifo_input_34> <trig_fifo_input_35> 
INFO:Xst:2261 - The FF/Latch <STATE_7> in Unit <stripstream_imp> is equivalent to the following 2 FFs/Latches, which will be removed : <STATE_6> <PACKET_STROBE> 
INFO:Xst:2261 - The FF/Latch <WORD_COUNT_1> in Unit <stripstream_imp> is equivalent to the following 2 FFs/Latches, which will be removed : <WORD_COUNT_2> <WORD_COUNT_3> 
INFO:Xst:2261 - The FF/Latch <CKSUM_LENGTH_INPUT_3> in Unit <stripstream_imp> is equivalent to the following 2 FFs/Latches, which will be removed : <CKSUM_LENGTH_INPUT_4> <CKSUM_LENGTH_INPUT_5> 
WARNING:Xst:1426 - The value init of the FF/Latch EVER_STUFFED hinder the constant cleaning in the block stripstream_imp.
   You should achieve better results by setting this init to 1.
WARNING:Xst:1710 - FF/Latch <DOUT_24> (without init value) has a constant value of 1 in block <G[4].chipserdes0_imp>. This FF/Latch will be trimmed during the optimization process.
WARNING:Xst:1710 - FF/Latch <DOUT_25> (without init value) has a constant value of 1 in block <G[4].chipserdes1_imp>. This FF/Latch will be trimmed during the optimization process.
WARNING:Xst:1710 - FF/Latch <DOUT_24> (without init value) has a constant value of 0 in block <G[4].chipserdes1_imp>. This FF/Latch will be trimmed during the optimization process.
WARNING:Xst:1710 - FF/Latch <DOUT_26> (without init value) has a constant value of 0 in block <G[4].chipserdes2_imp>. This FF/Latch will be trimmed during the optimization process.
WARNING:Xst:1710 - FF/Latch <DOUT_24> (without init value) has a constant value of 1 in block <G[4].chipserdes2_imp>. This FF/Latch will be trimmed during the optimization process.
WARNING:Xst:1710 - FF/Latch <DOUT_26> (without init value) has a constant value of 1 in block <G[4].chipserdes3_imp>. This FF/Latch will be trimmed during the optimization process.
WARNING:Xst:1710 - FF/Latch <DOUT_24> (without init value) has a constant value of 0 in block <G[4].chipserdes3_imp>. This FF/Latch will be trimmed during the optimization process.
WARNING:Xst:1710 - FF/Latch <DOUT_25> (without init value) has a constant value of 0 in block <G[4].chipserdes4_imp>. This FF/Latch will be trimmed during the optimization process.
WARNING:Xst:1710 - FF/Latch <DOUT_24> (without init value) has a constant value of 1 in block <G[4].chipserdes4_imp>. This FF/Latch will be trimmed during the optimization process.
WARNING:Xst:1710 - FF/Latch <TRIGGERED_DATA_29> (without init value) has a constant value of 0 in block <G[3].strip_fifo_imp>. This FF/Latch will be trimmed during the optimization process.
WARNING:Xst:1710 - FF/Latch <DOUT_25> (without init value) has a constant value of 0 in block <G[3].chipserdes0_imp>. This FF/Latch will be trimmed during the optimization process.
WARNING:Xst:1710 - FF/Latch <DOUT_24> (without init value) has a constant value of 1 in block <G[3].chipserdes0_imp>. This FF/Latch will be trimmed during the optimization process.
WARNING:Xst:1710 - FF/Latch <DOUT_25> (without init value) has a constant value of 1 in block <G[3].chipserdes1_imp>. This FF/Latch will be trimmed during the optimization process.
WARNING:Xst:1710 - FF/Latch <DOUT_24> (without init value) has a constant value of 0 in block <G[3].chipserdes1_imp>. This FF/Latch will be trimmed during the optimization process.
WARNING:Xst:1710 - FF/Latch <DOUT_26> (without init value) has a constant value of 0 in block <G[3].chipserdes2_imp>. This FF/Latch will be trimmed during the optimization process.
WARNING:Xst:1710 - FF/Latch <DOUT_24> (without init value) has a constant value of 1 in block <G[3].chipserdes2_imp>. This FF/Latch will be trimmed during the optimization process.
WARNING:Xst:1710 - FF/Latch <DOUT_26> (without init value) has a constant value of 1 in block <G[3].chipserdes3_imp>. This FF/Latch will be trimmed during the optimization process.
WARNING:Xst:1710 - FF/Latch <DOUT_24> (without init value) has a constant value of 0 in block <G[3].chipserdes3_imp>. This FF/Latch will be trimmed during the optimization process.
WARNING:Xst:1710 - FF/Latch <DOUT_25> (without init value) has a constant value of 0 in block <G[3].chipserdes4_imp>. This FF/Latch will be trimmed during the optimization process.
WARNING:Xst:1710 - FF/Latch <DOUT_24> (without init value) has a constant value of 1 in block <G[3].chipserdes4_imp>. This FF/Latch will be trimmed during the optimization process.
WARNING:Xst:1710 - FF/Latch <TRIGGERED_DATA_29> (without init value) has a constant value of 0 in block <G[2].strip_fifo_imp>. This FF/Latch will be trimmed during the optimization process.
WARNING:Xst:1293 - FF/Latch <WORD_COUNT_0> has a constant value of 0 in block <stripstream_imp>. This FF/Latch will be trimmed during the optimization process.
WARNING:Xst:1710 - FF/Latch <CKSUM_16> (without init value) has a constant value of 0 in block <stripstream_imp>. This FF/Latch will be trimmed during the optimization process.
WARNING:Xst:1293 - FF/Latch <PACKET_FIFO_RE> has a constant value of 0 in block <stripstream_imp>. This FF/Latch will be trimmed during the optimization process.
WARNING:Xst:1710 - FF/Latch <NEXT_CKSUM_16> (without init value) has a constant value of 0 in block <stripstream_imp>. This FF/Latch will be trimmed during the optimization process.
WARNING:Xst:1293 - FF/Latch <STATE_7> has a constant value of 0 in block <stripstream_imp>. This FF/Latch will be trimmed during the optimization process.
WARNING:Xst:1710 - FF/Latch <trig_fifo_input_3> (without init value) has a constant value of 1 in block <trigproc_imp>. This FF/Latch will be trimmed during the optimization process.
WARNING:Xst:1710 - FF/Latch <trig_fifo_input_0> (without init value) has a constant value of 0 in block <trigproc_imp>. This FF/Latch will be trimmed during the optimization process.
WARNING:Xst:1710 - FF/Latch <dout_valid> (without init value) has a constant value of 0 in block <trigprim1_imp>. This FF/Latch will be trimmed during the optimization process.
WARNING:Xst:1710 - FF/Latch <TRIGGERED_DATA_28> (without init value) has a constant value of 0 in block <G[5].strip_fifo_imp>. This FF/Latch will be trimmed during the optimization process.
WARNING:Xst:1710 - FF/Latch <DOUT_25> (without init value) has a constant value of 0 in block <G[5].chipserdes0_imp>. This FF/Latch will be trimmed during the optimization process.
WARNING:Xst:1710 - FF/Latch <DOUT_24> (without init value) has a constant value of 1 in block <G[5].chipserdes0_imp>. This FF/Latch will be trimmed during the optimization process.
WARNING:Xst:1710 - FF/Latch <DOUT_25> (without init value) has a constant value of 1 in block <G[5].chipserdes1_imp>. This FF/Latch will be trimmed during the optimization process.
WARNING:Xst:1710 - FF/Latch <DOUT_24> (without init value) has a constant value of 0 in block <G[5].chipserdes1_imp>. This FF/Latch will be trimmed during the optimization process.
WARNING:Xst:1710 - FF/Latch <DOUT_26> (without init value) has a constant value of 0 in block <G[5].chipserdes2_imp>. This FF/Latch will be trimmed during the optimization process.
WARNING:Xst:1710 - FF/Latch <DOUT_24> (without init value) has a constant value of 1 in block <G[5].chipserdes2_imp>. This FF/Latch will be trimmed during the optimization process.
WARNING:Xst:1710 - FF/Latch <DOUT_26> (without init value) has a constant value of 1 in block <G[5].chipserdes3_imp>. This FF/Latch will be trimmed during the optimization process.
WARNING:Xst:1710 - FF/Latch <DOUT_24> (without init value) has a constant value of 0 in block <G[5].chipserdes3_imp>. This FF/Latch will be trimmed during the optimization process.
WARNING:Xst:1710 - FF/Latch <DOUT_25> (without init value) has a constant value of 0 in block <G[5].chipserdes4_imp>. This FF/Latch will be trimmed during the optimization process.
WARNING:Xst:1710 - FF/Latch <DOUT_24> (without init value) has a constant value of 1 in block <G[5].chipserdes4_imp>. This FF/Latch will be trimmed during the optimization process.
WARNING:Xst:1710 - FF/Latch <TRIGGERED_DATA_28> (without init value) has a constant value of 0 in block <G[4].strip_fifo_imp>. This FF/Latch will be trimmed during the optimization process.
WARNING:Xst:1710 - FF/Latch <TRIGGERED_DATA_27> (without init value) has a constant value of 0 in block <G[4].strip_fifo_imp>. This FF/Latch will be trimmed during the optimization process.
WARNING:Xst:1710 - FF/Latch <DOUT_25> (without init value) has a constant value of 0 in block <G[4].chipserdes0_imp>. This FF/Latch will be trimmed during the optimization process.
WARNING:Xst:1710 - FF/Latch <DOUT_24> (without init value) has a constant value of 1 in block <G[1].chipserdes4_imp>. This FF/Latch will be trimmed during the optimization process.
WARNING:Xst:1710 - FF/Latch <TRIGGERED_DATA_29> (without init value) has a constant value of 0 in block <G[0].strip_fifo_imp>. This FF/Latch will be trimmed during the optimization process.
WARNING:Xst:1710 - FF/Latch <TRIGGERED_DATA_28> (without init value) has a constant value of 0 in block <G[0].strip_fifo_imp>. This FF/Latch will be trimmed during the optimization process.
WARNING:Xst:1710 - FF/Latch <TRIGGERED_DATA_27> (without init value) has a constant value of 0 in block <G[0].strip_fifo_imp>. This FF/Latch will be trimmed during the optimization process.
WARNING:Xst:1710 - FF/Latch <DOUT_25> (without init value) has a constant value of 0 in block <G[0].chipserdes0_imp>. This FF/Latch will be trimmed during the optimization process.
WARNING:Xst:1710 - FF/Latch <DOUT_24> (without init value) has a constant value of 1 in block <G[0].chipserdes0_imp>. This FF/Latch will be trimmed during the optimization process.
WARNING:Xst:1710 - FF/Latch <DOUT_25> (without init value) has a constant value of 1 in block <G[0].chipserdes1_imp>. This FF/Latch will be trimmed during the optimization process.
WARNING:Xst:1710 - FF/Latch <DOUT_24> (without init value) has a constant value of 0 in block <G[0].chipserdes1_imp>. This FF/Latch will be trimmed during the optimization process.
WARNING:Xst:1710 - FF/Latch <DOUT_26> (without init value) has a constant value of 0 in block <G[0].chipserdes2_imp>. This FF/Latch will be trimmed during the optimization process.
WARNING:Xst:1710 - FF/Latch <DOUT_24> (without init value) has a constant value of 1 in block <G[0].chipserdes2_imp>. This FF/Latch will be trimmed during the optimization process.
WARNING:Xst:1710 - FF/Latch <DOUT_26> (without init value) has a constant value of 1 in block <G[0].chipserdes3_imp>. This FF/Latch will be trimmed during the optimization process.
WARNING:Xst:1710 - FF/Latch <DOUT_24> (without init value) has a constant value of 0 in block <G[0].chipserdes3_imp>. This FF/Latch will be trimmed during the optimization process.
WARNING:Xst:1710 - FF/Latch <DOUT_25> (without init value) has a constant value of 0 in block <G[0].chipserdes4_imp>. This FF/Latch will be trimmed during the optimization process.
WARNING:Xst:1710 - FF/Latch <DOUT_24> (without init value) has a constant value of 1 in block <G[0].chipserdes4_imp>. This FF/Latch will be trimmed during the optimization process.
WARNING:Xst:1710 - FF/Latch <internal_eth_dout_48> (without init value) has a constant value of 0 in block <eth_interface>. This FF/Latch will be trimmed during the optimization process.
WARNING:Xst:1710 - FF/Latch <tx_er> (without init value) has a constant value of 0 in block <crcSplice>. This FF/Latch will be trimmed during the optimization process.
WARNING:Xst:1710 - FF/Latch <test_data_7> (without init value) has a constant value of 0 in block <CreatePacketBlock>. This FF/Latch will be trimmed during the optimization process.
WARNING:Xst:1710 - FF/Latch <test_data_3> (without init value) has a constant value of 0 in block <CreatePacketBlock>. This FF/Latch will be trimmed during the optimization process.
WARNING:Xst:1710 - FF/Latch <test_data_2> (without init value) has a constant value of 0 in block <CreatePacketBlock>. This FF/Latch will be trimmed during the optimization process.
WARNING:Xst:1710 - FF/Latch <test_data_1> (without init value) has a constant value of 0 in block <CreatePacketBlock>. This FF/Latch will be trimmed during the optimization process.
WARNING:Xst:1710 - FF/Latch <test_data_0> (without init value) has a constant value of 0 in block <CreatePacketBlock>. This FF/Latch will be trimmed during the optimization process.
WARNING:Xst:1293 - FF/Latch <add_sig_16> has a constant value of 0 in block <ChecksumCalcBlock>. This FF/Latch will be trimmed during the optimization process.
WARNING:Xst:1710 - FF/Latch <TRIGGERED_DATA_27> (without init value) has a constant value of 0 in block <G[2].strip_fifo_imp>. This FF/Latch will be trimmed during the optimization process.
WARNING:Xst:1710 - FF/Latch <DOUT_25> (without init value) has a constant value of 0 in block <G[2].chipserdes0_imp>. This FF/Latch will be trimmed during the optimization process.
WARNING:Xst:1710 - FF/Latch <DOUT_24> (without init value) has a constant value of 1 in block <G[2].chipserdes0_imp>. This FF/Latch will be trimmed during the optimization process.
WARNING:Xst:1710 - FF/Latch <DOUT_25> (without init value) has a constant value of 1 in block <G[2].chipserdes1_imp>. This FF/Latch will be trimmed during the optimization process.
WARNING:Xst:1710 - FF/Latch <DOUT_24> (without init value) has a constant value of 0 in block <G[2].chipserdes1_imp>. This FF/Latch will be trimmed during the optimization process.
WARNING:Xst:1710 - FF/Latch <DOUT_26> (without init value) has a constant value of 0 in block <G[2].chipserdes2_imp>. This FF/Latch will be trimmed during the optimization process.
WARNING:Xst:1710 - FF/Latch <DOUT_24> (without init value) has a constant value of 1 in block <G[2].chipserdes2_imp>. This FF/Latch will be trimmed during the optimization process.
WARNING:Xst:1710 - FF/Latch <DOUT_26> (without init value) has a constant value of 1 in block <G[2].chipserdes3_imp>. This FF/Latch will be trimmed during the optimization process.
WARNING:Xst:1710 - FF/Latch <DOUT_24> (without init value) has a constant value of 0 in block <G[2].chipserdes3_imp>. This FF/Latch will be trimmed during the optimization process.
WARNING:Xst:1710 - FF/Latch <DOUT_25> (without init value) has a constant value of 0 in block <G[2].chipserdes4_imp>. This FF/Latch will be trimmed during the optimization process.
WARNING:Xst:1710 - FF/Latch <DOUT_24> (without init value) has a constant value of 1 in block <G[2].chipserdes4_imp>. This FF/Latch will be trimmed during the optimization process.
WARNING:Xst:1710 - FF/Latch <TRIGGERED_DATA_29> (without init value) has a constant value of 0 in block <G[1].strip_fifo_imp>. This FF/Latch will be trimmed during the optimization process.
WARNING:Xst:1710 - FF/Latch <TRIGGERED_DATA_28> (without init value) has a constant value of 0 in block <G[1].strip_fifo_imp>. This FF/Latch will be trimmed during the optimization process.
WARNING:Xst:1710 - FF/Latch <DOUT_25> (without init value) has a constant value of 0 in block <G[1].chipserdes0_imp>. This FF/Latch will be trimmed during the optimization process.
WARNING:Xst:1710 - FF/Latch <DOUT_24> (without init value) has a constant value of 1 in block <G[1].chipserdes0_imp>. This FF/Latch will be trimmed during the optimization process.
WARNING:Xst:1710 - FF/Latch <DOUT_25> (without init value) has a constant value of 1 in block <G[1].chipserdes1_imp>. This FF/Latch will be trimmed during the optimization process.
WARNING:Xst:1710 - FF/Latch <DOUT_24> (without init value) has a constant value of 0 in block <G[1].chipserdes1_imp>. This FF/Latch will be trimmed during the optimization process.
WARNING:Xst:1710 - FF/Latch <DOUT_26> (without init value) has a constant value of 0 in block <G[1].chipserdes2_imp>. This FF/Latch will be trimmed during the optimization process.
WARNING:Xst:1710 - FF/Latch <DOUT_24> (without init value) has a constant value of 1 in block <G[1].chipserdes2_imp>. This FF/Latch will be trimmed during the optimization process.
WARNING:Xst:1710 - FF/Latch <DOUT_26> (without init value) has a constant value of 1 in block <G[1].chipserdes3_imp>. This FF/Latch will be trimmed during the optimization process.
WARNING:Xst:1710 - FF/Latch <DOUT_24> (without init value) has a constant value of 0 in block <G[1].chipserdes3_imp>. This FF/Latch will be trimmed during the optimization process.
WARNING:Xst:1710 - FF/Latch <DOUT_25> (without init value) has a constant value of 0 in block <G[1].chipserdes4_imp>. This FF/Latch will be trimmed during the optimization process.
WARNING:Xst:1895 - Due to other FF/Latch trimming, FF/Latch <CKSUM_LENGTH_INPUT_2> (without init value) has a constant value of 0 in block <stripstream_imp>. This FF/Latch will be trimmed during the optimization process.
WARNING:Xst:2677 - Node <ram_wdata_48> of sequential type is unconnected in block <RAM_COMM_DEC>.
WARNING:Xst:2677 - Node <ram_wdata_49> of sequential type is unconnected in block <RAM_COMM_DEC>.
WARNING:Xst:2677 - Node <ram_wdata_50> of sequential type is unconnected in block <RAM_COMM_DEC>.
WARNING:Xst:2677 - Node <ram_wdata_51> of sequential type is unconnected in block <RAM_COMM_DEC>.
WARNING:Xst:2677 - Node <ram_wdata_52> of sequential type is unconnected in block <RAM_COMM_DEC>.
WARNING:Xst:2677 - Node <ram_wdata_53> of sequential type is unconnected in block <RAM_COMM_DEC>.
WARNING:Xst:2677 - Node <ram_wdata_54> of sequential type is unconnected in block <RAM_COMM_DEC>.
WARNING:Xst:2677 - Node <ram_wdata_55> of sequential type is unconnected in block <RAM_COMM_DEC>.
WARNING:Xst:2677 - Node <ram_wdata_56> of sequential type is unconnected in block <RAM_COMM_DEC>.
WARNING:Xst:2677 - Node <ram_wdata_57> of sequential type is unconnected in block <RAM_COMM_DEC>.
WARNING:Xst:2677 - Node <ram_wdata_58> of sequential type is unconnected in block <RAM_COMM_DEC>.
WARNING:Xst:2677 - Node <ram_wdata_59> of sequential type is unconnected in block <RAM_COMM_DEC>.
WARNING:Xst:2677 - Node <ram_wdata_60> of sequential type is unconnected in block <RAM_COMM_DEC>.
WARNING:Xst:2677 - Node <ram_wdata_61> of sequential type is unconnected in block <RAM_COMM_DEC>.
WARNING:Xst:2677 - Node <ram_wdata_62> of sequential type is unconnected in block <RAM_COMM_DEC>.
WARNING:Xst:2677 - Node <ram_wdata_63> of sequential type is unconnected in block <RAM_COMM_DEC>.
WARNING:Xst:2677 - Node <strip_dac_csr_31> of sequential type is unconnected in block <strip_imp>.
WARNING:Xst:2677 - Node <strip_trim_csr_16> of sequential type is unconnected in block <strip_imp>.
WARNING:Xst:2677 - Node <strip_trim_csr_17> of sequential type is unconnected in block <strip_imp>.
WARNING:Xst:2677 - Node <strip_trim_csr_18> of sequential type is unconnected in block <strip_imp>.
WARNING:Xst:2677 - Node <strip_trim_csr_19> of sequential type is unconnected in block <strip_imp>.
WARNING:Xst:2677 - Node <strip_trim_csr_20> of sequential type is unconnected in block <strip_imp>.
WARNING:Xst:2677 - Node <strip_trim_csr_21> of sequential type is unconnected in block <strip_imp>.
WARNING:Xst:2677 - Node <strip_trim_csr_22> of sequential type is unconnected in block <strip_imp>.
WARNING:Xst:2677 - Node <strip_trim_csr_23> of sequential type is unconnected in block <strip_imp>.
WARNING:Xst:2677 - Node <strip_trim_csr_31> of sequential type is unconnected in block <strip_imp>.
WARNING:Xst:2677 - Node <bcoclk_data_23> of sequential type is unconnected in block <strip_imp>.
WARNING:Xst:2677 - Node <bcoclk_data_24> of sequential type is unconnected in block <strip_imp>.
WARNING:Xst:2677 - Node <bcoclk_data_25> of sequential type is unconnected in block <strip_imp>.
WARNING:Xst:2677 - Node <bcoclk_data_26> of sequential type is unconnected in block <strip_imp>.
WARNING:Xst:2677 - Node <bcoclk_data_27> of sequential type is unconnected in block <strip_imp>.
WARNING:Xst:2677 - Node <bcoclk_data_28> of sequential type is unconnected in block <strip_imp>.
WARNING:Xst:2677 - Node <bcoclk_data_29> of sequential type is unconnected in block <strip_imp>.
WARNING:Xst:2677 - Node <bcoclk_data_30> of sequential type is unconnected in block <strip_imp>.
WARNING:Xst:2677 - Node <bcoclk_data_31> of sequential type is unconnected in block <strip_imp>.
WARNING:Xst:2677 - Node <STRIP_ANA_CSR_31> of sequential type is unconnected in block <strip_imp>.
WARNING:Xst:2677 - Node <STRIP_TRIG_CSR_28> of sequential type is unconnected in block <strip_imp>.
WARNING:Xst:2677 - Node <STRIP_TRIG_CSR_29> of sequential type is unconnected in block <strip_imp>.
WARNING:Xst:2677 - Node <STRIP_TRIG_CSR_30> of sequential type is unconnected in block <strip_imp>.
WARNING:Xst:2677 - Node <STRIP_TRIG_CSR_31> of sequential type is unconnected in block <strip_imp>.
WARNING:Xst:2677 - Node <bus_strip_sc_31> of sequential type is unconnected in block <strip_imp>.
WARNING:Xst:2677 - Node <strip_dac_spi_31> of sequential type is unconnected in block <strip_imp>.
WARNING:Xst:2677 - Node <spy_fifo_csr_4> of sequential type is unconnected in block <strip_imp>.
WARNING:Xst:2677 - Node <spy_fifo_csr_5> of sequential type is unconnected in block <strip_imp>.
WARNING:Xst:2677 - Node <spy_fifo_csr_6> of sequential type is unconnected in block <strip_imp>.
WARNING:Xst:2677 - Node <spy_fifo_csr_7> of sequential type is unconnected in block <strip_imp>.
WARNING:Xst:2677 - Node <spy_fifo_csr_8> of sequential type is unconnected in block <strip_imp>.
WARNING:Xst:2677 - Node <spy_fifo_csr_9> of sequential type is unconnected in block <strip_imp>.
WARNING:Xst:2677 - Node <spy_fifo_csr_10> of sequential type is unconnected in block <strip_imp>.
WARNING:Xst:2677 - Node <spy_fifo_csr_11> of sequential type is unconnected in block <strip_imp>.
WARNING:Xst:2677 - Node <spy_fifo_csr_12> of sequential type is unconnected in block <strip_imp>.
WARNING:Xst:2677 - Node <spy_fifo_csr_13> of sequential type is unconnected in block <strip_imp>.
WARNING:Xst:2677 - Node <spy_fifo_csr_14> of sequential type is unconnected in block <strip_imp>.
WARNING:Xst:2677 - Node <spy_fifo_csr_15> of sequential type is unconnected in block <strip_imp>.
WARNING:Xst:2677 - Node <spy_fifo_csr_16> of sequential type is unconnected in block <strip_imp>.
WARNING:Xst:2677 - Node <spy_fifo_csr_17> of sequential type is unconnected in block <strip_imp>.
WARNING:Xst:2677 - Node <spy_fifo_csr_18> of sequential type is unconnected in block <strip_imp>.
WARNING:Xst:2677 - Node <spy_fifo_csr_19> of sequential type is unconnected in block <strip_imp>.
WARNING:Xst:2677 - Node <spy_fifo_csr_20> of sequential type is unconnected in block <strip_imp>.
WARNING:Xst:2677 - Node <spy_fifo_csr_21> of sequential type is unconnected in block <strip_imp>.
WARNING:Xst:2677 - Node <spy_fifo_csr_22> of sequential type is unconnected in block <strip_imp>.
WARNING:Xst:2677 - Node <spy_fifo_csr_23> of sequential type is unconnected in block <strip_imp>.
WARNING:Xst:2677 - Node <DLY_1> of sequential type is unconnected in block <trigpattern_imp>.
WARNING:Xst:2677 - Node <DLY_4> of sequential type is unconnected in block <startpattern_imp>.
WARNING:Xst:2677 - Node <DLY_2> of sequential type is unconnected in block <haltpattern_imp>.
WARNING:Xst:1710 - FF/Latch <test_data_6> (without init value) has a constant value of 0 in block <CreatePacketBlock>. This FF/Latch will be trimmed during the optimization process.
WARNING:Xst:2404 -  FFs/Latches <trig_fifo_input<35:32>> (without init value) have a constant value of 0 in block <trigproc>.
WARNING:Xst:2404 -  FFs/Latches <CKSUM<16:16>> (without init value) have a constant value of 0 in block <stripstream>.
WARNING:Xst:2404 -  FFs/Latches <NEXT_CKSUM<16:16>> (without init value) have a constant value of 0 in block <stripstream>.

Synthesizing (advanced) Unit <stripdac>.
The following registers are absorbed into accumulator <DAC>: 1 register on signal <DAC>.
Unit <stripdac> synthesized (advanced).
WARNING:Xst:2677 - Node <DLY_1> of sequential type is unconnected in block <trigpattern_1>.
WARNING:Xst:2677 - Node <DLY_4> of sequential type is unconnected in block <trigpattern_2>.
WARNING:Xst:2677 - Node <DLY_2> of sequential type is unconnected in block <trigpattern_3>.
WARNING:Xst:2677 - Node <strip_dac_csr_31> of sequential type is unconnected in block <strip_interface>.
WARNING:Xst:2677 - Node <strip_trim_csr_16> of sequential type is unconnected in block <strip_interface>.
WARNING:Xst:2677 - Node <strip_trim_csr_17> of sequential type is unconnected in block <strip_interface>.
WARNING:Xst:2677 - Node <strip_trim_csr_18> of sequential type is unconnected in block <strip_interface>.
WARNING:Xst:2677 - Node <strip_trim_csr_19> of sequential type is unconnected in block <strip_interface>.
WARNING:Xst:2677 - Node <strip_trim_csr_20> of sequential type is unconnected in block <strip_interface>.
WARNING:Xst:2677 - Node <strip_trim_csr_21> of sequential type is unconnected in block <strip_interface>.
WARNING:Xst:2677 - Node <strip_trim_csr_22> of sequential type is unconnected in block <strip_interface>.
WARNING:Xst:2677 - Node <strip_trim_csr_23> of sequential type is unconnected in block <strip_interface>.
WARNING:Xst:2677 - Node <strip_trim_csr_31> of sequential type is unconnected in block <strip_interface>.
WARNING:Xst:2677 - Node <bcoclk_data_23> of sequential type is unconnected in block <strip_interface>.
WARNING:Xst:2677 - Node <bcoclk_data_24> of sequential type is unconnected in block <strip_interface>.
WARNING:Xst:2677 - Node <bcoclk_data_25> of sequential type is unconnected in block <strip_interface>.
WARNING:Xst:2677 - Node <bcoclk_data_26> of sequential type is unconnected in block <strip_interface>.
WARNING:Xst:2677 - Node <bcoclk_data_27> of sequential type is unconnected in block <strip_interface>.
WARNING:Xst:2677 - Node <bcoclk_data_28> of sequential type is unconnected in block <strip_interface>.
WARNING:Xst:2677 - Node <bcoclk_data_29> of sequential type is unconnected in block <strip_interface>.
WARNING:Xst:2677 - Node <bcoclk_data_30> of sequential type is unconnected in block <strip_interface>.
WARNING:Xst:2677 - Node <bcoclk_data_31> of sequential type is unconnected in block <strip_interface>.
WARNING:Xst:2677 - Node <STRIP_ANA_CSR_31> of sequential type is unconnected in block <strip_interface>.
WARNING:Xst:2677 - Node <STRIP_TRIG_CSR_28> of sequential type is unconnected in block <strip_interface>.
WARNING:Xst:2677 - Node <STRIP_TRIG_CSR_29> of sequential type is unconnected in block <strip_interface>.
WARNING:Xst:2677 - Node <STRIP_TRIG_CSR_30> of sequential type is unconnected in block <strip_interface>.
WARNING:Xst:2677 - Node <STRIP_TRIG_CSR_31> of sequential type is unconnected in block <strip_interface>.
WARNING:Xst:2677 - Node <bus_strip_sc_31> of sequential type is unconnected in block <strip_interface>.
WARNING:Xst:2677 - Node <strip_dac_spi_31> of sequential type is unconnected in block <strip_interface>.
WARNING:Xst:2677 - Node <spy_fifo_csr_4> of sequential type is unconnected in block <strip_interface>.
WARNING:Xst:2677 - Node <spy_fifo_csr_5> of sequential type is unconnected in block <strip_interface>.
WARNING:Xst:2677 - Node <spy_fifo_csr_6> of sequential type is unconnected in block <strip_interface>.
WARNING:Xst:2677 - Node <spy_fifo_csr_7> of sequential type is unconnected in block <strip_interface>.
WARNING:Xst:2677 - Node <spy_fifo_csr_8> of sequential type is unconnected in block <strip_interface>.
WARNING:Xst:2677 - Node <spy_fifo_csr_9> of sequential type is unconnected in block <strip_interface>.
WARNING:Xst:2677 - Node <spy_fifo_csr_10> of sequential type is unconnected in block <strip_interface>.
WARNING:Xst:2677 - Node <spy_fifo_csr_11> of sequential type is unconnected in block <strip_interface>.
WARNING:Xst:2677 - Node <spy_fifo_csr_12> of sequential type is unconnected in block <strip_interface>.
WARNING:Xst:2677 - Node <spy_fifo_csr_13> of sequential type is unconnected in block <strip_interface>.
WARNING:Xst:2677 - Node <spy_fifo_csr_14> of sequential type is unconnected in block <strip_interface>.
WARNING:Xst:2677 - Node <spy_fifo_csr_15> of sequential type is unconnected in block <strip_interface>.
WARNING:Xst:2677 - Node <spy_fifo_csr_16> of sequential type is unconnected in block <strip_interface>.
WARNING:Xst:2677 - Node <spy_fifo_csr_17> of sequential type is unconnected in block <strip_interface>.
WARNING:Xst:2677 - Node <spy_fifo_csr_18> of sequential type is unconnected in block <strip_interface>.
WARNING:Xst:2677 - Node <spy_fifo_csr_19> of sequential type is unconnected in block <strip_interface>.
WARNING:Xst:2677 - Node <spy_fifo_csr_20> of sequential type is unconnected in block <strip_interface>.
WARNING:Xst:2677 - Node <spy_fifo_csr_21> of sequential type is unconnected in block <strip_interface>.
WARNING:Xst:2677 - Node <spy_fifo_csr_22> of sequential type is unconnected in block <strip_interface>.
WARNING:Xst:2677 - Node <spy_fifo_csr_23> of sequential type is unconnected in block <strip_interface>.

=========================================================================
Advanced HDL Synthesis Report

Macro Statistics
# FSMs                                                 : 46
# ROMs                                                 : 60
 16x1-bit ROM                                          : 30
 32x1-bit ROM                                          : 30
# Adders/Subtractors                                   : 142
 11-bit adder                                          : 5
 11-bit subtractor                                     : 3
 12-bit adder                                          : 1
 12-bit subtractor                                     : 1
 16-bit adder                                          : 4
 16-bit subtractor                                     : 5
 17-bit adder                                          : 4
 3-bit adder                                           : 1
 3-bit subtractor                                      : 33
 32-bit adder                                          : 1
 4-bit adder                                           : 1
 5-bit adder                                           : 1
 6-bit adder                                           : 30
 6-bit addsub                                          : 1
 64-bit adder                                          : 1
 8-bit adder                                           : 35
 8-bit addsub                                          : 4
 8-bit subtractor                                      : 7
 9-bit subtractor                                      : 4
# Counters                                             : 31
 16-bit down counter                                   : 1
 16-bit up counter                                     : 3
 2-bit down counter                                    : 1
 3-bit up counter                                      : 2
 32-bit up counter                                     : 11
 34-bit up counter                                     : 1
 4-bit down counter                                    : 1
 4-bit up counter                                      : 4
 5-bit down counter                                    : 1
 5-bit up counter                                      : 1
 7-bit up counter                                      : 1
 8-bit up counter                                      : 3
 9-bit up counter                                      : 1
# Accumulators                                         : 1
 12-bit up loadable accumulator                        : 1
# Registers                                            : 6840
 Flip-Flops                                            : 6840
# Comparators                                          : 40
 11-bit comparator less                                : 2
 12-bit comparator greatequal                          : 1
 12-bit comparator less                                : 2
 16-bit comparator less                                : 1
 16-bit comparator lessequal                           : 2
 17-bit comparator greater                             : 1
 3-bit comparator less                                 : 1
 32-bit comparator equal                               : 3
 32-bit comparator greatequal                          : 1
 32-bit comparator not equal                           : 3
 34-bit comparator greatequal                          : 1
 34-bit comparator less                                : 1
 4-bit comparator greatequal                           : 1
 4-bit comparator greater                              : 1
 4-bit comparator less                                 : 2
 4-bit comparator not equal                            : 1
 48-bit comparator equal                               : 1
 5-bit comparator not equal                            : 1
 6-bit comparator greatequal                           : 1
 6-bit comparator greater                              : 1
 6-bit comparator less                                 : 1
 6-bit comparator lessequal                            : 1
 7-bit comparator equal                                : 1
 8-bit comparator equal                                : 3
 8-bit comparator greater                              : 1
 9-bit comparator equal                                : 2
 9-bit comparator greatequal                           : 1
 9-bit comparator greater                              : 1
 9-bit comparator not equal                            : 1
# Multiplexers                                         : 15
 1-bit 128-to-1 multiplexer                            : 1
 1-bit 32-to-1 multiplexer                             : 1
 1-bit 6-to-1 multiplexer                              : 7
 32-bit 4-to-1 multiplexer                             : 4
 32-bit 6-to-1 multiplexer                             : 1
 48-bit 4-to-1 multiplexer                             : 1
# Xors                                                 : 155
 1-bit xor2                                            : 74
 1-bit xor3                                            : 36
 1-bit xor4                                            : 39
 1-bit xor6                                            : 6

=========================================================================

=========================================================================
*                         Low Level Synthesis                           *
=========================================================================
WARNING:Xst:1293 - FF/Latch <add_sig_16> has a constant value of 0 in block <ip_checksum_calc>. This FF/Latch will be trimmed during the optimization process.
WARNING:Xst:1710 - FF/Latch <test_data_1> (without init value) has a constant value of 0 in block <create_packet>. This FF/Latch will be trimmed during the optimization process.
WARNING:Xst:1895 - Due to other FF/Latch trimming, FF/Latch <test_data_2> (without init value) has a constant value of 0 in block <create_packet>. This FF/Latch will be trimmed during the optimization process.
WARNING:Xst:1895 - Due to other FF/Latch trimming, FF/Latch <test_data_3> (without init value) has a constant value of 0 in block <create_packet>. This FF/Latch will be trimmed during the optimization process.
WARNING:Xst:1895 - Due to other FF/Latch trimming, FF/Latch <test_data_6> (without init value) has a constant value of 0 in block <create_packet>. This FF/Latch will be trimmed during the optimization process.
WARNING:Xst:1895 - Due to other FF/Latch trimming, FF/Latch <test_data_7> (without init value) has a constant value of 0 in block <create_packet>. This FF/Latch will be trimmed during the optimization process.
WARNING:Xst:1710 - FF/Latch <test_data_0> (without init value) has a constant value of 0 in block <create_packet>. This FF/Latch will be trimmed during the optimization process.
WARNING:Xst:1710 - FF/Latch <DOUT_0> (without init value) has a constant value of 0 in block <striptbm>. This FF/Latch will be trimmed during the optimization process.
WARNING:Xst:1895 - Due to other FF/Latch trimming, FF/Latch <DOUT_1> (without init value) has a constant value of 0 in block <striptbm>. This FF/Latch will be trimmed during the optimization process.
WARNING:Xst:1895 - Due to other FF/Latch trimming, FF/Latch <DOUT_2> (without init value) has a constant value of 0 in block <striptbm>. This FF/Latch will be trimmed during the optimization process.
WARNING:Xst:1895 - Due to other FF/Latch trimming, FF/Latch <DOUT_6> (without init value) has a constant value of 0 in block <striptbm>. This FF/Latch will be trimmed during the optimization process.
WARNING:Xst:1895 - Due to other FF/Latch trimming, FF/Latch <DOUT_7> (without init value) has a constant value of 0 in block <striptbm>. This FF/Latch will be trimmed during the optimization process.
WARNING:Xst:1710 - FF/Latch <DOUT_24> (without init value) has a constant value of 1 in block <chipserdes_1>. This FF/Latch will be trimmed during the optimization process.
WARNING:Xst:1895 - Due to other FF/Latch trimming, FF/Latch <DOUT_25> (without init value) has a constant value of 0 in block <chipserdes_1>. This FF/Latch will be trimmed during the optimization process.
WARNING:Xst:1895 - Due to other FF/Latch trimming, FF/Latch <DOUT_26> (without init value) has a constant value of 1 in block <chipserdes_1>. This FF/Latch will be trimmed during the optimization process.
WARNING:Xst:1895 - Due to other FF/Latch trimming, FF/Latch <DOUT_27> (without init value) has a constant value of 0 in block <chipserdes_1>. This FF/Latch will be trimmed during the optimization process.
WARNING:Xst:1895 - Due to other FF/Latch trimming, FF/Latch <DOUT_28> (without init value) has a constant value of 0 in block <chipserdes_1>. This FF/Latch will be trimmed during the optimization process.
WARNING:Xst:1895 - Due to other FF/Latch trimming, FF/Latch <DOUT_29> (without init value) has a constant value of 0 in block <chipserdes_1>. This FF/Latch will be trimmed during the optimization process.
WARNING:Xst:1710 - FF/Latch <DOUT_24> (without init value) has a constant value of 0 in block <chipserdes_2>. This FF/Latch will be trimmed during the optimization process.
WARNING:Xst:1895 - Due to other FF/Latch trimming, FF/Latch <DOUT_25> (without init value) has a constant value of 0 in block <chipserdes_2>. This FF/Latch will be trimmed during the optimization process.
WARNING:Xst:1895 - Due to other FF/Latch trimming, FF/Latch <DOUT_26> (without init value) has a constant value of 1 in block <chipserdes_2>. This FF/Latch will be trimmed during the optimization process.
WARNING:Xst:1895 - Due to other FF/Latch trimming, FF/Latch <DOUT_27> (without init value) has a constant value of 0 in block <chipserdes_2>. This FF/Latch will be trimmed during the optimization process.
WARNING:Xst:1895 - Due to other FF/Latch trimming, FF/Latch <DOUT_28> (without init value) has a constant value of 0 in block <chipserdes_2>. This FF/Latch will be trimmed during the optimization process.
WARNING:Xst:1895 - Due to other FF/Latch trimming, FF/Latch <DOUT_29> (without init value) has a constant value of 0 in block <chipserdes_2>. This FF/Latch will be trimmed during the optimization process.
WARNING:Xst:1710 - FF/Latch <DOUT_24> (without init value) has a constant value of 1 in block <chipserdes_3>. This FF/Latch will be trimmed during the optimization process.
WARNING:Xst:1895 - Due to other FF/Latch trimming, FF/Latch <DOUT_25> (without init value) has a constant value of 1 in block <chipserdes_3>. This FF/Latch will be trimmed during the optimization process.
WARNING:Xst:1895 - Due to other FF/Latch trimming, FF/Latch <DOUT_26> (without init value) has a constant value of 0 in block <chipserdes_3>. This FF/Latch will be trimmed during the optimization process.
WARNING:Xst:1895 - Due to other FF/Latch trimming, FF/Latch <DOUT_27> (without init value) has a constant value of 0 in block <chipserdes_3>. This FF/Latch will be trimmed during the optimization process.
WARNING:Xst:1895 - Due to other FF/Latch trimming, FF/Latch <DOUT_28> (without init value) has a constant value of 0 in block <chipserdes_3>. This FF/Latch will be trimmed during the optimization process.
WARNING:Xst:1895 - Due to other FF/Latch trimming, FF/Latch <DOUT_29> (without init value) has a constant value of 0 in block <chipserdes_3>. This FF/Latch will be trimmed during the optimization process.
WARNING:Xst:1710 - FF/Latch <DOUT_24> (without init value) has a constant value of 0 in block <chipserdes_4>. This FF/Latch will be trimmed during the optimization process.
WARNING:Xst:1895 - Due to other FF/Latch trimming, FF/Latch <DOUT_25> (without init value) has a constant value of 1 in block <chipserdes_4>. This FF/Latch will be trimmed during the optimization process.
WARNING:Xst:1895 - Due to other FF/Latch trimming, FF/Latch <DOUT_26> (without init value) has a constant value of 0 in block <chipserdes_4>. This FF/Latch will be trimmed during the optimization process.
WARNING:Xst:1895 - Due to other FF/Latch trimming, FF/Latch <DOUT_27> (without init value) has a constant value of 0 in block <chipserdes_4>. This FF/Latch will be trimmed during the optimization process.
WARNING:Xst:1895 - Due to other FF/Latch trimming, FF/Latch <DOUT_28> (without init value) has a constant value of 0 in block <chipserdes_4>. This FF/Latch will be trimmed during the optimization process.
WARNING:Xst:1895 - Due to other FF/Latch trimming, FF/Latch <DOUT_29> (without init value) has a constant value of 0 in block <chipserdes_4>. This FF/Latch will be trimmed during the optimization process.
WARNING:Xst:1710 - FF/Latch <DOUT_24> (without init value) has a constant value of 1 in block <chipserdes_5>. This FF/Latch will be trimmed during the optimization process.
WARNING:Xst:1895 - Due to other FF/Latch trimming, FF/Latch <DOUT_25> (without init value) has a constant value of 0 in block <chipserdes_5>. This FF/Latch will be trimmed during the optimization process.
WARNING:Xst:1895 - Due to other FF/Latch trimming, FF/Latch <DOUT_26> (without init value) has a constant value of 0 in block <chipserdes_5>. This FF/Latch will be trimmed during the optimization process.
WARNING:Xst:1895 - Due to other FF/Latch trimming, FF/Latch <DOUT_27> (without init value) has a constant value of 0 in block <chipserdes_5>. This FF/Latch will be trimmed during the optimization process.
WARNING:Xst:1895 - Due to other FF/Latch trimming, FF/Latch <DOUT_28> (without init value) has a constant value of 0 in block <chipserdes_5>. This FF/Latch will be trimmed during the optimization process.
WARNING:Xst:1895 - Due to other FF/Latch trimming, FF/Latch <DOUT_29> (without init value) has a constant value of 0 in block <chipserdes_5>. This FF/Latch will be trimmed during the optimization process.
WARNING:Xst:1710 - FF/Latch <DOUT_24> (without init value) has a constant value of 1 in block <chipserdes_6>. This FF/Latch will be trimmed during the optimization process.
WARNING:Xst:1895 - Due to other FF/Latch trimming, FF/Latch <DOUT_25> (without init value) has a constant value of 0 in block <chipserdes_6>. This FF/Latch will be trimmed during the optimization process.
WARNING:Xst:1895 - Due to other FF/Latch trimming, FF/Latch <DOUT_26> (without init value) has a constant value of 1 in block <chipserdes_6>. This FF/Latch will be trimmed during the optimization process.
WARNING:Xst:1895 - Due to other FF/Latch trimming, FF/Latch <DOUT_27> (without init value) has a constant value of 1 in block <chipserdes_6>. This FF/Latch will be trimmed during the optimization process.
WARNING:Xst:1895 - Due to other FF/Latch trimming, FF/Latch <DOUT_28> (without init value) has a constant value of 0 in block <chipserdes_6>. This FF/Latch will be trimmed during the optimization process.
WARNING:Xst:1895 - Due to other FF/Latch trimming, FF/Latch <DOUT_29> (without init value) has a constant value of 0 in block <chipserdes_6>. This FF/Latch will be trimmed during the optimization process.
WARNING:Xst:1710 - FF/Latch <DOUT_24> (without init value) has a constant value of 0 in block <chipserdes_7>. This FF/Latch will be trimmed during the optimization process.
WARNING:Xst:1895 - Due to other FF/Latch trimming, FF/Latch <DOUT_25> (without init value) has a constant value of 0 in block <chipserdes_7>. This FF/Latch will be trimmed during the optimization process.
WARNING:Xst:1895 - Due to other FF/Latch trimming, FF/Latch <DOUT_26> (without init value) has a constant value of 1 in block <chipserdes_7>. This FF/Latch will be trimmed during the optimization process.
WARNING:Xst:1895 - Due to other FF/Latch trimming, FF/Latch <DOUT_27> (without init value) has a constant value of 1 in block <chipserdes_7>. This FF/Latch will be trimmed during the optimization process.
WARNING:Xst:1895 - Due to other FF/Latch trimming, FF/Latch <DOUT_28> (without init value) has a constant value of 0 in block <chipserdes_7>. This FF/Latch will be trimmed during the optimization process.
WARNING:Xst:1895 - Due to other FF/Latch trimming, FF/Latch <DOUT_29> (without init value) has a constant value of 0 in block <chipserdes_7>. This FF/Latch will be trimmed during the optimization process.
WARNING:Xst:1710 - FF/Latch <DOUT_24> (without init value) has a constant value of 1 in block <chipserdes_8>. This FF/Latch will be trimmed during the optimization process.
WARNING:Xst:1895 - Due to other FF/Latch trimming, FF/Latch <DOUT_25> (without init value) has a constant value of 1 in block <chipserdes_8>. This FF/Latch will be trimmed during the optimization process.
WARNING:Xst:1895 - Due to other FF/Latch trimming, FF/Latch <DOUT_26> (without init value) has a constant value of 0 in block <chipserdes_8>. This FF/Latch will be trimmed during the optimization process.
WARNING:Xst:1895 - Due to other FF/Latch trimming, FF/Latch <DOUT_27> (without init value) has a constant value of 1 in block <chipserdes_8>. This FF/Latch will be trimmed during the optimization process.
WARNING:Xst:1895 - Due to other FF/Latch trimming, FF/Latch <DOUT_28> (without init value) has a constant value of 0 in block <chipserdes_8>. This FF/Latch will be trimmed during the optimization process.
WARNING:Xst:1895 - Due to other FF/Latch trimming, FF/Latch <DOUT_29> (without init value) has a constant value of 0 in block <chipserdes_8>. This FF/Latch will be trimmed during the optimization process.
WARNING:Xst:1710 - FF/Latch <DOUT_24> (without init value) has a constant value of 0 in block <chipserdes_9>. This FF/Latch will be trimmed during the optimization process.
WARNING:Xst:1895 - Due to other FF/Latch trimming, FF/Latch <DOUT_25> (without init value) has a constant value of 1 in block <chipserdes_9>. This FF/Latch will be trimmed during the optimization process.
WARNING:Xst:1895 - Due to other FF/Latch trimming, FF/Latch <DOUT_26> (without init value) has a constant value of 0 in block <chipserdes_9>. This FF/Latch will be trimmed during the optimization process.
WARNING:Xst:1895 - Due to other FF/Latch trimming, FF/Latch <DOUT_27> (without init value) has a constant value of 1 in block <chipserdes_9>. This FF/Latch will be trimmed during the optimization process.
WARNING:Xst:1895 - Due to other FF/Latch trimming, FF/Latch <DOUT_28> (without init value) has a constant value of 0 in block <chipserdes_9>. This FF/Latch will be trimmed during the optimization process.
WARNING:Xst:1895 - Due to other FF/Latch trimming, FF/Latch <DOUT_29> (without init value) has a constant value of 0 in block <chipserdes_9>. This FF/Latch will be trimmed during the optimization process.
WARNING:Xst:1710 - FF/Latch <DOUT_24> (without init value) has a constant value of 1 in block <chipserdes_10>. This FF/Latch will be trimmed during the optimization process.
WARNING:Xst:1895 - Due to other FF/Latch trimming, FF/Latch <DOUT_25> (without init value) has a constant value of 0 in block <chipserdes_10>. This FF/Latch will be trimmed during the optimization process.
WARNING:Xst:1895 - Due to other FF/Latch trimming, FF/Latch <DOUT_26> (without init value) has a constant value of 0 in block <chipserdes_10>. This FF/Latch will be trimmed during the optimization process.
WARNING:Xst:1895 - Due to other FF/Latch trimming, FF/Latch <DOUT_27> (without init value) has a constant value of 1 in block <chipserdes_10>. This FF/Latch will be trimmed during the optimization process.
WARNING:Xst:1895 - Due to other FF/Latch trimming, FF/Latch <DOUT_28> (without init value) has a constant value of 0 in block <chipserdes_10>. This FF/Latch will be trimmed during the optimization process.
WARNING:Xst:1895 - Due to other FF/Latch trimming, FF/Latch <DOUT_29> (without init value) has a constant value of 0 in block <chipserdes_10>. This FF/Latch will be trimmed during the optimization process.
WARNING:Xst:1710 - FF/Latch <DOUT_24> (without init value) has a constant value of 1 in block <chipserdes_11>. This FF/Latch will be trimmed during the optimization process.
WARNING:Xst:1895 - Due to other FF/Latch trimming, FF/Latch <DOUT_25> (without init value) has a constant value of 0 in block <chipserdes_11>. This FF/Latch will be trimmed during the optimization process.
WARNING:Xst:1895 - Due to other FF/Latch trimming, FF/Latch <DOUT_26> (without init value) has a constant value of 1 in block <chipserdes_11>. This FF/Latch will be trimmed during the optimization process.
WARNING:Xst:1895 - Due to other FF/Latch trimming, FF/Latch <DOUT_27> (without init value) has a constant value of 0 in block <chipserdes_11>. This FF/Latch will be trimmed during the optimization process.
WARNING:Xst:1895 - Due to other FF/Latch trimming, FF/Latch <DOUT_28> (without init value) has a constant value of 1 in block <chipserdes_11>. This FF/Latch will be trimmed during the optimization process.
WARNING:Xst:1895 - Due to other FF/Latch trimming, FF/Latch <DOUT_29> (without init value) has a constant value of 0 in block <chipserdes_11>. This FF/Latch will be trimmed during the optimization process.
WARNING:Xst:1710 - FF/Latch <DOUT_24> (without init value) has a constant value of 0 in block <chipserdes_12>. This FF/Latch will be trimmed during the optimization process.
WARNING:Xst:1895 - Due to other FF/Latch trimming, FF/Latch <DOUT_25> (without init value) has a constant value of 0 in block <chipserdes_12>. This FF/Latch will be trimmed during the optimization process.
WARNING:Xst:1895 - Due to other FF/Latch trimming, FF/Latch <DOUT_26> (without init value) has a constant value of 1 in block <chipserdes_12>. This FF/Latch will be trimmed during the optimization process.
WARNING:Xst:1895 - Due to other FF/Latch trimming, FF/Latch <DOUT_27> (without init value) has a constant value of 0 in block <chipserdes_12>. This FF/Latch will be trimmed during the optimization process.
WARNING:Xst:1895 - Due to other FF/Latch trimming, FF/Latch <DOUT_28> (without init value) has a constant value of 1 in block <chipserdes_12>. This FF/Latch will be trimmed during the optimization process.
WARNING:Xst:1895 - Due to other FF/Latch trimming, FF/Latch <DOUT_29> (without init value) has a constant value of 0 in block <chipserdes_12>. This FF/Latch will be trimmed during the optimization process.
WARNING:Xst:1710 - FF/Latch <DOUT_24> (without init value) has a constant value of 1 in block <chipserdes_13>. This FF/Latch will be trimmed during the optimization process.
WARNING:Xst:1895 - Due to other FF/Latch trimming, FF/Latch <DOUT_25> (without init value) has a constant value of 1 in block <chipserdes_13>. This FF/Latch will be trimmed during the optimization process.
WARNING:Xst:1895 - Due to other FF/Latch trimming, FF/Latch <DOUT_26> (without init value) has a constant value of 0 in block <chipserdes_13>. This FF/Latch will be trimmed during the optimization process.
WARNING:Xst:1895 - Due to other FF/Latch trimming, FF/Latch <DOUT_27> (without init value) has a constant value of 0 in block <chipserdes_13>. This FF/Latch will be trimmed during the optimization process.
WARNING:Xst:1895 - Due to other FF/Latch trimming, FF/Latch <DOUT_28> (without init value) has a constant value of 1 in block <chipserdes_13>. This FF/Latch will be trimmed during the optimization process.
WARNING:Xst:1895 - Due to other FF/Latch trimming, FF/Latch <DOUT_29> (without init value) has a constant value of 0 in block <chipserdes_13>. This FF/Latch will be trimmed during the optimization process.
WARNING:Xst:1710 - FF/Latch <DOUT_24> (without init value) has a constant value of 0 in block <chipserdes_14>. This FF/Latch will be trimmed during the optimization process.
WARNING:Xst:1895 - Due to other FF/Latch trimming, FF/Latch <DOUT_25> (without init value) has a constant value of 1 in block <chipserdes_14>. This FF/Latch will be trimmed during the optimization process.
WARNING:Xst:1895 - Due to other FF/Latch trimming, FF/Latch <DOUT_26> (without init value) has a constant value of 0 in block <chipserdes_14>. This FF/Latch will be trimmed during the optimization process.
WARNING:Xst:1895 - Due to other FF/Latch trimming, FF/Latch <DOUT_27> (without init value) has a constant value of 0 in block <chipserdes_14>. This FF/Latch will be trimmed during the optimization process.
WARNING:Xst:1895 - Due to other FF/Latch trimming, FF/Latch <DOUT_28> (without init value) has a constant value of 1 in block <chipserdes_14>. This FF/Latch will be trimmed during the optimization process.
WARNING:Xst:1895 - Due to other FF/Latch trimming, FF/Latch <DOUT_29> (without init value) has a constant value of 0 in block <chipserdes_14>. This FF/Latch will be trimmed during the optimization process.
WARNING:Xst:1710 - FF/Latch <DOUT_24> (without init value) has a constant value of 1 in block <chipserdes_15>. This FF/Latch will be trimmed during the optimization process.
WARNING:Xst:1895 - Due to other FF/Latch trimming, FF/Latch <DOUT_25> (without init value) has a constant value of 0 in block <chipserdes_15>. This FF/Latch will be trimmed during the optimization process.
WARNING:Xst:1895 - Due to other FF/Latch trimming, FF/Latch <DOUT_26> (without init value) has a constant value of 0 in block <chipserdes_15>. This FF/Latch will be trimmed during the optimization process.
WARNING:Xst:1895 - Due to other FF/Latch trimming, FF/Latch <DOUT_27> (without init value) has a constant value of 0 in block <chipserdes_15>. This FF/Latch will be trimmed during the optimization process.
WARNING:Xst:1895 - Due to other FF/Latch trimming, FF/Latch <DOUT_28> (without init value) has a constant value of 1 in block <chipserdes_15>. This FF/Latch will be trimmed during the optimization process.
WARNING:Xst:1895 - Due to other FF/Latch trimming, FF/Latch <DOUT_29> (without init value) has a constant value of 0 in block <chipserdes_15>. This FF/Latch will be trimmed during the optimization process.
WARNING:Xst:1710 - FF/Latch <DOUT_24> (without init value) has a constant value of 1 in block <chipserdes_16>. This FF/Latch will be trimmed during the optimization process.
WARNING:Xst:1895 - Due to other FF/Latch trimming, FF/Latch <DOUT_25> (without init value) has a constant value of 0 in block <chipserdes_16>. This FF/Latch will be trimmed during the optimization process.
WARNING:Xst:1895 - Due to other FF/Latch trimming, FF/Latch <DOUT_26> (without init value) has a constant value of 1 in block <chipserdes_16>. This FF/Latch will be trimmed during the optimization process.
WARNING:Xst:1895 - Due to other FF/Latch trimming, FF/Latch <DOUT_27> (without init value) has a constant value of 1 in block <chipserdes_16>. This FF/Latch will be trimmed during the optimization process.
WARNING:Xst:1895 - Due to other FF/Latch trimming, FF/Latch <DOUT_28> (without init value) has a constant value of 1 in block <chipserdes_16>. This FF/Latch will be trimmed during the optimization process.
WARNING:Xst:1895 - Due to other FF/Latch trimming, FF/Latch <DOUT_29> (without init value) has a constant value of 0 in block <chipserdes_16>. This FF/Latch will be trimmed during the optimization process.
WARNING:Xst:1710 - FF/Latch <DOUT_24> (without init value) has a constant value of 0 in block <chipserdes_17>. This FF/Latch will be trimmed during the optimization process.
WARNING:Xst:1895 - Due to other FF/Latch trimming, FF/Latch <DOUT_25> (without init value) has a constant value of 0 in block <chipserdes_17>. This FF/Latch will be trimmed during the optimization process.
WARNING:Xst:1895 - Due to other FF/Latch trimming, FF/Latch <DOUT_26> (without init value) has a constant value of 1 in block <chipserdes_17>. This FF/Latch will be trimmed during the optimization process.
WARNING:Xst:1895 - Due to other FF/Latch trimming, FF/Latch <DOUT_27> (without init value) has a constant value of 1 in block <chipserdes_17>. This FF/Latch will be trimmed during the optimization process.
WARNING:Xst:1895 - Due to other FF/Latch trimming, FF/Latch <DOUT_28> (without init value) has a constant value of 1 in block <chipserdes_17>. This FF/Latch will be trimmed during the optimization process.
WARNING:Xst:1895 - Due to other FF/Latch trimming, FF/Latch <DOUT_29> (without init value) has a constant value of 0 in block <chipserdes_17>. This FF/Latch will be trimmed during the optimization process.
WARNING:Xst:1710 - FF/Latch <DOUT_24> (without init value) has a constant value of 1 in block <chipserdes_18>. This FF/Latch will be trimmed during the optimization process.
WARNING:Xst:1895 - Due to other FF/Latch trimming, FF/Latch <DOUT_25> (without init value) has a constant value of 1 in block <chipserdes_18>. This FF/Latch will be trimmed during the optimization process.
WARNING:Xst:1895 - Due to other FF/Latch trimming, FF/Latch <DOUT_26> (without init value) has a constant value of 0 in block <chipserdes_18>. This FF/Latch will be trimmed during the optimization process.
WARNING:Xst:1895 - Due to other FF/Latch trimming, FF/Latch <DOUT_27> (without init value) has a constant value of 1 in block <chipserdes_18>. This FF/Latch will be trimmed during the optimization process.
WARNING:Xst:1895 - Due to other FF/Latch trimming, FF/Latch <DOUT_28> (without init value) has a constant value of 1 in block <chipserdes_18>. This FF/Latch will be trimmed during the optimization process.
WARNING:Xst:1895 - Due to other FF/Latch trimming, FF/Latch <DOUT_29> (without init value) has a constant value of 0 in block <chipserdes_18>. This FF/Latch will be trimmed during the optimization process.
WARNING:Xst:1710 - FF/Latch <DOUT_24> (without init value) has a constant value of 0 in block <chipserdes_19>. This FF/Latch will be trimmed during the optimization process.
WARNING:Xst:1895 - Due to other FF/Latch trimming, FF/Latch <DOUT_25> (without init value) has a constant value of 1 in block <chipserdes_19>. This FF/Latch will be trimmed during the optimization process.
WARNING:Xst:1895 - Due to other FF/Latch trimming, FF/Latch <DOUT_26> (without init value) has a constant value of 0 in block <chipserdes_19>. This FF/Latch will be trimmed during the optimization process.
WARNING:Xst:1895 - Due to other FF/Latch trimming, FF/Latch <DOUT_27> (without init value) has a constant value of 1 in block <chipserdes_19>. This FF/Latch will be trimmed during the optimization process.
WARNING:Xst:1895 - Due to other FF/Latch trimming, FF/Latch <DOUT_28> (without init value) has a constant value of 1 in block <chipserdes_19>. This FF/Latch will be trimmed during the optimization process.
WARNING:Xst:1895 - Due to other FF/Latch trimming, FF/Latch <DOUT_29> (without init value) has a constant value of 0 in block <chipserdes_19>. This FF/Latch will be trimmed during the optimization process.
WARNING:Xst:1710 - FF/Latch <DOUT_24> (without init value) has a constant value of 1 in block <chipserdes_20>. This FF/Latch will be trimmed during the optimization process.
WARNING:Xst:1895 - Due to other FF/Latch trimming, FF/Latch <DOUT_25> (without init value) has a constant value of 0 in block <chipserdes_20>. This FF/Latch will be trimmed during the optimization process.
WARNING:Xst:1895 - Due to other FF/Latch trimming, FF/Latch <DOUT_26> (without init value) has a constant value of 0 in block <chipserdes_20>. This FF/Latch will be trimmed during the optimization process.
WARNING:Xst:1895 - Due to other FF/Latch trimming, FF/Latch <DOUT_27> (without init value) has a constant value of 1 in block <chipserdes_20>. This FF/Latch will be trimmed during the optimization process.
WARNING:Xst:1895 - Due to other FF/Latch trimming, FF/Latch <DOUT_28> (without init value) has a constant value of 1 in block <chipserdes_20>. This FF/Latch will be trimmed during the optimization process.
WARNING:Xst:1895 - Due to other FF/Latch trimming, FF/Latch <DOUT_29> (without init value) has a constant value of 0 in block <chipserdes_20>. This FF/Latch will be trimmed during the optimization process.
WARNING:Xst:1710 - FF/Latch <DOUT_24> (without init value) has a constant value of 1 in block <chipserdes_21>. This FF/Latch will be trimmed during the optimization process.
WARNING:Xst:1895 - Due to other FF/Latch trimming, FF/Latch <DOUT_25> (without init value) has a constant value of 0 in block <chipserdes_21>. This FF/Latch will be trimmed during the optimization process.
WARNING:Xst:1895 - Due to other FF/Latch trimming, FF/Latch <DOUT_26> (without init value) has a constant value of 1 in block <chipserdes_21>. This FF/Latch will be trimmed during the optimization process.
WARNING:Xst:1895 - Due to other FF/Latch trimming, FF/Latch <DOUT_27> (without init value) has a constant value of 0 in block <chipserdes_21>. This FF/Latch will be trimmed during the optimization process.
WARNING:Xst:1895 - Due to other FF/Latch trimming, FF/Latch <DOUT_28> (without init value) has a constant value of 0 in block <chipserdes_21>. This FF/Latch will be trimmed during the optimization process.
WARNING:Xst:1895 - Due to other FF/Latch trimming, FF/Latch <DOUT_29> (without init value) has a constant value of 1 in block <chipserdes_21>. This FF/Latch will be trimmed during the optimization process.
WARNING:Xst:1710 - FF/Latch <DOUT_24> (without init value) has a constant value of 0 in block <chipserdes_22>. This FF/Latch will be trimmed during the optimization process.
WARNING:Xst:1895 - Due to other FF/Latch trimming, FF/Latch <DOUT_25> (without init value) has a constant value of 0 in block <chipserdes_22>. This FF/Latch will be trimmed during the optimization process.
WARNING:Xst:1895 - Due to other FF/Latch trimming, FF/Latch <DOUT_26> (without init value) has a constant value of 1 in block <chipserdes_22>. This FF/Latch will be trimmed during the optimization process.
WARNING:Xst:1895 - Due to other FF/Latch trimming, FF/Latch <DOUT_27> (without init value) has a constant value of 0 in block <chipserdes_22>. This FF/Latch will be trimmed during the optimization process.
WARNING:Xst:1895 - Due to other FF/Latch trimming, FF/Latch <DOUT_28> (without init value) has a constant value of 0 in block <chipserdes_22>. This FF/Latch will be trimmed during the optimization process.
WARNING:Xst:1895 - Due to other FF/Latch trimming, FF/Latch <DOUT_29> (without init value) has a constant value of 1 in block <chipserdes_22>. This FF/Latch will be trimmed during the optimization process.
WARNING:Xst:1710 - FF/Latch <DOUT_24> (without init value) has a constant value of 1 in block <chipserdes_23>. This FF/Latch will be trimmed during the optimization process.
WARNING:Xst:1895 - Due to other FF/Latch trimming, FF/Latch <DOUT_25> (without init value) has a constant value of 1 in block <chipserdes_23>. This FF/Latch will be trimmed during the optimization process.
WARNING:Xst:1895 - Due to other FF/Latch trimming, FF/Latch <DOUT_26> (without init value) has a constant value of 0 in block <chipserdes_23>. This FF/Latch will be trimmed during the optimization process.
WARNING:Xst:1895 - Due to other FF/Latch trimming, FF/Latch <DOUT_27> (without init value) has a constant value of 0 in block <chipserdes_23>. This FF/Latch will be trimmed during the optimization process.
WARNING:Xst:1895 - Due to other FF/Latch trimming, FF/Latch <DOUT_28> (without init value) has a constant value of 0 in block <chipserdes_23>. This FF/Latch will be trimmed during the optimization process.
WARNING:Xst:1895 - Due to other FF/Latch trimming, FF/Latch <DOUT_29> (without init value) has a constant value of 1 in block <chipserdes_23>. This FF/Latch will be trimmed during the optimization process.
WARNING:Xst:1710 - FF/Latch <DOUT_24> (without init value) has a constant value of 0 in block <chipserdes_24>. This FF/Latch will be trimmed during the optimization process.
WARNING:Xst:1895 - Due to other FF/Latch trimming, FF/Latch <DOUT_25> (without init value) has a constant value of 1 in block <chipserdes_24>. This FF/Latch will be trimmed during the optimization process.
WARNING:Xst:1895 - Due to other FF/Latch trimming, FF/Latch <DOUT_26> (without init value) has a constant value of 0 in block <chipserdes_24>. This FF/Latch will be trimmed during the optimization process.
WARNING:Xst:1895 - Due to other FF/Latch trimming, FF/Latch <DOUT_27> (without init value) has a constant value of 0 in block <chipserdes_24>. This FF/Latch will be trimmed during the optimization process.
WARNING:Xst:1895 - Due to other FF/Latch trimming, FF/Latch <DOUT_28> (without init value) has a constant value of 0 in block <chipserdes_24>. This FF/Latch will be trimmed during the optimization process.
WARNING:Xst:1895 - Due to other FF/Latch trimming, FF/Latch <DOUT_29> (without init value) has a constant value of 1 in block <chipserdes_24>. This FF/Latch will be trimmed during the optimization process.
WARNING:Xst:1710 - FF/Latch <DOUT_24> (without init value) has a constant value of 1 in block <chipserdes_25>. This FF/Latch will be trimmed during the optimization process.
WARNING:Xst:1895 - Due to other FF/Latch trimming, FF/Latch <DOUT_25> (without init value) has a constant value of 0 in block <chipserdes_25>. This FF/Latch will be trimmed during the optimization process.
WARNING:Xst:1895 - Due to other FF/Latch trimming, FF/Latch <DOUT_26> (without init value) has a constant value of 0 in block <chipserdes_25>. This FF/Latch will be trimmed during the optimization process.
WARNING:Xst:1895 - Due to other FF/Latch trimming, FF/Latch <DOUT_27> (without init value) has a constant value of 0 in block <chipserdes_25>. This FF/Latch will be trimmed during the optimization process.
WARNING:Xst:1895 - Due to other FF/Latch trimming, FF/Latch <DOUT_28> (without init value) has a constant value of 0 in block <chipserdes_25>. This FF/Latch will be trimmed during the optimization process.
WARNING:Xst:1895 - Due to other FF/Latch trimming, FF/Latch <DOUT_29> (without init value) has a constant value of 1 in block <chipserdes_25>. This FF/Latch will be trimmed during the optimization process.
WARNING:Xst:1710 - FF/Latch <DOUT_24> (without init value) has a constant value of 1 in block <chipserdes_26>. This FF/Latch will be trimmed during the optimization process.
WARNING:Xst:1895 - Due to other FF/Latch trimming, FF/Latch <DOUT_25> (without init value) has a constant value of 0 in block <chipserdes_26>. This FF/Latch will be trimmed during the optimization process.
WARNING:Xst:1895 - Due to other FF/Latch trimming, FF/Latch <DOUT_26> (without init value) has a constant value of 1 in block <chipserdes_26>. This FF/Latch will be trimmed during the optimization process.
WARNING:Xst:1895 - Due to other FF/Latch trimming, FF/Latch <DOUT_27> (without init value) has a constant value of 1 in block <chipserdes_26>. This FF/Latch will be trimmed during the optimization process.
WARNING:Xst:1895 - Due to other FF/Latch trimming, FF/Latch <DOUT_28> (without init value) has a constant value of 0 in block <chipserdes_26>. This FF/Latch will be trimmed during the optimization process.
WARNING:Xst:1895 - Due to other FF/Latch trimming, FF/Latch <DOUT_29> (without init value) has a constant value of 1 in block <chipserdes_26>. This FF/Latch will be trimmed during the optimization process.
WARNING:Xst:1710 - FF/Latch <DOUT_24> (without init value) has a constant value of 0 in block <chipserdes_27>. This FF/Latch will be trimmed during the optimization process.
WARNING:Xst:1895 - Due to other FF/Latch trimming, FF/Latch <DOUT_25> (without init value) has a constant value of 0 in block <chipserdes_27>. This FF/Latch will be trimmed during the optimization process.
WARNING:Xst:1895 - Due to other FF/Latch trimming, FF/Latch <DOUT_26> (without init value) has a constant value of 1 in block <chipserdes_27>. This FF/Latch will be trimmed during the optimization process.
WARNING:Xst:1895 - Due to other FF/Latch trimming, FF/Latch <DOUT_27> (without init value) has a constant value of 1 in block <chipserdes_27>. This FF/Latch will be trimmed during the optimization process.
WARNING:Xst:1895 - Due to other FF/Latch trimming, FF/Latch <DOUT_28> (without init value) has a constant value of 0 in block <chipserdes_27>. This FF/Latch will be trimmed during the optimization process.
WARNING:Xst:1895 - Due to other FF/Latch trimming, FF/Latch <DOUT_29> (without init value) has a constant value of 1 in block <chipserdes_27>. This FF/Latch will be trimmed during the optimization process.
WARNING:Xst:1710 - FF/Latch <DOUT_24> (without init value) has a constant value of 1 in block <chipserdes_28>. This FF/Latch will be trimmed during the optimization process.
WARNING:Xst:1895 - Due to other FF/Latch trimming, FF/Latch <DOUT_25> (without init value) has a constant value of 1 in block <chipserdes_28>. This FF/Latch will be trimmed during the optimization process.
WARNING:Xst:1895 - Due to other FF/Latch trimming, FF/Latch <DOUT_26> (without init value) has a constant value of 0 in block <chipserdes_28>. This FF/Latch will be trimmed during the optimization process.
WARNING:Xst:1895 - Due to other FF/Latch trimming, FF/Latch <DOUT_27> (without init value) has a constant value of 1 in block <chipserdes_28>. This FF/Latch will be trimmed during the optimization process.
WARNING:Xst:1895 - Due to other FF/Latch trimming, FF/Latch <DOUT_28> (without init value) has a constant value of 0 in block <chipserdes_28>. This FF/Latch will be trimmed during the optimization process.
WARNING:Xst:1895 - Due to other FF/Latch trimming, FF/Latch <DOUT_29> (without init value) has a constant value of 1 in block <chipserdes_28>. This FF/Latch will be trimmed during the optimization process.
WARNING:Xst:1710 - FF/Latch <DOUT_24> (without init value) has a constant value of 0 in block <chipserdes_29>. This FF/Latch will be trimmed during the optimization process.
WARNING:Xst:1895 - Due to other FF/Latch trimming, FF/Latch <DOUT_25> (without init value) has a constant value of 1 in block <chipserdes_29>. This FF/Latch will be trimmed during the optimization process.
WARNING:Xst:1895 - Due to other FF/Latch trimming, FF/Latch <DOUT_26> (without init value) has a constant value of 0 in block <chipserdes_29>. This FF/Latch will be trimmed during the optimization process.
WARNING:Xst:1895 - Due to other FF/Latch trimming, FF/Latch <DOUT_27> (without init value) has a constant value of 1 in block <chipserdes_29>. This FF/Latch will be trimmed during the optimization process.
WARNING:Xst:1895 - Due to other FF/Latch trimming, FF/Latch <DOUT_28> (without init value) has a constant value of 0 in block <chipserdes_29>. This FF/Latch will be trimmed during the optimization process.
WARNING:Xst:1895 - Due to other FF/Latch trimming, FF/Latch <DOUT_29> (without init value) has a constant value of 1 in block <chipserdes_29>. This FF/Latch will be trimmed during the optimization process.
WARNING:Xst:1710 - FF/Latch <DOUT_24> (without init value) has a constant value of 1 in block <chipserdes_30>. This FF/Latch will be trimmed during the optimization process.
WARNING:Xst:1895 - Due to other FF/Latch trimming, FF/Latch <DOUT_25> (without init value) has a constant value of 0 in block <chipserdes_30>. This FF/Latch will be trimmed during the optimization process.
WARNING:Xst:1895 - Due to other FF/Latch trimming, FF/Latch <DOUT_26> (without init value) has a constant value of 0 in block <chipserdes_30>. This FF/Latch will be trimmed during the optimization process.
WARNING:Xst:1895 - Due to other FF/Latch trimming, FF/Latch <DOUT_27> (without init value) has a constant value of 1 in block <chipserdes_30>. This FF/Latch will be trimmed during the optimization process.
WARNING:Xst:1895 - Due to other FF/Latch trimming, FF/Latch <DOUT_28> (without init value) has a constant value of 0 in block <chipserdes_30>. This FF/Latch will be trimmed during the optimization process.
WARNING:Xst:1895 - Due to other FF/Latch trimming, FF/Latch <DOUT_29> (without init value) has a constant value of 1 in block <chipserdes_30>. This FF/Latch will be trimmed during the optimization process.
WARNING:Xst:1710 - FF/Latch <spy_data_0> (without init value) has a constant value of 0 in block <trigproc>. This FF/Latch will be trimmed during the optimization process.
WARNING:Xst:1895 - Due to other FF/Latch trimming, FF/Latch <spy_data_1> (without init value) has a constant value of 0 in block <trigproc>. This FF/Latch will be trimmed during the optimization process.
WARNING:Xst:1895 - Due to other FF/Latch trimming, FF/Latch <spy_data_2> (without init value) has a constant value of 0 in block <trigproc>. This FF/Latch will be trimmed during the optimization process.
WARNING:Xst:1895 - Due to other FF/Latch trimming, FF/Latch <spy_data_3> (without init value) has a constant value of 1 in block <trigproc>. This FF/Latch will be trimmed during the optimization process.
WARNING:Xst:1895 - Due to other FF/Latch trimming, FF/Latch <spy_data_5> (without init value) has a constant value of 1 in block <trigproc>. This FF/Latch will be trimmed during the optimization process.
WARNING:Xst:1895 - Due to other FF/Latch trimming, FF/Latch <spy_data_6> (without init value) has a constant value of 0 in block <trigproc>. This FF/Latch will be trimmed during the optimization process.
WARNING:Xst:1895 - Due to other FF/Latch trimming, FF/Latch <spy_data_7> (without init value) has a constant value of 1 in block <trigproc>. This FF/Latch will be trimmed during the optimization process.
WARNING:Xst:1895 - Due to other FF/Latch trimming, FF/Latch <trig_fifo_input_0> (without init value) has a constant value of 0 in block <trigproc>. This FF/Latch will be trimmed during the optimization process.
WARNING:Xst:1895 - Due to other FF/Latch trimming, FF/Latch <trig_fifo_input_1> (without init value) has a constant value of 0 in block <trigproc>. This FF/Latch will be trimmed during the optimization process.
WARNING:Xst:1895 - Due to other FF/Latch trimming, FF/Latch <trig_fifo_input_2> (without init value) has a constant value of 0 in block <trigproc>. This FF/Latch will be trimmed during the optimization process.
WARNING:Xst:1895 - Due to other FF/Latch trimming, FF/Latch <trig_fifo_input_3> (without init value) has a constant value of 1 in block <trigproc>. This FF/Latch will be trimmed during the optimization process.
WARNING:Xst:1895 - Due to other FF/Latch trimming, FF/Latch <trig_fifo_input_5> (without init value) has a constant value of 1 in block <trigproc>. This FF/Latch will be trimmed during the optimization process.
WARNING:Xst:1895 - Due to other FF/Latch trimming, FF/Latch <trig_fifo_input_6> (without init value) has a constant value of 0 in block <trigproc>. This FF/Latch will be trimmed during the optimization process.
WARNING:Xst:1895 - Due to other FF/Latch trimming, FF/Latch <trig_fifo_input_7> (without init value) has a constant value of 1 in block <trigproc>. This FF/Latch will be trimmed during the optimization process.
WARNING:Xst:1426 - The value init of the FF/Latch EVER_STUFFED hinder the constant cleaning in the block stripstream.
   You should achieve better results by setting this init to 1.
WARNING:Xst:1293 - FF/Latch <STATE_7> has a constant value of 0 in block <stripstream>. This FF/Latch will be trimmed during the optimization process.
WARNING:Xst:1895 - Due to other FF/Latch trimming, FF/Latch <PACKET_STROBE> (without init value) has a constant value of 0 in block <stripstream>. This FF/Latch will be trimmed during the optimization process.
WARNING:Xst:1896 - Due to other FF/Latch trimming, FF/Latch <PACKET_FIFO_RE> has a constant value of 0 in block <stripstream>. This FF/Latch will be trimmed during the optimization process.
WARNING:Xst:1896 - Due to other FF/Latch trimming, FF/Latch <STATE_6> has a constant value of 0 in block <stripstream>. This FF/Latch will be trimmed during the optimization process.
WARNING:Xst:1896 - Due to other FF/Latch trimming, FF/Latch <WORD_COUNT_0> has a constant value of 0 in block <stripstream>. This FF/Latch will be trimmed during the optimization process.
WARNING:Xst:1895 - Due to other FF/Latch trimming, FF/Latch <CKSUM_LENGTH_INPUT_2> (without init value) has a constant value of 0 in block <stripstream>. This FF/Latch will be trimmed during the optimization process.
WARNING:Xst:1710 - FF/Latch <internal_eth_dout_48> (without init value) has a constant value of 0 in block <ethernet_interface>. This FF/Latch will be trimmed during the optimization process.
INFO:Xst:2261 - The FF/Latch <spy_data_26> in Unit <trigproc> is equivalent to the following FF/Latch, which will be removed : <trig_fifo_input_26> 
INFO:Xst:2261 - The FF/Latch <spy_data_31> in Unit <trigproc> is equivalent to the following FF/Latch, which will be removed : <trig_fifo_input_31> 
INFO:Xst:2261 - The FF/Latch <spy_data_27> in Unit <trigproc> is equivalent to the following FF/Latch, which will be removed : <trig_fifo_input_27> 
INFO:Xst:2261 - The FF/Latch <spy_data_4> in Unit <trigproc> is equivalent to the following FF/Latch, which will be removed : <trig_fifo_input_4> 
INFO:Xst:2261 - The FF/Latch <spy_data_28> in Unit <trigproc> is equivalent to the following FF/Latch, which will be removed : <trig_fifo_input_28> 
INFO:Xst:2261 - The FF/Latch <spy_data_29> in Unit <trigproc> is equivalent to the following FF/Latch, which will be removed : <trig_fifo_input_29> 
INFO:Xst:2261 - The FF/Latch <spy_data_10> in Unit <trigproc> is equivalent to the following FF/Latch, which will be removed : <trig_fifo_input_10> 
INFO:Xst:2261 - The FF/Latch <spy_data_8> in Unit <trigproc> is equivalent to the following FF/Latch, which will be removed : <trig_fifo_input_8> 
INFO:Xst:2261 - The FF/Latch <spy_data_11> in Unit <trigproc> is equivalent to the following FF/Latch, which will be removed : <trig_fifo_input_11> 
INFO:Xst:2261 - The FF/Latch <spy_data_9> in Unit <trigproc> is equivalent to the following FF/Latch, which will be removed : <trig_fifo_input_9> 
INFO:Xst:2261 - The FF/Latch <spy_data_12> in Unit <trigproc> is equivalent to the following FF/Latch, which will be removed : <trig_fifo_input_12> 
INFO:Xst:2261 - The FF/Latch <spy_data_13> in Unit <trigproc> is equivalent to the following FF/Latch, which will be removed : <trig_fifo_input_13> 
INFO:Xst:2261 - The FF/Latch <spy_data_14> in Unit <trigproc> is equivalent to the following FF/Latch, which will be removed : <trig_fifo_input_14> 
INFO:Xst:2261 - The FF/Latch <spy_data_15> in Unit <trigproc> is equivalent to the following FF/Latch, which will be removed : <trig_fifo_input_15> 
INFO:Xst:2261 - The FF/Latch <spy_data_20> in Unit <trigproc> is equivalent to the following FF/Latch, which will be removed : <trig_fifo_input_20> 
INFO:Xst:2261 - The FF/Latch <spy_data_16> in Unit <trigproc> is equivalent to the following FF/Latch, which will be removed : <trig_fifo_input_16> 
INFO:Xst:2261 - The FF/Latch <spy_data_21> in Unit <trigproc> is equivalent to the following FF/Latch, which will be removed : <trig_fifo_input_21> 
INFO:Xst:2261 - The FF/Latch <spy_data_17> in Unit <trigproc> is equivalent to the following FF/Latch, which will be removed : <trig_fifo_input_17> 
INFO:Xst:2261 - The FF/Latch <spy_data_22> in Unit <trigproc> is equivalent to the following FF/Latch, which will be removed : <trig_fifo_input_22> 
INFO:Xst:2261 - The FF/Latch <spy_data_18> in Unit <trigproc> is equivalent to the following FF/Latch, which will be removed : <trig_fifo_input_18> 
INFO:Xst:2261 - The FF/Latch <spy_data_23> in Unit <trigproc> is equivalent to the following FF/Latch, which will be removed : <trig_fifo_input_23> 
INFO:Xst:2261 - The FF/Latch <spy_data_19> in Unit <trigproc> is equivalent to the following FF/Latch, which will be removed : <trig_fifo_input_19> 
INFO:Xst:2261 - The FF/Latch <spy_data_24> in Unit <trigproc> is equivalent to the following FF/Latch, which will be removed : <trig_fifo_input_24> 
INFO:Xst:2261 - The FF/Latch <spy_data_25> in Unit <trigproc> is equivalent to the following FF/Latch, which will be removed : <trig_fifo_input_25> 
INFO:Xst:2261 - The FF/Latch <spy_data_30> in Unit <trigproc> is equivalent to the following FF/Latch, which will be removed : <trig_fifo_input_30> 
INFO:Xst:2261 - The FF/Latch <WORD_COUNT_1> in Unit <stripstream> is equivalent to the following 2 FFs/Latches, which will be removed : <WORD_COUNT_2> <WORD_COUNT_3> 
INFO:Xst:2261 - The FF/Latch <CKSUM_LENGTH_INPUT_3> in Unit <stripstream> is equivalent to the following 2 FFs/Latches, which will be removed : <CKSUM_LENGTH_INPUT_4> <CKSUM_LENGTH_INPUT_5> 
WARNING:Xst:1710 - FF/Latch <tx_data_count_0> (without init value) has a constant value of 0 in block <tx_seq_ctl>. This FF/Latch will be trimmed during the optimization process.
WARNING:Xst:1895 - Due to other FF/Latch trimming, FF/Latch <user_tx_size_in_0> (without init value) has a constant value of 0 in block <tx_seq_ctl>. This FF/Latch will be trimmed during the optimization process.
WARNING:Xst:2677 - Node <local_start_count_24> of sequential type is unconnected in block <top>.
WARNING:Xst:2677 - Node <local_start_count_25> of sequential type is unconnected in block <top>.
WARNING:Xst:2677 - Node <local_start_count_26> of sequential type is unconnected in block <top>.
WARNING:Xst:2677 - Node <local_start_count_27> of sequential type is unconnected in block <top>.
WARNING:Xst:2677 - Node <local_start_count_28> of sequential type is unconnected in block <top>.
WARNING:Xst:2677 - Node <local_start_count_29> of sequential type is unconnected in block <top>.
WARNING:Xst:2677 - Node <local_start_count_30> of sequential type is unconnected in block <top>.
WARNING:Xst:2677 - Node <local_start_count_31> of sequential type is unconnected in block <top>.
WARNING:Xst:2677 - Node <local_trigger_count_24> of sequential type is unconnected in block <top>.
WARNING:Xst:2677 - Node <local_trigger_count_25> of sequential type is unconnected in block <top>.
WARNING:Xst:2677 - Node <local_trigger_count_26> of sequential type is unconnected in block <top>.
WARNING:Xst:2677 - Node <local_trigger_count_27> of sequential type is unconnected in block <top>.
WARNING:Xst:2677 - Node <local_trigger_count_28> of sequential type is unconnected in block <top>.
WARNING:Xst:2677 - Node <local_trigger_count_29> of sequential type is unconnected in block <top>.
WARNING:Xst:2677 - Node <local_trigger_count_30> of sequential type is unconnected in block <top>.
WARNING:Xst:2677 - Node <local_trigger_count_31> of sequential type is unconnected in block <top>.
INFO:Xst:1901 - Instance mclk_dcm in unit stripclk of type DCM_BASE has been replaced by DCM_ADV
INFO:Xst:1901 - Instance G[0].bufgmux_imp in unit strip_interface of type BUFGMUX has been replaced by BUFGCTRL
INFO:Xst:1901 - Instance G[1].bufgmux_imp in unit strip_interface of type BUFGMUX has been replaced by BUFGCTRL
INFO:Xst:1901 - Instance G[2].bufgmux_imp in unit strip_interface of type BUFGMUX has been replaced by BUFGCTRL
INFO:Xst:1901 - Instance G[3].bufgmux_imp in unit strip_interface of type BUFGMUX has been replaced by BUFGCTRL
INFO:Xst:1901 - Instance G[4].bufgmux_imp in unit strip_interface of type BUFGMUX has been replaced by BUFGCTRL
INFO:Xst:1901 - Instance G[5].bufgmux_imp in unit strip_interface of type BUFGMUX has been replaced by BUFGCTRL
INFO:Xst:2261 - The FF/Latch <UDP_length_0> in Unit <create_packet> is equivalent to the following FF/Latch, which will be removed : <IP_length_0> 
INFO:Xst:2261 - The FF/Latch <UDP_length_1> in Unit <create_packet> is equivalent to the following FF/Latch, which will be removed : <IP_length_1> 

Optimizing unit <top> ...

Optimizing unit <or33> ...

Optimizing unit <dataout_mux> ...

Optimizing unit <user_addrs_mux> ...

Optimizing unit <trigpattern_1> ...

Optimizing unit <trigpattern_2> ...

Optimizing unit <trigpattern_3> ...

Optimizing unit <burst_traffic_controller> ...

Optimizing unit <reset_mgr> ...

Optimizing unit <MII_100_1000_handler> ...

Optimizing unit <crc_chk> ...

Optimizing unit <crc_gen> ...

Optimizing unit <crc_splice> ...

Optimizing unit <address_container> ...

Optimizing unit <arp_reply> ...

Optimizing unit <ip_checksum_calc> ...

Optimizing unit <create_packet> ...

Optimizing unit <decipherer> ...
WARNING:Xst:1710 - FF/Latch <udp_zeros_5> (without init value) has a constant value of 0 in block <decipherer>. This FF/Latch will be trimmed during the optimization process.
WARNING:Xst:1895 - Due to other FF/Latch trimming, FF/Latch <udp_zeros_6> (without init value) has a constant value of 0 in block <decipherer>. This FF/Latch will be trimmed during the optimization process.
WARNING:Xst:1895 - Due to other FF/Latch trimming, FF/Latch <udp_zeros_7> (without init value) has a constant value of 0 in block <decipherer>. This FF/Latch will be trimmed during the optimization process.
WARNING:Xst:1895 - Due to other FF/Latch trimming, FF/Latch <udp_zeros_8> (without init value) has a constant value of 0 in block <decipherer>. This FF/Latch will be trimmed during the optimization process.
WARNING:Xst:1895 - Due to other FF/Latch trimming, FF/Latch <udp_zeros_9> (without init value) has a constant value of 0 in block <decipherer>. This FF/Latch will be trimmed during the optimization process.
WARNING:Xst:1895 - Due to other FF/Latch trimming, FF/Latch <udp_zeros_10> (without init value) has a constant value of 0 in block <decipherer>. This FF/Latch will be trimmed during the optimization process.
WARNING:Xst:1710 - FF/Latch <udp_zeros_5> (without init value) has a constant value of 0 in block <decipherer>. This FF/Latch will be trimmed during the optimization process.
WARNING:Xst:1895 - Due to other FF/Latch trimming, FF/Latch <udp_zeros_6> (without init value) has a constant value of 0 in block <decipherer>. This FF/Latch will be trimmed during the optimization process.
WARNING:Xst:1895 - Due to other FF/Latch trimming, FF/Latch <udp_zeros_7> (without init value) has a constant value of 0 in block <decipherer>. This FF/Latch will be trimmed during the optimization process.
WARNING:Xst:1895 - Due to other FF/Latch trimming, FF/Latch <udp_zeros_8> (without init value) has a constant value of 0 in block <decipherer>. This FF/Latch will be trimmed during the optimization process.
WARNING:Xst:1895 - Due to other FF/Latch trimming, FF/Latch <udp_zeros_9> (without init value) has a constant value of 0 in block <decipherer>. This FF/Latch will be trimmed during the optimization process.
WARNING:Xst:1895 - Due to other FF/Latch trimming, FF/Latch <udp_zeros_10> (without init value) has a constant value of 0 in block <decipherer>. This FF/Latch will be trimmed during the optimization process.

Optimizing unit <filter_data_out> ...

Optimizing unit <icmp_ping_checksum_calc> ...

Optimizing unit <icmp_ping_shift_reg> ...

Optimizing unit <udp_data_splicer> ...

Optimizing unit <burst_controller_sm> ...

Optimizing unit <rx_ctl> ...

Optimizing unit <ram_comm_dec> ...

Optimizing unit <tx_seq_ctl> ...

Optimizing unit <stripdacspi> ...

Optimizing unit <stripdac> ...

Optimizing unit <stripreset> ...

Optimizing unit <stripsc> ...

Optimizing unit <striptbm> ...
WARNING:Xst:1710 - FF/Latch <DOUT_3> (without init value) has a constant value of 1 in block <striptbm>. This FF/Latch will be trimmed during the optimization process.

Optimizing unit <stripana> ...

Optimizing unit <fastbcocounter> ...

Optimizing unit <chipserdes_1> ...

Optimizing unit <chipserdes_2> ...

Optimizing unit <chipserdes_3> ...

Optimizing unit <chipserdes_4> ...

Optimizing unit <chipserdes_5> ...

Optimizing unit <stripfifo> ...

Optimizing unit <chipserdes_6> ...

Optimizing unit <chipserdes_7> ...

Optimizing unit <chipserdes_8> ...

Optimizing unit <chipserdes_9> ...

Optimizing unit <chipserdes_10> ...

Optimizing unit <chipserdes_11> ...

Optimizing unit <chipserdes_12> ...

Optimizing unit <chipserdes_13> ...

Optimizing unit <chipserdes_14> ...

Optimizing unit <chipserdes_15> ...

Optimizing unit <chipserdes_16> ...

Optimizing unit <chipserdes_17> ...

Optimizing unit <chipserdes_18> ...

Optimizing unit <chipserdes_19> ...

Optimizing unit <chipserdes_20> ...

Optimizing unit <chipserdes_21> ...

Optimizing unit <chipserdes_22> ...

Optimizing unit <chipserdes_23> ...

Optimizing unit <chipserdes_24> ...

Optimizing unit <chipserdes_25> ...

Optimizing unit <chipserdes_26> ...

Optimizing unit <chipserdes_27> ...

Optimizing unit <chipserdes_28> ...

Optimizing unit <chipserdes_29> ...

Optimizing unit <chipserdes_30> ...

Optimizing unit <trigprim_1> ...

Optimizing unit <trigprim_2> ...

Optimizing unit <trigprim_3> ...

Optimizing unit <trigprim_4> ...

Optimizing unit <trigproc> ...

Optimizing unit <stripstream> ...

Optimizing unit <data_manager> ...

Optimizing unit <ethernet_controller> ...

Optimizing unit <stripclk> ...

Optimizing unit <strip_interface> ...

Optimizing unit <ethernet_controller_wrapper> ...

Optimizing unit <ethernet_interface> ...
WARNING:Xst:1710 - FF/Latch <TRIGGERED_DATA_28> (without init value) has a constant value of 0 in block <G[5].strip_fifo_imp>. This FF/Latch will be trimmed during the optimization process.
WARNING:Xst:1710 - FF/Latch <TRIGGERED_DATA_27> (without init value) has a constant value of 0 in block <G[4].strip_fifo_imp>. This FF/Latch will be trimmed during the optimization process.
WARNING:Xst:1710 - FF/Latch <TRIGGERED_DATA_28> (without init value) has a constant value of 0 in block <G[4].strip_fifo_imp>. This FF/Latch will be trimmed during the optimization process.
WARNING:Xst:1710 - FF/Latch <TRIGGERED_DATA_29> (without init value) has a constant value of 0 in block <G[3].strip_fifo_imp>. This FF/Latch will be trimmed during the optimization process.
WARNING:Xst:1710 - FF/Latch <TRIGGERED_DATA_27> (without init value) has a constant value of 0 in block <G[2].strip_fifo_imp>. This FF/Latch will be trimmed during the optimization process.
WARNING:Xst:1710 - FF/Latch <TRIGGERED_DATA_29> (without init value) has a constant value of 0 in block <G[2].strip_fifo_imp>. This FF/Latch will be trimmed during the optimization process.
WARNING:Xst:1710 - FF/Latch <TRIGGERED_DATA_28> (without init value) has a constant value of 0 in block <G[1].strip_fifo_imp>. This FF/Latch will be trimmed during the optimization process.
WARNING:Xst:1710 - FF/Latch <TRIGGERED_DATA_29> (without init value) has a constant value of 0 in block <G[1].strip_fifo_imp>. This FF/Latch will be trimmed during the optimization process.
WARNING:Xst:1710 - FF/Latch <TRIGGERED_DATA_27> (without init value) has a constant value of 0 in block <G[0].strip_fifo_imp>. This FF/Latch will be trimmed during the optimization process.
WARNING:Xst:1710 - FF/Latch <TRIGGERED_DATA_28> (without init value) has a constant value of 0 in block <G[0].strip_fifo_imp>. This FF/Latch will be trimmed during the optimization process.
WARNING:Xst:1710 - FF/Latch <TRIGGERED_DATA_29> (without init value) has a constant value of 0 in block <G[0].strip_fifo_imp>. This FF/Latch will be trimmed during the optimization process.
WARNING:Xst:1710 - FF/Latch <dout_valid> (without init value) has a constant value of 0 in block <trigprim1_imp>. This FF/Latch will be trimmed during the optimization process.
WARNING:Xst:1710 - FF/Latch <tx_er> (without init value) has a constant value of 0 in block <crcSplice>. This FF/Latch will be trimmed during the optimization process.
WARNING:Xst:2677 - Node <iobus_ready> of sequential type is unconnected in block <strip_imp>.
WARNING:Xst:2677 - Node <error_reset_0> of sequential type is unconnected in block <reset_imp>.
WARNING:Xst:2677 - Node <error_reset_1> of sequential type is unconnected in block <reset_imp>.
WARNING:Xst:2677 - Node <error_reset_2> of sequential type is unconnected in block <reset_imp>.
WARNING:Xst:2677 - Node <error_reset_3> of sequential type is unconnected in block <reset_imp>.
WARNING:Xst:2677 - Node <error_reset_4> of sequential type is unconnected in block <reset_imp>.
WARNING:Xst:2677 - Node <error_reset_5> of sequential type is unconnected in block <reset_imp>.
WARNING:Xst:2677 - Node <OOPS> of sequential type is unconnected in block <striptbm_imp>.
WARNING:Xst:2677 - Node <SYNC_VALID> of sequential type is unconnected in block <G[0].chipserdes4_imp>.
WARNING:Xst:2677 - Node <SYNC_VALID> of sequential type is unconnected in block <G[0].chipserdes3_imp>.
WARNING:Xst:2677 - Node <SYNC_VALID> of sequential type is unconnected in block <G[0].chipserdes2_imp>.
WARNING:Xst:2677 - Node <SYNC_VALID> of sequential type is unconnected in block <G[0].chipserdes1_imp>.
WARNING:Xst:2677 - Node <SYNC_VALID> of sequential type is unconnected in block <G[0].chipserdes0_imp>.
WARNING:Xst:2677 - Node <SYNC_VALID> of sequential type is unconnected in block <G[1].chipserdes4_imp>.
WARNING:Xst:2677 - Node <SYNC_VALID> of sequential type is unconnected in block <G[1].chipserdes3_imp>.
WARNING:Xst:2677 - Node <SYNC_VALID> of sequential type is unconnected in block <G[1].chipserdes2_imp>.
WARNING:Xst:2677 - Node <SYNC_VALID> of sequential type is unconnected in block <G[1].chipserdes1_imp>.
WARNING:Xst:2677 - Node <SYNC_VALID> of sequential type is unconnected in block <G[1].chipserdes0_imp>.
WARNING:Xst:2677 - Node <SYNC_VALID> of sequential type is unconnected in block <G[2].chipserdes4_imp>.
WARNING:Xst:2677 - Node <SYNC_VALID> of sequential type is unconnected in block <G[2].chipserdes3_imp>.
WARNING:Xst:2677 - Node <SYNC_VALID> of sequential type is unconnected in block <G[2].chipserdes2_imp>.
WARNING:Xst:2677 - Node <SYNC_VALID> of sequential type is unconnected in block <G[2].chipserdes1_imp>.
WARNING:Xst:2677 - Node <SYNC_VALID> of sequential type is unconnected in block <G[2].chipserdes0_imp>.
WARNING:Xst:2677 - Node <SYNC_VALID> of sequential type is unconnected in block <G[3].chipserdes4_imp>.
WARNING:Xst:2677 - Node <SYNC_VALID> of sequential type is unconnected in block <G[3].chipserdes3_imp>.
WARNING:Xst:2677 - Node <SYNC_VALID> of sequential type is unconnected in block <G[3].chipserdes2_imp>.
WARNING:Xst:2677 - Node <SYNC_VALID> of sequential type is unconnected in block <G[3].chipserdes1_imp>.
WARNING:Xst:2677 - Node <SYNC_VALID> of sequential type is unconnected in block <G[3].chipserdes0_imp>.
WARNING:Xst:2677 - Node <SYNC_VALID> of sequential type is unconnected in block <G[4].chipserdes4_imp>.
WARNING:Xst:2677 - Node <SYNC_VALID> of sequential type is unconnected in block <G[4].chipserdes3_imp>.
WARNING:Xst:2677 - Node <SYNC_VALID> of sequential type is unconnected in block <G[4].chipserdes2_imp>.
WARNING:Xst:2677 - Node <SYNC_VALID> of sequential type is unconnected in block <G[4].chipserdes1_imp>.
WARNING:Xst:2677 - Node <SYNC_VALID> of sequential type is unconnected in block <G[4].chipserdes0_imp>.
WARNING:Xst:2677 - Node <SYNC_VALID> of sequential type is unconnected in block <G[5].chipserdes4_imp>.
WARNING:Xst:2677 - Node <SYNC_VALID> of sequential type is unconnected in block <G[5].chipserdes3_imp>.
WARNING:Xst:2677 - Node <SYNC_VALID> of sequential type is unconnected in block <G[5].chipserdes2_imp>.
WARNING:Xst:2677 - Node <SYNC_VALID> of sequential type is unconnected in block <G[5].chipserdes1_imp>.
WARNING:Xst:2677 - Node <SYNC_VALID> of sequential type is unconnected in block <G[5].chipserdes0_imp>.
WARNING:Xst:2677 - Node <token> of sequential type is unconnected in block <trigproc_imp>.
WARNING:Xst:2677 - Node <spy_data_valid> of sequential type is unconnected in block <trigproc_imp>.
WARNING:Xst:2677 - Node <COUNT_2> of sequential type is unconnected in block <fastbcocounter_imp>.
WARNING:Xst:2677 - Node <ram_wdata_48> of sequential type is unconnected in block <RAM_COMM_DEC>.
WARNING:Xst:2677 - Node <ram_wdata_49> of sequential type is unconnected in block <RAM_COMM_DEC>.
WARNING:Xst:2677 - Node <ram_wdata_50> of sequential type is unconnected in block <RAM_COMM_DEC>.
WARNING:Xst:2677 - Node <ram_wdata_51> of sequential type is unconnected in block <RAM_COMM_DEC>.
WARNING:Xst:2677 - Node <ram_wdata_52> of sequential type is unconnected in block <RAM_COMM_DEC>.
WARNING:Xst:2677 - Node <ram_wdata_53> of sequential type is unconnected in block <RAM_COMM_DEC>.
WARNING:Xst:2677 - Node <ram_wdata_54> of sequential type is unconnected in block <RAM_COMM_DEC>.
WARNING:Xst:2677 - Node <ram_wdata_55> of sequential type is unconnected in block <RAM_COMM_DEC>.
WARNING:Xst:2677 - Node <ram_wdata_56> of sequential type is unconnected in block <RAM_COMM_DEC>.
WARNING:Xst:2677 - Node <ram_wdata_57> of sequential type is unconnected in block <RAM_COMM_DEC>.
WARNING:Xst:2677 - Node <ram_wdata_58> of sequential type is unconnected in block <RAM_COMM_DEC>.
WARNING:Xst:2677 - Node <ram_wdata_59> of sequential type is unconnected in block <RAM_COMM_DEC>.
WARNING:Xst:2677 - Node <ram_wdata_60> of sequential type is unconnected in block <RAM_COMM_DEC>.
WARNING:Xst:2677 - Node <ram_wdata_61> of sequential type is unconnected in block <RAM_COMM_DEC>.
WARNING:Xst:2677 - Node <ram_wdata_62> of sequential type is unconnected in block <RAM_COMM_DEC>.
WARNING:Xst:2677 - Node <ram_wdata_63> of sequential type is unconnected in block <RAM_COMM_DEC>.
WARNING:Xst:2677 - Node <tmp_rd_sig> of sequential type is unconnected in block <ec_wrapper>.
WARNING:Xst:2677 - Node <tmp_cnt_0> of sequential type is unconnected in block <ec_wrapper>.
WARNING:Xst:2677 - Node <tmp_cnt_1> of sequential type is unconnected in block <ec_wrapper>.
WARNING:Xst:1290 - Hierarchical block <genDbgCRC[0].crcGenDebug> is unconnected in block <ec_wrapper>.
   It will be removed from the design.
WARNING:Xst:2677 - Node <Counter_0> of sequential type is unconnected in block <crcGen>.
WARNING:Xst:2677 - Node <Counter_1> of sequential type is unconnected in block <crcGen>.
WARNING:Xst:2677 - Node <Counter_2> of sequential type is unconnected in block <crcGen>.
WARNING:Xst:2677 - Node <Counter_3> of sequential type is unconnected in block <crcGen>.
WARNING:Xst:2677 - Node <udp_dest_port_0> of sequential type is unconnected in block <DecipherBlock>.
WARNING:Xst:2677 - Node <udp_dest_port_1> of sequential type is unconnected in block <DecipherBlock>.
WARNING:Xst:2677 - Node <udp_dest_port_3> of sequential type is unconnected in block <DecipherBlock>.
WARNING:Xst:2677 - Node <udp_dest_port_2> of sequential type is unconnected in block <DecipherBlock>.
WARNING:Xst:2677 - Node <udp_dest_port_4> of sequential type is unconnected in block <DecipherBlock>.
WARNING:Xst:2677 - Node <arp_search_ip_0> of sequential type is unconnected in block <DecipherBlock>.
WARNING:Xst:2677 - Node <udp_dest_port_5> of sequential type is unconnected in block <DecipherBlock>.
WARNING:Xst:2677 - Node <arp_search_ip_1> of sequential type is unconnected in block <DecipherBlock>.
WARNING:Xst:2677 - Node <udp_dest_port_6> of sequential type is unconnected in block <DecipherBlock>.
WARNING:Xst:2677 - Node <arp_search_ip_2> of sequential type is unconnected in block <DecipherBlock>.
WARNING:Xst:2677 - Node <udp_dest_port_7> of sequential type is unconnected in block <DecipherBlock>.
WARNING:Xst:2677 - Node <arp_search_ip_3> of sequential type is unconnected in block <DecipherBlock>.
WARNING:Xst:2677 - Node <udp_dest_port_8> of sequential type is unconnected in block <DecipherBlock>.
WARNING:Xst:2677 - Node <udp_dest_port_9> of sequential type is unconnected in block <DecipherBlock>.
WARNING:Xst:2677 - Node <arp_search_ip_4> of sequential type is unconnected in block <DecipherBlock>.
WARNING:Xst:2677 - Node <arp_search_ip_5> of sequential type is unconnected in block <DecipherBlock>.
WARNING:Xst:2677 - Node <arp_search_ip_6> of sequential type is unconnected in block <DecipherBlock>.
WARNING:Xst:2677 - Node <arp_search_ip_7> of sequential type is unconnected in block <DecipherBlock>.
WARNING:Xst:2677 - Node <arp_search_ip_8> of sequential type is unconnected in block <DecipherBlock>.
WARNING:Xst:2677 - Node <arp_search_ip_9> of sequential type is unconnected in block <DecipherBlock>.
WARNING:Xst:2677 - Node <dest_mac_10> of sequential type is unconnected in block <DecipherBlock>.
WARNING:Xst:2677 - Node <dest_mac_11> of sequential type is unconnected in block <DecipherBlock>.
WARNING:Xst:2677 - Node <dest_mac_12> of sequential type is unconnected in block <DecipherBlock>.
WARNING:Xst:2677 - Node <dest_mac_13> of sequential type is unconnected in block <DecipherBlock>.
WARNING:Xst:2677 - Node <dest_mac_14> of sequential type is unconnected in block <DecipherBlock>.
WARNING:Xst:2677 - Node <dest_mac_15> of sequential type is unconnected in block <DecipherBlock>.
WARNING:Xst:2677 - Node <dest_mac_20> of sequential type is unconnected in block <DecipherBlock>.
WARNING:Xst:2677 - Node <dest_mac_16> of sequential type is unconnected in block <DecipherBlock>.
WARNING:Xst:2677 - Node <dest_mac_21> of sequential type is unconnected in block <DecipherBlock>.
WARNING:Xst:2677 - Node <dest_mac_17> of sequential type is unconnected in block <DecipherBlock>.
WARNING:Xst:2677 - Node <dest_mac_22> of sequential type is unconnected in block <DecipherBlock>.
WARNING:Xst:2677 - Node <dest_mac_23> of sequential type is unconnected in block <DecipherBlock>.
WARNING:Xst:2677 - Node <dest_mac_18> of sequential type is unconnected in block <DecipherBlock>.
WARNING:Xst:2677 - Node <dest_mac_24> of sequential type is unconnected in block <DecipherBlock>.
WARNING:Xst:2677 - Node <dest_mac_19> of sequential type is unconnected in block <DecipherBlock>.
WARNING:Xst:2677 - Node <dest_mac_25> of sequential type is unconnected in block <DecipherBlock>.
WARNING:Xst:2677 - Node <dest_mac_30> of sequential type is unconnected in block <DecipherBlock>.
WARNING:Xst:2677 - Node <dest_mac_26> of sequential type is unconnected in block <DecipherBlock>.
WARNING:Xst:2677 - Node <dest_mac_31> of sequential type is unconnected in block <DecipherBlock>.
WARNING:Xst:2677 - Node <dest_mac_32> of sequential type is unconnected in block <DecipherBlock>.
WARNING:Xst:2677 - Node <dest_mac_27> of sequential type is unconnected in block <DecipherBlock>.
WARNING:Xst:2677 - Node <dest_mac_33> of sequential type is unconnected in block <DecipherBlock>.
WARNING:Xst:2677 - Node <dest_mac_28> of sequential type is unconnected in block <DecipherBlock>.
WARNING:Xst:2677 - Node <dest_mac_34> of sequential type is unconnected in block <DecipherBlock>.
WARNING:Xst:2677 - Node <dest_mac_29> of sequential type is unconnected in block <DecipherBlock>.
WARNING:Xst:2677 - Node <dest_mac_40> of sequential type is unconnected in block <DecipherBlock>.
WARNING:Xst:2677 - Node <dest_mac_35> of sequential type is unconnected in block <DecipherBlock>.
WARNING:Xst:2677 - Node <udp_dest_port_10> of sequential type is unconnected in block <DecipherBlock>.
WARNING:Xst:2677 - Node <dest_mac_36> of sequential type is unconnected in block <DecipherBlock>.
WARNING:Xst:2677 - Node <dest_mac_41> of sequential type is unconnected in block <DecipherBlock>.
WARNING:Xst:2677 - Node <dest_mac_0> of sequential type is unconnected in block <DecipherBlock>.
WARNING:Xst:2677 - Node <udp_dest_port_11> of sequential type is unconnected in block <DecipherBlock>.
WARNING:Xst:2677 - Node <dest_mac_42> of sequential type is unconnected in block <DecipherBlock>.
WARNING:Xst:2677 - Node <udp_dest_port_12> of sequential type is unconnected in block <DecipherBlock>.
WARNING:Xst:2677 - Node <dest_mac_37> of sequential type is unconnected in block <DecipherBlock>.
WARNING:Xst:2677 - Node <dest_mac_1> of sequential type is unconnected in block <DecipherBlock>.
WARNING:Xst:2677 - Node <dest_mac_38> of sequential type is unconnected in block <DecipherBlock>.
WARNING:Xst:2677 - Node <dest_mac_43> of sequential type is unconnected in block <DecipherBlock>.
WARNING:Xst:2677 - Node <dest_mac_2> of sequential type is unconnected in block <DecipherBlock>.
WARNING:Xst:2677 - Node <udp_dest_port_13> of sequential type is unconnected in block <DecipherBlock>.
WARNING:Xst:2677 - Node <dest_mac_44> of sequential type is unconnected in block <DecipherBlock>.
WARNING:Xst:2677 - Node <dest_mac_39> of sequential type is unconnected in block <DecipherBlock>.
WARNING:Xst:2677 - Node <dest_mac_3> of sequential type is unconnected in block <DecipherBlock>.
WARNING:Xst:2677 - Node <udp_dest_port_14> of sequential type is unconnected in block <DecipherBlock>.
WARNING:Xst:2677 - Node <dest_mac_45> of sequential type is unconnected in block <DecipherBlock>.
WARNING:Xst:2677 - Node <dest_mac_4> of sequential type is unconnected in block <DecipherBlock>.
WARNING:Xst:2677 - Node <udp_dest_port_15> of sequential type is unconnected in block <DecipherBlock>.
WARNING:Xst:2677 - Node <dest_mac_46> of sequential type is unconnected in block <DecipherBlock>.
WARNING:Xst:2677 - Node <dest_mac_5> of sequential type is unconnected in block <DecipherBlock>.
WARNING:Xst:2677 - Node <dest_mac_47> of sequential type is unconnected in block <DecipherBlock>.
WARNING:Xst:2677 - Node <dest_mac_6> of sequential type is unconnected in block <DecipherBlock>.
WARNING:Xst:2677 - Node <dest_mac_7> of sequential type is unconnected in block <DecipherBlock>.
WARNING:Xst:2677 - Node <dest_mac_8> of sequential type is unconnected in block <DecipherBlock>.
WARNING:Xst:2677 - Node <dest_mac_9> of sequential type is unconnected in block <DecipherBlock>.
WARNING:Xst:2677 - Node <arp_search_ip_10> of sequential type is unconnected in block <DecipherBlock>.
WARNING:Xst:2677 - Node <arp_search_ip_11> of sequential type is unconnected in block <DecipherBlock>.
WARNING:Xst:2677 - Node <arp_search_ip_12> of sequential type is unconnected in block <DecipherBlock>.
WARNING:Xst:2677 - Node <arp_search_ip_13> of sequential type is unconnected in block <DecipherBlock>.
WARNING:Xst:2677 - Node <arp_search_ip_14> of sequential type is unconnected in block <DecipherBlock>.
WARNING:Xst:2677 - Node <arp_search_ip_20> of sequential type is unconnected in block <DecipherBlock>.
WARNING:Xst:2677 - Node <arp_search_ip_15> of sequential type is unconnected in block <DecipherBlock>.
WARNING:Xst:2677 - Node <arp_search_ip_21> of sequential type is unconnected in block <DecipherBlock>.
WARNING:Xst:2677 - Node <arp_search_ip_16> of sequential type is unconnected in block <DecipherBlock>.
WARNING:Xst:2677 - Node <arp_search_ip_22> of sequential type is unconnected in block <DecipherBlock>.
WARNING:Xst:2677 - Node <arp_search_ip_17> of sequential type is unconnected in block <DecipherBlock>.
WARNING:Xst:2677 - Node <arp_search_ip_18> of sequential type is unconnected in block <DecipherBlock>.
WARNING:Xst:2677 - Node <arp_search_ip_23> of sequential type is unconnected in block <DecipherBlock>.
WARNING:Xst:2677 - Node <arp_search_ip_24> of sequential type is unconnected in block <DecipherBlock>.
WARNING:Xst:2677 - Node <arp_search_ip_19> of sequential type is unconnected in block <DecipherBlock>.
WARNING:Xst:2677 - Node <arp_search_ip_30> of sequential type is unconnected in block <DecipherBlock>.
WARNING:Xst:2677 - Node <arp_search_ip_25> of sequential type is unconnected in block <DecipherBlock>.
WARNING:Xst:2677 - Node <arp_search_ip_31> of sequential type is unconnected in block <DecipherBlock>.
WARNING:Xst:2677 - Node <arp_search_ip_26> of sequential type is unconnected in block <DecipherBlock>.
WARNING:Xst:2677 - Node <arp_search_ip_27> of sequential type is unconnected in block <DecipherBlock>.
WARNING:Xst:2677 - Node <arp_search_ip_28> of sequential type is unconnected in block <DecipherBlock>.
WARNING:Xst:2677 - Node <arp_search_ip_29> of sequential type is unconnected in block <DecipherBlock>.
WARNING:Xst:2677 - Node <is_idle> of sequential type is unconnected in block <DecipherBlock>.
WARNING:Xst:2677 - Node <udp_data_count_0> of sequential type is unconnected in block <DecipherBlock>.
WARNING:Xst:2677 - Node <udp_data_count_1> of sequential type is unconnected in block <DecipherBlock>.
WARNING:Xst:2677 - Node <udp_data_count_2> of sequential type is unconnected in block <DecipherBlock>.
WARNING:Xst:2677 - Node <udp_data_count_3> of sequential type is unconnected in block <DecipherBlock>.
WARNING:Xst:2677 - Node <udp_data_count_4> of sequential type is unconnected in block <DecipherBlock>.
WARNING:Xst:2677 - Node <udp_data_count_5> of sequential type is unconnected in block <DecipherBlock>.
WARNING:Xst:2677 - Node <udp_data_count_6> of sequential type is unconnected in block <DecipherBlock>.
WARNING:Xst:2677 - Node <udp_data_count_7> of sequential type is unconnected in block <DecipherBlock>.
WARNING:Xst:2677 - Node <udp_data_count_8> of sequential type is unconnected in block <DecipherBlock>.
WARNING:Xst:2677 - Node <udp_data_count_9> of sequential type is unconnected in block <DecipherBlock>.
WARNING:Xst:2677 - Node <udp_data_count_10> of sequential type is unconnected in block <DecipherBlock>.
WARNING:Xst:2677 - Node <LATCHED_BCO_0> of sequential type is unconnected in block <striptbm_imp>.
WARNING:Xst:2677 - Node <LATCHED_BCO_1> of sequential type is unconnected in block <striptbm_imp>.
WARNING:Xst:2677 - Node <LATCHED_BCO_2> of sequential type is unconnected in block <striptbm_imp>.
WARNING:Xst:2677 - Node <LATCHED_BCO_3> of sequential type is unconnected in block <striptbm_imp>.
WARNING:Xst:2677 - Node <LATCHED_BCO_4> of sequential type is unconnected in block <striptbm_imp>.
WARNING:Xst:2677 - Node <LATCHED_BCO_5> of sequential type is unconnected in block <striptbm_imp>.
WARNING:Xst:2677 - Node <LATCHED_BCO_6> of sequential type is unconnected in block <striptbm_imp>.
WARNING:Xst:2677 - Node <LATCHED_BCO_7> of sequential type is unconnected in block <striptbm_imp>.
WARNING:Xst:2677 - Node <LATCHED_BCO_8> of sequential type is unconnected in block <striptbm_imp>.
WARNING:Xst:2677 - Node <LATCHED_BCO_9> of sequential type is unconnected in block <striptbm_imp>.
WARNING:Xst:2677 - Node <LATCHED_BCO_10> of sequential type is unconnected in block <striptbm_imp>.
WARNING:Xst:2677 - Node <LATCHED_BCO_11> of sequential type is unconnected in block <striptbm_imp>.
WARNING:Xst:2677 - Node <LATCHED_BCO_12> of sequential type is unconnected in block <striptbm_imp>.
WARNING:Xst:2677 - Node <LATCHED_BCO_13> of sequential type is unconnected in block <striptbm_imp>.
WARNING:Xst:2677 - Node <LATCHED_BCO_14> of sequential type is unconnected in block <striptbm_imp>.
WARNING:Xst:2677 - Node <LATCHED_BCO_15> of sequential type is unconnected in block <striptbm_imp>.
WARNING:Xst:2677 - Node <LATCHED_BCO_16> of sequential type is unconnected in block <striptbm_imp>.
WARNING:Xst:2677 - Node <LATCHED_BCO_17> of sequential type is unconnected in block <striptbm_imp>.
WARNING:Xst:2677 - Node <LATCHED_BCO_18> of sequential type is unconnected in block <striptbm_imp>.
WARNING:Xst:2677 - Node <LATCHED_BCO_19> of sequential type is unconnected in block <striptbm_imp>.
WARNING:Xst:2677 - Node <LATCHED_BCO_20> of sequential type is unconnected in block <striptbm_imp>.
WARNING:Xst:2677 - Node <LATCHED_BCO_21> of sequential type is unconnected in block <striptbm_imp>.
WARNING:Xst:2677 - Node <LATCHED_BCO_22> of sequential type is unconnected in block <striptbm_imp>.
WARNING:Xst:2677 - Node <LATCHED_BCO_23> of sequential type is unconnected in block <striptbm_imp>.
WARNING:Xst:2677 - Node <LATCHED_BCO_24> of sequential type is unconnected in block <striptbm_imp>.
WARNING:Xst:2677 - Node <LATCHED_BCO_25> of sequential type is unconnected in block <striptbm_imp>.
WARNING:Xst:2677 - Node <LATCHED_BCO_26> of sequential type is unconnected in block <striptbm_imp>.
WARNING:Xst:2677 - Node <LATCHED_BCO_27> of sequential type is unconnected in block <striptbm_imp>.
WARNING:Xst:2677 - Node <LATCHED_BCO_28> of sequential type is unconnected in block <striptbm_imp>.
WARNING:Xst:2677 - Node <LATCHED_BCO_29> of sequential type is unconnected in block <striptbm_imp>.
WARNING:Xst:2677 - Node <LATCHED_BCO_30> of sequential type is unconnected in block <striptbm_imp>.
WARNING:Xst:2677 - Node <LATCHED_BCO_31> of sequential type is unconnected in block <striptbm_imp>.
WARNING:Xst:2677 - Node <LATCHED_BCO_32> of sequential type is unconnected in block <striptbm_imp>.
WARNING:Xst:2677 - Node <LATCHED_BCO_33> of sequential type is unconnected in block <striptbm_imp>.
WARNING:Xst:2677 - Node <LATCHED_BCO_34> of sequential type is unconnected in block <striptbm_imp>.
WARNING:Xst:2677 - Node <LATCHED_BCO_35> of sequential type is unconnected in block <striptbm_imp>.
WARNING:Xst:2677 - Node <LATCHED_BCO_36> of sequential type is unconnected in block <striptbm_imp>.
WARNING:Xst:2677 - Node <LATCHED_BCO_37> of sequential type is unconnected in block <striptbm_imp>.
WARNING:Xst:2677 - Node <LATCHED_BCO_38> of sequential type is unconnected in block <striptbm_imp>.
WARNING:Xst:2677 - Node <LATCHED_BCO_39> of sequential type is unconnected in block <striptbm_imp>.
WARNING:Xst:2677 - Node <LATCHED_BCO_40> of sequential type is unconnected in block <striptbm_imp>.
WARNING:Xst:2677 - Node <LATCHED_BCO_41> of sequential type is unconnected in block <striptbm_imp>.
WARNING:Xst:2677 - Node <LATCHED_BCO_42> of sequential type is unconnected in block <striptbm_imp>.
WARNING:Xst:2677 - Node <LATCHED_BCO_43> of sequential type is unconnected in block <striptbm_imp>.
WARNING:Xst:2677 - Node <LATCHED_BCO_44> of sequential type is unconnected in block <striptbm_imp>.
WARNING:Xst:2677 - Node <LATCHED_BCO_45> of sequential type is unconnected in block <striptbm_imp>.
WARNING:Xst:2677 - Node <LATCHED_BCO_46> of sequential type is unconnected in block <striptbm_imp>.
WARNING:Xst:2677 - Node <LATCHED_BCO_47> of sequential type is unconnected in block <striptbm_imp>.
WARNING:Xst:2677 - Node <DOUT_4> of sequential type is unconnected in block <striptbm_imp>.
WARNING:Xst:2677 - Node <DOUT_5> of sequential type is unconnected in block <striptbm_imp>.
WARNING:Xst:2677 - Node <DOUT_8> of sequential type is unconnected in block <striptbm_imp>.
WARNING:Xst:2677 - Node <DOUT_9> of sequential type is unconnected in block <striptbm_imp>.
WARNING:Xst:2677 - Node <DOUT_10> of sequential type is unconnected in block <striptbm_imp>.
WARNING:Xst:2677 - Node <DOUT_11> of sequential type is unconnected in block <striptbm_imp>.
WARNING:Xst:2677 - Node <DOUT_12> of sequential type is unconnected in block <striptbm_imp>.
WARNING:Xst:2677 - Node <DOUT_13> of sequential type is unconnected in block <striptbm_imp>.
WARNING:Xst:2677 - Node <DOUT_14> of sequential type is unconnected in block <striptbm_imp>.
WARNING:Xst:2677 - Node <DOUT_15> of sequential type is unconnected in block <striptbm_imp>.
WARNING:Xst:2677 - Node <DOUT_16> of sequential type is unconnected in block <striptbm_imp>.
WARNING:Xst:2677 - Node <DOUT_17> of sequential type is unconnected in block <striptbm_imp>.
WARNING:Xst:2677 - Node <DOUT_18> of sequential type is unconnected in block <striptbm_imp>.
WARNING:Xst:2677 - Node <DOUT_19> of sequential type is unconnected in block <striptbm_imp>.
WARNING:Xst:2677 - Node <DOUT_20> of sequential type is unconnected in block <striptbm_imp>.
WARNING:Xst:2677 - Node <DOUT_21> of sequential type is unconnected in block <striptbm_imp>.
WARNING:Xst:2677 - Node <DOUT_22> of sequential type is unconnected in block <striptbm_imp>.
WARNING:Xst:2677 - Node <DOUT_23> of sequential type is unconnected in block <striptbm_imp>.
WARNING:Xst:2677 - Node <DOUT_24> of sequential type is unconnected in block <striptbm_imp>.
WARNING:Xst:2677 - Node <DOUT_25> of sequential type is unconnected in block <striptbm_imp>.
WARNING:Xst:2677 - Node <DOUT_26> of sequential type is unconnected in block <striptbm_imp>.
WARNING:Xst:2677 - Node <DOUT_27> of sequential type is unconnected in block <striptbm_imp>.
WARNING:Xst:2677 - Node <DOUT_28> of sequential type is unconnected in block <striptbm_imp>.
WARNING:Xst:2677 - Node <DOUT_29> of sequential type is unconnected in block <striptbm_imp>.
WARNING:Xst:2677 - Node <DOUT_30> of sequential type is unconnected in block <striptbm_imp>.
WARNING:Xst:2677 - Node <DOUT_31> of sequential type is unconnected in block <striptbm_imp>.

Mapping all equations...
Building and optimizing final netlist ...
Found area constraint ratio of 100 (+ 5) on block top, actual ratio is 96.
Forward register balancing over carry chain Mcompar_local_bco_zero_cnt_cmp_eq0000_cy<0>
In hierarchy level strip_imp/stripana_imp.
Forward register balancing over carry chain Mcount_BCO_cy<0>
INFO:Xst:2260 - The FF/Latch <U0/xst_fifo_generator/gconvfifo.rf/gbiv4.fgfifo16_patch/fblk/gen_wgtr.inst_wgtr/lut_f/gntv_or_sync_fifo.gl0.rd/gras.rsts/ram_empty_fb_i> in Unit <stackGen[0].fifo_imp> is equivalent to the following FF/Latch : <U0/xst_fifo_generator/gconvfifo.rf/gbiv4.fgfifo16_patch/fblk/gen_wgtr.inst_wgtr/lut_f/gntv_or_sync_fifo.gl0.rd/gras.rsts/ram_empty_i> 
INFO:Xst:2260 - The FF/Latch <U0/xst_fifo_generator/gconvfifo.rf/gbiv4.fgfifo16_patch/fblk/gen_wgtr.inst_wgtr/lut_f/gntv_or_sync_fifo.gl0.rd/rpntr/count_d1_0> in Unit <stackGen[0].fifo_imp> is equivalent to the following FF/Latch : <U0/xst_fifo_generator/gconvfifo.rf/gbiv4.fgfifo16_patch/fblk/gen_wgtr.inst_wgtr/lut_f/gntv_or_sync_fifo.gl0.rd/rpntr/count_d1_0_1> 
INFO:Xst:2260 - The FF/Latch <U0/xst_fifo_generator/gconvfifo.rf/gbiv4.fgfifo16_patch/fblk/gen_wgtr.inst_wgtr/lut_f/gntv_or_sync_fifo.gl0.rd/rpntr/count_d1_2> in Unit <stackGen[0].fifo_imp> is equivalent to the following FF/Latch : <U0/xst_fifo_generator/gconvfifo.rf/gbiv4.fgfifo16_patch/fblk/gen_wgtr.inst_wgtr/lut_f/gntv_or_sync_fifo.gl0.rd/rpntr/count_d1_2_1> 
INFO:Xst:2260 - The FF/Latch <U0/xst_fifo_generator/gconvfifo.rf/gbiv4.fgfifo16_patch/fblk/gen_wgtr.inst_wgtr/lut_f/gntv_or_sync_fifo.gl0.rd/rpntr/count_d1_3> in Unit <stackGen[0].fifo_imp> is equivalent to the following FF/Latch : <U0/xst_fifo_generator/gconvfifo.rf/gbiv4.fgfifo16_patch/fblk/gen_wgtr.inst_wgtr/lut_f/gntv_or_sync_fifo.gl0.rd/rpntr/count_d1_3_1> 
INFO:Xst:2260 - The FF/Latch <U0/xst_fifo_generator/gconvfifo.rf/gbiv4.fgfifo16_patch/fblk/gen_wgtr.inst_wgtr/lut_f/rstblk/rd_rst_reg_1> in Unit <stackGen[0].fifo_imp> is equivalent to the following FF/Latch : <U0/xst_fifo_generator/gconvfifo.rf/gbiv4.fgfifo16_patch/fblk/gen_wgtr.inst_wgtr/lut_f/rstblk/rd_rst_reg_2> 
INFO:Xst:2260 - The FF/Latch <U0/xst_fifo_generator/gconvfifo.rf/gbiv4.fgfifo16_patch/fblk/gen_wgtr.inst_wgtr/lut_f/rstblk/wr_rst_reg_0> in Unit <stackGen[0].fifo_imp> is equivalent to the following FF/Latch : <U0/xst_fifo_generator/gconvfifo.rf/gbiv4.fgfifo16_patch/fblk/gen_wgtr.inst_wgtr/lut_f/rstblk/wr_rst_reg_1> 
INFO:Xst:2260 - The FF/Latch <U0/xst_fifo_generator/gconvfifo.rf/gbiv4.fgfifo16_patch/fblk/gen_wgtr.inst_wgtr/lut_f/gntv_or_sync_fifo.gl0.rd/rpntr/count_d1_0> in Unit <fifo_imp> is equivalent to the following FF/Latch : <U0/xst_fifo_generator/gconvfifo.rf/gbiv4.fgfifo16_patch/fblk/gen_wgtr.inst_wgtr/lut_f/gntv_or_sync_fifo.gl0.rd/rpntr/count_d1_0_1> 
INFO:Xst:2260 - The FF/Latch <U0/xst_fifo_generator/gconvfifo.rf/gbiv4.fgfifo16_patch/fblk/gen_wgtr.inst_wgtr/lut_f/gntv_or_sync_fifo.gl0.rd/rpntr/count_d1_2> in Unit <fifo_imp> is equivalent to the following FF/Latch : <U0/xst_fifo_generator/gconvfifo.rf/gbiv4.fgfifo16_patch/fblk/gen_wgtr.inst_wgtr/lut_f/gntv_or_sync_fifo.gl0.rd/rpntr/count_d1_2_1> 
INFO:Xst:2260 - The FF/Latch <U0/xst_fifo_generator/gconvfifo.rf/gbiv4.fgfifo16_patch/fblk/gen_wgtr.inst_wgtr/lut_f/gntv_or_sync_fifo.gl0.rd/rpntr/count_d1_3> in Unit <fifo_imp> is equivalent to the following FF/Latch : <U0/xst_fifo_generator/gconvfifo.rf/gbiv4.fgfifo16_patch/fblk/gen_wgtr.inst_wgtr/lut_f/gntv_or_sync_fifo.gl0.rd/rpntr/count_d1_3_1> 
INFO:Xst:2260 - The FF/Latch <U0/xst_fifo_generator/gconvfifo.rf/gbiv4.fgfifo16_patch/fblk/gen_wgtr.inst_wgtr/lut_f/rstblk/rd_rst_reg_1> in Unit <fifo_imp> is equivalent to the following FF/Latch : <U0/xst_fifo_generator/gconvfifo.rf/gbiv4.fgfifo16_patch/fblk/gen_wgtr.inst_wgtr/lut_f/rstblk/rd_rst_reg_2> 
INFO:Xst:2260 - The FF/Latch <U0/xst_fifo_generator/gconvfifo.rf/gbiv4.fgfifo16_patch/fblk/gen_wgtr.inst_wgtr/lut_f/gntv_or_sync_fifo.gl0.rd/gras.rsts/ram_empty_fb_i> in Unit <fifo_imp> is equivalent to the following FF/Latch : <U0/xst_fifo_generator/gconvfifo.rf/gbiv4.fgfifo16_patch/fblk/gen_wgtr.inst_wgtr/lut_f/gntv_or_sync_fifo.gl0.rd/gras.rsts/ram_empty_i> 
INFO:Xst:2260 - The FF/Latch <U0/xst_fifo_generator/gconvfifo.rf/gbiv4.fgfifo16_patch/fblk/gen_wgtr.inst_wgtr/lut_f/rstblk/wr_rst_reg_0> in Unit <fifo_imp> is equivalent to the following FF/Latch : <U0/xst_fifo_generator/gconvfifo.rf/gbiv4.fgfifo16_patch/fblk/gen_wgtr.inst_wgtr/lut_f/rstblk/wr_rst_reg_1> 
INFO:Xst:2260 - The FF/Latch <U0/xst_fifo_generator/gconvfifo.rf/gbiv4.fgfifo16_patch/fblk/gen_wgtr.inst_wgtr/lut_f/gntv_or_sync_fifo.gl0.rd/rpntr/count_d1_0> in Unit <fifo_imp> is equivalent to the following FF/Latch : <U0/xst_fifo_generator/gconvfifo.rf/gbiv4.fgfifo16_patch/fblk/gen_wgtr.inst_wgtr/lut_f/gntv_or_sync_fifo.gl0.rd/rpntr/count_d1_0_1> 
INFO:Xst:2260 - The FF/Latch <U0/xst_fifo_generator/gconvfifo.rf/gbiv4.fgfifo16_patch/fblk/gen_wgtr.inst_wgtr/lut_f/gntv_or_sync_fifo.gl0.rd/rpntr/count_d1_2> in Unit <fifo_imp> is equivalent to the following FF/Latch : <U0/xst_fifo_generator/gconvfifo.rf/gbiv4.fgfifo16_patch/fblk/gen_wgtr.inst_wgtr/lut_f/gntv_or_sync_fifo.gl0.rd/rpntr/count_d1_2_1> 
INFO:Xst:2260 - The FF/Latch <U0/xst_fifo_generator/gconvfifo.rf/gbiv4.fgfifo16_patch/fblk/gen_wgtr.inst_wgtr/lut_f/gntv_or_sync_fifo.gl0.rd/rpntr/count_d1_3> in Unit <fifo_imp> is equivalent to the following FF/Latch : <U0/xst_fifo_generator/gconvfifo.rf/gbiv4.fgfifo16_patch/fblk/gen_wgtr.inst_wgtr/lut_f/gntv_or_sync_fifo.gl0.rd/rpntr/count_d1_3_1> 
INFO:Xst:2260 - The FF/Latch <U0/xst_fifo_generator/gconvfifo.rf/gbiv4.fgfifo16_patch/fblk/gen_wgtr.inst_wgtr/lut_f/rstblk/rd_rst_reg_1> in Unit <fifo_imp> is equivalent to the following FF/Latch : <U0/xst_fifo_generator/gconvfifo.rf/gbiv4.fgfifo16_patch/fblk/gen_wgtr.inst_wgtr/lut_f/rstblk/rd_rst_reg_2> 
INFO:Xst:2260 - The FF/Latch <U0/xst_fifo_generator/gconvfifo.rf/gbiv4.fgfifo16_patch/fblk/gen_wgtr.inst_wgtr/lut_f/gntv_or_sync_fifo.gl0.rd/gras.rsts/ram_empty_fb_i> in Unit <fifo_imp> is equivalent to the following FF/Latch : <U0/xst_fifo_generator/gconvfifo.rf/gbiv4.fgfifo16_patch/fblk/gen_wgtr.inst_wgtr/lut_f/gntv_or_sync_fifo.gl0.rd/gras.rsts/ram_empty_i> 
INFO:Xst:2260 - The FF/Latch <U0/xst_fifo_generator/gconvfifo.rf/gbiv4.fgfifo16_patch/fblk/gen_wgtr.inst_wgtr/lut_f/rstblk/wr_rst_reg_0> in Unit <fifo_imp> is equivalent to the following FF/Latch : <U0/xst_fifo_generator/gconvfifo.rf/gbiv4.fgfifo16_patch/fblk/gen_wgtr.inst_wgtr/lut_f/rstblk/wr_rst_reg_1> 
INFO:Xst:2260 - The FF/Latch <U0/xst_fifo_generator/gconvfifo.rf/gbiv4.fgfifo16_patch/fblk/gen_wgtr.inst_wgtr/lut_f/gntv_or_sync_fifo.gl0.rd/rpntr/count_d1_0> in Unit <fifo_imp> is equivalent to the following FF/Latch : <U0/xst_fifo_generator/gconvfifo.rf/gbiv4.fgfifo16_patch/fblk/gen_wgtr.inst_wgtr/lut_f/gntv_or_sync_fifo.gl0.rd/rpntr/count_d1_0_1> 
INFO:Xst:2260 - The FF/Latch <U0/xst_fifo_generator/gconvfifo.rf/gbiv4.fgfifo16_patch/fblk/gen_wgtr.inst_wgtr/lut_f/gntv_or_sync_fifo.gl0.rd/rpntr/count_d1_2> in Unit <fifo_imp> is equivalent to the following FF/Latch : <U0/xst_fifo_generator/gconvfifo.rf/gbiv4.fgfifo16_patch/fblk/gen_wgtr.inst_wgtr/lut_f/gntv_or_sync_fifo.gl0.rd/rpntr/count_d1_2_1> 
INFO:Xst:2260 - The FF/Latch <U0/xst_fifo_generator/gconvfifo.rf/gbiv4.fgfifo16_patch/fblk/gen_wgtr.inst_wgtr/lut_f/gntv_or_sync_fifo.gl0.rd/rpntr/count_d1_3> in Unit <fifo_imp> is equivalent to the following FF/Latch : <U0/xst_fifo_generator/gconvfifo.rf/gbiv4.fgfifo16_patch/fblk/gen_wgtr.inst_wgtr/lut_f/gntv_or_sync_fifo.gl0.rd/rpntr/count_d1_3_1> 
INFO:Xst:2260 - The FF/Latch <U0/xst_fifo_generator/gconvfifo.rf/gbiv4.fgfifo16_patch/fblk/gen_wgtr.inst_wgtr/lut_f/rstblk/rd_rst_reg_1> in Unit <fifo_imp> is equivalent to the following FF/Latch : <U0/xst_fifo_generator/gconvfifo.rf/gbiv4.fgfifo16_patch/fblk/gen_wgtr.inst_wgtr/lut_f/rstblk/rd_rst_reg_2> 
INFO:Xst:2260 - The FF/Latch <U0/xst_fifo_generator/gconvfifo.rf/gbiv4.fgfifo16_patch/fblk/gen_wgtr.inst_wgtr/lut_f/gntv_or_sync_fifo.gl0.rd/gras.rsts/ram_empty_fb_i> in Unit <fifo_imp> is equivalent to the following FF/Latch : <U0/xst_fifo_generator/gconvfifo.rf/gbiv4.fgfifo16_patch/fblk/gen_wgtr.inst_wgtr/lut_f/gntv_or_sync_fifo.gl0.rd/gras.rsts/ram_empty_i> 
INFO:Xst:2260 - The FF/Latch <U0/xst_fifo_generator/gconvfifo.rf/gbiv4.fgfifo16_patch/fblk/gen_wgtr.inst_wgtr/lut_f/rstblk/wr_rst_reg_0> in Unit <fifo_imp> is equivalent to the following FF/Latch : <U0/xst_fifo_generator/gconvfifo.rf/gbiv4.fgfifo16_patch/fblk/gen_wgtr.inst_wgtr/lut_f/rstblk/wr_rst_reg_1> 
INFO:Xst:2260 - The FF/Latch <U0/xst_fifo_generator/gconvfifo.rf/gbiv4.fgfifo16_patch/fblk/gen_wgtr.inst_wgtr/lut_f/gntv_or_sync_fifo.gl0.rd/rpntr/count_d1_0> in Unit <fifo_imp> is equivalent to the following FF/Latch : <U0/xst_fifo_generator/gconvfifo.rf/gbiv4.fgfifo16_patch/fblk/gen_wgtr.inst_wgtr/lut_f/gntv_or_sync_fifo.gl0.rd/rpntr/count_d1_0_1> 
INFO:Xst:2260 - The FF/Latch <U0/xst_fifo_generator/gconvfifo.rf/gbiv4.fgfifo16_patch/fblk/gen_wgtr.inst_wgtr/lut_f/gntv_or_sync_fifo.gl0.rd/rpntr/count_d1_2> in Unit <fifo_imp> is equivalent to the following FF/Latch : <U0/xst_fifo_generator/gconvfifo.rf/gbiv4.fgfifo16_patch/fblk/gen_wgtr.inst_wgtr/lut_f/gntv_or_sync_fifo.gl0.rd/rpntr/count_d1_2_1> 
INFO:Xst:2260 - The FF/Latch <U0/xst_fifo_generator/gconvfifo.rf/gbiv4.fgfifo16_patch/fblk/gen_wgtr.inst_wgtr/lut_f/gntv_or_sync_fifo.gl0.rd/rpntr/count_d1_3> in Unit <fifo_imp> is equivalent to the following FF/Latch : <U0/xst_fifo_generator/gconvfifo.rf/gbiv4.fgfifo16_patch/fblk/gen_wgtr.inst_wgtr/lut_f/gntv_or_sync_fifo.gl0.rd/rpntr/count_d1_3_1> 
INFO:Xst:2260 - The FF/Latch <U0/xst_fifo_generator/gconvfifo.rf/gbiv4.fgfifo16_patch/fblk/gen_wgtr.inst_wgtr/lut_f/rstblk/rd_rst_reg_1> in Unit <fifo_imp> is equivalent to the following FF/Latch : <U0/xst_fifo_generator/gconvfifo.rf/gbiv4.fgfifo16_patch/fblk/gen_wgtr.inst_wgtr/lut_f/rstblk/rd_rst_reg_2> 
INFO:Xst:2260 - The FF/Latch <U0/xst_fifo_generator/gconvfifo.rf/gbiv4.fgfifo16_patch/fblk/gen_wgtr.inst_wgtr/lut_f/gntv_or_sync_fifo.gl0.rd/gras.rsts/ram_empty_fb_i> in Unit <fifo_imp> is equivalent to the following FF/Latch : <U0/xst_fifo_generator/gconvfifo.rf/gbiv4.fgfifo16_patch/fblk/gen_wgtr.inst_wgtr/lut_f/gntv_or_sync_fifo.gl0.rd/gras.rsts/ram_empty_i> 
INFO:Xst:2260 - The FF/Latch <U0/xst_fifo_generator/gconvfifo.rf/gbiv4.fgfifo16_patch/fblk/gen_wgtr.inst_wgtr/lut_f/rstblk/wr_rst_reg_0> in Unit <fifo_imp> is equivalent to the following FF/Latch : <U0/xst_fifo_generator/gconvfifo.rf/gbiv4.fgfifo16_patch/fblk/gen_wgtr.inst_wgtr/lut_f/rstblk/wr_rst_reg_1> 
INFO:Xst:2260 - The FF/Latch <U0/xst_fifo_generator/gconvfifo.rf/gbiv4.fgfifo16_patch/fblk/gen_wgtr.inst_wgtr/lut_f/gntv_or_sync_fifo.gl0.rd/rpntr/count_d1_0> in Unit <fifo_imp> is equivalent to the following FF/Latch : <U0/xst_fifo_generator/gconvfifo.rf/gbiv4.fgfifo16_patch/fblk/gen_wgtr.inst_wgtr/lut_f/gntv_or_sync_fifo.gl0.rd/rpntr/count_d1_0_1> 
INFO:Xst:2260 - The FF/Latch <U0/xst_fifo_generator/gconvfifo.rf/gbiv4.fgfifo16_patch/fblk/gen_wgtr.inst_wgtr/lut_f/gntv_or_sync_fifo.gl0.rd/rpntr/count_d1_2> in Unit <fifo_imp> is equivalent to the following FF/Latch : <U0/xst_fifo_generator/gconvfifo.rf/gbiv4.fgfifo16_patch/fblk/gen_wgtr.inst_wgtr/lut_f/gntv_or_sync_fifo.gl0.rd/rpntr/count_d1_2_1> 
INFO:Xst:2260 - The FF/Latch <U0/xst_fifo_generator/gconvfifo.rf/gbiv4.fgfifo16_patch/fblk/gen_wgtr.inst_wgtr/lut_f/gntv_or_sync_fifo.gl0.rd/rpntr/count_d1_3> in Unit <fifo_imp> is equivalent to the following FF/Latch : <U0/xst_fifo_generator/gconvfifo.rf/gbiv4.fgfifo16_patch/fblk/gen_wgtr.inst_wgtr/lut_f/gntv_or_sync_fifo.gl0.rd/rpntr/count_d1_3_1> 
INFO:Xst:2260 - The FF/Latch <U0/xst_fifo_generator/gconvfifo.rf/gbiv4.fgfifo16_patch/fblk/gen_wgtr.inst_wgtr/lut_f/rstblk/rd_rst_reg_1> in Unit <fifo_imp> is equivalent to the following FF/Latch : <U0/xst_fifo_generator/gconvfifo.rf/gbiv4.fgfifo16_patch/fblk/gen_wgtr.inst_wgtr/lut_f/rstblk/rd_rst_reg_2> 
INFO:Xst:2260 - The FF/Latch <U0/xst_fifo_generator/gconvfifo.rf/gbiv4.fgfifo16_patch/fblk/gen_wgtr.inst_wgtr/lut_f/gntv_or_sync_fifo.gl0.rd/gras.rsts/ram_empty_fb_i> in Unit <fifo_imp> is equivalent to the following FF/Latch : <U0/xst_fifo_generator/gconvfifo.rf/gbiv4.fgfifo16_patch/fblk/gen_wgtr.inst_wgtr/lut_f/gntv_or_sync_fifo.gl0.rd/gras.rsts/ram_empty_i> 
INFO:Xst:2260 - The FF/Latch <U0/xst_fifo_generator/gconvfifo.rf/gbiv4.fgfifo16_patch/fblk/gen_wgtr.inst_wgtr/lut_f/rstblk/wr_rst_reg_0> in Unit <fifo_imp> is equivalent to the following FF/Latch : <U0/xst_fifo_generator/gconvfifo.rf/gbiv4.fgfifo16_patch/fblk/gen_wgtr.inst_wgtr/lut_f/rstblk/wr_rst_reg_1> 
INFO:Xst:2260 - The FF/Latch <U0/xst_fifo_generator/gconvfifo.rf/gbiv4.fgfifo16_patch/fblk/gen_wgtr.inst_wgtr/lut_f/gntv_or_sync_fifo.gl0.rd/rpntr/count_d1_0> in Unit <fifo_imp> is equivalent to the following FF/Latch : <U0/xst_fifo_generator/gconvfifo.rf/gbiv4.fgfifo16_patch/fblk/gen_wgtr.inst_wgtr/lut_f/gntv_or_sync_fifo.gl0.rd/rpntr/count_d1_0_1> 
INFO:Xst:2260 - The FF/Latch <U0/xst_fifo_generator/gconvfifo.rf/gbiv4.fgfifo16_patch/fblk/gen_wgtr.inst_wgtr/lut_f/gntv_or_sync_fifo.gl0.rd/rpntr/count_d1_2> in Unit <fifo_imp> is equivalent to the following FF/Latch : <U0/xst_fifo_generator/gconvfifo.rf/gbiv4.fgfifo16_patch/fblk/gen_wgtr.inst_wgtr/lut_f/gntv_or_sync_fifo.gl0.rd/rpntr/count_d1_2_1> 
INFO:Xst:2260 - The FF/Latch <U0/xst_fifo_generator/gconvfifo.rf/gbiv4.fgfifo16_patch/fblk/gen_wgtr.inst_wgtr/lut_f/gntv_or_sync_fifo.gl0.rd/rpntr/count_d1_3> in Unit <fifo_imp> is equivalent to the following FF/Latch : <U0/xst_fifo_generator/gconvfifo.rf/gbiv4.fgfifo16_patch/fblk/gen_wgtr.inst_wgtr/lut_f/gntv_or_sync_fifo.gl0.rd/rpntr/count_d1_3_1> 
INFO:Xst:2260 - The FF/Latch <U0/xst_fifo_generator/gconvfifo.rf/gbiv4.fgfifo16_patch/fblk/gen_wgtr.inst_wgtr/lut_f/rstblk/rd_rst_reg_1> in Unit <fifo_imp> is equivalent to the following FF/Latch : <U0/xst_fifo_generator/gconvfifo.rf/gbiv4.fgfifo16_patch/fblk/gen_wgtr.inst_wgtr/lut_f/rstblk/rd_rst_reg_2> 
INFO:Xst:2260 - The FF/Latch <U0/xst_fifo_generator/gconvfifo.rf/gbiv4.fgfifo16_patch/fblk/gen_wgtr.inst_wgtr/lut_f/gntv_or_sync_fifo.gl0.rd/gras.rsts/ram_empty_fb_i> in Unit <fifo_imp> is equivalent to the following FF/Latch : <U0/xst_fifo_generator/gconvfifo.rf/gbiv4.fgfifo16_patch/fblk/gen_wgtr.inst_wgtr/lut_f/gntv_or_sync_fifo.gl0.rd/gras.rsts/ram_empty_i> 
INFO:Xst:2260 - The FF/Latch <U0/xst_fifo_generator/gconvfifo.rf/gbiv4.fgfifo16_patch/fblk/gen_wgtr.inst_wgtr/lut_f/rstblk/wr_rst_reg_0> in Unit <fifo_imp> is equivalent to the following FF/Latch : <U0/xst_fifo_generator/gconvfifo.rf/gbiv4.fgfifo16_patch/fblk/gen_wgtr.inst_wgtr/lut_f/rstblk/wr_rst_reg_1> 
INFO:Xst:2260 - The FF/Latch <U0/xst_fifo_generator/gconvfifo.rf/gbiv4.fgfifo16_patch/fblk/gen_wgtr.inst_wgtr/lut_f/gntv_or_sync_fifo.gl0.rd/rpntr/count_d1_0> in Unit <fifo_imp> is equivalent to the following FF/Latch : <U0/xst_fifo_generator/gconvfifo.rf/gbiv4.fgfifo16_patch/fblk/gen_wgtr.inst_wgtr/lut_f/gntv_or_sync_fifo.gl0.rd/rpntr/count_d1_0_1> 
INFO:Xst:2260 - The FF/Latch <U0/xst_fifo_generator/gconvfifo.rf/gbiv4.fgfifo16_patch/fblk/gen_wgtr.inst_wgtr/lut_f/gntv_or_sync_fifo.gl0.rd/rpntr/count_d1_2> in Unit <fifo_imp> is equivalent to the following FF/Latch : <U0/xst_fifo_generator/gconvfifo.rf/gbiv4.fgfifo16_patch/fblk/gen_wgtr.inst_wgtr/lut_f/gntv_or_sync_fifo.gl0.rd/rpntr/count_d1_2_1> 
INFO:Xst:2260 - The FF/Latch <U0/xst_fifo_generator/gconvfifo.rf/gbiv4.fgfifo16_patch/fblk/gen_wgtr.inst_wgtr/lut_f/gntv_or_sync_fifo.gl0.rd/rpntr/count_d1_3> in Unit <fifo_imp> is equivalent to the following FF/Latch : <U0/xst_fifo_generator/gconvfifo.rf/gbiv4.fgfifo16_patch/fblk/gen_wgtr.inst_wgtr/lut_f/gntv_or_sync_fifo.gl0.rd/rpntr/count_d1_3_1> 
INFO:Xst:2260 - The FF/Latch <U0/xst_fifo_generator/gconvfifo.rf/gbiv4.fgfifo16_patch/fblk/gen_wgtr.inst_wgtr/lut_f/rstblk/rd_rst_reg_1> in Unit <fifo_imp> is equivalent to the following FF/Latch : <U0/xst_fifo_generator/gconvfifo.rf/gbiv4.fgfifo16_patch/fblk/gen_wgtr.inst_wgtr/lut_f/rstblk/rd_rst_reg_2> 
INFO:Xst:2260 - The FF/Latch <U0/xst_fifo_generator/gconvfifo.rf/gbiv4.fgfifo16_patch/fblk/gen_wgtr.inst_wgtr/lut_f/gntv_or_sync_fifo.gl0.rd/gras.rsts/ram_empty_fb_i> in Unit <fifo_imp> is equivalent to the following FF/Latch : <U0/xst_fifo_generator/gconvfifo.rf/gbiv4.fgfifo16_patch/fblk/gen_wgtr.inst_wgtr/lut_f/gntv_or_sync_fifo.gl0.rd/gras.rsts/ram_empty_i> 
INFO:Xst:2260 - The FF/Latch <U0/xst_fifo_generator/gconvfifo.rf/gbiv4.fgfifo16_patch/fblk/gen_wgtr.inst_wgtr/lut_f/rstblk/wr_rst_reg_0> in Unit <fifo_imp> is equivalent to the following FF/Latch : <U0/xst_fifo_generator/gconvfifo.rf/gbiv4.fgfifo16_patch/fblk/gen_wgtr.inst_wgtr/lut_f/rstblk/wr_rst_reg_1> 
INFO:Xst:2260 - The FF/Latch <U0/xst_fifo_generator/gconvfifo.rf/gbiv4.fgfifo16_patch/fblk/gen_wgtr.inst_wgtr/lut_f/gntv_or_sync_fifo.gl0.rd/rpntr/count_d1_0> in Unit <fifo_imp> is equivalent to the following FF/Latch : <U0/xst_fifo_generator/gconvfifo.rf/gbiv4.fgfifo16_patch/fblk/gen_wgtr.inst_wgtr/lut_f/gntv_or_sync_fifo.gl0.rd/rpntr/count_d1_0_1> 
INFO:Xst:2260 - The FF/Latch <U0/xst_fifo_generator/gconvfifo.rf/gbiv4.fgfifo16_patch/fblk/gen_wgtr.inst_wgtr/lut_f/gntv_or_sync_fifo.gl0.rd/rpntr/count_d1_2> in Unit <fifo_imp> is equivalent to the following FF/Latch : <U0/xst_fifo_generator/gconvfifo.rf/gbiv4.fgfifo16_patch/fblk/gen_wgtr.inst_wgtr/lut_f/gntv_or_sync_fifo.gl0.rd/rpntr/count_d1_2_1> 
INFO:Xst:2260 - The FF/Latch <U0/xst_fifo_generator/gconvfifo.rf/gbiv4.fgfifo16_patch/fblk/gen_wgtr.inst_wgtr/lut_f/gntv_or_sync_fifo.gl0.rd/rpntr/count_d1_3> in Unit <fifo_imp> is equivalent to the following FF/Latch : <U0/xst_fifo_generator/gconvfifo.rf/gbiv4.fgfifo16_patch/fblk/gen_wgtr.inst_wgtr/lut_f/gntv_or_sync_fifo.gl0.rd/rpntr/count_d1_3_1> 
INFO:Xst:2260 - The FF/Latch <U0/xst_fifo_generator/gconvfifo.rf/gbiv4.fgfifo16_patch/fblk/gen_wgtr.inst_wgtr/lut_f/rstblk/rd_rst_reg_1> in Unit <fifo_imp> is equivalent to the following FF/Latch : <U0/xst_fifo_generator/gconvfifo.rf/gbiv4.fgfifo16_patch/fblk/gen_wgtr.inst_wgtr/lut_f/rstblk/rd_rst_reg_2> 
INFO:Xst:2260 - The FF/Latch <U0/xst_fifo_generator/gconvfifo.rf/gbiv4.fgfifo16_patch/fblk/gen_wgtr.inst_wgtr/lut_f/gntv_or_sync_fifo.gl0.rd/gras.rsts/ram_empty_fb_i> in Unit <fifo_imp> is equivalent to the following FF/Latch : <U0/xst_fifo_generator/gconvfifo.rf/gbiv4.fgfifo16_patch/fblk/gen_wgtr.inst_wgtr/lut_f/gntv_or_sync_fifo.gl0.rd/gras.rsts/ram_empty_i> 
INFO:Xst:2260 - The FF/Latch <U0/xst_fifo_generator/gconvfifo.rf/gbiv4.fgfifo16_patch/fblk/gen_wgtr.inst_wgtr/lut_f/rstblk/wr_rst_reg_0> in Unit <fifo_imp> is equivalent to the following FF/Latch : <U0/xst_fifo_generator/gconvfifo.rf/gbiv4.fgfifo16_patch/fblk/gen_wgtr.inst_wgtr/lut_f/rstblk/wr_rst_reg_1> 
INFO:Xst:2260 - The FF/Latch <U0/xst_fifo_generator/gconvfifo.rf/gbiv4.fgfifo16_patch/fblk/gen_wgtr.inst_wgtr/lut_f/gntv_or_sync_fifo.gl0.rd/rpntr/count_d1_0> in Unit <fifo_imp> is equivalent to the following FF/Latch : <U0/xst_fifo_generator/gconvfifo.rf/gbiv4.fgfifo16_patch/fblk/gen_wgtr.inst_wgtr/lut_f/gntv_or_sync_fifo.gl0.rd/rpntr/count_d1_0_1> 
INFO:Xst:2260 - The FF/Latch <U0/xst_fifo_generator/gconvfifo.rf/gbiv4.fgfifo16_patch/fblk/gen_wgtr.inst_wgtr/lut_f/gntv_or_sync_fifo.gl0.rd/rpntr/count_d1_2> in Unit <fifo_imp> is equivalent to the following FF/Latch : <U0/xst_fifo_generator/gconvfifo.rf/gbiv4.fgfifo16_patch/fblk/gen_wgtr.inst_wgtr/lut_f/gntv_or_sync_fifo.gl0.rd/rpntr/count_d1_2_1> 
INFO:Xst:2260 - The FF/Latch <U0/xst_fifo_generator/gconvfifo.rf/gbiv4.fgfifo16_patch/fblk/gen_wgtr.inst_wgtr/lut_f/gntv_or_sync_fifo.gl0.rd/rpntr/count_d1_3> in Unit <fifo_imp> is equivalent to the following FF/Latch : <U0/xst_fifo_generator/gconvfifo.rf/gbiv4.fgfifo16_patch/fblk/gen_wgtr.inst_wgtr/lut_f/gntv_or_sync_fifo.gl0.rd/rpntr/count_d1_3_1> 
INFO:Xst:2260 - The FF/Latch <U0/xst_fifo_generator/gconvfifo.rf/gbiv4.fgfifo16_patch/fblk/gen_wgtr.inst_wgtr/lut_f/rstblk/rd_rst_reg_1> in Unit <fifo_imp> is equivalent to the following FF/Latch : <U0/xst_fifo_generator/gconvfifo.rf/gbiv4.fgfifo16_patch/fblk/gen_wgtr.inst_wgtr/lut_f/rstblk/rd_rst_reg_2> 
INFO:Xst:2260 - The FF/Latch <U0/xst_fifo_generator/gconvfifo.rf/gbiv4.fgfifo16_patch/fblk/gen_wgtr.inst_wgtr/lut_f/gntv_or_sync_fifo.gl0.rd/gras.rsts/ram_empty_fb_i> in Unit <fifo_imp> is equivalent to the following FF/Latch : <U0/xst_fifo_generator/gconvfifo.rf/gbiv4.fgfifo16_patch/fblk/gen_wgtr.inst_wgtr/lut_f/gntv_or_sync_fifo.gl0.rd/gras.rsts/ram_empty_i> 
INFO:Xst:2260 - The FF/Latch <U0/xst_fifo_generator/gconvfifo.rf/gbiv4.fgfifo16_patch/fblk/gen_wgtr.inst_wgtr/lut_f/rstblk/wr_rst_reg_0> in Unit <fifo_imp> is equivalent to the following FF/Latch : <U0/xst_fifo_generator/gconvfifo.rf/gbiv4.fgfifo16_patch/fblk/gen_wgtr.inst_wgtr/lut_f/rstblk/wr_rst_reg_1> 
INFO:Xst:2260 - The FF/Latch <U0/xst_fifo_generator/gconvfifo.rf/gbiv4.fgfifo16_patch/fblk/gen_wgtr.inst_wgtr/lut_f/gntv_or_sync_fifo.gl0.rd/rpntr/count_d1_0> in Unit <fifo_imp> is equivalent to the following FF/Latch : <U0/xst_fifo_generator/gconvfifo.rf/gbiv4.fgfifo16_patch/fblk/gen_wgtr.inst_wgtr/lut_f/gntv_or_sync_fifo.gl0.rd/rpntr/count_d1_0_1> 
INFO:Xst:2260 - The FF/Latch <U0/xst_fifo_generator/gconvfifo.rf/gbiv4.fgfifo16_patch/fblk/gen_wgtr.inst_wgtr/lut_f/gntv_or_sync_fifo.gl0.rd/rpntr/count_d1_2> in Unit <fifo_imp> is equivalent to the following FF/Latch : <U0/xst_fifo_generator/gconvfifo.rf/gbiv4.fgfifo16_patch/fblk/gen_wgtr.inst_wgtr/lut_f/gntv_or_sync_fifo.gl0.rd/rpntr/count_d1_2_1> 
INFO:Xst:2260 - The FF/Latch <U0/xst_fifo_generator/gconvfifo.rf/gbiv4.fgfifo16_patch/fblk/gen_wgtr.inst_wgtr/lut_f/gntv_or_sync_fifo.gl0.rd/rpntr/count_d1_3> in Unit <fifo_imp> is equivalent to the following FF/Latch : <U0/xst_fifo_generator/gconvfifo.rf/gbiv4.fgfifo16_patch/fblk/gen_wgtr.inst_wgtr/lut_f/gntv_or_sync_fifo.gl0.rd/rpntr/count_d1_3_1> 
INFO:Xst:2260 - The FF/Latch <U0/xst_fifo_generator/gconvfifo.rf/gbiv4.fgfifo16_patch/fblk/gen_wgtr.inst_wgtr/lut_f/rstblk/rd_rst_reg_1> in Unit <fifo_imp> is equivalent to the following FF/Latch : <U0/xst_fifo_generator/gconvfifo.rf/gbiv4.fgfifo16_patch/fblk/gen_wgtr.inst_wgtr/lut_f/rstblk/rd_rst_reg_2> 
INFO:Xst:2260 - The FF/Latch <U0/xst_fifo_generator/gconvfifo.rf/gbiv4.fgfifo16_patch/fblk/gen_wgtr.inst_wgtr/lut_f/gntv_or_sync_fifo.gl0.rd/gras.rsts/ram_empty_fb_i> in Unit <fifo_imp> is equivalent to the following FF/Latch : <U0/xst_fifo_generator/gconvfifo.rf/gbiv4.fgfifo16_patch/fblk/gen_wgtr.inst_wgtr/lut_f/gntv_or_sync_fifo.gl0.rd/gras.rsts/ram_empty_i> 
INFO:Xst:2260 - The FF/Latch <U0/xst_fifo_generator/gconvfifo.rf/gbiv4.fgfifo16_patch/fblk/gen_wgtr.inst_wgtr/lut_f/rstblk/wr_rst_reg_0> in Unit <fifo_imp> is equivalent to the following FF/Latch : <U0/xst_fifo_generator/gconvfifo.rf/gbiv4.fgfifo16_patch/fblk/gen_wgtr.inst_wgtr/lut_f/rstblk/wr_rst_reg_1> 
INFO:Xst:2260 - The FF/Latch <U0/xst_fifo_generator/gconvfifo.rf/gbiv4.fgfifo16_patch/fblk/gen_wgtr.inst_wgtr/lut_f/gntv_or_sync_fifo.gl0.rd/rpntr/count_d1_0> in Unit <fifo_imp> is equivalent to the following FF/Latch : <U0/xst_fifo_generator/gconvfifo.rf/gbiv4.fgfifo16_patch/fblk/gen_wgtr.inst_wgtr/lut_f/gntv_or_sync_fifo.gl0.rd/rpntr/count_d1_0_1> 
INFO:Xst:2260 - The FF/Latch <U0/xst_fifo_generator/gconvfifo.rf/gbiv4.fgfifo16_patch/fblk/gen_wgtr.inst_wgtr/lut_f/gntv_or_sync_fifo.gl0.rd/rpntr/count_d1_2> in Unit <fifo_imp> is equivalent to the following FF/Latch : <U0/xst_fifo_generator/gconvfifo.rf/gbiv4.fgfifo16_patch/fblk/gen_wgtr.inst_wgtr/lut_f/gntv_or_sync_fifo.gl0.rd/rpntr/count_d1_2_1> 
INFO:Xst:2260 - The FF/Latch <U0/xst_fifo_generator/gconvfifo.rf/gbiv4.fgfifo16_patch/fblk/gen_wgtr.inst_wgtr/lut_f/gntv_or_sync_fifo.gl0.rd/rpntr/count_d1_3> in Unit <fifo_imp> is equivalent to the following FF/Latch : <U0/xst_fifo_generator/gconvfifo.rf/gbiv4.fgfifo16_patch/fblk/gen_wgtr.inst_wgtr/lut_f/gntv_or_sync_fifo.gl0.rd/rpntr/count_d1_3_1> 
INFO:Xst:2260 - The FF/Latch <U0/xst_fifo_generator/gconvfifo.rf/gbiv4.fgfifo16_patch/fblk/gen_wgtr.inst_wgtr/lut_f/rstblk/rd_rst_reg_1> in Unit <fifo_imp> is equivalent to the following FF/Latch : <U0/xst_fifo_generator/gconvfifo.rf/gbiv4.fgfifo16_patch/fblk/gen_wgtr.inst_wgtr/lut_f/rstblk/rd_rst_reg_2> 
INFO:Xst:2260 - The FF/Latch <U0/xst_fifo_generator/gconvfifo.rf/gbiv4.fgfifo16_patch/fblk/gen_wgtr.inst_wgtr/lut_f/gntv_or_sync_fifo.gl0.rd/gras.rsts/ram_empty_fb_i> in Unit <fifo_imp> is equivalent to the following FF/Latch : <U0/xst_fifo_generator/gconvfifo.rf/gbiv4.fgfifo16_patch/fblk/gen_wgtr.inst_wgtr/lut_f/gntv_or_sync_fifo.gl0.rd/gras.rsts/ram_empty_i> 
INFO:Xst:2260 - The FF/Latch <U0/xst_fifo_generator/gconvfifo.rf/gbiv4.fgfifo16_patch/fblk/gen_wgtr.inst_wgtr/lut_f/rstblk/wr_rst_reg_0> in Unit <fifo_imp> is equivalent to the following FF/Latch : <U0/xst_fifo_generator/gconvfifo.rf/gbiv4.fgfifo16_patch/fblk/gen_wgtr.inst_wgtr/lut_f/rstblk/wr_rst_reg_1> 
INFO:Xst:2260 - The FF/Latch <U0/xst_fifo_generator/gconvfifo.rf/grf.rf/gntv_or_sync_fifo.gl0.wr/gwas.wsts/ram_full_i> in Unit <streamipbuf_imp> is equivalent to the following FF/Latch : <U0/xst_fifo_generator/gconvfifo.rf/grf.rf/gntv_or_sync_fifo.gl0.wr/gwas.wsts/ram_full_fb_i> 
INFO:Xst:2260 - The FF/Latch <U0/xst_fifo_generator/gconvfifo.rf/grf.rf/rstblk/wr_rst_reg_1> in Unit <streamipbuf_imp> is equivalent to the following FF/Latch : <U0/xst_fifo_generator/gconvfifo.rf/grf.rf/rstblk/wr_rst_reg_0> 
INFO:Xst:2260 - The FF/Latch <U0/xst_fifo_generator/gconvfifo.rf/grf.rf/gntv_or_sync_fifo.gl0.rd/gr1.rfwft/empty_fwft_i> in Unit <streamipbuf_imp> is equivalent to the following FF/Latch : <U0/xst_fifo_generator/gconvfifo.rf/grf.rf/gntv_or_sync_fifo.gl0.rd/gr1.rfwft/empty_fwft_fb> 
INFO:Xst:2260 - The FF/Latch <U0/xst_fifo_generator/gconvfifo.rf/grf.rf/rstblk/rd_rst_reg_2> in Unit <streamipbuf_imp> is equivalent to the following 2 FFs/Latches : <U0/xst_fifo_generator/gconvfifo.rf/grf.rf/rstblk/rd_rst_reg_1> <U0/xst_fifo_generator/gconvfifo.rf/grf.rf/rstblk/rd_rst_reg_0> 
INFO:Xst:2260 - The FF/Latch <U0/xst_fifo_generator/gconvfifo.rf/grf.rf/rstblk/rd_rst_reg_1> in Unit <packetfifo_imp> is equivalent to the following FF/Latch : <U0/xst_fifo_generator/gconvfifo.rf/grf.rf/rstblk/rd_rst_reg_0> 
INFO:Xst:2260 - The FF/Latch <U0/xst_fifo_generator/gconvfifo.rf/grf.rf/gntv_or_sync_fifo.gl1.lsshft/wsts/ram_full_i> in Unit <packetfifo_imp> is equivalent to the following FF/Latch : <U0/xst_fifo_generator/gconvfifo.rf/grf.rf/gntv_or_sync_fifo.gl1.lsshft/wsts/ram_full_fb_i> 
INFO:Xst:2260 - The FF/Latch <U0/xst_fifo_generator/gconvfifo.rf/grf.rf/gntv_or_sync_fifo.gl1.lsshft/rsts/ram_empty_fb_i> in Unit <packetfifo_imp> is equivalent to the following FF/Latch : <U0/xst_fifo_generator/gconvfifo.rf/grf.rf/gntv_or_sync_fifo.gl1.lsshft/rsts/ram_empty_i> 
INFO:Xst:2260 - The FF/Latch <U0/xst_fifo_generator/gconvfifo.rf/grf.rf/gntv_or_sync_fifo.gl0.wr/gwss.wsts/ram_full_fb_i> in Unit <RX_DATA_FIFO> is equivalent to the following FF/Latch : <U0/xst_fifo_generator/gconvfifo.rf/grf.rf/gntv_or_sync_fifo.gl0.wr/gwss.wsts/ram_full_i> 
INFO:Xst:2260 - The FF/Latch <U0/xst_fifo_generator/gconvfifo.rf/grf.rf/gntv_or_sync_fifo.gl0.rd/grss.rsts/ram_empty_i> in Unit <RX_DATA_FIFO> is equivalent to the following FF/Latch : <U0/xst_fifo_generator/gconvfifo.rf/grf.rf/gntv_or_sync_fifo.gl0.rd/grss.rsts/ram_empty_fb_i> 
INFO:Xst:2260 - The FF/Latch <U0/xst_fifo_generator/gconvfifo.rf/grf.rf/gntv_or_sync_fifo.gl0.wr/gwss.wsts/ram_full_fb_i> in Unit <RX_DATA_INFO_FIFO> is equivalent to the following FF/Latch : <U0/xst_fifo_generator/gconvfifo.rf/grf.rf/gntv_or_sync_fifo.gl0.wr/gwss.wsts/ram_full_i> 
INFO:Xst:2260 - The FF/Latch <U0/xst_fifo_generator/gconvfifo.rf/grf.rf/gntv_or_sync_fifo.gl0.rd/grss.rsts/ram_empty_i> in Unit <RX_DATA_INFO_FIFO> is equivalent to the following FF/Latch : <U0/xst_fifo_generator/gconvfifo.rf/grf.rf/gntv_or_sync_fifo.gl0.rd/grss.rsts/ram_empty_fb_i> 
INFO:Xst:2260 - The FF/Latch <U0/xst_fifo_generator/gconvfifo.rf/grf.rf/gntv_or_sync_fifo.gl0.wr/gwss.wsts/ram_full_fb_i> in Unit <RX_SRC_ADDR_FIFO> is equivalent to the following FF/Latch : <U0/xst_fifo_generator/gconvfifo.rf/grf.rf/gntv_or_sync_fifo.gl0.wr/gwss.wsts/ram_full_i> 
INFO:Xst:2260 - The FF/Latch <U0/xst_fifo_generator/gconvfifo.rf/grf.rf/gntv_or_sync_fifo.gl0.wr/wpntr/count_d1_2> in Unit <RX_SRC_ADDR_FIFO> is equivalent to the following FF/Latch : <U0/xst_fifo_generator/gconvfifo.rf/grf.rf/gntv_or_sync_fifo.gl0.wr/wpntr/count_d1_2_1> 
INFO:Xst:2260 - The FF/Latch <U0/xst_fifo_generator/gconvfifo.rf/grf.rf/gntv_or_sync_fifo.gl0.rd/rpntr/count_d1_2> in Unit <RX_SRC_ADDR_FIFO> is equivalent to the following 2 FFs/Latches : <U0/xst_fifo_generator/gconvfifo.rf/grf.rf/gntv_or_sync_fifo.gl0.rd/rpntr/count_d1_2_1> <U0/xst_fifo_generator/gconvfifo.rf/grf.rf/gntv_or_sync_fifo.gl0.rd/rpntr/count_d1_2_2> 
INFO:Xst:2260 - The FF/Latch <U0/xst_fifo_generator/gconvfifo.rf/grf.rf/gntv_or_sync_fifo.gl0.wr/wpntr/count_d1_3> in Unit <RX_SRC_ADDR_FIFO> is equivalent to the following FF/Latch : <U0/xst_fifo_generator/gconvfifo.rf/grf.rf/gntv_or_sync_fifo.gl0.wr/wpntr/count_d1_3_1> 
INFO:Xst:2260 - The FF/Latch <U0/xst_fifo_generator/gconvfifo.rf/grf.rf/gntv_or_sync_fifo.gl0.wr/wpntr/count_d1_0> in Unit <RX_SRC_ADDR_FIFO> is equivalent to the following FF/Latch : <U0/xst_fifo_generator/gconvfifo.rf/grf.rf/gntv_or_sync_fifo.gl0.wr/wpntr/count_d1_0_1> 
INFO:Xst:2260 - The FF/Latch <U0/xst_fifo_generator/gconvfifo.rf/grf.rf/gntv_or_sync_fifo.gl0.rd/rpntr/count_d1_3> in Unit <RX_SRC_ADDR_FIFO> is equivalent to the following FF/Latch : <U0/xst_fifo_generator/gconvfifo.rf/grf.rf/gntv_or_sync_fifo.gl0.rd/rpntr/count_d1_3_1> 
INFO:Xst:2260 - The FF/Latch <U0/xst_fifo_generator/gconvfifo.rf/grf.rf/gntv_or_sync_fifo.gl0.rd/rpntr/count_d1_0> in Unit <RX_SRC_ADDR_FIFO> is equivalent to the following FF/Latch : <U0/xst_fifo_generator/gconvfifo.rf/grf.rf/gntv_or_sync_fifo.gl0.rd/rpntr/count_d1_0_1> 
INFO:Xst:2260 - The FF/Latch <U0/xst_fifo_generator/gconvfifo.rf/grf.rf/gntv_or_sync_fifo.gl0.rd/grss.rsts/ram_empty_i> in Unit <RX_SRC_ADDR_FIFO> is equivalent to the following FF/Latch : <U0/xst_fifo_generator/gconvfifo.rf/grf.rf/gntv_or_sync_fifo.gl0.rd/grss.rsts/ram_empty_fb_i> 
INFO:Xst:2260 - The FF/Latch <U0/xst_fifo_generator/gconvfifo.rf/grf.rf/gntv_or_sync_fifo.gl0.wr/wpntr/count_d1_1> in Unit <RX_SRC_ADDR_FIFO> is equivalent to the following FF/Latch : <U0/xst_fifo_generator/gconvfifo.rf/grf.rf/gntv_or_sync_fifo.gl0.wr/wpntr/count_d1_1_1> 
INFO:Xst:2260 - The FF/Latch <U0/xst_fifo_generator/gconvfifo.rf/grf.rf/gntv_or_sync_fifo.gl0.wr/gwss.wsts/ram_full_fb_i> in Unit <RX_SRC_MAC_FIFO> is equivalent to the following FF/Latch : <U0/xst_fifo_generator/gconvfifo.rf/grf.rf/gntv_or_sync_fifo.gl0.wr/gwss.wsts/ram_full_i> 
INFO:Xst:2260 - The FF/Latch <U0/xst_fifo_generator/gconvfifo.rf/grf.rf/gntv_or_sync_fifo.gl0.wr/wpntr/count_d1_2> in Unit <RX_SRC_MAC_FIFO> is equivalent to the following FF/Latch : <U0/xst_fifo_generator/gconvfifo.rf/grf.rf/gntv_or_sync_fifo.gl0.wr/wpntr/count_d1_2_1> 
INFO:Xst:2260 - The FF/Latch <U0/xst_fifo_generator/gconvfifo.rf/grf.rf/gntv_or_sync_fifo.gl0.rd/rpntr/count_d1_2> in Unit <RX_SRC_MAC_FIFO> is equivalent to the following 2 FFs/Latches : <U0/xst_fifo_generator/gconvfifo.rf/grf.rf/gntv_or_sync_fifo.gl0.rd/rpntr/count_d1_2_1> <U0/xst_fifo_generator/gconvfifo.rf/grf.rf/gntv_or_sync_fifo.gl0.rd/rpntr/count_d1_2_2> 
INFO:Xst:2260 - The FF/Latch <U0/xst_fifo_generator/gconvfifo.rf/grf.rf/gntv_or_sync_fifo.gl0.wr/wpntr/count_d1_3> in Unit <RX_SRC_MAC_FIFO> is equivalent to the following FF/Latch : <U0/xst_fifo_generator/gconvfifo.rf/grf.rf/gntv_or_sync_fifo.gl0.wr/wpntr/count_d1_3_1> 
INFO:Xst:2260 - The FF/Latch <U0/xst_fifo_generator/gconvfifo.rf/grf.rf/gntv_or_sync_fifo.gl0.wr/wpntr/count_d1_0> in Unit <RX_SRC_MAC_FIFO> is equivalent to the following FF/Latch : <U0/xst_fifo_generator/gconvfifo.rf/grf.rf/gntv_or_sync_fifo.gl0.wr/wpntr/count_d1_0_1> 
INFO:Xst:2260 - The FF/Latch <U0/xst_fifo_generator/gconvfifo.rf/grf.rf/gntv_or_sync_fifo.gl0.rd/rpntr/count_d1_3> in Unit <RX_SRC_MAC_FIFO> is equivalent to the following FF/Latch : <U0/xst_fifo_generator/gconvfifo.rf/grf.rf/gntv_or_sync_fifo.gl0.rd/rpntr/count_d1_3_1> 
INFO:Xst:2260 - The FF/Latch <U0/xst_fifo_generator/gconvfifo.rf/grf.rf/gntv_or_sync_fifo.gl0.rd/rpntr/count_d1_0> in Unit <RX_SRC_MAC_FIFO> is equivalent to the following FF/Latch : <U0/xst_fifo_generator/gconvfifo.rf/grf.rf/gntv_or_sync_fifo.gl0.rd/rpntr/count_d1_0_1> 
INFO:Xst:2260 - The FF/Latch <U0/xst_fifo_generator/gconvfifo.rf/grf.rf/gntv_or_sync_fifo.gl0.rd/grss.rsts/ram_empty_i> in Unit <RX_SRC_MAC_FIFO> is equivalent to the following FF/Latch : <U0/xst_fifo_generator/gconvfifo.rf/grf.rf/gntv_or_sync_fifo.gl0.rd/grss.rsts/ram_empty_fb_i> 
INFO:Xst:2260 - The FF/Latch <U0/xst_fifo_generator/gconvfifo.rf/grf.rf/gntv_or_sync_fifo.gl0.wr/wpntr/count_d1_1> in Unit <RX_SRC_MAC_FIFO> is equivalent to the following FF/Latch : <U0/xst_fifo_generator/gconvfifo.rf/grf.rf/gntv_or_sync_fifo.gl0.wr/wpntr/count_d1_1_1> 
INFO:Xst:2260 - The FF/Latch <U0/xst_fifo_generator/gconvfifo.rf/grf.rf/gntv_or_sync_fifo.gl0.wr/gwss.wsts/ram_full_fb_i> in Unit <TX_DATA_FIFO> is equivalent to the following FF/Latch : <U0/xst_fifo_generator/gconvfifo.rf/grf.rf/gntv_or_sync_fifo.gl0.wr/gwss.wsts/ram_full_i> 
INFO:Xst:2260 - The FF/Latch <U0/xst_fifo_generator/gconvfifo.rf/grf.rf/gntv_or_sync_fifo.gl0.rd/grss.rsts/ram_empty_i> in Unit <TX_DATA_FIFO> is equivalent to the following FF/Latch : <U0/xst_fifo_generator/gconvfifo.rf/grf.rf/gntv_or_sync_fifo.gl0.rd/grss.rsts/ram_empty_fb_i> 
INFO:Xst:2260 - The FF/Latch <U0/xst_fifo_generator/gconvfifo.rf/grf.rf/gntv_or_sync_fifo.gl0.wr/gwss.wsts/ram_full_fb_i> in Unit <TX_DATA_INFO_FIFO> is equivalent to the following FF/Latch : <U0/xst_fifo_generator/gconvfifo.rf/grf.rf/gntv_or_sync_fifo.gl0.wr/gwss.wsts/ram_full_i> 
INFO:Xst:2260 - The FF/Latch <U0/xst_fifo_generator/gconvfifo.rf/grf.rf/gntv_or_sync_fifo.gl0.rd/grss.rsts/ram_empty_i> in Unit <TX_DATA_INFO_FIFO> is equivalent to the following FF/Latch : <U0/xst_fifo_generator/gconvfifo.rf/grf.rf/gntv_or_sync_fifo.gl0.rd/grss.rsts/ram_empty_fb_i> 
INFO:Xst:2260 - The FF/Latch <U0/xst_fifo_generator/gconvfifo.rf/grf.rf/gntv_or_sync_fifo.gl0.wr/gwss.wsts/ram_full_fb_i> in Unit <TX_CTRL_FIFO> is equivalent to the following FF/Latch : <U0/xst_fifo_generator/gconvfifo.rf/grf.rf/gntv_or_sync_fifo.gl0.wr/gwss.wsts/ram_full_i> 
INFO:Xst:2260 - The FF/Latch <U0/xst_fifo_generator/gconvfifo.rf/grf.rf/gntv_or_sync_fifo.gl0.rd/grss.rsts/ram_empty_i> in Unit <TX_CTRL_FIFO> is equivalent to the following FF/Latch : <U0/xst_fifo_generator/gconvfifo.rf/grf.rf/gntv_or_sync_fifo.gl0.rd/grss.rsts/ram_empty_fb_i> 
INFO:Xst:2260 - The FF/Latch <U0/xst_fifo_generator/gconvfifo.rf/grf.rf/gntv_or_sync_fifo.gl0.wr/gwss.wsts/ram_full_fb_i> in Unit <TX_CTRL_INFO_FIFO> is equivalent to the following FF/Latch : <U0/xst_fifo_generator/gconvfifo.rf/grf.rf/gntv_or_sync_fifo.gl0.wr/gwss.wsts/ram_full_i> 
INFO:Xst:2260 - The FF/Latch <U0/xst_fifo_generator/gconvfifo.rf/grf.rf/gntv_or_sync_fifo.gl0.rd/grss.rsts/ram_empty_i> in Unit <TX_CTRL_INFO_FIFO> is equivalent to the following FF/Latch : <U0/xst_fifo_generator/gconvfifo.rf/grf.rf/gntv_or_sync_fifo.gl0.rd/grss.rsts/ram_empty_fb_i> 
INFO:Xst:2260 - The FF/Latch <U0/xst_fifo_generator/gconvfifo.rf/grf.rf/gntv_or_sync_fifo.gl0.wr/gwss.wsts/ram_full_fb_i> in Unit <TX_CTRL_ADDR_FIFO> is equivalent to the following FF/Latch : <U0/xst_fifo_generator/gconvfifo.rf/grf.rf/gntv_or_sync_fifo.gl0.wr/gwss.wsts/ram_full_i> 
INFO:Xst:2260 - The FF/Latch <U0/xst_fifo_generator/gconvfifo.rf/grf.rf/gntv_or_sync_fifo.gl0.wr/wpntr/count_d1_2> in Unit <TX_CTRL_ADDR_FIFO> is equivalent to the following FF/Latch : <U0/xst_fifo_generator/gconvfifo.rf/grf.rf/gntv_or_sync_fifo.gl0.wr/wpntr/count_d1_2_1> 
INFO:Xst:2260 - The FF/Latch <U0/xst_fifo_generator/gconvfifo.rf/grf.rf/gntv_or_sync_fifo.gl0.rd/rpntr/count_d1_2> in Unit <TX_CTRL_ADDR_FIFO> is equivalent to the following 2 FFs/Latches : <U0/xst_fifo_generator/gconvfifo.rf/grf.rf/gntv_or_sync_fifo.gl0.rd/rpntr/count_d1_2_1> <U0/xst_fifo_generator/gconvfifo.rf/grf.rf/gntv_or_sync_fifo.gl0.rd/rpntr/count_d1_2_2> 
INFO:Xst:2260 - The FF/Latch <U0/xst_fifo_generator/gconvfifo.rf/grf.rf/gntv_or_sync_fifo.gl0.wr/wpntr/count_d1_3> in Unit <TX_CTRL_ADDR_FIFO> is equivalent to the following FF/Latch : <U0/xst_fifo_generator/gconvfifo.rf/grf.rf/gntv_or_sync_fifo.gl0.wr/wpntr/count_d1_3_1> 
INFO:Xst:2260 - The FF/Latch <U0/xst_fifo_generator/gconvfifo.rf/grf.rf/gntv_or_sync_fifo.gl0.wr/wpntr/count_d1_0> in Unit <TX_CTRL_ADDR_FIFO> is equivalent to the following FF/Latch : <U0/xst_fifo_generator/gconvfifo.rf/grf.rf/gntv_or_sync_fifo.gl0.wr/wpntr/count_d1_0_1> 
INFO:Xst:2260 - The FF/Latch <U0/xst_fifo_generator/gconvfifo.rf/grf.rf/gntv_or_sync_fifo.gl0.rd/rpntr/count_d1_3> in Unit <TX_CTRL_ADDR_FIFO> is equivalent to the following FF/Latch : <U0/xst_fifo_generator/gconvfifo.rf/grf.rf/gntv_or_sync_fifo.gl0.rd/rpntr/count_d1_3_1> 
INFO:Xst:2260 - The FF/Latch <U0/xst_fifo_generator/gconvfifo.rf/grf.rf/gntv_or_sync_fifo.gl0.rd/rpntr/count_d1_0> in Unit <TX_CTRL_ADDR_FIFO> is equivalent to the following FF/Latch : <U0/xst_fifo_generator/gconvfifo.rf/grf.rf/gntv_or_sync_fifo.gl0.rd/rpntr/count_d1_0_1> 
INFO:Xst:2260 - The FF/Latch <U0/xst_fifo_generator/gconvfifo.rf/grf.rf/gntv_or_sync_fifo.gl0.rd/grss.rsts/ram_empty_i> in Unit <TX_CTRL_ADDR_FIFO> is equivalent to the following FF/Latch : <U0/xst_fifo_generator/gconvfifo.rf/grf.rf/gntv_or_sync_fifo.gl0.rd/grss.rsts/ram_empty_fb_i> 
INFO:Xst:2260 - The FF/Latch <U0/xst_fifo_generator/gconvfifo.rf/grf.rf/gntv_or_sync_fifo.gl0.wr/wpntr/count_d1_1> in Unit <TX_CTRL_ADDR_FIFO> is equivalent to the following FF/Latch : <U0/xst_fifo_generator/gconvfifo.rf/grf.rf/gntv_or_sync_fifo.gl0.wr/wpntr/count_d1_1_1> 
INFO:Xst:2260 - The FF/Latch <U0/xst_fifo_generator/gconvfifo.rf/grf.rf/gntv_or_sync_fifo.gl0.wr/gwss.wsts/ram_full_fb_i> in Unit <TX_CTRL_MAC_FIFO> is equivalent to the following FF/Latch : <U0/xst_fifo_generator/gconvfifo.rf/grf.rf/gntv_or_sync_fifo.gl0.wr/gwss.wsts/ram_full_i> 
INFO:Xst:2260 - The FF/Latch <U0/xst_fifo_generator/gconvfifo.rf/grf.rf/gntv_or_sync_fifo.gl0.wr/wpntr/count_d1_2> in Unit <TX_CTRL_MAC_FIFO> is equivalent to the following FF/Latch : <U0/xst_fifo_generator/gconvfifo.rf/grf.rf/gntv_or_sync_fifo.gl0.wr/wpntr/count_d1_2_1> 
INFO:Xst:2260 - The FF/Latch <U0/xst_fifo_generator/gconvfifo.rf/grf.rf/gntv_or_sync_fifo.gl0.rd/rpntr/count_d1_2> in Unit <TX_CTRL_MAC_FIFO> is equivalent to the following 2 FFs/Latches : <U0/xst_fifo_generator/gconvfifo.rf/grf.rf/gntv_or_sync_fifo.gl0.rd/rpntr/count_d1_2_1> <U0/xst_fifo_generator/gconvfifo.rf/grf.rf/gntv_or_sync_fifo.gl0.rd/rpntr/count_d1_2_2> 
INFO:Xst:2260 - The FF/Latch <U0/xst_fifo_generator/gconvfifo.rf/grf.rf/gntv_or_sync_fifo.gl0.wr/wpntr/count_d1_3> in Unit <TX_CTRL_MAC_FIFO> is equivalent to the following FF/Latch : <U0/xst_fifo_generator/gconvfifo.rf/grf.rf/gntv_or_sync_fifo.gl0.wr/wpntr/count_d1_3_1> 
INFO:Xst:2260 - The FF/Latch <U0/xst_fifo_generator/gconvfifo.rf/grf.rf/gntv_or_sync_fifo.gl0.wr/wpntr/count_d1_0> in Unit <TX_CTRL_MAC_FIFO> is equivalent to the following FF/Latch : <U0/xst_fifo_generator/gconvfifo.rf/grf.rf/gntv_or_sync_fifo.gl0.wr/wpntr/count_d1_0_1> 
INFO:Xst:2260 - The FF/Latch <U0/xst_fifo_generator/gconvfifo.rf/grf.rf/gntv_or_sync_fifo.gl0.rd/rpntr/count_d1_3> in Unit <TX_CTRL_MAC_FIFO> is equivalent to the following FF/Latch : <U0/xst_fifo_generator/gconvfifo.rf/grf.rf/gntv_or_sync_fifo.gl0.rd/rpntr/count_d1_3_1> 
INFO:Xst:2260 - The FF/Latch <U0/xst_fifo_generator/gconvfifo.rf/grf.rf/gntv_or_sync_fifo.gl0.rd/rpntr/count_d1_0> in Unit <TX_CTRL_MAC_FIFO> is equivalent to the following FF/Latch : <U0/xst_fifo_generator/gconvfifo.rf/grf.rf/gntv_or_sync_fifo.gl0.rd/rpntr/count_d1_0_1> 
INFO:Xst:2260 - The FF/Latch <U0/xst_fifo_generator/gconvfifo.rf/grf.rf/gntv_or_sync_fifo.gl0.rd/grss.rsts/ram_empty_i> in Unit <TX_CTRL_MAC_FIFO> is equivalent to the following FF/Latch : <U0/xst_fifo_generator/gconvfifo.rf/grf.rf/gntv_or_sync_fifo.gl0.rd/grss.rsts/ram_empty_fb_i> 
INFO:Xst:2260 - The FF/Latch <U0/xst_fifo_generator/gconvfifo.rf/grf.rf/gntv_or_sync_fifo.gl0.wr/wpntr/count_d1_1> in Unit <TX_CTRL_MAC_FIFO> is equivalent to the following FF/Latch : <U0/xst_fifo_generator/gconvfifo.rf/grf.rf/gntv_or_sync_fifo.gl0.wr/wpntr/count_d1_1_1> 
INFO:Xst:2260 - The FF/Latch <U0/xst_fifo_generator/gconvfifo.rf/gbiv4.fgfifo16_patch/fblk/gen_wgtr.inst_wgtr/lut_f/gntv_or_sync_fifo.gl0.rd/gras.rsts/ram_empty_fb_i> in Unit <stackGen[0].fifo_imp> is equivalent to the following FF/Latch : <U0/xst_fifo_generator/gconvfifo.rf/gbiv4.fgfifo16_patch/fblk/gen_wgtr.inst_wgtr/lut_f/gntv_or_sync_fifo.gl0.rd/gras.rsts/ram_empty_i> 
INFO:Xst:2260 - The FF/Latch <U0/xst_fifo_generator/gconvfifo.rf/gbiv4.fgfifo16_patch/fblk/gen_wgtr.inst_wgtr/lut_f/gntv_or_sync_fifo.gl0.rd/rpntr/count_d1_0> in Unit <stackGen[0].fifo_imp> is equivalent to the following FF/Latch : <U0/xst_fifo_generator/gconvfifo.rf/gbiv4.fgfifo16_patch/fblk/gen_wgtr.inst_wgtr/lut_f/gntv_or_sync_fifo.gl0.rd/rpntr/count_d1_0_1> 
INFO:Xst:2260 - The FF/Latch <U0/xst_fifo_generator/gconvfifo.rf/gbiv4.fgfifo16_patch/fblk/gen_wgtr.inst_wgtr/lut_f/gntv_or_sync_fifo.gl0.rd/rpntr/count_d1_2> in Unit <stackGen[0].fifo_imp> is equivalent to the following FF/Latch : <U0/xst_fifo_generator/gconvfifo.rf/gbiv4.fgfifo16_patch/fblk/gen_wgtr.inst_wgtr/lut_f/gntv_or_sync_fifo.gl0.rd/rpntr/count_d1_2_1> 
INFO:Xst:2260 - The FF/Latch <U0/xst_fifo_generator/gconvfifo.rf/gbiv4.fgfifo16_patch/fblk/gen_wgtr.inst_wgtr/lut_f/gntv_or_sync_fifo.gl0.rd/rpntr/count_d1_3> in Unit <stackGen[0].fifo_imp> is equivalent to the following FF/Latch : <U0/xst_fifo_generator/gconvfifo.rf/gbiv4.fgfifo16_patch/fblk/gen_wgtr.inst_wgtr/lut_f/gntv_or_sync_fifo.gl0.rd/rpntr/count_d1_3_1> 
INFO:Xst:2260 - The FF/Latch <U0/xst_fifo_generator/gconvfifo.rf/gbiv4.fgfifo16_patch/fblk/gen_wgtr.inst_wgtr/lut_f/rstblk/rd_rst_reg_1> in Unit <stackGen[0].fifo_imp> is equivalent to the following FF/Latch : <U0/xst_fifo_generator/gconvfifo.rf/gbiv4.fgfifo16_patch/fblk/gen_wgtr.inst_wgtr/lut_f/rstblk/rd_rst_reg_2> 
INFO:Xst:2260 - The FF/Latch <U0/xst_fifo_generator/gconvfifo.rf/gbiv4.fgfifo16_patch/fblk/gen_wgtr.inst_wgtr/lut_f/rstblk/wr_rst_reg_0> in Unit <stackGen[0].fifo_imp> is equivalent to the following FF/Latch : <U0/xst_fifo_generator/gconvfifo.rf/gbiv4.fgfifo16_patch/fblk/gen_wgtr.inst_wgtr/lut_f/rstblk/wr_rst_reg_1> 
INFO:Xst:2260 - The FF/Latch <U0/xst_fifo_generator/gconvfifo.rf/gbiv4.fgfifo16_patch/fblk/gen_wgtr.inst_wgtr/lut_f/gntv_or_sync_fifo.gl0.rd/rpntr/count_d1_0> in Unit <fifo_imp> is equivalent to the following FF/Latch : <U0/xst_fifo_generator/gconvfifo.rf/gbiv4.fgfifo16_patch/fblk/gen_wgtr.inst_wgtr/lut_f/gntv_or_sync_fifo.gl0.rd/rpntr/count_d1_0_1> 
INFO:Xst:2260 - The FF/Latch <U0/xst_fifo_generator/gconvfifo.rf/gbiv4.fgfifo16_patch/fblk/gen_wgtr.inst_wgtr/lut_f/gntv_or_sync_fifo.gl0.rd/rpntr/count_d1_2> in Unit <fifo_imp> is equivalent to the following FF/Latch : <U0/xst_fifo_generator/gconvfifo.rf/gbiv4.fgfifo16_patch/fblk/gen_wgtr.inst_wgtr/lut_f/gntv_or_sync_fifo.gl0.rd/rpntr/count_d1_2_1> 
INFO:Xst:2260 - The FF/Latch <U0/xst_fifo_generator/gconvfifo.rf/gbiv4.fgfifo16_patch/fblk/gen_wgtr.inst_wgtr/lut_f/gntv_or_sync_fifo.gl0.rd/rpntr/count_d1_3> in Unit <fifo_imp> is equivalent to the following FF/Latch : <U0/xst_fifo_generator/gconvfifo.rf/gbiv4.fgfifo16_patch/fblk/gen_wgtr.inst_wgtr/lut_f/gntv_or_sync_fifo.gl0.rd/rpntr/count_d1_3_1> 
INFO:Xst:2260 - The FF/Latch <U0/xst_fifo_generator/gconvfifo.rf/gbiv4.fgfifo16_patch/fblk/gen_wgtr.inst_wgtr/lut_f/rstblk/rd_rst_reg_1> in Unit <fifo_imp> is equivalent to the following FF/Latch : <U0/xst_fifo_generator/gconvfifo.rf/gbiv4.fgfifo16_patch/fblk/gen_wgtr.inst_wgtr/lut_f/rstblk/rd_rst_reg_2> 
INFO:Xst:2260 - The FF/Latch <U0/xst_fifo_generator/gconvfifo.rf/gbiv4.fgfifo16_patch/fblk/gen_wgtr.inst_wgtr/lut_f/gntv_or_sync_fifo.gl0.rd/gras.rsts/ram_empty_fb_i> in Unit <fifo_imp> is equivalent to the following FF/Latch : <U0/xst_fifo_generator/gconvfifo.rf/gbiv4.fgfifo16_patch/fblk/gen_wgtr.inst_wgtr/lut_f/gntv_or_sync_fifo.gl0.rd/gras.rsts/ram_empty_i> 
INFO:Xst:2260 - The FF/Latch <U0/xst_fifo_generator/gconvfifo.rf/gbiv4.fgfifo16_patch/fblk/gen_wgtr.inst_wgtr/lut_f/rstblk/wr_rst_reg_0> in Unit <fifo_imp> is equivalent to the following FF/Latch : <U0/xst_fifo_generator/gconvfifo.rf/gbiv4.fgfifo16_patch/fblk/gen_wgtr.inst_wgtr/lut_f/rstblk/wr_rst_reg_1> 
INFO:Xst:2260 - The FF/Latch <U0/xst_fifo_generator/gconvfifo.rf/gbiv4.fgfifo16_patch/fblk/gen_wgtr.inst_wgtr/lut_f/gntv_or_sync_fifo.gl0.rd/rpntr/count_d1_0> in Unit <fifo_imp> is equivalent to the following FF/Latch : <U0/xst_fifo_generator/gconvfifo.rf/gbiv4.fgfifo16_patch/fblk/gen_wgtr.inst_wgtr/lut_f/gntv_or_sync_fifo.gl0.rd/rpntr/count_d1_0_1> 
INFO:Xst:2260 - The FF/Latch <U0/xst_fifo_generator/gconvfifo.rf/gbiv4.fgfifo16_patch/fblk/gen_wgtr.inst_wgtr/lut_f/gntv_or_sync_fifo.gl0.rd/rpntr/count_d1_2> in Unit <fifo_imp> is equivalent to the following FF/Latch : <U0/xst_fifo_generator/gconvfifo.rf/gbiv4.fgfifo16_patch/fblk/gen_wgtr.inst_wgtr/lut_f/gntv_or_sync_fifo.gl0.rd/rpntr/count_d1_2_1> 
INFO:Xst:2260 - The FF/Latch <U0/xst_fifo_generator/gconvfifo.rf/gbiv4.fgfifo16_patch/fblk/gen_wgtr.inst_wgtr/lut_f/gntv_or_sync_fifo.gl0.rd/rpntr/count_d1_3> in Unit <fifo_imp> is equivalent to the following FF/Latch : <U0/xst_fifo_generator/gconvfifo.rf/gbiv4.fgfifo16_patch/fblk/gen_wgtr.inst_wgtr/lut_f/gntv_or_sync_fifo.gl0.rd/rpntr/count_d1_3_1> 
INFO:Xst:2260 - The FF/Latch <U0/xst_fifo_generator/gconvfifo.rf/gbiv4.fgfifo16_patch/fblk/gen_wgtr.inst_wgtr/lut_f/rstblk/rd_rst_reg_1> in Unit <fifo_imp> is equivalent to the following FF/Latch : <U0/xst_fifo_generator/gconvfifo.rf/gbiv4.fgfifo16_patch/fblk/gen_wgtr.inst_wgtr/lut_f/rstblk/rd_rst_reg_2> 
INFO:Xst:2260 - The FF/Latch <U0/xst_fifo_generator/gconvfifo.rf/gbiv4.fgfifo16_patch/fblk/gen_wgtr.inst_wgtr/lut_f/gntv_or_sync_fifo.gl0.rd/gras.rsts/ram_empty_fb_i> in Unit <fifo_imp> is equivalent to the following FF/Latch : <U0/xst_fifo_generator/gconvfifo.rf/gbiv4.fgfifo16_patch/fblk/gen_wgtr.inst_wgtr/lut_f/gntv_or_sync_fifo.gl0.rd/gras.rsts/ram_empty_i> 
INFO:Xst:2260 - The FF/Latch <U0/xst_fifo_generator/gconvfifo.rf/gbiv4.fgfifo16_patch/fblk/gen_wgtr.inst_wgtr/lut_f/rstblk/wr_rst_reg_0> in Unit <fifo_imp> is equivalent to the following FF/Latch : <U0/xst_fifo_generator/gconvfifo.rf/gbiv4.fgfifo16_patch/fblk/gen_wgtr.inst_wgtr/lut_f/rstblk/wr_rst_reg_1> 
INFO:Xst:2260 - The FF/Latch <U0/xst_fifo_generator/gconvfifo.rf/gbiv4.fgfifo16_patch/fblk/gen_wgtr.inst_wgtr/lut_f/gntv_or_sync_fifo.gl0.rd/rpntr/count_d1_0> in Unit <fifo_imp> is equivalent to the following FF/Latch : <U0/xst_fifo_generator/gconvfifo.rf/gbiv4.fgfifo16_patch/fblk/gen_wgtr.inst_wgtr/lut_f/gntv_or_sync_fifo.gl0.rd/rpntr/count_d1_0_1> 
INFO:Xst:2260 - The FF/Latch <U0/xst_fifo_generator/gconvfifo.rf/gbiv4.fgfifo16_patch/fblk/gen_wgtr.inst_wgtr/lut_f/gntv_or_sync_fifo.gl0.rd/rpntr/count_d1_2> in Unit <fifo_imp> is equivalent to the following FF/Latch : <U0/xst_fifo_generator/gconvfifo.rf/gbiv4.fgfifo16_patch/fblk/gen_wgtr.inst_wgtr/lut_f/gntv_or_sync_fifo.gl0.rd/rpntr/count_d1_2_1> 
INFO:Xst:2260 - The FF/Latch <U0/xst_fifo_generator/gconvfifo.rf/gbiv4.fgfifo16_patch/fblk/gen_wgtr.inst_wgtr/lut_f/gntv_or_sync_fifo.gl0.rd/rpntr/count_d1_3> in Unit <fifo_imp> is equivalent to the following FF/Latch : <U0/xst_fifo_generator/gconvfifo.rf/gbiv4.fgfifo16_patch/fblk/gen_wgtr.inst_wgtr/lut_f/gntv_or_sync_fifo.gl0.rd/rpntr/count_d1_3_1> 
INFO:Xst:2260 - The FF/Latch <U0/xst_fifo_generator/gconvfifo.rf/gbiv4.fgfifo16_patch/fblk/gen_wgtr.inst_wgtr/lut_f/rstblk/rd_rst_reg_1> in Unit <fifo_imp> is equivalent to the following FF/Latch : <U0/xst_fifo_generator/gconvfifo.rf/gbiv4.fgfifo16_patch/fblk/gen_wgtr.inst_wgtr/lut_f/rstblk/rd_rst_reg_2> 
INFO:Xst:2260 - The FF/Latch <U0/xst_fifo_generator/gconvfifo.rf/gbiv4.fgfifo16_patch/fblk/gen_wgtr.inst_wgtr/lut_f/gntv_or_sync_fifo.gl0.rd/gras.rsts/ram_empty_fb_i> in Unit <fifo_imp> is equivalent to the following FF/Latch : <U0/xst_fifo_generator/gconvfifo.rf/gbiv4.fgfifo16_patch/fblk/gen_wgtr.inst_wgtr/lut_f/gntv_or_sync_fifo.gl0.rd/gras.rsts/ram_empty_i> 
INFO:Xst:2260 - The FF/Latch <U0/xst_fifo_generator/gconvfifo.rf/gbiv4.fgfifo16_patch/fblk/gen_wgtr.inst_wgtr/lut_f/rstblk/wr_rst_reg_0> in Unit <fifo_imp> is equivalent to the following FF/Latch : <U0/xst_fifo_generator/gconvfifo.rf/gbiv4.fgfifo16_patch/fblk/gen_wgtr.inst_wgtr/lut_f/rstblk/wr_rst_reg_1> 
INFO:Xst:2260 - The FF/Latch <U0/xst_fifo_generator/gconvfifo.rf/gbiv4.fgfifo16_patch/fblk/gen_wgtr.inst_wgtr/lut_f/gntv_or_sync_fifo.gl0.rd/rpntr/count_d1_0> in Unit <fifo_imp> is equivalent to the following FF/Latch : <U0/xst_fifo_generator/gconvfifo.rf/gbiv4.fgfifo16_patch/fblk/gen_wgtr.inst_wgtr/lut_f/gntv_or_sync_fifo.gl0.rd/rpntr/count_d1_0_1> 
INFO:Xst:2260 - The FF/Latch <U0/xst_fifo_generator/gconvfifo.rf/gbiv4.fgfifo16_patch/fblk/gen_wgtr.inst_wgtr/lut_f/gntv_or_sync_fifo.gl0.rd/rpntr/count_d1_2> in Unit <fifo_imp> is equivalent to the following FF/Latch : <U0/xst_fifo_generator/gconvfifo.rf/gbiv4.fgfifo16_patch/fblk/gen_wgtr.inst_wgtr/lut_f/gntv_or_sync_fifo.gl0.rd/rpntr/count_d1_2_1> 
INFO:Xst:2260 - The FF/Latch <U0/xst_fifo_generator/gconvfifo.rf/gbiv4.fgfifo16_patch/fblk/gen_wgtr.inst_wgtr/lut_f/gntv_or_sync_fifo.gl0.rd/rpntr/count_d1_3> in Unit <fifo_imp> is equivalent to the following FF/Latch : <U0/xst_fifo_generator/gconvfifo.rf/gbiv4.fgfifo16_patch/fblk/gen_wgtr.inst_wgtr/lut_f/gntv_or_sync_fifo.gl0.rd/rpntr/count_d1_3_1> 
INFO:Xst:2260 - The FF/Latch <U0/xst_fifo_generator/gconvfifo.rf/gbiv4.fgfifo16_patch/fblk/gen_wgtr.inst_wgtr/lut_f/rstblk/rd_rst_reg_1> in Unit <fifo_imp> is equivalent to the following FF/Latch : <U0/xst_fifo_generator/gconvfifo.rf/gbiv4.fgfifo16_patch/fblk/gen_wgtr.inst_wgtr/lut_f/rstblk/rd_rst_reg_2> 
INFO:Xst:2260 - The FF/Latch <U0/xst_fifo_generator/gconvfifo.rf/gbiv4.fgfifo16_patch/fblk/gen_wgtr.inst_wgtr/lut_f/gntv_or_sync_fifo.gl0.rd/gras.rsts/ram_empty_fb_i> in Unit <fifo_imp> is equivalent to the following FF/Latch : <U0/xst_fifo_generator/gconvfifo.rf/gbiv4.fgfifo16_patch/fblk/gen_wgtr.inst_wgtr/lut_f/gntv_or_sync_fifo.gl0.rd/gras.rsts/ram_empty_i> 
INFO:Xst:2260 - The FF/Latch <U0/xst_fifo_generator/gconvfifo.rf/gbiv4.fgfifo16_patch/fblk/gen_wgtr.inst_wgtr/lut_f/rstblk/wr_rst_reg_0> in Unit <fifo_imp> is equivalent to the following FF/Latch : <U0/xst_fifo_generator/gconvfifo.rf/gbiv4.fgfifo16_patch/fblk/gen_wgtr.inst_wgtr/lut_f/rstblk/wr_rst_reg_1> 
INFO:Xst:2260 - The FF/Latch <U0/xst_fifo_generator/gconvfifo.rf/gbiv4.fgfifo16_patch/fblk/gen_wgtr.inst_wgtr/lut_f/gntv_or_sync_fifo.gl0.rd/rpntr/count_d1_0> in Unit <fifo_imp> is equivalent to the following FF/Latch : <U0/xst_fifo_generator/gconvfifo.rf/gbiv4.fgfifo16_patch/fblk/gen_wgtr.inst_wgtr/lut_f/gntv_or_sync_fifo.gl0.rd/rpntr/count_d1_0_1> 
INFO:Xst:2260 - The FF/Latch <U0/xst_fifo_generator/gconvfifo.rf/gbiv4.fgfifo16_patch/fblk/gen_wgtr.inst_wgtr/lut_f/gntv_or_sync_fifo.gl0.rd/rpntr/count_d1_2> in Unit <fifo_imp> is equivalent to the following FF/Latch : <U0/xst_fifo_generator/gconvfifo.rf/gbiv4.fgfifo16_patch/fblk/gen_wgtr.inst_wgtr/lut_f/gntv_or_sync_fifo.gl0.rd/rpntr/count_d1_2_1> 
INFO:Xst:2260 - The FF/Latch <U0/xst_fifo_generator/gconvfifo.rf/gbiv4.fgfifo16_patch/fblk/gen_wgtr.inst_wgtr/lut_f/gntv_or_sync_fifo.gl0.rd/rpntr/count_d1_3> in Unit <fifo_imp> is equivalent to the following FF/Latch : <U0/xst_fifo_generator/gconvfifo.rf/gbiv4.fgfifo16_patch/fblk/gen_wgtr.inst_wgtr/lut_f/gntv_or_sync_fifo.gl0.rd/rpntr/count_d1_3_1> 
INFO:Xst:2260 - The FF/Latch <U0/xst_fifo_generator/gconvfifo.rf/gbiv4.fgfifo16_patch/fblk/gen_wgtr.inst_wgtr/lut_f/rstblk/rd_rst_reg_1> in Unit <fifo_imp> is equivalent to the following FF/Latch : <U0/xst_fifo_generator/gconvfifo.rf/gbiv4.fgfifo16_patch/fblk/gen_wgtr.inst_wgtr/lut_f/rstblk/rd_rst_reg_2> 
INFO:Xst:2260 - The FF/Latch <U0/xst_fifo_generator/gconvfifo.rf/gbiv4.fgfifo16_patch/fblk/gen_wgtr.inst_wgtr/lut_f/gntv_or_sync_fifo.gl0.rd/gras.rsts/ram_empty_fb_i> in Unit <fifo_imp> is equivalent to the following FF/Latch : <U0/xst_fifo_generator/gconvfifo.rf/gbiv4.fgfifo16_patch/fblk/gen_wgtr.inst_wgtr/lut_f/gntv_or_sync_fifo.gl0.rd/gras.rsts/ram_empty_i> 
INFO:Xst:2260 - The FF/Latch <U0/xst_fifo_generator/gconvfifo.rf/gbiv4.fgfifo16_patch/fblk/gen_wgtr.inst_wgtr/lut_f/rstblk/wr_rst_reg_0> in Unit <fifo_imp> is equivalent to the following FF/Latch : <U0/xst_fifo_generator/gconvfifo.rf/gbiv4.fgfifo16_patch/fblk/gen_wgtr.inst_wgtr/lut_f/rstblk/wr_rst_reg_1> 
INFO:Xst:2260 - The FF/Latch <U0/xst_fifo_generator/gconvfifo.rf/gbiv4.fgfifo16_patch/fblk/gen_wgtr.inst_wgtr/lut_f/gntv_or_sync_fifo.gl0.rd/rpntr/count_d1_0> in Unit <fifo_imp> is equivalent to the following FF/Latch : <U0/xst_fifo_generator/gconvfifo.rf/gbiv4.fgfifo16_patch/fblk/gen_wgtr.inst_wgtr/lut_f/gntv_or_sync_fifo.gl0.rd/rpntr/count_d1_0_1> 
INFO:Xst:2260 - The FF/Latch <U0/xst_fifo_generator/gconvfifo.rf/gbiv4.fgfifo16_patch/fblk/gen_wgtr.inst_wgtr/lut_f/gntv_or_sync_fifo.gl0.rd/rpntr/count_d1_2> in Unit <fifo_imp> is equivalent to the following FF/Latch : <U0/xst_fifo_generator/gconvfifo.rf/gbiv4.fgfifo16_patch/fblk/gen_wgtr.inst_wgtr/lut_f/gntv_or_sync_fifo.gl0.rd/rpntr/count_d1_2_1> 
INFO:Xst:2260 - The FF/Latch <U0/xst_fifo_generator/gconvfifo.rf/gbiv4.fgfifo16_patch/fblk/gen_wgtr.inst_wgtr/lut_f/gntv_or_sync_fifo.gl0.rd/rpntr/count_d1_3> in Unit <fifo_imp> is equivalent to the following FF/Latch : <U0/xst_fifo_generator/gconvfifo.rf/gbiv4.fgfifo16_patch/fblk/gen_wgtr.inst_wgtr/lut_f/gntv_or_sync_fifo.gl0.rd/rpntr/count_d1_3_1> 
INFO:Xst:2260 - The FF/Latch <U0/xst_fifo_generator/gconvfifo.rf/gbiv4.fgfifo16_patch/fblk/gen_wgtr.inst_wgtr/lut_f/rstblk/rd_rst_reg_1> in Unit <fifo_imp> is equivalent to the following FF/Latch : <U0/xst_fifo_generator/gconvfifo.rf/gbiv4.fgfifo16_patch/fblk/gen_wgtr.inst_wgtr/lut_f/rstblk/rd_rst_reg_2> 
INFO:Xst:2260 - The FF/Latch <U0/xst_fifo_generator/gconvfifo.rf/gbiv4.fgfifo16_patch/fblk/gen_wgtr.inst_wgtr/lut_f/gntv_or_sync_fifo.gl0.rd/gras.rsts/ram_empty_fb_i> in Unit <fifo_imp> is equivalent to the following FF/Latch : <U0/xst_fifo_generator/gconvfifo.rf/gbiv4.fgfifo16_patch/fblk/gen_wgtr.inst_wgtr/lut_f/gntv_or_sync_fifo.gl0.rd/gras.rsts/ram_empty_i> 
INFO:Xst:2260 - The FF/Latch <U0/xst_fifo_generator/gconvfifo.rf/gbiv4.fgfifo16_patch/fblk/gen_wgtr.inst_wgtr/lut_f/rstblk/wr_rst_reg_0> in Unit <fifo_imp> is equivalent to the following FF/Latch : <U0/xst_fifo_generator/gconvfifo.rf/gbiv4.fgfifo16_patch/fblk/gen_wgtr.inst_wgtr/lut_f/rstblk/wr_rst_reg_1> 
INFO:Xst:2260 - The FF/Latch <U0/xst_fifo_generator/gconvfifo.rf/gbiv4.fgfifo16_patch/fblk/gen_wgtr.inst_wgtr/lut_f/gntv_or_sync_fifo.gl0.rd/rpntr/count_d1_0> in Unit <fifo_imp> is equivalent to the following FF/Latch : <U0/xst_fifo_generator/gconvfifo.rf/gbiv4.fgfifo16_patch/fblk/gen_wgtr.inst_wgtr/lut_f/gntv_or_sync_fifo.gl0.rd/rpntr/count_d1_0_1> 
INFO:Xst:2260 - The FF/Latch <U0/xst_fifo_generator/gconvfifo.rf/gbiv4.fgfifo16_patch/fblk/gen_wgtr.inst_wgtr/lut_f/gntv_or_sync_fifo.gl0.rd/rpntr/count_d1_2> in Unit <fifo_imp> is equivalent to the following FF/Latch : <U0/xst_fifo_generator/gconvfifo.rf/gbiv4.fgfifo16_patch/fblk/gen_wgtr.inst_wgtr/lut_f/gntv_or_sync_fifo.gl0.rd/rpntr/count_d1_2_1> 
INFO:Xst:2260 - The FF/Latch <U0/xst_fifo_generator/gconvfifo.rf/gbiv4.fgfifo16_patch/fblk/gen_wgtr.inst_wgtr/lut_f/gntv_or_sync_fifo.gl0.rd/rpntr/count_d1_3> in Unit <fifo_imp> is equivalent to the following FF/Latch : <U0/xst_fifo_generator/gconvfifo.rf/gbiv4.fgfifo16_patch/fblk/gen_wgtr.inst_wgtr/lut_f/gntv_or_sync_fifo.gl0.rd/rpntr/count_d1_3_1> 
INFO:Xst:2260 - The FF/Latch <U0/xst_fifo_generator/gconvfifo.rf/gbiv4.fgfifo16_patch/fblk/gen_wgtr.inst_wgtr/lut_f/rstblk/rd_rst_reg_1> in Unit <fifo_imp> is equivalent to the following FF/Latch : <U0/xst_fifo_generator/gconvfifo.rf/gbiv4.fgfifo16_patch/fblk/gen_wgtr.inst_wgtr/lut_f/rstblk/rd_rst_reg_2> 
INFO:Xst:2260 - The FF/Latch <U0/xst_fifo_generator/gconvfifo.rf/gbiv4.fgfifo16_patch/fblk/gen_wgtr.inst_wgtr/lut_f/gntv_or_sync_fifo.gl0.rd/gras.rsts/ram_empty_fb_i> in Unit <fifo_imp> is equivalent to the following FF/Latch : <U0/xst_fifo_generator/gconvfifo.rf/gbiv4.fgfifo16_patch/fblk/gen_wgtr.inst_wgtr/lut_f/gntv_or_sync_fifo.gl0.rd/gras.rsts/ram_empty_i> 
INFO:Xst:2260 - The FF/Latch <U0/xst_fifo_generator/gconvfifo.rf/gbiv4.fgfifo16_patch/fblk/gen_wgtr.inst_wgtr/lut_f/rstblk/wr_rst_reg_0> in Unit <fifo_imp> is equivalent to the following FF/Latch : <U0/xst_fifo_generator/gconvfifo.rf/gbiv4.fgfifo16_patch/fblk/gen_wgtr.inst_wgtr/lut_f/rstblk/wr_rst_reg_1> 
INFO:Xst:2260 - The FF/Latch <U0/xst_fifo_generator/gconvfifo.rf/gbiv4.fgfifo16_patch/fblk/gen_wgtr.inst_wgtr/lut_f/gntv_or_sync_fifo.gl0.rd/rpntr/count_d1_0> in Unit <fifo_imp> is equivalent to the following FF/Latch : <U0/xst_fifo_generator/gconvfifo.rf/gbiv4.fgfifo16_patch/fblk/gen_wgtr.inst_wgtr/lut_f/gntv_or_sync_fifo.gl0.rd/rpntr/count_d1_0_1> 
INFO:Xst:2260 - The FF/Latch <U0/xst_fifo_generator/gconvfifo.rf/gbiv4.fgfifo16_patch/fblk/gen_wgtr.inst_wgtr/lut_f/gntv_or_sync_fifo.gl0.rd/rpntr/count_d1_2> in Unit <fifo_imp> is equivalent to the following FF/Latch : <U0/xst_fifo_generator/gconvfifo.rf/gbiv4.fgfifo16_patch/fblk/gen_wgtr.inst_wgtr/lut_f/gntv_or_sync_fifo.gl0.rd/rpntr/count_d1_2_1> 
INFO:Xst:2260 - The FF/Latch <U0/xst_fifo_generator/gconvfifo.rf/gbiv4.fgfifo16_patch/fblk/gen_wgtr.inst_wgtr/lut_f/gntv_or_sync_fifo.gl0.rd/rpntr/count_d1_3> in Unit <fifo_imp> is equivalent to the following FF/Latch : <U0/xst_fifo_generator/gconvfifo.rf/gbiv4.fgfifo16_patch/fblk/gen_wgtr.inst_wgtr/lut_f/gntv_or_sync_fifo.gl0.rd/rpntr/count_d1_3_1> 
INFO:Xst:2260 - The FF/Latch <U0/xst_fifo_generator/gconvfifo.rf/gbiv4.fgfifo16_patch/fblk/gen_wgtr.inst_wgtr/lut_f/rstblk/rd_rst_reg_1> in Unit <fifo_imp> is equivalent to the following FF/Latch : <U0/xst_fifo_generator/gconvfifo.rf/gbiv4.fgfifo16_patch/fblk/gen_wgtr.inst_wgtr/lut_f/rstblk/rd_rst_reg_2> 
INFO:Xst:2260 - The FF/Latch <U0/xst_fifo_generator/gconvfifo.rf/gbiv4.fgfifo16_patch/fblk/gen_wgtr.inst_wgtr/lut_f/gntv_or_sync_fifo.gl0.rd/gras.rsts/ram_empty_fb_i> in Unit <fifo_imp> is equivalent to the following FF/Latch : <U0/xst_fifo_generator/gconvfifo.rf/gbiv4.fgfifo16_patch/fblk/gen_wgtr.inst_wgtr/lut_f/gntv_or_sync_fifo.gl0.rd/gras.rsts/ram_empty_i> 
INFO:Xst:2260 - The FF/Latch <U0/xst_fifo_generator/gconvfifo.rf/gbiv4.fgfifo16_patch/fblk/gen_wgtr.inst_wgtr/lut_f/rstblk/wr_rst_reg_0> in Unit <fifo_imp> is equivalent to the following FF/Latch : <U0/xst_fifo_generator/gconvfifo.rf/gbiv4.fgfifo16_patch/fblk/gen_wgtr.inst_wgtr/lut_f/rstblk/wr_rst_reg_1> 
INFO:Xst:2260 - The FF/Latch <U0/xst_fifo_generator/gconvfifo.rf/gbiv4.fgfifo16_patch/fblk/gen_wgtr.inst_wgtr/lut_f/gntv_or_sync_fifo.gl0.rd/rpntr/count_d1_0> in Unit <fifo_imp> is equivalent to the following FF/Latch : <U0/xst_fifo_generator/gconvfifo.rf/gbiv4.fgfifo16_patch/fblk/gen_wgtr.inst_wgtr/lut_f/gntv_or_sync_fifo.gl0.rd/rpntr/count_d1_0_1> 
INFO:Xst:2260 - The FF/Latch <U0/xst_fifo_generator/gconvfifo.rf/gbiv4.fgfifo16_patch/fblk/gen_wgtr.inst_wgtr/lut_f/gntv_or_sync_fifo.gl0.rd/rpntr/count_d1_2> in Unit <fifo_imp> is equivalent to the following FF/Latch : <U0/xst_fifo_generator/gconvfifo.rf/gbiv4.fgfifo16_patch/fblk/gen_wgtr.inst_wgtr/lut_f/gntv_or_sync_fifo.gl0.rd/rpntr/count_d1_2_1> 
INFO:Xst:2260 - The FF/Latch <U0/xst_fifo_generator/gconvfifo.rf/gbiv4.fgfifo16_patch/fblk/gen_wgtr.inst_wgtr/lut_f/gntv_or_sync_fifo.gl0.rd/rpntr/count_d1_3> in Unit <fifo_imp> is equivalent to the following FF/Latch : <U0/xst_fifo_generator/gconvfifo.rf/gbiv4.fgfifo16_patch/fblk/gen_wgtr.inst_wgtr/lut_f/gntv_or_sync_fifo.gl0.rd/rpntr/count_d1_3_1> 
INFO:Xst:2260 - The FF/Latch <U0/xst_fifo_generator/gconvfifo.rf/gbiv4.fgfifo16_patch/fblk/gen_wgtr.inst_wgtr/lut_f/rstblk/rd_rst_reg_1> in Unit <fifo_imp> is equivalent to the following FF/Latch : <U0/xst_fifo_generator/gconvfifo.rf/gbiv4.fgfifo16_patch/fblk/gen_wgtr.inst_wgtr/lut_f/rstblk/rd_rst_reg_2> 
INFO:Xst:2260 - The FF/Latch <U0/xst_fifo_generator/gconvfifo.rf/gbiv4.fgfifo16_patch/fblk/gen_wgtr.inst_wgtr/lut_f/gntv_or_sync_fifo.gl0.rd/gras.rsts/ram_empty_fb_i> in Unit <fifo_imp> is equivalent to the following FF/Latch : <U0/xst_fifo_generator/gconvfifo.rf/gbiv4.fgfifo16_patch/fblk/gen_wgtr.inst_wgtr/lut_f/gntv_or_sync_fifo.gl0.rd/gras.rsts/ram_empty_i> 
INFO:Xst:2260 - The FF/Latch <U0/xst_fifo_generator/gconvfifo.rf/gbiv4.fgfifo16_patch/fblk/gen_wgtr.inst_wgtr/lut_f/rstblk/wr_rst_reg_0> in Unit <fifo_imp> is equivalent to the following FF/Latch : <U0/xst_fifo_generator/gconvfifo.rf/gbiv4.fgfifo16_patch/fblk/gen_wgtr.inst_wgtr/lut_f/rstblk/wr_rst_reg_1> 
INFO:Xst:2260 - The FF/Latch <U0/xst_fifo_generator/gconvfifo.rf/gbiv4.fgfifo16_patch/fblk/gen_wgtr.inst_wgtr/lut_f/gntv_or_sync_fifo.gl0.rd/rpntr/count_d1_0> in Unit <fifo_imp> is equivalent to the following FF/Latch : <U0/xst_fifo_generator/gconvfifo.rf/gbiv4.fgfifo16_patch/fblk/gen_wgtr.inst_wgtr/lut_f/gntv_or_sync_fifo.gl0.rd/rpntr/count_d1_0_1> 
INFO:Xst:2260 - The FF/Latch <U0/xst_fifo_generator/gconvfifo.rf/gbiv4.fgfifo16_patch/fblk/gen_wgtr.inst_wgtr/lut_f/gntv_or_sync_fifo.gl0.rd/rpntr/count_d1_2> in Unit <fifo_imp> is equivalent to the following FF/Latch : <U0/xst_fifo_generator/gconvfifo.rf/gbiv4.fgfifo16_patch/fblk/gen_wgtr.inst_wgtr/lut_f/gntv_or_sync_fifo.gl0.rd/rpntr/count_d1_2_1> 
INFO:Xst:2260 - The FF/Latch <U0/xst_fifo_generator/gconvfifo.rf/gbiv4.fgfifo16_patch/fblk/gen_wgtr.inst_wgtr/lut_f/gntv_or_sync_fifo.gl0.rd/rpntr/count_d1_3> in Unit <fifo_imp> is equivalent to the following FF/Latch : <U0/xst_fifo_generator/gconvfifo.rf/gbiv4.fgfifo16_patch/fblk/gen_wgtr.inst_wgtr/lut_f/gntv_or_sync_fifo.gl0.rd/rpntr/count_d1_3_1> 
INFO:Xst:2260 - The FF/Latch <U0/xst_fifo_generator/gconvfifo.rf/gbiv4.fgfifo16_patch/fblk/gen_wgtr.inst_wgtr/lut_f/rstblk/rd_rst_reg_1> in Unit <fifo_imp> is equivalent to the following FF/Latch : <U0/xst_fifo_generator/gconvfifo.rf/gbiv4.fgfifo16_patch/fblk/gen_wgtr.inst_wgtr/lut_f/rstblk/rd_rst_reg_2> 
INFO:Xst:2260 - The FF/Latch <U0/xst_fifo_generator/gconvfifo.rf/gbiv4.fgfifo16_patch/fblk/gen_wgtr.inst_wgtr/lut_f/gntv_or_sync_fifo.gl0.rd/gras.rsts/ram_empty_fb_i> in Unit <fifo_imp> is equivalent to the following FF/Latch : <U0/xst_fifo_generator/gconvfifo.rf/gbiv4.fgfifo16_patch/fblk/gen_wgtr.inst_wgtr/lut_f/gntv_or_sync_fifo.gl0.rd/gras.rsts/ram_empty_i> 
INFO:Xst:2260 - The FF/Latch <U0/xst_fifo_generator/gconvfifo.rf/gbiv4.fgfifo16_patch/fblk/gen_wgtr.inst_wgtr/lut_f/rstblk/wr_rst_reg_0> in Unit <fifo_imp> is equivalent to the following FF/Latch : <U0/xst_fifo_generator/gconvfifo.rf/gbiv4.fgfifo16_patch/fblk/gen_wgtr.inst_wgtr/lut_f/rstblk/wr_rst_reg_1> 
INFO:Xst:2260 - The FF/Latch <U0/xst_fifo_generator/gconvfifo.rf/gbiv4.fgfifo16_patch/fblk/gen_wgtr.inst_wgtr/lut_f/gntv_or_sync_fifo.gl0.rd/rpntr/count_d1_0> in Unit <fifo_imp> is equivalent to the following FF/Latch : <U0/xst_fifo_generator/gconvfifo.rf/gbiv4.fgfifo16_patch/fblk/gen_wgtr.inst_wgtr/lut_f/gntv_or_sync_fifo.gl0.rd/rpntr/count_d1_0_1> 
INFO:Xst:2260 - The FF/Latch <U0/xst_fifo_generator/gconvfifo.rf/gbiv4.fgfifo16_patch/fblk/gen_wgtr.inst_wgtr/lut_f/gntv_or_sync_fifo.gl0.rd/rpntr/count_d1_2> in Unit <fifo_imp> is equivalent to the following FF/Latch : <U0/xst_fifo_generator/gconvfifo.rf/gbiv4.fgfifo16_patch/fblk/gen_wgtr.inst_wgtr/lut_f/gntv_or_sync_fifo.gl0.rd/rpntr/count_d1_2_1> 
INFO:Xst:2260 - The FF/Latch <U0/xst_fifo_generator/gconvfifo.rf/gbiv4.fgfifo16_patch/fblk/gen_wgtr.inst_wgtr/lut_f/gntv_or_sync_fifo.gl0.rd/rpntr/count_d1_3> in Unit <fifo_imp> is equivalent to the following FF/Latch : <U0/xst_fifo_generator/gconvfifo.rf/gbiv4.fgfifo16_patch/fblk/gen_wgtr.inst_wgtr/lut_f/gntv_or_sync_fifo.gl0.rd/rpntr/count_d1_3_1> 
INFO:Xst:2260 - The FF/Latch <U0/xst_fifo_generator/gconvfifo.rf/gbiv4.fgfifo16_patch/fblk/gen_wgtr.inst_wgtr/lut_f/rstblk/rd_rst_reg_1> in Unit <fifo_imp> is equivalent to the following FF/Latch : <U0/xst_fifo_generator/gconvfifo.rf/gbiv4.fgfifo16_patch/fblk/gen_wgtr.inst_wgtr/lut_f/rstblk/rd_rst_reg_2> 
INFO:Xst:2260 - The FF/Latch <U0/xst_fifo_generator/gconvfifo.rf/gbiv4.fgfifo16_patch/fblk/gen_wgtr.inst_wgtr/lut_f/gntv_or_sync_fifo.gl0.rd/gras.rsts/ram_empty_fb_i> in Unit <fifo_imp> is equivalent to the following FF/Latch : <U0/xst_fifo_generator/gconvfifo.rf/gbiv4.fgfifo16_patch/fblk/gen_wgtr.inst_wgtr/lut_f/gntv_or_sync_fifo.gl0.rd/gras.rsts/ram_empty_i> 
INFO:Xst:2260 - The FF/Latch <U0/xst_fifo_generator/gconvfifo.rf/gbiv4.fgfifo16_patch/fblk/gen_wgtr.inst_wgtr/lut_f/rstblk/wr_rst_reg_0> in Unit <fifo_imp> is equivalent to the following FF/Latch : <U0/xst_fifo_generator/gconvfifo.rf/gbiv4.fgfifo16_patch/fblk/gen_wgtr.inst_wgtr/lut_f/rstblk/wr_rst_reg_1> 
INFO:Xst:2260 - The FF/Latch <U0/xst_fifo_generator/gconvfifo.rf/grf.rf/gntv_or_sync_fifo.gl0.wr/gwas.wsts/ram_full_i> in Unit <streamipbuf_imp> is equivalent to the following FF/Latch : <U0/xst_fifo_generator/gconvfifo.rf/grf.rf/gntv_or_sync_fifo.gl0.wr/gwas.wsts/ram_full_fb_i> 
INFO:Xst:2260 - The FF/Latch <U0/xst_fifo_generator/gconvfifo.rf/grf.rf/rstblk/wr_rst_reg_1> in Unit <streamipbuf_imp> is equivalent to the following FF/Latch : <U0/xst_fifo_generator/gconvfifo.rf/grf.rf/rstblk/wr_rst_reg_0> 
INFO:Xst:2260 - The FF/Latch <U0/xst_fifo_generator/gconvfifo.rf/grf.rf/gntv_or_sync_fifo.gl0.rd/gr1.rfwft/empty_fwft_i> in Unit <streamipbuf_imp> is equivalent to the following FF/Latch : <U0/xst_fifo_generator/gconvfifo.rf/grf.rf/gntv_or_sync_fifo.gl0.rd/gr1.rfwft/empty_fwft_fb> 
INFO:Xst:2260 - The FF/Latch <U0/xst_fifo_generator/gconvfifo.rf/grf.rf/rstblk/rd_rst_reg_2> in Unit <streamipbuf_imp> is equivalent to the following 2 FFs/Latches : <U0/xst_fifo_generator/gconvfifo.rf/grf.rf/rstblk/rd_rst_reg_1> <U0/xst_fifo_generator/gconvfifo.rf/grf.rf/rstblk/rd_rst_reg_0> 
INFO:Xst:2260 - The FF/Latch <U0/xst_fifo_generator/gconvfifo.rf/grf.rf/rstblk/rd_rst_reg_1> in Unit <packetfifo_imp> is equivalent to the following FF/Latch : <U0/xst_fifo_generator/gconvfifo.rf/grf.rf/rstblk/rd_rst_reg_0> 
INFO:Xst:2260 - The FF/Latch <U0/xst_fifo_generator/gconvfifo.rf/grf.rf/gntv_or_sync_fifo.gl1.lsshft/wsts/ram_full_i> in Unit <packetfifo_imp> is equivalent to the following FF/Latch : <U0/xst_fifo_generator/gconvfifo.rf/grf.rf/gntv_or_sync_fifo.gl1.lsshft/wsts/ram_full_fb_i> 
INFO:Xst:2260 - The FF/Latch <U0/xst_fifo_generator/gconvfifo.rf/grf.rf/gntv_or_sync_fifo.gl1.lsshft/rsts/ram_empty_fb_i> in Unit <packetfifo_imp> is equivalent to the following FF/Latch : <U0/xst_fifo_generator/gconvfifo.rf/grf.rf/gntv_or_sync_fifo.gl1.lsshft/rsts/ram_empty_i> 
INFO:Xst:2260 - The FF/Latch <U0/xst_fifo_generator/gconvfifo.rf/grf.rf/gntv_or_sync_fifo.gl0.rd/grss.rsts/ram_empty_i> in Unit <RX_DATA_FIFO> is equivalent to the following FF/Latch : <U0/xst_fifo_generator/gconvfifo.rf/grf.rf/gntv_or_sync_fifo.gl0.rd/grss.rsts/ram_empty_fb_i> 
INFO:Xst:2260 - The FF/Latch <U0/xst_fifo_generator/gconvfifo.rf/grf.rf/gntv_or_sync_fifo.gl0.wr/gwss.wsts/ram_full_fb_i> in Unit <RX_DATA_FIFO> is equivalent to the following FF/Latch : <U0/xst_fifo_generator/gconvfifo.rf/grf.rf/gntv_or_sync_fifo.gl0.wr/gwss.wsts/ram_full_i> 
INFO:Xst:2260 - The FF/Latch <U0/xst_fifo_generator/gconvfifo.rf/grf.rf/gntv_or_sync_fifo.gl0.rd/grss.rsts/ram_empty_i> in Unit <RX_DATA_INFO_FIFO> is equivalent to the following FF/Latch : <U0/xst_fifo_generator/gconvfifo.rf/grf.rf/gntv_or_sync_fifo.gl0.rd/grss.rsts/ram_empty_fb_i> 
INFO:Xst:2260 - The FF/Latch <U0/xst_fifo_generator/gconvfifo.rf/grf.rf/gntv_or_sync_fifo.gl0.wr/gwss.wsts/ram_full_fb_i> in Unit <RX_DATA_INFO_FIFO> is equivalent to the following FF/Latch : <U0/xst_fifo_generator/gconvfifo.rf/grf.rf/gntv_or_sync_fifo.gl0.wr/gwss.wsts/ram_full_i> 
INFO:Xst:2260 - The FF/Latch <U0/xst_fifo_generator/gconvfifo.rf/grf.rf/gntv_or_sync_fifo.gl0.rd/grss.rsts/ram_empty_i> in Unit <RX_SRC_ADDR_FIFO> is equivalent to the following FF/Latch : <U0/xst_fifo_generator/gconvfifo.rf/grf.rf/gntv_or_sync_fifo.gl0.rd/grss.rsts/ram_empty_fb_i> 
INFO:Xst:2260 - The FF/Latch <U0/xst_fifo_generator/gconvfifo.rf/grf.rf/gntv_or_sync_fifo.gl0.wr/gwss.wsts/ram_full_fb_i> in Unit <RX_SRC_ADDR_FIFO> is equivalent to the following FF/Latch : <U0/xst_fifo_generator/gconvfifo.rf/grf.rf/gntv_or_sync_fifo.gl0.wr/gwss.wsts/ram_full_i> 
INFO:Xst:2260 - The FF/Latch <U0/xst_fifo_generator/gconvfifo.rf/grf.rf/gntv_or_sync_fifo.gl0.rd/rpntr/count_d1_3> in Unit <RX_SRC_ADDR_FIFO> is equivalent to the following FF/Latch : <U0/xst_fifo_generator/gconvfifo.rf/grf.rf/gntv_or_sync_fifo.gl0.rd/rpntr/count_d1_3_1> 
INFO:Xst:2260 - The FF/Latch <U0/xst_fifo_generator/gconvfifo.rf/grf.rf/gntv_or_sync_fifo.gl0.rd/rpntr/count_d1_2> in Unit <RX_SRC_ADDR_FIFO> is equivalent to the following 2 FFs/Latches : <U0/xst_fifo_generator/gconvfifo.rf/grf.rf/gntv_or_sync_fifo.gl0.rd/rpntr/count_d1_2_1> <U0/xst_fifo_generator/gconvfifo.rf/grf.rf/gntv_or_sync_fifo.gl0.rd/rpntr/count_d1_2_2> 
INFO:Xst:2260 - The FF/Latch <U0/xst_fifo_generator/gconvfifo.rf/grf.rf/gntv_or_sync_fifo.gl0.rd/rpntr/count_d1_0> in Unit <RX_SRC_ADDR_FIFO> is equivalent to the following FF/Latch : <U0/xst_fifo_generator/gconvfifo.rf/grf.rf/gntv_or_sync_fifo.gl0.rd/rpntr/count_d1_0_1> 
INFO:Xst:2260 - The FF/Latch <U0/xst_fifo_generator/gconvfifo.rf/grf.rf/gntv_or_sync_fifo.gl0.wr/wpntr/count_d1_3> in Unit <RX_SRC_ADDR_FIFO> is equivalent to the following FF/Latch : <U0/xst_fifo_generator/gconvfifo.rf/grf.rf/gntv_or_sync_fifo.gl0.wr/wpntr/count_d1_3_1> 
INFO:Xst:2260 - The FF/Latch <U0/xst_fifo_generator/gconvfifo.rf/grf.rf/gntv_or_sync_fifo.gl0.wr/wpntr/count_d1_2> in Unit <RX_SRC_ADDR_FIFO> is equivalent to the following FF/Latch : <U0/xst_fifo_generator/gconvfifo.rf/grf.rf/gntv_or_sync_fifo.gl0.wr/wpntr/count_d1_2_1> 
INFO:Xst:2260 - The FF/Latch <U0/xst_fifo_generator/gconvfifo.rf/grf.rf/gntv_or_sync_fifo.gl0.wr/wpntr/count_d1_1> in Unit <RX_SRC_ADDR_FIFO> is equivalent to the following FF/Latch : <U0/xst_fifo_generator/gconvfifo.rf/grf.rf/gntv_or_sync_fifo.gl0.wr/wpntr/count_d1_1_1> 
INFO:Xst:2260 - The FF/Latch <U0/xst_fifo_generator/gconvfifo.rf/grf.rf/gntv_or_sync_fifo.gl0.wr/wpntr/count_d1_0> in Unit <RX_SRC_ADDR_FIFO> is equivalent to the following FF/Latch : <U0/xst_fifo_generator/gconvfifo.rf/grf.rf/gntv_or_sync_fifo.gl0.wr/wpntr/count_d1_0_1> 
INFO:Xst:2260 - The FF/Latch <U0/xst_fifo_generator/gconvfifo.rf/grf.rf/gntv_or_sync_fifo.gl0.rd/grss.rsts/ram_empty_i> in Unit <RX_SRC_MAC_FIFO> is equivalent to the following FF/Latch : <U0/xst_fifo_generator/gconvfifo.rf/grf.rf/gntv_or_sync_fifo.gl0.rd/grss.rsts/ram_empty_fb_i> 
INFO:Xst:2260 - The FF/Latch <U0/xst_fifo_generator/gconvfifo.rf/grf.rf/gntv_or_sync_fifo.gl0.wr/gwss.wsts/ram_full_fb_i> in Unit <RX_SRC_MAC_FIFO> is equivalent to the following FF/Latch : <U0/xst_fifo_generator/gconvfifo.rf/grf.rf/gntv_or_sync_fifo.gl0.wr/gwss.wsts/ram_full_i> 
INFO:Xst:2260 - The FF/Latch <U0/xst_fifo_generator/gconvfifo.rf/grf.rf/gntv_or_sync_fifo.gl0.rd/rpntr/count_d1_3> in Unit <RX_SRC_MAC_FIFO> is equivalent to the following FF/Latch : <U0/xst_fifo_generator/gconvfifo.rf/grf.rf/gntv_or_sync_fifo.gl0.rd/rpntr/count_d1_3_1> 
INFO:Xst:2260 - The FF/Latch <U0/xst_fifo_generator/gconvfifo.rf/grf.rf/gntv_or_sync_fifo.gl0.rd/rpntr/count_d1_2> in Unit <RX_SRC_MAC_FIFO> is equivalent to the following 2 FFs/Latches : <U0/xst_fifo_generator/gconvfifo.rf/grf.rf/gntv_or_sync_fifo.gl0.rd/rpntr/count_d1_2_1> <U0/xst_fifo_generator/gconvfifo.rf/grf.rf/gntv_or_sync_fifo.gl0.rd/rpntr/count_d1_2_2> 
INFO:Xst:2260 - The FF/Latch <U0/xst_fifo_generator/gconvfifo.rf/grf.rf/gntv_or_sync_fifo.gl0.rd/rpntr/count_d1_0> in Unit <RX_SRC_MAC_FIFO> is equivalent to the following FF/Latch : <U0/xst_fifo_generator/gconvfifo.rf/grf.rf/gntv_or_sync_fifo.gl0.rd/rpntr/count_d1_0_1> 
INFO:Xst:2260 - The FF/Latch <U0/xst_fifo_generator/gconvfifo.rf/grf.rf/gntv_or_sync_fifo.gl0.wr/wpntr/count_d1_3> in Unit <RX_SRC_MAC_FIFO> is equivalent to the following FF/Latch : <U0/xst_fifo_generator/gconvfifo.rf/grf.rf/gntv_or_sync_fifo.gl0.wr/wpntr/count_d1_3_1> 
INFO:Xst:2260 - The FF/Latch <U0/xst_fifo_generator/gconvfifo.rf/grf.rf/gntv_or_sync_fifo.gl0.wr/wpntr/count_d1_2> in Unit <RX_SRC_MAC_FIFO> is equivalent to the following FF/Latch : <U0/xst_fifo_generator/gconvfifo.rf/grf.rf/gntv_or_sync_fifo.gl0.wr/wpntr/count_d1_2_1> 
INFO:Xst:2260 - The FF/Latch <U0/xst_fifo_generator/gconvfifo.rf/grf.rf/gntv_or_sync_fifo.gl0.wr/wpntr/count_d1_1> in Unit <RX_SRC_MAC_FIFO> is equivalent to the following FF/Latch : <U0/xst_fifo_generator/gconvfifo.rf/grf.rf/gntv_or_sync_fifo.gl0.wr/wpntr/count_d1_1_1> 
INFO:Xst:2260 - The FF/Latch <U0/xst_fifo_generator/gconvfifo.rf/grf.rf/gntv_or_sync_fifo.gl0.wr/wpntr/count_d1_0> in Unit <RX_SRC_MAC_FIFO> is equivalent to the following FF/Latch : <U0/xst_fifo_generator/gconvfifo.rf/grf.rf/gntv_or_sync_fifo.gl0.wr/wpntr/count_d1_0_1> 
INFO:Xst:2260 - The FF/Latch <U0/xst_fifo_generator/gconvfifo.rf/grf.rf/gntv_or_sync_fifo.gl0.rd/grss.rsts/ram_empty_i> in Unit <TX_DATA_FIFO> is equivalent to the following FF/Latch : <U0/xst_fifo_generator/gconvfifo.rf/grf.rf/gntv_or_sync_fifo.gl0.rd/grss.rsts/ram_empty_fb_i> 
INFO:Xst:2260 - The FF/Latch <U0/xst_fifo_generator/gconvfifo.rf/grf.rf/gntv_or_sync_fifo.gl0.wr/gwss.wsts/ram_full_fb_i> in Unit <TX_DATA_FIFO> is equivalent to the following FF/Latch : <U0/xst_fifo_generator/gconvfifo.rf/grf.rf/gntv_or_sync_fifo.gl0.wr/gwss.wsts/ram_full_i> 
INFO:Xst:2260 - The FF/Latch <U0/xst_fifo_generator/gconvfifo.rf/grf.rf/gntv_or_sync_fifo.gl0.rd/grss.rsts/ram_empty_i> in Unit <TX_DATA_INFO_FIFO> is equivalent to the following FF/Latch : <U0/xst_fifo_generator/gconvfifo.rf/grf.rf/gntv_or_sync_fifo.gl0.rd/grss.rsts/ram_empty_fb_i> 
INFO:Xst:2260 - The FF/Latch <U0/xst_fifo_generator/gconvfifo.rf/grf.rf/gntv_or_sync_fifo.gl0.wr/gwss.wsts/ram_full_fb_i> in Unit <TX_DATA_INFO_FIFO> is equivalent to the following FF/Latch : <U0/xst_fifo_generator/gconvfifo.rf/grf.rf/gntv_or_sync_fifo.gl0.wr/gwss.wsts/ram_full_i> 
INFO:Xst:2260 - The FF/Latch <U0/xst_fifo_generator/gconvfifo.rf/grf.rf/gntv_or_sync_fifo.gl0.rd/grss.rsts/ram_empty_i> in Unit <TX_CTRL_FIFO> is equivalent to the following FF/Latch : <U0/xst_fifo_generator/gconvfifo.rf/grf.rf/gntv_or_sync_fifo.gl0.rd/grss.rsts/ram_empty_fb_i> 
INFO:Xst:2260 - The FF/Latch <U0/xst_fifo_generator/gconvfifo.rf/grf.rf/gntv_or_sync_fifo.gl0.wr/gwss.wsts/ram_full_fb_i> in Unit <TX_CTRL_FIFO> is equivalent to the following FF/Latch : <U0/xst_fifo_generator/gconvfifo.rf/grf.rf/gntv_or_sync_fifo.gl0.wr/gwss.wsts/ram_full_i> 
INFO:Xst:2260 - The FF/Latch <U0/xst_fifo_generator/gconvfifo.rf/grf.rf/gntv_or_sync_fifo.gl0.rd/grss.rsts/ram_empty_i> in Unit <TX_CTRL_INFO_FIFO> is equivalent to the following FF/Latch : <U0/xst_fifo_generator/gconvfifo.rf/grf.rf/gntv_or_sync_fifo.gl0.rd/grss.rsts/ram_empty_fb_i> 
INFO:Xst:2260 - The FF/Latch <U0/xst_fifo_generator/gconvfifo.rf/grf.rf/gntv_or_sync_fifo.gl0.wr/gwss.wsts/ram_full_fb_i> in Unit <TX_CTRL_INFO_FIFO> is equivalent to the following FF/Latch : <U0/xst_fifo_generator/gconvfifo.rf/grf.rf/gntv_or_sync_fifo.gl0.wr/gwss.wsts/ram_full_i> 
INFO:Xst:2260 - The FF/Latch <U0/xst_fifo_generator/gconvfifo.rf/grf.rf/gntv_or_sync_fifo.gl0.rd/grss.rsts/ram_empty_i> in Unit <TX_CTRL_ADDR_FIFO> is equivalent to the following FF/Latch : <U0/xst_fifo_generator/gconvfifo.rf/grf.rf/gntv_or_sync_fifo.gl0.rd/grss.rsts/ram_empty_fb_i> 
INFO:Xst:2260 - The FF/Latch <U0/xst_fifo_generator/gconvfifo.rf/grf.rf/gntv_or_sync_fifo.gl0.wr/gwss.wsts/ram_full_fb_i> in Unit <TX_CTRL_ADDR_FIFO> is equivalent to the following FF/Latch : <U0/xst_fifo_generator/gconvfifo.rf/grf.rf/gntv_or_sync_fifo.gl0.wr/gwss.wsts/ram_full_i> 
INFO:Xst:2260 - The FF/Latch <U0/xst_fifo_generator/gconvfifo.rf/grf.rf/gntv_or_sync_fifo.gl0.rd/rpntr/count_d1_3> in Unit <TX_CTRL_ADDR_FIFO> is equivalent to the following FF/Latch : <U0/xst_fifo_generator/gconvfifo.rf/grf.rf/gntv_or_sync_fifo.gl0.rd/rpntr/count_d1_3_1> 
INFO:Xst:2260 - The FF/Latch <U0/xst_fifo_generator/gconvfifo.rf/grf.rf/gntv_or_sync_fifo.gl0.rd/rpntr/count_d1_2> in Unit <TX_CTRL_ADDR_FIFO> is equivalent to the following 2 FFs/Latches : <U0/xst_fifo_generator/gconvfifo.rf/grf.rf/gntv_or_sync_fifo.gl0.rd/rpntr/count_d1_2_1> <U0/xst_fifo_generator/gconvfifo.rf/grf.rf/gntv_or_sync_fifo.gl0.rd/rpntr/count_d1_2_2> 
INFO:Xst:2260 - The FF/Latch <U0/xst_fifo_generator/gconvfifo.rf/grf.rf/gntv_or_sync_fifo.gl0.rd/rpntr/count_d1_0> in Unit <TX_CTRL_ADDR_FIFO> is equivalent to the following FF/Latch : <U0/xst_fifo_generator/gconvfifo.rf/grf.rf/gntv_or_sync_fifo.gl0.rd/rpntr/count_d1_0_1> 
INFO:Xst:2260 - The FF/Latch <U0/xst_fifo_generator/gconvfifo.rf/grf.rf/gntv_or_sync_fifo.gl0.wr/wpntr/count_d1_3> in Unit <TX_CTRL_ADDR_FIFO> is equivalent to the following FF/Latch : <U0/xst_fifo_generator/gconvfifo.rf/grf.rf/gntv_or_sync_fifo.gl0.wr/wpntr/count_d1_3_1> 
INFO:Xst:2260 - The FF/Latch <U0/xst_fifo_generator/gconvfifo.rf/grf.rf/gntv_or_sync_fifo.gl0.wr/wpntr/count_d1_2> in Unit <TX_CTRL_ADDR_FIFO> is equivalent to the following FF/Latch : <U0/xst_fifo_generator/gconvfifo.rf/grf.rf/gntv_or_sync_fifo.gl0.wr/wpntr/count_d1_2_1> 
INFO:Xst:2260 - The FF/Latch <U0/xst_fifo_generator/gconvfifo.rf/grf.rf/gntv_or_sync_fifo.gl0.wr/wpntr/count_d1_1> in Unit <TX_CTRL_ADDR_FIFO> is equivalent to the following FF/Latch : <U0/xst_fifo_generator/gconvfifo.rf/grf.rf/gntv_or_sync_fifo.gl0.wr/wpntr/count_d1_1_1> 
INFO:Xst:2260 - The FF/Latch <U0/xst_fifo_generator/gconvfifo.rf/grf.rf/gntv_or_sync_fifo.gl0.wr/wpntr/count_d1_0> in Unit <TX_CTRL_ADDR_FIFO> is equivalent to the following FF/Latch : <U0/xst_fifo_generator/gconvfifo.rf/grf.rf/gntv_or_sync_fifo.gl0.wr/wpntr/count_d1_0_1> 
INFO:Xst:2260 - The FF/Latch <U0/xst_fifo_generator/gconvfifo.rf/grf.rf/gntv_or_sync_fifo.gl0.rd/grss.rsts/ram_empty_i> in Unit <TX_CTRL_MAC_FIFO> is equivalent to the following FF/Latch : <U0/xst_fifo_generator/gconvfifo.rf/grf.rf/gntv_or_sync_fifo.gl0.rd/grss.rsts/ram_empty_fb_i> 
INFO:Xst:2260 - The FF/Latch <U0/xst_fifo_generator/gconvfifo.rf/grf.rf/gntv_or_sync_fifo.gl0.wr/gwss.wsts/ram_full_fb_i> in Unit <TX_CTRL_MAC_FIFO> is equivalent to the following FF/Latch : <U0/xst_fifo_generator/gconvfifo.rf/grf.rf/gntv_or_sync_fifo.gl0.wr/gwss.wsts/ram_full_i> 
INFO:Xst:2260 - The FF/Latch <U0/xst_fifo_generator/gconvfifo.rf/grf.rf/gntv_or_sync_fifo.gl0.rd/rpntr/count_d1_3> in Unit <TX_CTRL_MAC_FIFO> is equivalent to the following FF/Latch : <U0/xst_fifo_generator/gconvfifo.rf/grf.rf/gntv_or_sync_fifo.gl0.rd/rpntr/count_d1_3_1> 
INFO:Xst:2260 - The FF/Latch <U0/xst_fifo_generator/gconvfifo.rf/grf.rf/gntv_or_sync_fifo.gl0.rd/rpntr/count_d1_2> in Unit <TX_CTRL_MAC_FIFO> is equivalent to the following 2 FFs/Latches : <U0/xst_fifo_generator/gconvfifo.rf/grf.rf/gntv_or_sync_fifo.gl0.rd/rpntr/count_d1_2_1> <U0/xst_fifo_generator/gconvfifo.rf/grf.rf/gntv_or_sync_fifo.gl0.rd/rpntr/count_d1_2_2> 
INFO:Xst:2260 - The FF/Latch <U0/xst_fifo_generator/gconvfifo.rf/grf.rf/gntv_or_sync_fifo.gl0.rd/rpntr/count_d1_0> in Unit <TX_CTRL_MAC_FIFO> is equivalent to the following FF/Latch : <U0/xst_fifo_generator/gconvfifo.rf/grf.rf/gntv_or_sync_fifo.gl0.rd/rpntr/count_d1_0_1> 
INFO:Xst:2260 - The FF/Latch <U0/xst_fifo_generator/gconvfifo.rf/grf.rf/gntv_or_sync_fifo.gl0.wr/wpntr/count_d1_3> in Unit <TX_CTRL_MAC_FIFO> is equivalent to the following FF/Latch : <U0/xst_fifo_generator/gconvfifo.rf/grf.rf/gntv_or_sync_fifo.gl0.wr/wpntr/count_d1_3_1> 
INFO:Xst:2260 - The FF/Latch <U0/xst_fifo_generator/gconvfifo.rf/grf.rf/gntv_or_sync_fifo.gl0.wr/wpntr/count_d1_2> in Unit <TX_CTRL_MAC_FIFO> is equivalent to the following FF/Latch : <U0/xst_fifo_generator/gconvfifo.rf/grf.rf/gntv_or_sync_fifo.gl0.wr/wpntr/count_d1_2_1> 
INFO:Xst:2260 - The FF/Latch <U0/xst_fifo_generator/gconvfifo.rf/grf.rf/gntv_or_sync_fifo.gl0.wr/wpntr/count_d1_1> in Unit <TX_CTRL_MAC_FIFO> is equivalent to the following FF/Latch : <U0/xst_fifo_generator/gconvfifo.rf/grf.rf/gntv_or_sync_fifo.gl0.wr/wpntr/count_d1_1_1> 
INFO:Xst:2260 - The FF/Latch <U0/xst_fifo_generator/gconvfifo.rf/grf.rf/gntv_or_sync_fifo.gl0.wr/wpntr/count_d1_0> in Unit <TX_CTRL_MAC_FIFO> is equivalent to the following FF/Latch : <U0/xst_fifo_generator/gconvfifo.rf/grf.rf/gntv_or_sync_fifo.gl0.wr/wpntr/count_d1_0_1> 

Pipelining and Register Balancing Report ...

Processing Unit <strip_imp/stripana_imp> :
	Register(s) STRIP_DATA_1 has(ve) been backward balanced into : STRIP_DATA_1_BRB2 STRIP_DATA_1_BRB3.
	Register(s) STRIP_DATA_12 has(ve) been backward balanced into : STRIP_DATA_12_BRB2 STRIP_DATA_12_BRB3.
	Register(s) STRIP_DATA_13 has(ve) been backward balanced into : STRIP_DATA_13_BRB2 STRIP_DATA_13_BRB3.
	Register(s) STRIP_DATA_14 has(ve) been backward balanced into : STRIP_DATA_14_BRB2 STRIP_DATA_14_BRB3.
	Register(s) STRIP_DATA_15 has(ve) been backward balanced into : STRIP_DATA_15_BRB2 STRIP_DATA_15_BRB3.
	Register(s) STRIP_DATA_16 has(ve) been backward balanced into : STRIP_DATA_16_BRB2 STRIP_DATA_16_BRB3.
	Register(s) STRIP_DATA_17 has(ve) been backward balanced into : STRIP_DATA_17_BRB2 STRIP_DATA_17_BRB3.
	Register(s) STRIP_DATA_18 has(ve) been backward balanced into : STRIP_DATA_18_BRB2 STRIP_DATA_18_BRB3.
	Register(s) STRIP_DATA_19 has(ve) been backward balanced into : STRIP_DATA_19_BRB2 STRIP_DATA_19_BRB3.
	Register(s) STRIP_DATA_2 has(ve) been backward balanced into : STRIP_DATA_2_BRB2 STRIP_DATA_2_BRB3.
	Register(s) STRIP_DATA_20 has(ve) been backward balanced into : STRIP_DATA_20_BRB2 STRIP_DATA_20_BRB3.
	Register(s) STRIP_DATA_24 has(ve) been backward balanced into : STRIP_DATA_24_BRB2 STRIP_DATA_24_BRB3.
	Register(s) STRIP_DATA_25 has(ve) been backward balanced into : STRIP_DATA_25_BRB2 STRIP_DATA_25_BRB3.
	Register(s) STRIP_DATA_26 has(ve) been backward balanced into : STRIP_DATA_26_BRB2 STRIP_DATA_26_BRB3.
	Register(s) STRIP_DATA_3 has(ve) been backward balanced into : STRIP_DATA_3_BRB2 STRIP_DATA_3_BRB3.
	Register(s) STRIP_DATA_31 has(ve) been backward balanced into : STRIP_DATA_31_BRB0 STRIP_DATA_31_BRB1 STRIP_DATA_31_BRB2.
Unit <strip_imp/stripana_imp> processed.

Final Macro Processing ...

Processing Unit <ICMPPingShiftRegBlock> :
	Found 44-bit shift register for signal <shReg_43_0>.
	Found 44-bit shift register for signal <shReg_43_1>.
	Found 44-bit shift register for signal <shReg_43_2>.
	Found 44-bit shift register for signal <shReg_43_3>.
	Found 44-bit shift register for signal <shReg_43_4>.
	Found 44-bit shift register for signal <shReg_43_5>.
	Found 44-bit shift register for signal <shReg_43_6>.
	Found 44-bit shift register for signal <shReg_43_7>.
Unit <ICMPPingShiftRegBlock> processed.

Processing Unit <startpattern_imp> :
INFO:Xst:741 - HDL ADVISOR - A 4-bit shift register was found for signal <DLY_3> and currently occupies 4 logic cells (2 slices). Removing the set/reset logic would take advantage of SRL16 (and derived) primitives and reduce this to 1 logic cells (1 slices). Evaluate if the set/reset can be removed for this simple shift register. The majority of simple pipeline structures do not need to be set/reset operationally.
Unit <startpattern_imp> processed.

Processing Unit <top> :
	Found 2-bit shift register for signal <rx_addr_reg2_0>.
	Found 2-bit shift register for signal <rx_addr_reg2_1>.
	Found 2-bit shift register for signal <rx_addr_reg2_2>.
	Found 2-bit shift register for signal <rx_addr_reg2_3>.
	Found 2-bit shift register for signal <rx_addr_reg2_4>.
	Found 2-bit shift register for signal <rx_addr_reg2_5>.
	Found 2-bit shift register for signal <rx_addr_reg2_6>.
	Found 2-bit shift register for signal <rx_addr_reg2_7>.
	Found 2-bit shift register for signal <rx_addr_reg2_8>.
	Found 2-bit shift register for signal <rx_addr_reg2_9>.
	Found 2-bit shift register for signal <rx_addr_reg2_10>.
	Found 2-bit shift register for signal <rx_addr_reg2_11>.
	Found 2-bit shift register for signal <rx_addr_reg2_12>.
	Found 2-bit shift register for signal <rx_addr_reg2_13>.
	Found 2-bit shift register for signal <rx_addr_reg2_14>.
	Found 2-bit shift register for signal <rx_addr_reg2_15>.
	Found 2-bit shift register for signal <rx_addr_reg2_16>.
	Found 2-bit shift register for signal <rx_addr_reg2_17>.
	Found 2-bit shift register for signal <rx_addr_reg2_18>.
	Found 2-bit shift register for signal <rx_addr_reg2_19>.
	Found 2-bit shift register for signal <rx_addr_reg2_20>.
	Found 2-bit shift register for signal <rx_addr_reg2_21>.
	Found 2-bit shift register for signal <rx_addr_reg2_22>.
	Found 2-bit shift register for signal <rx_addr_reg2_23>.
	Found 2-bit shift register for signal <rx_addr_reg2_24>.
	Found 2-bit shift register for signal <rx_addr_reg2_25>.
	Found 2-bit shift register for signal <rx_addr_reg2_26>.
	Found 2-bit shift register for signal <rx_addr_reg2_27>.
	Found 2-bit shift register for signal <rx_addr_reg2_28>.
	Found 2-bit shift register for signal <rx_addr_reg2_29>.
	Found 2-bit shift register for signal <rx_addr_reg2_30>.
	Found 2-bit shift register for signal <rx_addr_reg2_31>.
Unit <top> processed.

=========================================================================
Final Register Report

Macro Statistics
# Registers                                            : 6598
 Flip-Flops                                            : 6598
# Shift Registers                                      : 40
 2-bit shift register                                  : 32
 44-bit shift register                                 : 8

=========================================================================

=========================================================================
*                           Partition Report                            *
=========================================================================

Partition Implementation Status
-------------------------------

  No Partitions were found in this design.

-------------------------------

=========================================================================
*                            Final Report                               *
=========================================================================
Final Results
RTL Top Level Output File Name     : top.ngr
Top Level Output File Name         : top
Output Format                      : NGC
Optimization Goal                  : Speed
Keep Hierarchy                     : Yes

Design Statistics
# IOs                              : 215

Cell Usage :
# BELS                             : 16642
#      GND                         : 91
#      INV                         : 437
#      LUT1                        : 727
#      LUT2                        : 1597
#      LUT2_D                      : 9
#      LUT2_L                      : 29
#      LUT3                        : 2533
#      LUT3_D                      : 23
#      LUT3_L                      : 20
#      LUT4                        : 7283
#      LUT4_D                      : 62
#      LUT4_L                      : 366
#      MULT_AND                    : 12
#      MUXCY                       : 1775
#      MUXF5                       : 523
#      MUXF6                       : 21
#      MUXF7                       : 10
#      MUXF8                       : 5
#      VCC                         : 74
#      XORCY                       : 1045
# FlipFlops/Latches                : 8868
#      FD                          : 343
#      FD_1                        : 191
#      FDC                         : 532
#      FDCE                        : 366
#      FDE                         : 2789
#      FDE_1                       : 881
#      FDP                         : 131
#      FDPE                        : 184
#      FDR                         : 837
#      FDR_1                       : 18
#      FDRE                        : 1668
#      FDRE_1                      : 198
#      FDRS                        : 275
#      FDRS_1                      : 3
#      FDRSE                       : 2
#      FDS                         : 52
#      FDS_1                       : 268
#      FDSE                        : 101
#      ODDR                        : 29
# RAMS                             : 653
#      FIFO16                      : 12
#      RAM16X1D                    : 624
#      RAMB16                      : 17
# Shift Registers                  : 88
#      SRL16                       : 32
#      SRL16E                      : 8
#      SRLC16E                     : 48
# Clock Buffers                    : 17
#      BUFG                        : 9
#      BUFGCTRL                    : 8
# IO Buffers                       : 137
#      IBUF                        : 19
#      IBUFDS                      : 44
#      IBUFG                       : 3
#      OBUF                        : 37
#      OBUFDS                      : 34
# DCM_ADVs                         : 2
#      DCM_ADV                     : 2
# Others                           : 62
#      IDELAYCTRL                  : 1
#      ISERDES                     : 60
#      PMCD                        : 1
=========================================================================

Device utilization summary:
---------------------------

Selected Device : 4vlx25ff668-10 

 Number of Slices:                     9628  out of  10752    89%  
 Number of Slice Flip Flops:           8868  out of  21504    41%  
 Number of 4 input LUTs:              14422  out of  21504    67%  
    Number used as logic:             13086
    Number used as Shift registers:      88
    Number used as RAMs:               1248
 Number of IOs:                         215
 Number of bonded IOBs:                 215  out of    448    47%  
 Number of FIFO16/RAMB16s:               29  out of     72    40%  
    Number used as FIFO16s:              12
    Number used as RAMB16s:              17
 Number of GCLKs:                        17  out of     32    53%  
 Number of DCM_ADVs:                      2  out of      8    25%  
 Number of ISERDESs:                     60  out of    448    13%  
 Number of PMCDs:                         1  out of      4    25%  

---------------------------
Partition Resource Summary:
---------------------------

  No Partitions were found in this design.

---------------------------


=========================================================================
TIMING REPORT

NOTE: THESE TIMING NUMBERS ARE ONLY A SYNTHESIS ESTIMATE.
      FOR ACCURATE TIMING INFORMATION PLEASE REFER TO THE TRACE REPORT
      GENERATED AFTER PLACE-and-ROUTE.

Clock Information:
------------------
------------------------------------------------------+--------------------------------------------------------+-------+
Clock Signal                                          | Clock buffer(FF name)                                  | Load  |
------------------------------------------------------+--------------------------------------------------------+-------+
GMII_RXCLK_PAD                                        | IBUFG+BUFG                                             | 3539  |
CLK15NS_PAD                                           | mclk_dcm:CLK0+BUFGCTRL                                 | 3385  |
EXT_CLK_PAD_P                                         | IBUFDS                                                 | 91    |
strip_imp/dac_imp/DIVCLK                              | NONE(DACBUS[0].dac_busa_obuf)                          | 46    |
CLK15NS_PAD                                           | BUFGCTRL+fbcoclk_dcm:CLKFX+bcoclk_pmcd:CLKA1D4+BUFGCTRL| 717   |
CLK15NS_PAD                                           | mclk_dcm:CLKDV                                         | 1807  |
CLK5MHZ_PAD                                           | IBUFG                                                  | 24    |
CLK15NS_PAD                                           | mclk_dcm:CLKFX                                         | 14    |
strip_imp/stripclk_imp/bcocounter_imp/blk00000001/Q<0>| NONE(strip_imp/striptbm_imp/NEED_BCO)                  | 8     |
CLK15NS_PAD                                           | BUFGCTRL+fbcoclk_dcm:CLKFX+bcoclk_pmcd:CLKA1           | 207   |
------------------------------------------------------+--------------------------------------------------------+-------+
INFO:Xst:2169 - HDL ADVISOR - Some clock signals were not automatically buffered by XST with BUFG/BUFR resources. Please use the buffer_type constraint in order to insert these buffers to the clock signals to help prevent skew problems.

Asynchronous Control Signals Information:
----------------------------------------
-----------------------------------------------------------------------------------------------------------------------------------------------------------------------------------------------------------------------------------------------------------------------------------------------------+--------------------------------------------------------------------------------------------------------------------------------------------------------------------------------------------------------------------------------------------+-------+
Control Signal                                                                                                                                                                                                                                                                                       | Buffer(FF name)                                                                                                                                                                                                                            | Load  |
-----------------------------------------------------------------------------------------------------------------------------------------------------------------------------------------------------------------------------------------------------------------------------------------------------+--------------------------------------------------------------------------------------------------------------------------------------------------------------------------------------------------------------------------------------------+-------+
eth_interface/reset_mgr/reset(eth_interface/reset_mgr/reset:Q)                                                                                                                                                                                                                                       | NONE(eth_interface/ec_wrapper/crcChk/CRC_reg_0)                                                                                                                                                                                            | 64    |
strip_imp/stripstream_imp/streamipbuf_imp/U0/xst_fifo_generator/gconvfifo.rf/grf.rf/rstblk/wr_rst_reg<0>(strip_imp/stripstream_imp/streamipbuf_imp/U0/xst_fifo_generator/gconvfifo.rf/grf.rf/rstblk/wr_rst_reg_0:Q)                                                                                  | NONE(strip_imp/stripstream_imp/streamipbuf_imp/U0/xst_fifo_generator/gconvfifo.rf/grf.rf/gntv_or_sync_fifo.gcx.clkx/gsync_stage[1].wr_stg_inst/Q_reg_0)                                                                                    | 44    |
strip_imp/stripstream_imp/streamipbuf_imp/U0/xst_fifo_generator/gconvfifo.rf/grf.rf/rstblk/rd_rst_reg<1>(strip_imp/stripstream_imp/streamipbuf_imp/U0/xst_fifo_generator/gconvfifo.rf/grf.rf/rstblk/rd_rst_reg_1:Q)                                                                                  | NONE(strip_imp/stripstream_imp/streamipbuf_imp/U0/xst_fifo_generator/gconvfifo.rf/grf.rf/gntv_or_sync_fifo.gcx.clkx/gsync_stage[1].rd_stg_inst/Q_reg_0)                                                                                    | 42    |
strip_imp/stripstream_imp/streamipbuf_imp/U0/xst_fifo_generator/gconvfifo.rf/grf.rf/rstblk/wr_rst_reg<1>(strip_imp/stripstream_imp/streamipbuf_imp/U0/xst_fifo_generator/gconvfifo.rf/grf.rf/rstblk/wr_rst_reg_1:Q)                                                                                  | NONE(strip_imp/stripstream_imp/streamipbuf_imp/U0/xst_fifo_generator/gconvfifo.rf/grf.rf/gntv_or_sync_fifo.gl0.wr/gwas.gpf.wrpf/diff_pntr_pad_1)                                                                                           | 40    |
strip_imp/reset_imp/fifo_reset_0(strip_imp/reset_imp/fifo_reset_0:Q)                                                                                                                                                                                                                                 | NONE(strip_imp/stripstream_imp/packetfifo_imp/U0/xst_fifo_generator/gconvfifo.rf/grf.rf/rstblk/RST_FULL_GEN)                                                                                                                               | 32    |
strip_imp/stripstream_imp/packetfifo_imp/U0/xst_fifo_generator/gconvfifo.rf/grf.rf/rstblk/rd_rst_reg<0>(strip_imp/stripstream_imp/packetfifo_imp/U0/xst_fifo_generator/gconvfifo.rf/grf.rf/rstblk/rd_rst_reg_0:Q)                                                                                    | NONE(strip_imp/stripstream_imp/packetfifo_imp/U0/xst_fifo_generator/gconvfifo.rf/grf.rf/gntv_or_sync_fifo.mem/gsm.sm/dout_i_0)                                                                                                             | 32    |
strip_imp/stripstream_imp/streamipbuf_imp/U0/xst_fifo_generator/gconvfifo.rf/grf.rf/rstblk/rd_rst_reg<2>(strip_imp/stripstream_imp/streamipbuf_imp/U0/xst_fifo_generator/gconvfifo.rf/grf.rf/rstblk/rd_rst_reg_2:Q)                                                                                  | NONE(strip_imp/stripstream_imp/streamipbuf_imp/U0/xst_fifo_generator/gconvfifo.rf/grf.rf/gntv_or_sync_fifo.gl0.rd/gr1.rfwft/curr_fwft_state_FSM_FFd1)                                                                                      | 29    |
stackGen[0].fifo_imp/U0/xst_fifo_generator/gconvfifo.rf/gbiv4.fgfifo16_patch/fblk/gen_wgtr.inst_wgtr/lut_f/rstblk/wr_rst_reg<0>(stackGen[0].fifo_imp/U0/xst_fifo_generator/gconvfifo.rf/gbiv4.fgfifo16_patch/fblk/gen_wgtr.inst_wgtr/lut_f/rstblk/wr_rst_reg_0:Q)                                    | NONE(stackGen[0].fifo_imp/U0/xst_fifo_generator/gconvfifo.rf/gbiv4.fgfifo16_patch/fblk/gen_wgtr.inst_wgtr/lut_f/gntv_or_sync_fifo.gcx.clkx/gsync_stage[1].wr_stg_inst/Q_reg_0)                                                             | 18    |
strip_imp/G[0].strip_fifo_imp/fifo_imp/U0/xst_fifo_generator/gconvfifo.rf/gbiv4.fgfifo16_patch/fblk/gen_wgtr.inst_wgtr/lut_f/rstblk/wr_rst_reg<0>(strip_imp/G[0].strip_fifo_imp/fifo_imp/U0/xst_fifo_generator/gconvfifo.rf/gbiv4.fgfifo16_patch/fblk/gen_wgtr.inst_wgtr/lut_f/rstblk/wr_rst_reg_0:Q)| NONE(strip_imp/G[0].strip_fifo_imp/fifo_imp/U0/xst_fifo_generator/gconvfifo.rf/gbiv4.fgfifo16_patch/fblk/gen_wgtr.inst_wgtr/lut_f/gntv_or_sync_fifo.gcx.clkx/gsync_stage[1].wr_stg_inst/Q_reg_0)                                           | 18    |
strip_imp/G[1].strip_fifo_imp/fifo_imp/U0/xst_fifo_generator/gconvfifo.rf/gbiv4.fgfifo16_patch/fblk/gen_wgtr.inst_wgtr/lut_f/rstblk/wr_rst_reg<0>(strip_imp/G[1].strip_fifo_imp/fifo_imp/U0/xst_fifo_generator/gconvfifo.rf/gbiv4.fgfifo16_patch/fblk/gen_wgtr.inst_wgtr/lut_f/rstblk/wr_rst_reg_0:Q)| NONE(strip_imp/G[1].strip_fifo_imp/fifo_imp/U0/xst_fifo_generator/gconvfifo.rf/gbiv4.fgfifo16_patch/fblk/gen_wgtr.inst_wgtr/lut_f/gntv_or_sync_fifo.gcx.clkx/gsync_stage[1].wr_stg_inst/Q_reg_0)                                           | 18    |
strip_imp/G[2].strip_fifo_imp/fifo_imp/U0/xst_fifo_generator/gconvfifo.rf/gbiv4.fgfifo16_patch/fblk/gen_wgtr.inst_wgtr/lut_f/rstblk/wr_rst_reg<0>(strip_imp/G[2].strip_fifo_imp/fifo_imp/U0/xst_fifo_generator/gconvfifo.rf/gbiv4.fgfifo16_patch/fblk/gen_wgtr.inst_wgtr/lut_f/rstblk/wr_rst_reg_0:Q)| NONE(strip_imp/G[2].strip_fifo_imp/fifo_imp/U0/xst_fifo_generator/gconvfifo.rf/gbiv4.fgfifo16_patch/fblk/gen_wgtr.inst_wgtr/lut_f/gntv_or_sync_fifo.gcx.clkx/gsync_stage[1].wr_stg_inst/Q_reg_0)                                           | 18    |
strip_imp/G[3].strip_fifo_imp/fifo_imp/U0/xst_fifo_generator/gconvfifo.rf/gbiv4.fgfifo16_patch/fblk/gen_wgtr.inst_wgtr/lut_f/rstblk/wr_rst_reg<0>(strip_imp/G[3].strip_fifo_imp/fifo_imp/U0/xst_fifo_generator/gconvfifo.rf/gbiv4.fgfifo16_patch/fblk/gen_wgtr.inst_wgtr/lut_f/rstblk/wr_rst_reg_0:Q)| NONE(strip_imp/G[3].strip_fifo_imp/fifo_imp/U0/xst_fifo_generator/gconvfifo.rf/gbiv4.fgfifo16_patch/fblk/gen_wgtr.inst_wgtr/lut_f/gntv_or_sync_fifo.gcx.clkx/gsync_stage[1].wr_stg_inst/Q_reg_0)                                           | 18    |
strip_imp/G[4].strip_fifo_imp/fifo_imp/U0/xst_fifo_generator/gconvfifo.rf/gbiv4.fgfifo16_patch/fblk/gen_wgtr.inst_wgtr/lut_f/rstblk/wr_rst_reg<0>(strip_imp/G[4].strip_fifo_imp/fifo_imp/U0/xst_fifo_generator/gconvfifo.rf/gbiv4.fgfifo16_patch/fblk/gen_wgtr.inst_wgtr/lut_f/rstblk/wr_rst_reg_0:Q)| NONE(strip_imp/G[4].strip_fifo_imp/fifo_imp/U0/xst_fifo_generator/gconvfifo.rf/gbiv4.fgfifo16_patch/fblk/gen_wgtr.inst_wgtr/lut_f/gntv_or_sync_fifo.gcx.clkx/gsync_stage[1].wr_stg_inst/Q_reg_0)                                           | 18    |
strip_imp/G[5].strip_fifo_imp/fifo_imp/U0/xst_fifo_generator/gconvfifo.rf/gbiv4.fgfifo16_patch/fblk/gen_wgtr.inst_wgtr/lut_f/rstblk/wr_rst_reg<0>(strip_imp/G[5].strip_fifo_imp/fifo_imp/U0/xst_fifo_generator/gconvfifo.rf/gbiv4.fgfifo16_patch/fblk/gen_wgtr.inst_wgtr/lut_f/rstblk/wr_rst_reg_0:Q)| NONE(strip_imp/G[5].strip_fifo_imp/fifo_imp/U0/xst_fifo_generator/gconvfifo.rf/gbiv4.fgfifo16_patch/fblk/gen_wgtr.inst_wgtr/lut_f/gntv_or_sync_fifo.gcx.clkx/gsync_stage[1].wr_stg_inst/Q_reg_0)                                           | 18    |
strip_imp/trigprim0_imp/fifo_imp/U0/xst_fifo_generator/gconvfifo.rf/gbiv4.fgfifo16_patch/fblk/gen_wgtr.inst_wgtr/lut_f/rstblk/wr_rst_reg<0>(strip_imp/trigprim0_imp/fifo_imp/U0/xst_fifo_generator/gconvfifo.rf/gbiv4.fgfifo16_patch/fblk/gen_wgtr.inst_wgtr/lut_f/rstblk/wr_rst_reg_0:Q)            | NONE(strip_imp/trigprim0_imp/fifo_imp/U0/xst_fifo_generator/gconvfifo.rf/gbiv4.fgfifo16_patch/fblk/gen_wgtr.inst_wgtr/lut_f/gntv_or_sync_fifo.gcx.clkx/gsync_stage[1].wr_stg_inst/Q_reg_0)                                                 | 18    |
strip_imp/trigprim1_imp/fifo_imp/U0/xst_fifo_generator/gconvfifo.rf/gbiv4.fgfifo16_patch/fblk/gen_wgtr.inst_wgtr/lut_f/rstblk/wr_rst_reg<0>(strip_imp/trigprim1_imp/fifo_imp/U0/xst_fifo_generator/gconvfifo.rf/gbiv4.fgfifo16_patch/fblk/gen_wgtr.inst_wgtr/lut_f/rstblk/wr_rst_reg_0:Q)            | NONE(strip_imp/trigprim1_imp/fifo_imp/U0/xst_fifo_generator/gconvfifo.rf/gbiv4.fgfifo16_patch/fblk/gen_wgtr.inst_wgtr/lut_f/gntv_or_sync_fifo.gcx.clkx/gsync_stage[1].wr_stg_inst/Q_reg_0)                                                 | 18    |
strip_imp/trigprim2_imp/fifo_imp/U0/xst_fifo_generator/gconvfifo.rf/gbiv4.fgfifo16_patch/fblk/gen_wgtr.inst_wgtr/lut_f/rstblk/wr_rst_reg<0>(strip_imp/trigprim2_imp/fifo_imp/U0/xst_fifo_generator/gconvfifo.rf/gbiv4.fgfifo16_patch/fblk/gen_wgtr.inst_wgtr/lut_f/rstblk/wr_rst_reg_0:Q)            | NONE(strip_imp/trigprim2_imp/fifo_imp/U0/xst_fifo_generator/gconvfifo.rf/gbiv4.fgfifo16_patch/fblk/gen_wgtr.inst_wgtr/lut_f/gntv_or_sync_fifo.gcx.clkx/gsync_stage[1].wr_stg_inst/Q_reg_0)                                                 | 18    |
strip_imp/trigprim3_imp/fifo_imp/U0/xst_fifo_generator/gconvfifo.rf/gbiv4.fgfifo16_patch/fblk/gen_wgtr.inst_wgtr/lut_f/rstblk/wr_rst_reg<0>(strip_imp/trigprim3_imp/fifo_imp/U0/xst_fifo_generator/gconvfifo.rf/gbiv4.fgfifo16_patch/fblk/gen_wgtr.inst_wgtr/lut_f/rstblk/wr_rst_reg_0:Q)            | NONE(strip_imp/trigprim3_imp/fifo_imp/U0/xst_fifo_generator/gconvfifo.rf/gbiv4.fgfifo16_patch/fblk/gen_wgtr.inst_wgtr/lut_f/gntv_or_sync_fifo.gcx.clkx/gsync_stage[1].wr_stg_inst/Q_reg_0)                                                 | 18    |
strip_imp/trigproc_imp/fifo_imp/U0/xst_fifo_generator/gconvfifo.rf/gbiv4.fgfifo16_patch/fblk/gen_wgtr.inst_wgtr/lut_f/rstblk/wr_rst_reg<0>(strip_imp/trigproc_imp/fifo_imp/U0/xst_fifo_generator/gconvfifo.rf/gbiv4.fgfifo16_patch/fblk/gen_wgtr.inst_wgtr/lut_f/rstblk/wr_rst_reg_0:Q)              | NONE(strip_imp/trigproc_imp/fifo_imp/U0/xst_fifo_generator/gconvfifo.rf/gbiv4.fgfifo16_patch/fblk/gen_wgtr.inst_wgtr/lut_f/gntv_or_sync_fifo.gcx.clkx/gsync_stage[1].wr_stg_inst/Q_reg_0)                                                  | 18    |
stackGen[0].fifo_imp/U0/xst_fifo_generator/gconvfifo.rf/gbiv4.fgfifo16_patch/fblk/gen_wgtr.inst_wgtr/lut_f/rstblk/rd_rst_reg<1>(stackGen[0].fifo_imp/U0/xst_fifo_generator/gconvfifo.rf/gbiv4.fgfifo16_patch/fblk/gen_wgtr.inst_wgtr/lut_f/rstblk/rd_rst_reg_1:Q)                                    | NONE(stackGen[0].fifo_imp/U0/xst_fifo_generator/gconvfifo.rf/gbiv4.fgfifo16_patch/fblk/gen_wgtr.inst_wgtr/lut_f/gntv_or_sync_fifo.gcx.clkx/gsync_stage[1].rd_stg_inst/Q_reg_0)                                                             | 16    |
stackGen[0].fifo_imp/U0/xst_fifo_generator/gconvfifo.rf/gbiv4.fgfifo16_patch/fblk/gen_wgtr.inst_wgtr/lut_f/rstblk/wr_rst_reg<1>(stackGen[0].fifo_imp/U0/xst_fifo_generator/gconvfifo.rf/gbiv4.fgfifo16_patch/fblk/gen_wgtr.inst_wgtr/lut_f/rstblk/wr_rst_reg_1:Q)                                    | NONE(stackGen[0].fifo_imp/U0/xst_fifo_generator/gconvfifo.rf/gbiv4.fgfifo16_patch/fblk/gen_wgtr.inst_wgtr/lut_f/gntv_or_sync_fifo.gl0.wr/wpntr/count_0)                                                                                    | 16    |
strip_imp/G[0].strip_fifo_imp/fifo_imp/U0/xst_fifo_generator/gconvfifo.rf/gbiv4.fgfifo16_patch/fblk/gen_wgtr.inst_wgtr/lut_f/rstblk/rd_rst_reg<1>(strip_imp/G[0].strip_fifo_imp/fifo_imp/U0/xst_fifo_generator/gconvfifo.rf/gbiv4.fgfifo16_patch/fblk/gen_wgtr.inst_wgtr/lut_f/rstblk/rd_rst_reg_1:Q)| NONE(strip_imp/G[0].strip_fifo_imp/fifo_imp/U0/xst_fifo_generator/gconvfifo.rf/gbiv4.fgfifo16_patch/fblk/gen_wgtr.inst_wgtr/lut_f/gntv_or_sync_fifo.gcx.clkx/gsync_stage[1].rd_stg_inst/Q_reg_0)                                           | 16    |
strip_imp/G[0].strip_fifo_imp/fifo_imp/U0/xst_fifo_generator/gconvfifo.rf/gbiv4.fgfifo16_patch/fblk/gen_wgtr.inst_wgtr/lut_f/rstblk/wr_rst_reg<1>(strip_imp/G[0].strip_fifo_imp/fifo_imp/U0/xst_fifo_generator/gconvfifo.rf/gbiv4.fgfifo16_patch/fblk/gen_wgtr.inst_wgtr/lut_f/rstblk/wr_rst_reg_1:Q)| NONE(strip_imp/G[0].strip_fifo_imp/fifo_imp/U0/xst_fifo_generator/gconvfifo.rf/gbiv4.fgfifo16_patch/fblk/gen_wgtr.inst_wgtr/lut_f/gntv_or_sync_fifo.gl0.wr/wpntr/count_0)                                                                  | 16    |
strip_imp/G[1].strip_fifo_imp/fifo_imp/U0/xst_fifo_generator/gconvfifo.rf/gbiv4.fgfifo16_patch/fblk/gen_wgtr.inst_wgtr/lut_f/rstblk/rd_rst_reg<1>(strip_imp/G[1].strip_fifo_imp/fifo_imp/U0/xst_fifo_generator/gconvfifo.rf/gbiv4.fgfifo16_patch/fblk/gen_wgtr.inst_wgtr/lut_f/rstblk/rd_rst_reg_1:Q)| NONE(strip_imp/G[1].strip_fifo_imp/fifo_imp/U0/xst_fifo_generator/gconvfifo.rf/gbiv4.fgfifo16_patch/fblk/gen_wgtr.inst_wgtr/lut_f/gntv_or_sync_fifo.gcx.clkx/gsync_stage[1].rd_stg_inst/Q_reg_0)                                           | 16    |
strip_imp/G[1].strip_fifo_imp/fifo_imp/U0/xst_fifo_generator/gconvfifo.rf/gbiv4.fgfifo16_patch/fblk/gen_wgtr.inst_wgtr/lut_f/rstblk/wr_rst_reg<1>(strip_imp/G[1].strip_fifo_imp/fifo_imp/U0/xst_fifo_generator/gconvfifo.rf/gbiv4.fgfifo16_patch/fblk/gen_wgtr.inst_wgtr/lut_f/rstblk/wr_rst_reg_1:Q)| NONE(strip_imp/G[1].strip_fifo_imp/fifo_imp/U0/xst_fifo_generator/gconvfifo.rf/gbiv4.fgfifo16_patch/fblk/gen_wgtr.inst_wgtr/lut_f/gntv_or_sync_fifo.gl0.wr/wpntr/count_0)                                                                  | 16    |
strip_imp/G[2].strip_fifo_imp/fifo_imp/U0/xst_fifo_generator/gconvfifo.rf/gbiv4.fgfifo16_patch/fblk/gen_wgtr.inst_wgtr/lut_f/rstblk/rd_rst_reg<1>(strip_imp/G[2].strip_fifo_imp/fifo_imp/U0/xst_fifo_generator/gconvfifo.rf/gbiv4.fgfifo16_patch/fblk/gen_wgtr.inst_wgtr/lut_f/rstblk/rd_rst_reg_1:Q)| NONE(strip_imp/G[2].strip_fifo_imp/fifo_imp/U0/xst_fifo_generator/gconvfifo.rf/gbiv4.fgfifo16_patch/fblk/gen_wgtr.inst_wgtr/lut_f/gntv_or_sync_fifo.gcx.clkx/gsync_stage[1].rd_stg_inst/Q_reg_0)                                           | 16    |
strip_imp/G[2].strip_fifo_imp/fifo_imp/U0/xst_fifo_generator/gconvfifo.rf/gbiv4.fgfifo16_patch/fblk/gen_wgtr.inst_wgtr/lut_f/rstblk/wr_rst_reg<1>(strip_imp/G[2].strip_fifo_imp/fifo_imp/U0/xst_fifo_generator/gconvfifo.rf/gbiv4.fgfifo16_patch/fblk/gen_wgtr.inst_wgtr/lut_f/rstblk/wr_rst_reg_1:Q)| NONE(strip_imp/G[2].strip_fifo_imp/fifo_imp/U0/xst_fifo_generator/gconvfifo.rf/gbiv4.fgfifo16_patch/fblk/gen_wgtr.inst_wgtr/lut_f/gntv_or_sync_fifo.gl0.wr/wpntr/count_0)                                                                  | 16    |
strip_imp/G[3].strip_fifo_imp/fifo_imp/U0/xst_fifo_generator/gconvfifo.rf/gbiv4.fgfifo16_patch/fblk/gen_wgtr.inst_wgtr/lut_f/rstblk/rd_rst_reg<1>(strip_imp/G[3].strip_fifo_imp/fifo_imp/U0/xst_fifo_generator/gconvfifo.rf/gbiv4.fgfifo16_patch/fblk/gen_wgtr.inst_wgtr/lut_f/rstblk/rd_rst_reg_1:Q)| NONE(strip_imp/G[3].strip_fifo_imp/fifo_imp/U0/xst_fifo_generator/gconvfifo.rf/gbiv4.fgfifo16_patch/fblk/gen_wgtr.inst_wgtr/lut_f/gntv_or_sync_fifo.gcx.clkx/gsync_stage[1].rd_stg_inst/Q_reg_0)                                           | 16    |
strip_imp/G[3].strip_fifo_imp/fifo_imp/U0/xst_fifo_generator/gconvfifo.rf/gbiv4.fgfifo16_patch/fblk/gen_wgtr.inst_wgtr/lut_f/rstblk/wr_rst_reg<1>(strip_imp/G[3].strip_fifo_imp/fifo_imp/U0/xst_fifo_generator/gconvfifo.rf/gbiv4.fgfifo16_patch/fblk/gen_wgtr.inst_wgtr/lut_f/rstblk/wr_rst_reg_1:Q)| NONE(strip_imp/G[3].strip_fifo_imp/fifo_imp/U0/xst_fifo_generator/gconvfifo.rf/gbiv4.fgfifo16_patch/fblk/gen_wgtr.inst_wgtr/lut_f/gntv_or_sync_fifo.gl0.wr/wpntr/count_0)                                                                  | 16    |
strip_imp/G[4].strip_fifo_imp/fifo_imp/U0/xst_fifo_generator/gconvfifo.rf/gbiv4.fgfifo16_patch/fblk/gen_wgtr.inst_wgtr/lut_f/rstblk/rd_rst_reg<1>(strip_imp/G[4].strip_fifo_imp/fifo_imp/U0/xst_fifo_generator/gconvfifo.rf/gbiv4.fgfifo16_patch/fblk/gen_wgtr.inst_wgtr/lut_f/rstblk/rd_rst_reg_1:Q)| NONE(strip_imp/G[4].strip_fifo_imp/fifo_imp/U0/xst_fifo_generator/gconvfifo.rf/gbiv4.fgfifo16_patch/fblk/gen_wgtr.inst_wgtr/lut_f/gntv_or_sync_fifo.gcx.clkx/gsync_stage[1].rd_stg_inst/Q_reg_0)                                           | 16    |
strip_imp/G[4].strip_fifo_imp/fifo_imp/U0/xst_fifo_generator/gconvfifo.rf/gbiv4.fgfifo16_patch/fblk/gen_wgtr.inst_wgtr/lut_f/rstblk/wr_rst_reg<1>(strip_imp/G[4].strip_fifo_imp/fifo_imp/U0/xst_fifo_generator/gconvfifo.rf/gbiv4.fgfifo16_patch/fblk/gen_wgtr.inst_wgtr/lut_f/rstblk/wr_rst_reg_1:Q)| NONE(strip_imp/G[4].strip_fifo_imp/fifo_imp/U0/xst_fifo_generator/gconvfifo.rf/gbiv4.fgfifo16_patch/fblk/gen_wgtr.inst_wgtr/lut_f/gntv_or_sync_fifo.gl0.wr/wpntr/count_0)                                                                  | 16    |
strip_imp/G[5].strip_fifo_imp/fifo_imp/U0/xst_fifo_generator/gconvfifo.rf/gbiv4.fgfifo16_patch/fblk/gen_wgtr.inst_wgtr/lut_f/rstblk/rd_rst_reg<1>(strip_imp/G[5].strip_fifo_imp/fifo_imp/U0/xst_fifo_generator/gconvfifo.rf/gbiv4.fgfifo16_patch/fblk/gen_wgtr.inst_wgtr/lut_f/rstblk/rd_rst_reg_1:Q)| NONE(strip_imp/G[5].strip_fifo_imp/fifo_imp/U0/xst_fifo_generator/gconvfifo.rf/gbiv4.fgfifo16_patch/fblk/gen_wgtr.inst_wgtr/lut_f/gntv_or_sync_fifo.gcx.clkx/gsync_stage[1].rd_stg_inst/Q_reg_0)                                           | 16    |
strip_imp/G[5].strip_fifo_imp/fifo_imp/U0/xst_fifo_generator/gconvfifo.rf/gbiv4.fgfifo16_patch/fblk/gen_wgtr.inst_wgtr/lut_f/rstblk/wr_rst_reg<1>(strip_imp/G[5].strip_fifo_imp/fifo_imp/U0/xst_fifo_generator/gconvfifo.rf/gbiv4.fgfifo16_patch/fblk/gen_wgtr.inst_wgtr/lut_f/rstblk/wr_rst_reg_1:Q)| NONE(strip_imp/G[5].strip_fifo_imp/fifo_imp/U0/xst_fifo_generator/gconvfifo.rf/gbiv4.fgfifo16_patch/fblk/gen_wgtr.inst_wgtr/lut_f/gntv_or_sync_fifo.gl0.wr/wpntr/count_0)                                                                  | 16    |
strip_imp/trigprim0_imp/fifo_imp/U0/xst_fifo_generator/gconvfifo.rf/gbiv4.fgfifo16_patch/fblk/gen_wgtr.inst_wgtr/lut_f/rstblk/rd_rst_reg<1>(strip_imp/trigprim0_imp/fifo_imp/U0/xst_fifo_generator/gconvfifo.rf/gbiv4.fgfifo16_patch/fblk/gen_wgtr.inst_wgtr/lut_f/rstblk/rd_rst_reg_1:Q)            | NONE(strip_imp/trigprim0_imp/fifo_imp/U0/xst_fifo_generator/gconvfifo.rf/gbiv4.fgfifo16_patch/fblk/gen_wgtr.inst_wgtr/lut_f/gntv_or_sync_fifo.gcx.clkx/gsync_stage[1].rd_stg_inst/Q_reg_0)                                                 | 16    |
strip_imp/trigprim0_imp/fifo_imp/U0/xst_fifo_generator/gconvfifo.rf/gbiv4.fgfifo16_patch/fblk/gen_wgtr.inst_wgtr/lut_f/rstblk/wr_rst_reg<1>(strip_imp/trigprim0_imp/fifo_imp/U0/xst_fifo_generator/gconvfifo.rf/gbiv4.fgfifo16_patch/fblk/gen_wgtr.inst_wgtr/lut_f/rstblk/wr_rst_reg_1:Q)            | NONE(strip_imp/trigprim0_imp/fifo_imp/U0/xst_fifo_generator/gconvfifo.rf/gbiv4.fgfifo16_patch/fblk/gen_wgtr.inst_wgtr/lut_f/gntv_or_sync_fifo.gl0.wr/wpntr/count_0)                                                                        | 16    |
strip_imp/trigprim1_imp/fifo_imp/U0/xst_fifo_generator/gconvfifo.rf/gbiv4.fgfifo16_patch/fblk/gen_wgtr.inst_wgtr/lut_f/rstblk/rd_rst_reg<1>(strip_imp/trigprim1_imp/fifo_imp/U0/xst_fifo_generator/gconvfifo.rf/gbiv4.fgfifo16_patch/fblk/gen_wgtr.inst_wgtr/lut_f/rstblk/rd_rst_reg_1:Q)            | NONE(strip_imp/trigprim1_imp/fifo_imp/U0/xst_fifo_generator/gconvfifo.rf/gbiv4.fgfifo16_patch/fblk/gen_wgtr.inst_wgtr/lut_f/gntv_or_sync_fifo.gcx.clkx/gsync_stage[1].rd_stg_inst/Q_reg_0)                                                 | 16    |
strip_imp/trigprim1_imp/fifo_imp/U0/xst_fifo_generator/gconvfifo.rf/gbiv4.fgfifo16_patch/fblk/gen_wgtr.inst_wgtr/lut_f/rstblk/wr_rst_reg<1>(strip_imp/trigprim1_imp/fifo_imp/U0/xst_fifo_generator/gconvfifo.rf/gbiv4.fgfifo16_patch/fblk/gen_wgtr.inst_wgtr/lut_f/rstblk/wr_rst_reg_1:Q)            | NONE(strip_imp/trigprim1_imp/fifo_imp/U0/xst_fifo_generator/gconvfifo.rf/gbiv4.fgfifo16_patch/fblk/gen_wgtr.inst_wgtr/lut_f/gntv_or_sync_fifo.gl0.wr/wpntr/count_0)                                                                        | 16    |
strip_imp/trigprim2_imp/fifo_imp/U0/xst_fifo_generator/gconvfifo.rf/gbiv4.fgfifo16_patch/fblk/gen_wgtr.inst_wgtr/lut_f/rstblk/rd_rst_reg<1>(strip_imp/trigprim2_imp/fifo_imp/U0/xst_fifo_generator/gconvfifo.rf/gbiv4.fgfifo16_patch/fblk/gen_wgtr.inst_wgtr/lut_f/rstblk/rd_rst_reg_1:Q)            | NONE(strip_imp/trigprim2_imp/fifo_imp/U0/xst_fifo_generator/gconvfifo.rf/gbiv4.fgfifo16_patch/fblk/gen_wgtr.inst_wgtr/lut_f/gntv_or_sync_fifo.gcx.clkx/gsync_stage[1].rd_stg_inst/Q_reg_0)                                                 | 16    |
strip_imp/trigprim2_imp/fifo_imp/U0/xst_fifo_generator/gconvfifo.rf/gbiv4.fgfifo16_patch/fblk/gen_wgtr.inst_wgtr/lut_f/rstblk/wr_rst_reg<1>(strip_imp/trigprim2_imp/fifo_imp/U0/xst_fifo_generator/gconvfifo.rf/gbiv4.fgfifo16_patch/fblk/gen_wgtr.inst_wgtr/lut_f/rstblk/wr_rst_reg_1:Q)            | NONE(strip_imp/trigprim2_imp/fifo_imp/U0/xst_fifo_generator/gconvfifo.rf/gbiv4.fgfifo16_patch/fblk/gen_wgtr.inst_wgtr/lut_f/gntv_or_sync_fifo.gl0.wr/wpntr/count_0)                                                                        | 16    |
strip_imp/trigprim3_imp/fifo_imp/U0/xst_fifo_generator/gconvfifo.rf/gbiv4.fgfifo16_patch/fblk/gen_wgtr.inst_wgtr/lut_f/rstblk/rd_rst_reg<1>(strip_imp/trigprim3_imp/fifo_imp/U0/xst_fifo_generator/gconvfifo.rf/gbiv4.fgfifo16_patch/fblk/gen_wgtr.inst_wgtr/lut_f/rstblk/rd_rst_reg_1:Q)            | NONE(strip_imp/trigprim3_imp/fifo_imp/U0/xst_fifo_generator/gconvfifo.rf/gbiv4.fgfifo16_patch/fblk/gen_wgtr.inst_wgtr/lut_f/gntv_or_sync_fifo.gcx.clkx/gsync_stage[1].rd_stg_inst/Q_reg_0)                                                 | 16    |
strip_imp/trigprim3_imp/fifo_imp/U0/xst_fifo_generator/gconvfifo.rf/gbiv4.fgfifo16_patch/fblk/gen_wgtr.inst_wgtr/lut_f/rstblk/wr_rst_reg<1>(strip_imp/trigprim3_imp/fifo_imp/U0/xst_fifo_generator/gconvfifo.rf/gbiv4.fgfifo16_patch/fblk/gen_wgtr.inst_wgtr/lut_f/rstblk/wr_rst_reg_1:Q)            | NONE(strip_imp/trigprim3_imp/fifo_imp/U0/xst_fifo_generator/gconvfifo.rf/gbiv4.fgfifo16_patch/fblk/gen_wgtr.inst_wgtr/lut_f/gntv_or_sync_fifo.gl0.wr/wpntr/count_0)                                                                        | 16    |
strip_imp/trigproc_imp/fifo_imp/U0/xst_fifo_generator/gconvfifo.rf/gbiv4.fgfifo16_patch/fblk/gen_wgtr.inst_wgtr/lut_f/rstblk/rd_rst_reg<1>(strip_imp/trigproc_imp/fifo_imp/U0/xst_fifo_generator/gconvfifo.rf/gbiv4.fgfifo16_patch/fblk/gen_wgtr.inst_wgtr/lut_f/rstblk/rd_rst_reg_1:Q)              | NONE(strip_imp/trigproc_imp/fifo_imp/U0/xst_fifo_generator/gconvfifo.rf/gbiv4.fgfifo16_patch/fblk/gen_wgtr.inst_wgtr/lut_f/gntv_or_sync_fifo.gcx.clkx/gsync_stage[1].rd_stg_inst/Q_reg_0)                                                  | 16    |
strip_imp/trigproc_imp/fifo_imp/U0/xst_fifo_generator/gconvfifo.rf/gbiv4.fgfifo16_patch/fblk/gen_wgtr.inst_wgtr/lut_f/rstblk/wr_rst_reg<1>(strip_imp/trigproc_imp/fifo_imp/U0/xst_fifo_generator/gconvfifo.rf/gbiv4.fgfifo16_patch/fblk/gen_wgtr.inst_wgtr/lut_f/rstblk/wr_rst_reg_1:Q)              | NONE(strip_imp/trigproc_imp/fifo_imp/U0/xst_fifo_generator/gconvfifo.rf/gbiv4.fgfifo16_patch/fblk/gen_wgtr.inst_wgtr/lut_f/gntv_or_sync_fifo.gl0.wr/wpntr/count_0)                                                                         | 16    |
strip_imp/stripstream_imp/packetfifo_imp/U0/xst_fifo_generator/gconvfifo.rf/grf.rf/rstblk/rd_rst_reg<1>(strip_imp/stripstream_imp/packetfifo_imp/U0/xst_fifo_generator/gconvfifo.rf/grf.rf/rstblk/rd_rst_reg_1:Q)                                                                                    | NONE(strip_imp/stripstream_imp/packetfifo_imp/U0/xst_fifo_generator/gconvfifo.rf/grf.rf/gntv_or_sync_fifo.gl1.lsshft/c0/count_0)                                                                                                           | 14    |
stackGen[0].fifo_imp/U0/xst_fifo_generator/gconvfifo.rf/gbiv4.fgfifo16_patch/fblk/gen_wgtr.inst_wgtr/lut_f/rstblk/rd_rst_reg<2>(stackGen[0].fifo_imp/U0/xst_fifo_generator/gconvfifo.rf/gbiv4.fgfifo16_patch/fblk/gen_wgtr.inst_wgtr/lut_f/rstblk/rd_rst_reg_2:Q)                                    | NONE(stackGen[0].fifo_imp/U0/xst_fifo_generator/gconvfifo.rf/gbiv4.fgfifo16_patch/fblk/gen_wgtr.inst_wgtr/lut_f/gntv_or_sync_fifo.gl0.rd/gras.rsts/ram_empty_fb_i)                                                                         | 13    |
strip_imp/G[0].strip_fifo_imp/fifo_imp/U0/xst_fifo_generator/gconvfifo.rf/gbiv4.fgfifo16_patch/fblk/gen_wgtr.inst_wgtr/lut_f/rstblk/rd_rst_reg<2>(strip_imp/G[0].strip_fifo_imp/fifo_imp/U0/xst_fifo_generator/gconvfifo.rf/gbiv4.fgfifo16_patch/fblk/gen_wgtr.inst_wgtr/lut_f/rstblk/rd_rst_reg_2:Q)| NONE(strip_imp/G[0].strip_fifo_imp/fifo_imp/U0/xst_fifo_generator/gconvfifo.rf/gbiv4.fgfifo16_patch/fblk/gen_wgtr.inst_wgtr/lut_f/gntv_or_sync_fifo.gl0.rd/gras.rsts/ram_empty_fb_i)                                                       | 13    |
strip_imp/G[1].strip_fifo_imp/fifo_imp/U0/xst_fifo_generator/gconvfifo.rf/gbiv4.fgfifo16_patch/fblk/gen_wgtr.inst_wgtr/lut_f/rstblk/rd_rst_reg<2>(strip_imp/G[1].strip_fifo_imp/fifo_imp/U0/xst_fifo_generator/gconvfifo.rf/gbiv4.fgfifo16_patch/fblk/gen_wgtr.inst_wgtr/lut_f/rstblk/rd_rst_reg_2:Q)| NONE(strip_imp/G[1].strip_fifo_imp/fifo_imp/U0/xst_fifo_generator/gconvfifo.rf/gbiv4.fgfifo16_patch/fblk/gen_wgtr.inst_wgtr/lut_f/gntv_or_sync_fifo.gl0.rd/gras.rsts/ram_empty_fb_i)                                                       | 13    |
strip_imp/G[2].strip_fifo_imp/fifo_imp/U0/xst_fifo_generator/gconvfifo.rf/gbiv4.fgfifo16_patch/fblk/gen_wgtr.inst_wgtr/lut_f/rstblk/rd_rst_reg<2>(strip_imp/G[2].strip_fifo_imp/fifo_imp/U0/xst_fifo_generator/gconvfifo.rf/gbiv4.fgfifo16_patch/fblk/gen_wgtr.inst_wgtr/lut_f/rstblk/rd_rst_reg_2:Q)| NONE(strip_imp/G[2].strip_fifo_imp/fifo_imp/U0/xst_fifo_generator/gconvfifo.rf/gbiv4.fgfifo16_patch/fblk/gen_wgtr.inst_wgtr/lut_f/gntv_or_sync_fifo.gl0.rd/gras.rsts/ram_empty_fb_i)                                                       | 13    |
strip_imp/G[3].strip_fifo_imp/fifo_imp/U0/xst_fifo_generator/gconvfifo.rf/gbiv4.fgfifo16_patch/fblk/gen_wgtr.inst_wgtr/lut_f/rstblk/rd_rst_reg<2>(strip_imp/G[3].strip_fifo_imp/fifo_imp/U0/xst_fifo_generator/gconvfifo.rf/gbiv4.fgfifo16_patch/fblk/gen_wgtr.inst_wgtr/lut_f/rstblk/rd_rst_reg_2:Q)| NONE(strip_imp/G[3].strip_fifo_imp/fifo_imp/U0/xst_fifo_generator/gconvfifo.rf/gbiv4.fgfifo16_patch/fblk/gen_wgtr.inst_wgtr/lut_f/gntv_or_sync_fifo.gl0.rd/gras.rsts/ram_empty_fb_i)                                                       | 13    |
strip_imp/G[4].strip_fifo_imp/fifo_imp/U0/xst_fifo_generator/gconvfifo.rf/gbiv4.fgfifo16_patch/fblk/gen_wgtr.inst_wgtr/lut_f/rstblk/rd_rst_reg<2>(strip_imp/G[4].strip_fifo_imp/fifo_imp/U0/xst_fifo_generator/gconvfifo.rf/gbiv4.fgfifo16_patch/fblk/gen_wgtr.inst_wgtr/lut_f/rstblk/rd_rst_reg_2:Q)| NONE(strip_imp/G[4].strip_fifo_imp/fifo_imp/U0/xst_fifo_generator/gconvfifo.rf/gbiv4.fgfifo16_patch/fblk/gen_wgtr.inst_wgtr/lut_f/gntv_or_sync_fifo.gl0.rd/gras.rsts/ram_empty_fb_i)                                                       | 13    |
strip_imp/G[5].strip_fifo_imp/fifo_imp/U0/xst_fifo_generator/gconvfifo.rf/gbiv4.fgfifo16_patch/fblk/gen_wgtr.inst_wgtr/lut_f/rstblk/rd_rst_reg<2>(strip_imp/G[5].strip_fifo_imp/fifo_imp/U0/xst_fifo_generator/gconvfifo.rf/gbiv4.fgfifo16_patch/fblk/gen_wgtr.inst_wgtr/lut_f/rstblk/rd_rst_reg_2:Q)| NONE(strip_imp/G[5].strip_fifo_imp/fifo_imp/U0/xst_fifo_generator/gconvfifo.rf/gbiv4.fgfifo16_patch/fblk/gen_wgtr.inst_wgtr/lut_f/gntv_or_sync_fifo.gl0.rd/gras.rsts/ram_empty_fb_i)                                                       | 13    |
strip_imp/trigprim0_imp/fifo_imp/U0/xst_fifo_generator/gconvfifo.rf/gbiv4.fgfifo16_patch/fblk/gen_wgtr.inst_wgtr/lut_f/rstblk/rd_rst_reg<2>(strip_imp/trigprim0_imp/fifo_imp/U0/xst_fifo_generator/gconvfifo.rf/gbiv4.fgfifo16_patch/fblk/gen_wgtr.inst_wgtr/lut_f/rstblk/rd_rst_reg_2:Q)            | NONE(strip_imp/trigprim0_imp/fifo_imp/U0/xst_fifo_generator/gconvfifo.rf/gbiv4.fgfifo16_patch/fblk/gen_wgtr.inst_wgtr/lut_f/gntv_or_sync_fifo.gl0.rd/gras.rsts/ram_empty_fb_i)                                                             | 13    |
strip_imp/trigprim1_imp/fifo_imp/U0/xst_fifo_generator/gconvfifo.rf/gbiv4.fgfifo16_patch/fblk/gen_wgtr.inst_wgtr/lut_f/rstblk/rd_rst_reg<2>(strip_imp/trigprim1_imp/fifo_imp/U0/xst_fifo_generator/gconvfifo.rf/gbiv4.fgfifo16_patch/fblk/gen_wgtr.inst_wgtr/lut_f/rstblk/rd_rst_reg_2:Q)            | NONE(strip_imp/trigprim1_imp/fifo_imp/U0/xst_fifo_generator/gconvfifo.rf/gbiv4.fgfifo16_patch/fblk/gen_wgtr.inst_wgtr/lut_f/gntv_or_sync_fifo.gl0.rd/gras.rsts/ram_empty_fb_i)                                                             | 13    |
strip_imp/trigprim2_imp/fifo_imp/U0/xst_fifo_generator/gconvfifo.rf/gbiv4.fgfifo16_patch/fblk/gen_wgtr.inst_wgtr/lut_f/rstblk/rd_rst_reg<2>(strip_imp/trigprim2_imp/fifo_imp/U0/xst_fifo_generator/gconvfifo.rf/gbiv4.fgfifo16_patch/fblk/gen_wgtr.inst_wgtr/lut_f/rstblk/rd_rst_reg_2:Q)            | NONE(strip_imp/trigprim2_imp/fifo_imp/U0/xst_fifo_generator/gconvfifo.rf/gbiv4.fgfifo16_patch/fblk/gen_wgtr.inst_wgtr/lut_f/gntv_or_sync_fifo.gl0.rd/gras.rsts/ram_empty_fb_i)                                                             | 13    |
strip_imp/trigprim3_imp/fifo_imp/U0/xst_fifo_generator/gconvfifo.rf/gbiv4.fgfifo16_patch/fblk/gen_wgtr.inst_wgtr/lut_f/rstblk/rd_rst_reg<2>(strip_imp/trigprim3_imp/fifo_imp/U0/xst_fifo_generator/gconvfifo.rf/gbiv4.fgfifo16_patch/fblk/gen_wgtr.inst_wgtr/lut_f/rstblk/rd_rst_reg_2:Q)            | NONE(strip_imp/trigprim3_imp/fifo_imp/U0/xst_fifo_generator/gconvfifo.rf/gbiv4.fgfifo16_patch/fblk/gen_wgtr.inst_wgtr/lut_f/gntv_or_sync_fifo.gl0.rd/gras.rsts/ram_empty_fb_i)                                                             | 13    |
strip_imp/trigproc_imp/fifo_imp/U0/xst_fifo_generator/gconvfifo.rf/gbiv4.fgfifo16_patch/fblk/gen_wgtr.inst_wgtr/lut_f/rstblk/rd_rst_reg<2>(strip_imp/trigproc_imp/fifo_imp/U0/xst_fifo_generator/gconvfifo.rf/gbiv4.fgfifo16_patch/fblk/gen_wgtr.inst_wgtr/lut_f/rstblk/rd_rst_reg_2:Q)              | NONE(strip_imp/trigproc_imp/fifo_imp/U0/xst_fifo_generator/gconvfifo.rf/gbiv4.fgfifo16_patch/fblk/gen_wgtr.inst_wgtr/lut_f/gntv_or_sync_fifo.gl0.rd/gras.rsts/ram_empty_fb_i)                                                              | 13    |
stackGen[0].fifo_imp/U0/xst_fifo_generator/gconvfifo.rf/gbiv4.fgfifo16_patch/inblk/wr_rst_reg(stackGen[0].fifo_imp/U0/xst_fifo_generator/gconvfifo.rf/gbiv4.fgfifo16_patch/inblk/wr_rst_reg:Q)                                                                                                       | NONE(stackGen[0].fifo_imp/U0/xst_fifo_generator/gconvfifo.rf/gbiv4.fgfifo16_patch/fblk/gen_wgtr.inst_wgtr/almostemptyq)                                                                                                                    | 8     |
strip_imp/G[0].strip_fifo_imp/fifo_imp/U0/xst_fifo_generator/gconvfifo.rf/gbiv4.fgfifo16_patch/inblk/wr_rst_reg(strip_imp/G[0].strip_fifo_imp/fifo_imp/U0/xst_fifo_generator/gconvfifo.rf/gbiv4.fgfifo16_patch/inblk/wr_rst_reg:Q)                                                                   | NONE(strip_imp/G[0].strip_fifo_imp/fifo_imp/U0/xst_fifo_generator/gconvfifo.rf/gbiv4.fgfifo16_patch/fblk/gen_wgtr.inst_wgtr/almostemptyq)                                                                                                  | 8     |
strip_imp/G[1].strip_fifo_imp/fifo_imp/U0/xst_fifo_generator/gconvfifo.rf/gbiv4.fgfifo16_patch/inblk/wr_rst_reg(strip_imp/G[1].strip_fifo_imp/fifo_imp/U0/xst_fifo_generator/gconvfifo.rf/gbiv4.fgfifo16_patch/inblk/wr_rst_reg:Q)                                                                   | NONE(strip_imp/G[1].strip_fifo_imp/fifo_imp/U0/xst_fifo_generator/gconvfifo.rf/gbiv4.fgfifo16_patch/fblk/gen_wgtr.inst_wgtr/almostemptyq)                                                                                                  | 8     |
strip_imp/G[2].strip_fifo_imp/fifo_imp/U0/xst_fifo_generator/gconvfifo.rf/gbiv4.fgfifo16_patch/inblk/wr_rst_reg(strip_imp/G[2].strip_fifo_imp/fifo_imp/U0/xst_fifo_generator/gconvfifo.rf/gbiv4.fgfifo16_patch/inblk/wr_rst_reg:Q)                                                                   | NONE(strip_imp/G[2].strip_fifo_imp/fifo_imp/U0/xst_fifo_generator/gconvfifo.rf/gbiv4.fgfifo16_patch/fblk/gen_wgtr.inst_wgtr/almostemptyq)                                                                                                  | 8     |
strip_imp/G[3].strip_fifo_imp/fifo_imp/U0/xst_fifo_generator/gconvfifo.rf/gbiv4.fgfifo16_patch/inblk/wr_rst_reg(strip_imp/G[3].strip_fifo_imp/fifo_imp/U0/xst_fifo_generator/gconvfifo.rf/gbiv4.fgfifo16_patch/inblk/wr_rst_reg:Q)                                                                   | NONE(strip_imp/G[3].strip_fifo_imp/fifo_imp/U0/xst_fifo_generator/gconvfifo.rf/gbiv4.fgfifo16_patch/fblk/gen_wgtr.inst_wgtr/almostemptyq)                                                                                                  | 8     |
strip_imp/G[4].strip_fifo_imp/fifo_imp/U0/xst_fifo_generator/gconvfifo.rf/gbiv4.fgfifo16_patch/inblk/wr_rst_reg(strip_imp/G[4].strip_fifo_imp/fifo_imp/U0/xst_fifo_generator/gconvfifo.rf/gbiv4.fgfifo16_patch/inblk/wr_rst_reg:Q)                                                                   | NONE(strip_imp/G[4].strip_fifo_imp/fifo_imp/U0/xst_fifo_generator/gconvfifo.rf/gbiv4.fgfifo16_patch/fblk/gen_wgtr.inst_wgtr/almostemptyq)                                                                                                  | 8     |
strip_imp/G[5].strip_fifo_imp/fifo_imp/U0/xst_fifo_generator/gconvfifo.rf/gbiv4.fgfifo16_patch/inblk/wr_rst_reg(strip_imp/G[5].strip_fifo_imp/fifo_imp/U0/xst_fifo_generator/gconvfifo.rf/gbiv4.fgfifo16_patch/inblk/wr_rst_reg:Q)                                                                   | NONE(strip_imp/G[5].strip_fifo_imp/fifo_imp/U0/xst_fifo_generator/gconvfifo.rf/gbiv4.fgfifo16_patch/fblk/gen_wgtr.inst_wgtr/almostemptyq)                                                                                                  | 8     |
strip_imp/stripstream_imp/streamipbuf_imp/N0(strip_imp/stripstream_imp/streamipbuf_imp/XST_GND:G)                                                                                                                                                                                                    | NONE(strip_imp/stripstream_imp/streamipbuf_imp/U0/xst_fifo_generator/gconvfifo.rf/grf.rf/gntv_or_sync_fifo.mem/gbm.gbmg.gbmga.ngecc.bmg/gnativebmg.native_blk_mem_gen/valid.cstr/ramloop[0].ram.r/v4_noinit.ram/SDP.SINGLE_PRIM.SDP)       | 8     |
strip_imp/trigprim0_imp/fifo_imp/U0/xst_fifo_generator/gconvfifo.rf/gbiv4.fgfifo16_patch/inblk/wr_rst_reg(strip_imp/trigprim0_imp/fifo_imp/U0/xst_fifo_generator/gconvfifo.rf/gbiv4.fgfifo16_patch/inblk/wr_rst_reg:Q)                                                                               | NONE(strip_imp/trigprim0_imp/fifo_imp/U0/xst_fifo_generator/gconvfifo.rf/gbiv4.fgfifo16_patch/fblk/gen_wgtr.inst_wgtr/almostemptyq)                                                                                                        | 8     |
strip_imp/trigprim1_imp/fifo_imp/U0/xst_fifo_generator/gconvfifo.rf/gbiv4.fgfifo16_patch/inblk/wr_rst_reg(strip_imp/trigprim1_imp/fifo_imp/U0/xst_fifo_generator/gconvfifo.rf/gbiv4.fgfifo16_patch/inblk/wr_rst_reg:Q)                                                                               | NONE(strip_imp/trigprim1_imp/fifo_imp/U0/xst_fifo_generator/gconvfifo.rf/gbiv4.fgfifo16_patch/fblk/gen_wgtr.inst_wgtr/almostemptyq)                                                                                                        | 8     |
strip_imp/trigprim2_imp/fifo_imp/U0/xst_fifo_generator/gconvfifo.rf/gbiv4.fgfifo16_patch/inblk/wr_rst_reg(strip_imp/trigprim2_imp/fifo_imp/U0/xst_fifo_generator/gconvfifo.rf/gbiv4.fgfifo16_patch/inblk/wr_rst_reg:Q)                                                                               | NONE(strip_imp/trigprim2_imp/fifo_imp/U0/xst_fifo_generator/gconvfifo.rf/gbiv4.fgfifo16_patch/fblk/gen_wgtr.inst_wgtr/almostemptyq)                                                                                                        | 8     |
strip_imp/trigprim3_imp/fifo_imp/U0/xst_fifo_generator/gconvfifo.rf/gbiv4.fgfifo16_patch/inblk/wr_rst_reg(strip_imp/trigprim3_imp/fifo_imp/U0/xst_fifo_generator/gconvfifo.rf/gbiv4.fgfifo16_patch/inblk/wr_rst_reg:Q)                                                                               | NONE(strip_imp/trigprim3_imp/fifo_imp/U0/xst_fifo_generator/gconvfifo.rf/gbiv4.fgfifo16_patch/fblk/gen_wgtr.inst_wgtr/almostemptyq)                                                                                                        | 8     |
strip_imp/trigproc_imp/fifo_imp/U0/xst_fifo_generator/gconvfifo.rf/gbiv4.fgfifo16_patch/inblk/wr_rst_reg(strip_imp/trigproc_imp/fifo_imp/U0/xst_fifo_generator/gconvfifo.rf/gbiv4.fgfifo16_patch/inblk/wr_rst_reg:Q)                                                                                 | NONE(strip_imp/trigproc_imp/fifo_imp/U0/xst_fifo_generator/gconvfifo.rf/gbiv4.fgfifo16_patch/fblk/gen_wgtr.inst_wgtr/almostemptyq)                                                                                                         | 8     |
STRIP_OUT1_0_PAD_P<0>                                                                                                                                                                                                                                                                                | IBUFDS+ISERDES                                                                                                                                                                                                                             | 4     |
STRIP_OUT1_0_PAD_P<1>                                                                                                                                                                                                                                                                                | IBUFDS+ISERDES                                                                                                                                                                                                                             | 4     |
STRIP_OUT1_0_PAD_P<2>                                                                                                                                                                                                                                                                                | IBUFDS+ISERDES                                                                                                                                                                                                                             | 4     |
STRIP_OUT1_0_PAD_P<3>                                                                                                                                                                                                                                                                                | IBUFDS+ISERDES                                                                                                                                                                                                                             | 4     |
STRIP_OUT1_0_PAD_P<4>                                                                                                                                                                                                                                                                                | IBUFDS+ISERDES                                                                                                                                                                                                                             | 4     |
STRIP_OUT1_0_PAD_P<5>                                                                                                                                                                                                                                                                                | IBUFDS+ISERDES                                                                                                                                                                                                                             | 4     |
STRIP_OUT1_1_PAD_P<0>                                                                                                                                                                                                                                                                                | IBUFDS+ISERDES                                                                                                                                                                                                                             | 4     |
STRIP_OUT1_1_PAD_P<1>                                                                                                                                                                                                                                                                                | IBUFDS+ISERDES                                                                                                                                                                                                                             | 4     |
STRIP_OUT1_1_PAD_P<2>                                                                                                                                                                                                                                                                                | IBUFDS+ISERDES                                                                                                                                                                                                                             | 4     |
STRIP_OUT1_1_PAD_P<3>                                                                                                                                                                                                                                                                                | IBUFDS+ISERDES                                                                                                                                                                                                                             | 4     |
STRIP_OUT1_1_PAD_P<4>                                                                                                                                                                                                                                                                                | IBUFDS+ISERDES                                                                                                                                                                                                                             | 4     |
STRIP_OUT1_1_PAD_P<5>                                                                                                                                                                                                                                                                                | IBUFDS+ISERDES                                                                                                                                                                                                                             | 4     |
STRIP_OUT1_2_PAD_P<0>                                                                                                                                                                                                                                                                                | IBUFDS+ISERDES                                                                                                                                                                                                                             | 4     |
STRIP_OUT1_2_PAD_P<1>                                                                                                                                                                                                                                                                                | IBUFDS+ISERDES                                                                                                                                                                                                                             | 4     |
STRIP_OUT1_2_PAD_P<2>                                                                                                                                                                                                                                                                                | IBUFDS+ISERDES                                                                                                                                                                                                                             | 4     |
STRIP_OUT1_2_PAD_P<3>                                                                                                                                                                                                                                                                                | IBUFDS+ISERDES                                                                                                                                                                                                                             | 4     |
STRIP_OUT1_2_PAD_P<4>                                                                                                                                                                                                                                                                                | IBUFDS+ISERDES                                                                                                                                                                                                                             | 4     |
STRIP_OUT1_2_PAD_P<5>                                                                                                                                                                                                                                                                                | IBUFDS+ISERDES                                                                                                                                                                                                                             | 4     |
STRIP_OUT1_3_PAD_P<0>                                                                                                                                                                                                                                                                                | IBUFDS+ISERDES                                                                                                                                                                                                                             | 4     |
STRIP_OUT1_3_PAD_P<1>                                                                                                                                                                                                                                                                                | IBUFDS+ISERDES                                                                                                                                                                                                                             | 4     |
STRIP_OUT1_3_PAD_P<2>                                                                                                                                                                                                                                                                                | IBUFDS+ISERDES                                                                                                                                                                                                                             | 4     |
STRIP_OUT1_3_PAD_P<3>                                                                                                                                                                                                                                                                                | IBUFDS+ISERDES                                                                                                                                                                                                                             | 4     |
STRIP_OUT1_3_PAD_P<4>                                                                                                                                                                                                                                                                                | IBUFDS+ISERDES                                                                                                                                                                                                                             | 4     |
STRIP_OUT1_3_PAD_P<5>                                                                                                                                                                                                                                                                                | IBUFDS+ISERDES                                                                                                                                                                                                                             | 4     |
STRIP_OUT1_4_PAD_P<0>                                                                                                                                                                                                                                                                                | IBUFDS+ISERDES                                                                                                                                                                                                                             | 4     |
STRIP_OUT1_4_PAD_P<1>                                                                                                                                                                                                                                                                                | IBUFDS+ISERDES                                                                                                                                                                                                                             | 4     |
STRIP_OUT1_4_PAD_P<2>                                                                                                                                                                                                                                                                                | IBUFDS+ISERDES                                                                                                                                                                                                                             | 4     |
STRIP_OUT1_4_PAD_P<3>                                                                                                                                                                                                                                                                                | IBUFDS+ISERDES                                                                                                                                                                                                                             | 4     |
STRIP_OUT1_4_PAD_P<4>                                                                                                                                                                                                                                                                                | IBUFDS+ISERDES                                                                                                                                                                                                                             | 4     |
STRIP_OUT1_4_PAD_P<5>                                                                                                                                                                                                                                                                                | IBUFDS+ISERDES                                                                                                                                                                                                                             | 4     |
eth_interface/data_manager_blk/RX_DATA_FIFO/N0(eth_interface/data_manager_blk/RX_DATA_FIFO/XST_GND:G)                                                                                                                                                                                                | NONE(eth_interface/data_manager_blk/RX_DATA_FIFO/U0/xst_fifo_generator/gconvfifo.rf/grf.rf/gntv_or_sync_fifo.mem/gbm.gbmg.gbmga.ngecc.bmg/gnativebmg.native_blk_mem_gen/valid.cstr/ramloop[0].ram.r/v4_noinit.ram/SDP.SINGLE_PRIM.SDP)     | 4     |
eth_interface/data_manager_blk/TX_CTRL_FIFO/N0(eth_interface/data_manager_blk/TX_CTRL_FIFO/XST_GND:G)                                                                                                                                                                                                | NONE(eth_interface/data_manager_blk/TX_CTRL_FIFO/U0/xst_fifo_generator/gconvfifo.rf/grf.rf/gntv_or_sync_fifo.mem/gbm.gbmg.gbmga.ngecc.bmg/gnativebmg.native_blk_mem_gen/valid.cstr/ramloop[0].ram.r/v4_noinit.ram/SDP.SINGLE_PRIM.SDP)     | 4     |
eth_interface/data_manager_blk/TX_DATA_FIFO/N0(eth_interface/data_manager_blk/TX_DATA_FIFO/XST_GND:G)                                                                                                                                                                                                | NONE(eth_interface/data_manager_blk/TX_DATA_FIFO/U0/xst_fifo_generator/gconvfifo.rf/grf.rf/gntv_or_sync_fifo.mem/gbm.gbmg.gbmga.ngecc.bmg/gnativebmg.native_blk_mem_gen/valid.cstr/ramloop[0].ram.r/v4_noinit.ram/SDP.SINGLE_PRIM.SDP)     | 4     |
eth_interface/reset_out(eth_interface/reset_out1:O)                                                                                                                                                                                                                                                  | NONE(stackGen[0].fifo_imp/U0/xst_fifo_generator/gconvfifo.rf/gbiv4.fgfifo16_patch/inblk/rd_rst_fb)                                                                                                                                         | 4     |
strip_imp/G[0].chipserdes0_imp/DOUT<25>(strip_imp/G[0].chipserdes0_imp/XST_GND:G)                                                                                                                                                                                                                    | NONE(strip_imp/G[0].chipserdes0_imp/iserdes_master_imp)                                                                                                                                                                                    | 4     |
strip_imp/G[0].chipserdes0_imp/SERDES_RESET(strip_imp/G[0].chipserdes0_imp/SERDES_RESET:Q)                                                                                                                                                                                                           | NONE(strip_imp/G[0].chipserdes0_imp/iserdes_master_imp)                                                                                                                                                                                    | 4     |
strip_imp/G[0].chipserdes1_imp/DOUT<24>(strip_imp/G[0].chipserdes1_imp/XST_GND:G)                                                                                                                                                                                                                    | NONE(strip_imp/G[0].chipserdes1_imp/iserdes_master_imp)                                                                                                                                                                                    | 4     |
strip_imp/G[0].chipserdes1_imp/SERDES_RESET(strip_imp/G[0].chipserdes1_imp/SERDES_RESET:Q)                                                                                                                                                                                                           | NONE(strip_imp/G[0].chipserdes1_imp/iserdes_master_imp)                                                                                                                                                                                    | 4     |
strip_imp/G[0].chipserdes2_imp/DOUT<26>(strip_imp/G[0].chipserdes2_imp/XST_GND:G)                                                                                                                                                                                                                    | NONE(strip_imp/G[0].chipserdes2_imp/iserdes_master_imp)                                                                                                                                                                                    | 4     |
strip_imp/G[0].chipserdes2_imp/SERDES_RESET(strip_imp/G[0].chipserdes2_imp/SERDES_RESET:Q)                                                                                                                                                                                                           | NONE(strip_imp/G[0].chipserdes2_imp/iserdes_master_imp)                                                                                                                                                                                    | 4     |
strip_imp/G[0].chipserdes3_imp/DOUT<24>(strip_imp/G[0].chipserdes3_imp/XST_GND:G)                                                                                                                                                                                                                    | NONE(strip_imp/G[0].chipserdes3_imp/iserdes_master_imp)                                                                                                                                                                                    | 4     |
strip_imp/G[0].chipserdes3_imp/SERDES_RESET(strip_imp/G[0].chipserdes3_imp/SERDES_RESET:Q)                                                                                                                                                                                                           | NONE(strip_imp/G[0].chipserdes3_imp/iserdes_master_imp)                                                                                                                                                                                    | 4     |
strip_imp/G[0].chipserdes4_imp/DOUT<25>(strip_imp/G[0].chipserdes4_imp/XST_GND:G)                                                                                                                                                                                                                    | NONE(strip_imp/G[0].chipserdes4_imp/iserdes_master_imp)                                                                                                                                                                                    | 4     |
strip_imp/G[0].chipserdes4_imp/SERDES_RESET(strip_imp/G[0].chipserdes4_imp/SERDES_RESET:Q)                                                                                                                                                                                                           | NONE(strip_imp/G[0].chipserdes4_imp/iserdes_master_imp)                                                                                                                                                                                    | 4     |
strip_imp/G[0].strip_fifo_imp/local_fifo_reset(strip_imp/G[0].strip_fifo_imp/local_fifo_reset1:O)                                                                                                                                                                                                    | NONE(strip_imp/G[0].strip_fifo_imp/fifo_imp/U0/xst_fifo_generator/gconvfifo.rf/gbiv4.fgfifo16_patch/inblk/rd_rst_fb)                                                                                                                       | 4     |
strip_imp/G[0].trigbuf_imp/N1(strip_imp/G[0].trigbuf_imp/XST_GND:G)                                                                                                                                                                                                                                  | NONE(strip_imp/G[0].trigbuf_imp/U0/xst_blk_mem_generator/gnativebmg.native_blk_mem_gen/valid.cstr/ramloop[0].ram.r/v4_noinit.ram/SDP.SINGLE_PRIM.SDP)                                                                                      | 4     |
strip_imp/G[1].chipserdes0_imp/DOUT<25>(strip_imp/G[1].chipserdes0_imp/XST_GND:G)                                                                                                                                                                                                                    | NONE(strip_imp/G[1].chipserdes0_imp/iserdes_master_imp)                                                                                                                                                                                    | 4     |
strip_imp/G[1].chipserdes0_imp/SERDES_RESET(strip_imp/G[1].chipserdes0_imp/SERDES_RESET:Q)                                                                                                                                                                                                           | NONE(strip_imp/G[1].chipserdes0_imp/iserdes_master_imp)                                                                                                                                                                                    | 4     |
strip_imp/G[1].chipserdes1_imp/DOUT<24>(strip_imp/G[1].chipserdes1_imp/XST_GND:G)                                                                                                                                                                                                                    | NONE(strip_imp/G[1].chipserdes1_imp/iserdes_master_imp)                                                                                                                                                                                    | 4     |
strip_imp/G[1].chipserdes1_imp/SERDES_RESET(strip_imp/G[1].chipserdes1_imp/SERDES_RESET:Q)                                                                                                                                                                                                           | NONE(strip_imp/G[1].chipserdes1_imp/iserdes_master_imp)                                                                                                                                                                                    | 4     |
strip_imp/G[1].chipserdes2_imp/DOUT<26>(strip_imp/G[1].chipserdes2_imp/XST_GND:G)                                                                                                                                                                                                                    | NONE(strip_imp/G[1].chipserdes2_imp/iserdes_master_imp)                                                                                                                                                                                    | 4     |
strip_imp/G[1].chipserdes2_imp/SERDES_RESET(strip_imp/G[1].chipserdes2_imp/SERDES_RESET:Q)                                                                                                                                                                                                           | NONE(strip_imp/G[1].chipserdes2_imp/iserdes_master_imp)                                                                                                                                                                                    | 4     |
strip_imp/G[1].chipserdes3_imp/DOUT<24>(strip_imp/G[1].chipserdes3_imp/XST_GND:G)                                                                                                                                                                                                                    | NONE(strip_imp/G[1].chipserdes3_imp/iserdes_master_imp)                                                                                                                                                                                    | 4     |
strip_imp/G[1].chipserdes3_imp/SERDES_RESET(strip_imp/G[1].chipserdes3_imp/SERDES_RESET:Q)                                                                                                                                                                                                           | NONE(strip_imp/G[1].chipserdes3_imp/iserdes_master_imp)                                                                                                                                                                                    | 4     |
strip_imp/G[1].chipserdes4_imp/DOUT<25>(strip_imp/G[1].chipserdes4_imp/XST_GND:G)                                                                                                                                                                                                                    | NONE(strip_imp/G[1].chipserdes4_imp/iserdes_master_imp)                                                                                                                                                                                    | 4     |
strip_imp/G[1].chipserdes4_imp/SERDES_RESET(strip_imp/G[1].chipserdes4_imp/SERDES_RESET:Q)                                                                                                                                                                                                           | NONE(strip_imp/G[1].chipserdes4_imp/iserdes_master_imp)                                                                                                                                                                                    | 4     |
strip_imp/G[1].strip_fifo_imp/local_fifo_reset(strip_imp/G[1].strip_fifo_imp/local_fifo_reset1:O)                                                                                                                                                                                                    | NONE(strip_imp/G[1].strip_fifo_imp/fifo_imp/U0/xst_fifo_generator/gconvfifo.rf/gbiv4.fgfifo16_patch/inblk/rd_rst_fb)                                                                                                                       | 4     |
strip_imp/G[1].trigbuf_imp/N1(strip_imp/G[1].trigbuf_imp/XST_GND:G)                                                                                                                                                                                                                                  | NONE(strip_imp/G[1].trigbuf_imp/U0/xst_blk_mem_generator/gnativebmg.native_blk_mem_gen/valid.cstr/ramloop[0].ram.r/v4_noinit.ram/SDP.SINGLE_PRIM.SDP)                                                                                      | 4     |
strip_imp/G[2].chipserdes0_imp/DOUT<25>(strip_imp/G[2].chipserdes0_imp/XST_GND:G)                                                                                                                                                                                                                    | NONE(strip_imp/G[2].chipserdes0_imp/iserdes_master_imp)                                                                                                                                                                                    | 4     |
strip_imp/G[2].chipserdes0_imp/SERDES_RESET(strip_imp/G[2].chipserdes0_imp/SERDES_RESET:Q)                                                                                                                                                                                                           | NONE(strip_imp/G[2].chipserdes0_imp/iserdes_master_imp)                                                                                                                                                                                    | 4     |
strip_imp/G[2].chipserdes1_imp/DOUT<24>(strip_imp/G[2].chipserdes1_imp/XST_GND:G)                                                                                                                                                                                                                    | NONE(strip_imp/G[2].chipserdes1_imp/iserdes_master_imp)                                                                                                                                                                                    | 4     |
strip_imp/G[2].chipserdes1_imp/SERDES_RESET(strip_imp/G[2].chipserdes1_imp/SERDES_RESET:Q)                                                                                                                                                                                                           | NONE(strip_imp/G[2].chipserdes1_imp/iserdes_master_imp)                                                                                                                                                                                    | 4     |
strip_imp/G[2].chipserdes2_imp/DOUT<26>(strip_imp/G[2].chipserdes2_imp/XST_GND:G)                                                                                                                                                                                                                    | NONE(strip_imp/G[2].chipserdes2_imp/iserdes_master_imp)                                                                                                                                                                                    | 4     |
strip_imp/G[2].chipserdes2_imp/SERDES_RESET(strip_imp/G[2].chipserdes2_imp/SERDES_RESET:Q)                                                                                                                                                                                                           | NONE(strip_imp/G[2].chipserdes2_imp/iserdes_master_imp)                                                                                                                                                                                    | 4     |
strip_imp/G[2].chipserdes3_imp/DOUT<24>(strip_imp/G[2].chipserdes3_imp/XST_GND:G)                                                                                                                                                                                                                    | NONE(strip_imp/G[2].chipserdes3_imp/iserdes_master_imp)                                                                                                                                                                                    | 4     |
strip_imp/G[2].chipserdes3_imp/SERDES_RESET(strip_imp/G[2].chipserdes3_imp/SERDES_RESET:Q)                                                                                                                                                                                                           | NONE(strip_imp/G[2].chipserdes3_imp/iserdes_master_imp)                                                                                                                                                                                    | 4     |
strip_imp/G[2].chipserdes4_imp/DOUT<25>(strip_imp/G[2].chipserdes4_imp/XST_GND:G)                                                                                                                                                                                                                    | NONE(strip_imp/G[2].chipserdes4_imp/iserdes_master_imp)                                                                                                                                                                                    | 4     |
strip_imp/G[2].chipserdes4_imp/SERDES_RESET(strip_imp/G[2].chipserdes4_imp/SERDES_RESET:Q)                                                                                                                                                                                                           | NONE(strip_imp/G[2].chipserdes4_imp/iserdes_master_imp)                                                                                                                                                                                    | 4     |
strip_imp/G[2].strip_fifo_imp/local_fifo_reset(strip_imp/G[2].strip_fifo_imp/local_fifo_reset1:O)                                                                                                                                                                                                    | NONE(strip_imp/G[2].strip_fifo_imp/fifo_imp/U0/xst_fifo_generator/gconvfifo.rf/gbiv4.fgfifo16_patch/inblk/rd_rst_fb)                                                                                                                       | 4     |
strip_imp/G[2].trigbuf_imp/N1(strip_imp/G[2].trigbuf_imp/XST_GND:G)                                                                                                                                                                                                                                  | NONE(strip_imp/G[2].trigbuf_imp/U0/xst_blk_mem_generator/gnativebmg.native_blk_mem_gen/valid.cstr/ramloop[0].ram.r/v4_noinit.ram/SDP.SINGLE_PRIM.SDP)                                                                                      | 4     |
strip_imp/G[3].chipserdes0_imp/DOUT<25>(strip_imp/G[3].chipserdes0_imp/XST_GND:G)                                                                                                                                                                                                                    | NONE(strip_imp/G[3].chipserdes0_imp/iserdes_master_imp)                                                                                                                                                                                    | 4     |
strip_imp/G[3].chipserdes0_imp/SERDES_RESET(strip_imp/G[3].chipserdes0_imp/SERDES_RESET:Q)                                                                                                                                                                                                           | NONE(strip_imp/G[3].chipserdes0_imp/iserdes_master_imp)                                                                                                                                                                                    | 4     |
strip_imp/G[3].chipserdes1_imp/DOUT<24>(strip_imp/G[3].chipserdes1_imp/XST_GND:G)                                                                                                                                                                                                                    | NONE(strip_imp/G[3].chipserdes1_imp/iserdes_master_imp)                                                                                                                                                                                    | 4     |
strip_imp/G[3].chipserdes1_imp/SERDES_RESET(strip_imp/G[3].chipserdes1_imp/SERDES_RESET:Q)                                                                                                                                                                                                           | NONE(strip_imp/G[3].chipserdes1_imp/iserdes_master_imp)                                                                                                                                                                                    | 4     |
strip_imp/G[3].chipserdes2_imp/DOUT<26>(strip_imp/G[3].chipserdes2_imp/XST_GND:G)                                                                                                                                                                                                                    | NONE(strip_imp/G[3].chipserdes2_imp/iserdes_master_imp)                                                                                                                                                                                    | 4     |
strip_imp/G[3].chipserdes2_imp/SERDES_RESET(strip_imp/G[3].chipserdes2_imp/SERDES_RESET:Q)                                                                                                                                                                                                           | NONE(strip_imp/G[3].chipserdes2_imp/iserdes_master_imp)                                                                                                                                                                                    | 4     |
strip_imp/G[3].chipserdes3_imp/DOUT<24>(strip_imp/G[3].chipserdes3_imp/XST_GND:G)                                                                                                                                                                                                                    | NONE(strip_imp/G[3].chipserdes3_imp/iserdes_master_imp)                                                                                                                                                                                    | 4     |
strip_imp/G[3].chipserdes3_imp/SERDES_RESET(strip_imp/G[3].chipserdes3_imp/SERDES_RESET:Q)                                                                                                                                                                                                           | NONE(strip_imp/G[3].chipserdes3_imp/iserdes_master_imp)                                                                                                                                                                                    | 4     |
strip_imp/G[3].chipserdes4_imp/DOUT<25>(strip_imp/G[3].chipserdes4_imp/XST_GND:G)                                                                                                                                                                                                                    | NONE(strip_imp/G[3].chipserdes4_imp/iserdes_master_imp)                                                                                                                                                                                    | 4     |
strip_imp/G[3].chipserdes4_imp/SERDES_RESET(strip_imp/G[3].chipserdes4_imp/SERDES_RESET:Q)                                                                                                                                                                                                           | NONE(strip_imp/G[3].chipserdes4_imp/iserdes_master_imp)                                                                                                                                                                                    | 4     |
strip_imp/G[3].strip_fifo_imp/local_fifo_reset(strip_imp/G[3].strip_fifo_imp/local_fifo_reset1:O)                                                                                                                                                                                                    | NONE(strip_imp/G[3].strip_fifo_imp/fifo_imp/U0/xst_fifo_generator/gconvfifo.rf/gbiv4.fgfifo16_patch/inblk/rd_rst_fb)                                                                                                                       | 4     |
strip_imp/G[3].trigbuf_imp/N1(strip_imp/G[3].trigbuf_imp/XST_GND:G)                                                                                                                                                                                                                                  | NONE(strip_imp/G[3].trigbuf_imp/U0/xst_blk_mem_generator/gnativebmg.native_blk_mem_gen/valid.cstr/ramloop[0].ram.r/v4_noinit.ram/SDP.SINGLE_PRIM.SDP)                                                                                      | 4     |
strip_imp/G[4].chipserdes0_imp/DOUT<25>(strip_imp/G[4].chipserdes0_imp/XST_GND:G)                                                                                                                                                                                                                    | NONE(strip_imp/G[4].chipserdes0_imp/iserdes_master_imp)                                                                                                                                                                                    | 4     |
strip_imp/G[4].chipserdes0_imp/SERDES_RESET(strip_imp/G[4].chipserdes0_imp/SERDES_RESET:Q)                                                                                                                                                                                                           | NONE(strip_imp/G[4].chipserdes0_imp/iserdes_master_imp)                                                                                                                                                                                    | 4     |
strip_imp/G[4].chipserdes1_imp/DOUT<24>(strip_imp/G[4].chipserdes1_imp/XST_GND:G)                                                                                                                                                                                                                    | NONE(strip_imp/G[4].chipserdes1_imp/iserdes_master_imp)                                                                                                                                                                                    | 4     |
strip_imp/G[4].chipserdes1_imp/SERDES_RESET(strip_imp/G[4].chipserdes1_imp/SERDES_RESET:Q)                                                                                                                                                                                                           | NONE(strip_imp/G[4].chipserdes1_imp/iserdes_master_imp)                                                                                                                                                                                    | 4     |
strip_imp/G[4].chipserdes2_imp/DOUT<26>(strip_imp/G[4].chipserdes2_imp/XST_GND:G)                                                                                                                                                                                                                    | NONE(strip_imp/G[4].chipserdes2_imp/iserdes_master_imp)                                                                                                                                                                                    | 4     |
strip_imp/G[4].chipserdes2_imp/SERDES_RESET(strip_imp/G[4].chipserdes2_imp/SERDES_RESET:Q)                                                                                                                                                                                                           | NONE(strip_imp/G[4].chipserdes2_imp/iserdes_master_imp)                                                                                                                                                                                    | 4     |
strip_imp/G[4].chipserdes3_imp/DOUT<24>(strip_imp/G[4].chipserdes3_imp/XST_GND:G)                                                                                                                                                                                                                    | NONE(strip_imp/G[4].chipserdes3_imp/iserdes_master_imp)                                                                                                                                                                                    | 4     |
strip_imp/G[4].chipserdes3_imp/SERDES_RESET(strip_imp/G[4].chipserdes3_imp/SERDES_RESET:Q)                                                                                                                                                                                                           | NONE(strip_imp/G[4].chipserdes3_imp/iserdes_master_imp)                                                                                                                                                                                    | 4     |
strip_imp/G[4].chipserdes4_imp/DOUT<25>(strip_imp/G[4].chipserdes4_imp/XST_GND:G)                                                                                                                                                                                                                    | NONE(strip_imp/G[4].chipserdes4_imp/iserdes_master_imp)                                                                                                                                                                                    | 4     |
strip_imp/G[4].chipserdes4_imp/SERDES_RESET(strip_imp/G[4].chipserdes4_imp/SERDES_RESET:Q)                                                                                                                                                                                                           | NONE(strip_imp/G[4].chipserdes4_imp/iserdes_master_imp)                                                                                                                                                                                    | 4     |
strip_imp/G[4].strip_fifo_imp/local_fifo_reset(strip_imp/G[4].strip_fifo_imp/local_fifo_reset1:O)                                                                                                                                                                                                    | NONE(strip_imp/G[4].strip_fifo_imp/fifo_imp/U0/xst_fifo_generator/gconvfifo.rf/gbiv4.fgfifo16_patch/inblk/rd_rst_fb)                                                                                                                       | 4     |
strip_imp/G[4].trigbuf_imp/N1(strip_imp/G[4].trigbuf_imp/XST_GND:G)                                                                                                                                                                                                                                  | NONE(strip_imp/G[4].trigbuf_imp/U0/xst_blk_mem_generator/gnativebmg.native_blk_mem_gen/valid.cstr/ramloop[0].ram.r/v4_noinit.ram/SDP.SINGLE_PRIM.SDP)                                                                                      | 4     |
strip_imp/G[5].chipserdes0_imp/DOUT<25>(strip_imp/G[5].chipserdes0_imp/XST_GND:G)                                                                                                                                                                                                                    | NONE(strip_imp/G[5].chipserdes0_imp/iserdes_master_imp)                                                                                                                                                                                    | 4     |
strip_imp/G[5].chipserdes0_imp/SERDES_RESET(strip_imp/G[5].chipserdes0_imp/SERDES_RESET:Q)                                                                                                                                                                                                           | NONE(strip_imp/G[5].chipserdes0_imp/iserdes_master_imp)                                                                                                                                                                                    | 4     |
strip_imp/G[5].chipserdes1_imp/DOUT<24>(strip_imp/G[5].chipserdes1_imp/XST_GND:G)                                                                                                                                                                                                                    | NONE(strip_imp/G[5].chipserdes1_imp/iserdes_master_imp)                                                                                                                                                                                    | 4     |
strip_imp/G[5].chipserdes1_imp/SERDES_RESET(strip_imp/G[5].chipserdes1_imp/SERDES_RESET:Q)                                                                                                                                                                                                           | NONE(strip_imp/G[5].chipserdes1_imp/iserdes_master_imp)                                                                                                                                                                                    | 4     |
strip_imp/G[5].chipserdes2_imp/DOUT<26>(strip_imp/G[5].chipserdes2_imp/XST_GND:G)                                                                                                                                                                                                                    | NONE(strip_imp/G[5].chipserdes2_imp/iserdes_master_imp)                                                                                                                                                                                    | 4     |
strip_imp/G[5].chipserdes2_imp/SERDES_RESET(strip_imp/G[5].chipserdes2_imp/SERDES_RESET:Q)                                                                                                                                                                                                           | NONE(strip_imp/G[5].chipserdes2_imp/iserdes_master_imp)                                                                                                                                                                                    | 4     |
strip_imp/G[5].chipserdes3_imp/DOUT<24>(strip_imp/G[5].chipserdes3_imp/XST_GND:G)                                                                                                                                                                                                                    | NONE(strip_imp/G[5].chipserdes3_imp/iserdes_master_imp)                                                                                                                                                                                    | 4     |
strip_imp/G[5].chipserdes3_imp/SERDES_RESET(strip_imp/G[5].chipserdes3_imp/SERDES_RESET:Q)                                                                                                                                                                                                           | NONE(strip_imp/G[5].chipserdes3_imp/iserdes_master_imp)                                                                                                                                                                                    | 4     |
strip_imp/G[5].chipserdes4_imp/DOUT<25>(strip_imp/G[5].chipserdes4_imp/XST_GND:G)                                                                                                                                                                                                                    | NONE(strip_imp/G[5].chipserdes4_imp/iserdes_master_imp)                                                                                                                                                                                    | 4     |
strip_imp/G[5].chipserdes4_imp/SERDES_RESET(strip_imp/G[5].chipserdes4_imp/SERDES_RESET:Q)                                                                                                                                                                                                           | NONE(strip_imp/G[5].chipserdes4_imp/iserdes_master_imp)                                                                                                                                                                                    | 4     |
strip_imp/G[5].strip_fifo_imp/local_fifo_reset(strip_imp/G[5].strip_fifo_imp/local_fifo_reset1:O)                                                                                                                                                                                                    | NONE(strip_imp/G[5].strip_fifo_imp/fifo_imp/U0/xst_fifo_generator/gconvfifo.rf/gbiv4.fgfifo16_patch/inblk/rd_rst_fb)                                                                                                                       | 4     |
strip_imp/G[5].trigbuf_imp/N1(strip_imp/G[5].trigbuf_imp/XST_GND:G)                                                                                                                                                                                                                                  | NONE(strip_imp/G[5].trigbuf_imp/U0/xst_blk_mem_generator/gnativebmg.native_blk_mem_gen/valid.cstr/ramloop[0].ram.r/v4_noinit.ram/SDP.SINGLE_PRIM.SDP)                                                                                      | 4     |
strip_imp/stripstream_imp/streamipbuf_imp/U0/xst_fifo_generator/gconvfifo.rf/grf.rf/rstblk/rd_rst_comb(strip_imp/stripstream_imp/streamipbuf_imp/U0/xst_fifo_generator/gconvfifo.rf/grf.rf/rstblk/rd_rst_comb1:O)                                                                                    | NONE(strip_imp/stripstream_imp/streamipbuf_imp/U0/xst_fifo_generator/gconvfifo.rf/grf.rf/rstblk/rd_rst_reg_0)                                                                                                                              | 3     |
strip_imp/stripstream_imp/streamipbuf_imp/U0/xst_fifo_generator/gconvfifo.rf/grf.rf/rstblk/rst_d2(strip_imp/stripstream_imp/streamipbuf_imp/U0/xst_fifo_generator/gconvfifo.rf/grf.rf/rstblk/rst_d2:Q)                                                                                               | NONE(strip_imp/stripstream_imp/streamipbuf_imp/U0/xst_fifo_generator/gconvfifo.rf/grf.rf/gntv_or_sync_fifo.gl0.wr/gwas.gpf.wrpf/prog_full_i)                                                                                               | 3     |
eth_interface/data_manager_blk/RX_DATA_INFO_FIFO/N0(eth_interface/data_manager_blk/RX_DATA_INFO_FIFO/XST_GND:G)                                                                                                                                                                                      | NONE(eth_interface/data_manager_blk/RX_DATA_INFO_FIFO/U0/xst_fifo_generator/gconvfifo.rf/grf.rf/gntv_or_sync_fifo.mem/gbm.gbmg.gbmga.ngecc.bmg/gnativebmg.native_blk_mem_gen/valid.cstr/ramloop[0].ram.r/v4_noinit.ram/SDP.SINGLE_PRIM.SDP)| 2     |
eth_interface/data_manager_blk/TX_CTRL_INFO_FIFO/N0(eth_interface/data_manager_blk/TX_CTRL_INFO_FIFO/XST_GND:G)                                                                                                                                                                                      | NONE(eth_interface/data_manager_blk/TX_CTRL_INFO_FIFO/U0/xst_fifo_generator/gconvfifo.rf/grf.rf/gntv_or_sync_fifo.mem/gbm.gbmg.gbmga.ngecc.bmg/gnativebmg.native_blk_mem_gen/valid.cstr/ramloop[0].ram.r/v4_noinit.ram/SDP.SINGLE_PRIM.SDP)| 2     |
eth_interface/data_manager_blk/TX_DATA_INFO_FIFO/N0(eth_interface/data_manager_blk/TX_DATA_INFO_FIFO/XST_GND:G)                                                                                                                                                                                      | NONE(eth_interface/data_manager_blk/TX_DATA_INFO_FIFO/U0/xst_fifo_generator/gconvfifo.rf/grf.rf/gntv_or_sync_fifo.mem/gbm.gbmg.gbmga.ngecc.bmg/gnativebmg.native_blk_mem_gen/valid.cstr/ramloop[0].ram.r/v4_noinit.ram/SDP.SINGLE_PRIM.SDP)| 2     |
stackGen[0].fifo_imp/U0/xst_fifo_generator/gconvfifo.rf/gbiv4.fgfifo16_patch/fblk/gen_wgtr.inst_wgtr/lut_f/rstblk/rd_rst_comb(stackGen[0].fifo_imp/U0/xst_fifo_generator/gconvfifo.rf/gbiv4.fgfifo16_patch/fblk/gen_wgtr.inst_wgtr/lut_f/rstblk/rd_rst_comb1:O)                                      | NONE(stackGen[0].fifo_imp/U0/xst_fifo_generator/gconvfifo.rf/gbiv4.fgfifo16_patch/fblk/gen_wgtr.inst_wgtr/lut_f/rstblk/rd_rst_reg_1)                                                                                                       | 2     |
stackGen[0].fifo_imp/U0/xst_fifo_generator/gconvfifo.rf/gbiv4.fgfifo16_patch/fblk/gen_wgtr.inst_wgtr/lut_f/rstblk/wr_rst_comb(stackGen[0].fifo_imp/U0/xst_fifo_generator/gconvfifo.rf/gbiv4.fgfifo16_patch/fblk/gen_wgtr.inst_wgtr/lut_f/rstblk/wr_rst_comb1:O)                                      | NONE(stackGen[0].fifo_imp/U0/xst_fifo_generator/gconvfifo.rf/gbiv4.fgfifo16_patch/fblk/gen_wgtr.inst_wgtr/lut_f/rstblk/wr_rst_reg_0)                                                                                                       | 2     |
strip_imp/G[0].strip_fifo_imp/fifo_imp/U0/xst_fifo_generator/gconvfifo.rf/gbiv4.fgfifo16_patch/fblk/gen_wgtr.inst_wgtr/lut_f/rstblk/rd_rst_comb(strip_imp/G[0].strip_fifo_imp/fifo_imp/U0/xst_fifo_generator/gconvfifo.rf/gbiv4.fgfifo16_patch/fblk/gen_wgtr.inst_wgtr/lut_f/rstblk/rd_rst_comb1:O)  | NONE(strip_imp/G[0].strip_fifo_imp/fifo_imp/U0/xst_fifo_generator/gconvfifo.rf/gbiv4.fgfifo16_patch/fblk/gen_wgtr.inst_wgtr/lut_f/rstblk/rd_rst_reg_1)                                                                                     | 2     |
strip_imp/G[0].strip_fifo_imp/fifo_imp/U0/xst_fifo_generator/gconvfifo.rf/gbiv4.fgfifo16_patch/fblk/gen_wgtr.inst_wgtr/lut_f/rstblk/wr_rst_comb(strip_imp/G[0].strip_fifo_imp/fifo_imp/U0/xst_fifo_generator/gconvfifo.rf/gbiv4.fgfifo16_patch/fblk/gen_wgtr.inst_wgtr/lut_f/rstblk/wr_rst_comb1:O)  | NONE(strip_imp/G[0].strip_fifo_imp/fifo_imp/U0/xst_fifo_generator/gconvfifo.rf/gbiv4.fgfifo16_patch/fblk/gen_wgtr.inst_wgtr/lut_f/rstblk/wr_rst_reg_0)                                                                                     | 2     |
strip_imp/G[1].strip_fifo_imp/fifo_imp/U0/xst_fifo_generator/gconvfifo.rf/gbiv4.fgfifo16_patch/fblk/gen_wgtr.inst_wgtr/lut_f/rstblk/rd_rst_comb(strip_imp/G[1].strip_fifo_imp/fifo_imp/U0/xst_fifo_generator/gconvfifo.rf/gbiv4.fgfifo16_patch/fblk/gen_wgtr.inst_wgtr/lut_f/rstblk/rd_rst_comb1:O)  | NONE(strip_imp/G[1].strip_fifo_imp/fifo_imp/U0/xst_fifo_generator/gconvfifo.rf/gbiv4.fgfifo16_patch/fblk/gen_wgtr.inst_wgtr/lut_f/rstblk/rd_rst_reg_1)                                                                                     | 2     |
strip_imp/G[1].strip_fifo_imp/fifo_imp/U0/xst_fifo_generator/gconvfifo.rf/gbiv4.fgfifo16_patch/fblk/gen_wgtr.inst_wgtr/lut_f/rstblk/wr_rst_comb(strip_imp/G[1].strip_fifo_imp/fifo_imp/U0/xst_fifo_generator/gconvfifo.rf/gbiv4.fgfifo16_patch/fblk/gen_wgtr.inst_wgtr/lut_f/rstblk/wr_rst_comb1:O)  | NONE(strip_imp/G[1].strip_fifo_imp/fifo_imp/U0/xst_fifo_generator/gconvfifo.rf/gbiv4.fgfifo16_patch/fblk/gen_wgtr.inst_wgtr/lut_f/rstblk/wr_rst_reg_0)                                                                                     | 2     |
strip_imp/G[2].strip_fifo_imp/fifo_imp/U0/xst_fifo_generator/gconvfifo.rf/gbiv4.fgfifo16_patch/fblk/gen_wgtr.inst_wgtr/lut_f/rstblk/rd_rst_comb(strip_imp/G[2].strip_fifo_imp/fifo_imp/U0/xst_fifo_generator/gconvfifo.rf/gbiv4.fgfifo16_patch/fblk/gen_wgtr.inst_wgtr/lut_f/rstblk/rd_rst_comb1:O)  | NONE(strip_imp/G[2].strip_fifo_imp/fifo_imp/U0/xst_fifo_generator/gconvfifo.rf/gbiv4.fgfifo16_patch/fblk/gen_wgtr.inst_wgtr/lut_f/rstblk/rd_rst_reg_1)                                                                                     | 2     |
strip_imp/G[2].strip_fifo_imp/fifo_imp/U0/xst_fifo_generator/gconvfifo.rf/gbiv4.fgfifo16_patch/fblk/gen_wgtr.inst_wgtr/lut_f/rstblk/wr_rst_comb(strip_imp/G[2].strip_fifo_imp/fifo_imp/U0/xst_fifo_generator/gconvfifo.rf/gbiv4.fgfifo16_patch/fblk/gen_wgtr.inst_wgtr/lut_f/rstblk/wr_rst_comb1:O)  | NONE(strip_imp/G[2].strip_fifo_imp/fifo_imp/U0/xst_fifo_generator/gconvfifo.rf/gbiv4.fgfifo16_patch/fblk/gen_wgtr.inst_wgtr/lut_f/rstblk/wr_rst_reg_0)                                                                                     | 2     |
strip_imp/G[3].strip_fifo_imp/fifo_imp/U0/xst_fifo_generator/gconvfifo.rf/gbiv4.fgfifo16_patch/fblk/gen_wgtr.inst_wgtr/lut_f/rstblk/rd_rst_comb(strip_imp/G[3].strip_fifo_imp/fifo_imp/U0/xst_fifo_generator/gconvfifo.rf/gbiv4.fgfifo16_patch/fblk/gen_wgtr.inst_wgtr/lut_f/rstblk/rd_rst_comb1:O)  | NONE(strip_imp/G[3].strip_fifo_imp/fifo_imp/U0/xst_fifo_generator/gconvfifo.rf/gbiv4.fgfifo16_patch/fblk/gen_wgtr.inst_wgtr/lut_f/rstblk/rd_rst_reg_1)                                                                                     | 2     |
strip_imp/G[3].strip_fifo_imp/fifo_imp/U0/xst_fifo_generator/gconvfifo.rf/gbiv4.fgfifo16_patch/fblk/gen_wgtr.inst_wgtr/lut_f/rstblk/wr_rst_comb(strip_imp/G[3].strip_fifo_imp/fifo_imp/U0/xst_fifo_generator/gconvfifo.rf/gbiv4.fgfifo16_patch/fblk/gen_wgtr.inst_wgtr/lut_f/rstblk/wr_rst_comb1:O)  | NONE(strip_imp/G[3].strip_fifo_imp/fifo_imp/U0/xst_fifo_generator/gconvfifo.rf/gbiv4.fgfifo16_patch/fblk/gen_wgtr.inst_wgtr/lut_f/rstblk/wr_rst_reg_0)                                                                                     | 2     |
strip_imp/G[4].strip_fifo_imp/fifo_imp/U0/xst_fifo_generator/gconvfifo.rf/gbiv4.fgfifo16_patch/fblk/gen_wgtr.inst_wgtr/lut_f/rstblk/rd_rst_comb(strip_imp/G[4].strip_fifo_imp/fifo_imp/U0/xst_fifo_generator/gconvfifo.rf/gbiv4.fgfifo16_patch/fblk/gen_wgtr.inst_wgtr/lut_f/rstblk/rd_rst_comb1:O)  | NONE(strip_imp/G[4].strip_fifo_imp/fifo_imp/U0/xst_fifo_generator/gconvfifo.rf/gbiv4.fgfifo16_patch/fblk/gen_wgtr.inst_wgtr/lut_f/rstblk/rd_rst_reg_1)                                                                                     | 2     |
strip_imp/G[4].strip_fifo_imp/fifo_imp/U0/xst_fifo_generator/gconvfifo.rf/gbiv4.fgfifo16_patch/fblk/gen_wgtr.inst_wgtr/lut_f/rstblk/wr_rst_comb(strip_imp/G[4].strip_fifo_imp/fifo_imp/U0/xst_fifo_generator/gconvfifo.rf/gbiv4.fgfifo16_patch/fblk/gen_wgtr.inst_wgtr/lut_f/rstblk/wr_rst_comb1:O)  | NONE(strip_imp/G[4].strip_fifo_imp/fifo_imp/U0/xst_fifo_generator/gconvfifo.rf/gbiv4.fgfifo16_patch/fblk/gen_wgtr.inst_wgtr/lut_f/rstblk/wr_rst_reg_0)                                                                                     | 2     |
strip_imp/G[5].strip_fifo_imp/fifo_imp/U0/xst_fifo_generator/gconvfifo.rf/gbiv4.fgfifo16_patch/fblk/gen_wgtr.inst_wgtr/lut_f/rstblk/rd_rst_comb(strip_imp/G[5].strip_fifo_imp/fifo_imp/U0/xst_fifo_generator/gconvfifo.rf/gbiv4.fgfifo16_patch/fblk/gen_wgtr.inst_wgtr/lut_f/rstblk/rd_rst_comb1:O)  | NONE(strip_imp/G[5].strip_fifo_imp/fifo_imp/U0/xst_fifo_generator/gconvfifo.rf/gbiv4.fgfifo16_patch/fblk/gen_wgtr.inst_wgtr/lut_f/rstblk/rd_rst_reg_1)                                                                                     | 2     |
strip_imp/G[5].strip_fifo_imp/fifo_imp/U0/xst_fifo_generator/gconvfifo.rf/gbiv4.fgfifo16_patch/fblk/gen_wgtr.inst_wgtr/lut_f/rstblk/wr_rst_comb(strip_imp/G[5].strip_fifo_imp/fifo_imp/U0/xst_fifo_generator/gconvfifo.rf/gbiv4.fgfifo16_patch/fblk/gen_wgtr.inst_wgtr/lut_f/rstblk/wr_rst_comb1:O)  | NONE(strip_imp/G[5].strip_fifo_imp/fifo_imp/U0/xst_fifo_generator/gconvfifo.rf/gbiv4.fgfifo16_patch/fblk/gen_wgtr.inst_wgtr/lut_f/rstblk/wr_rst_reg_0)                                                                                     | 2     |
strip_imp/stripstream_imp/packetfifo_imp/U0/xst_fifo_generator/gconvfifo.rf/grf.rf/rstblk/rd_rst_comb(strip_imp/stripstream_imp/packetfifo_imp/U0/xst_fifo_generator/gconvfifo.rf/grf.rf/rstblk/rd_rst_comb1:O)                                                                                      | NONE(strip_imp/stripstream_imp/packetfifo_imp/U0/xst_fifo_generator/gconvfifo.rf/grf.rf/rstblk/rd_rst_reg_0)                                                                                                                               | 2     |
strip_imp/stripstream_imp/packetfifo_imp/U0/xst_fifo_generator/gconvfifo.rf/grf.rf/rstblk/rst_d2(strip_imp/stripstream_imp/packetfifo_imp/U0/xst_fifo_generator/gconvfifo.rf/grf.rf/rstblk/rst_d2:Q)                                                                                                 | NONE(strip_imp/stripstream_imp/packetfifo_imp/U0/xst_fifo_generator/gconvfifo.rf/grf.rf/gntv_or_sync_fifo.gl1.lsshft/wsts/ram_full_fb_i)                                                                                                   | 2     |
strip_imp/stripstream_imp/streamipbuf_imp/U0/xst_fifo_generator/gconvfifo.rf/grf.rf/rstblk/wr_rst_comb(strip_imp/stripstream_imp/streamipbuf_imp/U0/xst_fifo_generator/gconvfifo.rf/grf.rf/rstblk/wr_rst_comb1:O)                                                                                    | NONE(strip_imp/stripstream_imp/streamipbuf_imp/U0/xst_fifo_generator/gconvfifo.rf/grf.rf/rstblk/wr_rst_reg_0)                                                                                                                              | 2     |
strip_imp/trigprim0_imp/fifo_imp/U0/xst_fifo_generator/gconvfifo.rf/gbiv4.fgfifo16_patch/fblk/gen_wgtr.inst_wgtr/lut_f/rstblk/rd_rst_comb(strip_imp/trigprim0_imp/fifo_imp/U0/xst_fifo_generator/gconvfifo.rf/gbiv4.fgfifo16_patch/fblk/gen_wgtr.inst_wgtr/lut_f/rstblk/rd_rst_comb1:O)              | NONE(strip_imp/trigprim0_imp/fifo_imp/U0/xst_fifo_generator/gconvfifo.rf/gbiv4.fgfifo16_patch/fblk/gen_wgtr.inst_wgtr/lut_f/rstblk/rd_rst_reg_1)                                                                                           | 2     |
strip_imp/trigprim0_imp/fifo_imp/U0/xst_fifo_generator/gconvfifo.rf/gbiv4.fgfifo16_patch/fblk/gen_wgtr.inst_wgtr/lut_f/rstblk/wr_rst_comb(strip_imp/trigprim0_imp/fifo_imp/U0/xst_fifo_generator/gconvfifo.rf/gbiv4.fgfifo16_patch/fblk/gen_wgtr.inst_wgtr/lut_f/rstblk/wr_rst_comb1:O)              | NONE(strip_imp/trigprim0_imp/fifo_imp/U0/xst_fifo_generator/gconvfifo.rf/gbiv4.fgfifo16_patch/fblk/gen_wgtr.inst_wgtr/lut_f/rstblk/wr_rst_reg_0)                                                                                           | 2     |
strip_imp/trigprim1_imp/fifo_imp/U0/xst_fifo_generator/gconvfifo.rf/gbiv4.fgfifo16_patch/fblk/gen_wgtr.inst_wgtr/lut_f/rstblk/rd_rst_comb(strip_imp/trigprim1_imp/fifo_imp/U0/xst_fifo_generator/gconvfifo.rf/gbiv4.fgfifo16_patch/fblk/gen_wgtr.inst_wgtr/lut_f/rstblk/rd_rst_comb1:O)              | NONE(strip_imp/trigprim1_imp/fifo_imp/U0/xst_fifo_generator/gconvfifo.rf/gbiv4.fgfifo16_patch/fblk/gen_wgtr.inst_wgtr/lut_f/rstblk/rd_rst_reg_1)                                                                                           | 2     |
strip_imp/trigprim1_imp/fifo_imp/U0/xst_fifo_generator/gconvfifo.rf/gbiv4.fgfifo16_patch/fblk/gen_wgtr.inst_wgtr/lut_f/rstblk/wr_rst_comb(strip_imp/trigprim1_imp/fifo_imp/U0/xst_fifo_generator/gconvfifo.rf/gbiv4.fgfifo16_patch/fblk/gen_wgtr.inst_wgtr/lut_f/rstblk/wr_rst_comb1:O)              | NONE(strip_imp/trigprim1_imp/fifo_imp/U0/xst_fifo_generator/gconvfifo.rf/gbiv4.fgfifo16_patch/fblk/gen_wgtr.inst_wgtr/lut_f/rstblk/wr_rst_reg_0)                                                                                           | 2     |
strip_imp/trigprim2_imp/fifo_imp/U0/xst_fifo_generator/gconvfifo.rf/gbiv4.fgfifo16_patch/fblk/gen_wgtr.inst_wgtr/lut_f/rstblk/rd_rst_comb(strip_imp/trigprim2_imp/fifo_imp/U0/xst_fifo_generator/gconvfifo.rf/gbiv4.fgfifo16_patch/fblk/gen_wgtr.inst_wgtr/lut_f/rstblk/rd_rst_comb1:O)              | NONE(strip_imp/trigprim2_imp/fifo_imp/U0/xst_fifo_generator/gconvfifo.rf/gbiv4.fgfifo16_patch/fblk/gen_wgtr.inst_wgtr/lut_f/rstblk/rd_rst_reg_1)                                                                                           | 2     |
strip_imp/trigprim2_imp/fifo_imp/U0/xst_fifo_generator/gconvfifo.rf/gbiv4.fgfifo16_patch/fblk/gen_wgtr.inst_wgtr/lut_f/rstblk/wr_rst_comb(strip_imp/trigprim2_imp/fifo_imp/U0/xst_fifo_generator/gconvfifo.rf/gbiv4.fgfifo16_patch/fblk/gen_wgtr.inst_wgtr/lut_f/rstblk/wr_rst_comb1:O)              | NONE(strip_imp/trigprim2_imp/fifo_imp/U0/xst_fifo_generator/gconvfifo.rf/gbiv4.fgfifo16_patch/fblk/gen_wgtr.inst_wgtr/lut_f/rstblk/wr_rst_reg_0)                                                                                           | 2     |
strip_imp/trigprim3_imp/fifo_imp/U0/xst_fifo_generator/gconvfifo.rf/gbiv4.fgfifo16_patch/fblk/gen_wgtr.inst_wgtr/lut_f/rstblk/rd_rst_comb(strip_imp/trigprim3_imp/fifo_imp/U0/xst_fifo_generator/gconvfifo.rf/gbiv4.fgfifo16_patch/fblk/gen_wgtr.inst_wgtr/lut_f/rstblk/rd_rst_comb1:O)              | NONE(strip_imp/trigprim3_imp/fifo_imp/U0/xst_fifo_generator/gconvfifo.rf/gbiv4.fgfifo16_patch/fblk/gen_wgtr.inst_wgtr/lut_f/rstblk/rd_rst_reg_1)                                                                                           | 2     |
strip_imp/trigprim3_imp/fifo_imp/U0/xst_fifo_generator/gconvfifo.rf/gbiv4.fgfifo16_patch/fblk/gen_wgtr.inst_wgtr/lut_f/rstblk/wr_rst_comb(strip_imp/trigprim3_imp/fifo_imp/U0/xst_fifo_generator/gconvfifo.rf/gbiv4.fgfifo16_patch/fblk/gen_wgtr.inst_wgtr/lut_f/rstblk/wr_rst_comb1:O)              | NONE(strip_imp/trigprim3_imp/fifo_imp/U0/xst_fifo_generator/gconvfifo.rf/gbiv4.fgfifo16_patch/fblk/gen_wgtr.inst_wgtr/lut_f/rstblk/wr_rst_reg_0)                                                                                           | 2     |
strip_imp/trigproc_imp/fifo_imp/U0/xst_fifo_generator/gconvfifo.rf/gbiv4.fgfifo16_patch/fblk/gen_wgtr.inst_wgtr/lut_f/rstblk/rd_rst_comb(strip_imp/trigproc_imp/fifo_imp/U0/xst_fifo_generator/gconvfifo.rf/gbiv4.fgfifo16_patch/fblk/gen_wgtr.inst_wgtr/lut_f/rstblk/rd_rst_comb1:O)                | NONE(strip_imp/trigproc_imp/fifo_imp/U0/xst_fifo_generator/gconvfifo.rf/gbiv4.fgfifo16_patch/fblk/gen_wgtr.inst_wgtr/lut_f/rstblk/rd_rst_reg_1)                                                                                            | 2     |
strip_imp/trigproc_imp/fifo_imp/U0/xst_fifo_generator/gconvfifo.rf/gbiv4.fgfifo16_patch/fblk/gen_wgtr.inst_wgtr/lut_f/rstblk/wr_rst_comb(strip_imp/trigproc_imp/fifo_imp/U0/xst_fifo_generator/gconvfifo.rf/gbiv4.fgfifo16_patch/fblk/gen_wgtr.inst_wgtr/lut_f/rstblk/wr_rst_comb1:O)                | NONE(strip_imp/trigproc_imp/fifo_imp/U0/xst_fifo_generator/gconvfifo.rf/gbiv4.fgfifo16_patch/fblk/gen_wgtr.inst_wgtr/lut_f/rstblk/wr_rst_reg_0)                                                                                            | 2     |
strip_imp/stripclk_imp/debug<2>(strip_imp/stripclk_imp/bcoclk_reset1:O)                                                                                                                                                                                                                              | NONE(strip_imp/stripclk_imp/bcoclk_pmcd)                                                                                                                                                                                                   | 1     |
-----------------------------------------------------------------------------------------------------------------------------------------------------------------------------------------------------------------------------------------------------------------------------------------------------+--------------------------------------------------------------------------------------------------------------------------------------------------------------------------------------------------------------------------------------------+-------+

Timing Summary:
---------------
Speed Grade: -10

   Minimum period: 11.915ns (Maximum Frequency: 83.931MHz)
   Minimum input arrival time before clock: 7.036ns
   Maximum output required time after clock: 8.534ns
   Maximum combinational path delay: 6.602ns

Timing Detail:
--------------
All values displayed in nanoseconds (ns)

=========================================================================
Timing constraint: Default period analysis for Clock 'GMII_RXCLK_PAD'
  Clock period: 8.735ns (frequency: 114.477MHz)
  Total number of paths / destination ports: 160657 / 9191
-------------------------------------------------------------------------
Delay:               8.735ns (Levels of Logic = 14)
  Source:            eth_interface/data_manager_blk/RAM_COMM_DEC/ram_addr_sig_53 (FF)
  Destination:       eth_interface/data_manager_blk/RAM_COMM_DEC/mem_loc_count_reg_2 (FF)
  Source Clock:      GMII_RXCLK_PAD rising
  Destination Clock: GMII_RXCLK_PAD rising

  Data Path: eth_interface/data_manager_blk/RAM_COMM_DEC/ram_addr_sig_53 to eth_interface/data_manager_blk/RAM_COMM_DEC/mem_loc_count_reg_2
                                Gate     Net
    Cell:in->out      fanout   Delay   Delay  Logical Name (Net Name)
    ----------------------------------------  ------------
     FDRS:C->Q             3   0.360   0.756  ram_addr_sig_53 (ram_addr_sig_53)
     end scope: 'RAM_COMM_DEC'
     end scope: 'data_manager_blk'
     LUT4:I0->O            1   0.195   0.000  ots_user_mask_cmp_eq00001_wg_lut<1> (ots_user_mask_cmp_eq00001_wg_lut<1>)
     MUXCY:S->O            1   0.366   0.000  ots_user_mask_cmp_eq00001_wg_cy<1> (ots_user_mask_cmp_eq00001_wg_cy<1>)
     MUXCY:CI->O           1   0.044   0.000  ots_user_mask_cmp_eq00001_wg_cy<2> (ots_user_mask_cmp_eq00001_wg_cy<2>)
     MUXCY:CI->O           1   0.044   0.000  ots_user_mask_cmp_eq00001_wg_cy<3> (ots_user_mask_cmp_eq00001_wg_cy<3>)
     MUXCY:CI->O           1   0.044   0.000  ots_user_mask_cmp_eq00001_wg_cy<4> (ots_user_mask_cmp_eq00001_wg_cy<4>)
     MUXCY:CI->O           1   0.044   0.000  ots_user_mask_cmp_eq00001_wg_cy<5> (ots_user_mask_cmp_eq00001_wg_cy<5>)
     MUXCY:CI->O           1   0.044   0.000  ots_user_mask_cmp_eq00001_wg_cy<6> (ots_user_mask_cmp_eq00001_wg_cy<6>)
     MUXCY:CI->O         113   0.370   1.470  ots_user_mask_cmp_eq00001_wg_cy<7> (ots_user_mask_cmp_eq00001_wg_cy<7>)
     LUT3:I1->O           77   0.195   1.329  ots_ready1 (ots_ready)
     begin scope: 'data_manager_blk'
     begin scope: 'RAM_COMM_DEC'
     LUT4:I2->O            1   0.195   0.741  mem_loc_count_reg_mux0000<10>2_SW0 (N178)
     LUT4:I0->O           11   0.195   0.725  mem_loc_count_reg_mux0000<10>2 (N5)
     LUT4:I2->O            1   0.195   0.360  mem_loc_count_reg_mux0000<15>17 (mem_loc_count_reg_mux0000<15>17)
     FDRS:S                    1.062          mem_loc_count_reg_7
    ----------------------------------------
    Total                      8.735ns (3.355ns logic, 5.380ns route)
                                       (38.4% logic, 61.6% route)

=========================================================================
Timing constraint: Default period analysis for Clock 'CLK15NS_PAD'
  Clock period: 11.915ns (frequency: 83.931MHz)
  Total number of paths / destination ports: 181491 / 14583
-------------------------------------------------------------------------
Delay:               5.957ns (Levels of Logic = 5)
  Source:            strip_imp/stripana_imp/STRIP_DATA_31_BRB1 (FF)
  Destination:       strip_imp/stripana_imp/COUNTERS_3_0 (FF)
  Source Clock:      CLK15NS_PAD falling
  Destination Clock: CLK15NS_PAD rising

  Data Path: strip_imp/stripana_imp/STRIP_DATA_31_BRB1 to strip_imp/stripana_imp/COUNTERS_3_0
                                Gate     Net
    Cell:in->out      fanout   Delay   Delay  Logical Name (Net Name)
    ----------------------------------------  ------------
     FD_1:C->Q            17   0.307   0.805  STRIP_DATA_31_BRB1 (STRIP_DATA_31_BRB1)
     LUT4:I2->O            2   0.195   0.602  STRIP_DATA_16_rstpot (STRIP_DATA_16)
     LUT4:I2->O            1   0.195   0.741  COUNTERS_1_not00011117 (COUNTERS_1_not00011117)
     LUT4:I0->O            1   0.195   0.523  COUNTERS_1_not00011249 (COUNTERS_1_not00011249)
     LUT3_D:I2->O          4   0.195   0.537  COUNTERS_1_not00011259 (N11)
     LUT4:I3->O           32   0.195   0.928  COUNTERS_4_not00011 (COUNTERS_4_not0001)
     FDRE:CE                   0.540          COUNTERS_4_0
    ----------------------------------------
    Total                      5.957ns (1.822ns logic, 4.135ns route)
                                       (30.6% logic, 69.4% route)

=========================================================================
Timing constraint: Default period analysis for Clock 'strip_imp/dac_imp/DIVCLK'
  Clock period: 6.925ns (frequency: 144.412MHz)
  Total number of paths / destination ports: 3564 / 78
-------------------------------------------------------------------------
Delay:               6.925ns (Levels of Logic = 17)
  Source:            strip_imp/dac_imp/DAC_0 (FF)
  Destination:       strip_imp/dac_imp/DAC_0 (FF)
  Source Clock:      strip_imp/dac_imp/DIVCLK rising
  Destination Clock: strip_imp/dac_imp/DIVCLK rising

  Data Path: strip_imp/dac_imp/DAC_0 to strip_imp/dac_imp/DAC_0
                                Gate     Net
    Cell:in->out      fanout   Delay   Delay  Logical Name (Net Name)
    ----------------------------------------  ------------
     FDRE:C->Q             4   0.360   0.537  DAC_0 (DAC_0)
     LUT1:I0->O            1   0.195   0.000  Madd_FINISHED_addsub0000_cy<0>_rt (Madd_FINISHED_addsub0000_cy<0>_rt)
     MUXCY:S->O            1   0.366   0.000  Madd_FINISHED_addsub0000_cy<0> (Madd_FINISHED_addsub0000_cy<0>)
     XORCY:CI->O           1   0.360   0.523  Madd_FINISHED_addsub0000_xor<1> (FINISHED_addsub0000<1>)
     LUT3:I2->O            1   0.195   0.741  FINISHED_mux0000<1>1 (FINISHED_mux0000<1>)
     LUT4:I0->O            1   0.195   0.000  Mcompar_FINISHED_cmp_ge0000_lut<1> (Mcompar_FINISHED_cmp_ge0000_lut<1>)
     MUXCY:S->O            1   0.366   0.000  Mcompar_FINISHED_cmp_ge0000_cy<1> (Mcompar_FINISHED_cmp_ge0000_cy<1>)
     MUXCY:CI->O           1   0.045   0.000  Mcompar_FINISHED_cmp_ge0000_cy<2> (Mcompar_FINISHED_cmp_ge0000_cy<2>)
     MUXCY:CI->O           1   0.045   0.000  Mcompar_FINISHED_cmp_ge0000_cy<3> (Mcompar_FINISHED_cmp_ge0000_cy<3>)
     MUXCY:CI->O           1   0.045   0.000  Mcompar_FINISHED_cmp_ge0000_cy<4> (Mcompar_FINISHED_cmp_ge0000_cy<4>)
     MUXCY:CI->O           1   0.045   0.000  Mcompar_FINISHED_cmp_ge0000_cy<5> (Mcompar_FINISHED_cmp_ge0000_cy<5>)
     MUXCY:CI->O           1   0.045   0.000  Mcompar_FINISHED_cmp_ge0000_cy<6> (Mcompar_FINISHED_cmp_ge0000_cy<6>)
     MUXCY:CI->O           1   0.045   0.000  Mcompar_FINISHED_cmp_ge0000_cy<7> (Mcompar_FINISHED_cmp_ge0000_cy<7>)
     MUXCY:CI->O           1   0.045   0.000  Mcompar_FINISHED_cmp_ge0000_cy<8> (Mcompar_FINISHED_cmp_ge0000_cy<8>)
     MUXCY:CI->O           1   0.045   0.000  Mcompar_FINISHED_cmp_ge0000_cy<9> (Mcompar_FINISHED_cmp_ge0000_cy<9>)
     MUXCY:CI->O           1   0.045   0.000  Mcompar_FINISHED_cmp_ge0000_cy<10> (Mcompar_FINISHED_cmp_ge0000_cy<10>)
     MUXCY:CI->O           2   0.369   0.540  Mcompar_FINISHED_cmp_ge0000_cy<11> (FINISHED_cmp_ge0000)
     LUT4:I3->O           12   0.195   0.520  DAC_and00002 (DAC_and0000)
     FDRE:R                    1.062          DAC_0
    ----------------------------------------
    Total                      6.925ns (4.064ns logic, 2.861ns route)
                                       (58.7% logic, 41.3% route)

=========================================================================
Timing constraint: Default period analysis for Clock 'EXT_CLK_PAD_P'
  Clock period: 5.015ns (frequency: 199.384MHz)
  Total number of paths / destination ports: 982 / 154
-------------------------------------------------------------------------
Delay:               2.508ns (Levels of Logic = 2)
  Source:            trigpattern_imp/DLY_0 (FF)
  Destination:       strip_imp/trig_count_0 (FF)
  Source Clock:      EXT_CLK_PAD_P falling
  Destination Clock: EXT_CLK_PAD_P rising

  Data Path: trigpattern_imp/DLY_0 to strip_imp/trig_count_0
                                Gate     Net
    Cell:in->out      fanout   Delay   Delay  Logical Name (Net Name)
    ----------------------------------------  ------------
     FDS_1:C->Q            3   0.307   0.538  DLY_0 (DLY_0)
     end scope: 'trigpattern_imp'
     begin scope: 'strip_imp'
     LUT2:I1->O           32   0.195   0.928  trig_count_and00001 (trig_count_and0000)
     FDE:CE                    0.540          trig_count_0
    ----------------------------------------
    Total                      2.508ns (1.042ns logic, 1.466ns route)
                                       (41.6% logic, 58.4% route)

=========================================================================
Timing constraint: Default period analysis for Clock 'CLK5MHZ_PAD'
  Clock period: 7.163ns (frequency: 139.614MHz)
  Total number of paths / destination ports: 263 / 26
-------------------------------------------------------------------------
Delay:               3.581ns (Levels of Logic = 2)
  Source:            strip_imp/dacspi_imp/STATE_FSM_FFd1 (FF)
  Destination:       strip_imp/dacspi_imp/DOUT_0 (FF)
  Source Clock:      CLK5MHZ_PAD falling
  Destination Clock: CLK5MHZ_PAD rising

  Data Path: strip_imp/dacspi_imp/STATE_FSM_FFd1 to strip_imp/dacspi_imp/DOUT_0
                                Gate     Net
    Cell:in->out      fanout   Delay   Delay  Logical Name (Net Name)
    ----------------------------------------  ------------
     FDR_1:C->Q           25   0.307   1.281  STATE_FSM_FFd1 (STATE_FSM_FFd1)
     LUT4_D:I0->O          3   0.195   0.703  DOUT_0_not000121 (N13)
     LUT3:I0->O            1   0.195   0.360  DOUT_1_not00011 (DOUT_1_not0001)
     FDRE:CE                   0.540          DOUT_1
    ----------------------------------------
    Total                      3.581ns (1.237ns logic, 2.344ns route)
                                       (34.5% logic, 65.5% route)

=========================================================================
Timing constraint: Default period analysis for Clock 'strip_imp/stripclk_imp/bcocounter_imp/blk00000001/Q<0>'
  Clock period: 4.572ns (frequency: 218.706MHz)
  Total number of paths / destination ports: 84 / 15
-------------------------------------------------------------------------
Delay:               4.572ns (Levels of Logic = 3)
  Source:            strip_imp/striptbm_imp/BCO_COUNTER_5 (FF)
  Destination:       strip_imp/striptbm_imp/BCO_COUNTER_0 (FF)
  Source Clock:      strip_imp/stripclk_imp/bcocounter_imp/blk00000001/Q<0> rising
  Destination Clock: strip_imp/stripclk_imp/bcocounter_imp/blk00000001/Q<0> rising

  Data Path: strip_imp/striptbm_imp/BCO_COUNTER_5 to strip_imp/striptbm_imp/BCO_COUNTER_0
                                Gate     Net
    Cell:in->out      fanout   Delay   Delay  Logical Name (Net Name)
    ----------------------------------------  ------------
     FDRE:C->Q             3   0.360   0.756  BCO_COUNTER_5 (BCO_COUNTER_5)
     LUT4:I0->O            1   0.195   0.688  NEED_BCO_cmp_eq0000735 (NEED_BCO_cmp_eq0000735)
     LUT4:I1->O            2   0.195   0.705  NEED_BCO_cmp_eq00007119 (NEED_BCO_cmp_eq0000)
     LUT3:I0->O            7   0.195   0.416  BCO_COUNTER_and00001 (BCO_COUNTER_and0000)
     FDRE:R                    1.062          BCO_COUNTER_0
    ----------------------------------------
    Total                      4.572ns (2.007ns logic, 2.565ns route)
                                       (43.9% logic, 56.1% route)

=========================================================================
Timing constraint: Default OFFSET IN BEFORE for Clock 'EXT_CLK_PAD_P'
  Total number of paths / destination ports: 10 / 5
-------------------------------------------------------------------------
Offset:              2.093ns (Levels of Logic = 1)
  Source:            EXT_TRIG_PAD_P (PAD)
  Destination:       ext_trig_oddr (FF)
  Destination Clock: EXT_CLK_PAD_P rising

  Data Path: EXT_TRIG_PAD_P to ext_trig_oddr
                                Gate     Net
    Cell:in->out      fanout   Delay   Delay  Logical Name (Net Name)
    ----------------------------------------  ------------
     IBUFDS:I->O           5   0.965   0.383  ext_trig_ibuf (ext_cmd)
     ODDR:D1                   0.745          ext_trig_oddr
    ----------------------------------------
    Total                      2.093ns (1.710ns logic, 0.383ns route)
                                       (81.7% logic, 18.3% route)

=========================================================================
Timing constraint: Default OFFSET IN BEFORE for Clock 'CLK5MHZ_PAD'
  Total number of paths / destination ports: 8 / 8
-------------------------------------------------------------------------
Offset:              1.432ns (Levels of Logic = 2)
  Source:            STRIP_DAC_SDO_PAD (PAD)
  Destination:       strip_imp/dacspi_imp/DOUT_0 (FF)
  Destination Clock: CLK5MHZ_PAD rising

  Data Path: STRIP_DAC_SDO_PAD to strip_imp/dacspi_imp/DOUT_0
                                Gate     Net
    Cell:in->out      fanout   Delay   Delay  Logical Name (Net Name)
    ----------------------------------------  ------------
     IBUF:I->O             8   0.965   0.445  dac_sdo_ibuf (STRIP_DAC_SDO)
     begin scope: 'strip_imp'
     begin scope: 'dacspi_imp'
     FDRE:D                    0.022          DOUT_0
    ----------------------------------------
    Total                      1.432ns (0.987ns logic, 0.445ns route)
                                       (68.9% logic, 31.1% route)

=========================================================================
Timing constraint: Default OFFSET IN BEFORE for Clock 'CLK15NS_PAD'
  Total number of paths / destination ports: 2620 / 158
-------------------------------------------------------------------------
Offset:              7.036ns (Levels of Logic = 8)
  Source:            STRIP_SCOUT_PAD_P<0> (PAD)
  Destination:       strip_imp/sc_imp/BITS_OUT_46 (FF)
  Destination Clock: CLK15NS_PAD falling 0.2X

  Data Path: STRIP_SCOUT_PAD_P<0> to strip_imp/sc_imp/BITS_OUT_46
                                Gate     Net
    Cell:in->out      fanout   Delay   Delay  Logical Name (Net Name)
    ----------------------------------------  ------------
     IBUFDS:I->O           1   0.965   0.585  S[0].strip_scout_ibuf (STRIP_SCOUT<0>)
     begin scope: 'strip_imp'
     begin scope: 'sc_imp'
     LUT3:I1->O            1   0.195   0.000  Mmux_SCOUT_mux0000_7 (Mmux_SCOUT_mux0000_7)
     MUXF5:I0->O           2   0.382   0.540  Mmux_SCOUT_mux0000_5_f5 (Mmux_SCOUT_mux0000_5_f5)
     LUT4:I3->O            1   0.195   0.585  BITS_OUT_0_mux000031_SW1 (N9)
     LUT4:I2->O            8   0.195   0.826  BITS_OUT_0_mux000031 (N325)
     LUT4:I0->O           16   0.195   0.756  BITS_OUT_72_mux000031 (N1811)
     LUT2:I1->O            1   0.195   0.360  BITS_OUT_95_mux00000 (BITS_OUT_95_mux00000)
     FDS_1:S                   1.062          BITS_OUT_95
    ----------------------------------------
    Total                      7.036ns (3.384ns logic, 3.652ns route)
                                       (48.1% logic, 51.9% route)

=========================================================================
Timing constraint: Default OFFSET IN BEFORE for Clock 'GMII_RXCLK_PAD'
  Total number of paths / destination ports: 82 / 18
-------------------------------------------------------------------------
Offset:              2.961ns (Levels of Logic = 4)
  Source:            JUMPER_PAD<3> (PAD)
  Destination:       eth_interface/user_addr_sig_0 (FF)
  Destination Clock: GMII_RXCLK_PAD rising

  Data Path: JUMPER_PAD<3> to eth_interface/user_addr_sig_0
                                Gate     Net
    Cell:in->out      fanout   Delay   Delay  Logical Name (Net Name)
    ----------------------------------------  ------------
     IBUF:I->O             2   0.965   0.758  G_JUMPER[3].jumper_ibuf (JUMPERS<3>)
     begin scope: 'eth_interface'
     LUT4:I0->O            8   0.195   0.826  user_addr_sig_cmp_eq000012 (user_addr_sig_cmp_eq000012)
     LUT4:I0->O            1   0.195   0.000  user_addr_sig_mux0001<7>1 (user_addr_sig_mux0001<7>)
     FD:D                      0.022          user_addr_sig_7
    ----------------------------------------
    Total                      2.961ns (1.377ns logic, 1.584ns route)
                                       (46.5% logic, 53.5% route)

=========================================================================
Timing constraint: Default OFFSET OUT AFTER for Clock 'CLK5MHZ_PAD'
  Total number of paths / destination ports: 8 / 6
-------------------------------------------------------------------------
Offset:              6.047ns (Levels of Logic = 3)
  Source:            strip_imp/dacspi_imp/STATE_FSM_FFd1 (FF)
  Destination:       STRIP_DAC_SCLK_PAD (PAD)
  Source Clock:      CLK5MHZ_PAD falling

  Data Path: strip_imp/dacspi_imp/STATE_FSM_FFd1 to STRIP_DAC_SCLK_PAD
                                Gate     Net
    Cell:in->out      fanout   Delay   Delay  Logical Name (Net Name)
    ----------------------------------------  ------------
     FDR_1:C->Q           25   0.307   1.228  STATE_FSM_FFd1 (STATE_FSM_FFd1)
     LUT4:I1->O            1   0.195   0.360  SCLK1 (SCLK)
     end scope: 'dacspi_imp'
     end scope: 'strip_imp'
     OBUF:I->O                 3.957          dac_sclk_obuf (STRIP_DAC_SCLK_PAD)
    ----------------------------------------
    Total                      6.047ns (4.459ns logic, 1.588ns route)
                                       (73.7% logic, 26.3% route)

=========================================================================
Timing constraint: Default OFFSET OUT AFTER for Clock 'GMII_RXCLK_PAD'
  Total number of paths / destination ports: 36 / 36
-------------------------------------------------------------------------
Offset:              6.252ns (Levels of Logic = 5)
  Source:            strip_imp/bus_strip_sc_21 (FF)
  Destination:       STRIP_SHIFT_PAD_N<5> (PAD)
  Source Clock:      GMII_RXCLK_PAD rising

  Data Path: strip_imp/bus_strip_sc_21 to STRIP_SHIFT_PAD_N<5>
                                Gate     Net
    Cell:in->out      fanout   Delay   Delay  Logical Name (Net Name)
    ----------------------------------------  ------------
     FDE:C->Q              1   0.360   0.585  bus_strip_sc_21 (bus_strip_sc_21)
     LUT2:I0->O            3   0.195   0.600  strip_sc<21>1 (strip_sc<21>)
     begin scope: 'sc_imp'
     LUT3:I1->O            1   0.195   0.360  SHIFT<5>1 (SHIFT<5>)
     end scope: 'sc_imp'
     end scope: 'strip_imp'
     OBUFDS:I->O               3.957          S[5].strip_shift_obuf (STRIP_SHIFT_PAD_P<5>)
    ----------------------------------------
    Total                      6.252ns (4.707ns logic, 1.545ns route)
                                       (75.3% logic, 24.7% route)

=========================================================================
Timing constraint: Default OFFSET OUT AFTER for Clock 'CLK15NS_PAD'
  Total number of paths / destination ports: 74 / 38
-------------------------------------------------------------------------
Offset:              8.534ns (Levels of Logic = 4)
  Source:            eth_interface/reset_mgr/reset (FF)
  Destination:       GMII_RESET_PAD (PAD)
  Source Clock:      CLK15NS_PAD rising

  Data Path: eth_interface/reset_mgr/reset to GMII_RESET_PAD
                                Gate     Net
    Cell:in->out      fanout   Delay   Delay  Logical Name (Net Name)
    ----------------------------------------  ------------
     FDS:C->Q            922   0.360   2.921  reset (reset)
     end scope: 'reset_mgr'
     LUT2:I1->O            5   0.195   0.383  reset_out1 (reset_out)
     end scope: 'eth_interface'
     INV:I->O              1   0.358   0.360  reset_n1_INV_0 (reset_n)
     OBUF:I->O                 3.957          gmii_reset_obuf (GMII_RESET_PAD)
    ----------------------------------------
    Total                      8.534ns (4.870ns logic, 3.664ns route)
                                       (57.1% logic, 42.9% route)

=========================================================================
Timing constraint: Default OFFSET OUT AFTER for Clock 'EXT_CLK_PAD_P'
  Total number of paths / destination ports: 4 / 4
-------------------------------------------------------------------------
Offset:              4.901ns (Levels of Logic = 1)
  Source:            ext_trig_oddr (FF)
  Destination:       EXT_TRIG_OUT_PAD_N (PAD)
  Source Clock:      EXT_CLK_PAD_P rising

  Data Path: ext_trig_oddr to EXT_TRIG_OUT_PAD_N
                                Gate     Net
    Cell:in->out      fanout   Delay   Delay  Logical Name (Net Name)
    ----------------------------------------  ------------
     ODDR:C->Q             1   0.584   0.360  ext_trig_oddr (ext_trig_out)
     OBUFDS:I->O               3.957          ext_trig_obuf (EXT_TRIG_OUT_PAD_P)
    ----------------------------------------
    Total                      4.901ns (4.541ns logic, 0.360ns route)
                                       (92.7% logic, 7.3% route)

=========================================================================
Timing constraint: Default OFFSET OUT AFTER for Clock 'strip_imp/dac_imp/DIVCLK'
  Total number of paths / destination ports: 16 / 16
-------------------------------------------------------------------------
Offset:              4.901ns (Levels of Logic = 1)
  Source:            DACBUS[11].dac_busa_obuf (FF)
  Destination:       STRIP_DAC_BUSAB_PAD<11> (PAD)
  Source Clock:      strip_imp/dac_imp/DIVCLK rising

  Data Path: DACBUS[11].dac_busa_obuf to STRIP_DAC_BUSAB_PAD<11>
                                Gate     Net
    Cell:in->out      fanout   Delay   Delay  Logical Name (Net Name)
    ----------------------------------------  ------------
     ODDR:C->Q             1   0.584   0.360  DACBUS[11].dac_busa_obuf (STRIP_DAC_BUSAB_PAD_11_OBUF)
     OBUF:I->O                 3.957          STRIP_DAC_BUSAB_PAD_11_OBUF (STRIP_DAC_BUSAB_PAD<11>)
    ----------------------------------------
    Total                      4.901ns (4.541ns logic, 0.360ns route)
                                       (92.7% logic, 7.3% route)

=========================================================================
Timing constraint: Default path analysis
  Total number of paths / destination ports: 1 / 1
-------------------------------------------------------------------------
Delay:               6.602ns (Levels of Logic = 5)
  Source:            CLK5MHZ_PAD (PAD)
  Destination:       STRIP_DAC_SCLK_PAD (PAD)

  Data Path: CLK5MHZ_PAD to STRIP_DAC_SCLK_PAD
                                Gate     Net
    Cell:in->out      fanout   Delay   Delay  Logical Name (Net Name)
    ----------------------------------------  ------------
     IBUFG:I->O           25   0.965   1.125  clk5mhz_ibufg (secondary_clk)
     begin scope: 'strip_imp'
     begin scope: 'dacspi_imp'
     LUT4:I2->O            1   0.195   0.360  SCLK1 (SCLK)
     end scope: 'dacspi_imp'
     end scope: 'strip_imp'
     OBUF:I->O                 3.957          dac_sclk_obuf (STRIP_DAC_SCLK_PAD)
    ----------------------------------------
    Total                      6.602ns (5.117ns logic, 1.485ns route)
                                       (77.5% logic, 22.5% route)

=========================================================================


Total REAL time to Xst completion: 213.00 secs
Total CPU time to Xst completion: 212.42 secs
 
--> 


Total memory usage is 1425688 kilobytes

Number of errors   :    0 (   0 filtered)
Number of warnings : 1167 (   0 filtered)
Number of infos    :  390 (   0 filtered)

