Release 14.6 - xst P.68d (lin64)
Copyright (c) 1995-2013 Xilinx, Inc.  All rights reserved.
--> 
Parameter TMPDIR set to xst/projnav.tmp


Total REAL time to Xst completion: 0.00 secs
Total CPU time to Xst completion: 0.04 secs
 
--> 
Parameter xsthdpdir set to xst


Total REAL time to Xst completion: 0.00 secs
Total CPU time to Xst completion: 0.04 secs
 
--> 
Reading design: master.prj

TABLE OF CONTENTS
  1) Synthesis Options Summary
  2) HDL Compilation
  3) Design Hierarchy Analysis
  4) HDL Analysis
  5) HDL Synthesis
     5.1) HDL Synthesis Report
  6) Advanced HDL Synthesis
     6.1) Advanced HDL Synthesis Report
  7) Low Level Synthesis
  8) Partition Report
  9) Final Report
	9.1) Device utilization summary
	9.2) Partition Resource Summary
	9.3) TIMING REPORT


=========================================================================
*                      Synthesis Options Summary                        *
=========================================================================
---- Source Parameters
Input File Name                    : "master.prj"
Input Format                       : mixed
Ignore Synthesis Constraint File   : NO

---- Target Parameters
Output File Name                   : "master"
Output Format                      : NGC
Target Device                      : xc4vlx25-10-ff668

---- Source Options
Top Module Name                    : master
Automatic FSM Extraction           : YES
FSM Encoding Algorithm             : Auto
Safe Implementation                : Yes
FSM Style                          : LUT
RAM Extraction                     : Yes
RAM Style                          : Auto
ROM Extraction                     : Yes
Mux Style                          : Auto
Decoder Extraction                 : YES
Priority Encoder Extraction        : Yes
Shift Register Extraction          : YES
Logical Shifter Extraction         : YES
XOR Collapsing                     : YES
ROM Style                          : Auto
Mux Extraction                     : Yes
Resource Sharing                   : YES
Asynchronous To Synchronous        : NO
Use DSP Block                      : Auto
Automatic Register Balancing       : Yes

---- Target Options
Add IO Buffers                     : YES
Global Maximum Fanout              : 100000
Add Generic Clock Buffer(BUFG)     : 32
Number of Regional Clock Buffers   : 24
Register Duplication               : YES
Move First FlipFlop Stage          : YES
Move Last FlipFlop Stage           : YES
Slice Packing                      : YES
Optimize Instantiated Primitives   : NO
Use Clock Enable                   : Auto
Use Synchronous Set                : Auto
Use Synchronous Reset              : Auto
Pack IO Registers into IOBs        : False
Equivalent register Removal        : YES

---- General Options
Optimization Goal                  : Speed
Optimization Effort                : 2
Power Reduction                    : NO
Keep Hierarchy                     : No
Netlist Hierarchy                  : As_Optimized
RTL Output                         : Yes
Global Optimization                : AllClockNets
Read Cores                         : YES
Write Timing Constraints           : NO
Cross Clock Analysis               : NO
Hierarchy Separator                : /
Bus Delimiter                      : <>
Case Specifier                     : Maintain
Slice Utilization Ratio            : 100
BRAM Utilization Ratio             : 100
DSP48 Utilization Ratio            : 100
Verilog 2001                       : YES
Auto BRAM Packing                  : NO
Slice Utilization Ratio Delta      : 5

---- Other Options
Cores Search Directories           : {"../stib" "../strip"  }

=========================================================================


=========================================================================
*                          HDL Compilation                              *
=========================================================================
WARNING:HDLParsers:3498 - No primary, secondary unit in the file "/home/cmstestbeam/stib_June2015/stib/core.vhd. Ignore this file from project file "/home/cmstestbeam/stib_June2015/master/master_vhdl.prj".
Compiling vhdl file "/home/cmstestbeam/stib_June2015/stib/fb.vhd" in Library work.
Entity <fb> compiled.
Entity <fb> (Architecture <fb_a>) compiled.
Compiling vhdl file "/home/cmstestbeam/stib_June2015/stib/add8.vhd" in Library work.
Entity <add8> compiled.
Entity <add8> (Architecture <add8_a>) compiled.
Compiling vhdl file "/home/cmstestbeam/stib_June2015/stib/iobus.vhd" in Library stib.
Package <iobus> compiled.
Compiling vhdl file "/home/cmstestbeam/stib_June2015/stib/ipbuf.vhd" in Library stib.
Entity <ipbuf> compiled.
Entity <ipbuf> (Architecture <RTL>) compiled.
Compiling vhdl file "/home/cmstestbeam/stib_June2015/stib/crc32.vhd" in Library stib.
Entity <crc32> compiled.
Entity <crc32> (Architecture <RTL>) compiled.
Compiling vhdl file "/home/cmstestbeam/stib_June2015/stib/cksum.vhd" in Library stib.
Entity <cksum> compiled.
Entity <cksum> (Architecture <RTL>) compiled.
Compiling vhdl file "/home/cmstestbeam/stib_June2015/stib/arptab_dpram.vhd" in Library work.
Entity <arptab_dpram> compiled.
Entity <arptab_dpram> (Architecture <arptab_dpram_a>) compiled.
Compiling vhdl file "/home/cmstestbeam/stib_June2015/stib/clock.vhd" in Library stib.
Package <clock> compiled.
Compiling vhdl file "/home/cmstestbeam/stib_June2015/stib/gbe.vhd" in Library stib.
Package <gbe> compiled.
Package body <gbe> compiled.
Compiling vhdl file "/home/cmstestbeam/stib_June2015/stib/ethernet.vhd" in Library stib.
Entity <ethernet> compiled.
Entity <ethernet> (Architecture <rtl>) compiled.
Compiling vhdl file "/home/cmstestbeam/stib_June2015/stib/arp.vhd" in Library stib.
Entity <arp> compiled.
Entity <arp> (Architecture <rtl>) compiled.
Compiling vhdl file "/home/cmstestbeam/stib_June2015/stib/arptab.vhd" in Library stib.
Entity <arptab> compiled.
Entity <arptab> (Architecture <RTL>) compiled.
Compiling vhdl file "/home/cmstestbeam/stib_June2015/stib/icmprep.vhd" in Library stib.
Entity <icmprep> compiled.
Entity <icmprep> (Architecture <RTL>) compiled.
Compiling vhdl file "/home/cmstestbeam/stib_June2015/stib/icmp.vhd" in Library stib.
Entity <icmp> compiled.
Entity <icmp> (Architecture <RTL>) compiled.
Compiling vhdl file "/home/cmstestbeam/stib_June2015/stib/udp.vhd" in Library stib.
Entity <udp> compiled.
Entity <udp> (Architecture <RTL>) compiled.
Compiling vhdl file "/home/cmstestbeam/stib_June2015/stib/ip.vhd" in Library stib.
Entity <ip> compiled.
Entity <ip> (Architecture <RTL>) compiled.
Compiling vhdl file "/home/cmstestbeam/stib_June2015/stib/ipheader.vhd" in Library stib.
Entity <ipheader> compiled.
Entity <ipheader> (Architecture <RTL>) compiled.
Compiling vhdl file "/home/cmstestbeam/stib_June2015/stib/txether.vhd" in Library stib.
Entity <txether> compiled.
Entity <txether> (Architecture <RTL>) compiled.
Compiling vhdl file "/home/cmstestbeam/stib_June2015/stib/arprep.vhd" in Library stib.
Entity <arprep> compiled.
Entity <arprep> (Architecture <RTL>) compiled.
Compiling vhdl file "/home/cmstestbeam/stib_June2015/stib/arpreq.vhd" in Library stib.
Entity <arpreq> compiled.
Entity <arpreq> (Architecture <RTL>) compiled.
Compiling vhdl file "/home/cmstestbeam/stib_June2015/stib/sendpkt.vhd" in Library stib.
Entity <sendpkt> compiled.
Entity <sendpkt> (Architecture <RTL>) compiled.
Compiling vhdl file "/home/cmstestbeam/stib_June2015/stib/streampkt.vhd" in Library stib.
Entity <streampkt> compiled.
Entity <streampkt> (Architecture <RTL>) compiled.
Compiling vhdl file "/home/cmstestbeam/stib_June2015/stib/tlkserdes.vhd" in Library stib.
Package <tlkserdes> compiled.
Compiling vhdl file "/home/cmstestbeam/stib_June2015/stib/sb.vhd" in Library work.
Entity <sb> compiled.
Entity <sb> (Architecture <sb_a>) compiled.
Compiling vhdl file "/home/cmstestbeam/stib_June2015/stib/tlkfifo.vhd" in Library work.
Entity <tlkfifo> compiled.
Entity <tlkfifo> (Architecture <tlkfifo_a>) compiled.
Compiling vhdl file "/home/cmstestbeam/stib_June2015/stib/trigpattern.vhd" in Library stib.
Entity <trigpattern> compiled.
Entity <trigpattern> (Architecture <RTL>) compiled.
Compiling vhdl file "/home/cmstestbeam/stib_June2015/stib/tlkserdes_interface.vhd" in Library stib.
Entity <tlkserdes_interface> compiled.
Entity <tlkserdes_interface> (Architecture <RTL>) compiled.
Compiling vhdl file "/home/cmstestbeam/stib_June2015/stib/iobus_interface.vhd" in Library stib.
Entity <iobus_interface> compiled.
Entity <iobus_interface> (Architecture <RTL>) compiled.
Compiling vhdl file "/home/cmstestbeam/stib_June2015/stib/gbe_interface.vhd" in Library stib.
Entity <gbe_interface> compiled.
Entity <gbe_interface> (Architecture <RTL>) compiled.
Compiling vhdl file "/home/cmstestbeam/stib_June2015/stib/clock_interface.vhd" in Library stib.
Entity <clock_interface> compiled.
Entity <clock_interface> (Architecture <RTL>) compiled.
Compiling vhdl file "/home/cmstestbeam/stib_June2015/master/master_interface.vhd" in Library work.
Entity <master_interface> compiled.
Entity <master_interface> (Architecture <behavioral>) compiled.
Compiling vhdl file "/home/cmstestbeam/stib_June2015/master/top.vhd" in Library work.
Entity <master> compiled.
Entity <master> (Architecture <RTL>) compiled.

=========================================================================
*                     Design Hierarchy Analysis                         *
=========================================================================
Analyzing hierarchy for entity <master> in library <work> (architecture <RTL>).
WARNING:Xst:795 - "/home/cmstestbeam/stib_June2015/master/top.vhd" line 67: Size of operands are different : result is <false>.

Analyzing hierarchy for entity <gbe_interface> in library <stib> (architecture <RTL>) with generics.
	DHCP = false
	GATEWAY = "192.168.133.1"
	IP_ADDRESS = "192.168.133.4"
	JUMPERS = true
	MAC_ADDRESS = "00:80:55:ec:00:04"
	NETMASK = "255.255.255.0"

Analyzing hierarchy for entity <tlkserdes_interface> in library <stib> (architecture <RTL>).

Analyzing hierarchy for entity <clock_interface> in library <stib> (architecture <RTL>).

Analyzing hierarchy for entity <master_interface> in library <work> (architecture <behavioral>).

Analyzing hierarchy for entity <iobus_interface> in library <stib> (architecture <RTL>) with generics.
	NSLAVE = 4

Analyzing hierarchy for entity <trigpattern> in library <stib> (architecture <RTL>) with generics.
	clock_edge = "FALLING"
	pattern = "01010"
	width = 1
WARNING:Xst:795 - "/home/cmstestbeam/stib_June2015/stib/trigpattern.vhd" line 24: Size of operands are different : result is <false>.

Analyzing hierarchy for entity <ethernet> in library <stib> (architecture <rtl>).

Analyzing hierarchy for entity <arp> in library <stib> (architecture <rtl>).

Analyzing hierarchy for entity <arptab> in library <stib> (architecture <RTL>) with generics.
	size = 4

Analyzing hierarchy for entity <ipbuf> in library <stib> (architecture <RTL>).

Analyzing hierarchy for entity <icmprep> in library <stib> (architecture <RTL>) with generics.
	id = 4

Analyzing hierarchy for entity <icmp> in library <stib> (architecture <RTL>).

Analyzing hierarchy for entity <udp> in library <stib> (architecture <RTL>).

Analyzing hierarchy for entity <ip> in library <stib> (architecture <RTL>).

Analyzing hierarchy for entity <ipheader> in library <stib> (architecture <RTL>).

Analyzing hierarchy for entity <txether> in library <stib> (architecture <RTL>).

Analyzing hierarchy for entity <arprep> in library <stib> (architecture <RTL>) with generics.
	id = 1

Analyzing hierarchy for entity <arpreq> in library <stib> (architecture <RTL>) with generics.
	id = 2

Analyzing hierarchy for entity <sendpkt> in library <stib> (architecture <RTL>) with generics.
	id = 6

Analyzing hierarchy for entity <streampkt> in library <stib> (architecture <RTL>) with generics.
	id = 7

Analyzing hierarchy for entity <trigpattern> in library <stib> (architecture <RTL>) with generics.
	clock_edge = "FALLING"
	pattern = "01010"
	width = 2
WARNING:Xst:795 - "/home/cmstestbeam/stib_June2015/stib/trigpattern.vhd" line 24: Size of operands are different : result is <false>.

Analyzing hierarchy for entity <trigpattern> in library <stib> (architecture <RTL>) with generics.
	clock_edge = "FALLING"
	pattern = "01101"
	width = 4
WARNING:Xst:795 - "/home/cmstestbeam/stib_June2015/stib/trigpattern.vhd" line 24: Size of operands are different : result is <false>.

Analyzing hierarchy for entity <trigpattern> in library <stib> (architecture <RTL>) with generics.
	clock_edge = "FALLING"
	pattern = "00111"
	width = 2
WARNING:Xst:795 - "/home/cmstestbeam/stib_June2015/stib/trigpattern.vhd" line 24: Size of operands are different : result is <false>.

Analyzing hierarchy for entity <crc32> in library <stib> (architecture <RTL>).

Analyzing hierarchy for entity <ipbuf> in library <stib> (architecture <RTL>).

Analyzing hierarchy for entity <cksum> in library <stib> (architecture <RTL>).


=========================================================================
*                            HDL Analysis                               *
=========================================================================
Analyzing Entity <master> in library <work> (Architecture <RTL>).
WARNING:Xst:2211 - "/home/cmstestbeam/stib_June2015/master/top.vhd" line 222: Instantiating black box module <core>.
WARNING:Xst:795 - "/home/cmstestbeam/stib_June2015/master/top.vhd" line 277: Size of operands are different : result is <false>.
    Set user-defined property "CAPACITANCE =  DONT_CARE" for instance <clk15ns_ibufg> in unit <master>.
    Set user-defined property "IBUF_DELAY_VALUE =  0" for instance <clk15ns_ibufg> in unit <master>.
    Set user-defined property "IBUF_LOW_PWR =  TRUE" for instance <clk15ns_ibufg> in unit <master>.
    Set user-defined property "IOSTANDARD =  LVCMOS25" for instance <clk15ns_ibufg> in unit <master>.
    Set user-defined property "CAPACITANCE =  DONT_CARE" for instance <clk5mhz_ibufg> in unit <master>.
    Set user-defined property "IBUF_DELAY_VALUE =  0" for instance <clk5mhz_ibufg> in unit <master>.
    Set user-defined property "IBUF_LOW_PWR =  TRUE" for instance <clk5mhz_ibufg> in unit <master>.
    Set user-defined property "IOSTANDARD =  LVCMOS25" for instance <clk5mhz_ibufg> in unit <master>.
    Set user-defined property "CAPACITANCE =  DONT_CARE" for instance <G_LED[0].led_obuf> in unit <master>.
    Set user-defined property "DRIVE =  12" for instance <G_LED[0].led_obuf> in unit <master>.
    Set user-defined property "IOSTANDARD =  LVCMOS25" for instance <G_LED[0].led_obuf> in unit <master>.
    Set user-defined property "SLEW =  SLOW" for instance <G_LED[0].led_obuf> in unit <master>.
    Set user-defined property "CAPACITANCE =  DONT_CARE" for instance <G_LED[1].led_obuf> in unit <master>.
    Set user-defined property "DRIVE =  12" for instance <G_LED[1].led_obuf> in unit <master>.
    Set user-defined property "IOSTANDARD =  LVCMOS25" for instance <G_LED[1].led_obuf> in unit <master>.
    Set user-defined property "SLEW =  SLOW" for instance <G_LED[1].led_obuf> in unit <master>.
    Set user-defined property "CAPACITANCE =  DONT_CARE" for instance <G_DEBUG[0].debug_obuf> in unit <master>.
    Set user-defined property "DRIVE =  12" for instance <G_DEBUG[0].debug_obuf> in unit <master>.
    Set user-defined property "IOSTANDARD =  LVCMOS25" for instance <G_DEBUG[0].debug_obuf> in unit <master>.
    Set user-defined property "SLEW =  SLOW" for instance <G_DEBUG[0].debug_obuf> in unit <master>.
    Set user-defined property "CAPACITANCE =  DONT_CARE" for instance <G_DEBUG[1].debug_obuf> in unit <master>.
    Set user-defined property "DRIVE =  12" for instance <G_DEBUG[1].debug_obuf> in unit <master>.
    Set user-defined property "IOSTANDARD =  LVCMOS25" for instance <G_DEBUG[1].debug_obuf> in unit <master>.
    Set user-defined property "SLEW =  SLOW" for instance <G_DEBUG[1].debug_obuf> in unit <master>.
    Set user-defined property "CAPACITANCE =  DONT_CARE" for instance <G_DEBUG[2].debug_obuf> in unit <master>.
    Set user-defined property "DRIVE =  12" for instance <G_DEBUG[2].debug_obuf> in unit <master>.
    Set user-defined property "IOSTANDARD =  LVCMOS25" for instance <G_DEBUG[2].debug_obuf> in unit <master>.
    Set user-defined property "SLEW =  SLOW" for instance <G_DEBUG[2].debug_obuf> in unit <master>.
    Set user-defined property "CAPACITANCE =  DONT_CARE" for instance <G_DEBUG[3].debug_obuf> in unit <master>.
    Set user-defined property "DRIVE =  12" for instance <G_DEBUG[3].debug_obuf> in unit <master>.
    Set user-defined property "IOSTANDARD =  LVCMOS25" for instance <G_DEBUG[3].debug_obuf> in unit <master>.
    Set user-defined property "SLEW =  SLOW" for instance <G_DEBUG[3].debug_obuf> in unit <master>.
    Set user-defined property "CAPACITANCE =  DONT_CARE" for instance <G_DEBUG[4].debug_obuf> in unit <master>.
    Set user-defined property "DRIVE =  12" for instance <G_DEBUG[4].debug_obuf> in unit <master>.
    Set user-defined property "IOSTANDARD =  LVCMOS25" for instance <G_DEBUG[4].debug_obuf> in unit <master>.
    Set user-defined property "SLEW =  SLOW" for instance <G_DEBUG[4].debug_obuf> in unit <master>.
    Set user-defined property "CAPACITANCE =  DONT_CARE" for instance <G_DEBUG[5].debug_obuf> in unit <master>.
    Set user-defined property "DRIVE =  12" for instance <G_DEBUG[5].debug_obuf> in unit <master>.
    Set user-defined property "IOSTANDARD =  LVCMOS25" for instance <G_DEBUG[5].debug_obuf> in unit <master>.
    Set user-defined property "SLEW =  SLOW" for instance <G_DEBUG[5].debug_obuf> in unit <master>.
    Set user-defined property "CAPACITANCE =  DONT_CARE" for instance <G_DEBUG[6].debug_obuf> in unit <master>.
    Set user-defined property "DRIVE =  12" for instance <G_DEBUG[6].debug_obuf> in unit <master>.
    Set user-defined property "IOSTANDARD =  LVCMOS25" for instance <G_DEBUG[6].debug_obuf> in unit <master>.
    Set user-defined property "SLEW =  SLOW" for instance <G_DEBUG[6].debug_obuf> in unit <master>.
    Set user-defined property "CAPACITANCE =  DONT_CARE" for instance <G_DEBUG[7].debug_obuf> in unit <master>.
    Set user-defined property "DRIVE =  12" for instance <G_DEBUG[7].debug_obuf> in unit <master>.
    Set user-defined property "IOSTANDARD =  LVCMOS25" for instance <G_DEBUG[7].debug_obuf> in unit <master>.
    Set user-defined property "SLEW =  SLOW" for instance <G_DEBUG[7].debug_obuf> in unit <master>.
    Set user-defined property "CAPACITANCE =  DONT_CARE" for instance <uart_tx_obuf> in unit <master>.
    Set user-defined property "DRIVE =  12" for instance <uart_tx_obuf> in unit <master>.
    Set user-defined property "IOSTANDARD =  LVCMOS25" for instance <uart_tx_obuf> in unit <master>.
    Set user-defined property "SLEW =  SLOW" for instance <uart_tx_obuf> in unit <master>.
    Set user-defined property "CAPACITANCE =  DONT_CARE" for instance <uart_rx_ibuf> in unit <master>.
    Set user-defined property "IBUF_DELAY_VALUE =  0" for instance <uart_rx_ibuf> in unit <master>.
    Set user-defined property "IBUF_LOW_PWR =  TRUE" for instance <uart_rx_ibuf> in unit <master>.
    Set user-defined property "IFD_DELAY_VALUE =  AUTO" for instance <uart_rx_ibuf> in unit <master>.
    Set user-defined property "IOSTANDARD =  LVCMOS25" for instance <uart_rx_ibuf> in unit <master>.
    Set user-defined property "CAPACITANCE =  DONT_CARE" for instance <gmii_rxclk_ibufg> in unit <master>.
    Set user-defined property "IBUF_DELAY_VALUE =  0" for instance <gmii_rxclk_ibufg> in unit <master>.
    Set user-defined property "IBUF_LOW_PWR =  TRUE" for instance <gmii_rxclk_ibufg> in unit <master>.
    Set user-defined property "IOSTANDARD =  LVCMOS25" for instance <gmii_rxclk_ibufg> in unit <master>.
    Set user-defined property "CAPACITANCE =  DONT_CARE" for instance <gmii_rxdv_ibufg> in unit <master>.
    Set user-defined property "IBUF_DELAY_VALUE =  0" for instance <gmii_rxdv_ibufg> in unit <master>.
    Set user-defined property "IBUF_LOW_PWR =  TRUE" for instance <gmii_rxdv_ibufg> in unit <master>.
    Set user-defined property "IFD_DELAY_VALUE =  AUTO" for instance <gmii_rxdv_ibufg> in unit <master>.
    Set user-defined property "IOSTANDARD =  LVCMOS25" for instance <gmii_rxdv_ibufg> in unit <master>.
    Set user-defined property "CAPACITANCE =  DONT_CARE" for instance <gmii_rxer_ibufg> in unit <master>.
    Set user-defined property "IBUF_DELAY_VALUE =  0" for instance <gmii_rxer_ibufg> in unit <master>.
    Set user-defined property "IBUF_LOW_PWR =  TRUE" for instance <gmii_rxer_ibufg> in unit <master>.
    Set user-defined property "IFD_DELAY_VALUE =  AUTO" for instance <gmii_rxer_ibufg> in unit <master>.
    Set user-defined property "IOSTANDARD =  LVCMOS25" for instance <gmii_rxer_ibufg> in unit <master>.
    Set user-defined property "DDR_CLK_EDGE =  SAME_EDGE" for instance <gmii_txer_obuf> in unit <master>.
    Set user-defined property "INIT =  0" for instance <gmii_txer_obuf> in unit <master>.
    Set user-defined property "SRTYPE =  SYNC" for instance <gmii_txer_obuf> in unit <master>.
    Set user-defined property "DDR_CLK_EDGE =  SAME_EDGE" for instance <gmii_txen_obuf> in unit <master>.
    Set user-defined property "INIT =  0" for instance <gmii_txen_obuf> in unit <master>.
    Set user-defined property "SRTYPE =  SYNC" for instance <gmii_txen_obuf> in unit <master>.
    Set user-defined property "DDR_CLK_EDGE =  SAME_EDGE" for instance <gmii_txclk_obuf> in unit <master>.
    Set user-defined property "INIT =  0" for instance <gmii_txclk_obuf> in unit <master>.
    Set user-defined property "SRTYPE =  SYNC" for instance <gmii_txclk_obuf> in unit <master>.
    Set user-defined property "CAPACITANCE =  DONT_CARE" for instance <gmii_reset_obuf> in unit <master>.
    Set user-defined property "DRIVE =  12" for instance <gmii_reset_obuf> in unit <master>.
    Set user-defined property "IOSTANDARD =  LVCMOS25" for instance <gmii_reset_obuf> in unit <master>.
    Set user-defined property "SLEW =  SLOW" for instance <gmii_reset_obuf> in unit <master>.
    Set user-defined property "DDR_CLK_EDGE =  SAME_EDGE" for instance <G_GMII[0].gmii_txd_obuf> in unit <master>.
    Set user-defined property "INIT =  0" for instance <G_GMII[0].gmii_txd_obuf> in unit <master>.
    Set user-defined property "SRTYPE =  SYNC" for instance <G_GMII[0].gmii_txd_obuf> in unit <master>.
    Set user-defined property "CAPACITANCE =  DONT_CARE" for instance <G_GMII[0].gmii_rxd_ibuf> in unit <master>.
    Set user-defined property "IBUF_DELAY_VALUE =  0" for instance <G_GMII[0].gmii_rxd_ibuf> in unit <master>.
    Set user-defined property "IBUF_LOW_PWR =  TRUE" for instance <G_GMII[0].gmii_rxd_ibuf> in unit <master>.
    Set user-defined property "IFD_DELAY_VALUE =  AUTO" for instance <G_GMII[0].gmii_rxd_ibuf> in unit <master>.
    Set user-defined property "IOSTANDARD =  LVCMOS25" for instance <G_GMII[0].gmii_rxd_ibuf> in unit <master>.
    Set user-defined property "DDR_CLK_EDGE =  SAME_EDGE" for instance <G_GMII[1].gmii_txd_obuf> in unit <master>.
    Set user-defined property "INIT =  0" for instance <G_GMII[1].gmii_txd_obuf> in unit <master>.
    Set user-defined property "SRTYPE =  SYNC" for instance <G_GMII[1].gmii_txd_obuf> in unit <master>.
    Set user-defined property "CAPACITANCE =  DONT_CARE" for instance <G_GMII[1].gmii_rxd_ibuf> in unit <master>.
    Set user-defined property "IBUF_DELAY_VALUE =  0" for instance <G_GMII[1].gmii_rxd_ibuf> in unit <master>.
    Set user-defined property "IBUF_LOW_PWR =  TRUE" for instance <G_GMII[1].gmii_rxd_ibuf> in unit <master>.
    Set user-defined property "IFD_DELAY_VALUE =  AUTO" for instance <G_GMII[1].gmii_rxd_ibuf> in unit <master>.
    Set user-defined property "IOSTANDARD =  LVCMOS25" for instance <G_GMII[1].gmii_rxd_ibuf> in unit <master>.
    Set user-defined property "DDR_CLK_EDGE =  SAME_EDGE" for instance <G_GMII[2].gmii_txd_obuf> in unit <master>.
    Set user-defined property "INIT =  0" for instance <G_GMII[2].gmii_txd_obuf> in unit <master>.
    Set user-defined property "SRTYPE =  SYNC" for instance <G_GMII[2].gmii_txd_obuf> in unit <master>.
    Set user-defined property "CAPACITANCE =  DONT_CARE" for instance <G_GMII[2].gmii_rxd_ibuf> in unit <master>.
    Set user-defined property "IBUF_DELAY_VALUE =  0" for instance <G_GMII[2].gmii_rxd_ibuf> in unit <master>.
    Set user-defined property "IBUF_LOW_PWR =  TRUE" for instance <G_GMII[2].gmii_rxd_ibuf> in unit <master>.
    Set user-defined property "IFD_DELAY_VALUE =  AUTO" for instance <G_GMII[2].gmii_rxd_ibuf> in unit <master>.
    Set user-defined property "IOSTANDARD =  LVCMOS25" for instance <G_GMII[2].gmii_rxd_ibuf> in unit <master>.
    Set user-defined property "DDR_CLK_EDGE =  SAME_EDGE" for instance <G_GMII[3].gmii_txd_obuf> in unit <master>.
    Set user-defined property "INIT =  0" for instance <G_GMII[3].gmii_txd_obuf> in unit <master>.
    Set user-defined property "SRTYPE =  SYNC" for instance <G_GMII[3].gmii_txd_obuf> in unit <master>.
    Set user-defined property "CAPACITANCE =  DONT_CARE" for instance <G_GMII[3].gmii_rxd_ibuf> in unit <master>.
    Set user-defined property "IBUF_DELAY_VALUE =  0" for instance <G_GMII[3].gmii_rxd_ibuf> in unit <master>.
    Set user-defined property "IBUF_LOW_PWR =  TRUE" for instance <G_GMII[3].gmii_rxd_ibuf> in unit <master>.
    Set user-defined property "IFD_DELAY_VALUE =  AUTO" for instance <G_GMII[3].gmii_rxd_ibuf> in unit <master>.
    Set user-defined property "IOSTANDARD =  LVCMOS25" for instance <G_GMII[3].gmii_rxd_ibuf> in unit <master>.
    Set user-defined property "DDR_CLK_EDGE =  SAME_EDGE" for instance <G_GMII[4].gmii_txd_obuf> in unit <master>.
    Set user-defined property "INIT =  0" for instance <G_GMII[4].gmii_txd_obuf> in unit <master>.
    Set user-defined property "SRTYPE =  SYNC" for instance <G_GMII[4].gmii_txd_obuf> in unit <master>.
    Set user-defined property "CAPACITANCE =  DONT_CARE" for instance <G_GMII[4].gmii_rxd_ibuf> in unit <master>.
    Set user-defined property "IBUF_DELAY_VALUE =  0" for instance <G_GMII[4].gmii_rxd_ibuf> in unit <master>.
    Set user-defined property "IBUF_LOW_PWR =  TRUE" for instance <G_GMII[4].gmii_rxd_ibuf> in unit <master>.
    Set user-defined property "IFD_DELAY_VALUE =  AUTO" for instance <G_GMII[4].gmii_rxd_ibuf> in unit <master>.
    Set user-defined property "IOSTANDARD =  LVCMOS25" for instance <G_GMII[4].gmii_rxd_ibuf> in unit <master>.
    Set user-defined property "DDR_CLK_EDGE =  SAME_EDGE" for instance <G_GMII[5].gmii_txd_obuf> in unit <master>.
    Set user-defined property "INIT =  0" for instance <G_GMII[5].gmii_txd_obuf> in unit <master>.
    Set user-defined property "SRTYPE =  SYNC" for instance <G_GMII[5].gmii_txd_obuf> in unit <master>.
    Set user-defined property "CAPACITANCE =  DONT_CARE" for instance <G_GMII[5].gmii_rxd_ibuf> in unit <master>.
    Set user-defined property "IBUF_DELAY_VALUE =  0" for instance <G_GMII[5].gmii_rxd_ibuf> in unit <master>.
    Set user-defined property "IBUF_LOW_PWR =  TRUE" for instance <G_GMII[5].gmii_rxd_ibuf> in unit <master>.
    Set user-defined property "IFD_DELAY_VALUE =  AUTO" for instance <G_GMII[5].gmii_rxd_ibuf> in unit <master>.
    Set user-defined property "IOSTANDARD =  LVCMOS25" for instance <G_GMII[5].gmii_rxd_ibuf> in unit <master>.
    Set user-defined property "DDR_CLK_EDGE =  SAME_EDGE" for instance <G_GMII[6].gmii_txd_obuf> in unit <master>.
    Set user-defined property "INIT =  0" for instance <G_GMII[6].gmii_txd_obuf> in unit <master>.
    Set user-defined property "SRTYPE =  SYNC" for instance <G_GMII[6].gmii_txd_obuf> in unit <master>.
    Set user-defined property "CAPACITANCE =  DONT_CARE" for instance <G_GMII[6].gmii_rxd_ibuf> in unit <master>.
    Set user-defined property "IBUF_DELAY_VALUE =  0" for instance <G_GMII[6].gmii_rxd_ibuf> in unit <master>.
    Set user-defined property "IBUF_LOW_PWR =  TRUE" for instance <G_GMII[6].gmii_rxd_ibuf> in unit <master>.
    Set user-defined property "IFD_DELAY_VALUE =  AUTO" for instance <G_GMII[6].gmii_rxd_ibuf> in unit <master>.
    Set user-defined property "IOSTANDARD =  LVCMOS25" for instance <G_GMII[6].gmii_rxd_ibuf> in unit <master>.
    Set user-defined property "DDR_CLK_EDGE =  SAME_EDGE" for instance <G_GMII[7].gmii_txd_obuf> in unit <master>.
    Set user-defined property "INIT =  0" for instance <G_GMII[7].gmii_txd_obuf> in unit <master>.
    Set user-defined property "SRTYPE =  SYNC" for instance <G_GMII[7].gmii_txd_obuf> in unit <master>.
    Set user-defined property "CAPACITANCE =  DONT_CARE" for instance <G_GMII[7].gmii_rxd_ibuf> in unit <master>.
    Set user-defined property "IBUF_DELAY_VALUE =  0" for instance <G_GMII[7].gmii_rxd_ibuf> in unit <master>.
    Set user-defined property "IBUF_LOW_PWR =  TRUE" for instance <G_GMII[7].gmii_rxd_ibuf> in unit <master>.
    Set user-defined property "IFD_DELAY_VALUE =  AUTO" for instance <G_GMII[7].gmii_rxd_ibuf> in unit <master>.
    Set user-defined property "IOSTANDARD =  LVCMOS25" for instance <G_GMII[7].gmii_rxd_ibuf> in unit <master>.
    Set user-defined property "DDR_CLK_EDGE =  SAME_EDGE" for instance <G_TLK[0].tlk_txd_obuf> in unit <master>.
    Set user-defined property "INIT =  0" for instance <G_TLK[0].tlk_txd_obuf> in unit <master>.
    Set user-defined property "SRTYPE =  SYNC" for instance <G_TLK[0].tlk_txd_obuf> in unit <master>.
    Set user-defined property "CAPACITANCE =  DONT_CARE" for instance <G_TLK[0].tlk_rxd_ibuf> in unit <master>.
    Set user-defined property "IBUF_DELAY_VALUE =  0" for instance <G_TLK[0].tlk_rxd_ibuf> in unit <master>.
    Set user-defined property "IBUF_LOW_PWR =  TRUE" for instance <G_TLK[0].tlk_rxd_ibuf> in unit <master>.
    Set user-defined property "IFD_DELAY_VALUE =  AUTO" for instance <G_TLK[0].tlk_rxd_ibuf> in unit <master>.
    Set user-defined property "IOSTANDARD =  LVCMOS25" for instance <G_TLK[0].tlk_rxd_ibuf> in unit <master>.
    Set user-defined property "DDR_CLK_EDGE =  SAME_EDGE" for instance <G_TLK[1].tlk_txd_obuf> in unit <master>.
    Set user-defined property "INIT =  0" for instance <G_TLK[1].tlk_txd_obuf> in unit <master>.
    Set user-defined property "SRTYPE =  SYNC" for instance <G_TLK[1].tlk_txd_obuf> in unit <master>.
    Set user-defined property "CAPACITANCE =  DONT_CARE" for instance <G_TLK[1].tlk_rxd_ibuf> in unit <master>.
    Set user-defined property "IBUF_DELAY_VALUE =  0" for instance <G_TLK[1].tlk_rxd_ibuf> in unit <master>.
    Set user-defined property "IBUF_LOW_PWR =  TRUE" for instance <G_TLK[1].tlk_rxd_ibuf> in unit <master>.
    Set user-defined property "IFD_DELAY_VALUE =  AUTO" for instance <G_TLK[1].tlk_rxd_ibuf> in unit <master>.
    Set user-defined property "IOSTANDARD =  LVCMOS25" for instance <G_TLK[1].tlk_rxd_ibuf> in unit <master>.
    Set user-defined property "DDR_CLK_EDGE =  SAME_EDGE" for instance <G_TLK[2].tlk_txd_obuf> in unit <master>.
    Set user-defined property "INIT =  0" for instance <G_TLK[2].tlk_txd_obuf> in unit <master>.
    Set user-defined property "SRTYPE =  SYNC" for instance <G_TLK[2].tlk_txd_obuf> in unit <master>.
    Set user-defined property "CAPACITANCE =  DONT_CARE" for instance <G_TLK[2].tlk_rxd_ibuf> in unit <master>.
    Set user-defined property "IBUF_DELAY_VALUE =  0" for instance <G_TLK[2].tlk_rxd_ibuf> in unit <master>.
    Set user-defined property "IBUF_LOW_PWR =  TRUE" for instance <G_TLK[2].tlk_rxd_ibuf> in unit <master>.
    Set user-defined property "IFD_DELAY_VALUE =  AUTO" for instance <G_TLK[2].tlk_rxd_ibuf> in unit <master>.
    Set user-defined property "IOSTANDARD =  LVCMOS25" for instance <G_TLK[2].tlk_rxd_ibuf> in unit <master>.
    Set user-defined property "DDR_CLK_EDGE =  SAME_EDGE" for instance <G_TLK[3].tlk_txd_obuf> in unit <master>.
    Set user-defined property "INIT =  0" for instance <G_TLK[3].tlk_txd_obuf> in unit <master>.
    Set user-defined property "SRTYPE =  SYNC" for instance <G_TLK[3].tlk_txd_obuf> in unit <master>.
    Set user-defined property "CAPACITANCE =  DONT_CARE" for instance <G_TLK[3].tlk_rxd_ibuf> in unit <master>.
    Set user-defined property "IBUF_DELAY_VALUE =  0" for instance <G_TLK[3].tlk_rxd_ibuf> in unit <master>.
    Set user-defined property "IBUF_LOW_PWR =  TRUE" for instance <G_TLK[3].tlk_rxd_ibuf> in unit <master>.
    Set user-defined property "IFD_DELAY_VALUE =  AUTO" for instance <G_TLK[3].tlk_rxd_ibuf> in unit <master>.
    Set user-defined property "IOSTANDARD =  LVCMOS25" for instance <G_TLK[3].tlk_rxd_ibuf> in unit <master>.
    Set user-defined property "DDR_CLK_EDGE =  SAME_EDGE" for instance <G_TLK[4].tlk_txd_obuf> in unit <master>.
    Set user-defined property "INIT =  0" for instance <G_TLK[4].tlk_txd_obuf> in unit <master>.
    Set user-defined property "SRTYPE =  SYNC" for instance <G_TLK[4].tlk_txd_obuf> in unit <master>.
    Set user-defined property "CAPACITANCE =  DONT_CARE" for instance <G_TLK[4].tlk_rxd_ibuf> in unit <master>.
    Set user-defined property "IBUF_DELAY_VALUE =  0" for instance <G_TLK[4].tlk_rxd_ibuf> in unit <master>.
    Set user-defined property "IBUF_LOW_PWR =  TRUE" for instance <G_TLK[4].tlk_rxd_ibuf> in unit <master>.
    Set user-defined property "IFD_DELAY_VALUE =  AUTO" for instance <G_TLK[4].tlk_rxd_ibuf> in unit <master>.
    Set user-defined property "IOSTANDARD =  LVCMOS25" for instance <G_TLK[4].tlk_rxd_ibuf> in unit <master>.
    Set user-defined property "DDR_CLK_EDGE =  SAME_EDGE" for instance <G_TLK[5].tlk_txd_obuf> in unit <master>.
    Set user-defined property "INIT =  0" for instance <G_TLK[5].tlk_txd_obuf> in unit <master>.
    Set user-defined property "SRTYPE =  SYNC" for instance <G_TLK[5].tlk_txd_obuf> in unit <master>.
    Set user-defined property "CAPACITANCE =  DONT_CARE" for instance <G_TLK[5].tlk_rxd_ibuf> in unit <master>.
    Set user-defined property "IBUF_DELAY_VALUE =  0" for instance <G_TLK[5].tlk_rxd_ibuf> in unit <master>.
    Set user-defined property "IBUF_LOW_PWR =  TRUE" for instance <G_TLK[5].tlk_rxd_ibuf> in unit <master>.
    Set user-defined property "IFD_DELAY_VALUE =  AUTO" for instance <G_TLK[5].tlk_rxd_ibuf> in unit <master>.
    Set user-defined property "IOSTANDARD =  LVCMOS25" for instance <G_TLK[5].tlk_rxd_ibuf> in unit <master>.
    Set user-defined property "DDR_CLK_EDGE =  SAME_EDGE" for instance <G_TLK[6].tlk_txd_obuf> in unit <master>.
    Set user-defined property "INIT =  0" for instance <G_TLK[6].tlk_txd_obuf> in unit <master>.
    Set user-defined property "SRTYPE =  SYNC" for instance <G_TLK[6].tlk_txd_obuf> in unit <master>.
    Set user-defined property "CAPACITANCE =  DONT_CARE" for instance <G_TLK[6].tlk_rxd_ibuf> in unit <master>.
    Set user-defined property "IBUF_DELAY_VALUE =  0" for instance <G_TLK[6].tlk_rxd_ibuf> in unit <master>.
    Set user-defined property "IBUF_LOW_PWR =  TRUE" for instance <G_TLK[6].tlk_rxd_ibuf> in unit <master>.
    Set user-defined property "IFD_DELAY_VALUE =  AUTO" for instance <G_TLK[6].tlk_rxd_ibuf> in unit <master>.
    Set user-defined property "IOSTANDARD =  LVCMOS25" for instance <G_TLK[6].tlk_rxd_ibuf> in unit <master>.
    Set user-defined property "DDR_CLK_EDGE =  SAME_EDGE" for instance <G_TLK[7].tlk_txd_obuf> in unit <master>.
    Set user-defined property "INIT =  0" for instance <G_TLK[7].tlk_txd_obuf> in unit <master>.
    Set user-defined property "SRTYPE =  SYNC" for instance <G_TLK[7].tlk_txd_obuf> in unit <master>.
    Set user-defined property "CAPACITANCE =  DONT_CARE" for instance <G_TLK[7].tlk_rxd_ibuf> in unit <master>.
    Set user-defined property "IBUF_DELAY_VALUE =  0" for instance <G_TLK[7].tlk_rxd_ibuf> in unit <master>.
    Set user-defined property "IBUF_LOW_PWR =  TRUE" for instance <G_TLK[7].tlk_rxd_ibuf> in unit <master>.
    Set user-defined property "IFD_DELAY_VALUE =  AUTO" for instance <G_TLK[7].tlk_rxd_ibuf> in unit <master>.
    Set user-defined property "IOSTANDARD =  LVCMOS25" for instance <G_TLK[7].tlk_rxd_ibuf> in unit <master>.
    Set user-defined property "DDR_CLK_EDGE =  SAME_EDGE" for instance <G_TLK[8].tlk_txd_obuf> in unit <master>.
    Set user-defined property "INIT =  0" for instance <G_TLK[8].tlk_txd_obuf> in unit <master>.
    Set user-defined property "SRTYPE =  SYNC" for instance <G_TLK[8].tlk_txd_obuf> in unit <master>.
    Set user-defined property "CAPACITANCE =  DONT_CARE" for instance <G_TLK[8].tlk_rxd_ibuf> in unit <master>.
    Set user-defined property "IBUF_DELAY_VALUE =  0" for instance <G_TLK[8].tlk_rxd_ibuf> in unit <master>.
    Set user-defined property "IBUF_LOW_PWR =  TRUE" for instance <G_TLK[8].tlk_rxd_ibuf> in unit <master>.
    Set user-defined property "IFD_DELAY_VALUE =  AUTO" for instance <G_TLK[8].tlk_rxd_ibuf> in unit <master>.
    Set user-defined property "IOSTANDARD =  LVCMOS25" for instance <G_TLK[8].tlk_rxd_ibuf> in unit <master>.
    Set user-defined property "DDR_CLK_EDGE =  SAME_EDGE" for instance <G_TLK[9].tlk_txd_obuf> in unit <master>.
    Set user-defined property "INIT =  0" for instance <G_TLK[9].tlk_txd_obuf> in unit <master>.
    Set user-defined property "SRTYPE =  SYNC" for instance <G_TLK[9].tlk_txd_obuf> in unit <master>.
    Set user-defined property "CAPACITANCE =  DONT_CARE" for instance <G_TLK[9].tlk_rxd_ibuf> in unit <master>.
    Set user-defined property "IBUF_DELAY_VALUE =  0" for instance <G_TLK[9].tlk_rxd_ibuf> in unit <master>.
    Set user-defined property "IBUF_LOW_PWR =  TRUE" for instance <G_TLK[9].tlk_rxd_ibuf> in unit <master>.
    Set user-defined property "IFD_DELAY_VALUE =  AUTO" for instance <G_TLK[9].tlk_rxd_ibuf> in unit <master>.
    Set user-defined property "IOSTANDARD =  LVCMOS25" for instance <G_TLK[9].tlk_rxd_ibuf> in unit <master>.
    Set user-defined property "DDR_CLK_EDGE =  SAME_EDGE" for instance <G_TLK[10].tlk_txd_obuf> in unit <master>.
    Set user-defined property "INIT =  0" for instance <G_TLK[10].tlk_txd_obuf> in unit <master>.
    Set user-defined property "SRTYPE =  SYNC" for instance <G_TLK[10].tlk_txd_obuf> in unit <master>.
    Set user-defined property "CAPACITANCE =  DONT_CARE" for instance <G_TLK[10].tlk_rxd_ibuf> in unit <master>.
    Set user-defined property "IBUF_DELAY_VALUE =  0" for instance <G_TLK[10].tlk_rxd_ibuf> in unit <master>.
    Set user-defined property "IBUF_LOW_PWR =  TRUE" for instance <G_TLK[10].tlk_rxd_ibuf> in unit <master>.
    Set user-defined property "IFD_DELAY_VALUE =  AUTO" for instance <G_TLK[10].tlk_rxd_ibuf> in unit <master>.
    Set user-defined property "IOSTANDARD =  LVCMOS25" for instance <G_TLK[10].tlk_rxd_ibuf> in unit <master>.
    Set user-defined property "DDR_CLK_EDGE =  SAME_EDGE" for instance <G_TLK[11].tlk_txd_obuf> in unit <master>.
    Set user-defined property "INIT =  0" for instance <G_TLK[11].tlk_txd_obuf> in unit <master>.
    Set user-defined property "SRTYPE =  SYNC" for instance <G_TLK[11].tlk_txd_obuf> in unit <master>.
    Set user-defined property "CAPACITANCE =  DONT_CARE" for instance <G_TLK[11].tlk_rxd_ibuf> in unit <master>.
    Set user-defined property "IBUF_DELAY_VALUE =  0" for instance <G_TLK[11].tlk_rxd_ibuf> in unit <master>.
    Set user-defined property "IBUF_LOW_PWR =  TRUE" for instance <G_TLK[11].tlk_rxd_ibuf> in unit <master>.
    Set user-defined property "IFD_DELAY_VALUE =  AUTO" for instance <G_TLK[11].tlk_rxd_ibuf> in unit <master>.
    Set user-defined property "IOSTANDARD =  LVCMOS25" for instance <G_TLK[11].tlk_rxd_ibuf> in unit <master>.
    Set user-defined property "DDR_CLK_EDGE =  SAME_EDGE" for instance <G_TLK[12].tlk_txd_obuf> in unit <master>.
    Set user-defined property "INIT =  0" for instance <G_TLK[12].tlk_txd_obuf> in unit <master>.
    Set user-defined property "SRTYPE =  SYNC" for instance <G_TLK[12].tlk_txd_obuf> in unit <master>.
    Set user-defined property "CAPACITANCE =  DONT_CARE" for instance <G_TLK[12].tlk_rxd_ibuf> in unit <master>.
    Set user-defined property "IBUF_DELAY_VALUE =  0" for instance <G_TLK[12].tlk_rxd_ibuf> in unit <master>.
    Set user-defined property "IBUF_LOW_PWR =  TRUE" for instance <G_TLK[12].tlk_rxd_ibuf> in unit <master>.
    Set user-defined property "IFD_DELAY_VALUE =  AUTO" for instance <G_TLK[12].tlk_rxd_ibuf> in unit <master>.
    Set user-defined property "IOSTANDARD =  LVCMOS25" for instance <G_TLK[12].tlk_rxd_ibuf> in unit <master>.
    Set user-defined property "DDR_CLK_EDGE =  SAME_EDGE" for instance <G_TLK[13].tlk_txd_obuf> in unit <master>.
    Set user-defined property "INIT =  0" for instance <G_TLK[13].tlk_txd_obuf> in unit <master>.
    Set user-defined property "SRTYPE =  SYNC" for instance <G_TLK[13].tlk_txd_obuf> in unit <master>.
    Set user-defined property "CAPACITANCE =  DONT_CARE" for instance <G_TLK[13].tlk_rxd_ibuf> in unit <master>.
    Set user-defined property "IBUF_DELAY_VALUE =  0" for instance <G_TLK[13].tlk_rxd_ibuf> in unit <master>.
    Set user-defined property "IBUF_LOW_PWR =  TRUE" for instance <G_TLK[13].tlk_rxd_ibuf> in unit <master>.
    Set user-defined property "IFD_DELAY_VALUE =  AUTO" for instance <G_TLK[13].tlk_rxd_ibuf> in unit <master>.
    Set user-defined property "IOSTANDARD =  LVCMOS25" for instance <G_TLK[13].tlk_rxd_ibuf> in unit <master>.
    Set user-defined property "DDR_CLK_EDGE =  SAME_EDGE" for instance <G_TLK[14].tlk_txd_obuf> in unit <master>.
    Set user-defined property "INIT =  0" for instance <G_TLK[14].tlk_txd_obuf> in unit <master>.
    Set user-defined property "SRTYPE =  SYNC" for instance <G_TLK[14].tlk_txd_obuf> in unit <master>.
    Set user-defined property "CAPACITANCE =  DONT_CARE" for instance <G_TLK[14].tlk_rxd_ibuf> in unit <master>.
    Set user-defined property "IBUF_DELAY_VALUE =  0" for instance <G_TLK[14].tlk_rxd_ibuf> in unit <master>.
    Set user-defined property "IBUF_LOW_PWR =  TRUE" for instance <G_TLK[14].tlk_rxd_ibuf> in unit <master>.
    Set user-defined property "IFD_DELAY_VALUE =  AUTO" for instance <G_TLK[14].tlk_rxd_ibuf> in unit <master>.
    Set user-defined property "IOSTANDARD =  LVCMOS25" for instance <G_TLK[14].tlk_rxd_ibuf> in unit <master>.
    Set user-defined property "DDR_CLK_EDGE =  SAME_EDGE" for instance <G_TLK[15].tlk_txd_obuf> in unit <master>.
    Set user-defined property "INIT =  0" for instance <G_TLK[15].tlk_txd_obuf> in unit <master>.
    Set user-defined property "SRTYPE =  SYNC" for instance <G_TLK[15].tlk_txd_obuf> in unit <master>.
    Set user-defined property "CAPACITANCE =  DONT_CARE" for instance <G_TLK[15].tlk_rxd_ibuf> in unit <master>.
    Set user-defined property "IBUF_DELAY_VALUE =  0" for instance <G_TLK[15].tlk_rxd_ibuf> in unit <master>.
    Set user-defined property "IBUF_LOW_PWR =  TRUE" for instance <G_TLK[15].tlk_rxd_ibuf> in unit <master>.
    Set user-defined property "IFD_DELAY_VALUE =  AUTO" for instance <G_TLK[15].tlk_rxd_ibuf> in unit <master>.
    Set user-defined property "IOSTANDARD =  LVCMOS25" for instance <G_TLK[15].tlk_rxd_ibuf> in unit <master>.
    Set user-defined property "DDR_CLK_EDGE =  SAME_EDGE" for instance <tlk_gtx_clk_oddr> in unit <master>.
    Set user-defined property "INIT =  0" for instance <tlk_gtx_clk_oddr> in unit <master>.
    Set user-defined property "SRTYPE =  SYNC" for instance <tlk_gtx_clk_oddr> in unit <master>.
    Set user-defined property "CAPACITANCE =  DONT_CARE" for instance <tlk_gtx_clk_output_buffer> in unit <master>.
    Set user-defined property "DRIVE =  24" for instance <tlk_gtx_clk_output_buffer> in unit <master>.
    Set user-defined property "IOSTANDARD =  LVCMOS25" for instance <tlk_gtx_clk_output_buffer> in unit <master>.
    Set user-defined property "SLEW =  FAST" for instance <tlk_gtx_clk_output_buffer> in unit <master>.
    Set user-defined property "DDR_CLK_EDGE =  SAME_EDGE" for instance <tlk_txen_obuf> in unit <master>.
    Set user-defined property "INIT =  0" for instance <tlk_txen_obuf> in unit <master>.
    Set user-defined property "SRTYPE =  SYNC" for instance <tlk_txen_obuf> in unit <master>.
    Set user-defined property "DDR_CLK_EDGE =  SAME_EDGE" for instance <tlk_txer_obuf> in unit <master>.
    Set user-defined property "INIT =  0" for instance <tlk_txer_obuf> in unit <master>.
    Set user-defined property "SRTYPE =  SYNC" for instance <tlk_txer_obuf> in unit <master>.
    Set user-defined property "CAPACITANCE =  DONT_CARE" for instance <tlk_lckrefn_obuf> in unit <master>.
    Set user-defined property "DRIVE =  12" for instance <tlk_lckrefn_obuf> in unit <master>.
    Set user-defined property "IOSTANDARD =  LVCMOS25" for instance <tlk_lckrefn_obuf> in unit <master>.
    Set user-defined property "SLEW =  SLOW" for instance <tlk_lckrefn_obuf> in unit <master>.
    Set user-defined property "CAPACITANCE =  DONT_CARE" for instance <tlk_prem_obuf> in unit <master>.
    Set user-defined property "DRIVE =  12" for instance <tlk_prem_obuf> in unit <master>.
    Set user-defined property "IOSTANDARD =  LVCMOS25" for instance <tlk_prem_obuf> in unit <master>.
    Set user-defined property "SLEW =  SLOW" for instance <tlk_prem_obuf> in unit <master>.
    Set user-defined property "CAPACITANCE =  DONT_CARE" for instance <tlk_enable_obuf> in unit <master>.
    Set user-defined property "DRIVE =  12" for instance <tlk_enable_obuf> in unit <master>.
    Set user-defined property "IOSTANDARD =  LVCMOS25" for instance <tlk_enable_obuf> in unit <master>.
    Set user-defined property "SLEW =  SLOW" for instance <tlk_enable_obuf> in unit <master>.
    Set user-defined property "CAPACITANCE =  DONT_CARE" for instance <tlk_loopen_obuf> in unit <master>.
    Set user-defined property "DRIVE =  12" for instance <tlk_loopen_obuf> in unit <master>.
    Set user-defined property "IOSTANDARD =  LVCMOS25" for instance <tlk_loopen_obuf> in unit <master>.
    Set user-defined property "SLEW =  SLOW" for instance <tlk_loopen_obuf> in unit <master>.
    Set user-defined property "CAPACITANCE =  DONT_CARE" for instance <tlk_prbsen_obuf> in unit <master>.
    Set user-defined property "DRIVE =  12" for instance <tlk_prbsen_obuf> in unit <master>.
    Set user-defined property "IOSTANDARD =  LVCMOS25" for instance <tlk_prbsen_obuf> in unit <master>.
    Set user-defined property "SLEW =  SLOW" for instance <tlk_prbsen_obuf> in unit <master>.
    Set user-defined property "CAPACITANCE =  DONT_CARE" for instance <tlk_testen_obuf> in unit <master>.
    Set user-defined property "DRIVE =  12" for instance <tlk_testen_obuf> in unit <master>.
    Set user-defined property "IOSTANDARD =  LVCMOS25" for instance <tlk_testen_obuf> in unit <master>.
    Set user-defined property "SLEW =  SLOW" for instance <tlk_testen_obuf> in unit <master>.
    Set user-defined property "CAPACITANCE =  DONT_CARE" for instance <tlk_rxer_ibuf> in unit <master>.
    Set user-defined property "IBUF_DELAY_VALUE =  0" for instance <tlk_rxer_ibuf> in unit <master>.
    Set user-defined property "IBUF_LOW_PWR =  TRUE" for instance <tlk_rxer_ibuf> in unit <master>.
    Set user-defined property "IFD_DELAY_VALUE =  AUTO" for instance <tlk_rxer_ibuf> in unit <master>.
    Set user-defined property "IOSTANDARD =  LVCMOS25" for instance <tlk_rxer_ibuf> in unit <master>.
    Set user-defined property "CAPACITANCE =  DONT_CARE" for instance <tlk_rxdv_ibuf> in unit <master>.
    Set user-defined property "IBUF_DELAY_VALUE =  0" for instance <tlk_rxdv_ibuf> in unit <master>.
    Set user-defined property "IBUF_LOW_PWR =  TRUE" for instance <tlk_rxdv_ibuf> in unit <master>.
    Set user-defined property "IFD_DELAY_VALUE =  AUTO" for instance <tlk_rxdv_ibuf> in unit <master>.
    Set user-defined property "IOSTANDARD =  LVCMOS25" for instance <tlk_rxdv_ibuf> in unit <master>.
    Set user-defined property "CAPACITANCE =  DONT_CARE" for instance <tlk_rxclk_ibufg> in unit <master>.
    Set user-defined property "IBUF_DELAY_VALUE =  0" for instance <tlk_rxclk_ibufg> in unit <master>.
    Set user-defined property "IBUF_LOW_PWR =  TRUE" for instance <tlk_rxclk_ibufg> in unit <master>.
    Set user-defined property "IOSTANDARD =  LVCMOS25" for instance <tlk_rxclk_ibufg> in unit <master>.
    Set user-defined property "CAPACITANCE =  DONT_CARE" for instance <sfp_enablen_obuf> in unit <master>.
    Set user-defined property "DRIVE =  12" for instance <sfp_enablen_obuf> in unit <master>.
    Set user-defined property "IOSTANDARD =  LVCMOS25" for instance <sfp_enablen_obuf> in unit <master>.
    Set user-defined property "SLEW =  SLOW" for instance <sfp_enablen_obuf> in unit <master>.
    Set user-defined property "CAPACITANCE =  DONT_CARE" for instance <sfp_txdis_obuf> in unit <master>.
    Set user-defined property "DRIVE =  12" for instance <sfp_txdis_obuf> in unit <master>.
    Set user-defined property "IOSTANDARD =  LVCMOS25" for instance <sfp_txdis_obuf> in unit <master>.
    Set user-defined property "SLEW =  SLOW" for instance <sfp_txdis_obuf> in unit <master>.
    Set user-defined property "CAPACITANCE =  DONT_CARE" for instance <sfp_rs_obuf> in unit <master>.
    Set user-defined property "DRIVE =  12" for instance <sfp_rs_obuf> in unit <master>.
    Set user-defined property "IOSTANDARD =  LVCMOS25" for instance <sfp_rs_obuf> in unit <master>.
    Set user-defined property "SLEW =  SLOW" for instance <sfp_rs_obuf> in unit <master>.
    Set user-defined property "CAPACITANCE =  DONT_CARE" for instance <sfp_txfault_ibuf> in unit <master>.
    Set user-defined property "IBUF_DELAY_VALUE =  0" for instance <sfp_txfault_ibuf> in unit <master>.
    Set user-defined property "IBUF_LOW_PWR =  TRUE" for instance <sfp_txfault_ibuf> in unit <master>.
    Set user-defined property "IFD_DELAY_VALUE =  AUTO" for instance <sfp_txfault_ibuf> in unit <master>.
    Set user-defined property "IOSTANDARD =  LVCMOS25" for instance <sfp_txfault_ibuf> in unit <master>.
    Set user-defined property "CAPACITANCE =  DONT_CARE" for instance <sfp_modabs_ibuf> in unit <master>.
    Set user-defined property "IBUF_DELAY_VALUE =  0" for instance <sfp_modabs_ibuf> in unit <master>.
    Set user-defined property "IBUF_LOW_PWR =  TRUE" for instance <sfp_modabs_ibuf> in unit <master>.
    Set user-defined property "IFD_DELAY_VALUE =  AUTO" for instance <sfp_modabs_ibuf> in unit <master>.
    Set user-defined property "IOSTANDARD =  LVCMOS25" for instance <sfp_modabs_ibuf> in unit <master>.
    Set user-defined property "CAPACITANCE =  DONT_CARE" for instance <sfp_los_ibuf> in unit <master>.
    Set user-defined property "IBUF_DELAY_VALUE =  0" for instance <sfp_los_ibuf> in unit <master>.
    Set user-defined property "IBUF_LOW_PWR =  TRUE" for instance <sfp_los_ibuf> in unit <master>.
    Set user-defined property "IFD_DELAY_VALUE =  AUTO" for instance <sfp_los_ibuf> in unit <master>.
    Set user-defined property "IOSTANDARD =  LVCMOS25" for instance <sfp_los_ibuf> in unit <master>.
    Set user-defined property "CAPACITANCE =  DONT_CARE" for instance <bdclk_ibuf> in unit <master>.
    Set user-defined property "DIFF_TERM =  TRUE" for instance <bdclk_ibuf> in unit <master>.
    Set user-defined property "DQS_BIAS =  FALSE" for instance <bdclk_ibuf> in unit <master>.
    Set user-defined property "IBUF_DELAY_VALUE =  0" for instance <bdclk_ibuf> in unit <master>.
    Set user-defined property "IBUF_LOW_PWR =  TRUE" for instance <bdclk_ibuf> in unit <master>.
    Set user-defined property "IFD_DELAY_VALUE =  AUTO" for instance <bdclk_ibuf> in unit <master>.
    Set user-defined property "IOSTANDARD =  LVDS_25" for instance <bdclk_ibuf> in unit <master>.
    Set user-defined property "CAPACITANCE =  DONT_CARE" for instance <trig_ibuf> in unit <master>.
    Set user-defined property "DIFF_TERM =  TRUE" for instance <trig_ibuf> in unit <master>.
    Set user-defined property "DQS_BIAS =  FALSE" for instance <trig_ibuf> in unit <master>.
    Set user-defined property "IBUF_DELAY_VALUE =  0" for instance <trig_ibuf> in unit <master>.
    Set user-defined property "IBUF_LOW_PWR =  TRUE" for instance <trig_ibuf> in unit <master>.
    Set user-defined property "IFD_DELAY_VALUE =  AUTO" for instance <trig_ibuf> in unit <master>.
    Set user-defined property "IOSTANDARD =  LVDS_25" for instance <trig_ibuf> in unit <master>.
    Set user-defined property "CAPACITANCE =  DONT_CARE" for instance <g_clktrig[0].bdclk_obuf> in unit <master>.
    Set user-defined property "IOSTANDARD =  LVDS_25" for instance <g_clktrig[0].bdclk_obuf> in unit <master>.
    Set user-defined property "SLEW =  SLOW" for instance <g_clktrig[0].bdclk_obuf> in unit <master>.
    Set user-defined property "CAPACITANCE =  DONT_CARE" for instance <g_clktrig[0].trig_obuf> in unit <master>.
    Set user-defined property "IOSTANDARD =  LVDS_25" for instance <g_clktrig[0].trig_obuf> in unit <master>.
    Set user-defined property "SLEW =  SLOW" for instance <g_clktrig[0].trig_obuf> in unit <master>.
    Set user-defined property "CAPACITANCE =  DONT_CARE" for instance <g_clktrig[1].bdclk_obuf> in unit <master>.
    Set user-defined property "IOSTANDARD =  LVDS_25" for instance <g_clktrig[1].bdclk_obuf> in unit <master>.
    Set user-defined property "SLEW =  SLOW" for instance <g_clktrig[1].bdclk_obuf> in unit <master>.
    Set user-defined property "CAPACITANCE =  DONT_CARE" for instance <g_clktrig[1].trig_obuf> in unit <master>.
    Set user-defined property "IOSTANDARD =  LVDS_25" for instance <g_clktrig[1].trig_obuf> in unit <master>.
    Set user-defined property "SLEW =  SLOW" for instance <g_clktrig[1].trig_obuf> in unit <master>.
    Set user-defined property "CAPACITANCE =  DONT_CARE" for instance <g_clktrig[2].bdclk_obuf> in unit <master>.
    Set user-defined property "IOSTANDARD =  LVDS_25" for instance <g_clktrig[2].bdclk_obuf> in unit <master>.
    Set user-defined property "SLEW =  SLOW" for instance <g_clktrig[2].bdclk_obuf> in unit <master>.
    Set user-defined property "CAPACITANCE =  DONT_CARE" for instance <g_clktrig[2].trig_obuf> in unit <master>.
    Set user-defined property "IOSTANDARD =  LVDS_25" for instance <g_clktrig[2].trig_obuf> in unit <master>.
    Set user-defined property "SLEW =  SLOW" for instance <g_clktrig[2].trig_obuf> in unit <master>.
    Set user-defined property "CAPACITANCE =  DONT_CARE" for instance <G_JUMPER[0].jumper_ibuf> in unit <master>.
    Set user-defined property "IBUF_DELAY_VALUE =  0" for instance <G_JUMPER[0].jumper_ibuf> in unit <master>.
    Set user-defined property "IBUF_LOW_PWR =  TRUE" for instance <G_JUMPER[0].jumper_ibuf> in unit <master>.
    Set user-defined property "IFD_DELAY_VALUE =  AUTO" for instance <G_JUMPER[0].jumper_ibuf> in unit <master>.
    Set user-defined property "IOSTANDARD =  LVCMOS25" for instance <G_JUMPER[0].jumper_ibuf> in unit <master>.
    Set user-defined property "CAPACITANCE =  DONT_CARE" for instance <G_JUMPER[1].jumper_ibuf> in unit <master>.
    Set user-defined property "IBUF_DELAY_VALUE =  0" for instance <G_JUMPER[1].jumper_ibuf> in unit <master>.
    Set user-defined property "IBUF_LOW_PWR =  TRUE" for instance <G_JUMPER[1].jumper_ibuf> in unit <master>.
    Set user-defined property "IFD_DELAY_VALUE =  AUTO" for instance <G_JUMPER[1].jumper_ibuf> in unit <master>.
    Set user-defined property "IOSTANDARD =  LVCMOS25" for instance <G_JUMPER[1].jumper_ibuf> in unit <master>.
    Set user-defined property "CAPACITANCE =  DONT_CARE" for instance <G_JUMPER[2].jumper_ibuf> in unit <master>.
    Set user-defined property "IBUF_DELAY_VALUE =  0" for instance <G_JUMPER[2].jumper_ibuf> in unit <master>.
    Set user-defined property "IBUF_LOW_PWR =  TRUE" for instance <G_JUMPER[2].jumper_ibuf> in unit <master>.
    Set user-defined property "IFD_DELAY_VALUE =  AUTO" for instance <G_JUMPER[2].jumper_ibuf> in unit <master>.
    Set user-defined property "IOSTANDARD =  LVCMOS25" for instance <G_JUMPER[2].jumper_ibuf> in unit <master>.
    Set user-defined property "CAPACITANCE =  DONT_CARE" for instance <G_JUMPER[3].jumper_ibuf> in unit <master>.
    Set user-defined property "IBUF_DELAY_VALUE =  0" for instance <G_JUMPER[3].jumper_ibuf> in unit <master>.
    Set user-defined property "IBUF_LOW_PWR =  TRUE" for instance <G_JUMPER[3].jumper_ibuf> in unit <master>.
    Set user-defined property "IFD_DELAY_VALUE =  AUTO" for instance <G_JUMPER[3].jumper_ibuf> in unit <master>.
    Set user-defined property "IOSTANDARD =  LVCMOS25" for instance <G_JUMPER[3].jumper_ibuf> in unit <master>.
    Set user-defined property "CAPACITANCE =  DONT_CARE" for instance <G_JUMPER[4].jumper_ibuf> in unit <master>.
    Set user-defined property "IBUF_DELAY_VALUE =  0" for instance <G_JUMPER[4].jumper_ibuf> in unit <master>.
    Set user-defined property "IBUF_LOW_PWR =  TRUE" for instance <G_JUMPER[4].jumper_ibuf> in unit <master>.
    Set user-defined property "IFD_DELAY_VALUE =  AUTO" for instance <G_JUMPER[4].jumper_ibuf> in unit <master>.
    Set user-defined property "IOSTANDARD =  LVCMOS25" for instance <G_JUMPER[4].jumper_ibuf> in unit <master>.
    Set user-defined property "CAPACITANCE =  DONT_CARE" for instance <G_JUMPER[5].jumper_ibuf> in unit <master>.
    Set user-defined property "IBUF_DELAY_VALUE =  0" for instance <G_JUMPER[5].jumper_ibuf> in unit <master>.
    Set user-defined property "IBUF_LOW_PWR =  TRUE" for instance <G_JUMPER[5].jumper_ibuf> in unit <master>.
    Set user-defined property "IFD_DELAY_VALUE =  AUTO" for instance <G_JUMPER[5].jumper_ibuf> in unit <master>.
    Set user-defined property "IOSTANDARD =  LVCMOS25" for instance <G_JUMPER[5].jumper_ibuf> in unit <master>.
    Set user-defined property "CAPACITANCE =  DONT_CARE" for instance <G_JUMPER[6].jumper_ibuf> in unit <master>.
    Set user-defined property "IBUF_DELAY_VALUE =  0" for instance <G_JUMPER[6].jumper_ibuf> in unit <master>.
    Set user-defined property "IBUF_LOW_PWR =  TRUE" for instance <G_JUMPER[6].jumper_ibuf> in unit <master>.
    Set user-defined property "IFD_DELAY_VALUE =  AUTO" for instance <G_JUMPER[6].jumper_ibuf> in unit <master>.
    Set user-defined property "IOSTANDARD =  LVCMOS25" for instance <G_JUMPER[6].jumper_ibuf> in unit <master>.
    Set user-defined property "CAPACITANCE =  DONT_CARE" for instance <G_JUMPER[7].jumper_ibuf> in unit <master>.
    Set user-defined property "IBUF_DELAY_VALUE =  0" for instance <G_JUMPER[7].jumper_ibuf> in unit <master>.
    Set user-defined property "IBUF_LOW_PWR =  TRUE" for instance <G_JUMPER[7].jumper_ibuf> in unit <master>.
    Set user-defined property "IFD_DELAY_VALUE =  AUTO" for instance <G_JUMPER[7].jumper_ibuf> in unit <master>.
    Set user-defined property "IOSTANDARD =  LVCMOS25" for instance <G_JUMPER[7].jumper_ibuf> in unit <master>.
    Set user-defined property "CAPACITANCE =  DONT_CARE" for instance <G_OTHER[0].other_ibuf> in unit <master>.
    Set user-defined property "DIFF_TERM =  TRUE" for instance <G_OTHER[0].other_ibuf> in unit <master>.
    Set user-defined property "DQS_BIAS =  FALSE" for instance <G_OTHER[0].other_ibuf> in unit <master>.
    Set user-defined property "IBUF_DELAY_VALUE =  0" for instance <G_OTHER[0].other_ibuf> in unit <master>.
    Set user-defined property "IBUF_LOW_PWR =  TRUE" for instance <G_OTHER[0].other_ibuf> in unit <master>.
    Set user-defined property "IFD_DELAY_VALUE =  AUTO" for instance <G_OTHER[0].other_ibuf> in unit <master>.
    Set user-defined property "IOSTANDARD =  LVDS_25" for instance <G_OTHER[0].other_ibuf> in unit <master>.
    Set user-defined property "CAPACITANCE =  DONT_CARE" for instance <G_OTHER[1].other_ibuf> in unit <master>.
    Set user-defined property "DIFF_TERM =  TRUE" for instance <G_OTHER[1].other_ibuf> in unit <master>.
    Set user-defined property "DQS_BIAS =  FALSE" for instance <G_OTHER[1].other_ibuf> in unit <master>.
    Set user-defined property "IBUF_DELAY_VALUE =  0" for instance <G_OTHER[1].other_ibuf> in unit <master>.
    Set user-defined property "IBUF_LOW_PWR =  TRUE" for instance <G_OTHER[1].other_ibuf> in unit <master>.
    Set user-defined property "IFD_DELAY_VALUE =  AUTO" for instance <G_OTHER[1].other_ibuf> in unit <master>.
    Set user-defined property "IOSTANDARD =  LVDS_25" for instance <G_OTHER[1].other_ibuf> in unit <master>.
    Set user-defined property "CAPACITANCE =  DONT_CARE" for instance <G_OTHER[2].other_ibuf> in unit <master>.
    Set user-defined property "DIFF_TERM =  TRUE" for instance <G_OTHER[2].other_ibuf> in unit <master>.
    Set user-defined property "DQS_BIAS =  FALSE" for instance <G_OTHER[2].other_ibuf> in unit <master>.
    Set user-defined property "IBUF_DELAY_VALUE =  0" for instance <G_OTHER[2].other_ibuf> in unit <master>.
    Set user-defined property "IBUF_LOW_PWR =  TRUE" for instance <G_OTHER[2].other_ibuf> in unit <master>.
    Set user-defined property "IFD_DELAY_VALUE =  AUTO" for instance <G_OTHER[2].other_ibuf> in unit <master>.
    Set user-defined property "IOSTANDARD =  LVDS_25" for instance <G_OTHER[2].other_ibuf> in unit <master>.
    Set user-defined property "CAPACITANCE =  DONT_CARE" for instance <G_OTHER[3].other_ibuf> in unit <master>.
    Set user-defined property "DIFF_TERM =  TRUE" for instance <G_OTHER[3].other_ibuf> in unit <master>.
    Set user-defined property "DQS_BIAS =  FALSE" for instance <G_OTHER[3].other_ibuf> in unit <master>.
    Set user-defined property "IBUF_DELAY_VALUE =  0" for instance <G_OTHER[3].other_ibuf> in unit <master>.
    Set user-defined property "IBUF_LOW_PWR =  TRUE" for instance <G_OTHER[3].other_ibuf> in unit <master>.
    Set user-defined property "IFD_DELAY_VALUE =  AUTO" for instance <G_OTHER[3].other_ibuf> in unit <master>.
    Set user-defined property "IOSTANDARD =  LVDS_25" for instance <G_OTHER[3].other_ibuf> in unit <master>.
    Set user-defined property "CAPACITANCE =  DONT_CARE" for instance <G_OTHER[4].other_ibuf> in unit <master>.
    Set user-defined property "DIFF_TERM =  TRUE" for instance <G_OTHER[4].other_ibuf> in unit <master>.
    Set user-defined property "DQS_BIAS =  FALSE" for instance <G_OTHER[4].other_ibuf> in unit <master>.
    Set user-defined property "IBUF_DELAY_VALUE =  0" for instance <G_OTHER[4].other_ibuf> in unit <master>.
    Set user-defined property "IBUF_LOW_PWR =  TRUE" for instance <G_OTHER[4].other_ibuf> in unit <master>.
    Set user-defined property "IFD_DELAY_VALUE =  AUTO" for instance <G_OTHER[4].other_ibuf> in unit <master>.
    Set user-defined property "IOSTANDARD =  LVDS_25" for instance <G_OTHER[4].other_ibuf> in unit <master>.
    Set user-defined property "CAPACITANCE =  DONT_CARE" for instance <G_OTHER[5].other_ibuf> in unit <master>.
    Set user-defined property "DIFF_TERM =  TRUE" for instance <G_OTHER[5].other_ibuf> in unit <master>.
    Set user-defined property "DQS_BIAS =  FALSE" for instance <G_OTHER[5].other_ibuf> in unit <master>.
    Set user-defined property "IBUF_DELAY_VALUE =  0" for instance <G_OTHER[5].other_ibuf> in unit <master>.
    Set user-defined property "IBUF_LOW_PWR =  TRUE" for instance <G_OTHER[5].other_ibuf> in unit <master>.
    Set user-defined property "IFD_DELAY_VALUE =  AUTO" for instance <G_OTHER[5].other_ibuf> in unit <master>.
    Set user-defined property "IOSTANDARD =  LVDS_25" for instance <G_OTHER[5].other_ibuf> in unit <master>.
    Set user-defined property "CAPACITANCE =  DONT_CARE" for instance <G_OTHER[6].other_ibuf> in unit <master>.
    Set user-defined property "DIFF_TERM =  TRUE" for instance <G_OTHER[6].other_ibuf> in unit <master>.
    Set user-defined property "DQS_BIAS =  FALSE" for instance <G_OTHER[6].other_ibuf> in unit <master>.
    Set user-defined property "IBUF_DELAY_VALUE =  0" for instance <G_OTHER[6].other_ibuf> in unit <master>.
    Set user-defined property "IBUF_LOW_PWR =  TRUE" for instance <G_OTHER[6].other_ibuf> in unit <master>.
    Set user-defined property "IFD_DELAY_VALUE =  AUTO" for instance <G_OTHER[6].other_ibuf> in unit <master>.
    Set user-defined property "IOSTANDARD =  LVDS_25" for instance <G_OTHER[6].other_ibuf> in unit <master>.
    Set user-defined property "CAPACITANCE =  DONT_CARE" for instance <G_OTHER[7].other_ibuf> in unit <master>.
    Set user-defined property "DIFF_TERM =  TRUE" for instance <G_OTHER[7].other_ibuf> in unit <master>.
    Set user-defined property "DQS_BIAS =  FALSE" for instance <G_OTHER[7].other_ibuf> in unit <master>.
    Set user-defined property "IBUF_DELAY_VALUE =  0" for instance <G_OTHER[7].other_ibuf> in unit <master>.
    Set user-defined property "IBUF_LOW_PWR =  TRUE" for instance <G_OTHER[7].other_ibuf> in unit <master>.
    Set user-defined property "IFD_DELAY_VALUE =  AUTO" for instance <G_OTHER[7].other_ibuf> in unit <master>.
    Set user-defined property "IOSTANDARD =  LVDS_25" for instance <G_OTHER[7].other_ibuf> in unit <master>.
Entity <master> analyzed. Unit <master> generated.

Analyzing generic Entity <gbe_interface> in library <stib> (Architecture <RTL>).
	DHCP = false
	GATEWAY = "192.168.133.1"
	IP_ADDRESS = "192.168.133.4"
	JUMPERS = true
	MAC_ADDRESS = "00:80:55:ec:00:04"
	NETMASK = "255.255.255.0"
WARNING:Xst:2211 - "/home/cmstestbeam/stib_June2015/stib/gbe_interface.vhd" line 654: Instantiating black box module <fb>.
WARNING:Xst:2211 - "/home/cmstestbeam/stib_June2015/stib/gbe_interface.vhd" line 668: Instantiating black box module <fb>.
WARNING:Xst:2211 - "/home/cmstestbeam/stib_June2015/stib/gbe_interface.vhd" line 803: Instantiating black box module <fb>.
WARNING:Xst:2211 - "/home/cmstestbeam/stib_June2015/stib/gbe_interface.vhd" line 803: Instantiating black box module <fb>.
INFO:Xst:2679 - Register <txer> in unit <gbe_interface> has a constant value of 0 during circuit operation. The register is replaced by logic.
Entity <gbe_interface> analyzed. Unit <gbe_interface> generated.

Analyzing Entity <ethernet> in library <stib> (Architecture <rtl>).
Entity <ethernet> analyzed. Unit <ethernet> generated.

Analyzing Entity <crc32> in library <stib> (Architecture <RTL>).
Entity <crc32> analyzed. Unit <crc32> generated.

Analyzing Entity <arp> in library <stib> (Architecture <rtl>).
Entity <arp> analyzed. Unit <arp> generated.

Analyzing generic Entity <arptab> in library <stib> (Architecture <RTL>).
	size = 4
WARNING:Xst:2211 - "/home/cmstestbeam/stib_June2015/stib/arptab.vhd" line 94: Instantiating black box module <arptab_dpram>.
Entity <arptab> analyzed. Unit <arptab> generated.

Analyzing Entity <ipbuf> in library <stib> (Architecture <RTL>).
WARNING:Xst:2211 - "/home/cmstestbeam/stib_June2015/stib/ipbuf.vhd" line 72: Instantiating black box module <fb>.
Entity <ipbuf> analyzed. Unit <ipbuf> generated.

Analyzing generic Entity <icmprep> in library <stib> (Architecture <RTL>).
	id = 4
WARNING:Xst:2211 - "/home/cmstestbeam/stib_June2015/stib/icmprep.vhd" line 114: Instantiating black box module <add8>.
WARNING:Xst:2211 - "/home/cmstestbeam/stib_June2015/stib/icmprep.vhd" line 126: Instantiating black box module <add8>.
Entity <icmprep> analyzed. Unit <icmprep> generated.

Analyzing Entity <icmp> in library <stib> (Architecture <RTL>).
Entity <icmp> analyzed. Unit <icmp> generated.

Analyzing Entity <udp> in library <stib> (Architecture <RTL>).
Entity <udp> analyzed. Unit <udp> generated.

Analyzing Entity <ip> in library <stib> (Architecture <RTL>).
Entity <ip> analyzed. Unit <ip> generated.

Analyzing Entity <cksum> in library <stib> (Architecture <RTL>).
WARNING:Xst:2211 - "/home/cmstestbeam/stib_June2015/stib/cksum.vhd" line 58: Instantiating black box module <add8>.
WARNING:Xst:2211 - "/home/cmstestbeam/stib_June2015/stib/cksum.vhd" line 69: Instantiating black box module <add8>.
Entity <cksum> analyzed. Unit <cksum> generated.

Analyzing Entity <ipheader> in library <stib> (Architecture <RTL>).
WARNING:Xst:2211 - "/home/cmstestbeam/stib_June2015/stib/ipheader.vhd" line 72: Instantiating black box module <add8>.
WARNING:Xst:2211 - "/home/cmstestbeam/stib_June2015/stib/ipheader.vhd" line 83: Instantiating black box module <add8>.
Entity <ipheader> analyzed. Unit <ipheader> generated.

Analyzing Entity <txether> in library <stib> (Architecture <RTL>).
Entity <txether> analyzed. Unit <txether> generated.

Analyzing generic Entity <arprep> in library <stib> (Architecture <RTL>).
	id = 1
Entity <arprep> analyzed. Unit <arprep> generated.

Analyzing generic Entity <arpreq> in library <stib> (Architecture <RTL>).
	id = 2
Entity <arpreq> analyzed. Unit <arpreq> generated.

Analyzing generic Entity <sendpkt> in library <stib> (Architecture <RTL>).
	id = 6
WARNING:Xst:2211 - "/home/cmstestbeam/stib_June2015/stib/sendpkt.vhd" line 145: Instantiating black box module <add8>.
WARNING:Xst:2211 - "/home/cmstestbeam/stib_June2015/stib/sendpkt.vhd" line 157: Instantiating black box module <add8>.
Entity <sendpkt> analyzed. Unit <sendpkt> generated.

Analyzing generic Entity <streampkt> in library <stib> (Architecture <RTL>).
	id = 7
WARNING:Xst:2211 - "/home/cmstestbeam/stib_June2015/stib/streampkt.vhd" line 116: Instantiating black box module <add8>.
WARNING:Xst:2211 - "/home/cmstestbeam/stib_June2015/stib/streampkt.vhd" line 128: Instantiating black box module <add8>.
Entity <streampkt> analyzed. Unit <streampkt> generated.

Analyzing Entity <tlkserdes_interface> in library <stib> (Architecture <RTL>).
    Set user-defined property "CLKDV_DIVIDE =  2.0000000000000000" for instance <tlkclk_dcm> in unit <tlkserdes_interface>.
    Set user-defined property "CLKFX_DIVIDE =  8" for instance <tlkclk_dcm> in unit <tlkserdes_interface>.
    Set user-defined property "CLKFX_MULTIPLY =  15" for instance <tlkclk_dcm> in unit <tlkserdes_interface>.
    Set user-defined property "CLKIN_DIVIDE_BY_2 =  FALSE" for instance <tlkclk_dcm> in unit <tlkserdes_interface>.
    Set user-defined property "CLKIN_PERIOD =  15.0000000000000000" for instance <tlkclk_dcm> in unit <tlkserdes_interface>.
    Set user-defined property "CLKOUT_PHASE_SHIFT =  NONE" for instance <tlkclk_dcm> in unit <tlkserdes_interface>.
    Set user-defined property "CLK_FEEDBACK =  1X" for instance <tlkclk_dcm> in unit <tlkserdes_interface>.
    Set user-defined property "DCM_AUTOCALIBRATION =  TRUE" for instance <tlkclk_dcm> in unit <tlkserdes_interface>.
    Set user-defined property "DCM_PERFORMANCE_MODE =  MAX_SPEED" for instance <tlkclk_dcm> in unit <tlkserdes_interface>.
    Set user-defined property "DESKEW_ADJUST =  SYSTEM_SYNCHRONOUS" for instance <tlkclk_dcm> in unit <tlkserdes_interface>.
    Set user-defined property "DFS_FREQUENCY_MODE =  LOW" for instance <tlkclk_dcm> in unit <tlkserdes_interface>.
    Set user-defined property "DLL_FREQUENCY_MODE =  LOW" for instance <tlkclk_dcm> in unit <tlkserdes_interface>.
    Set user-defined property "DUTY_CYCLE_CORRECTION =  TRUE" for instance <tlkclk_dcm> in unit <tlkserdes_interface>.
    Set user-defined property "FACTORY_JF =  F0F0" for instance <tlkclk_dcm> in unit <tlkserdes_interface>.
    Set user-defined property "PHASE_SHIFT =  0" for instance <tlkclk_dcm> in unit <tlkserdes_interface>.
    Set user-defined property "STARTUP_WAIT =  FALSE" for instance <tlkclk_dcm> in unit <tlkserdes_interface>.
WARNING:Xst:2211 - "/home/cmstestbeam/stib_June2015/stib/tlkserdes_interface.vhd" line 277: Instantiating black box module <sb>.
WARNING:Xst:2211 - "/home/cmstestbeam/stib_June2015/stib/tlkserdes_interface.vhd" line 291: Instantiating black box module <sb>.
WARNING:Xst:2211 - "/home/cmstestbeam/stib_June2015/stib/tlkserdes_interface.vhd" line 311: Instantiating black box module <tlkfifo>.
    Set user-defined property "CLK_SEL_TYPE =  SYNC" for instance <fifoclkmux> in unit <tlkserdes_interface>.
INFO:Xst:2679 - Register <tlk_csr<1>> in unit <tlkserdes_interface> has a constant value of 0 during circuit operation. The register is replaced by logic.
Entity <tlkserdes_interface> analyzed. Unit <tlkserdes_interface> generated.

Analyzing Entity <clock_interface> in library <stib> (Architecture <RTL>).
Entity <clock_interface> analyzed. Unit <clock_interface> generated.

Analyzing Entity <master_interface> in library <work> (Architecture <behavioral>).
    Set user-defined property "CLKDV_DIVIDE =  2.0000000000000000" for instance <bdclk_dcm_imp> in unit <master_interface>.
    Set user-defined property "CLKFX_DIVIDE =  2" for instance <bdclk_dcm_imp> in unit <master_interface>.
    Set user-defined property "CLKFX_MULTIPLY =  6" for instance <bdclk_dcm_imp> in unit <master_interface>.
    Set user-defined property "CLKIN_DIVIDE_BY_2 =  FALSE" for instance <bdclk_dcm_imp> in unit <master_interface>.
    Set user-defined property "CLKIN_PERIOD =  15.0000000000000000" for instance <bdclk_dcm_imp> in unit <master_interface>.
    Set user-defined property "CLKOUT_PHASE_SHIFT =  NONE" for instance <bdclk_dcm_imp> in unit <master_interface>.
    Set user-defined property "CLK_FEEDBACK =  1X" for instance <bdclk_dcm_imp> in unit <master_interface>.
    Set user-defined property "DCM_AUTOCALIBRATION =  TRUE" for instance <bdclk_dcm_imp> in unit <master_interface>.
    Set user-defined property "DCM_PERFORMANCE_MODE =  MAX_SPEED" for instance <bdclk_dcm_imp> in unit <master_interface>.
    Set user-defined property "DESKEW_ADJUST =  SYSTEM_SYNCHRONOUS" for instance <bdclk_dcm_imp> in unit <master_interface>.
    Set user-defined property "DFS_FREQUENCY_MODE =  LOW" for instance <bdclk_dcm_imp> in unit <master_interface>.
    Set user-defined property "DLL_FREQUENCY_MODE =  LOW" for instance <bdclk_dcm_imp> in unit <master_interface>.
    Set user-defined property "DUTY_CYCLE_CORRECTION =  TRUE" for instance <bdclk_dcm_imp> in unit <master_interface>.
    Set user-defined property "FACTORY_JF =  F0F0" for instance <bdclk_dcm_imp> in unit <master_interface>.
    Set user-defined property "PHASE_SHIFT =  0" for instance <bdclk_dcm_imp> in unit <master_interface>.
    Set user-defined property "STARTUP_WAIT =  FALSE" for instance <bdclk_dcm_imp> in unit <master_interface>.
    Set user-defined property "BUFR_DIVIDE =  BYPASS" for instance <bcoclk_bufr_imp> in unit <master_interface>.
    Set user-defined property "SIM_DEVICE =  VIRTEX4" for instance <bcoclk_bufr_imp> in unit <master_interface>.
    Set user-defined property "INIT_OUT =  0" for instance <clkmux> in unit <master_interface>.
    Set user-defined property "PRESELECT_I0 =  FALSE" for instance <clkmux> in unit <master_interface>.
    Set user-defined property "PRESELECT_I1 =  FALSE" for instance <clkmux> in unit <master_interface>.
    Set user-defined property "CLK_SEL_TYPE =  SYNC" for instance <bdclkmux_a> in unit <master_interface>.
    Set user-defined property "CLK_SEL_TYPE =  SYNC" for instance <bdclkmux_b> in unit <master_interface>.
Entity <master_interface> analyzed. Unit <master_interface> generated.

Analyzing generic Entity <trigpattern.2> in library <stib> (Architecture <RTL>).
	clock_edge = "FALLING"
	pattern = "01010"
	width = 2
WARNING:Xst:795 - "/home/cmstestbeam/stib_June2015/stib/trigpattern.vhd" line 44: Size of operands are different : result is <false>.
WARNING:Xst:795 - "/home/cmstestbeam/stib_June2015/stib/trigpattern.vhd" line 47: Size of operands are different : result is <false>.
Entity <trigpattern.2> analyzed. Unit <trigpattern.2> generated.

Analyzing generic Entity <trigpattern.3> in library <stib> (Architecture <RTL>).
	clock_edge = "FALLING"
	pattern = "01101"
	width = 4
WARNING:Xst:795 - "/home/cmstestbeam/stib_June2015/stib/trigpattern.vhd" line 44: Size of operands are different : result is <false>.
WARNING:Xst:795 - "/home/cmstestbeam/stib_June2015/stib/trigpattern.vhd" line 47: Size of operands are different : result is <false>.
Entity <trigpattern.3> analyzed. Unit <trigpattern.3> generated.

Analyzing generic Entity <trigpattern.4> in library <stib> (Architecture <RTL>).
	clock_edge = "FALLING"
	pattern = "00111"
	width = 2
WARNING:Xst:795 - "/home/cmstestbeam/stib_June2015/stib/trigpattern.vhd" line 44: Size of operands are different : result is <false>.
WARNING:Xst:795 - "/home/cmstestbeam/stib_June2015/stib/trigpattern.vhd" line 47: Size of operands are different : result is <false>.
Entity <trigpattern.4> analyzed. Unit <trigpattern.4> generated.

Analyzing generic Entity <iobus_interface> in library <stib> (Architecture <RTL>).
	NSLAVE = 4
Entity <iobus_interface> analyzed. Unit <iobus_interface> generated.

Analyzing generic Entity <trigpattern.1> in library <stib> (Architecture <RTL>).
	clock_edge = "FALLING"
	pattern = "01010"
	width = 1
WARNING:Xst:795 - "/home/cmstestbeam/stib_June2015/stib/trigpattern.vhd" line 44: Size of operands are different : result is <false>.
WARNING:Xst:795 - "/home/cmstestbeam/stib_June2015/stib/trigpattern.vhd" line 47: Size of operands are different : result is <false>.
Entity <trigpattern.1> analyzed. Unit <trigpattern.1> generated.


=========================================================================
*                           HDL Synthesis                               *
=========================================================================

Performing bidirectional port resolution...

Synthesizing Unit <clock_interface>.
    Related source file is "/home/cmstestbeam/stib_June2015/stib/clock_interface.vhd".
WARNING:Xst:647 - Input <IOBUS.IO_Byte_Enable> is never used. This port will be preserved and left unconnected if it belongs to a top-level block or it belongs to a sub-block and the hierarchy of this sub-block is preserved.
    Found 1-bit register for signal <IOBUS_READY>.
    Found 32-bit register for signal <WRITE_DATA>.
    Found 32-bit register for signal <CLOCK_CSR>.
    Found 1-bit register for signal <CLOCK_LOAD_DONE>.
    Found 1-bit register for signal <CLOCK_LOAD_NOW>.
    Found 32-bit register for signal <CLOCK_LOAD_TIME>.
    Found 32-bit up counter for signal <CLOCK_TIME>.
    Found 28-bit up counter for signal <FAST_COUNTER>.
    Summary:
	inferred   2 Counter(s).
	inferred  99 D-type flip-flop(s).
Unit <clock_interface> synthesized.


Synthesizing Unit <iobus_interface>.
    Related source file is "/home/cmstestbeam/stib_June2015/stib/iobus_interface.vhd".
WARNING:Xst:1780 - Signal <READY> is never used or assigned. This unconnected signal will be trimmed during the optimization process.
    Found 1-bit register for signal <NOT_READY>.
    Summary:
	inferred   1 D-type flip-flop(s).
Unit <iobus_interface> synthesized.


Synthesizing Unit <trigpattern_1>.
    Related source file is "/home/cmstestbeam/stib_June2015/stib/trigpattern.vhd".
WARNING:Xst:646 - Signal <DLY<1>> is assigned but never used. This unconnected signal will be trimmed during the optimization process.
    Found 2-bit register for signal <DLY>.
    Found 5-bit register for signal <SR>.
    Summary:
	inferred   7 D-type flip-flop(s).
Unit <trigpattern_1> synthesized.


Synthesizing Unit <arp>.
    Related source file is "/home/cmstestbeam/stib_June2015/stib/arp.vhd".
WARNING:Xst - You have specified state <idle> as a recovery-only state for the safe implementation of FSM <state>. Due to a limitation in this version of the software, the logic required to implement this recovery-only state might not be properly generated. Please refer to the Xilinx Answers Database for more details.
    Found finite state machine <FSM_0> for signal <state>.
    -----------------------------------------------------------------------
    | States             | 29                                             |
    | Transitions        | 29                                             |
    | Inputs             | 0                                              |
    | Outputs            | 31                                             |
    | Clock              | clk                       (rising_edge)        |
    | Reset              | state$or0000              (positive)           |
    | Reset type         | synchronous                                    |
    | Reset State        | idle                                           |
    | Power Up State     | idle                                           |
    | Recovery State     | idle                                           |
    | Encoding           | automatic                                      |
    | Implementation     | LUT                                            |
    -----------------------------------------------------------------------
    Found 48-bit register for signal <target_ha>.
    Found 1-bit register for signal <matched>.
    Found 32-bit register for signal <target_ip>.
    Found 16-bit register for signal <operation>.
    Found 48-bit register for signal <sender_ha>.
    Found 16-bit register for signal <protocol_type>.
    Found 32-bit register for signal <sender_ip>.
    Found 8-bit register for signal <hlen>.
    Found 8-bit register for signal <plen>.
    Found 16-bit register for signal <hardware_type>.
    Found 1-bit register for signal <matched_address>.
    Found 8-bit comparator equal for signal <matched_address_byte0$cmp_eq0000> created at line 175.
    Found 8-bit comparator equal for signal <matched_address_byte1$cmp_eq0000> created at line 176.
    Found 8-bit comparator equal for signal <matched_address_byte2$cmp_eq0000> created at line 177.
    Found 8-bit comparator equal for signal <matched_address_byte3$cmp_eq0000> created at line 178.
    Summary:
	inferred   1 Finite State Machine(s).
	inferred 226 D-type flip-flop(s).
	inferred   4 Comparator(s).
Unit <arp> synthesized.


Synthesizing Unit <icmp>.
    Related source file is "/home/cmstestbeam/stib_June2015/stib/icmp.vhd".
WARNING:Xst - You have specified state <idle> as a recovery-only state for the safe implementation of FSM <state>. Due to a limitation in this version of the software, the logic required to implement this recovery-only state might not be properly generated. Please refer to the Xilinx Answers Database for more details.
    Found finite state machine <FSM_1> for signal <state>.
    -----------------------------------------------------------------------
    | States             | 11                                             |
    | Transitions        | 11                                             |
    | Inputs             | 0                                              |
    | Outputs            | 10                                             |
    | Clock              | clk                       (rising_edge)        |
    | Reset              | state$or0000              (positive)           |
    | Reset type         | synchronous                                    |
    | Reset State        | idle                                           |
    | Power Up State     | idle                                           |
    | Recovery State     | idle                                           |
    | Encoding           | automatic                                      |
    | Implementation     | LUT                                            |
    -----------------------------------------------------------------------
    Found 8-bit register for signal <icmp_code>.
    Found 16-bit register for signal <echo_seq>.
    Found 8-bit register for signal <icmp_type>.
    Found 16-bit register for signal <echo_timestamp>.
    Found 16-bit register for signal <echo_ident>.
    Found 1-bit register for signal <gated_icmp_data_we>.
    Summary:
	inferred   1 Finite State Machine(s).
	inferred  65 D-type flip-flop(s).
Unit <icmp> synthesized.


Synthesizing Unit <udp>.
    Related source file is "/home/cmstestbeam/stib_June2015/stib/udp.vhd".
WARNING:Xst - You have specified state <idle> as a recovery-only state for the safe implementation of FSM <state>. Due to a limitation in this version of the software, the logic required to implement this recovery-only state might not be properly generated. Please refer to the Xilinx Answers Database for more details.
    Found finite state machine <FSM_2> for signal <state>.
    -----------------------------------------------------------------------
    | States             | 9                                              |
    | Transitions        | 9                                              |
    | Inputs             | 0                                              |
    | Outputs            | 9                                              |
    | Clock              | clk                       (rising_edge)        |
    | Reset              | state$or0000              (positive)           |
    | Reset type         | synchronous                                    |
    | Reset State        | idle                                           |
    | Power Up State     | idle                                           |
    | Recovery State     | idle                                           |
    | Encoding           | automatic                                      |
    | Implementation     | LUT                                            |
    -----------------------------------------------------------------------
    Found 16-bit register for signal <length>.
    Found 1-bit register for signal <udp_buffer_clear>.
    Found 16-bit register for signal <src_port>.
    Found 16-bit register for signal <dst_port>.
    Found 1-bit register for signal <gated_udp_data_we>.
    Summary:
	inferred   1 Finite State Machine(s).
	inferred  50 D-type flip-flop(s).
Unit <udp> synthesized.


Synthesizing Unit <arprep>.
    Related source file is "/home/cmstestbeam/stib_June2015/stib/arprep.vhd".
INFO:Xst:1799 - State pad17 is never reached in FSM <state>.
INFO:Xst:1799 - State done is never reached in FSM <state>.
    Found finite state machine <FSM_3> for signal <state>.
    -----------------------------------------------------------------------
    | States             | 49                                             |
    | Transitions        | 52                                             |
    | Inputs             | 2                                              |
    | Outputs            | 48                                             |
    | Clock              | clk                       (rising_edge)        |
    | Reset              | reset                     (positive)           |
    | Reset type         | synchronous                                    |
    | Reset State        | idle                                           |
    | Power Up State     | idle                                           |
    | Recovery State     | idle                                           |
    | Encoding           | automatic                                      |
    | Implementation     | LUT                                            |
    -----------------------------------------------------------------------
    Found 1-bit register for signal <request>.
    Found 8-bit register for signal <dout>.
    Summary:
	inferred   1 Finite State Machine(s).
	inferred   9 D-type flip-flop(s).
Unit <arprep> synthesized.


Synthesizing Unit <arpreq>.
    Related source file is "/home/cmstestbeam/stib_June2015/stib/arpreq.vhd".
INFO:Xst:1799 - State pad17 is never reached in FSM <state>.
INFO:Xst:1799 - State done is never reached in FSM <state>.
    Found finite state machine <FSM_4> for signal <state>.
    -----------------------------------------------------------------------
    | States             | 49                                             |
    | Transitions        | 52                                             |
    | Inputs             | 2                                              |
    | Outputs            | 50                                             |
    | Clock              | clk                       (rising_edge)        |
    | Reset              | reset                     (positive)           |
    | Reset type         | synchronous                                    |
    | Reset State        | idle                                           |
    | Power Up State     | idle                                           |
    | Recovery State     | idle                                           |
    | Encoding           | automatic                                      |
    | Implementation     | LUT                                            |
    -----------------------------------------------------------------------
    Found 1-bit register for signal <request>.
    Found 8-bit register for signal <dout>.
    Found 32-bit register for signal <my_network>.
    Found 32-bit register for signal <request_addr>.
    Found 32-bit comparator equal for signal <request_addr$cmp_eq0000> created at line 89.
    Found 32-bit register for signal <target_network>.
    Summary:
	inferred   1 Finite State Machine(s).
	inferred 105 D-type flip-flop(s).
	inferred   1 Comparator(s).
Unit <arpreq> synthesized.


Synthesizing Unit <crc32>.
    Related source file is "/home/cmstestbeam/stib_June2015/stib/crc32.vhd".
WARNING:Xst:1780 - Signal <NEWCRC> is never used or assigned. This unconnected signal will be trimmed during the optimization process.
WARNING:Xst:1780 - Signal <FINISHING> is never used or assigned. This unconnected signal will be trimmed during the optimization process.
WARNING:Xst:1780 - Signal <FINAL_CRC> is never used or assigned. This unconnected signal will be trimmed during the optimization process.
    Found 256x32-bit ROM for signal <varindex0000$rom0000> created at line 129.
    Found 8-bit xor2 for signal <ADDR$xor0000> created at line 144.
    Found 32-bit register for signal <CRC>.
    Found 1-bit xor2 for signal <CRC$xor0000> created at line 133.
    Found 1-bit xor2 for signal <CRC$xor0001> created at line 133.
    Found 1-bit xor2 for signal <CRC$xor0002> created at line 133.
    Found 1-bit xor2 for signal <CRC$xor0003> created at line 133.
    Found 1-bit xor2 for signal <CRC$xor0004> created at line 133.
    Found 1-bit xor2 for signal <CRC$xor0005> created at line 133.
    Found 1-bit xor2 for signal <CRC$xor0006> created at line 133.
    Found 1-bit xor2 for signal <CRC$xor0007> created at line 133.
    Found 1-bit xor2 for signal <CRC$xor0008> created at line 133.
    Found 1-bit xor2 for signal <CRC$xor0009> created at line 133.
    Found 1-bit xor2 for signal <CRC$xor0010> created at line 133.
    Found 1-bit xor2 for signal <CRC$xor0011> created at line 133.
    Found 1-bit xor2 for signal <CRC$xor0012> created at line 133.
    Found 1-bit xor2 for signal <CRC$xor0013> created at line 133.
    Found 1-bit xor2 for signal <CRC$xor0014> created at line 133.
    Found 1-bit xor2 for signal <CRC$xor0015> created at line 133.
    Found 1-bit xor2 for signal <CRC$xor0016> created at line 133.
    Found 1-bit xor2 for signal <CRC$xor0017> created at line 133.
    Found 1-bit xor2 for signal <CRC$xor0018> created at line 133.
    Found 1-bit xor2 for signal <CRC$xor0019> created at line 133.
    Found 1-bit xor2 for signal <CRC$xor0020> created at line 133.
    Found 1-bit xor2 for signal <CRC$xor0021> created at line 133.
    Found 1-bit xor2 for signal <CRC$xor0022> created at line 133.
    Found 1-bit xor2 for signal <CRC$xor0023> created at line 133.
    Summary:
	inferred   1 ROM(s).
	inferred  32 D-type flip-flop(s).
Unit <crc32> synthesized.


Synthesizing Unit <trigpattern_2>.
    Related source file is "/home/cmstestbeam/stib_June2015/stib/trigpattern.vhd".
WARNING:Xst:646 - Signal <DLY<2>> is assigned but never used. This unconnected signal will be trimmed during the optimization process.
    Found 3-bit register for signal <DLY>.
    Found 5-bit register for signal <SR>.
    Summary:
	inferred   8 D-type flip-flop(s).
Unit <trigpattern_2> synthesized.


Synthesizing Unit <trigpattern_3>.
    Related source file is "/home/cmstestbeam/stib_June2015/stib/trigpattern.vhd".
WARNING:Xst:646 - Signal <DLY<4>> is assigned but never used. This unconnected signal will be trimmed during the optimization process.
    Found 5-bit register for signal <DLY>.
    Found 5-bit register for signal <SR>.
    Summary:
	inferred  10 D-type flip-flop(s).
Unit <trigpattern_3> synthesized.


Synthesizing Unit <trigpattern_4>.
    Related source file is "/home/cmstestbeam/stib_June2015/stib/trigpattern.vhd".
WARNING:Xst:646 - Signal <DLY<2>> is assigned but never used. This unconnected signal will be trimmed during the optimization process.
    Found 3-bit register for signal <DLY>.
    Found 5-bit register for signal <SR>.
    Summary:
	inferred   8 D-type flip-flop(s).
Unit <trigpattern_4> synthesized.


Synthesizing Unit <tlkserdes_interface>.
    Related source file is "/home/cmstestbeam/stib_June2015/stib/tlkserdes_interface.vhd".
WARNING:Xst:647 - Input <iobus.IO_Byte_Enable> is never used. This port will be preserved and left unconnected if it belongs to a top-level block or it belongs to a sub-block and the hierarchy of this sub-block is preserved.
WARNING:Xst:1780 - Signal <tx_fifo_data> is never used or assigned. This unconnected signal will be trimmed during the optimization process.
WARNING:Xst:646 - Signal <tlk_csr<31>> is assigned but never used. This unconnected signal will be trimmed during the optimization process.
WARNING:Xst:646 - Signal <tlk_csr<25:24>> is assigned but never used. This unconnected signal will be trimmed during the optimization process.
WARNING:Xst:646 - Signal <tlk_csr<22:20>> is assigned but never used. This unconnected signal will be trimmed during the optimization process.
WARNING:Xst:646 - Signal <tlk_csr<18:16>> is assigned but never used. This unconnected signal will be trimmed during the optimization process.
WARNING:Xst:646 - Signal <tlk_csr<14:12>> is assigned but never used. This unconnected signal will be trimmed during the optimization process.
WARNING:Xst:646 - Signal <tlk_csr<7>> is assigned but never used. This unconnected signal will be trimmed during the optimization process.
WARNING:Xst:1780 - Signal <rx_fifo_data> is never used or assigned. This unconnected signal will be trimmed during the optimization process.
WARNING:Xst:653 - Signal <fifo_bert_we> is used but never assigned. This sourceless signal will be automatically connected to value 0.
WARNING:Xst:653 - Signal <bert_counter> is used but never assigned. This sourceless signal will be automatically connected to value 00000000000000000000000000000000.
    Found 1-bit register for signal <iobus_ready>.
    Found 32-bit register for signal <write_data>.
    Found 1-bit register for signal <checking_errors>.
    Found 1-bit register for signal <den>.
    Found 16-bit register for signal <dout>.
    Found 32-bit register for signal <fifo_iobus_data>.
    Found 1-bit register for signal <fifo_iobus_we>.
    Found 1-bit 4-to-1 multiplexer for signal <fifo_we>.
    Found 16-bit register for signal <r_rxd>.
    Found 1-bit register for signal <r_rxdv>.
    Found 1-bit register for signal <r_rxer>.
    Found 1-bit register for signal <reset_counters>.
    Found 1-bit register for signal <rx_fifo_read_enable>.
    Found 5-bit register for signal <tlk_csr<30:26>>.
    Found 1-bit register for signal <tlk_csr<23>>.
    Found 1-bit register for signal <tlk_csr<19>>.
    Found 1-bit register for signal <tlk_csr<15>>.
    Found 4-bit register for signal <tlk_csr<11:8>>.
    Found 5-bit register for signal <tlk_csr<6:2>>.
    Found 1-bit register for signal <tlk_csr<0>>.
    Found 32-bit 4-to-1 multiplexer for signal <tlk_fifo_data_input>.
    Found 32-bit up counter for signal <tlk_prbserrcnt>.
    Found 32-bit up counter for signal <tlk_rxcount>.
    Found 32-bit up counter for signal <tlk_rxerrcnt>.
    Found 32-bit up counter for signal <tlk_txcount>.
    Found 1-bit register for signal <tx_fifo_read_enable>.
    Summary:
	inferred   4 Counter(s).
	inferred 123 D-type flip-flop(s).
	inferred  33 Multiplexer(s).
Unit <tlkserdes_interface> synthesized.


Synthesizing Unit <master_interface>.
    Related source file is "/home/cmstestbeam/stib_June2015/master/master_interface.vhd".
WARNING:Xst:647 - Input <iobus.IO_Byte_Enable> is never used. This port will be preserved and left unconnected if it belongs to a top-level block or it belongs to a sub-block and the hierarchy of this sub-block is preserved.
WARNING:Xst:1780 - Signal <triglatch> is never used or assigned. This unconnected signal will be trimmed during the optimization process.
WARNING:Xst:1780 - Signal <trigger_reset> is never used or assigned. This unconnected signal will be trimmed during the optimization process.
WARNING:Xst:1780 - Signal <trigcount> is never used or assigned. This unconnected signal will be trimmed during the optimization process.
WARNING:Xst:1780 - Signal <reset> is never used or assigned. This unconnected signal will be trimmed during the optimization process.
WARNING:Xst:646 - Signal <master_csr<30>> is assigned but never used. This unconnected signal will be trimmed during the optimization process.
WARNING:Xst:646 - Signal <master_csr<27:24>> is assigned but never used. This unconnected signal will be trimmed during the optimization process.
WARNING:Xst:646 - Signal <master_csr<7:1>> is assigned but never used. This unconnected signal will be trimmed during the optimization process.
WARNING:Xst:1780 - Signal <bdclklatch> is never used or assigned. This unconnected signal will be trimmed during the optimization process.
    Found finite state machine <FSM_5> for signal <state>.
    -----------------------------------------------------------------------
    | States             | 16                                             |
    | Transitions        | 21                                             |
    | Inputs             | 5                                              |
    | Outputs            | 21                                             |
    | Clock              | bdclk                     (rising_edge)        |
    | Power Up State     | idle0                                          |
    | Recovery State     | idle0                                          |
    | Encoding           | automatic                                      |
    | Implementation     | LUT                                            |
    -----------------------------------------------------------------------
    Found 1-bit register for signal <iobus_ready>.
    Found 32-bit register for signal <write_data>.
    Found 32-bit up counter for signal <bdclk_count>.
    Found 32-bit register for signal <bdclk_freq>.
    Found 32-bit register for signal <busclk_count>.
    Found 32-bit adder for signal <busclk_count$addsub0000>.
    Found 1-bit register for signal <clear_count>.
    Found 1-bit register for signal <do_ext_trig>.
    Found 1-bit register for signal <do_halt>.
    Found 1-bit register for signal <do_start>.
    Found 1-bit register for signal <do_trig>.
    Found 1-bit register for signal <done>.
    Found 8-bit up counter for signal <halt_count>.
    Found 1-bit register for signal <last_ext_trig>.
    Found 1-bit register for signal <latch_count>.
    Found 1-bit register for signal <latched_halt>.
    Found 1-bit register for signal <latched_start>.
    Found 1-bit register for signal <latched_trig>.
    Found 32-bit register for signal <master_csr>.
    Found 1-bit register for signal <please_count>.
    Found 8-bit up counter for signal <start_count>.
    Found 8-bit up counter for signal <trig_count>.
    Summary:
	inferred   1 Finite State Machine(s).
	inferred   4 Counter(s).
	inferred 141 D-type flip-flop(s).
	inferred   1 Adder/Subtractor(s).
Unit <master_interface> synthesized.


Synthesizing Unit <ethernet>.
    Related source file is "/home/cmstestbeam/stib_June2015/stib/ethernet.vhd".
WARNING:Xst:646 - Signal <ether_type<7:0>> is assigned but never used. This unconnected signal will be trimmed during the optimization process.
WARNING:Xst:646 - Signal <crc_reg> is assigned but never used. This unconnected signal will be trimmed during the optimization process.
WARNING:Xst:646 - Signal <crc_byte> is assigned but never used. This unconnected signal will be trimmed during the optimization process.
    Found finite state machine <FSM_6> for signal <state>.
    -----------------------------------------------------------------------
    | States             | 20                                             |
    | Transitions        | 43                                             |
    | Inputs             | 3                                              |
    | Outputs            | 22                                             |
    | Clock              | clk                       (rising_edge)        |
    | Reset              | reset                     (positive)           |
    | Reset type         | synchronous                                    |
    | Reset State        | idle                                           |
    | Power Up State     | idle                                           |
    | Recovery State     | idle                                           |
    | Encoding           | automatic                                      |
    | Implementation     | LUT                                            |
    -----------------------------------------------------------------------
    Found 1-bit register for signal <frame_strobe>.
    Found 48-bit register for signal <daddr>.
    Found 1-bit register for signal <arp_enable>.
    Found 1-bit register for signal <ip_enable>.
    Found 1-bit register for signal <crc_valid>.
    Found 48-bit register for signal <saddr>.
    Found 16-bit register for signal <frame_type>.
    Found 1-bit register for signal <clear_crc>.
    Found 1-bit register for signal <do_crc>.
    Found 48-bit register for signal <dst_hwaddr>.
    Found 8-bit register for signal <ether_type<15:8>>.
    Found 1-bit register for signal <matched_type_high>.
    Found 1-bit register for signal <receiving_payload>.
    Found 48-bit register for signal <src_hwaddr>.
    Summary:
	inferred   1 Finite State Machine(s).
	inferred 224 D-type flip-flop(s).
Unit <ethernet> synthesized.


Synthesizing Unit <arptab>.
    Related source file is "/home/cmstestbeam/stib_June2015/stib/arptab.vhd".
WARNING:Xst:1305 - Output <DEBUG_STATE> is never assigned. Tied to value 00000000.
WARNING:Xst:647 - Input <INDEX<7:4>> is never used. This port will be preserved and left unconnected if it belongs to a top-level block or it belongs to a sub-block and the hierarchy of this sub-block is preserved.
WARNING:Xst:653 - Signal <DINB> is used but never assigned. This sourceless signal will be automatically connected to value 000000000000000000000000000000000000000000000000000000000000000000000000000000000000000000000000.
    Found finite state machine <FSM_7> for signal <STATE>.
    -----------------------------------------------------------------------
    | States             | 6                                              |
    | Transitions        | 16                                             |
    | Inputs             | 8                                              |
    | Outputs            | 8                                              |
    | Clock              | CLK                       (rising_edge)        |
    | Reset              | RESET                     (positive)           |
    | Reset type         | synchronous                                    |
    | Reset State        | idle                                           |
    | Power Up State     | idle                                           |
    | Recovery State     | idle                                           |
    | Encoding           | automatic                                      |
    | Implementation     | LUT                                            |
    -----------------------------------------------------------------------
    Found 48-bit register for signal <LOOKUP_HW_ADDR>.
    Found 32-bit register for signal <TARGET_IP_ADDR>.
    Found 4-bit register for signal <COUNT>.
    Found 32-bit comparator equal for signal <DEST_IP_ADDR$cmp_eq0000> created at line 209.
    Found 96-bit register for signal <DINA>.
    Found 96-bit register for signal <LATCHED_DOUTB>.
    Found 48-bit register for signal <NEW_HW_ADDR>.
    Found 32-bit register for signal <NEW_IP_ADDR>.
    Found 16-bit adder for signal <REFCOUNT>.
    Found 4-bit register for signal <SEARCH_INDEX>.
    Found 4-bit adder for signal <SEARCH_INDEX$add0000> created at line 162.
    Found 32-bit comparator equal for signal <STATE$cmp_eq0001> created at line 154.
    Found 4-bit comparator equal for signal <STATE$cmp_eq0002> created at line 156.
    Found 32-bit comparator equal for signal <STATE$cmp_eq0003> created at line 170.
    Found 4-bit comparator less for signal <STATE$cmp_lt0000> created at line 160.
    Found 32-bit comparator not equal for signal <TARGET_IP_ADDR$cmp_ne0000> created at line 170.
    Found 1-bit register for signal <TISFOUND>.
    Found 1-bit register for signal <TISNTFOUND>.
    Summary:
	inferred   1 Finite State Machine(s).
	inferred 362 D-type flip-flop(s).
	inferred   2 Adder/Subtractor(s).
	inferred   6 Comparator(s).
Unit <arptab> synthesized.


Synthesizing Unit <ipbuf>.
    Related source file is "/home/cmstestbeam/stib_June2015/stib/ipbuf.vhd".
WARNING:Xst:1780 - Signal <fifo_write_count> is never used or assigned. This unconnected signal will be trimmed during the optimization process.
    Found 1-bit register for signal <high_byte>.
    Found 18-bit register for signal <sum>.
    Found 18-bit adder for signal <sum$addsub0000>.
    Found 18-bit adder for signal <sum$mux0004>.
    Found 10-bit up counter for signal <write_count>.
    Summary:
	inferred   1 Counter(s).
	inferred  19 D-type flip-flop(s).
	inferred   2 Adder/Subtractor(s).
Unit <ipbuf> synthesized.


Synthesizing Unit <ipheader>.
    Related source file is "/home/cmstestbeam/stib_June2015/stib/ipheader.vhd".
INFO:Xst:1799 - State ethertype0 is never reached in FSM <state>.
    Found finite state machine <FSM_8> for signal <state>.
    -----------------------------------------------------------------------
    | States             | 23                                             |
    | Transitions        | 25                                             |
    | Inputs             | 1                                              |
    | Outputs            | 23                                             |
    | Clock              | clk                       (rising_edge)        |
    | Reset              | reset                     (positive)           |
    | Reset type         | synchronous                                    |
    | Reset State        | idle                                           |
    | Power Up State     | idle                                           |
    | Recovery State     | idle                                           |
    | Encoding           | automatic                                      |
    | Implementation     | LUT                                            |
    -----------------------------------------------------------------------
    Found 16-bit register for signal <checksum>.
    Found 8-bit register for signal <dout>.
    Found 1-bit register for signal <cksum_clear>.
    Found 1-bit register for signal <cksum_enable>.
    Found 16-bit register for signal <cksum_input>.
    Summary:
	inferred   1 Finite State Machine(s).
	inferred  42 D-type flip-flop(s).
Unit <ipheader> synthesized.


Synthesizing Unit <txether>.
    Related source file is "/home/cmstestbeam/stib_June2015/stib/txether.vhd".
WARNING:Xst:1780 - Signal <xout> is never used or assigned. This unconnected signal will be trimmed during the optimization process.
WARNING:Xst:1780 - Signal <stuff> is never used or assigned. This unconnected signal will be trimmed during the optimization process.
WARNING:Xst:1780 - Signal <send_header> is never used or assigned. This unconnected signal will be trimmed during the optimization process.
WARNING:Xst:646 - Signal <crc_value> is assigned but never used. This unconnected signal will be trimmed during the optimization process.
WARNING:Xst:646 - Signal <crc_valid> is assigned but never used. This unconnected signal will be trimmed during the optimization process.
WARNING:Xst:1780 - Signal <crc_byte> is never used or assigned. This unconnected signal will be trimmed during the optimization process.
    Found finite state machine <FSM_9> for signal <state>.
    -----------------------------------------------------------------------
    | States             | 25                                             |
    | Transitions        | 27                                             |
    | Inputs             | 2                                              |
    | Outputs            | 25                                             |
    | Clock              | clk                       (rising_edge)        |
    | Reset              | reset                     (positive)           |
    | Reset type         | synchronous                                    |
    | Reset State        | idle                                           |
    | Power Up State     | idle                                           |
    | Recovery State     | idle                                           |
    | Encoding           | automatic                                      |
    | Implementation     | LUT                                            |
    -----------------------------------------------------------------------
    Found 1-bit register for signal <ip_header>.
    Found 1-bit register for signal <header>.
    Found 3-bit register for signal <enable>.
    Found 8-bit register for signal <dout>.
    Found 1-bit register for signal <txen>.
    Found 1-bit register for signal <do_crc>.
    Found 5-bit register for signal <ip_header_count>.
    Found 5-bit subtractor for signal <ip_header_count$addsub0000> created at line 170.
    Found 1-bit register for signal <load_crc>.
    Summary:
	inferred   1 Finite State Machine(s).
	inferred  21 D-type flip-flop(s).
	inferred   1 Adder/Subtractor(s).
Unit <txether> synthesized.


Synthesizing Unit <streampkt>.
    Related source file is "/home/cmstestbeam/stib_June2015/stib/streampkt.vhd".
WARNING:Xst:647 - Input <ip_header_checksum> is never used. This port will be preserved and left unconnected if it belongs to a top-level block or it belongs to a sub-block and the hierarchy of this sub-block is preserved.
WARNING:Xst:647 - Input <ipbuf_length<15:13>> is never used. This port will be preserved and left unconnected if it belongs to a top-level block or it belongs to a sub-block and the hierarchy of this sub-block is preserved.
WARNING:Xst:1780 - Signal <latched_strobe> is never used or assigned. This unconnected signal will be trimmed during the optimization process.
    Found finite state machine <FSM_10> for signal <state>.
    -----------------------------------------------------------------------
    | States             | 27                                             |
    | Transitions        | 33                                             |
    | Inputs             | 4                                              |
    | Outputs            | 30                                             |
    | Clock              | clk                       (rising_edge)        |
    | Reset              | reset                     (positive)           |
    | Reset type         | synchronous                                    |
    | Reset State        | idle                                           |
    | Power Up State     | idle                                           |
    | Recovery State     | idle                                           |
    | Encoding           | automatic                                      |
    | Implementation     | LUT                                            |
    -----------------------------------------------------------------------
    Found 1-bit register for signal <arp_strobe>.
    Found 1-bit register for signal <ipbuf_read_enable>.
    Found 1-bit register for signal <request>.
    Found 1-bit register for signal <ready>.
    Found 8-bit register for signal <dout>.
    Found 1-bit register for signal <internal_state<7>>.
    Found 1-bit register for signal <arp_request>.
    Found 1-bit register for signal <cksum_clear>.
    Found 1-bit register for signal <cksum_enable>.
    Found 16-bit register for signal <cksum_input>.
    Found 16-bit register for signal <count>.
    Found 16-bit subtractor for signal <count$share0000> created at line 154.
    Found 13-bit adder for signal <length$add0000> created at line 296.
    Found 13-bit adder for signal <udp_length$add0000> created at line 298.
    Summary:
	inferred   1 Finite State Machine(s).
	inferred  48 D-type flip-flop(s).
	inferred   3 Adder/Subtractor(s).
Unit <streampkt> synthesized.


Synthesizing Unit <cksum>.
    Related source file is "/home/cmstestbeam/stib_June2015/stib/cksum.vhd".
    Found 1-bit register for signal <ENABLE_HIGH>.
    Summary:
	inferred   1 D-type flip-flop(s).
Unit <cksum> synthesized.


Synthesizing Unit <icmprep>.
    Related source file is "/home/cmstestbeam/stib_June2015/stib/icmprep.vhd".
WARNING:Xst:647 - Input <ip_header_cksum> is never used. This port will be preserved and left unconnected if it belongs to a top-level block or it belongs to a sub-block and the hierarchy of this sub-block is preserved.
WARNING:Xst:646 - Signal <ipbuf_length<15:13>> is assigned but never used. This unconnected signal will be trimmed during the optimization process.
WARNING:Xst:1780 - Signal <ipbuf_dini> is never used or assigned. This unconnected signal will be trimmed during the optimization process.
WARNING:Xst:1780 - Signal <ipbuf_din> is never used or assigned. This unconnected signal will be trimmed during the optimization process.
INFO:Xst:1799 - State icmp_type is never reached in FSM <state>.
    Found finite state machine <FSM_11> for signal <state>.
    -----------------------------------------------------------------------
    | States             | 10                                             |
    | Transitions        | 15                                             |
    | Inputs             | 3                                              |
    | Outputs            | 9                                              |
    | Clock              | clk                       (rising_edge)        |
    | Reset              | reset                     (positive)           |
    | Reset type         | synchronous                                    |
    | Reset State        | idle                                           |
    | Power Up State     | idle                                           |
    | Recovery State     | idle                                           |
    | Encoding           | automatic                                      |
    | Implementation     | LUT                                            |
    -----------------------------------------------------------------------
    Found 1-bit register for signal <request>.
    Found 8-bit register for signal <dout>.
    Found 1-bit register for signal <cksum_clear>.
    Found 1-bit register for signal <cksum_enable>.
    Found 16-bit register for signal <cksum_input>.
    Found 16-bit register for signal <count>.
    Found 16-bit subtractor for signal <count$share0000> created at line 150.
    Found 1-bit register for signal <ipbuf_read_enable>.
    Found 13-bit adder for signal <length$add0000> created at line 222.
    Summary:
	inferred   1 Finite State Machine(s).
	inferred  44 D-type flip-flop(s).
	inferred   2 Adder/Subtractor(s).
Unit <icmprep> synthesized.


Synthesizing Unit <ip>.
    Related source file is "/home/cmstestbeam/stib_June2015/stib/ip.vhd".
INFO:Xst:1799 - State data0 is never reached in FSM <state>.
WARNING:Xst - You have specified state <idle> as a recovery-only state for the safe implementation of FSM <state>. Due to a limitation in this version of the software, the logic required to implement this recovery-only state might not be properly generated. Please refer to the Xilinx Answers Database for more details.
    Found finite state machine <FSM_12> for signal <state>.
    -----------------------------------------------------------------------
    | States             | 22                                             |
    | Transitions        | 22                                             |
    | Inputs             | 0                                              |
    | Outputs            | 38                                             |
    | Clock              | clk                       (rising_edge)        |
    | Reset              | state$or0000              (positive)           |
    | Reset type         | synchronous                                    |
    | Reset State        | idle                                           |
    | Power Up State     | idle                                           |
    | Recovery State     | idle                                           |
    | Encoding           | automatic                                      |
    | Implementation     | LUT                                            |
    -----------------------------------------------------------------------
    Found 4-bit register for signal <ip_version>.
    Found 8-bit register for signal <ip_ttl>.
    Found 32-bit register for signal <ip_daddr>.
    Found 1-bit register for signal <header_cksum_valid>.
    Found 1-bit register for signal <icmp_enable>.
    Found 1-bit register for signal <matched>.
    Found 1-bit register for signal <buffer_clear>.
    Found 4-bit register for signal <ip_ihl>.
    Found 3-bit register for signal <ip_flags>.
    Found 1-bit register for signal <data_cksum_valid>.
    Found 1-bit register for signal <udp_enable>.
    Found 16-bit register for signal <ip_identification>.
    Found 13-bit register for signal <ip_fragment>.
    Found 32-bit register for signal <ip_saddr>.
    Found 1-bit register for signal <payload>.
    Found 16-bit register for signal <count>.
    Found 16-bit subtractor for signal <count$share0000> created at line 130.
    Found 16-bit register for signal <length>.
    Found 1-bit register for signal <matched_address>.
    Found 8-bit comparator equal for signal <matched_address_byte0$cmp_eq0001> created at line 244.
    Found 8-bit comparator equal for signal <matched_address_byte1$cmp_eq0001> created at line 245.
    Found 8-bit comparator equal for signal <matched_address_byte2$cmp_eq0001> created at line 246.
    Found 8-bit comparator equal for signal <matched_address_byte3$cmp_eq0001> created at line 247.
    Found 16-bit subtractor for signal <payload_size>.
    Found 8-bit register for signal <which_protocol>.
    Summary:
	inferred   1 Finite State Machine(s).
	inferred 160 D-type flip-flop(s).
	inferred   2 Adder/Subtractor(s).
	inferred   4 Comparator(s).
Unit <ip> synthesized.


Synthesizing Unit <sendpkt>.
    Related source file is "/home/cmstestbeam/stib_June2015/stib/sendpkt.vhd".
WARNING:Xst:1305 - Output <issue_arp_request> is never assigned. Tied to value 0.
WARNING:Xst:647 - Input <ip_header_checksum> is never used. This port will be preserved and left unconnected if it belongs to a top-level block or it belongs to a sub-block and the hierarchy of this sub-block is preserved.
WARNING:Xst:1780 - Signal <latched_strobe> is never used or assigned. This unconnected signal will be trimmed during the optimization process.
WARNING:Xst:646 - Signal <ipbuf_length<15:13>> is assigned but never used. This unconnected signal will be trimmed during the optimization process.
WARNING:Xst:646 - Signal <arp_request> is assigned but never used. This unconnected signal will be trimmed during the optimization process.
    Found finite state machine <FSM_13> for signal <state>.
    -----------------------------------------------------------------------
    | States             | 27                                             |
    | Transitions        | 33                                             |
    | Inputs             | 4                                              |
    | Outputs            | 27                                             |
    | Clock              | clk                       (rising_edge)        |
    | Reset              | reset                     (positive)           |
    | Reset type         | synchronous                                    |
    | Reset State        | idle                                           |
    | Power Up State     | idle                                           |
    | Recovery State     | idle                                           |
    | Encoding           | automatic                                      |
    | Implementation     | LUT                                            |
    -----------------------------------------------------------------------
    Found 1-bit register for signal <arp_strobe>.
    Found 1-bit register for signal <request>.
    Found 8-bit register for signal <dout>.
    Found 8-bit register for signal <internal_state>.
    Found 1-bit register for signal <cksum_clear>.
    Found 1-bit register for signal <cksum_enable>.
    Found 16-bit register for signal <cksum_input>.
    Found 16-bit register for signal <count>.
    Found 16-bit subtractor for signal <count$share0000> created at line 182.
    Found 1-bit register for signal <ipbuf_read_enable>.
    Found 13-bit adder for signal <length$add0000> created at line 340.
    Found 13-bit adder for signal <udp_length$add0000> created at line 342.
    Summary:
	inferred   1 Finite State Machine(s).
	inferred  53 D-type flip-flop(s).
	inferred   3 Adder/Subtractor(s).
Unit <sendpkt> synthesized.


Synthesizing Unit <gbe_interface>.
    Related source file is "/home/cmstestbeam/stib_June2015/stib/gbe_interface.vhd".
WARNING:Xst:1305 - Output <txclk> is never assigned. Tied to value 0.
WARNING:Xst:647 - Input <iobus.IO_Byte_Enable> is never used. This port will be preserved and left unconnected if it belongs to a top-level block or it belongs to a sub-block and the hierarchy of this sub-block is preserved.
WARNING:Xst:1780 - Signal <udp_fifo_data> is never used or assigned. This unconnected signal will be trimmed during the optimization process.
WARNING:Xst:653 - Signal <udp_cksum> is used but never assigned. This sourceless signal will be automatically connected to value 0000000000000000.
WARNING:Xst:646 - Signal <sendpkt_csr<15:8>> is assigned but never used. This unconnected signal will be trimmed during the optimization process.
WARNING:Xst:1780 - Signal <r_txer> is never used or assigned. This unconnected signal will be trimmed during the optimization process.
WARNING:Xst:1780 - Signal <ipbuf_fifo_data> is never used or assigned. This unconnected signal will be trimmed during the optimization process.
WARNING:Xst:1780 - Signal <icmprep_ipbuf_read_enable> is never used or assigned. This unconnected signal will be trimmed during the optimization process.
WARNING:Xst:1780 - Signal <icmprep_ipbuf_dout> is never used or assigned. This unconnected signal will be trimmed during the optimization process.
WARNING:Xst:1780 - Signal <icmprep_ipbuf_count> is never used or assigned. This unconnected signal will be trimmed during the optimization process.
WARNING:Xst:1780 - Signal <icmprep_ipbuf_cksum> is never used or assigned. This unconnected signal will be trimmed during the optimization process.
WARNING:Xst:646 - Signal <icmp_echo_timestamp> is assigned but never used. This unconnected signal will be trimmed during the optimization process.
WARNING:Xst:646 - Signal <icmp_echo_seq> is assigned but never used. This unconnected signal will be trimmed during the optimization process.
WARNING:Xst:646 - Signal <icmp_echo_ident> is assigned but never used. This unconnected signal will be trimmed during the optimization process.
WARNING:Xst:1780 - Signal <icmp_data_clear> is never used or assigned. This unconnected signal will be trimmed during the optimization process.
WARNING:Xst:646 - Signal <icmp_code> is assigned but never used. This unconnected signal will be trimmed during the optimization process.
WARNING:Xst:646 - Signal <gbe_csr<23:12>> is assigned but never used. This unconnected signal will be trimmed during the optimization process.
WARNING:Xst:646 - Signal <gbe_csr<0>> is assigned but never used. This unconnected signal will be trimmed during the optimization process.
WARNING:Xst:646 - Signal <arp_csr<27:8>> is assigned but never used. This unconnected signal will be trimmed during the optimization process.
WARNING:Xst:1780 - Signal <TX_FIFO_DATA> is never used or assigned. This unconnected signal will be trimmed during the optimization process.
WARNING:Xst:646 - Signal <STREAMPKT_PAYLOAD_CHECKSUM> is assigned but never used. This unconnected signal will be trimmed during the optimization process.
WARNING:Xst:646 - Signal <STREAMPKT_CSR<15:8>> is assigned but never used. This unconnected signal will be trimmed during the optimization process.
WARNING:Xst:646 - Signal <STREAMPKT_ARPTAB_READ_STROBE> is assigned but never used. This unconnected signal will be trimmed during the optimization process.
WARNING:Xst:646 - Signal <STREAMPKT_ARPREQ_STROBE> is assigned but never used. This unconnected signal will be trimmed during the optimization process.
WARNING:Xst:1780 - Signal <RX_FIFO_DATA> is never used or assigned. This unconnected signal will be trimmed during the optimization process.
WARNING:Xst:653 - Signal <MY_MAC_ADDR<47:8>> is used but never assigned. This sourceless signal will be automatically connected to value 0000000010000000010101011110110000000000.
WARNING:Xst:646 - Signal <IP_VERSION> is assigned but never used. This unconnected signal will be trimmed during the optimization process.
WARNING:Xst:646 - Signal <IP_TTL> is assigned but never used. This unconnected signal will be trimmed during the optimization process.
WARNING:Xst:646 - Signal <IP_PAYLOAD> is assigned but never used. This unconnected signal will be trimmed during the optimization process.
WARNING:Xst:646 - Signal <IP_LENGTH> is assigned but never used. This unconnected signal will be trimmed during the optimization process.
WARNING:Xst:646 - Signal <IP_IHL> is assigned but never used. This unconnected signal will be trimmed during the optimization process.
WARNING:Xst:646 - Signal <IP_IDENT> is assigned but never used. This unconnected signal will be trimmed during the optimization process.
WARNING:Xst:646 - Signal <IP_FRAGMENT> is assigned but never used. This unconnected signal will be trimmed during the optimization process.
WARNING:Xst:646 - Signal <IP_FLAGS> is assigned but never used. This unconnected signal will be trimmed during the optimization process.
WARNING:Xst:646 - Signal <IP_DATA_CKSUM_VALID> is assigned but never used. This unconnected signal will be trimmed during the optimization process.
WARNING:Xst:646 - Signal <FRAME_TYPE> is assigned but never used. This unconnected signal will be trimmed during the optimization process.
WARNING:Xst:653 - Signal <ETH_TX_SOURCE<4>> is used but never assigned. This sourceless signal will be automatically connected to value 0.
WARNING:Xst:653 - Signal <ETH_TX_SOURCE<2>> is used but never assigned. This sourceless signal will be automatically connected to value 0.
WARNING:Xst:646 - Signal <ETHERNET_TARGET_HA> is assigned but never used. This unconnected signal will be trimmed during the optimization process.
WARNING:Xst:646 - Signal <ETHERNET_PAYLOAD> is assigned but never used. This unconnected signal will be trimmed during the optimization process.
WARNING:Xst:646 - Signal <ARP_TARGET_IP> is assigned but never used. This unconnected signal will be trimmed during the optimization process.
WARNING:Xst:646 - Signal <ARP_TARGET_HA> is assigned but never used. This unconnected signal will be trimmed during the optimization process.
WARNING:Xst:646 - Signal <ARP_PROTOCOL_TYPE> is assigned but never used. This unconnected signal will be trimmed during the optimization process.
WARNING:Xst:646 - Signal <ARP_PLEN> is assigned but never used. This unconnected signal will be trimmed during the optimization process.
WARNING:Xst:1780 - Signal <ARP_LOOKUP_HA> is never used or assigned. This unconnected signal will be trimmed during the optimization process.
WARNING:Xst:646 - Signal <ARP_HLEN> is assigned but never used. This unconnected signal will be trimmed during the optimization process.
WARNING:Xst:646 - Signal <ARP_HARDWARE_TYPE> is assigned but never used. This unconnected signal will be trimmed during the optimization process.
    Found 1-bit register for signal <iobus_ready>.
    Found 32-bit register for signal <write_data>.
    Found 8-bit register for signal <txd>.
    Found 1-bit register for signal <txen>.
    Found 32-bit register for signal <arp_csr>.
    Found 32-bit register for signal <ARP_LOOKUP_IP>.
    Found 32-bit register for signal <gbe_csr>.
    Found 1-bit register for signal <GBE_INT>.
    Found 1-bit register for signal <GBE_INT_ACK>.
    Found 32-bit register for signal <GW_IP_ADDRESS>.
    Found 1-bit register for signal <IPBUF_READ_ENABLE>.
    Found 16-bit register for signal <latched_udp_dst_port>.
    Found 24-bit register for signal <MY_IP_ADDRESS<31:8>>.
    Found 32-bit register for signal <MY_NETMASK>.
    Found 1-bit register for signal <previous_rxdv>.
    Found 1-bit register for signal <previous_rxer>.
    Found 8-bit register for signal <r_rxd>.
    Found 1-bit register for signal <r_rxdv>.
    Found 1-bit register for signal <r_rxer>.
    Found 32-bit up counter for signal <RX_ARPREP_COUNTER>.
    Found 32-bit up counter for signal <RX_ARPREQ_ADDR_COUNTER>.
    Found 32-bit up counter for signal <RX_ARPREQ_COUNTER>.
    Found 32-bit up counter for signal <RX_ERROR_COUNTER>.
    Found 1-bit register for signal <RX_FIFO_READ_ENABLE>.
    Found 32-bit up counter for signal <RX_FRAME_COUNTER>.
    Found 32-bit up counter for signal <RX_ICMPREP_COUNTER>.
    Found 32-bit up counter for signal <RX_ICMPREQ_COUNTER>.
    Found 32-bit up counter for signal <RX_IP_BADCKSUM_COUNTER>.
    Found 32-bit up counter for signal <RX_IP_COUNTER>.
    Found 32-bit up counter for signal <RX_UDP_COUNTER>.
    Found 32-bit up counter for signal <RX_VALID_COUNTER>.
    Found 16-bit comparator equal for signal <selected_udp_buffer_clear_0$cmp_eq0000> created at line 1245.
    Found 16-bit comparator equal for signal <selected_udp_buffer_clear_1$cmp_eq0000> created at line 1248.
    Found 1-bit register for signal <sendpkt_clear>.
    Found 32-bit register for signal <sendpkt_csr>.
    Found 32-bit register for signal <SENDPKT_DADDR>.
    Found 32-bit register for signal <SENDPKT_PORTS>.
    Found 1-bit register for signal <sendpkt_we>.
    Found 32-bit register for signal <STREAMPKT_CSR>.
    Found 32-bit register for signal <STREAMPKT_DADDR>.
    Found 32-bit register for signal <STREAMPKT_PORTS>.
    Found 1-bit register for signal <TX_FIFO_READ_ENABLE>.
    Found 32-bit up counter for signal <TX_ICMPREP_COUNTER>.
    Found 2-bit register for signal <udp_fifo_read_enable>.
    Found 32-bit register for signal <udp_listen_ports>.
    Found 32-bit register for signal <UDP_SADDR>.
    Summary:
	inferred  12 Counter(s).
	inferred 519 D-type flip-flop(s).
	inferred   2 Comparator(s).
Unit <gbe_interface> synthesized.


Synthesizing Unit <master>.
    Related source file is "/home/cmstestbeam/stib_June2015/master/top.vhd".
WARNING:Xst:1780 - Signal <strip_debug> is never used or assigned. This unconnected signal will be trimmed during the optimization process.
WARNING:Xst:1780 - Signal <UART_ITX> is never used or assigned. This unconnected signal will be trimmed during the optimization process.
WARNING:Xst:1780 - Signal <UART_IRX> is never used or assigned. This unconnected signal will be trimmed during the optimization process.
WARNING:Xst:653 - Signal <STREAM_STROBE> is used but never assigned. This sourceless signal will be automatically connected to value 0.
WARNING:Xst:646 - Signal <STREAM_READ_ENABLE> is assigned but never used. This unconnected signal will be trimmed during the optimization process.
WARNING:Xst:646 - Signal <STREAM_READY> is assigned but never used. This unconnected signal will be trimmed during the optimization process.
WARNING:Xst:653 - Signal <STREAM_LENGTH> is used but never assigned. This sourceless signal will be automatically connected to value 0000000000000000.
WARNING:Xst:653 - Signal <STREAM_DOUT> is used but never assigned. This sourceless signal will be automatically connected to value 00000000.
WARNING:Xst:653 - Signal <STREAM_CKSUM> is used but never assigned. This sourceless signal will be automatically connected to value 0000000000000000.
WARNING:Xst:1780 - Signal <SERDES_STRIP_DATA_WE> is never used or assigned. This unconnected signal will be trimmed during the optimization process.
WARNING:Xst:1780 - Signal <SERDES_STRIP_DATA> is never used or assigned. This unconnected signal will be trimmed during the optimization process.
WARNING:Xst:646 - Signal <OTHER<7:6>> is assigned but never used. This unconnected signal will be trimmed during the optimization process.
WARNING:Xst:1780 - Signal <LED_PORT> is never used or assigned. This unconnected signal will be trimmed during the optimization process.
WARNING:Xst:646 - Signal <IRQ> is assigned but never used. This unconnected signal will be trimmed during the optimization process.
WARNING:Xst:646 - Signal <GMII_TXCLK> is assigned but never used. This unconnected signal will be trimmed during the optimization process.
WARNING:Xst:646 - Signal <GBE_DEBUG> is assigned but never used. This unconnected signal will be trimmed during the optimization process.
WARNING:Xst:1780 - Signal <DEBUG> is never used or assigned. This unconnected signal will be trimmed during the optimization process.
WARNING:Xst:653 - Signal <CORE_RESET> is used but never assigned. This sourceless signal will be automatically connected to value 0.
WARNING:Xst:646 - Signal <CLK5MHZ> is assigned but never used. This unconnected signal will be trimmed during the optimization process.
Unit <master> synthesized.

INFO:Xst:1767 - HDL ADVISOR - Resource sharing has identified that some arithmetic operations in this design can share the same physical resources for reduced device utilization. For improved clock frequency you may try to disable resource sharing.

=========================================================================
HDL Synthesis Report

Macro Statistics
# ROMs                                                 : 2
 256x32-bit ROM                                        : 2
# Adders/Subtractors                                   : 20
 13-bit adder                                          : 5
 16-bit adder                                          : 1
 16-bit subtractor                                     : 5
 18-bit adder                                          : 6
 32-bit adder                                          : 1
 4-bit adder                                           : 1
 5-bit subtractor                                      : 1
# Counters                                             : 25
 10-bit up counter                                     : 3
 28-bit up counter                                     : 1
 32-bit up counter                                     : 18
 8-bit up counter                                      : 3
# Registers                                            : 743
 1-bit register                                        : 661
 16-bit register                                       : 13
 18-bit register                                       : 3
 2-bit register                                        : 1
 3-bit register                                        : 4
 32-bit register                                       : 30
 4-bit register                                        : 4
 48-bit register                                       : 4
 5-bit register                                        : 6
 8-bit register                                        : 15
 96-bit register                                       : 2
# Comparators                                          : 17
 16-bit comparator equal                               : 2
 32-bit comparator equal                               : 4
 32-bit comparator not equal                           : 1
 4-bit comparator equal                                : 1
 4-bit comparator less                                 : 1
 8-bit comparator equal                                : 8
# Multiplexers                                         : 2
 1-bit 4-to-1 multiplexer                              : 1
 32-bit 4-to-1 multiplexer                             : 1
# Xors                                                 : 50
 1-bit xor2                                            : 48
 8-bit xor2                                            : 2

=========================================================================

=========================================================================
*                       Advanced HDL Synthesis                          *
=========================================================================

Analyzing FSM <FSM_13> for best encoding.
Optimizing FSM <gs1.gbe_imp/sendpkt_imp/state/FSM> on signal <state[1:5]> with sequential encoding.
---------------------------
 State         | Encoding
---------------------------
 idle          | 00000
 arping        | 00001
 morearping    | 00010
 arped         | 00011
 checksum0     | 00100
 checksum1     | 00101
 checksum2     | 00110
 checksum3     | 00111
 checksum4     | 01000
 checksum5     | 01001
 checksum6     | 01010
 checksum7     | 01011
 checksum8     | 01100
 checksum9     | 01101
 checksum10    | 01110
 checksum11    | 01111
 checksum12    | 10000
 header        | 10001
 sport1        | 10010
 dport0        | 10011
 dport1        | 10100
 length0       | 10101
 length1       | 10110
 udp_checksum0 | 10111
 udp_checksum1 | 11001
 data          | 11010
 done          | 11000
---------------------------
Analyzing FSM <FSM_12> for best encoding.
Optimizing FSM <gs1.gbe_imp/ip_imp/state/FSM> on signal <state[1:5]> with sequential encoding.
------------------------------
 State            | Encoding
------------------------------
 idle             | 00000
 version_ihl      | 00001
 dscp_enc         | 00010
 length0          | 00011
 length1          | 00100
 identification0  | 00101
 identification1  | 00110
 fragment_offset0 | 00111
 fragment_offset1 | 01000
 time_to_live     | 01001
 protocol         | 01010
 header_checksum0 | 01011
 header_checksum1 | 01100
 source_addr0     | 01101
 source_addr1     | 01110
 source_addr2     | 01111
 source_addr3     | 10000
 dest_addr0       | 10001
 dest_addr1       | 10010
 dest_addr2       | 10011
 dest_addr3       | 10100
 data0            | unreached
 data1            | 10101
------------------------------
Analyzing FSM <FSM_11> for best encoding.
Optimizing FSM <gs1.gbe_imp/icmprep_imp/state/FSM> on signal <state[1:4]> with gray encoding.
----------------------------
 State          | Encoding
----------------------------
 idle           | 0000
 checksum0      | 0001
 checksum1      | 0011
 checksum2      | 0010
 header         | 0110
 icmp_type      | unreached
 icmp_code      | 0111
 icmp_checksum0 | 0101
 icmp_checksum1 | 1100
 data           | 1101
 done           | 0100
----------------------------
Analyzing FSM <FSM_10> for best encoding.
Optimizing FSM <gs1.gbe_imp/streampkt_imp/state/FSM> on signal <state[1:5]> with sequential encoding.
---------------------------
 State         | Encoding
---------------------------
 idle          | 00000
 arping        | 00001
 morearping    | 00010
 arped         | 00011
 checksum0     | 00100
 checksum1     | 00101
 checksum2     | 00110
 checksum3     | 00111
 checksum4     | 01000
 checksum5     | 01001
 checksum6     | 01010
 checksum7     | 01011
 checksum8     | 01100
 checksum9     | 01101
 checksum10    | 01110
 checksum11    | 01111
 checksum12    | 10000
 header        | 10001
 sport1        | 10010
 dport0        | 10011
 dport1        | 10100
 length0       | 10101
 length1       | 10110
 udp_checksum0 | 10111
 udp_checksum1 | 11001
 data          | 11010
 done          | 11000
---------------------------
Analyzing FSM <FSM_9> for best encoding.
Optimizing FSM <gs1.gbe_imp/tx_imp/state/FSM> on signal <state[1:5]> with user encoding.
----------------------------
 State          | Encoding
----------------------------
 idle           | 00000
 preamble0      | 00001
 preamble1      | 00010
 preamble2      | 00011
 preamble3      | 00100
 preamble4      | 00101
 preamble5      | 00110
 preamble6      | 00111
 start_of_frame | 01000
 frame0         | 01001
 frame1         | 01010
 frame2         | 01011
 frame3         | 01100
 frame4         | 01101
 frame5         | 01110
 frame6         | 01111
 frame7         | 10000
 frame8         | 10001
 frame9         | 10010
 frame10        | 10011
 payload        | 10100
 checksum0      | 10101
 checksum1      | 10110
 checksum2      | 10111
 done           | 11000
----------------------------
Analyzing FSM <FSM_8> for best encoding.
Optimizing FSM <gs1.gbe_imp/ipheader_imp/state/FSM> on signal <state[1:5]> with sequential encoding.
--------------------------
 State        | Encoding
--------------------------
 idle         | 00000
 ethertype0   | unreached
 ethertype1   | 00001
 word0        | 00010
 word1        | 00011
 length0      | 00100
 length1      | 00101
 ident0       | 00110
 ident1       | 00111
 flags        | 01000
 frag         | 01001
 time_to_live | 01010
 proto        | 01011
 checksum0    | 01100
 checksum1    | 01101
 saddr0       | 01110
 saddr1       | 01111
 saddr2       | 10000
 saddr3       | 10001
 daddr0       | 10010
 daddr1       | 10011
 daddr2       | 10100
 daddr3       | 10101
 done         | 10110
--------------------------
Analyzing FSM <FSM_7> for best encoding.
Optimizing FSM <gs1.gbe_imp/arptab_imp/STATE/FSM> on signal <STATE[1:3]> with gray encoding.
-----------------------
 State     | Encoding
-----------------------
 idle      | 000
 writeaddr | 011
 writetest | 110
 readaddr  | 010
 readtest  | 111
 write     | 001
-----------------------
Analyzing FSM <FSM_6> for best encoding.
Optimizing FSM <gs1.gbe_imp/ethernet_imp/state/FSM> on signal <state[1:5]> with user encoding.
----------------------------
 State          | Encoding
----------------------------
 idle           | 00000
 preamble       | 00001
 start_of_frame | 00010
 invalid        | 00011
 dest_hwaddr0   | 00100
 dest_hwaddr1   | 00101
 dest_hwaddr2   | 00110
 dest_hwaddr3   | 00111
 dest_hwaddr4   | 01000
 dest_hwaddr5   | 01001
 src_hwaddr0    | 01010
 src_hwaddr1    | 01011
 src_hwaddr2    | 01100
 src_hwaddr3    | 01101
 src_hwaddr4    | 01110
 src_hwaddr5    | 01111
 ether_type0    | 10000
 ether_type1    | 10001
 frame          | 10010
 end_of_frame   | 10011
----------------------------
Analyzing FSM <FSM_5> for best encoding.
Optimizing FSM <mi_imp/state/FSM> on signal <state[1:4]> with user encoding.
--------------------
 State  | Encoding
--------------------
 idle0  | 0000
 idle1  | 0001
 idle2  | 0010
 idle3  | 0011
 trig0  | 0100
 trig1  | 0101
 trig2  | 0110
 trig3  | 0111
 start0 | 1000
 start1 | 1001
 start2 | 1010
 start3 | 1011
 halt0  | 1100
 halt1  | 1101
 halt2  | 1110
 halt3  | 1111
--------------------
Analyzing FSM <FSM_4> for best encoding.
Optimizing FSM <gs1.gbe_imp/arpreq_imp/state/FSM> on signal <state[1:6]> with user encoding.
----------------------------
 State          | Encoding
----------------------------
 idle           | 000000
 frame_header   | 000001
 ether_type0    | 000010
 ether_type1    | 000011
 hardware_type0 | 000100
 hardware_type1 | 000101
 protocol_type0 | 000110
 protocol_type1 | 000111
 ha_length      | 001000
 pa_length      | 001001
 operation0     | 001010
 operation1     | 001011
 source_ha_0    | 001100
 source_ha_1    | 001101
 source_ha_2    | 001110
 source_ha_3    | 001111
 source_ha_4    | 010000
 source_ha_5    | 010001
 source_ip_0    | 010010
 source_ip_1    | 010011
 source_ip_2    | 010100
 source_ip_3    | 010101
 target_ha_0    | 010110
 target_ha_1    | 010111
 target_ha_2    | 011000
 target_ha_3    | 011001
 target_ha_4    | 011010
 target_ha_5    | 011011
 target_ip_0    | 011100
 target_ip_1    | 011101
 target_ip_2    | 011110
 target_ip_3    | 011111
 pad0           | 100000
 pad1           | 100001
 pad2           | 100010
 pad3           | 100011
 pad4           | 100100
 pad5           | 100101
 pad6           | 100110
 pad7           | 100111
 pad8           | 101000
 pad9           | 101001
 pad10          | 101010
 pad11          | 101011
 pad12          | 101100
 pad13          | 101101
 pad14          | 101110
 pad15          | 101111
 pad16          | 110000
 pad17          | unreached
 done           | unreached
----------------------------
Analyzing FSM <FSM_3> for best encoding.
Optimizing FSM <gs1.gbe_imp/arprep_imp/state/FSM> on signal <state[1:6]> with user encoding.
----------------------------
 State          | Encoding
----------------------------
 idle           | 000000
 frame_header   | 000001
 ether_type0    | 000010
 ether_type1    | 000011
 hardware_type0 | 000100
 hardware_type1 | 000101
 protocol_type0 | 000110
 protocol_type1 | 000111
 ha_length      | 001000
 pa_length      | 001001
 operation0     | 001010
 operation1     | 001011
 source_ha_0    | 001100
 source_ha_1    | 001101
 source_ha_2    | 001110
 source_ha_3    | 001111
 source_ha_4    | 010000
 source_ha_5    | 010001
 source_ip_0    | 010010
 source_ip_1    | 010011
 source_ip_2    | 010100
 source_ip_3    | 010101
 target_ha_0    | 010110
 target_ha_1    | 010111
 target_ha_2    | 011000
 target_ha_3    | 011001
 target_ha_4    | 011010
 target_ha_5    | 011011
 target_ip_0    | 011100
 target_ip_1    | 011101
 target_ip_2    | 011110
 target_ip_3    | 011111
 pad0           | 100000
 pad1           | 100001
 pad2           | 100010
 pad3           | 100011
 pad4           | 100100
 pad5           | 100101
 pad6           | 100110
 pad7           | 100111
 pad8           | 101000
 pad9           | 101001
 pad10          | 101010
 pad11          | 101011
 pad12          | 101100
 pad13          | 101101
 pad14          | 101110
 pad15          | 101111
 pad16          | 110000
 pad17          | unreached
 done           | unreached
----------------------------
Analyzing FSM <FSM_2> for best encoding.
Optimizing FSM <gs1.gbe_imp/udp_imp/state/FSM> on signal <state[1:4]> with gray encoding.
-------------------------
 State       | Encoding
-------------------------
 idle        | 0000
 udp_sport0  | 0001
 udp_sport1  | 0011
 udp_dport0  | 0010
 udp_dport1  | 0110
 udp_length0 | 0111
 udp_length1 | 0101
 udp_cksum0  | 0100
 udp_cksum1  | 1100
-------------------------
Analyzing FSM <FSM_1> for best encoding.
Optimizing FSM <gs1.gbe_imp/icmp_imp/state/FSM> on signal <state[1:4]> with gray encoding.
-----------------------------
 State           | Encoding
-----------------------------
 idle            | 0000
 icmp_type_state | 0001
 icmp_code_state | 0011
 icmp_checksum0  | 0010
 icmp_checksum1  | 0110
 icmp_ident0     | 0111
 icmp_ident1     | 0101
 icmp_sequence0  | 0100
 icmp_sequence1  | 1100
 icmp_timestamp0 | 1101
 icmp_timestamp1 | 1111
-----------------------------
Analyzing FSM <FSM_0> for best encoding.
Optimizing FSM <gs1.gbe_imp/arp_imp/state/FSM> on signal <state[1:5]> with user encoding.
----------------------------
 State          | Encoding
----------------------------
 idle           | 00000
 hardware_type0 | 00001
 hardware_type1 | 00010
 protocol_type0 | 00011
 protocol_type1 | 00100
 ha_length      | 00101
 pa_length      | 00110
 operation0     | 00111
 operation1     | 01000
 sender_ha_0    | 01001
 sender_ha_1    | 01010
 sender_ha_2    | 01011
 sender_ha_3    | 01100
 sender_ha_4    | 01101
 sender_ha_5    | 01110
 sender_ip_0    | 01111
 sender_ip_1    | 10000
 sender_ip_2    | 10001
 sender_ip_3    | 10010
 target_ha_0    | 10011
 target_ha_1    | 10100
 target_ha_2    | 10101
 target_ha_3    | 10110
 target_ha_4    | 10111
 target_ha_5    | 11000
 target_ip_0    | 11001
 target_ip_1    | 11010
 target_ip_2    | 11011
 target_ip_3    | 11100
----------------------------
Reading core <../stib/core.ngc>.
Reading core <../stib/sb.ngc>.
Reading core <../stib/tlkfifo.ngc>.
Reading core <../stib/arptab_dpram.ngc>.
Reading core <../stib/fb.ngc>.
Reading core <../stib/add8.ngc>.
Reading Secure Unit <blk00000001>.
Loading core <core> for timing and area information for instance <mcs_0>.
Loading core <sb> for timing and area information for instance <rxsb_imp>.
Loading core <sb> for timing and area information for instance <txsb_imp>.
Loading core <tlkfifo> for timing and area information for instance <tlkfifo_imp>.
Loading core <arptab_dpram> for timing and area information for instance <arptab_dpram_imp>.
Loading core <fb> for timing and area information for instance <ipfb_imp>.
Loading core <add8> for timing and area information for instance <sum_low>.
Loading core <add8> for timing and area information for instance <sum_high>.
Loading core <add8> for timing and area information for instance <sum_low>.
Loading core <add8> for timing and area information for instance <sum_high>.
Loading core <add8> for timing and area information for instance <sum_low>.
Loading core <add8> for timing and area information for instance <sum_high>.
Loading core <add8> for timing and area information for instance <sum_low>.
Loading core <add8> for timing and area information for instance <sum_high>.
Loading core <add8> for timing and area information for instance <sum_low>.
Loading core <add8> for timing and area information for instance <sum_high>.
Loading core <fb> for timing and area information for instance <rxfb_imp>.
Loading core <fb> for timing and area information for instance <txfb_imp>.
Loading core <fb> for timing and area information for instance <udpfb[0].udpfb_imp>.
Loading core <fb> for timing and area information for instance <udpfb[1].udpfb_imp>.
WARNING:Xst:2677 - Node <sendpkt_csr_8> of sequential type is unconnected in block <gs1.gbe_imp>.
WARNING:Xst:2677 - Node <sendpkt_csr_9> of sequential type is unconnected in block <gs1.gbe_imp>.
WARNING:Xst:2677 - Node <sendpkt_csr_10> of sequential type is unconnected in block <gs1.gbe_imp>.
WARNING:Xst:2677 - Node <sendpkt_csr_11> of sequential type is unconnected in block <gs1.gbe_imp>.
WARNING:Xst:2677 - Node <sendpkt_csr_12> of sequential type is unconnected in block <gs1.gbe_imp>.
WARNING:Xst:2677 - Node <sendpkt_csr_13> of sequential type is unconnected in block <gs1.gbe_imp>.
WARNING:Xst:2677 - Node <sendpkt_csr_14> of sequential type is unconnected in block <gs1.gbe_imp>.
WARNING:Xst:2677 - Node <sendpkt_csr_15> of sequential type is unconnected in block <gs1.gbe_imp>.
WARNING:Xst:2677 - Node <arp_csr_8> of sequential type is unconnected in block <gs1.gbe_imp>.
WARNING:Xst:2677 - Node <arp_csr_9> of sequential type is unconnected in block <gs1.gbe_imp>.
WARNING:Xst:2677 - Node <arp_csr_10> of sequential type is unconnected in block <gs1.gbe_imp>.
WARNING:Xst:2677 - Node <arp_csr_11> of sequential type is unconnected in block <gs1.gbe_imp>.
WARNING:Xst:2677 - Node <arp_csr_12> of sequential type is unconnected in block <gs1.gbe_imp>.
WARNING:Xst:2677 - Node <arp_csr_13> of sequential type is unconnected in block <gs1.gbe_imp>.
WARNING:Xst:2677 - Node <arp_csr_14> of sequential type is unconnected in block <gs1.gbe_imp>.
WARNING:Xst:2677 - Node <arp_csr_15> of sequential type is unconnected in block <gs1.gbe_imp>.
WARNING:Xst:2677 - Node <arp_csr_16> of sequential type is unconnected in block <gs1.gbe_imp>.
WARNING:Xst:2677 - Node <arp_csr_17> of sequential type is unconnected in block <gs1.gbe_imp>.
WARNING:Xst:2677 - Node <arp_csr_18> of sequential type is unconnected in block <gs1.gbe_imp>.
WARNING:Xst:2677 - Node <arp_csr_19> of sequential type is unconnected in block <gs1.gbe_imp>.
WARNING:Xst:2677 - Node <arp_csr_20> of sequential type is unconnected in block <gs1.gbe_imp>.
WARNING:Xst:2677 - Node <arp_csr_21> of sequential type is unconnected in block <gs1.gbe_imp>.
WARNING:Xst:2677 - Node <arp_csr_22> of sequential type is unconnected in block <gs1.gbe_imp>.
WARNING:Xst:2677 - Node <arp_csr_23> of sequential type is unconnected in block <gs1.gbe_imp>.
WARNING:Xst:2677 - Node <arp_csr_24> of sequential type is unconnected in block <gs1.gbe_imp>.
WARNING:Xst:2677 - Node <arp_csr_25> of sequential type is unconnected in block <gs1.gbe_imp>.
WARNING:Xst:2677 - Node <arp_csr_26> of sequential type is unconnected in block <gs1.gbe_imp>.
WARNING:Xst:2677 - Node <arp_csr_27> of sequential type is unconnected in block <gs1.gbe_imp>.
WARNING:Xst:2677 - Node <gbe_csr_0> of sequential type is unconnected in block <gs1.gbe_imp>.
WARNING:Xst:2677 - Node <gbe_csr_12> of sequential type is unconnected in block <gs1.gbe_imp>.
WARNING:Xst:2677 - Node <gbe_csr_13> of sequential type is unconnected in block <gs1.gbe_imp>.
WARNING:Xst:2677 - Node <gbe_csr_14> of sequential type is unconnected in block <gs1.gbe_imp>.
WARNING:Xst:2677 - Node <gbe_csr_15> of sequential type is unconnected in block <gs1.gbe_imp>.
WARNING:Xst:2677 - Node <gbe_csr_16> of sequential type is unconnected in block <gs1.gbe_imp>.
WARNING:Xst:2677 - Node <gbe_csr_17> of sequential type is unconnected in block <gs1.gbe_imp>.
WARNING:Xst:2677 - Node <gbe_csr_18> of sequential type is unconnected in block <gs1.gbe_imp>.
WARNING:Xst:2677 - Node <gbe_csr_19> of sequential type is unconnected in block <gs1.gbe_imp>.
WARNING:Xst:2677 - Node <gbe_csr_20> of sequential type is unconnected in block <gs1.gbe_imp>.
WARNING:Xst:2677 - Node <gbe_csr_21> of sequential type is unconnected in block <gs1.gbe_imp>.
WARNING:Xst:2677 - Node <gbe_csr_22> of sequential type is unconnected in block <gs1.gbe_imp>.
WARNING:Xst:2677 - Node <gbe_csr_23> of sequential type is unconnected in block <gs1.gbe_imp>.
WARNING:Xst:2677 - Node <STREAMPKT_CSR_8> of sequential type is unconnected in block <gs1.gbe_imp>.
WARNING:Xst:2677 - Node <STREAMPKT_CSR_9> of sequential type is unconnected in block <gs1.gbe_imp>.
WARNING:Xst:2677 - Node <STREAMPKT_CSR_10> of sequential type is unconnected in block <gs1.gbe_imp>.
WARNING:Xst:2677 - Node <STREAMPKT_CSR_11> of sequential type is unconnected in block <gs1.gbe_imp>.
WARNING:Xst:2677 - Node <STREAMPKT_CSR_12> of sequential type is unconnected in block <gs1.gbe_imp>.
WARNING:Xst:2677 - Node <STREAMPKT_CSR_13> of sequential type is unconnected in block <gs1.gbe_imp>.
WARNING:Xst:2677 - Node <STREAMPKT_CSR_14> of sequential type is unconnected in block <gs1.gbe_imp>.
WARNING:Xst:2677 - Node <STREAMPKT_CSR_15> of sequential type is unconnected in block <gs1.gbe_imp>.
WARNING:Xst:2677 - Node <DLY_2> of sequential type is unconnected in block <trigpattern_imp>.
WARNING:Xst:2677 - Node <DLY_4> of sequential type is unconnected in block <startpattern_imp>.
WARNING:Xst:2677 - Node <DLY_2> of sequential type is unconnected in block <haltpattern_imp>.
WARNING:Xst:2677 - Node <master_csr_1> of sequential type is unconnected in block <mi_imp>.
WARNING:Xst:2677 - Node <master_csr_2> of sequential type is unconnected in block <mi_imp>.
WARNING:Xst:2677 - Node <master_csr_3> of sequential type is unconnected in block <mi_imp>.
WARNING:Xst:2677 - Node <master_csr_4> of sequential type is unconnected in block <mi_imp>.
WARNING:Xst:2677 - Node <master_csr_5> of sequential type is unconnected in block <mi_imp>.
WARNING:Xst:2677 - Node <master_csr_6> of sequential type is unconnected in block <mi_imp>.
WARNING:Xst:2677 - Node <master_csr_7> of sequential type is unconnected in block <mi_imp>.
WARNING:Xst:2677 - Node <master_csr_24> of sequential type is unconnected in block <mi_imp>.
WARNING:Xst:2677 - Node <master_csr_25> of sequential type is unconnected in block <mi_imp>.
WARNING:Xst:2677 - Node <master_csr_26> of sequential type is unconnected in block <mi_imp>.
WARNING:Xst:2677 - Node <master_csr_27> of sequential type is unconnected in block <mi_imp>.
WARNING:Xst:2677 - Node <master_csr_30> of sequential type is unconnected in block <mi_imp>.
WARNING:Xst:2677 - Node <DLY_1> of sequential type is unconnected in block <trigpattern_imp>.
WARNING:Xst:2677 - Node <DLY_1> of sequential type is unconnected in block <trigpattern_1>.
WARNING:Xst:2677 - Node <DLY_2> of sequential type is unconnected in block <trigpattern_2>.
WARNING:Xst:2677 - Node <DLY_4> of sequential type is unconnected in block <trigpattern_3>.
WARNING:Xst:2677 - Node <DLY_2> of sequential type is unconnected in block <trigpattern_4>.
WARNING:Xst:2677 - Node <master_csr_1> of sequential type is unconnected in block <master_interface>.
WARNING:Xst:2677 - Node <master_csr_2> of sequential type is unconnected in block <master_interface>.
WARNING:Xst:2677 - Node <master_csr_3> of sequential type is unconnected in block <master_interface>.
WARNING:Xst:2677 - Node <master_csr_4> of sequential type is unconnected in block <master_interface>.
WARNING:Xst:2677 - Node <master_csr_5> of sequential type is unconnected in block <master_interface>.
WARNING:Xst:2677 - Node <master_csr_6> of sequential type is unconnected in block <master_interface>.
WARNING:Xst:2677 - Node <master_csr_7> of sequential type is unconnected in block <master_interface>.
WARNING:Xst:2677 - Node <master_csr_24> of sequential type is unconnected in block <master_interface>.
WARNING:Xst:2677 - Node <master_csr_25> of sequential type is unconnected in block <master_interface>.
WARNING:Xst:2677 - Node <master_csr_26> of sequential type is unconnected in block <master_interface>.
WARNING:Xst:2677 - Node <master_csr_27> of sequential type is unconnected in block <master_interface>.
WARNING:Xst:2677 - Node <master_csr_30> of sequential type is unconnected in block <master_interface>.
WARNING:Xst:2677 - Node <sendpkt_csr_8> of sequential type is unconnected in block <gbe_interface>.
WARNING:Xst:2677 - Node <sendpkt_csr_9> of sequential type is unconnected in block <gbe_interface>.
WARNING:Xst:2677 - Node <sendpkt_csr_10> of sequential type is unconnected in block <gbe_interface>.
WARNING:Xst:2677 - Node <sendpkt_csr_11> of sequential type is unconnected in block <gbe_interface>.
WARNING:Xst:2677 - Node <sendpkt_csr_12> of sequential type is unconnected in block <gbe_interface>.
WARNING:Xst:2677 - Node <sendpkt_csr_13> of sequential type is unconnected in block <gbe_interface>.
WARNING:Xst:2677 - Node <sendpkt_csr_14> of sequential type is unconnected in block <gbe_interface>.
WARNING:Xst:2677 - Node <sendpkt_csr_15> of sequential type is unconnected in block <gbe_interface>.
WARNING:Xst:2677 - Node <arp_csr_8> of sequential type is unconnected in block <gbe_interface>.
WARNING:Xst:2677 - Node <arp_csr_9> of sequential type is unconnected in block <gbe_interface>.
WARNING:Xst:2677 - Node <arp_csr_10> of sequential type is unconnected in block <gbe_interface>.
WARNING:Xst:2677 - Node <arp_csr_11> of sequential type is unconnected in block <gbe_interface>.
WARNING:Xst:2677 - Node <arp_csr_12> of sequential type is unconnected in block <gbe_interface>.
WARNING:Xst:2677 - Node <arp_csr_13> of sequential type is unconnected in block <gbe_interface>.
WARNING:Xst:2677 - Node <arp_csr_14> of sequential type is unconnected in block <gbe_interface>.
WARNING:Xst:2677 - Node <arp_csr_15> of sequential type is unconnected in block <gbe_interface>.
WARNING:Xst:2677 - Node <arp_csr_16> of sequential type is unconnected in block <gbe_interface>.
WARNING:Xst:2677 - Node <arp_csr_17> of sequential type is unconnected in block <gbe_interface>.
WARNING:Xst:2677 - Node <arp_csr_18> of sequential type is unconnected in block <gbe_interface>.
WARNING:Xst:2677 - Node <arp_csr_19> of sequential type is unconnected in block <gbe_interface>.
WARNING:Xst:2677 - Node <arp_csr_20> of sequential type is unconnected in block <gbe_interface>.
WARNING:Xst:2677 - Node <arp_csr_21> of sequential type is unconnected in block <gbe_interface>.
WARNING:Xst:2677 - Node <arp_csr_22> of sequential type is unconnected in block <gbe_interface>.
WARNING:Xst:2677 - Node <arp_csr_23> of sequential type is unconnected in block <gbe_interface>.
WARNING:Xst:2677 - Node <arp_csr_24> of sequential type is unconnected in block <gbe_interface>.
WARNING:Xst:2677 - Node <arp_csr_25> of sequential type is unconnected in block <gbe_interface>.
WARNING:Xst:2677 - Node <arp_csr_26> of sequential type is unconnected in block <gbe_interface>.
WARNING:Xst:2677 - Node <arp_csr_27> of sequential type is unconnected in block <gbe_interface>.
WARNING:Xst:2677 - Node <gbe_csr_0> of sequential type is unconnected in block <gbe_interface>.
WARNING:Xst:2677 - Node <gbe_csr_12> of sequential type is unconnected in block <gbe_interface>.
WARNING:Xst:2677 - Node <gbe_csr_13> of sequential type is unconnected in block <gbe_interface>.
WARNING:Xst:2677 - Node <gbe_csr_14> of sequential type is unconnected in block <gbe_interface>.
WARNING:Xst:2677 - Node <gbe_csr_15> of sequential type is unconnected in block <gbe_interface>.
WARNING:Xst:2677 - Node <gbe_csr_16> of sequential type is unconnected in block <gbe_interface>.
WARNING:Xst:2677 - Node <gbe_csr_17> of sequential type is unconnected in block <gbe_interface>.
WARNING:Xst:2677 - Node <gbe_csr_18> of sequential type is unconnected in block <gbe_interface>.
WARNING:Xst:2677 - Node <gbe_csr_19> of sequential type is unconnected in block <gbe_interface>.
WARNING:Xst:2677 - Node <gbe_csr_20> of sequential type is unconnected in block <gbe_interface>.
WARNING:Xst:2677 - Node <gbe_csr_21> of sequential type is unconnected in block <gbe_interface>.
WARNING:Xst:2677 - Node <gbe_csr_22> of sequential type is unconnected in block <gbe_interface>.
WARNING:Xst:2677 - Node <gbe_csr_23> of sequential type is unconnected in block <gbe_interface>.
WARNING:Xst:2677 - Node <STREAMPKT_CSR_8> of sequential type is unconnected in block <gbe_interface>.
WARNING:Xst:2677 - Node <STREAMPKT_CSR_9> of sequential type is unconnected in block <gbe_interface>.
WARNING:Xst:2677 - Node <STREAMPKT_CSR_10> of sequential type is unconnected in block <gbe_interface>.
WARNING:Xst:2677 - Node <STREAMPKT_CSR_11> of sequential type is unconnected in block <gbe_interface>.
WARNING:Xst:2677 - Node <STREAMPKT_CSR_12> of sequential type is unconnected in block <gbe_interface>.
WARNING:Xst:2677 - Node <STREAMPKT_CSR_13> of sequential type is unconnected in block <gbe_interface>.
WARNING:Xst:2677 - Node <STREAMPKT_CSR_14> of sequential type is unconnected in block <gbe_interface>.
WARNING:Xst:2677 - Node <STREAMPKT_CSR_15> of sequential type is unconnected in block <gbe_interface>.

=========================================================================
Advanced HDL Synthesis Report

Macro Statistics
# FSMs                                                 : 14
# ROMs                                                 : 2
 256x32-bit ROM                                        : 2
# Adders/Subtractors                                   : 20
 13-bit adder                                          : 5
 16-bit adder                                          : 1
 16-bit subtractor                                     : 5
 18-bit adder                                          : 6
 32-bit adder                                          : 1
 4-bit adder                                           : 1
 5-bit subtractor                                      : 1
# Counters                                             : 25
 10-bit up counter                                     : 3
 28-bit up counter                                     : 1
 32-bit up counter                                     : 18
 8-bit up counter                                      : 3
# Registers                                            : 2382
 Flip-Flops                                            : 2382
# Comparators                                          : 17
 16-bit comparator equal                               : 2
 32-bit comparator equal                               : 4
 32-bit comparator not equal                           : 1
 4-bit comparator equal                                : 1
 4-bit comparator less                                 : 1
 8-bit comparator equal                                : 8
# Multiplexers                                         : 2
 1-bit 4-to-1 multiplexer                              : 1
 32-bit 4-to-1 multiplexer                             : 1
# Xors                                                 : 50
 1-bit xor2                                            : 48
 8-bit xor2                                            : 2

=========================================================================

=========================================================================
*                         Low Level Synthesis                           *
=========================================================================
INFO:Xst:1901 - Instance tlkclk_dcm in unit tlkserdes_interface of type DCM_BASE has been replaced by DCM_ADV
INFO:Xst:1901 - Instance fifoclkmux in unit tlkserdes_interface of type BUFGMUX has been replaced by BUFGCTRL
INFO:Xst:1901 - Instance bdclk_dcm_imp in unit master_interface of type DCM_BASE has been replaced by DCM_ADV
INFO:Xst:1901 - Instance bdclkmux_a in unit master_interface of type BUFGMUX has been replaced by BUFGCTRL
INFO:Xst:1901 - Instance bdclkmux_b in unit master_interface of type BUFGMUX has been replaced by BUFGCTRL

Optimizing unit <master> ...

Optimizing unit <clock_interface> ...

Optimizing unit <iobus_interface> ...

Optimizing unit <arp> ...

Optimizing unit <icmp> ...

Optimizing unit <udp> ...

Optimizing unit <arprep> ...

Optimizing unit <arpreq> ...

Optimizing unit <crc32> ...

Optimizing unit <trigpattern_2> ...

Optimizing unit <trigpattern_3> ...

Optimizing unit <trigpattern_4> ...

Optimizing unit <tlkserdes_interface> ...

Optimizing unit <arptab> ...

Optimizing unit <ipbuf> ...

Optimizing unit <ipheader> ...

Optimizing unit <streampkt> ...

Optimizing unit <cksum> ...

Optimizing unit <master_interface> ...

Optimizing unit <ethernet> ...

Optimizing unit <txether> ...

Optimizing unit <icmprep> ...

Optimizing unit <ip> ...

Optimizing unit <sendpkt> ...

Optimizing unit <gbe_interface> ...
WARNING:Xst:2677 - Node <gs1.gbe_imp/ip_imp/ip_identification_0> of sequential type is unconnected in block <master>.
WARNING:Xst:2677 - Node <gs1.gbe_imp/ip_imp/ip_identification_1> of sequential type is unconnected in block <master>.
WARNING:Xst:2677 - Node <gs1.gbe_imp/ip_imp/ip_identification_2> of sequential type is unconnected in block <master>.
WARNING:Xst:2677 - Node <gs1.gbe_imp/ip_imp/ip_identification_3> of sequential type is unconnected in block <master>.
WARNING:Xst:2677 - Node <gs1.gbe_imp/ip_imp/payload> of sequential type is unconnected in block <master>.
WARNING:Xst:2677 - Node <gs1.gbe_imp/ip_imp/ip_identification_4> of sequential type is unconnected in block <master>.
WARNING:Xst:2677 - Node <gs1.gbe_imp/ip_imp/ip_identification_10> of sequential type is unconnected in block <master>.
WARNING:Xst:2677 - Node <gs1.gbe_imp/ip_imp/ip_identification_5> of sequential type is unconnected in block <master>.
WARNING:Xst:2677 - Node <gs1.gbe_imp/ip_imp/ip_ihl_0> of sequential type is unconnected in block <master>.
WARNING:Xst:2677 - Node <gs1.gbe_imp/ip_imp/ip_ihl_1> of sequential type is unconnected in block <master>.
WARNING:Xst:2677 - Node <gs1.gbe_imp/ip_imp/ip_ihl_2> of sequential type is unconnected in block <master>.
WARNING:Xst:2677 - Node <gs1.gbe_imp/ip_imp/ip_ihl_3> of sequential type is unconnected in block <master>.
WARNING:Xst:2677 - Node <gs1.gbe_imp/ip_imp/ip_identification_11> of sequential type is unconnected in block <master>.
WARNING:Xst:2677 - Node <gs1.gbe_imp/ip_imp/ip_identification_6> of sequential type is unconnected in block <master>.
WARNING:Xst:2677 - Node <gs1.gbe_imp/ip_imp/ip_identification_12> of sequential type is unconnected in block <master>.
WARNING:Xst:2677 - Node <gs1.gbe_imp/ip_imp/ip_identification_7> of sequential type is unconnected in block <master>.
WARNING:Xst:2677 - Node <gs1.gbe_imp/ip_imp/ip_identification_14> of sequential type is unconnected in block <master>.
WARNING:Xst:2677 - Node <gs1.gbe_imp/ip_imp/ip_identification_13> of sequential type is unconnected in block <master>.
WARNING:Xst:2677 - Node <gs1.gbe_imp/ip_imp/ip_identification_8> of sequential type is unconnected in block <master>.
WARNING:Xst:2677 - Node <gs1.gbe_imp/ip_imp/ip_identification_9> of sequential type is unconnected in block <master>.
WARNING:Xst:2677 - Node <gs1.gbe_imp/ip_imp/ip_identification_15> of sequential type is unconnected in block <master>.
WARNING:Xst:2677 - Node <gs1.gbe_imp/ip_imp/ip_fragment_0> of sequential type is unconnected in block <master>.
WARNING:Xst:2677 - Node <gs1.gbe_imp/ip_imp/ip_fragment_1> of sequential type is unconnected in block <master>.
WARNING:Xst:2677 - Node <gs1.gbe_imp/ip_imp/ip_version_0> of sequential type is unconnected in block <master>.
WARNING:Xst:2677 - Node <gs1.gbe_imp/ip_imp/ip_version_1> of sequential type is unconnected in block <master>.
WARNING:Xst:2677 - Node <gs1.gbe_imp/ip_imp/ip_version_2> of sequential type is unconnected in block <master>.
WARNING:Xst:2677 - Node <gs1.gbe_imp/ip_imp/ip_version_3> of sequential type is unconnected in block <master>.
WARNING:Xst:2677 - Node <gs1.gbe_imp/ip_imp/ip_fragment_2> of sequential type is unconnected in block <master>.
WARNING:Xst:2677 - Node <gs1.gbe_imp/ip_imp/data_cksum_valid> of sequential type is unconnected in block <master>.
WARNING:Xst:2677 - Node <gs1.gbe_imp/ip_imp/ip_fragment_3> of sequential type is unconnected in block <master>.
WARNING:Xst:2677 - Node <gs1.gbe_imp/ip_imp/ip_fragment_4> of sequential type is unconnected in block <master>.
WARNING:Xst:2677 - Node <gs1.gbe_imp/ip_imp/ip_fragment_5> of sequential type is unconnected in block <master>.
WARNING:Xst:2677 - Node <gs1.gbe_imp/ip_imp/ip_fragment_6> of sequential type is unconnected in block <master>.
WARNING:Xst:2677 - Node <gs1.gbe_imp/ip_imp/ip_fragment_7> of sequential type is unconnected in block <master>.
WARNING:Xst:2677 - Node <gs1.gbe_imp/ip_imp/ip_fragment_8> of sequential type is unconnected in block <master>.
WARNING:Xst:2677 - Node <gs1.gbe_imp/ip_imp/ip_fragment_9> of sequential type is unconnected in block <master>.
WARNING:Xst:2677 - Node <gs1.gbe_imp/ip_imp/ip_fragment_10> of sequential type is unconnected in block <master>.
WARNING:Xst:2677 - Node <gs1.gbe_imp/ip_imp/ip_fragment_11> of sequential type is unconnected in block <master>.
WARNING:Xst:2677 - Node <gs1.gbe_imp/ip_imp/ip_fragment_12> of sequential type is unconnected in block <master>.
WARNING:Xst:2677 - Node <gs1.gbe_imp/ip_imp/ip_flags_0> of sequential type is unconnected in block <master>.
WARNING:Xst:2677 - Node <gs1.gbe_imp/ip_imp/ip_flags_1> of sequential type is unconnected in block <master>.
WARNING:Xst:2677 - Node <gs1.gbe_imp/ip_imp/ip_flags_2> of sequential type is unconnected in block <master>.
WARNING:Xst:2677 - Node <gs1.gbe_imp/ip_imp/ip_ttl_0> of sequential type is unconnected in block <master>.
WARNING:Xst:2677 - Node <gs1.gbe_imp/ip_imp/ip_ttl_1> of sequential type is unconnected in block <master>.
WARNING:Xst:2677 - Node <gs1.gbe_imp/ip_imp/ip_ttl_2> of sequential type is unconnected in block <master>.
WARNING:Xst:2677 - Node <gs1.gbe_imp/ip_imp/ip_ttl_3> of sequential type is unconnected in block <master>.
WARNING:Xst:2677 - Node <gs1.gbe_imp/ip_imp/ip_ttl_4> of sequential type is unconnected in block <master>.
WARNING:Xst:2677 - Node <gs1.gbe_imp/ip_imp/ip_ttl_5> of sequential type is unconnected in block <master>.
WARNING:Xst:2677 - Node <gs1.gbe_imp/ip_imp/ip_ttl_6> of sequential type is unconnected in block <master>.
WARNING:Xst:2677 - Node <gs1.gbe_imp/ip_imp/ip_ttl_7> of sequential type is unconnected in block <master>.
WARNING:Xst:2677 - Node <gs1.gbe_imp/ethernet_imp/dst_hwaddr_47> of sequential type is unconnected in block <master>.
WARNING:Xst:2677 - Node <gs1.gbe_imp/ethernet_imp/dst_hwaddr_0> of sequential type is unconnected in block <master>.
WARNING:Xst:2677 - Node <gs1.gbe_imp/ethernet_imp/dst_hwaddr_1> of sequential type is unconnected in block <master>.
WARNING:Xst:2677 - Node <gs1.gbe_imp/ethernet_imp/dst_hwaddr_2> of sequential type is unconnected in block <master>.
WARNING:Xst:2677 - Node <gs1.gbe_imp/ethernet_imp/ether_type_8> of sequential type is unconnected in block <master>.
WARNING:Xst:2677 - Node <gs1.gbe_imp/ethernet_imp/dst_hwaddr_3> of sequential type is unconnected in block <master>.
WARNING:Xst:2677 - Node <gs1.gbe_imp/ethernet_imp/dst_hwaddr_4> of sequential type is unconnected in block <master>.
WARNING:Xst:2677 - Node <gs1.gbe_imp/ethernet_imp/ether_type_9> of sequential type is unconnected in block <master>.
WARNING:Xst:2677 - Node <gs1.gbe_imp/ethernet_imp/dst_hwaddr_5> of sequential type is unconnected in block <master>.
WARNING:Xst:2677 - Node <gs1.gbe_imp/ethernet_imp/dst_hwaddr_6> of sequential type is unconnected in block <master>.
WARNING:Xst:2677 - Node <gs1.gbe_imp/ethernet_imp/dst_hwaddr_7> of sequential type is unconnected in block <master>.
WARNING:Xst:2677 - Node <gs1.gbe_imp/ethernet_imp/dst_hwaddr_8> of sequential type is unconnected in block <master>.
WARNING:Xst:2677 - Node <gs1.gbe_imp/ethernet_imp/dst_hwaddr_9> of sequential type is unconnected in block <master>.
WARNING:Xst:2677 - Node <gs1.gbe_imp/ethernet_imp/dst_hwaddr_10> of sequential type is unconnected in block <master>.
WARNING:Xst:2677 - Node <gs1.gbe_imp/ethernet_imp/receiving_payload> of sequential type is unconnected in block <master>.
WARNING:Xst:2677 - Node <gs1.gbe_imp/ethernet_imp/dst_hwaddr_11> of sequential type is unconnected in block <master>.
WARNING:Xst:2677 - Node <gs1.gbe_imp/ethernet_imp/dst_hwaddr_12> of sequential type is unconnected in block <master>.
WARNING:Xst:2677 - Node <gs1.gbe_imp/ethernet_imp/dst_hwaddr_13> of sequential type is unconnected in block <master>.
WARNING:Xst:2677 - Node <gs1.gbe_imp/ethernet_imp/dst_hwaddr_14> of sequential type is unconnected in block <master>.
WARNING:Xst:2677 - Node <gs1.gbe_imp/ethernet_imp/dst_hwaddr_15> of sequential type is unconnected in block <master>.
WARNING:Xst:2677 - Node <gs1.gbe_imp/ethernet_imp/dst_hwaddr_20> of sequential type is unconnected in block <master>.
WARNING:Xst:2677 - Node <gs1.gbe_imp/ethernet_imp/dst_hwaddr_21> of sequential type is unconnected in block <master>.
WARNING:Xst:2677 - Node <gs1.gbe_imp/ethernet_imp/dst_hwaddr_16> of sequential type is unconnected in block <master>.
WARNING:Xst:2677 - Node <gs1.gbe_imp/ethernet_imp/dst_hwaddr_22> of sequential type is unconnected in block <master>.
WARNING:Xst:2677 - Node <gs1.gbe_imp/ethernet_imp/dst_hwaddr_17> of sequential type is unconnected in block <master>.
WARNING:Xst:2677 - Node <gs1.gbe_imp/ethernet_imp/dst_hwaddr_23> of sequential type is unconnected in block <master>.
WARNING:Xst:2677 - Node <gs1.gbe_imp/ethernet_imp/dst_hwaddr_18> of sequential type is unconnected in block <master>.
WARNING:Xst:2677 - Node <gs1.gbe_imp/ethernet_imp/dst_hwaddr_24> of sequential type is unconnected in block <master>.
WARNING:Xst:2677 - Node <gs1.gbe_imp/ethernet_imp/dst_hwaddr_19> of sequential type is unconnected in block <master>.
WARNING:Xst:2677 - Node <gs1.gbe_imp/ethernet_imp/dst_hwaddr_25> of sequential type is unconnected in block <master>.
WARNING:Xst:2677 - Node <gs1.gbe_imp/ethernet_imp/dst_hwaddr_30> of sequential type is unconnected in block <master>.
WARNING:Xst:2677 - Node <gs1.gbe_imp/ethernet_imp/dst_hwaddr_31> of sequential type is unconnected in block <master>.
WARNING:Xst:2677 - Node <gs1.gbe_imp/ethernet_imp/dst_hwaddr_26> of sequential type is unconnected in block <master>.
WARNING:Xst:2677 - Node <gs1.gbe_imp/ethernet_imp/dst_hwaddr_32> of sequential type is unconnected in block <master>.
WARNING:Xst:2677 - Node <gs1.gbe_imp/ethernet_imp/dst_hwaddr_27> of sequential type is unconnected in block <master>.
WARNING:Xst:2677 - Node <gs1.gbe_imp/ethernet_imp/dst_hwaddr_33> of sequential type is unconnected in block <master>.
WARNING:Xst:2677 - Node <gs1.gbe_imp/ethernet_imp/dst_hwaddr_28> of sequential type is unconnected in block <master>.
WARNING:Xst:2677 - Node <gs1.gbe_imp/ethernet_imp/dst_hwaddr_34> of sequential type is unconnected in block <master>.
WARNING:Xst:2677 - Node <gs1.gbe_imp/ethernet_imp/dst_hwaddr_29> of sequential type is unconnected in block <master>.
WARNING:Xst:2677 - Node <gs1.gbe_imp/ethernet_imp/dst_hwaddr_40> of sequential type is unconnected in block <master>.
WARNING:Xst:2677 - Node <gs1.gbe_imp/ethernet_imp/dst_hwaddr_35> of sequential type is unconnected in block <master>.
WARNING:Xst:2677 - Node <gs1.gbe_imp/ethernet_imp/ether_type_10> of sequential type is unconnected in block <master>.
WARNING:Xst:2677 - Node <gs1.gbe_imp/ethernet_imp/dst_hwaddr_41> of sequential type is unconnected in block <master>.
WARNING:Xst:2677 - Node <gs1.gbe_imp/ethernet_imp/dst_hwaddr_36> of sequential type is unconnected in block <master>.
WARNING:Xst:2677 - Node <gs1.gbe_imp/ethernet_imp/ether_type_11> of sequential type is unconnected in block <master>.
WARNING:Xst:2677 - Node <gs1.gbe_imp/ethernet_imp/dst_hwaddr_42> of sequential type is unconnected in block <master>.
WARNING:Xst:2677 - Node <gs1.gbe_imp/ethernet_imp/dst_hwaddr_37> of sequential type is unconnected in block <master>.
WARNING:Xst:2677 - Node <gs1.gbe_imp/ethernet_imp/ether_type_12> of sequential type is unconnected in block <master>.
WARNING:Xst:2677 - Node <gs1.gbe_imp/ethernet_imp/dst_hwaddr_43> of sequential type is unconnected in block <master>.
WARNING:Xst:2677 - Node <gs1.gbe_imp/ethernet_imp/dst_hwaddr_38> of sequential type is unconnected in block <master>.
WARNING:Xst:2677 - Node <gs1.gbe_imp/ethernet_imp/ether_type_13> of sequential type is unconnected in block <master>.
WARNING:Xst:2677 - Node <gs1.gbe_imp/ethernet_imp/dst_hwaddr_44> of sequential type is unconnected in block <master>.
WARNING:Xst:2677 - Node <gs1.gbe_imp/ethernet_imp/dst_hwaddr_39> of sequential type is unconnected in block <master>.
WARNING:Xst:2677 - Node <gs1.gbe_imp/ethernet_imp/dst_hwaddr_45> of sequential type is unconnected in block <master>.
WARNING:Xst:2677 - Node <gs1.gbe_imp/ethernet_imp/ether_type_14> of sequential type is unconnected in block <master>.
WARNING:Xst:2677 - Node <gs1.gbe_imp/ethernet_imp/ether_type_15> of sequential type is unconnected in block <master>.
WARNING:Xst:2677 - Node <gs1.gbe_imp/ethernet_imp/dst_hwaddr_46> of sequential type is unconnected in block <master>.
WARNING:Xst:2677 - Node <gs1.gbe_imp/ethernet_imp/daddr_0> of sequential type is unconnected in block <master>.
WARNING:Xst:2677 - Node <gs1.gbe_imp/ethernet_imp/daddr_1> of sequential type is unconnected in block <master>.
WARNING:Xst:2677 - Node <gs1.gbe_imp/ethernet_imp/daddr_2> of sequential type is unconnected in block <master>.
WARNING:Xst:2677 - Node <gs1.gbe_imp/ethernet_imp/daddr_3> of sequential type is unconnected in block <master>.
WARNING:Xst:2677 - Node <gs1.gbe_imp/ethernet_imp/daddr_4> of sequential type is unconnected in block <master>.
WARNING:Xst:2677 - Node <gs1.gbe_imp/ethernet_imp/daddr_5> of sequential type is unconnected in block <master>.
WARNING:Xst:2677 - Node <gs1.gbe_imp/ethernet_imp/daddr_6> of sequential type is unconnected in block <master>.
WARNING:Xst:2677 - Node <gs1.gbe_imp/ethernet_imp/daddr_7> of sequential type is unconnected in block <master>.
WARNING:Xst:2677 - Node <gs1.gbe_imp/ethernet_imp/daddr_8> of sequential type is unconnected in block <master>.
WARNING:Xst:2677 - Node <gs1.gbe_imp/ethernet_imp/daddr_9> of sequential type is unconnected in block <master>.
WARNING:Xst:2677 - Node <gs1.gbe_imp/ethernet_imp/daddr_10> of sequential type is unconnected in block <master>.
WARNING:Xst:2677 - Node <gs1.gbe_imp/ethernet_imp/daddr_11> of sequential type is unconnected in block <master>.
WARNING:Xst:2677 - Node <gs1.gbe_imp/ethernet_imp/daddr_12> of sequential type is unconnected in block <master>.
WARNING:Xst:2677 - Node <gs1.gbe_imp/ethernet_imp/daddr_13> of sequential type is unconnected in block <master>.
WARNING:Xst:2677 - Node <gs1.gbe_imp/ethernet_imp/daddr_14> of sequential type is unconnected in block <master>.
WARNING:Xst:2677 - Node <gs1.gbe_imp/ethernet_imp/daddr_15> of sequential type is unconnected in block <master>.
WARNING:Xst:2677 - Node <gs1.gbe_imp/ethernet_imp/daddr_16> of sequential type is unconnected in block <master>.
WARNING:Xst:2677 - Node <gs1.gbe_imp/ethernet_imp/daddr_17> of sequential type is unconnected in block <master>.
WARNING:Xst:2677 - Node <gs1.gbe_imp/ethernet_imp/daddr_18> of sequential type is unconnected in block <master>.
WARNING:Xst:2677 - Node <gs1.gbe_imp/ethernet_imp/daddr_19> of sequential type is unconnected in block <master>.
WARNING:Xst:2677 - Node <gs1.gbe_imp/ethernet_imp/daddr_20> of sequential type is unconnected in block <master>.
WARNING:Xst:2677 - Node <gs1.gbe_imp/ethernet_imp/daddr_21> of sequential type is unconnected in block <master>.
WARNING:Xst:2677 - Node <gs1.gbe_imp/ethernet_imp/daddr_22> of sequential type is unconnected in block <master>.
WARNING:Xst:2677 - Node <gs1.gbe_imp/ethernet_imp/daddr_23> of sequential type is unconnected in block <master>.
WARNING:Xst:2677 - Node <gs1.gbe_imp/ethernet_imp/daddr_24> of sequential type is unconnected in block <master>.
WARNING:Xst:2677 - Node <gs1.gbe_imp/ethernet_imp/daddr_25> of sequential type is unconnected in block <master>.
WARNING:Xst:2677 - Node <gs1.gbe_imp/ethernet_imp/daddr_26> of sequential type is unconnected in block <master>.
WARNING:Xst:2677 - Node <gs1.gbe_imp/ethernet_imp/daddr_27> of sequential type is unconnected in block <master>.
WARNING:Xst:2677 - Node <gs1.gbe_imp/ethernet_imp/daddr_28> of sequential type is unconnected in block <master>.
WARNING:Xst:2677 - Node <gs1.gbe_imp/ethernet_imp/daddr_29> of sequential type is unconnected in block <master>.
WARNING:Xst:2677 - Node <gs1.gbe_imp/ethernet_imp/daddr_30> of sequential type is unconnected in block <master>.
WARNING:Xst:2677 - Node <gs1.gbe_imp/ethernet_imp/daddr_31> of sequential type is unconnected in block <master>.
WARNING:Xst:2677 - Node <gs1.gbe_imp/ethernet_imp/daddr_32> of sequential type is unconnected in block <master>.
WARNING:Xst:2677 - Node <gs1.gbe_imp/ethernet_imp/daddr_33> of sequential type is unconnected in block <master>.
WARNING:Xst:2677 - Node <gs1.gbe_imp/ethernet_imp/daddr_34> of sequential type is unconnected in block <master>.
WARNING:Xst:2677 - Node <gs1.gbe_imp/ethernet_imp/daddr_35> of sequential type is unconnected in block <master>.
WARNING:Xst:2677 - Node <gs1.gbe_imp/ethernet_imp/daddr_36> of sequential type is unconnected in block <master>.
WARNING:Xst:2677 - Node <gs1.gbe_imp/ethernet_imp/daddr_37> of sequential type is unconnected in block <master>.
WARNING:Xst:2677 - Node <gs1.gbe_imp/ethernet_imp/daddr_38> of sequential type is unconnected in block <master>.
WARNING:Xst:2677 - Node <gs1.gbe_imp/ethernet_imp/daddr_39> of sequential type is unconnected in block <master>.
WARNING:Xst:2677 - Node <gs1.gbe_imp/ethernet_imp/daddr_40> of sequential type is unconnected in block <master>.
WARNING:Xst:2677 - Node <gs1.gbe_imp/ethernet_imp/daddr_41> of sequential type is unconnected in block <master>.
WARNING:Xst:2677 - Node <gs1.gbe_imp/ethernet_imp/daddr_42> of sequential type is unconnected in block <master>.
WARNING:Xst:2677 - Node <gs1.gbe_imp/ethernet_imp/daddr_43> of sequential type is unconnected in block <master>.
WARNING:Xst:2677 - Node <gs1.gbe_imp/ethernet_imp/daddr_44> of sequential type is unconnected in block <master>.
WARNING:Xst:2677 - Node <gs1.gbe_imp/ethernet_imp/daddr_45> of sequential type is unconnected in block <master>.
WARNING:Xst:2677 - Node <gs1.gbe_imp/ethernet_imp/daddr_46> of sequential type is unconnected in block <master>.
WARNING:Xst:2677 - Node <gs1.gbe_imp/ethernet_imp/daddr_47> of sequential type is unconnected in block <master>.
WARNING:Xst:2677 - Node <gs1.gbe_imp/ethernet_imp/frame_type_0> of sequential type is unconnected in block <master>.
WARNING:Xst:2677 - Node <gs1.gbe_imp/ethernet_imp/frame_type_1> of sequential type is unconnected in block <master>.
WARNING:Xst:2677 - Node <gs1.gbe_imp/ethernet_imp/frame_type_2> of sequential type is unconnected in block <master>.
WARNING:Xst:2677 - Node <gs1.gbe_imp/ethernet_imp/frame_type_3> of sequential type is unconnected in block <master>.
WARNING:Xst:2677 - Node <gs1.gbe_imp/ethernet_imp/frame_type_4> of sequential type is unconnected in block <master>.
WARNING:Xst:2677 - Node <gs1.gbe_imp/ethernet_imp/frame_type_5> of sequential type is unconnected in block <master>.
WARNING:Xst:2677 - Node <gs1.gbe_imp/ethernet_imp/frame_type_6> of sequential type is unconnected in block <master>.
WARNING:Xst:2677 - Node <gs1.gbe_imp/ethernet_imp/frame_type_7> of sequential type is unconnected in block <master>.
WARNING:Xst:2677 - Node <gs1.gbe_imp/ethernet_imp/frame_type_8> of sequential type is unconnected in block <master>.
WARNING:Xst:2677 - Node <gs1.gbe_imp/ethernet_imp/frame_type_9> of sequential type is unconnected in block <master>.
WARNING:Xst:2677 - Node <gs1.gbe_imp/ethernet_imp/frame_type_10> of sequential type is unconnected in block <master>.
WARNING:Xst:2677 - Node <gs1.gbe_imp/ethernet_imp/frame_type_11> of sequential type is unconnected in block <master>.
WARNING:Xst:2677 - Node <gs1.gbe_imp/ethernet_imp/frame_type_12> of sequential type is unconnected in block <master>.
WARNING:Xst:2677 - Node <gs1.gbe_imp/ethernet_imp/frame_type_13> of sequential type is unconnected in block <master>.
WARNING:Xst:2677 - Node <gs1.gbe_imp/ethernet_imp/frame_type_14> of sequential type is unconnected in block <master>.
WARNING:Xst:2677 - Node <gs1.gbe_imp/ethernet_imp/frame_type_15> of sequential type is unconnected in block <master>.
WARNING:Xst:2677 - Node <gs1.gbe_imp/streampkt_imp/arp_strobe> of sequential type is unconnected in block <master>.
WARNING:Xst:2677 - Node <gs1.gbe_imp/streampkt_imp/ipbuf_read_enable> of sequential type is unconnected in block <master>.
WARNING:Xst:2677 - Node <gs1.gbe_imp/streampkt_imp/arp_request> of sequential type is unconnected in block <master>.
WARNING:Xst:2677 - Node <gs1.gbe_imp/streampkt_imp/ready> of sequential type is unconnected in block <master>.
WARNING:Xst:2677 - Node <gs1.gbe_imp/ipheader_imp/checksum_0> of sequential type is unconnected in block <master>.
WARNING:Xst:2677 - Node <gs1.gbe_imp/ipheader_imp/checksum_1> of sequential type is unconnected in block <master>.
WARNING:Xst:2677 - Node <gs1.gbe_imp/ipheader_imp/checksum_2> of sequential type is unconnected in block <master>.
WARNING:Xst:2677 - Node <gs1.gbe_imp/ipheader_imp/checksum_3> of sequential type is unconnected in block <master>.
WARNING:Xst:2677 - Node <gs1.gbe_imp/ipheader_imp/checksum_4> of sequential type is unconnected in block <master>.
WARNING:Xst:2677 - Node <gs1.gbe_imp/ipheader_imp/checksum_5> of sequential type is unconnected in block <master>.
WARNING:Xst:2677 - Node <gs1.gbe_imp/ipheader_imp/checksum_6> of sequential type is unconnected in block <master>.
WARNING:Xst:2677 - Node <gs1.gbe_imp/ipheader_imp/checksum_7> of sequential type is unconnected in block <master>.
WARNING:Xst:2677 - Node <gs1.gbe_imp/ipheader_imp/checksum_8> of sequential type is unconnected in block <master>.
WARNING:Xst:2677 - Node <gs1.gbe_imp/ipheader_imp/checksum_9> of sequential type is unconnected in block <master>.
WARNING:Xst:2677 - Node <gs1.gbe_imp/ipheader_imp/checksum_10> of sequential type is unconnected in block <master>.
WARNING:Xst:2677 - Node <gs1.gbe_imp/ipheader_imp/checksum_11> of sequential type is unconnected in block <master>.
WARNING:Xst:2677 - Node <gs1.gbe_imp/ipheader_imp/checksum_12> of sequential type is unconnected in block <master>.
WARNING:Xst:2677 - Node <gs1.gbe_imp/ipheader_imp/checksum_13> of sequential type is unconnected in block <master>.
WARNING:Xst:2677 - Node <gs1.gbe_imp/ipheader_imp/checksum_14> of sequential type is unconnected in block <master>.
WARNING:Xst:2677 - Node <gs1.gbe_imp/ipheader_imp/checksum_15> of sequential type is unconnected in block <master>.
WARNING:Xst:2677 - Node <gs1.gbe_imp/icmp_imp/echo_ident_0> of sequential type is unconnected in block <master>.
WARNING:Xst:2677 - Node <gs1.gbe_imp/icmp_imp/echo_ident_1> of sequential type is unconnected in block <master>.
WARNING:Xst:2677 - Node <gs1.gbe_imp/icmp_imp/echo_ident_4> of sequential type is unconnected in block <master>.
WARNING:Xst:2677 - Node <gs1.gbe_imp/icmp_imp/echo_ident_2> of sequential type is unconnected in block <master>.
WARNING:Xst:2677 - Node <gs1.gbe_imp/icmp_imp/echo_ident_3> of sequential type is unconnected in block <master>.
WARNING:Xst:2677 - Node <gs1.gbe_imp/icmp_imp/echo_ident_11> of sequential type is unconnected in block <master>.
WARNING:Xst:2677 - Node <gs1.gbe_imp/icmp_imp/echo_ident_10> of sequential type is unconnected in block <master>.
WARNING:Xst:2677 - Node <gs1.gbe_imp/icmp_imp/echo_ident_5> of sequential type is unconnected in block <master>.
WARNING:Xst:2677 - Node <gs1.gbe_imp/icmp_imp/echo_ident_7> of sequential type is unconnected in block <master>.
WARNING:Xst:2677 - Node <gs1.gbe_imp/icmp_imp/echo_ident_6> of sequential type is unconnected in block <master>.
WARNING:Xst:2677 - Node <gs1.gbe_imp/icmp_imp/echo_ident_12> of sequential type is unconnected in block <master>.
WARNING:Xst:2677 - Node <gs1.gbe_imp/icmp_imp/echo_ident_13> of sequential type is unconnected in block <master>.
WARNING:Xst:2677 - Node <gs1.gbe_imp/icmp_imp/echo_ident_8> of sequential type is unconnected in block <master>.
WARNING:Xst:2677 - Node <gs1.gbe_imp/icmp_imp/echo_ident_14> of sequential type is unconnected in block <master>.
WARNING:Xst:2677 - Node <gs1.gbe_imp/icmp_imp/echo_ident_9> of sequential type is unconnected in block <master>.
WARNING:Xst:2677 - Node <gs1.gbe_imp/icmp_imp/echo_timestamp_11> of sequential type is unconnected in block <master>.
WARNING:Xst:2677 - Node <gs1.gbe_imp/icmp_imp/echo_timestamp_10> of sequential type is unconnected in block <master>.
WARNING:Xst:2677 - Node <gs1.gbe_imp/icmp_imp/echo_ident_15> of sequential type is unconnected in block <master>.
WARNING:Xst:2677 - Node <gs1.gbe_imp/icmp_imp/echo_timestamp_14> of sequential type is unconnected in block <master>.
WARNING:Xst:2677 - Node <gs1.gbe_imp/icmp_imp/echo_timestamp_12> of sequential type is unconnected in block <master>.
WARNING:Xst:2677 - Node <gs1.gbe_imp/icmp_imp/echo_timestamp_13> of sequential type is unconnected in block <master>.
WARNING:Xst:2677 - Node <gs1.gbe_imp/icmp_imp/echo_seq_1> of sequential type is unconnected in block <master>.
WARNING:Xst:2677 - Node <gs1.gbe_imp/icmp_imp/echo_timestamp_15> of sequential type is unconnected in block <master>.
WARNING:Xst:2677 - Node <gs1.gbe_imp/icmp_imp/echo_seq_0> of sequential type is unconnected in block <master>.
WARNING:Xst:2677 - Node <gs1.gbe_imp/icmp_imp/echo_timestamp_0> of sequential type is unconnected in block <master>.
WARNING:Xst:2677 - Node <gs1.gbe_imp/icmp_imp/echo_seq_2> of sequential type is unconnected in block <master>.
WARNING:Xst:2677 - Node <gs1.gbe_imp/icmp_imp/echo_timestamp_1> of sequential type is unconnected in block <master>.
WARNING:Xst:2677 - Node <gs1.gbe_imp/icmp_imp/echo_seq_3> of sequential type is unconnected in block <master>.
WARNING:Xst:2677 - Node <gs1.gbe_imp/icmp_imp/echo_seq_4> of sequential type is unconnected in block <master>.
WARNING:Xst:2677 - Node <gs1.gbe_imp/icmp_imp/echo_timestamp_2> of sequential type is unconnected in block <master>.
WARNING:Xst:2677 - Node <gs1.gbe_imp/icmp_imp/echo_seq_11> of sequential type is unconnected in block <master>.
WARNING:Xst:2677 - Node <gs1.gbe_imp/icmp_imp/echo_seq_10> of sequential type is unconnected in block <master>.
WARNING:Xst:2677 - Node <gs1.gbe_imp/icmp_imp/echo_timestamp_3> of sequential type is unconnected in block <master>.
WARNING:Xst:2677 - Node <gs1.gbe_imp/icmp_imp/echo_seq_12> of sequential type is unconnected in block <master>.
WARNING:Xst:2677 - Node <gs1.gbe_imp/icmp_imp/echo_seq_5> of sequential type is unconnected in block <master>.
WARNING:Xst:2677 - Node <gs1.gbe_imp/icmp_imp/echo_timestamp_4> of sequential type is unconnected in block <master>.
WARNING:Xst:2677 - Node <gs1.gbe_imp/icmp_imp/echo_seq_6> of sequential type is unconnected in block <master>.
WARNING:Xst:2677 - Node <gs1.gbe_imp/icmp_imp/echo_timestamp_5> of sequential type is unconnected in block <master>.
WARNING:Xst:2677 - Node <gs1.gbe_imp/icmp_imp/echo_seq_13> of sequential type is unconnected in block <master>.
WARNING:Xst:2677 - Node <gs1.gbe_imp/icmp_imp/echo_seq_7> of sequential type is unconnected in block <master>.
WARNING:Xst:2677 - Node <gs1.gbe_imp/icmp_imp/echo_seq_8> of sequential type is unconnected in block <master>.
WARNING:Xst:2677 - Node <gs1.gbe_imp/icmp_imp/echo_timestamp_6> of sequential type is unconnected in block <master>.
WARNING:Xst:2677 - Node <gs1.gbe_imp/icmp_imp/echo_seq_14> of sequential type is unconnected in block <master>.
WARNING:Xst:2677 - Node <gs1.gbe_imp/icmp_imp/echo_seq_9> of sequential type is unconnected in block <master>.
WARNING:Xst:2677 - Node <gs1.gbe_imp/icmp_imp/echo_timestamp_7> of sequential type is unconnected in block <master>.
WARNING:Xst:2677 - Node <gs1.gbe_imp/icmp_imp/echo_seq_15> of sequential type is unconnected in block <master>.
WARNING:Xst:2677 - Node <gs1.gbe_imp/icmp_imp/icmp_code_0> of sequential type is unconnected in block <master>.
WARNING:Xst:2677 - Node <gs1.gbe_imp/icmp_imp/icmp_code_1> of sequential type is unconnected in block <master>.
WARNING:Xst:2677 - Node <gs1.gbe_imp/icmp_imp/icmp_code_2> of sequential type is unconnected in block <master>.
WARNING:Xst:2677 - Node <gs1.gbe_imp/icmp_imp/icmp_code_3> of sequential type is unconnected in block <master>.
WARNING:Xst:2677 - Node <gs1.gbe_imp/icmp_imp/icmp_code_4> of sequential type is unconnected in block <master>.
WARNING:Xst:2677 - Node <gs1.gbe_imp/icmp_imp/icmp_code_5> of sequential type is unconnected in block <master>.
WARNING:Xst:2677 - Node <gs1.gbe_imp/icmp_imp/icmp_code_6> of sequential type is unconnected in block <master>.
WARNING:Xst:2677 - Node <gs1.gbe_imp/icmp_imp/icmp_code_7> of sequential type is unconnected in block <master>.
WARNING:Xst:2677 - Node <gs1.gbe_imp/icmp_imp/echo_timestamp_8> of sequential type is unconnected in block <master>.
WARNING:Xst:2677 - Node <gs1.gbe_imp/icmp_imp/echo_timestamp_9> of sequential type is unconnected in block <master>.
WARNING:Xst:2677 - Node <gs1.gbe_imp/arp_imp/protocol_type_0> of sequential type is unconnected in block <master>.
WARNING:Xst:2677 - Node <gs1.gbe_imp/arp_imp/hardware_type_11> of sequential type is unconnected in block <master>.
WARNING:Xst:2677 - Node <gs1.gbe_imp/arp_imp/hardware_type_10> of sequential type is unconnected in block <master>.
WARNING:Xst:2677 - Node <gs1.gbe_imp/arp_imp/protocol_type_1> of sequential type is unconnected in block <master>.
WARNING:Xst:2677 - Node <gs1.gbe_imp/arp_imp/protocol_type_2> of sequential type is unconnected in block <master>.
WARNING:Xst:2677 - Node <gs1.gbe_imp/arp_imp/hardware_type_12> of sequential type is unconnected in block <master>.
WARNING:Xst:2677 - Node <gs1.gbe_imp/arp_imp/protocol_type_3> of sequential type is unconnected in block <master>.
WARNING:Xst:2677 - Node <gs1.gbe_imp/arp_imp/hardware_type_13> of sequential type is unconnected in block <master>.
WARNING:Xst:2677 - Node <gs1.gbe_imp/arp_imp/protocol_type_5> of sequential type is unconnected in block <master>.
WARNING:Xst:2677 - Node <gs1.gbe_imp/arp_imp/protocol_type_4> of sequential type is unconnected in block <master>.
WARNING:Xst:2677 - Node <gs1.gbe_imp/arp_imp/hardware_type_14> of sequential type is unconnected in block <master>.
WARNING:Xst:2677 - Node <gs1.gbe_imp/arp_imp/protocol_type_10> of sequential type is unconnected in block <master>.
WARNING:Xst:2677 - Node <gs1.gbe_imp/arp_imp/hardware_type_15> of sequential type is unconnected in block <master>.
WARNING:Xst:2677 - Node <gs1.gbe_imp/arp_imp/protocol_type_6> of sequential type is unconnected in block <master>.
WARNING:Xst:2677 - Node <gs1.gbe_imp/arp_imp/protocol_type_11> of sequential type is unconnected in block <master>.
WARNING:Xst:2677 - Node <gs1.gbe_imp/arp_imp/protocol_type_8> of sequential type is unconnected in block <master>.
WARNING:Xst:2677 - Node <gs1.gbe_imp/arp_imp/protocol_type_7> of sequential type is unconnected in block <master>.
WARNING:Xst:2677 - Node <gs1.gbe_imp/arp_imp/protocol_type_12> of sequential type is unconnected in block <master>.
WARNING:Xst:2677 - Node <gs1.gbe_imp/arp_imp/protocol_type_13> of sequential type is unconnected in block <master>.
WARNING:Xst:2677 - Node <gs1.gbe_imp/arp_imp/protocol_type_9> of sequential type is unconnected in block <master>.
WARNING:Xst:2677 - Node <gs1.gbe_imp/arp_imp/protocol_type_14> of sequential type is unconnected in block <master>.
WARNING:Xst:2677 - Node <gs1.gbe_imp/arp_imp/protocol_type_15> of sequential type is unconnected in block <master>.
WARNING:Xst:2677 - Node <gs1.gbe_imp/arp_imp/target_ha_0> of sequential type is unconnected in block <master>.
WARNING:Xst:2677 - Node <gs1.gbe_imp/arp_imp/target_ha_1> of sequential type is unconnected in block <master>.
WARNING:Xst:2677 - Node <gs1.gbe_imp/arp_imp/target_ha_2> of sequential type is unconnected in block <master>.
WARNING:Xst:2677 - Node <gs1.gbe_imp/arp_imp/target_ha_3> of sequential type is unconnected in block <master>.
WARNING:Xst:2677 - Node <gs1.gbe_imp/arp_imp/target_ha_4> of sequential type is unconnected in block <master>.
WARNING:Xst:2677 - Node <gs1.gbe_imp/arp_imp/target_ha_5> of sequential type is unconnected in block <master>.
WARNING:Xst:2677 - Node <gs1.gbe_imp/arp_imp/target_ha_6> of sequential type is unconnected in block <master>.
WARNING:Xst:2677 - Node <gs1.gbe_imp/arp_imp/target_ha_7> of sequential type is unconnected in block <master>.
WARNING:Xst:2677 - Node <gs1.gbe_imp/arp_imp/target_ha_8> of sequential type is unconnected in block <master>.
WARNING:Xst:2677 - Node <gs1.gbe_imp/arp_imp/target_ha_9> of sequential type is unconnected in block <master>.
WARNING:Xst:2677 - Node <gs1.gbe_imp/arp_imp/target_ha_10> of sequential type is unconnected in block <master>.
WARNING:Xst:2677 - Node <gs1.gbe_imp/arp_imp/target_ha_11> of sequential type is unconnected in block <master>.
WARNING:Xst:2677 - Node <gs1.gbe_imp/arp_imp/target_ha_12> of sequential type is unconnected in block <master>.
WARNING:Xst:2677 - Node <gs1.gbe_imp/arp_imp/target_ha_13> of sequential type is unconnected in block <master>.
WARNING:Xst:2677 - Node <gs1.gbe_imp/arp_imp/target_ha_14> of sequential type is unconnected in block <master>.
WARNING:Xst:2677 - Node <gs1.gbe_imp/arp_imp/plen_0> of sequential type is unconnected in block <master>.
WARNING:Xst:2677 - Node <gs1.gbe_imp/arp_imp/plen_1> of sequential type is unconnected in block <master>.
WARNING:Xst:2677 - Node <gs1.gbe_imp/arp_imp/plen_2> of sequential type is unconnected in block <master>.
WARNING:Xst:2677 - Node <gs1.gbe_imp/arp_imp/plen_3> of sequential type is unconnected in block <master>.
WARNING:Xst:2677 - Node <gs1.gbe_imp/arp_imp/plen_4> of sequential type is unconnected in block <master>.
WARNING:Xst:2677 - Node <gs1.gbe_imp/arp_imp/plen_5> of sequential type is unconnected in block <master>.
WARNING:Xst:2677 - Node <gs1.gbe_imp/arp_imp/plen_6> of sequential type is unconnected in block <master>.
WARNING:Xst:2677 - Node <gs1.gbe_imp/arp_imp/plen_7> of sequential type is unconnected in block <master>.
WARNING:Xst:2677 - Node <gs1.gbe_imp/arp_imp/target_ha_20> of sequential type is unconnected in block <master>.
WARNING:Xst:2677 - Node <gs1.gbe_imp/arp_imp/target_ha_15> of sequential type is unconnected in block <master>.
WARNING:Xst:2677 - Node <gs1.gbe_imp/arp_imp/target_ha_21> of sequential type is unconnected in block <master>.
WARNING:Xst:2677 - Node <gs1.gbe_imp/arp_imp/target_ha_16> of sequential type is unconnected in block <master>.
WARNING:Xst:2677 - Node <gs1.gbe_imp/arp_imp/target_ha_22> of sequential type is unconnected in block <master>.
WARNING:Xst:2677 - Node <gs1.gbe_imp/arp_imp/target_ha_17> of sequential type is unconnected in block <master>.
WARNING:Xst:2677 - Node <gs1.gbe_imp/arp_imp/target_ha_18> of sequential type is unconnected in block <master>.
WARNING:Xst:2677 - Node <gs1.gbe_imp/arp_imp/target_ha_23> of sequential type is unconnected in block <master>.
WARNING:Xst:2677 - Node <gs1.gbe_imp/arp_imp/target_ha_24> of sequential type is unconnected in block <master>.
WARNING:Xst:2677 - Node <gs1.gbe_imp/arp_imp/target_ha_19> of sequential type is unconnected in block <master>.
WARNING:Xst:2677 - Node <gs1.gbe_imp/arp_imp/target_ha_25> of sequential type is unconnected in block <master>.
WARNING:Xst:2677 - Node <gs1.gbe_imp/arp_imp/target_ha_30> of sequential type is unconnected in block <master>.
WARNING:Xst:2677 - Node <gs1.gbe_imp/arp_imp/target_ip_10> of sequential type is unconnected in block <master>.
WARNING:Xst:2677 - Node <gs1.gbe_imp/arp_imp/target_ha_31> of sequential type is unconnected in block <master>.
WARNING:Xst:2677 - Node <gs1.gbe_imp/arp_imp/target_ha_26> of sequential type is unconnected in block <master>.
WARNING:Xst:2677 - Node <gs1.gbe_imp/arp_imp/target_ip_11> of sequential type is unconnected in block <master>.
WARNING:Xst:2677 - Node <gs1.gbe_imp/arp_imp/target_ip_12> of sequential type is unconnected in block <master>.
WARNING:Xst:2677 - Node <gs1.gbe_imp/arp_imp/target_ha_27> of sequential type is unconnected in block <master>.
WARNING:Xst:2677 - Node <gs1.gbe_imp/arp_imp/target_ha_32> of sequential type is unconnected in block <master>.
WARNING:Xst:2677 - Node <gs1.gbe_imp/arp_imp/target_ha_33> of sequential type is unconnected in block <master>.
WARNING:Xst:2677 - Node <gs1.gbe_imp/arp_imp/hardware_type_0> of sequential type is unconnected in block <master>.
WARNING:Xst:2677 - Node <gs1.gbe_imp/arp_imp/target_ha_28> of sequential type is unconnected in block <master>.
WARNING:Xst:2677 - Node <gs1.gbe_imp/arp_imp/target_ha_29> of sequential type is unconnected in block <master>.
WARNING:Xst:2677 - Node <gs1.gbe_imp/arp_imp/target_ip_13> of sequential type is unconnected in block <master>.
WARNING:Xst:2677 - Node <gs1.gbe_imp/arp_imp/hardware_type_1> of sequential type is unconnected in block <master>.
WARNING:Xst:2677 - Node <gs1.gbe_imp/arp_imp/target_ha_34> of sequential type is unconnected in block <master>.
WARNING:Xst:2677 - Node <gs1.gbe_imp/arp_imp/target_ip_14> of sequential type is unconnected in block <master>.
WARNING:Xst:2677 - Node <gs1.gbe_imp/arp_imp/hardware_type_2> of sequential type is unconnected in block <master>.
WARNING:Xst:2677 - Node <gs1.gbe_imp/arp_imp/target_ha_35> of sequential type is unconnected in block <master>.
WARNING:Xst:2677 - Node <gs1.gbe_imp/arp_imp/target_ip_15> of sequential type is unconnected in block <master>.
WARNING:Xst:2677 - Node <gs1.gbe_imp/arp_imp/target_ha_40> of sequential type is unconnected in block <master>.
WARNING:Xst:2677 - Node <gs1.gbe_imp/arp_imp/target_ip_20> of sequential type is unconnected in block <master>.
WARNING:Xst:2677 - Node <gs1.gbe_imp/arp_imp/hardware_type_3> of sequential type is unconnected in block <master>.
WARNING:Xst:2677 - Node <gs1.gbe_imp/arp_imp/target_ha_36> of sequential type is unconnected in block <master>.
WARNING:Xst:2677 - Node <gs1.gbe_imp/arp_imp/target_ha_41> of sequential type is unconnected in block <master>.
WARNING:Xst:2677 - Node <gs1.gbe_imp/arp_imp/target_ip_21> of sequential type is unconnected in block <master>.
WARNING:Xst:2677 - Node <gs1.gbe_imp/arp_imp/target_ha_37> of sequential type is unconnected in block <master>.
WARNING:Xst:2677 - Node <gs1.gbe_imp/arp_imp/target_ip_16> of sequential type is unconnected in block <master>.
WARNING:Xst:2677 - Node <gs1.gbe_imp/arp_imp/hardware_type_4> of sequential type is unconnected in block <master>.
WARNING:Xst:2677 - Node <gs1.gbe_imp/arp_imp/target_ha_42> of sequential type is unconnected in block <master>.
WARNING:Xst:2677 - Node <gs1.gbe_imp/arp_imp/target_ip_22> of sequential type is unconnected in block <master>.
WARNING:Xst:2677 - Node <gs1.gbe_imp/arp_imp/target_ip_17> of sequential type is unconnected in block <master>.
WARNING:Xst:2677 - Node <gs1.gbe_imp/arp_imp/hardware_type_5> of sequential type is unconnected in block <master>.
WARNING:Xst:2677 - Node <gs1.gbe_imp/arp_imp/target_ip_23> of sequential type is unconnected in block <master>.
WARNING:Xst:2677 - Node <gs1.gbe_imp/arp_imp/target_ha_38> of sequential type is unconnected in block <master>.
WARNING:Xst:2677 - Node <gs1.gbe_imp/arp_imp/target_ha_43> of sequential type is unconnected in block <master>.
WARNING:Xst:2677 - Node <gs1.gbe_imp/arp_imp/target_ha_39> of sequential type is unconnected in block <master>.
WARNING:Xst:2677 - Node <gs1.gbe_imp/arp_imp/target_ip_18> of sequential type is unconnected in block <master>.
WARNING:Xst:2677 - Node <gs1.gbe_imp/arp_imp/hardware_type_6> of sequential type is unconnected in block <master>.
WARNING:Xst:2677 - Node <gs1.gbe_imp/arp_imp/target_ip_19> of sequential type is unconnected in block <master>.
WARNING:Xst:2677 - Node <gs1.gbe_imp/arp_imp/target_ha_44> of sequential type is unconnected in block <master>.
WARNING:Xst:2677 - Node <gs1.gbe_imp/arp_imp/target_ip_24> of sequential type is unconnected in block <master>.
WARNING:Xst:2677 - Node <gs1.gbe_imp/arp_imp/hardware_type_7> of sequential type is unconnected in block <master>.
WARNING:Xst:2677 - Node <gs1.gbe_imp/arp_imp/target_ha_45> of sequential type is unconnected in block <master>.
WARNING:Xst:2677 - Node <gs1.gbe_imp/arp_imp/target_ip_30> of sequential type is unconnected in block <master>.
WARNING:Xst:2677 - Node <gs1.gbe_imp/arp_imp/target_ip_25> of sequential type is unconnected in block <master>.
WARNING:Xst:2677 - Node <gs1.gbe_imp/arp_imp/target_ip_31> of sequential type is unconnected in block <master>.
WARNING:Xst:2677 - Node <gs1.gbe_imp/arp_imp/hardware_type_8> of sequential type is unconnected in block <master>.
WARNING:Xst:2677 - Node <gs1.gbe_imp/arp_imp/target_ha_46> of sequential type is unconnected in block <master>.
WARNING:Xst:2677 - Node <gs1.gbe_imp/arp_imp/target_ip_26> of sequential type is unconnected in block <master>.
WARNING:Xst:2677 - Node <gs1.gbe_imp/arp_imp/hardware_type_9> of sequential type is unconnected in block <master>.
WARNING:Xst:2677 - Node <gs1.gbe_imp/arp_imp/target_ip_0> of sequential type is unconnected in block <master>.
WARNING:Xst:2677 - Node <gs1.gbe_imp/arp_imp/target_ha_47> of sequential type is unconnected in block <master>.
WARNING:Xst:2677 - Node <gs1.gbe_imp/arp_imp/target_ip_28> of sequential type is unconnected in block <master>.
WARNING:Xst:2677 - Node <gs1.gbe_imp/arp_imp/target_ip_27> of sequential type is unconnected in block <master>.
WARNING:Xst:2677 - Node <gs1.gbe_imp/arp_imp/target_ip_1> of sequential type is unconnected in block <master>.
WARNING:Xst:2677 - Node <gs1.gbe_imp/arp_imp/target_ip_2> of sequential type is unconnected in block <master>.
WARNING:Xst:2677 - Node <gs1.gbe_imp/arp_imp/target_ip_29> of sequential type is unconnected in block <master>.
WARNING:Xst:2677 - Node <gs1.gbe_imp/arp_imp/target_ip_3> of sequential type is unconnected in block <master>.
WARNING:Xst:2677 - Node <gs1.gbe_imp/arp_imp/target_ip_4> of sequential type is unconnected in block <master>.
WARNING:Xst:2677 - Node <gs1.gbe_imp/arp_imp/target_ip_6> of sequential type is unconnected in block <master>.
WARNING:Xst:2677 - Node <gs1.gbe_imp/arp_imp/target_ip_5> of sequential type is unconnected in block <master>.
WARNING:Xst:2677 - Node <gs1.gbe_imp/arp_imp/target_ip_7> of sequential type is unconnected in block <master>.
WARNING:Xst:2677 - Node <gs1.gbe_imp/arp_imp/target_ip_9> of sequential type is unconnected in block <master>.
WARNING:Xst:2677 - Node <gs1.gbe_imp/arp_imp/target_ip_8> of sequential type is unconnected in block <master>.
WARNING:Xst:2677 - Node <gs1.gbe_imp/arp_imp/hlen_0> of sequential type is unconnected in block <master>.
WARNING:Xst:2677 - Node <gs1.gbe_imp/arp_imp/hlen_1> of sequential type is unconnected in block <master>.
WARNING:Xst:2677 - Node <gs1.gbe_imp/arp_imp/hlen_2> of sequential type is unconnected in block <master>.
WARNING:Xst:2677 - Node <gs1.gbe_imp/arp_imp/hlen_3> of sequential type is unconnected in block <master>.
WARNING:Xst:2677 - Node <gs1.gbe_imp/arp_imp/hlen_4> of sequential type is unconnected in block <master>.
WARNING:Xst:2677 - Node <gs1.gbe_imp/arp_imp/hlen_5> of sequential type is unconnected in block <master>.
WARNING:Xst:2677 - Node <gs1.gbe_imp/arp_imp/hlen_6> of sequential type is unconnected in block <master>.
WARNING:Xst:2677 - Node <gs1.gbe_imp/arp_imp/hlen_7> of sequential type is unconnected in block <master>.
WARNING:Xst:2677 - Node <gs1.gbe_imp/arptab_imp/TARGET_IP_ADDR_0> of sequential type is unconnected in block <master>.
WARNING:Xst:2677 - Node <gs1.gbe_imp/arptab_imp/TARGET_IP_ADDR_1> of sequential type is unconnected in block <master>.
WARNING:Xst:2677 - Node <gs1.gbe_imp/arptab_imp/TARGET_IP_ADDR_2> of sequential type is unconnected in block <master>.
WARNING:Xst:2677 - Node <gs1.gbe_imp/arptab_imp/TARGET_IP_ADDR_3> of sequential type is unconnected in block <master>.
WARNING:Xst:2677 - Node <gs1.gbe_imp/arptab_imp/TARGET_IP_ADDR_4> of sequential type is unconnected in block <master>.
WARNING:Xst:2677 - Node <gs1.gbe_imp/arptab_imp/TARGET_IP_ADDR_5> of sequential type is unconnected in block <master>.
WARNING:Xst:2677 - Node <gs1.gbe_imp/arptab_imp/TARGET_IP_ADDR_6> of sequential type is unconnected in block <master>.
WARNING:Xst:2677 - Node <gs1.gbe_imp/arptab_imp/TARGET_IP_ADDR_7> of sequential type is unconnected in block <master>.
WARNING:Xst:2677 - Node <gs1.gbe_imp/arptab_imp/TARGET_IP_ADDR_8> of sequential type is unconnected in block <master>.
WARNING:Xst:2677 - Node <gs1.gbe_imp/arptab_imp/TARGET_IP_ADDR_9> of sequential type is unconnected in block <master>.
WARNING:Xst:2677 - Node <gs1.gbe_imp/arptab_imp/TARGET_IP_ADDR_10> of sequential type is unconnected in block <master>.
WARNING:Xst:2677 - Node <gs1.gbe_imp/arptab_imp/TARGET_IP_ADDR_11> of sequential type is unconnected in block <master>.
WARNING:Xst:2677 - Node <gs1.gbe_imp/arptab_imp/TARGET_IP_ADDR_12> of sequential type is unconnected in block <master>.
WARNING:Xst:2677 - Node <gs1.gbe_imp/arptab_imp/TARGET_IP_ADDR_13> of sequential type is unconnected in block <master>.
WARNING:Xst:2677 - Node <gs1.gbe_imp/arptab_imp/TARGET_IP_ADDR_14> of sequential type is unconnected in block <master>.
WARNING:Xst:2677 - Node <gs1.gbe_imp/arptab_imp/TARGET_IP_ADDR_15> of sequential type is unconnected in block <master>.
WARNING:Xst:2677 - Node <gs1.gbe_imp/arptab_imp/TARGET_IP_ADDR_16> of sequential type is unconnected in block <master>.
WARNING:Xst:2677 - Node <gs1.gbe_imp/arptab_imp/TARGET_IP_ADDR_17> of sequential type is unconnected in block <master>.
WARNING:Xst:2677 - Node <gs1.gbe_imp/arptab_imp/TARGET_IP_ADDR_18> of sequential type is unconnected in block <master>.
WARNING:Xst:2677 - Node <gs1.gbe_imp/arptab_imp/TARGET_IP_ADDR_19> of sequential type is unconnected in block <master>.
WARNING:Xst:2677 - Node <gs1.gbe_imp/arptab_imp/TARGET_IP_ADDR_20> of sequential type is unconnected in block <master>.
WARNING:Xst:2677 - Node <gs1.gbe_imp/arptab_imp/TARGET_IP_ADDR_21> of sequential type is unconnected in block <master>.
WARNING:Xst:2677 - Node <gs1.gbe_imp/arptab_imp/TARGET_IP_ADDR_22> of sequential type is unconnected in block <master>.
WARNING:Xst:2677 - Node <gs1.gbe_imp/arptab_imp/TARGET_IP_ADDR_23> of sequential type is unconnected in block <master>.
WARNING:Xst:2677 - Node <gs1.gbe_imp/arptab_imp/TARGET_IP_ADDR_24> of sequential type is unconnected in block <master>.
WARNING:Xst:2677 - Node <gs1.gbe_imp/arptab_imp/TARGET_IP_ADDR_25> of sequential type is unconnected in block <master>.
WARNING:Xst:2677 - Node <gs1.gbe_imp/arptab_imp/TARGET_IP_ADDR_26> of sequential type is unconnected in block <master>.
WARNING:Xst:2677 - Node <gs1.gbe_imp/arptab_imp/TARGET_IP_ADDR_27> of sequential type is unconnected in block <master>.
WARNING:Xst:2677 - Node <gs1.gbe_imp/arptab_imp/TARGET_IP_ADDR_28> of sequential type is unconnected in block <master>.
WARNING:Xst:2677 - Node <gs1.gbe_imp/arptab_imp/TARGET_IP_ADDR_29> of sequential type is unconnected in block <master>.
WARNING:Xst:2677 - Node <gs1.gbe_imp/arptab_imp/TARGET_IP_ADDR_30> of sequential type is unconnected in block <master>.
WARNING:Xst:2677 - Node <gs1.gbe_imp/arptab_imp/TARGET_IP_ADDR_31> of sequential type is unconnected in block <master>.

Mapping all equations...
Building and optimizing final netlist ...
INFO:Xst:2261 - The FF/Latch <mi_imp/haltpattern_imp/SR_0> in Unit <master> is equivalent to the following 2 FFs/Latches, which will be removed : <mi_imp/startpattern_imp/SR_0> <mi_imp/trigpattern_imp/SR_0> 
INFO:Xst:2261 - The FF/Latch <mi_imp/haltpattern_imp/SR_1> in Unit <master> is equivalent to the following 2 FFs/Latches, which will be removed : <mi_imp/startpattern_imp/SR_1> <mi_imp/trigpattern_imp/SR_1> 
INFO:Xst:2261 - The FF/Latch <mi_imp/haltpattern_imp/SR_2> in Unit <master> is equivalent to the following 2 FFs/Latches, which will be removed : <mi_imp/startpattern_imp/SR_2> <mi_imp/trigpattern_imp/SR_2> 
INFO:Xst:2261 - The FF/Latch <mi_imp/haltpattern_imp/SR_3> in Unit <master> is equivalent to the following 2 FFs/Latches, which will be removed : <mi_imp/startpattern_imp/SR_3> <mi_imp/trigpattern_imp/SR_3> 
INFO:Xst:2261 - The FF/Latch <mi_imp/haltpattern_imp/SR_4> in Unit <master> is equivalent to the following 2 FFs/Latches, which will be removed : <mi_imp/startpattern_imp/SR_4> <mi_imp/trigpattern_imp/SR_4> 
Found area constraint ratio of 100 (+ 5) on block master, actual ratio is 46.
INFO:Xst:2260 - The FF/Latch <U0/iomodule_0/IOModule_Core_I1/intr_ctrl_I1/cipr_rd_dff_all[0].fdr_i> in Unit <mcs_0> is equivalent to the following 30 FFs/Latches : <U0/iomodule_0/IOModule_Core_I1/intr_ctrl_I1/cipr_rd_dff_all[1].fdr_i> <U0/iomodule_0/IOModule_Core_I1/intr_ctrl_I1/cipr_rd_dff_all[2].fdr_i> <U0/iomodule_0/IOModule_Core_I1/intr_ctrl_I1/cipr_rd_dff_all[3].fdr_i> <U0/iomodule_0/IOModule_Core_I1/intr_ctrl_I1/cipr_rd_dff_all[4].fdr_i> <U0/iomodule_0/IOModule_Core_I1/intr_ctrl_I1/cipr_rd_dff_all[5].fdr_i> <U0/iomodule_0/IOModule_Core_I1/intr_ctrl_I1/cipr_rd_dff_all[6].fdr_i> <U0/iomodule_0/IOModule_Core_I1/intr_ctrl_I1/cipr_rd_dff_all[7].fdr_i> <U0/iomodule_0/IOModule_Core_I1/intr_ctrl_I1/cipr_rd_dff_all[8].fdr_i> <U0/iomodule_0/IOModule_Core_I1/intr_ctrl_I1/cipr_rd_dff_all[9].fdr_i> <U0/iomodule_0/IOModule_Core_I1/intr_ctrl_I1/cipr_rd_dff_all[10].fdr_i> <U0/iomodule_0/IOModule_Core_I1/intr_ctrl_I1/cipr_rd_dff_all[11].fdr_i> <U0/iomodule_0/IOModule_Core_I1/intr_ctrl_I1/cipr_rd_dff_all[12].fdr_i>
   <U0/iomodule_0/IOModule_Core_I1/intr_ctrl_I1/cipr_rd_dff_all[13].fdr_i> <U0/iomodule_0/IOModule_Core_I1/intr_ctrl_I1/cipr_rd_dff_all[14].fdr_i> <U0/iomodule_0/IOModule_Core_I1/intr_ctrl_I1/cipr_rd_dff_all[15].fdr_i> <U0/iomodule_0/IOModule_Core_I1/intr_ctrl_I1/cipr_rd_dff_all[17].fdr_i> <U0/iomodule_0/IOModule_Core_I1/intr_ctrl_I1/cipr_rd_dff_all[18].fdr_i> <U0/iomodule_0/IOModule_Core_I1/intr_ctrl_I1/cipr_rd_dff_all[19].fdr_i> <U0/iomodule_0/IOModule_Core_I1/intr_ctrl_I1/cipr_rd_dff_all[20].fdr_i> <U0/iomodule_0/IOModule_Core_I1/intr_ctrl_I1/cipr_rd_dff_all[21].fdr_i> <U0/iomodule_0/IOModule_Core_I1/intr_ctrl_I1/cipr_rd_dff_all[22].fdr_i> <U0/iomodule_0/IOModule_Core_I1/intr_ctrl_I1/cipr_rd_dff_all[23].fdr_i> <U0/iomodule_0/IOModule_Core_I1/intr_ctrl_I1/cipr_rd_dff_all[24].fdr_i> <U0/iomodule_0/IOModule_Core_I1/intr_ctrl_I1/cipr_rd_dff_all[25].fdr_i> <U0/iomodule_0/IOModule_Core_I1/intr_ctrl_I1/cipr_rd_dff_all[26].fdr_i> <U0/iomodule_0/IOModule_Core_I1/intr_ctrl_I1/cipr_rd_dff_all[27].fdr_i>
   <U0/iomodule_0/IOModule_Core_I1/intr_ctrl_I1/cipr_rd_dff_all[28].fdr_i> <U0/iomodule_0/IOModule_Core_I1/intr_ctrl_I1/cipr_rd_dff_all[29].fdr_i> <U0/iomodule_0/IOModule_Core_I1/intr_ctrl_I1/cipr_rd_dff_all[30].fdr_i> <U0/iomodule_0/IOModule_Core_I1/intr_ctrl_I1/cipr_rd_dff_all[31].fdr_i> 
INFO:Xst:2260 - The FF/Latch <U0/microblaze_I/MicroBlaze_Core_I/Area.Decode_I/write_Addr_I_2> in Unit <mcs_0> is equivalent to the following FF/Latch : <U0/microblaze_I/MicroBlaze_Core_I/Area.Decode_I/write_Addr_I_2_1> 
INFO:Xst:2260 - The FF/Latch <U0/microblaze_I/MicroBlaze_Core_I/Area.Decode_I/write_Addr_I_3> in Unit <mcs_0> is equivalent to the following FF/Latch : <U0/microblaze_I/MicroBlaze_Core_I/Area.Decode_I/write_Addr_I_3_1> 
INFO:Xst:2260 - The FF/Latch <U0/dlmb/POR_FF_I> in Unit <mcs_0> is equivalent to the following FF/Latch : <U0/ilmb/POR_FF_I> 
INFO:Xst:2260 - The FF/Latch <U0/xst_fifo_generator/gconvfifo.rf/grf.rf/gntv_or_sync_fifo.gl0.rd/gr1.rfwft/empty_fwft_i> in Unit <tlk_imp/tlkfifo_imp> is equivalent to the following FF/Latch : <U0/xst_fifo_generator/gconvfifo.rf/grf.rf/gntv_or_sync_fifo.gl0.rd/gr1.rfwft/empty_fwft_fb> 
INFO:Xst:2260 - The FF/Latch <U0/xst_fifo_generator/gconvfifo.rf/grf.rf/gntv_or_sync_fifo.gl0.wr/gwas.wsts/ram_full_i> in Unit <tlk_imp/tlkfifo_imp> is equivalent to the following FF/Latch : <U0/xst_fifo_generator/gconvfifo.rf/grf.rf/gntv_or_sync_fifo.gl0.wr/gwas.wsts/ram_full_fb_i> 
INFO:Xst:2260 - The FF/Latch <U0/xst_fifo_generator/gconvfifo.rf/grf.rf/rstblk/wr_rst_reg_1> in Unit <tlk_imp/tlkfifo_imp> is equivalent to the following FF/Latch : <U0/xst_fifo_generator/gconvfifo.rf/grf.rf/rstblk/wr_rst_reg_0> 
INFO:Xst:2260 - The FF/Latch <U0/xst_fifo_generator/gconvfifo.rf/grf.rf/rstblk/rd_rst_reg_2> in Unit <tlk_imp/tlkfifo_imp> is equivalent to the following 2 FFs/Latches : <U0/xst_fifo_generator/gconvfifo.rf/grf.rf/rstblk/rd_rst_reg_1> <U0/xst_fifo_generator/gconvfifo.rf/grf.rf/rstblk/rd_rst_reg_0> 
INFO:Xst:2260 - The FF/Latch <U0/xst_fifo_generator/gconvfifo.rf/grf.rf/gntv_or_sync_fifo.gl0.rd/gr1.rfwft/empty_fwft_i> in Unit <tlk_imp/txsb_imp> is equivalent to the following FF/Latch : <U0/xst_fifo_generator/gconvfifo.rf/grf.rf/gntv_or_sync_fifo.gl0.rd/gr1.rfwft/empty_fwft_fb> 
INFO:Xst:2260 - The FF/Latch <U0/xst_fifo_generator/gconvfifo.rf/grf.rf/gntv_or_sync_fifo.gl0.wr/gwas.wsts/ram_full_i> in Unit <tlk_imp/txsb_imp> is equivalent to the following FF/Latch : <U0/xst_fifo_generator/gconvfifo.rf/grf.rf/gntv_or_sync_fifo.gl0.wr/gwas.wsts/ram_full_fb_i> 
INFO:Xst:2260 - The FF/Latch <U0/xst_fifo_generator/gconvfifo.rf/grf.rf/rstblk/wr_rst_reg_1> in Unit <tlk_imp/txsb_imp> is equivalent to the following FF/Latch : <U0/xst_fifo_generator/gconvfifo.rf/grf.rf/rstblk/wr_rst_reg_0> 
INFO:Xst:2260 - The FF/Latch <U0/xst_fifo_generator/gconvfifo.rf/grf.rf/rstblk/rd_rst_reg_2> in Unit <tlk_imp/txsb_imp> is equivalent to the following 2 FFs/Latches : <U0/xst_fifo_generator/gconvfifo.rf/grf.rf/rstblk/rd_rst_reg_1> <U0/xst_fifo_generator/gconvfifo.rf/grf.rf/rstblk/rd_rst_reg_0> 
INFO:Xst:2260 - The FF/Latch <U0/xst_fifo_generator/gconvfifo.rf/grf.rf/gntv_or_sync_fifo.gl0.rd/gr1.rfwft/curr_fwft_state_FSM_FFd2> in Unit <tlk_imp/txsb_imp> is equivalent to the following FF/Latch : <U0/xst_fifo_generator/gconvfifo.rf/grf.rf/gntv_or_sync_fifo.gl0.rd/gr1.rfwft/user_valid> 
INFO:Xst:2260 - The FF/Latch <U0/xst_fifo_generator/gconvfifo.rf/grf.rf/gntv_or_sync_fifo.gl0.rd/gr1.rfwft/empty_fwft_i> in Unit <tlk_imp/rxsb_imp> is equivalent to the following FF/Latch : <U0/xst_fifo_generator/gconvfifo.rf/grf.rf/gntv_or_sync_fifo.gl0.rd/gr1.rfwft/empty_fwft_fb> 
INFO:Xst:2260 - The FF/Latch <U0/xst_fifo_generator/gconvfifo.rf/grf.rf/gntv_or_sync_fifo.gl0.wr/gwas.wsts/ram_full_i> in Unit <tlk_imp/rxsb_imp> is equivalent to the following FF/Latch : <U0/xst_fifo_generator/gconvfifo.rf/grf.rf/gntv_or_sync_fifo.gl0.wr/gwas.wsts/ram_full_fb_i> 
INFO:Xst:2260 - The FF/Latch <U0/xst_fifo_generator/gconvfifo.rf/grf.rf/rstblk/wr_rst_reg_1> in Unit <tlk_imp/rxsb_imp> is equivalent to the following FF/Latch : <U0/xst_fifo_generator/gconvfifo.rf/grf.rf/rstblk/wr_rst_reg_0> 
INFO:Xst:2260 - The FF/Latch <U0/xst_fifo_generator/gconvfifo.rf/grf.rf/rstblk/rd_rst_reg_2> in Unit <tlk_imp/rxsb_imp> is equivalent to the following 2 FFs/Latches : <U0/xst_fifo_generator/gconvfifo.rf/grf.rf/rstblk/rd_rst_reg_1> <U0/xst_fifo_generator/gconvfifo.rf/grf.rf/rstblk/rd_rst_reg_0> 
INFO:Xst:2260 - The FF/Latch <U0/xst_fifo_generator/gconvfifo.rf/grf.rf/gntv_or_sync_fifo.gl0.rd/gr1.rfwft/curr_fwft_state_FSM_FFd2> in Unit <tlk_imp/rxsb_imp> is equivalent to the following FF/Latch : <U0/xst_fifo_generator/gconvfifo.rf/grf.rf/gntv_or_sync_fifo.gl0.rd/gr1.rfwft/user_valid> 
INFO:Xst:2260 - The FF/Latch <U0/xst_fifo_generator/gconvfifo.rf/grf.rf/gntv_or_sync_fifo.gl0.rd/gr1.rfwft/empty_fwft_i> in Unit <gs1.gbe_imp/sendpkt_imp/ipbuf_imp/ipfb_imp> is equivalent to the following FF/Latch : <U0/xst_fifo_generator/gconvfifo.rf/grf.rf/gntv_or_sync_fifo.gl0.rd/gr1.rfwft/empty_fwft_fb> 
INFO:Xst:2260 - The FF/Latch <U0/xst_fifo_generator/gconvfifo.rf/grf.rf/gntv_or_sync_fifo.gl0.wr/gwas.wsts/ram_full_i> in Unit <gs1.gbe_imp/sendpkt_imp/ipbuf_imp/ipfb_imp> is equivalent to the following FF/Latch : <U0/xst_fifo_generator/gconvfifo.rf/grf.rf/gntv_or_sync_fifo.gl0.wr/gwas.wsts/ram_full_fb_i> 
INFO:Xst:2260 - The FF/Latch <U0/xst_fifo_generator/gconvfifo.rf/grf.rf/rstblk/wr_rst_reg_1> in Unit <gs1.gbe_imp/sendpkt_imp/ipbuf_imp/ipfb_imp> is equivalent to the following FF/Latch : <U0/xst_fifo_generator/gconvfifo.rf/grf.rf/rstblk/wr_rst_reg_0> 
INFO:Xst:2260 - The FF/Latch <U0/xst_fifo_generator/gconvfifo.rf/grf.rf/rstblk/rd_rst_reg_2> in Unit <gs1.gbe_imp/sendpkt_imp/ipbuf_imp/ipfb_imp> is equivalent to the following 2 FFs/Latches : <U0/xst_fifo_generator/gconvfifo.rf/grf.rf/rstblk/rd_rst_reg_1> <U0/xst_fifo_generator/gconvfifo.rf/grf.rf/rstblk/rd_rst_reg_0> 
INFO:Xst:2260 - The FF/Latch <U0/xst_fifo_generator/gconvfifo.rf/grf.rf/gntv_or_sync_fifo.gl0.rd/gr1.rfwft/curr_fwft_state_FSM_FFd2> in Unit <gs1.gbe_imp/sendpkt_imp/ipbuf_imp/ipfb_imp> is equivalent to the following FF/Latch : <U0/xst_fifo_generator/gconvfifo.rf/grf.rf/gntv_or_sync_fifo.gl0.rd/gr1.rfwft/user_valid> 
INFO:Xst:2260 - The FF/Latch <U0/xst_fifo_generator/gconvfifo.rf/grf.rf/gntv_or_sync_fifo.gl0.rd/gr1.rfwft/empty_fwft_i> in Unit <gs1.gbe_imp/icmprep_imp/ipbuf_imp/ipfb_imp> is equivalent to the following FF/Latch : <U0/xst_fifo_generator/gconvfifo.rf/grf.rf/gntv_or_sync_fifo.gl0.rd/gr1.rfwft/empty_fwft_fb> 
INFO:Xst:2260 - The FF/Latch <U0/xst_fifo_generator/gconvfifo.rf/grf.rf/gntv_or_sync_fifo.gl0.wr/gwas.wsts/ram_full_i> in Unit <gs1.gbe_imp/icmprep_imp/ipbuf_imp/ipfb_imp> is equivalent to the following FF/Latch : <U0/xst_fifo_generator/gconvfifo.rf/grf.rf/gntv_or_sync_fifo.gl0.wr/gwas.wsts/ram_full_fb_i> 
INFO:Xst:2260 - The FF/Latch <U0/xst_fifo_generator/gconvfifo.rf/grf.rf/rstblk/wr_rst_reg_1> in Unit <gs1.gbe_imp/icmprep_imp/ipbuf_imp/ipfb_imp> is equivalent to the following FF/Latch : <U0/xst_fifo_generator/gconvfifo.rf/grf.rf/rstblk/wr_rst_reg_0> 
INFO:Xst:2260 - The FF/Latch <U0/xst_fifo_generator/gconvfifo.rf/grf.rf/rstblk/rd_rst_reg_2> in Unit <gs1.gbe_imp/icmprep_imp/ipbuf_imp/ipfb_imp> is equivalent to the following 2 FFs/Latches : <U0/xst_fifo_generator/gconvfifo.rf/grf.rf/rstblk/rd_rst_reg_1> <U0/xst_fifo_generator/gconvfifo.rf/grf.rf/rstblk/rd_rst_reg_0> 
INFO:Xst:2260 - The FF/Latch <U0/xst_fifo_generator/gconvfifo.rf/grf.rf/gntv_or_sync_fifo.gl0.rd/gr1.rfwft/curr_fwft_state_FSM_FFd2> in Unit <gs1.gbe_imp/icmprep_imp/ipbuf_imp/ipfb_imp> is equivalent to the following FF/Latch : <U0/xst_fifo_generator/gconvfifo.rf/grf.rf/gntv_or_sync_fifo.gl0.rd/gr1.rfwft/user_valid> 
INFO:Xst:2260 - The FF/Latch <U0/xst_fifo_generator/gconvfifo.rf/grf.rf/gntv_or_sync_fifo.gl0.rd/gr1.rfwft/empty_fwft_i> in Unit <gs1.gbe_imp/ipbuf_imp/ipfb_imp> is equivalent to the following FF/Latch : <U0/xst_fifo_generator/gconvfifo.rf/grf.rf/gntv_or_sync_fifo.gl0.rd/gr1.rfwft/empty_fwft_fb> 
INFO:Xst:2260 - The FF/Latch <U0/xst_fifo_generator/gconvfifo.rf/grf.rf/gntv_or_sync_fifo.gl0.wr/gwas.wsts/ram_full_i> in Unit <gs1.gbe_imp/ipbuf_imp/ipfb_imp> is equivalent to the following FF/Latch : <U0/xst_fifo_generator/gconvfifo.rf/grf.rf/gntv_or_sync_fifo.gl0.wr/gwas.wsts/ram_full_fb_i> 
INFO:Xst:2260 - The FF/Latch <U0/xst_fifo_generator/gconvfifo.rf/grf.rf/rstblk/wr_rst_reg_1> in Unit <gs1.gbe_imp/ipbuf_imp/ipfb_imp> is equivalent to the following FF/Latch : <U0/xst_fifo_generator/gconvfifo.rf/grf.rf/rstblk/wr_rst_reg_0> 
INFO:Xst:2260 - The FF/Latch <U0/xst_fifo_generator/gconvfifo.rf/grf.rf/rstblk/rd_rst_reg_2> in Unit <gs1.gbe_imp/ipbuf_imp/ipfb_imp> is equivalent to the following 2 FFs/Latches : <U0/xst_fifo_generator/gconvfifo.rf/grf.rf/rstblk/rd_rst_reg_1> <U0/xst_fifo_generator/gconvfifo.rf/grf.rf/rstblk/rd_rst_reg_0> 
INFO:Xst:2260 - The FF/Latch <U0/xst_fifo_generator/gconvfifo.rf/grf.rf/gntv_or_sync_fifo.gl0.rd/gr1.rfwft/curr_fwft_state_FSM_FFd2> in Unit <gs1.gbe_imp/ipbuf_imp/ipfb_imp> is equivalent to the following FF/Latch : <U0/xst_fifo_generator/gconvfifo.rf/grf.rf/gntv_or_sync_fifo.gl0.rd/gr1.rfwft/user_valid> 
INFO:Xst:2260 - The FF/Latch <U0/xst_fifo_generator/gconvfifo.rf/grf.rf/gntv_or_sync_fifo.gl0.rd/gr1.rfwft/empty_fwft_i> in Unit <gs1.gbe_imp/udpfb[1].udpfb_imp> is equivalent to the following FF/Latch : <U0/xst_fifo_generator/gconvfifo.rf/grf.rf/gntv_or_sync_fifo.gl0.rd/gr1.rfwft/empty_fwft_fb> 
INFO:Xst:2260 - The FF/Latch <U0/xst_fifo_generator/gconvfifo.rf/grf.rf/gntv_or_sync_fifo.gl0.wr/gwas.wsts/ram_full_i> in Unit <gs1.gbe_imp/udpfb[1].udpfb_imp> is equivalent to the following FF/Latch : <U0/xst_fifo_generator/gconvfifo.rf/grf.rf/gntv_or_sync_fifo.gl0.wr/gwas.wsts/ram_full_fb_i> 
INFO:Xst:2260 - The FF/Latch <U0/xst_fifo_generator/gconvfifo.rf/grf.rf/rstblk/wr_rst_reg_1> in Unit <gs1.gbe_imp/udpfb[1].udpfb_imp> is equivalent to the following FF/Latch : <U0/xst_fifo_generator/gconvfifo.rf/grf.rf/rstblk/wr_rst_reg_0> 
INFO:Xst:2260 - The FF/Latch <U0/xst_fifo_generator/gconvfifo.rf/grf.rf/rstblk/rd_rst_reg_2> in Unit <gs1.gbe_imp/udpfb[1].udpfb_imp> is equivalent to the following 2 FFs/Latches : <U0/xst_fifo_generator/gconvfifo.rf/grf.rf/rstblk/rd_rst_reg_1> <U0/xst_fifo_generator/gconvfifo.rf/grf.rf/rstblk/rd_rst_reg_0> 
INFO:Xst:2260 - The FF/Latch <U0/xst_fifo_generator/gconvfifo.rf/grf.rf/gntv_or_sync_fifo.gl0.rd/gr1.rfwft/curr_fwft_state_FSM_FFd2> in Unit <gs1.gbe_imp/udpfb[1].udpfb_imp> is equivalent to the following FF/Latch : <U0/xst_fifo_generator/gconvfifo.rf/grf.rf/gntv_or_sync_fifo.gl0.rd/gr1.rfwft/user_valid> 
INFO:Xst:2260 - The FF/Latch <U0/xst_fifo_generator/gconvfifo.rf/grf.rf/gntv_or_sync_fifo.gl0.rd/gr1.rfwft/empty_fwft_i> in Unit <gs1.gbe_imp/udpfb[0].udpfb_imp> is equivalent to the following FF/Latch : <U0/xst_fifo_generator/gconvfifo.rf/grf.rf/gntv_or_sync_fifo.gl0.rd/gr1.rfwft/empty_fwft_fb> 
INFO:Xst:2260 - The FF/Latch <U0/xst_fifo_generator/gconvfifo.rf/grf.rf/gntv_or_sync_fifo.gl0.wr/gwas.wsts/ram_full_i> in Unit <gs1.gbe_imp/udpfb[0].udpfb_imp> is equivalent to the following FF/Latch : <U0/xst_fifo_generator/gconvfifo.rf/grf.rf/gntv_or_sync_fifo.gl0.wr/gwas.wsts/ram_full_fb_i> 
INFO:Xst:2260 - The FF/Latch <U0/xst_fifo_generator/gconvfifo.rf/grf.rf/rstblk/wr_rst_reg_1> in Unit <gs1.gbe_imp/udpfb[0].udpfb_imp> is equivalent to the following FF/Latch : <U0/xst_fifo_generator/gconvfifo.rf/grf.rf/rstblk/wr_rst_reg_0> 
INFO:Xst:2260 - The FF/Latch <U0/xst_fifo_generator/gconvfifo.rf/grf.rf/rstblk/rd_rst_reg_2> in Unit <gs1.gbe_imp/udpfb[0].udpfb_imp> is equivalent to the following 2 FFs/Latches : <U0/xst_fifo_generator/gconvfifo.rf/grf.rf/rstblk/rd_rst_reg_1> <U0/xst_fifo_generator/gconvfifo.rf/grf.rf/rstblk/rd_rst_reg_0> 
INFO:Xst:2260 - The FF/Latch <U0/xst_fifo_generator/gconvfifo.rf/grf.rf/gntv_or_sync_fifo.gl0.rd/gr1.rfwft/curr_fwft_state_FSM_FFd2> in Unit <gs1.gbe_imp/udpfb[0].udpfb_imp> is equivalent to the following FF/Latch : <U0/xst_fifo_generator/gconvfifo.rf/grf.rf/gntv_or_sync_fifo.gl0.rd/gr1.rfwft/user_valid> 
INFO:Xst:2260 - The FF/Latch <U0/xst_fifo_generator/gconvfifo.rf/grf.rf/gntv_or_sync_fifo.gl0.rd/gr1.rfwft/empty_fwft_i> in Unit <gs1.gbe_imp/txfb_imp> is equivalent to the following FF/Latch : <U0/xst_fifo_generator/gconvfifo.rf/grf.rf/gntv_or_sync_fifo.gl0.rd/gr1.rfwft/empty_fwft_fb> 
INFO:Xst:2260 - The FF/Latch <U0/xst_fifo_generator/gconvfifo.rf/grf.rf/gntv_or_sync_fifo.gl0.wr/gwas.wsts/ram_full_i> in Unit <gs1.gbe_imp/txfb_imp> is equivalent to the following FF/Latch : <U0/xst_fifo_generator/gconvfifo.rf/grf.rf/gntv_or_sync_fifo.gl0.wr/gwas.wsts/ram_full_fb_i> 
INFO:Xst:2260 - The FF/Latch <U0/xst_fifo_generator/gconvfifo.rf/grf.rf/rstblk/wr_rst_reg_1> in Unit <gs1.gbe_imp/txfb_imp> is equivalent to the following FF/Latch : <U0/xst_fifo_generator/gconvfifo.rf/grf.rf/rstblk/wr_rst_reg_0> 
INFO:Xst:2260 - The FF/Latch <U0/xst_fifo_generator/gconvfifo.rf/grf.rf/rstblk/rd_rst_reg_2> in Unit <gs1.gbe_imp/txfb_imp> is equivalent to the following 2 FFs/Latches : <U0/xst_fifo_generator/gconvfifo.rf/grf.rf/rstblk/rd_rst_reg_1> <U0/xst_fifo_generator/gconvfifo.rf/grf.rf/rstblk/rd_rst_reg_0> 
INFO:Xst:2260 - The FF/Latch <U0/xst_fifo_generator/gconvfifo.rf/grf.rf/gntv_or_sync_fifo.gl0.rd/gr1.rfwft/curr_fwft_state_FSM_FFd2> in Unit <gs1.gbe_imp/txfb_imp> is equivalent to the following FF/Latch : <U0/xst_fifo_generator/gconvfifo.rf/grf.rf/gntv_or_sync_fifo.gl0.rd/gr1.rfwft/user_valid> 
INFO:Xst:2260 - The FF/Latch <U0/xst_fifo_generator/gconvfifo.rf/grf.rf/gntv_or_sync_fifo.gl0.rd/gr1.rfwft/empty_fwft_i> in Unit <gs1.gbe_imp/rxfb_imp> is equivalent to the following FF/Latch : <U0/xst_fifo_generator/gconvfifo.rf/grf.rf/gntv_or_sync_fifo.gl0.rd/gr1.rfwft/empty_fwft_fb> 
INFO:Xst:2260 - The FF/Latch <U0/xst_fifo_generator/gconvfifo.rf/grf.rf/gntv_or_sync_fifo.gl0.wr/gwas.wsts/ram_full_i> in Unit <gs1.gbe_imp/rxfb_imp> is equivalent to the following FF/Latch : <U0/xst_fifo_generator/gconvfifo.rf/grf.rf/gntv_or_sync_fifo.gl0.wr/gwas.wsts/ram_full_fb_i> 
INFO:Xst:2260 - The FF/Latch <U0/xst_fifo_generator/gconvfifo.rf/grf.rf/rstblk/wr_rst_reg_1> in Unit <gs1.gbe_imp/rxfb_imp> is equivalent to the following FF/Latch : <U0/xst_fifo_generator/gconvfifo.rf/grf.rf/rstblk/wr_rst_reg_0> 
INFO:Xst:2260 - The FF/Latch <U0/xst_fifo_generator/gconvfifo.rf/grf.rf/rstblk/rd_rst_reg_2> in Unit <gs1.gbe_imp/rxfb_imp> is equivalent to the following 2 FFs/Latches : <U0/xst_fifo_generator/gconvfifo.rf/grf.rf/rstblk/rd_rst_reg_1> <U0/xst_fifo_generator/gconvfifo.rf/grf.rf/rstblk/rd_rst_reg_0> 
INFO:Xst:2260 - The FF/Latch <U0/xst_fifo_generator/gconvfifo.rf/grf.rf/gntv_or_sync_fifo.gl0.rd/gr1.rfwft/curr_fwft_state_FSM_FFd2> in Unit <gs1.gbe_imp/rxfb_imp> is equivalent to the following FF/Latch : <U0/xst_fifo_generator/gconvfifo.rf/grf.rf/gntv_or_sync_fifo.gl0.rd/gr1.rfwft/user_valid> 
INFO:Xst:2260 - The FF/Latch <U0/microblaze_I/MicroBlaze_Core_I/Area.Decode_I/write_Addr_I_2> in Unit <mcs_0> is equivalent to the following FF/Latch : <U0/microblaze_I/MicroBlaze_Core_I/Area.Decode_I/write_Addr_I_2_1> 
INFO:Xst:2260 - The FF/Latch <U0/microblaze_I/MicroBlaze_Core_I/Area.Decode_I/write_Addr_I_3> in Unit <mcs_0> is equivalent to the following FF/Latch : <U0/microblaze_I/MicroBlaze_Core_I/Area.Decode_I/write_Addr_I_3_1> 
INFO:Xst:2260 - The FF/Latch <U0/iomodule_0/IOModule_Core_I1/intr_ctrl_I1/cipr_rd_dff_all[0].fdr_i> in Unit <mcs_0> is equivalent to the following 30 FFs/Latches : <U0/iomodule_0/IOModule_Core_I1/intr_ctrl_I1/cipr_rd_dff_all[1].fdr_i> <U0/iomodule_0/IOModule_Core_I1/intr_ctrl_I1/cipr_rd_dff_all[2].fdr_i> <U0/iomodule_0/IOModule_Core_I1/intr_ctrl_I1/cipr_rd_dff_all[3].fdr_i> <U0/iomodule_0/IOModule_Core_I1/intr_ctrl_I1/cipr_rd_dff_all[4].fdr_i> <U0/iomodule_0/IOModule_Core_I1/intr_ctrl_I1/cipr_rd_dff_all[5].fdr_i> <U0/iomodule_0/IOModule_Core_I1/intr_ctrl_I1/cipr_rd_dff_all[6].fdr_i> <U0/iomodule_0/IOModule_Core_I1/intr_ctrl_I1/cipr_rd_dff_all[7].fdr_i> <U0/iomodule_0/IOModule_Core_I1/intr_ctrl_I1/cipr_rd_dff_all[8].fdr_i> <U0/iomodule_0/IOModule_Core_I1/intr_ctrl_I1/cipr_rd_dff_all[9].fdr_i> <U0/iomodule_0/IOModule_Core_I1/intr_ctrl_I1/cipr_rd_dff_all[10].fdr_i> <U0/iomodule_0/IOModule_Core_I1/intr_ctrl_I1/cipr_rd_dff_all[11].fdr_i> <U0/iomodule_0/IOModule_Core_I1/intr_ctrl_I1/cipr_rd_dff_all[12].fdr_i>
   <U0/iomodule_0/IOModule_Core_I1/intr_ctrl_I1/cipr_rd_dff_all[13].fdr_i> <U0/iomodule_0/IOModule_Core_I1/intr_ctrl_I1/cipr_rd_dff_all[14].fdr_i> <U0/iomodule_0/IOModule_Core_I1/intr_ctrl_I1/cipr_rd_dff_all[15].fdr_i> <U0/iomodule_0/IOModule_Core_I1/intr_ctrl_I1/cipr_rd_dff_all[17].fdr_i> <U0/iomodule_0/IOModule_Core_I1/intr_ctrl_I1/cipr_rd_dff_all[18].fdr_i> <U0/iomodule_0/IOModule_Core_I1/intr_ctrl_I1/cipr_rd_dff_all[19].fdr_i> <U0/iomodule_0/IOModule_Core_I1/intr_ctrl_I1/cipr_rd_dff_all[20].fdr_i> <U0/iomodule_0/IOModule_Core_I1/intr_ctrl_I1/cipr_rd_dff_all[21].fdr_i> <U0/iomodule_0/IOModule_Core_I1/intr_ctrl_I1/cipr_rd_dff_all[22].fdr_i> <U0/iomodule_0/IOModule_Core_I1/intr_ctrl_I1/cipr_rd_dff_all[23].fdr_i> <U0/iomodule_0/IOModule_Core_I1/intr_ctrl_I1/cipr_rd_dff_all[24].fdr_i> <U0/iomodule_0/IOModule_Core_I1/intr_ctrl_I1/cipr_rd_dff_all[25].fdr_i> <U0/iomodule_0/IOModule_Core_I1/intr_ctrl_I1/cipr_rd_dff_all[26].fdr_i> <U0/iomodule_0/IOModule_Core_I1/intr_ctrl_I1/cipr_rd_dff_all[27].fdr_i>
   <U0/iomodule_0/IOModule_Core_I1/intr_ctrl_I1/cipr_rd_dff_all[28].fdr_i> <U0/iomodule_0/IOModule_Core_I1/intr_ctrl_I1/cipr_rd_dff_all[29].fdr_i> <U0/iomodule_0/IOModule_Core_I1/intr_ctrl_I1/cipr_rd_dff_all[30].fdr_i> <U0/iomodule_0/IOModule_Core_I1/intr_ctrl_I1/cipr_rd_dff_all[31].fdr_i> 
INFO:Xst:2260 - The FF/Latch <U0/dlmb/POR_FF_I> in Unit <mcs_0> is equivalent to the following FF/Latch : <U0/ilmb/POR_FF_I> 
INFO:Xst:2260 - The FF/Latch <U0/xst_fifo_generator/gconvfifo.rf/grf.rf/rstblk/wr_rst_reg_1> in Unit <tlk_imp/tlkfifo_imp> is equivalent to the following FF/Latch : <U0/xst_fifo_generator/gconvfifo.rf/grf.rf/rstblk/wr_rst_reg_0> 
INFO:Xst:2260 - The FF/Latch <U0/xst_fifo_generator/gconvfifo.rf/grf.rf/gntv_or_sync_fifo.gl0.rd/gr1.rfwft/empty_fwft_i> in Unit <tlk_imp/tlkfifo_imp> is equivalent to the following FF/Latch : <U0/xst_fifo_generator/gconvfifo.rf/grf.rf/gntv_or_sync_fifo.gl0.rd/gr1.rfwft/empty_fwft_fb> 
INFO:Xst:2260 - The FF/Latch <U0/xst_fifo_generator/gconvfifo.rf/grf.rf/gntv_or_sync_fifo.gl0.wr/gwas.wsts/ram_full_i> in Unit <tlk_imp/tlkfifo_imp> is equivalent to the following FF/Latch : <U0/xst_fifo_generator/gconvfifo.rf/grf.rf/gntv_or_sync_fifo.gl0.wr/gwas.wsts/ram_full_fb_i> 
INFO:Xst:2260 - The FF/Latch <U0/xst_fifo_generator/gconvfifo.rf/grf.rf/rstblk/rd_rst_reg_2> in Unit <tlk_imp/tlkfifo_imp> is equivalent to the following 2 FFs/Latches : <U0/xst_fifo_generator/gconvfifo.rf/grf.rf/rstblk/rd_rst_reg_1> <U0/xst_fifo_generator/gconvfifo.rf/grf.rf/rstblk/rd_rst_reg_0> 
INFO:Xst:2260 - The FF/Latch <U0/xst_fifo_generator/gconvfifo.rf/grf.rf/rstblk/wr_rst_reg_1> in Unit <tlk_imp/txsb_imp> is equivalent to the following FF/Latch : <U0/xst_fifo_generator/gconvfifo.rf/grf.rf/rstblk/wr_rst_reg_0> 
INFO:Xst:2260 - The FF/Latch <U0/xst_fifo_generator/gconvfifo.rf/grf.rf/gntv_or_sync_fifo.gl0.rd/gr1.rfwft/empty_fwft_i> in Unit <tlk_imp/txsb_imp> is equivalent to the following FF/Latch : <U0/xst_fifo_generator/gconvfifo.rf/grf.rf/gntv_or_sync_fifo.gl0.rd/gr1.rfwft/empty_fwft_fb> 
INFO:Xst:2260 - The FF/Latch <U0/xst_fifo_generator/gconvfifo.rf/grf.rf/gntv_or_sync_fifo.gl0.rd/gr1.rfwft/curr_fwft_state_FSM_FFd2> in Unit <tlk_imp/txsb_imp> is equivalent to the following FF/Latch : <U0/xst_fifo_generator/gconvfifo.rf/grf.rf/gntv_or_sync_fifo.gl0.rd/gr1.rfwft/user_valid> 
INFO:Xst:2260 - The FF/Latch <U0/xst_fifo_generator/gconvfifo.rf/grf.rf/gntv_or_sync_fifo.gl0.wr/gwas.wsts/ram_full_i> in Unit <tlk_imp/txsb_imp> is equivalent to the following FF/Latch : <U0/xst_fifo_generator/gconvfifo.rf/grf.rf/gntv_or_sync_fifo.gl0.wr/gwas.wsts/ram_full_fb_i> 
INFO:Xst:2260 - The FF/Latch <U0/xst_fifo_generator/gconvfifo.rf/grf.rf/rstblk/rd_rst_reg_2> in Unit <tlk_imp/txsb_imp> is equivalent to the following 2 FFs/Latches : <U0/xst_fifo_generator/gconvfifo.rf/grf.rf/rstblk/rd_rst_reg_1> <U0/xst_fifo_generator/gconvfifo.rf/grf.rf/rstblk/rd_rst_reg_0> 
INFO:Xst:2260 - The FF/Latch <U0/xst_fifo_generator/gconvfifo.rf/grf.rf/rstblk/wr_rst_reg_1> in Unit <tlk_imp/rxsb_imp> is equivalent to the following FF/Latch : <U0/xst_fifo_generator/gconvfifo.rf/grf.rf/rstblk/wr_rst_reg_0> 
INFO:Xst:2260 - The FF/Latch <U0/xst_fifo_generator/gconvfifo.rf/grf.rf/gntv_or_sync_fifo.gl0.rd/gr1.rfwft/empty_fwft_i> in Unit <tlk_imp/rxsb_imp> is equivalent to the following FF/Latch : <U0/xst_fifo_generator/gconvfifo.rf/grf.rf/gntv_or_sync_fifo.gl0.rd/gr1.rfwft/empty_fwft_fb> 
INFO:Xst:2260 - The FF/Latch <U0/xst_fifo_generator/gconvfifo.rf/grf.rf/gntv_or_sync_fifo.gl0.rd/gr1.rfwft/curr_fwft_state_FSM_FFd2> in Unit <tlk_imp/rxsb_imp> is equivalent to the following FF/Latch : <U0/xst_fifo_generator/gconvfifo.rf/grf.rf/gntv_or_sync_fifo.gl0.rd/gr1.rfwft/user_valid> 
INFO:Xst:2260 - The FF/Latch <U0/xst_fifo_generator/gconvfifo.rf/grf.rf/gntv_or_sync_fifo.gl0.wr/gwas.wsts/ram_full_i> in Unit <tlk_imp/rxsb_imp> is equivalent to the following FF/Latch : <U0/xst_fifo_generator/gconvfifo.rf/grf.rf/gntv_or_sync_fifo.gl0.wr/gwas.wsts/ram_full_fb_i> 
INFO:Xst:2260 - The FF/Latch <U0/xst_fifo_generator/gconvfifo.rf/grf.rf/rstblk/rd_rst_reg_2> in Unit <tlk_imp/rxsb_imp> is equivalent to the following 2 FFs/Latches : <U0/xst_fifo_generator/gconvfifo.rf/grf.rf/rstblk/rd_rst_reg_1> <U0/xst_fifo_generator/gconvfifo.rf/grf.rf/rstblk/rd_rst_reg_0> 
INFO:Xst:2260 - The FF/Latch <U0/xst_fifo_generator/gconvfifo.rf/grf.rf/rstblk/wr_rst_reg_1> in Unit <gs1.gbe_imp/sendpkt_imp/ipbuf_imp/ipfb_imp> is equivalent to the following FF/Latch : <U0/xst_fifo_generator/gconvfifo.rf/grf.rf/rstblk/wr_rst_reg_0> 
INFO:Xst:2260 - The FF/Latch <U0/xst_fifo_generator/gconvfifo.rf/grf.rf/gntv_or_sync_fifo.gl0.rd/gr1.rfwft/empty_fwft_i> in Unit <gs1.gbe_imp/sendpkt_imp/ipbuf_imp/ipfb_imp> is equivalent to the following FF/Latch : <U0/xst_fifo_generator/gconvfifo.rf/grf.rf/gntv_or_sync_fifo.gl0.rd/gr1.rfwft/empty_fwft_fb> 
INFO:Xst:2260 - The FF/Latch <U0/xst_fifo_generator/gconvfifo.rf/grf.rf/gntv_or_sync_fifo.gl0.rd/gr1.rfwft/curr_fwft_state_FSM_FFd2> in Unit <gs1.gbe_imp/sendpkt_imp/ipbuf_imp/ipfb_imp> is equivalent to the following FF/Latch : <U0/xst_fifo_generator/gconvfifo.rf/grf.rf/gntv_or_sync_fifo.gl0.rd/gr1.rfwft/user_valid> 
INFO:Xst:2260 - The FF/Latch <U0/xst_fifo_generator/gconvfifo.rf/grf.rf/gntv_or_sync_fifo.gl0.wr/gwas.wsts/ram_full_i> in Unit <gs1.gbe_imp/sendpkt_imp/ipbuf_imp/ipfb_imp> is equivalent to the following FF/Latch : <U0/xst_fifo_generator/gconvfifo.rf/grf.rf/gntv_or_sync_fifo.gl0.wr/gwas.wsts/ram_full_fb_i> 
INFO:Xst:2260 - The FF/Latch <U0/xst_fifo_generator/gconvfifo.rf/grf.rf/rstblk/rd_rst_reg_2> in Unit <gs1.gbe_imp/sendpkt_imp/ipbuf_imp/ipfb_imp> is equivalent to the following 2 FFs/Latches : <U0/xst_fifo_generator/gconvfifo.rf/grf.rf/rstblk/rd_rst_reg_1> <U0/xst_fifo_generator/gconvfifo.rf/grf.rf/rstblk/rd_rst_reg_0> 
INFO:Xst:2260 - The FF/Latch <U0/xst_fifo_generator/gconvfifo.rf/grf.rf/rstblk/wr_rst_reg_1> in Unit <gs1.gbe_imp/icmprep_imp/ipbuf_imp/ipfb_imp> is equivalent to the following FF/Latch : <U0/xst_fifo_generator/gconvfifo.rf/grf.rf/rstblk/wr_rst_reg_0> 
INFO:Xst:2260 - The FF/Latch <U0/xst_fifo_generator/gconvfifo.rf/grf.rf/gntv_or_sync_fifo.gl0.rd/gr1.rfwft/empty_fwft_i> in Unit <gs1.gbe_imp/icmprep_imp/ipbuf_imp/ipfb_imp> is equivalent to the following FF/Latch : <U0/xst_fifo_generator/gconvfifo.rf/grf.rf/gntv_or_sync_fifo.gl0.rd/gr1.rfwft/empty_fwft_fb> 
INFO:Xst:2260 - The FF/Latch <U0/xst_fifo_generator/gconvfifo.rf/grf.rf/gntv_or_sync_fifo.gl0.rd/gr1.rfwft/curr_fwft_state_FSM_FFd2> in Unit <gs1.gbe_imp/icmprep_imp/ipbuf_imp/ipfb_imp> is equivalent to the following FF/Latch : <U0/xst_fifo_generator/gconvfifo.rf/grf.rf/gntv_or_sync_fifo.gl0.rd/gr1.rfwft/user_valid> 
INFO:Xst:2260 - The FF/Latch <U0/xst_fifo_generator/gconvfifo.rf/grf.rf/gntv_or_sync_fifo.gl0.wr/gwas.wsts/ram_full_i> in Unit <gs1.gbe_imp/icmprep_imp/ipbuf_imp/ipfb_imp> is equivalent to the following FF/Latch : <U0/xst_fifo_generator/gconvfifo.rf/grf.rf/gntv_or_sync_fifo.gl0.wr/gwas.wsts/ram_full_fb_i> 
INFO:Xst:2260 - The FF/Latch <U0/xst_fifo_generator/gconvfifo.rf/grf.rf/rstblk/rd_rst_reg_2> in Unit <gs1.gbe_imp/icmprep_imp/ipbuf_imp/ipfb_imp> is equivalent to the following 2 FFs/Latches : <U0/xst_fifo_generator/gconvfifo.rf/grf.rf/rstblk/rd_rst_reg_1> <U0/xst_fifo_generator/gconvfifo.rf/grf.rf/rstblk/rd_rst_reg_0> 
INFO:Xst:2260 - The FF/Latch <U0/xst_fifo_generator/gconvfifo.rf/grf.rf/rstblk/wr_rst_reg_1> in Unit <gs1.gbe_imp/ipbuf_imp/ipfb_imp> is equivalent to the following FF/Latch : <U0/xst_fifo_generator/gconvfifo.rf/grf.rf/rstblk/wr_rst_reg_0> 
INFO:Xst:2260 - The FF/Latch <U0/xst_fifo_generator/gconvfifo.rf/grf.rf/gntv_or_sync_fifo.gl0.rd/gr1.rfwft/empty_fwft_i> in Unit <gs1.gbe_imp/ipbuf_imp/ipfb_imp> is equivalent to the following FF/Latch : <U0/xst_fifo_generator/gconvfifo.rf/grf.rf/gntv_or_sync_fifo.gl0.rd/gr1.rfwft/empty_fwft_fb> 
INFO:Xst:2260 - The FF/Latch <U0/xst_fifo_generator/gconvfifo.rf/grf.rf/gntv_or_sync_fifo.gl0.rd/gr1.rfwft/curr_fwft_state_FSM_FFd2> in Unit <gs1.gbe_imp/ipbuf_imp/ipfb_imp> is equivalent to the following FF/Latch : <U0/xst_fifo_generator/gconvfifo.rf/grf.rf/gntv_or_sync_fifo.gl0.rd/gr1.rfwft/user_valid> 
INFO:Xst:2260 - The FF/Latch <U0/xst_fifo_generator/gconvfifo.rf/grf.rf/gntv_or_sync_fifo.gl0.wr/gwas.wsts/ram_full_i> in Unit <gs1.gbe_imp/ipbuf_imp/ipfb_imp> is equivalent to the following FF/Latch : <U0/xst_fifo_generator/gconvfifo.rf/grf.rf/gntv_or_sync_fifo.gl0.wr/gwas.wsts/ram_full_fb_i> 
INFO:Xst:2260 - The FF/Latch <U0/xst_fifo_generator/gconvfifo.rf/grf.rf/rstblk/rd_rst_reg_2> in Unit <gs1.gbe_imp/ipbuf_imp/ipfb_imp> is equivalent to the following 2 FFs/Latches : <U0/xst_fifo_generator/gconvfifo.rf/grf.rf/rstblk/rd_rst_reg_1> <U0/xst_fifo_generator/gconvfifo.rf/grf.rf/rstblk/rd_rst_reg_0> 
INFO:Xst:2260 - The FF/Latch <U0/xst_fifo_generator/gconvfifo.rf/grf.rf/rstblk/wr_rst_reg_1> in Unit <gs1.gbe_imp/udpfb[1].udpfb_imp> is equivalent to the following FF/Latch : <U0/xst_fifo_generator/gconvfifo.rf/grf.rf/rstblk/wr_rst_reg_0> 
INFO:Xst:2260 - The FF/Latch <U0/xst_fifo_generator/gconvfifo.rf/grf.rf/gntv_or_sync_fifo.gl0.rd/gr1.rfwft/empty_fwft_i> in Unit <gs1.gbe_imp/udpfb[1].udpfb_imp> is equivalent to the following FF/Latch : <U0/xst_fifo_generator/gconvfifo.rf/grf.rf/gntv_or_sync_fifo.gl0.rd/gr1.rfwft/empty_fwft_fb> 
INFO:Xst:2260 - The FF/Latch <U0/xst_fifo_generator/gconvfifo.rf/grf.rf/gntv_or_sync_fifo.gl0.rd/gr1.rfwft/curr_fwft_state_FSM_FFd2> in Unit <gs1.gbe_imp/udpfb[1].udpfb_imp> is equivalent to the following FF/Latch : <U0/xst_fifo_generator/gconvfifo.rf/grf.rf/gntv_or_sync_fifo.gl0.rd/gr1.rfwft/user_valid> 
INFO:Xst:2260 - The FF/Latch <U0/xst_fifo_generator/gconvfifo.rf/grf.rf/gntv_or_sync_fifo.gl0.wr/gwas.wsts/ram_full_i> in Unit <gs1.gbe_imp/udpfb[1].udpfb_imp> is equivalent to the following FF/Latch : <U0/xst_fifo_generator/gconvfifo.rf/grf.rf/gntv_or_sync_fifo.gl0.wr/gwas.wsts/ram_full_fb_i> 
INFO:Xst:2260 - The FF/Latch <U0/xst_fifo_generator/gconvfifo.rf/grf.rf/rstblk/rd_rst_reg_2> in Unit <gs1.gbe_imp/udpfb[1].udpfb_imp> is equivalent to the following 2 FFs/Latches : <U0/xst_fifo_generator/gconvfifo.rf/grf.rf/rstblk/rd_rst_reg_1> <U0/xst_fifo_generator/gconvfifo.rf/grf.rf/rstblk/rd_rst_reg_0> 
INFO:Xst:2260 - The FF/Latch <U0/xst_fifo_generator/gconvfifo.rf/grf.rf/rstblk/wr_rst_reg_1> in Unit <gs1.gbe_imp/udpfb[0].udpfb_imp> is equivalent to the following FF/Latch : <U0/xst_fifo_generator/gconvfifo.rf/grf.rf/rstblk/wr_rst_reg_0> 
INFO:Xst:2260 - The FF/Latch <U0/xst_fifo_generator/gconvfifo.rf/grf.rf/gntv_or_sync_fifo.gl0.rd/gr1.rfwft/empty_fwft_i> in Unit <gs1.gbe_imp/udpfb[0].udpfb_imp> is equivalent to the following FF/Latch : <U0/xst_fifo_generator/gconvfifo.rf/grf.rf/gntv_or_sync_fifo.gl0.rd/gr1.rfwft/empty_fwft_fb> 
INFO:Xst:2260 - The FF/Latch <U0/xst_fifo_generator/gconvfifo.rf/grf.rf/gntv_or_sync_fifo.gl0.rd/gr1.rfwft/curr_fwft_state_FSM_FFd2> in Unit <gs1.gbe_imp/udpfb[0].udpfb_imp> is equivalent to the following FF/Latch : <U0/xst_fifo_generator/gconvfifo.rf/grf.rf/gntv_or_sync_fifo.gl0.rd/gr1.rfwft/user_valid> 
INFO:Xst:2260 - The FF/Latch <U0/xst_fifo_generator/gconvfifo.rf/grf.rf/gntv_or_sync_fifo.gl0.wr/gwas.wsts/ram_full_i> in Unit <gs1.gbe_imp/udpfb[0].udpfb_imp> is equivalent to the following FF/Latch : <U0/xst_fifo_generator/gconvfifo.rf/grf.rf/gntv_or_sync_fifo.gl0.wr/gwas.wsts/ram_full_fb_i> 
INFO:Xst:2260 - The FF/Latch <U0/xst_fifo_generator/gconvfifo.rf/grf.rf/rstblk/rd_rst_reg_2> in Unit <gs1.gbe_imp/udpfb[0].udpfb_imp> is equivalent to the following 2 FFs/Latches : <U0/xst_fifo_generator/gconvfifo.rf/grf.rf/rstblk/rd_rst_reg_1> <U0/xst_fifo_generator/gconvfifo.rf/grf.rf/rstblk/rd_rst_reg_0> 
INFO:Xst:2260 - The FF/Latch <U0/xst_fifo_generator/gconvfifo.rf/grf.rf/rstblk/wr_rst_reg_1> in Unit <gs1.gbe_imp/txfb_imp> is equivalent to the following FF/Latch : <U0/xst_fifo_generator/gconvfifo.rf/grf.rf/rstblk/wr_rst_reg_0> 
INFO:Xst:2260 - The FF/Latch <U0/xst_fifo_generator/gconvfifo.rf/grf.rf/gntv_or_sync_fifo.gl0.rd/gr1.rfwft/empty_fwft_i> in Unit <gs1.gbe_imp/txfb_imp> is equivalent to the following FF/Latch : <U0/xst_fifo_generator/gconvfifo.rf/grf.rf/gntv_or_sync_fifo.gl0.rd/gr1.rfwft/empty_fwft_fb> 
INFO:Xst:2260 - The FF/Latch <U0/xst_fifo_generator/gconvfifo.rf/grf.rf/gntv_or_sync_fifo.gl0.rd/gr1.rfwft/curr_fwft_state_FSM_FFd2> in Unit <gs1.gbe_imp/txfb_imp> is equivalent to the following FF/Latch : <U0/xst_fifo_generator/gconvfifo.rf/grf.rf/gntv_or_sync_fifo.gl0.rd/gr1.rfwft/user_valid> 
INFO:Xst:2260 - The FF/Latch <U0/xst_fifo_generator/gconvfifo.rf/grf.rf/gntv_or_sync_fifo.gl0.wr/gwas.wsts/ram_full_i> in Unit <gs1.gbe_imp/txfb_imp> is equivalent to the following FF/Latch : <U0/xst_fifo_generator/gconvfifo.rf/grf.rf/gntv_or_sync_fifo.gl0.wr/gwas.wsts/ram_full_fb_i> 
INFO:Xst:2260 - The FF/Latch <U0/xst_fifo_generator/gconvfifo.rf/grf.rf/rstblk/rd_rst_reg_2> in Unit <gs1.gbe_imp/txfb_imp> is equivalent to the following 2 FFs/Latches : <U0/xst_fifo_generator/gconvfifo.rf/grf.rf/rstblk/rd_rst_reg_1> <U0/xst_fifo_generator/gconvfifo.rf/grf.rf/rstblk/rd_rst_reg_0> 
INFO:Xst:2260 - The FF/Latch <U0/xst_fifo_generator/gconvfifo.rf/grf.rf/rstblk/wr_rst_reg_1> in Unit <gs1.gbe_imp/rxfb_imp> is equivalent to the following FF/Latch : <U0/xst_fifo_generator/gconvfifo.rf/grf.rf/rstblk/wr_rst_reg_0> 
INFO:Xst:2260 - The FF/Latch <U0/xst_fifo_generator/gconvfifo.rf/grf.rf/gntv_or_sync_fifo.gl0.rd/gr1.rfwft/empty_fwft_i> in Unit <gs1.gbe_imp/rxfb_imp> is equivalent to the following FF/Latch : <U0/xst_fifo_generator/gconvfifo.rf/grf.rf/gntv_or_sync_fifo.gl0.rd/gr1.rfwft/empty_fwft_fb> 
INFO:Xst:2260 - The FF/Latch <U0/xst_fifo_generator/gconvfifo.rf/grf.rf/gntv_or_sync_fifo.gl0.rd/gr1.rfwft/curr_fwft_state_FSM_FFd2> in Unit <gs1.gbe_imp/rxfb_imp> is equivalent to the following FF/Latch : <U0/xst_fifo_generator/gconvfifo.rf/grf.rf/gntv_or_sync_fifo.gl0.rd/gr1.rfwft/user_valid> 
INFO:Xst:2260 - The FF/Latch <U0/xst_fifo_generator/gconvfifo.rf/grf.rf/gntv_or_sync_fifo.gl0.wr/gwas.wsts/ram_full_i> in Unit <gs1.gbe_imp/rxfb_imp> is equivalent to the following FF/Latch : <U0/xst_fifo_generator/gconvfifo.rf/grf.rf/gntv_or_sync_fifo.gl0.wr/gwas.wsts/ram_full_fb_i> 
INFO:Xst:2260 - The FF/Latch <U0/xst_fifo_generator/gconvfifo.rf/grf.rf/rstblk/rd_rst_reg_2> in Unit <gs1.gbe_imp/rxfb_imp> is equivalent to the following 2 FFs/Latches : <U0/xst_fifo_generator/gconvfifo.rf/grf.rf/rstblk/rd_rst_reg_1> <U0/xst_fifo_generator/gconvfifo.rf/grf.rf/rstblk/rd_rst_reg_0> 

Pipelining and Register Balancing Report ...

Processing Unit <master> :
	Register(s) gs1.gbe_imp/GBE_INT_ACK has(ve) been backward balanced into : gs1.gbe_imp/GBE_INT_ACK_BRB0 gs1.gbe_imp/GBE_INT_ACK_BRB1 gs1.gbe_imp/GBE_INT_ACK_BRB2.
Unit <master> processed.
FlipFlop tlk_imp/tlk_csr_30 has been replicated 1 time(s)

Final Macro Processing ...

Processing Unit <master> :
INFO:Xst:741 - HDL ADVISOR - A 4-bit shift register was found for signal <mi_imp/startpattern_imp/DLY_3> and currently occupies 4 logic cells (2 slices). Removing the set/reset logic would take advantage of SRL16 (and derived) primitives and reduce this to 1 logic cells (1 slices). Evaluate if the set/reset can be removed for this simple shift register. The majority of simple pipeline structures do not need to be set/reset operationally.
Unit <master> processed.

=========================================================================
Final Register Report

Macro Statistics
# Registers                                            : 2692
 Flip-Flops                                            : 2692

=========================================================================

=========================================================================
*                           Partition Report                            *
=========================================================================

Partition Implementation Status
-------------------------------

  No Partitions were found in this design.

-------------------------------

=========================================================================
*                            Final Report                               *
=========================================================================
Final Results
RTL Top Level Output File Name     : master.ngr
Top Level Output File Name         : master
Output Format                      : NGC
Optimization Goal                  : Speed
Keep Hierarchy                     : No

Design Statistics
# IOs                              : 127

Cell Usage :
# BELS                             : 10621
#      GND                         : 13
#      INV                         : 105
#      LUT1                        : 873
#      LUT2                        : 775
#      LUT2_D                      : 12
#      LUT2_L                      : 41
#      LUT3                        : 1190
#      LUT3_D                      : 5
#      LUT3_L                      : 10
#      LUT4                        : 3935
#      LUT4_D                      : 10
#      LUT4_L                      : 30
#      MULT_AND                    : 34
#      MUXCY                       : 1742
#      MUXCY_L                     : 78
#      MUXF5                       : 607
#      MUXF6                       : 1
#      VCC                         : 13
#      XORCY                       : 1147
# FlipFlops/Latches                : 4934
#      FD                          : 213
#      FD_1                        : 27
#      FDC                         : 874
#      FDCE                        : 492
#      FDE                         : 1535
#      FDP                         : 130
#      FDPE                        : 50
#      FDR                         : 261
#      FDR_1                       : 2
#      FDRE                        : 1098
#      FDRS                        : 45
#      FDRSE                       : 12
#      FDS                         : 132
#      FDS_1                       : 9
#      FDSE                        : 24
#      ODDR                        : 30
# RAMS                             : 201
#      RAM16X1D                    : 156
#      RAMB16                      : 45
# Shift Registers                  : 53
#      SRL16                       : 1
#      SRL16E                      : 51
#      SRLC16E                     : 1
# Clock Buffers                    : 10
#      BUFG                        : 6
#      BUFGCTRL                    : 4
# IO Buffers                       : 111
#      IBUF                        : 40
#      IBUFDS                      : 10
#      IBUFG                       : 4
#      OBUF                        : 51
#      OBUFDS                      : 6
# DCM_ADVs                         : 2
#      DCM_ADV                     : 2
# Others                           : 1
#      BUFR                        : 1
=========================================================================

Device utilization summary:
---------------------------

Selected Device : 4vlx25ff668-10 

 Number of Slices:                     4781  out of  10752    44%  
 Number of Slice Flip Flops:           4934  out of  21504    22%  
 Number of 4 input LUTs:               7351  out of  21504    34%  
    Number used as logic:              6986
    Number used as Shift registers:      53
    Number used as RAMs:                312
 Number of IOs:                         127
 Number of bonded IOBs:                 127  out of    448    28%  
 Number of FIFO16/RAMB16s:               45  out of     72    62%  
    Number used as RAMB16s:              45
 Number of GCLKs:                        10  out of     32    31%  
 Number of BUFRs:                         1  out of     24     4%  
 Number of DCM_ADVs:                      2  out of      8    25%  

---------------------------
Partition Resource Summary:
---------------------------

  No Partitions were found in this design.

---------------------------


=========================================================================
TIMING REPORT

NOTE: THESE TIMING NUMBERS ARE ONLY A SYNTHESIS ESTIMATE.
      FOR ACCURATE TIMING INFORMATION PLEASE REFER TO THE TRACE REPORT
      GENERATED AFTER PLACE-and-ROUTE.

Clock Information:
------------------
-----------------------------------+--------------------------------------------+-------+
Clock Signal                       | Clock buffer(FF name)                      | Load  |
-----------------------------------+--------------------------------------------+-------+
CLK15NS_PAD                        | IBUFG+BUFGCTRL                             | 2299  |
BDCLK_IN_PAD_P                     | BUFGCTRL+mi_imp/bdclk_dcm_imp:CLK0+BUFGCTRL| 118   |
GMII_RXCLK_PAD                     | IBUFG+BUFG                                 | 2452  |
CLK15NS_PAD                        | tlk_imp/tlkclk_dcm:CLKFX                   | 228   |
TLK_RXCLK_PAD                      | IBUFG+BUFG                                 | 191   |
-----------------------------------+--------------------------------------------+-------+

Asynchronous Control Signals Information:
----------------------------------------
---------------------------------------------------------------------------------------------------------------------------------------------------------------------------------------------------------------------+--------------------------------------------------------------------------------------------------------------------------------------------------------------------------------------------------------------------------------------+-------+
Control Signal                                                                                                                                                                                                       | Buffer(FF name)                                                                                                                                                                                                                      | Load  |
---------------------------------------------------------------------------------------------------------------------------------------------------------------------------------------------------------------------+--------------------------------------------------------------------------------------------------------------------------------------------------------------------------------------------------------------------------------------+-------+
gs1.gbe_imp/icmprep_imp/ipbuf_imp/ipfb_imp/U0/xst_fifo_generator/gconvfifo.rf/grf.rf/rstblk/rd_rst_reg<1>(gs1.gbe_imp/icmprep_imp/ipbuf_imp/ipfb_imp/U0/xst_fifo_generator/gconvfifo.rf/grf.rf/rstblk/rd_rst_reg_1:Q)| NONE(gs1.gbe_imp/icmprep_imp/ipbuf_imp/ipfb_imp/U0/xst_fifo_generator/gconvfifo.rf/grf.rf/gntv_or_sync_fifo.gcx.clkx/gsync_stage[1].rd_stg_inst/Q_reg_0)                                                                             | 44    |
gs1.gbe_imp/icmprep_imp/ipbuf_imp/ipfb_imp/U0/xst_fifo_generator/gconvfifo.rf/grf.rf/rstblk/wr_rst_reg<0>(gs1.gbe_imp/icmprep_imp/ipbuf_imp/ipfb_imp/U0/xst_fifo_generator/gconvfifo.rf/grf.rf/rstblk/wr_rst_reg_0:Q)| NONE(gs1.gbe_imp/icmprep_imp/ipbuf_imp/ipfb_imp/U0/xst_fifo_generator/gconvfifo.rf/grf.rf/gntv_or_sync_fifo.gcx.clkx/gsync_stage[1].wr_stg_inst/Q_reg_0)                                                                             | 44    |
gs1.gbe_imp/ipbuf_imp/ipfb_imp/U0/xst_fifo_generator/gconvfifo.rf/grf.rf/rstblk/rd_rst_reg<1>(gs1.gbe_imp/ipbuf_imp/ipfb_imp/U0/xst_fifo_generator/gconvfifo.rf/grf.rf/rstblk/rd_rst_reg_1:Q)                        | NONE(gs1.gbe_imp/ipbuf_imp/ipfb_imp/U0/xst_fifo_generator/gconvfifo.rf/grf.rf/gntv_or_sync_fifo.gcx.clkx/gsync_stage[1].rd_stg_inst/Q_reg_0)                                                                                         | 44    |
gs1.gbe_imp/ipbuf_imp/ipfb_imp/U0/xst_fifo_generator/gconvfifo.rf/grf.rf/rstblk/wr_rst_reg<0>(gs1.gbe_imp/ipbuf_imp/ipfb_imp/U0/xst_fifo_generator/gconvfifo.rf/grf.rf/rstblk/wr_rst_reg_0:Q)                        | NONE(gs1.gbe_imp/ipbuf_imp/ipfb_imp/U0/xst_fifo_generator/gconvfifo.rf/grf.rf/gntv_or_sync_fifo.gcx.clkx/gsync_stage[1].wr_stg_inst/Q_reg_0)                                                                                         | 44    |
gs1.gbe_imp/rxfb_imp/U0/xst_fifo_generator/gconvfifo.rf/grf.rf/rstblk/rd_rst_reg<1>(gs1.gbe_imp/rxfb_imp/U0/xst_fifo_generator/gconvfifo.rf/grf.rf/rstblk/rd_rst_reg_1:Q)                                            | NONE(gs1.gbe_imp/rxfb_imp/U0/xst_fifo_generator/gconvfifo.rf/grf.rf/gntv_or_sync_fifo.gcx.clkx/gsync_stage[1].rd_stg_inst/Q_reg_0)                                                                                                   | 44    |
gs1.gbe_imp/rxfb_imp/U0/xst_fifo_generator/gconvfifo.rf/grf.rf/rstblk/wr_rst_reg<0>(gs1.gbe_imp/rxfb_imp/U0/xst_fifo_generator/gconvfifo.rf/grf.rf/rstblk/wr_rst_reg_0:Q)                                            | NONE(gs1.gbe_imp/rxfb_imp/U0/xst_fifo_generator/gconvfifo.rf/grf.rf/gntv_or_sync_fifo.gcx.clkx/gsync_stage[1].wr_stg_inst/Q_reg_0)                                                                                                   | 44    |
gs1.gbe_imp/sendpkt_imp/ipbuf_imp/ipfb_imp/U0/xst_fifo_generator/gconvfifo.rf/grf.rf/rstblk/rd_rst_reg<1>(gs1.gbe_imp/sendpkt_imp/ipbuf_imp/ipfb_imp/U0/xst_fifo_generator/gconvfifo.rf/grf.rf/rstblk/rd_rst_reg_1:Q)| NONE(gs1.gbe_imp/sendpkt_imp/ipbuf_imp/ipfb_imp/U0/xst_fifo_generator/gconvfifo.rf/grf.rf/gntv_or_sync_fifo.gcx.clkx/gsync_stage[1].rd_stg_inst/Q_reg_0)                                                                             | 44    |
gs1.gbe_imp/sendpkt_imp/ipbuf_imp/ipfb_imp/U0/xst_fifo_generator/gconvfifo.rf/grf.rf/rstblk/wr_rst_reg<0>(gs1.gbe_imp/sendpkt_imp/ipbuf_imp/ipfb_imp/U0/xst_fifo_generator/gconvfifo.rf/grf.rf/rstblk/wr_rst_reg_0:Q)| NONE(gs1.gbe_imp/sendpkt_imp/ipbuf_imp/ipfb_imp/U0/xst_fifo_generator/gconvfifo.rf/grf.rf/gntv_or_sync_fifo.gcx.clkx/gsync_stage[1].wr_stg_inst/Q_reg_0)                                                                             | 44    |
gs1.gbe_imp/txfb_imp/U0/xst_fifo_generator/gconvfifo.rf/grf.rf/rstblk/rd_rst_reg<1>(gs1.gbe_imp/txfb_imp/U0/xst_fifo_generator/gconvfifo.rf/grf.rf/rstblk/rd_rst_reg_1:Q)                                            | NONE(gs1.gbe_imp/txfb_imp/U0/xst_fifo_generator/gconvfifo.rf/grf.rf/gntv_or_sync_fifo.gcx.clkx/gsync_stage[1].rd_stg_inst/Q_reg_0)                                                                                                   | 44    |
gs1.gbe_imp/txfb_imp/U0/xst_fifo_generator/gconvfifo.rf/grf.rf/rstblk/wr_rst_reg<0>(gs1.gbe_imp/txfb_imp/U0/xst_fifo_generator/gconvfifo.rf/grf.rf/rstblk/wr_rst_reg_0:Q)                                            | NONE(gs1.gbe_imp/txfb_imp/U0/xst_fifo_generator/gconvfifo.rf/grf.rf/gntv_or_sync_fifo.gcx.clkx/gsync_stage[1].wr_stg_inst/Q_reg_0)                                                                                                   | 44    |
gs1.gbe_imp/udpfb[0].udpfb_imp/U0/xst_fifo_generator/gconvfifo.rf/grf.rf/rstblk/rd_rst_reg<1>(gs1.gbe_imp/udpfb[0].udpfb_imp/U0/xst_fifo_generator/gconvfifo.rf/grf.rf/rstblk/rd_rst_reg_1:Q)                        | NONE(gs1.gbe_imp/udpfb[0].udpfb_imp/U0/xst_fifo_generator/gconvfifo.rf/grf.rf/gntv_or_sync_fifo.gcx.clkx/gsync_stage[1].rd_stg_inst/Q_reg_0)                                                                                         | 44    |
gs1.gbe_imp/udpfb[0].udpfb_imp/U0/xst_fifo_generator/gconvfifo.rf/grf.rf/rstblk/wr_rst_reg<0>(gs1.gbe_imp/udpfb[0].udpfb_imp/U0/xst_fifo_generator/gconvfifo.rf/grf.rf/rstblk/wr_rst_reg_0:Q)                        | NONE(gs1.gbe_imp/udpfb[0].udpfb_imp/U0/xst_fifo_generator/gconvfifo.rf/grf.rf/gntv_or_sync_fifo.gcx.clkx/gsync_stage[1].wr_stg_inst/Q_reg_0)                                                                                         | 44    |
gs1.gbe_imp/udpfb[1].udpfb_imp/U0/xst_fifo_generator/gconvfifo.rf/grf.rf/rstblk/rd_rst_reg<1>(gs1.gbe_imp/udpfb[1].udpfb_imp/U0/xst_fifo_generator/gconvfifo.rf/grf.rf/rstblk/rd_rst_reg_1:Q)                        | NONE(gs1.gbe_imp/udpfb[1].udpfb_imp/U0/xst_fifo_generator/gconvfifo.rf/grf.rf/gntv_or_sync_fifo.gcx.clkx/gsync_stage[1].rd_stg_inst/Q_reg_0)                                                                                         | 44    |
gs1.gbe_imp/udpfb[1].udpfb_imp/U0/xst_fifo_generator/gconvfifo.rf/grf.rf/rstblk/wr_rst_reg<0>(gs1.gbe_imp/udpfb[1].udpfb_imp/U0/xst_fifo_generator/gconvfifo.rf/grf.rf/rstblk/wr_rst_reg_0:Q)                        | NONE(gs1.gbe_imp/udpfb[1].udpfb_imp/U0/xst_fifo_generator/gconvfifo.rf/grf.rf/gntv_or_sync_fifo.gcx.clkx/gsync_stage[1].wr_stg_inst/Q_reg_0)                                                                                         | 44    |
tlk_imp/tlkfifo_imp/U0/xst_fifo_generator/gconvfifo.rf/grf.rf/rstblk/wr_rst_reg<0>(tlk_imp/tlkfifo_imp/U0/xst_fifo_generator/gconvfifo.rf/grf.rf/rstblk/wr_rst_reg_0:Q)                                              | NONE(tlk_imp/tlkfifo_imp/U0/xst_fifo_generator/gconvfifo.rf/grf.rf/gntv_or_sync_fifo.gcx.clkx/gsync_stage[1].wr_stg_inst/Q_reg_0)                                                                                                    | 38    |
tlk_imp/tlkfifo_imp/U0/xst_fifo_generator/gconvfifo.rf/grf.rf/rstblk/rd_rst_reg<1>(tlk_imp/tlkfifo_imp/U0/xst_fifo_generator/gconvfifo.rf/grf.rf/rstblk/rd_rst_reg_1:Q)                                              | NONE(tlk_imp/tlkfifo_imp/U0/xst_fifo_generator/gconvfifo.rf/grf.rf/gntv_or_sync_fifo.gcx.clkx/gsync_stage[1].rd_stg_inst/Q_reg_0)                                                                                                    | 37    |
tlk_imp/rxsb_imp/U0/xst_fifo_generator/gconvfifo.rf/grf.rf/rstblk/rd_rst_reg<1>(tlk_imp/rxsb_imp/U0/xst_fifo_generator/gconvfifo.rf/grf.rf/rstblk/rd_rst_reg_1:Q)                                                    | NONE(tlk_imp/rxsb_imp/U0/xst_fifo_generator/gconvfifo.rf/grf.rf/gntv_or_sync_fifo.gcx.clkx/gsync_stage[1].rd_stg_inst/Q_reg_0)                                                                                                       | 36    |
tlk_imp/rxsb_imp/U0/xst_fifo_generator/gconvfifo.rf/grf.rf/rstblk/wr_rst_reg<0>(tlk_imp/rxsb_imp/U0/xst_fifo_generator/gconvfifo.rf/grf.rf/rstblk/wr_rst_reg_0:Q)                                                    | NONE(tlk_imp/rxsb_imp/U0/xst_fifo_generator/gconvfifo.rf/grf.rf/gntv_or_sync_fifo.gcx.clkx/gsync_stage[1].wr_stg_inst/Q_reg_0)                                                                                                       | 36    |
tlk_imp/txsb_imp/U0/xst_fifo_generator/gconvfifo.rf/grf.rf/rstblk/rd_rst_reg<1>(tlk_imp/txsb_imp/U0/xst_fifo_generator/gconvfifo.rf/grf.rf/rstblk/rd_rst_reg_1:Q)                                                    | NONE(tlk_imp/txsb_imp/U0/xst_fifo_generator/gconvfifo.rf/grf.rf/gntv_or_sync_fifo.gcx.clkx/gsync_stage[1].rd_stg_inst/Q_reg_0)                                                                                                       | 36    |
tlk_imp/txsb_imp/U0/xst_fifo_generator/gconvfifo.rf/grf.rf/rstblk/wr_rst_reg<0>(tlk_imp/txsb_imp/U0/xst_fifo_generator/gconvfifo.rf/grf.rf/rstblk/wr_rst_reg_0:Q)                                                    | NONE(tlk_imp/txsb_imp/U0/xst_fifo_generator/gconvfifo.rf/grf.rf/gntv_or_sync_fifo.gcx.clkx/gsync_stage[1].wr_stg_inst/Q_reg_0)                                                                                                       | 36    |
gs1.gbe_imp/icmprep_imp/ipbuf_imp/ipfb_imp/U0/xst_fifo_generator/gconvfifo.rf/grf.rf/rstblk/wr_rst_reg<1>(gs1.gbe_imp/icmprep_imp/ipbuf_imp/ipfb_imp/U0/xst_fifo_generator/gconvfifo.rf/grf.rf/rstblk/wr_rst_reg_1:Q)| NONE(gs1.gbe_imp/icmprep_imp/ipbuf_imp/ipfb_imp/U0/xst_fifo_generator/gconvfifo.rf/grf.rf/gntv_or_sync_fifo.gl0.wr/wpntr/count_0)                                                                                                    | 33    |
gs1.gbe_imp/ipbuf_imp/ipfb_imp/U0/xst_fifo_generator/gconvfifo.rf/grf.rf/rstblk/wr_rst_reg<1>(gs1.gbe_imp/ipbuf_imp/ipfb_imp/U0/xst_fifo_generator/gconvfifo.rf/grf.rf/rstblk/wr_rst_reg_1:Q)                        | NONE(gs1.gbe_imp/ipbuf_imp/ipfb_imp/U0/xst_fifo_generator/gconvfifo.rf/grf.rf/gntv_or_sync_fifo.gl0.wr/wpntr/count_0)                                                                                                                | 33    |
gs1.gbe_imp/rxfb_imp/U0/xst_fifo_generator/gconvfifo.rf/grf.rf/rstblk/wr_rst_reg<1>(gs1.gbe_imp/rxfb_imp/U0/xst_fifo_generator/gconvfifo.rf/grf.rf/rstblk/wr_rst_reg_1:Q)                                            | NONE(gs1.gbe_imp/rxfb_imp/U0/xst_fifo_generator/gconvfifo.rf/grf.rf/gntv_or_sync_fifo.gl0.wr/wpntr/count_0)                                                                                                                          | 33    |
gs1.gbe_imp/sendpkt_imp/ipbuf_imp/ipfb_imp/U0/xst_fifo_generator/gconvfifo.rf/grf.rf/rstblk/wr_rst_reg<1>(gs1.gbe_imp/sendpkt_imp/ipbuf_imp/ipfb_imp/U0/xst_fifo_generator/gconvfifo.rf/grf.rf/rstblk/wr_rst_reg_1:Q)| NONE(gs1.gbe_imp/sendpkt_imp/ipbuf_imp/ipfb_imp/U0/xst_fifo_generator/gconvfifo.rf/grf.rf/gntv_or_sync_fifo.gl0.wr/wpntr/count_0)                                                                                                    | 33    |
gs1.gbe_imp/txfb_imp/U0/xst_fifo_generator/gconvfifo.rf/grf.rf/rstblk/wr_rst_reg<1>(gs1.gbe_imp/txfb_imp/U0/xst_fifo_generator/gconvfifo.rf/grf.rf/rstblk/wr_rst_reg_1:Q)                                            | NONE(gs1.gbe_imp/txfb_imp/U0/xst_fifo_generator/gconvfifo.rf/grf.rf/gntv_or_sync_fifo.gl0.wr/wpntr/count_0)                                                                                                                          | 33    |
gs1.gbe_imp/udpfb[0].udpfb_imp/U0/xst_fifo_generator/gconvfifo.rf/grf.rf/rstblk/wr_rst_reg<1>(gs1.gbe_imp/udpfb[0].udpfb_imp/U0/xst_fifo_generator/gconvfifo.rf/grf.rf/rstblk/wr_rst_reg_1:Q)                        | NONE(gs1.gbe_imp/udpfb[0].udpfb_imp/U0/xst_fifo_generator/gconvfifo.rf/grf.rf/gntv_or_sync_fifo.gl0.wr/wpntr/count_0)                                                                                                                | 33    |
gs1.gbe_imp/udpfb[1].udpfb_imp/U0/xst_fifo_generator/gconvfifo.rf/grf.rf/rstblk/wr_rst_reg<1>(gs1.gbe_imp/udpfb[1].udpfb_imp/U0/xst_fifo_generator/gconvfifo.rf/grf.rf/rstblk/wr_rst_reg_1:Q)                        | NONE(gs1.gbe_imp/udpfb[1].udpfb_imp/U0/xst_fifo_generator/gconvfifo.rf/grf.rf/gntv_or_sync_fifo.gl0.wr/wpntr/count_0)                                                                                                                | 33    |
gs1.gbe_imp/icmprep_imp/ipbuf_imp/ipfb_imp/U0/xst_fifo_generator/gconvfifo.rf/grf.rf/rstblk/rd_rst_reg<2>(gs1.gbe_imp/icmprep_imp/ipbuf_imp/ipfb_imp/U0/xst_fifo_generator/gconvfifo.rf/grf.rf/rstblk/rd_rst_reg_2:Q)| NONE(gs1.gbe_imp/icmprep_imp/ipbuf_imp/ipfb_imp/U0/xst_fifo_generator/gconvfifo.rf/grf.rf/gntv_or_sync_fifo.gl0.rd/gr1.rfwft/curr_fwft_state_FSM_FFd1)                                                                               | 28    |
gs1.gbe_imp/ipbuf_imp/ipfb_imp/U0/xst_fifo_generator/gconvfifo.rf/grf.rf/rstblk/rd_rst_reg<2>(gs1.gbe_imp/ipbuf_imp/ipfb_imp/U0/xst_fifo_generator/gconvfifo.rf/grf.rf/rstblk/rd_rst_reg_2:Q)                        | NONE(gs1.gbe_imp/ipbuf_imp/ipfb_imp/U0/xst_fifo_generator/gconvfifo.rf/grf.rf/gntv_or_sync_fifo.gl0.rd/gr1.rfwft/curr_fwft_state_FSM_FFd1)                                                                                           | 28    |
gs1.gbe_imp/rxfb_imp/U0/xst_fifo_generator/gconvfifo.rf/grf.rf/rstblk/rd_rst_reg<2>(gs1.gbe_imp/rxfb_imp/U0/xst_fifo_generator/gconvfifo.rf/grf.rf/rstblk/rd_rst_reg_2:Q)                                            | NONE(gs1.gbe_imp/rxfb_imp/U0/xst_fifo_generator/gconvfifo.rf/grf.rf/gntv_or_sync_fifo.gl0.rd/gr1.rfwft/curr_fwft_state_FSM_FFd1)                                                                                                     | 28    |
gs1.gbe_imp/sendpkt_imp/ipbuf_imp/ipfb_imp/U0/xst_fifo_generator/gconvfifo.rf/grf.rf/rstblk/rd_rst_reg<2>(gs1.gbe_imp/sendpkt_imp/ipbuf_imp/ipfb_imp/U0/xst_fifo_generator/gconvfifo.rf/grf.rf/rstblk/rd_rst_reg_2:Q)| NONE(gs1.gbe_imp/sendpkt_imp/ipbuf_imp/ipfb_imp/U0/xst_fifo_generator/gconvfifo.rf/grf.rf/gntv_or_sync_fifo.gl0.rd/gr1.rfwft/curr_fwft_state_FSM_FFd1)                                                                               | 28    |
gs1.gbe_imp/txfb_imp/U0/xst_fifo_generator/gconvfifo.rf/grf.rf/rstblk/rd_rst_reg<2>(gs1.gbe_imp/txfb_imp/U0/xst_fifo_generator/gconvfifo.rf/grf.rf/rstblk/rd_rst_reg_2:Q)                                            | NONE(gs1.gbe_imp/txfb_imp/U0/xst_fifo_generator/gconvfifo.rf/grf.rf/gntv_or_sync_fifo.gl0.rd/gr1.rfwft/curr_fwft_state_FSM_FFd1)                                                                                                     | 28    |
gs1.gbe_imp/udpfb[0].udpfb_imp/U0/xst_fifo_generator/gconvfifo.rf/grf.rf/rstblk/rd_rst_reg<2>(gs1.gbe_imp/udpfb[0].udpfb_imp/U0/xst_fifo_generator/gconvfifo.rf/grf.rf/rstblk/rd_rst_reg_2:Q)                        | NONE(gs1.gbe_imp/udpfb[0].udpfb_imp/U0/xst_fifo_generator/gconvfifo.rf/grf.rf/gntv_or_sync_fifo.gl0.rd/gr1.rfwft/curr_fwft_state_FSM_FFd1)                                                                                           | 28    |
gs1.gbe_imp/udpfb[1].udpfb_imp/U0/xst_fifo_generator/gconvfifo.rf/grf.rf/rstblk/rd_rst_reg<2>(gs1.gbe_imp/udpfb[1].udpfb_imp/U0/xst_fifo_generator/gconvfifo.rf/grf.rf/rstblk/rd_rst_reg_2:Q)                        | NONE(gs1.gbe_imp/udpfb[1].udpfb_imp/U0/xst_fifo_generator/gconvfifo.rf/grf.rf/gntv_or_sync_fifo.gl0.rd/gr1.rfwft/curr_fwft_state_FSM_FFd1)                                                                                           | 28    |
tlk_imp/rxsb_imp/U0/xst_fifo_generator/gconvfifo.rf/grf.rf/rstblk/wr_rst_reg<1>(tlk_imp/rxsb_imp/U0/xst_fifo_generator/gconvfifo.rf/grf.rf/rstblk/wr_rst_reg_1:Q)                                                    | NONE(tlk_imp/rxsb_imp/U0/xst_fifo_generator/gconvfifo.rf/grf.rf/gntv_or_sync_fifo.gl0.wr/wpntr/count_0)                                                                                                                              | 27    |
tlk_imp/tlkfifo_imp/U0/xst_fifo_generator/gconvfifo.rf/grf.rf/rstblk/wr_rst_reg<1>(tlk_imp/tlkfifo_imp/U0/xst_fifo_generator/gconvfifo.rf/grf.rf/rstblk/wr_rst_reg_1:Q)                                              | NONE(tlk_imp/tlkfifo_imp/U0/xst_fifo_generator/gconvfifo.rf/grf.rf/gntv_or_sync_fifo.gl0.wr/wpntr/count_0)                                                                                                                           | 27    |
tlk_imp/txsb_imp/U0/xst_fifo_generator/gconvfifo.rf/grf.rf/rstblk/wr_rst_reg<1>(tlk_imp/txsb_imp/U0/xst_fifo_generator/gconvfifo.rf/grf.rf/rstblk/wr_rst_reg_1:Q)                                                    | NONE(tlk_imp/txsb_imp/U0/xst_fifo_generator/gconvfifo.rf/grf.rf/gntv_or_sync_fifo.gl0.wr/wpntr/count_0)                                                                                                                              | 27    |
tlk_imp/tlkfifo_imp/U0/xst_fifo_generator/gconvfifo.rf/grf.rf/rstblk/rd_rst_reg<2>(tlk_imp/tlkfifo_imp/U0/xst_fifo_generator/gconvfifo.rf/grf.rf/rstblk/rd_rst_reg_2:Q)                                              | NONE(tlk_imp/tlkfifo_imp/U0/xst_fifo_generator/gconvfifo.rf/grf.rf/gntv_or_sync_fifo.gl0.rd/gr1.rfwft/curr_fwft_state_FSM_FFd1)                                                                                                      | 25    |
tlk_imp/rxsb_imp/U0/xst_fifo_generator/gconvfifo.rf/grf.rf/rstblk/rd_rst_reg<2>(tlk_imp/rxsb_imp/U0/xst_fifo_generator/gconvfifo.rf/grf.rf/rstblk/rd_rst_reg_2:Q)                                                    | NONE(tlk_imp/rxsb_imp/U0/xst_fifo_generator/gconvfifo.rf/grf.rf/gntv_or_sync_fifo.gl0.rd/gr1.rfwft/curr_fwft_state_FSM_FFd1)                                                                                                         | 24    |
tlk_imp/txsb_imp/U0/xst_fifo_generator/gconvfifo.rf/grf.rf/rstblk/rd_rst_reg<2>(tlk_imp/txsb_imp/U0/xst_fifo_generator/gconvfifo.rf/grf.rf/rstblk/rd_rst_reg_2:Q)                                                    | NONE(tlk_imp/txsb_imp/U0/xst_fifo_generator/gconvfifo.rf/grf.rf/gntv_or_sync_fifo.gl0.rd/gr1.rfwft/curr_fwft_state_FSM_FFd1)                                                                                                         | 24    |
tlk_imp/tlk_csr_30(tlk_imp/tlk_csr_30:Q)                                                                                                                                                                             | NONE(tlk_imp/rxsb_imp/U0/xst_fifo_generator/gconvfifo.rf/grf.rf/rstblk/RST_FULL_GEN)                                                                                                                                                 | 18    |
gs1.gbe_imp/gbe_csr_30(gs1.gbe_imp/gbe_csr_30:Q)                                                                                                                                                                     | NONE(gs1.gbe_imp/rxfb_imp/U0/xst_fifo_generator/gconvfifo.rf/grf.rf/rstblk/RST_FULL_GEN)                                                                                                                                             | 12    |
gs1.gbe_imp/icmprep_imp/ipbuf_imp/clear_fifo(gs1.gbe_imp/ipbuf_imp/clear_fifo1_f5:O)                                                                                                                                 | NONE(gs1.gbe_imp/icmprep_imp/ipbuf_imp/ipfb_imp/U0/xst_fifo_generator/gconvfifo.rf/grf.rf/rstblk/RST_FULL_GEN)                                                                                                                       | 12    |
gs1.gbe_imp/arptab_imp/arptab_dpram_imp/N1(gs1.gbe_imp/arptab_imp/arptab_dpram_imp/XST_GND:G)                                                                                                                        | NONE(gs1.gbe_imp/arptab_imp/arptab_dpram_imp/U0/xst_blk_mem_generator/gnativebmg.native_blk_mem_gen/valid.cstr/ramloop[0].ram.r/v4_noinit.ram/TRUE_DP.SINGLE_PRIM.TDP)                                                               | 6     |
gs1.gbe_imp/selected_udp_buffer_clear<0>(gs1.gbe_imp/selected_udp_buffer_clear<0>2:O)                                                                                                                                | NONE(gs1.gbe_imp/udpfb[0].udpfb_imp/U0/xst_fifo_generator/gconvfifo.rf/grf.rf/rstblk/RST_FULL_GEN)                                                                                                                                   | 6     |
gs1.gbe_imp/selected_udp_buffer_clear<1>(gs1.gbe_imp/selected_udp_buffer_clear<1>2:O)                                                                                                                                | NONE(gs1.gbe_imp/udpfb[1].udpfb_imp/U0/xst_fifo_generator/gconvfifo.rf/grf.rf/rstblk/RST_FULL_GEN)                                                                                                                                   | 6     |
gs1.gbe_imp/sendpkt_imp/ipbuf_imp/clear_fifo(gs1.gbe_imp/sendpkt_imp/ipbuf_imp/clear_fifo1:O)                                                                                                                        | NONE(gs1.gbe_imp/sendpkt_imp/ipbuf_imp/ipfb_imp/U0/xst_fifo_generator/gconvfifo.rf/grf.rf/rstblk/RST_FULL_GEN)                                                                                                                       | 6     |
gs1.gbe_imp/ipbuf_imp/ipfb_imp/N0(gs1.gbe_imp/ipbuf_imp/ipfb_imp/XST_GND:G)                                                                                                                                          | NONE(gs1.gbe_imp/ipbuf_imp/ipfb_imp/U0/xst_fifo_generator/gconvfifo.rf/grf.rf/gntv_or_sync_fifo.mem/gbm.gbmg.gbmga.ngecc.bmg/gnativebmg.native_blk_mem_gen/valid.cstr/ramloop[0].ram.r/v4_noinit.ram/SDP.SINGLE_PRIM.SDP)            | 4     |
gs1.gbe_imp/rxfb_imp/N0(gs1.gbe_imp/rxfb_imp/XST_GND:G)                                                                                                                                                              | NONE(gs1.gbe_imp/rxfb_imp/U0/xst_fifo_generator/gconvfifo.rf/grf.rf/gntv_or_sync_fifo.mem/gbm.gbmg.gbmga.ngecc.bmg/gnativebmg.native_blk_mem_gen/valid.cstr/ramloop[0].ram.r/v4_noinit.ram/SDP.SINGLE_PRIM.SDP)                      | 4     |
gs1.gbe_imp/sendpkt_imp/ipbuf_imp/ipfb_imp/N0(gs1.gbe_imp/sendpkt_imp/ipbuf_imp/ipfb_imp/XST_GND:G)                                                                                                                  | NONE(gs1.gbe_imp/sendpkt_imp/ipbuf_imp/ipfb_imp/U0/xst_fifo_generator/gconvfifo.rf/grf.rf/gntv_or_sync_fifo.mem/gbm.gbmg.gbmga.ngecc.bmg/gnativebmg.native_blk_mem_gen/valid.cstr/ramloop[0].ram.r/v4_noinit.ram/SDP.SINGLE_PRIM.SDP)| 4     |
gs1.gbe_imp/txfb_imp/N0(gs1.gbe_imp/txfb_imp/XST_GND:G)                                                                                                                                                              | NONE(gs1.gbe_imp/txfb_imp/U0/xst_fifo_generator/gconvfifo.rf/grf.rf/gntv_or_sync_fifo.mem/gbm.gbmg.gbmga.ngecc.bmg/gnativebmg.native_blk_mem_gen/valid.cstr/ramloop[0].ram.r/v4_noinit.ram/SDP.SINGLE_PRIM.SDP)                      | 4     |
gs1.gbe_imp/udpfb[0].udpfb_imp/N0(gs1.gbe_imp/udpfb[0].udpfb_imp/XST_GND:G)                                                                                                                                          | NONE(gs1.gbe_imp/udpfb[0].udpfb_imp/U0/xst_fifo_generator/gconvfifo.rf/grf.rf/gntv_or_sync_fifo.mem/gbm.gbmg.gbmga.ngecc.bmg/gnativebmg.native_blk_mem_gen/valid.cstr/ramloop[0].ram.r/v4_noinit.ram/SDP.SINGLE_PRIM.SDP)            | 4     |
gs1.gbe_imp/udpfb[1].udpfb_imp/N0(gs1.gbe_imp/udpfb[1].udpfb_imp/XST_GND:G)                                                                                                                                          | NONE(gs1.gbe_imp/udpfb[1].udpfb_imp/U0/xst_fifo_generator/gconvfifo.rf/grf.rf/gntv_or_sync_fifo.mem/gbm.gbmg.gbmga.ngecc.bmg/gnativebmg.native_blk_mem_gen/valid.cstr/ramloop[0].ram.r/v4_noinit.ram/SDP.SINGLE_PRIM.SDP)            | 4     |
tlk_imp/rxsb_imp/N0(tlk_imp/rxsb_imp/XST_GND:G)                                                                                                                                                                      | NONE(tlk_imp/rxsb_imp/U0/xst_fifo_generator/gconvfifo.rf/grf.rf/gntv_or_sync_fifo.mem/gbm.gbmg.gbmga.ngecc.bmg/gnativebmg.native_blk_mem_gen/valid.cstr/ramloop[0].ram.r/v4_noinit.ram/SDP.SINGLE_PRIM.SDP)                          | 4     |
tlk_imp/tlkfifo_imp/N0(tlk_imp/tlkfifo_imp/XST_GND:G)                                                                                                                                                                | NONE(tlk_imp/tlkfifo_imp/U0/xst_fifo_generator/gconvfifo.rf/grf.rf/gntv_or_sync_fifo.mem/gbm.gbmg.gbmga.ngecc.bmg/gnativebmg.native_blk_mem_gen/valid.cstr/ramloop[0].ram.r/v4_noinit.ram/SDP.SINGLE_PRIM.SDP)                       | 4     |
tlk_imp/txsb_imp/N0(tlk_imp/txsb_imp/XST_GND:G)                                                                                                                                                                      | NONE(tlk_imp/txsb_imp/U0/xst_fifo_generator/gconvfifo.rf/grf.rf/gntv_or_sync_fifo.mem/gbm.gbmg.gbmga.ngecc.bmg/gnativebmg.native_blk_mem_gen/valid.cstr/ramloop[0].ram.r/v4_noinit.ram/SDP.SINGLE_PRIM.SDP)                          | 4     |
gs1.gbe_imp/icmprep_imp/ipbuf_imp/ipfb_imp/U0/xst_fifo_generator/gconvfifo.rf/grf.rf/rstblk/rd_rst_comb(gs1.gbe_imp/icmprep_imp/ipbuf_imp/ipfb_imp/U0/xst_fifo_generator/gconvfifo.rf/grf.rf/rstblk/rd_rst_comb1:O)  | NONE(gs1.gbe_imp/icmprep_imp/ipbuf_imp/ipfb_imp/U0/xst_fifo_generator/gconvfifo.rf/grf.rf/rstblk/rd_rst_reg_0)                                                                                                                       | 3     |
gs1.gbe_imp/ipbuf_imp/ipfb_imp/U0/xst_fifo_generator/gconvfifo.rf/grf.rf/rstblk/rd_rst_comb(gs1.gbe_imp/ipbuf_imp/ipfb_imp/U0/xst_fifo_generator/gconvfifo.rf/grf.rf/rstblk/rd_rst_comb1:O)                          | NONE(gs1.gbe_imp/ipbuf_imp/ipfb_imp/U0/xst_fifo_generator/gconvfifo.rf/grf.rf/rstblk/rd_rst_reg_0)                                                                                                                                   | 3     |
gs1.gbe_imp/rxfb_imp/U0/xst_fifo_generator/gconvfifo.rf/grf.rf/rstblk/rd_rst_comb(gs1.gbe_imp/rxfb_imp/U0/xst_fifo_generator/gconvfifo.rf/grf.rf/rstblk/rd_rst_comb1:O)                                              | NONE(gs1.gbe_imp/rxfb_imp/U0/xst_fifo_generator/gconvfifo.rf/grf.rf/rstblk/rd_rst_reg_0)                                                                                                                                             | 3     |
gs1.gbe_imp/sendpkt_imp/ipbuf_imp/ipfb_imp/U0/xst_fifo_generator/gconvfifo.rf/grf.rf/rstblk/rd_rst_comb(gs1.gbe_imp/sendpkt_imp/ipbuf_imp/ipfb_imp/U0/xst_fifo_generator/gconvfifo.rf/grf.rf/rstblk/rd_rst_comb1:O)  | NONE(gs1.gbe_imp/sendpkt_imp/ipbuf_imp/ipfb_imp/U0/xst_fifo_generator/gconvfifo.rf/grf.rf/rstblk/rd_rst_reg_0)                                                                                                                       | 3     |
gs1.gbe_imp/txfb_imp/U0/xst_fifo_generator/gconvfifo.rf/grf.rf/rstblk/rd_rst_comb(gs1.gbe_imp/txfb_imp/U0/xst_fifo_generator/gconvfifo.rf/grf.rf/rstblk/rd_rst_comb1:O)                                              | NONE(gs1.gbe_imp/txfb_imp/U0/xst_fifo_generator/gconvfifo.rf/grf.rf/rstblk/rd_rst_reg_0)                                                                                                                                             | 3     |
gs1.gbe_imp/udpfb[0].udpfb_imp/U0/xst_fifo_generator/gconvfifo.rf/grf.rf/rstblk/rd_rst_comb(gs1.gbe_imp/udpfb[0].udpfb_imp/U0/xst_fifo_generator/gconvfifo.rf/grf.rf/rstblk/rd_rst_comb1:O)                          | NONE(gs1.gbe_imp/udpfb[0].udpfb_imp/U0/xst_fifo_generator/gconvfifo.rf/grf.rf/rstblk/rd_rst_reg_0)                                                                                                                                   | 3     |
gs1.gbe_imp/udpfb[1].udpfb_imp/U0/xst_fifo_generator/gconvfifo.rf/grf.rf/rstblk/rd_rst_comb(gs1.gbe_imp/udpfb[1].udpfb_imp/U0/xst_fifo_generator/gconvfifo.rf/grf.rf/rstblk/rd_rst_comb1:O)                          | NONE(gs1.gbe_imp/udpfb[1].udpfb_imp/U0/xst_fifo_generator/gconvfifo.rf/grf.rf/rstblk/rd_rst_reg_0)                                                                                                                                   | 3     |
tlk_imp/rxsb_imp/U0/xst_fifo_generator/gconvfifo.rf/grf.rf/rstblk/rd_rst_comb(tlk_imp/rxsb_imp/U0/xst_fifo_generator/gconvfifo.rf/grf.rf/rstblk/rd_rst_comb1:O)                                                      | NONE(tlk_imp/rxsb_imp/U0/xst_fifo_generator/gconvfifo.rf/grf.rf/rstblk/rd_rst_reg_0)                                                                                                                                                 | 3     |
tlk_imp/tlkfifo_imp/U0/xst_fifo_generator/gconvfifo.rf/grf.rf/rstblk/rd_rst_comb(tlk_imp/tlkfifo_imp/U0/xst_fifo_generator/gconvfifo.rf/grf.rf/rstblk/rd_rst_comb1:O)                                                | NONE(tlk_imp/tlkfifo_imp/U0/xst_fifo_generator/gconvfifo.rf/grf.rf/rstblk/rd_rst_reg_0)                                                                                                                                              | 3     |
tlk_imp/txsb_imp/U0/xst_fifo_generator/gconvfifo.rf/grf.rf/rstblk/rd_rst_comb(tlk_imp/txsb_imp/U0/xst_fifo_generator/gconvfifo.rf/grf.rf/rstblk/rd_rst_comb1:O)                                                      | NONE(tlk_imp/txsb_imp/U0/xst_fifo_generator/gconvfifo.rf/grf.rf/rstblk/rd_rst_reg_0)                                                                                                                                                 | 3     |
gs1.gbe_imp/icmprep_imp/ipbuf_imp/ipfb_imp/N0(gs1.gbe_imp/icmprep_imp/ipbuf_imp/ipfb_imp/XST_GND:G)                                                                                                                  | NONE(gs1.gbe_imp/icmprep_imp/ipbuf_imp/ipfb_imp/U0/xst_fifo_generator/gconvfifo.rf/grf.rf/gntv_or_sync_fifo.mem/gbm.gbmg.gbmga.ngecc.bmg/gnativebmg.native_blk_mem_gen/valid.cstr/ramloop[0].ram.r/v4_noinit.ram/SDP.SINGLE_PRIM.SDP)| 2     |
gs1.gbe_imp/icmprep_imp/ipbuf_imp/ipfb_imp/U0/xst_fifo_generator/gconvfifo.rf/grf.rf/rstblk/rst_d2(gs1.gbe_imp/icmprep_imp/ipbuf_imp/ipfb_imp/U0/xst_fifo_generator/gconvfifo.rf/grf.rf/rstblk/rst_d2:Q)             | NONE(gs1.gbe_imp/icmprep_imp/ipbuf_imp/ipfb_imp/U0/xst_fifo_generator/gconvfifo.rf/grf.rf/gntv_or_sync_fifo.gl0.wr/gwas.wsts/ram_full_fb_i)                                                                                          | 2     |
gs1.gbe_imp/icmprep_imp/ipbuf_imp/ipfb_imp/U0/xst_fifo_generator/gconvfifo.rf/grf.rf/rstblk/wr_rst_comb(gs1.gbe_imp/icmprep_imp/ipbuf_imp/ipfb_imp/U0/xst_fifo_generator/gconvfifo.rf/grf.rf/rstblk/wr_rst_comb1:O)  | NONE(gs1.gbe_imp/icmprep_imp/ipbuf_imp/ipfb_imp/U0/xst_fifo_generator/gconvfifo.rf/grf.rf/rstblk/wr_rst_reg_0)                                                                                                                       | 2     |
gs1.gbe_imp/ipbuf_imp/ipfb_imp/U0/xst_fifo_generator/gconvfifo.rf/grf.rf/rstblk/rst_d2(gs1.gbe_imp/ipbuf_imp/ipfb_imp/U0/xst_fifo_generator/gconvfifo.rf/grf.rf/rstblk/rst_d2:Q)                                     | NONE(gs1.gbe_imp/ipbuf_imp/ipfb_imp/U0/xst_fifo_generator/gconvfifo.rf/grf.rf/gntv_or_sync_fifo.gl0.wr/gwas.wsts/ram_full_fb_i)                                                                                                      | 2     |
gs1.gbe_imp/ipbuf_imp/ipfb_imp/U0/xst_fifo_generator/gconvfifo.rf/grf.rf/rstblk/wr_rst_comb(gs1.gbe_imp/ipbuf_imp/ipfb_imp/U0/xst_fifo_generator/gconvfifo.rf/grf.rf/rstblk/wr_rst_comb1:O)                          | NONE(gs1.gbe_imp/ipbuf_imp/ipfb_imp/U0/xst_fifo_generator/gconvfifo.rf/grf.rf/rstblk/wr_rst_reg_0)                                                                                                                                   | 2     |
gs1.gbe_imp/rxfb_imp/U0/xst_fifo_generator/gconvfifo.rf/grf.rf/rstblk/rst_d2(gs1.gbe_imp/rxfb_imp/U0/xst_fifo_generator/gconvfifo.rf/grf.rf/rstblk/rst_d2:Q)                                                         | NONE(gs1.gbe_imp/rxfb_imp/U0/xst_fifo_generator/gconvfifo.rf/grf.rf/gntv_or_sync_fifo.gl0.wr/gwas.wsts/ram_full_fb_i)                                                                                                                | 2     |
gs1.gbe_imp/rxfb_imp/U0/xst_fifo_generator/gconvfifo.rf/grf.rf/rstblk/wr_rst_comb(gs1.gbe_imp/rxfb_imp/U0/xst_fifo_generator/gconvfifo.rf/grf.rf/rstblk/wr_rst_comb1:O)                                              | NONE(gs1.gbe_imp/rxfb_imp/U0/xst_fifo_generator/gconvfifo.rf/grf.rf/rstblk/wr_rst_reg_0)                                                                                                                                             | 2     |
gs1.gbe_imp/sendpkt_imp/ipbuf_imp/ipfb_imp/U0/xst_fifo_generator/gconvfifo.rf/grf.rf/rstblk/rst_d2(gs1.gbe_imp/sendpkt_imp/ipbuf_imp/ipfb_imp/U0/xst_fifo_generator/gconvfifo.rf/grf.rf/rstblk/rst_d2:Q)             | NONE(gs1.gbe_imp/sendpkt_imp/ipbuf_imp/ipfb_imp/U0/xst_fifo_generator/gconvfifo.rf/grf.rf/gntv_or_sync_fifo.gl0.wr/gwas.wsts/ram_full_fb_i)                                                                                          | 2     |
gs1.gbe_imp/sendpkt_imp/ipbuf_imp/ipfb_imp/U0/xst_fifo_generator/gconvfifo.rf/grf.rf/rstblk/wr_rst_comb(gs1.gbe_imp/sendpkt_imp/ipbuf_imp/ipfb_imp/U0/xst_fifo_generator/gconvfifo.rf/grf.rf/rstblk/wr_rst_comb1:O)  | NONE(gs1.gbe_imp/sendpkt_imp/ipbuf_imp/ipfb_imp/U0/xst_fifo_generator/gconvfifo.rf/grf.rf/rstblk/wr_rst_reg_0)                                                                                                                       | 2     |
gs1.gbe_imp/txfb_imp/U0/xst_fifo_generator/gconvfifo.rf/grf.rf/rstblk/rst_d2(gs1.gbe_imp/txfb_imp/U0/xst_fifo_generator/gconvfifo.rf/grf.rf/rstblk/rst_d2:Q)                                                         | NONE(gs1.gbe_imp/txfb_imp/U0/xst_fifo_generator/gconvfifo.rf/grf.rf/gntv_or_sync_fifo.gl0.wr/gwas.wsts/ram_full_fb_i)                                                                                                                | 2     |
gs1.gbe_imp/txfb_imp/U0/xst_fifo_generator/gconvfifo.rf/grf.rf/rstblk/wr_rst_comb(gs1.gbe_imp/txfb_imp/U0/xst_fifo_generator/gconvfifo.rf/grf.rf/rstblk/wr_rst_comb1:O)                                              | NONE(gs1.gbe_imp/txfb_imp/U0/xst_fifo_generator/gconvfifo.rf/grf.rf/rstblk/wr_rst_reg_0)                                                                                                                                             | 2     |
gs1.gbe_imp/udpfb[0].udpfb_imp/U0/xst_fifo_generator/gconvfifo.rf/grf.rf/rstblk/rst_d2(gs1.gbe_imp/udpfb[0].udpfb_imp/U0/xst_fifo_generator/gconvfifo.rf/grf.rf/rstblk/rst_d2:Q)                                     | NONE(gs1.gbe_imp/udpfb[0].udpfb_imp/U0/xst_fifo_generator/gconvfifo.rf/grf.rf/gntv_or_sync_fifo.gl0.wr/gwas.wsts/ram_full_fb_i)                                                                                                      | 2     |
gs1.gbe_imp/udpfb[0].udpfb_imp/U0/xst_fifo_generator/gconvfifo.rf/grf.rf/rstblk/wr_rst_comb(gs1.gbe_imp/udpfb[0].udpfb_imp/U0/xst_fifo_generator/gconvfifo.rf/grf.rf/rstblk/wr_rst_comb1:O)                          | NONE(gs1.gbe_imp/udpfb[0].udpfb_imp/U0/xst_fifo_generator/gconvfifo.rf/grf.rf/rstblk/wr_rst_reg_0)                                                                                                                                   | 2     |
gs1.gbe_imp/udpfb[1].udpfb_imp/U0/xst_fifo_generator/gconvfifo.rf/grf.rf/rstblk/rst_d2(gs1.gbe_imp/udpfb[1].udpfb_imp/U0/xst_fifo_generator/gconvfifo.rf/grf.rf/rstblk/rst_d2:Q)                                     | NONE(gs1.gbe_imp/udpfb[1].udpfb_imp/U0/xst_fifo_generator/gconvfifo.rf/grf.rf/gntv_or_sync_fifo.gl0.wr/gwas.wsts/ram_full_fb_i)                                                                                                      | 2     |
gs1.gbe_imp/udpfb[1].udpfb_imp/U0/xst_fifo_generator/gconvfifo.rf/grf.rf/rstblk/wr_rst_comb(gs1.gbe_imp/udpfb[1].udpfb_imp/U0/xst_fifo_generator/gconvfifo.rf/grf.rf/rstblk/wr_rst_comb1:O)                          | NONE(gs1.gbe_imp/udpfb[1].udpfb_imp/U0/xst_fifo_generator/gconvfifo.rf/grf.rf/rstblk/wr_rst_reg_0)                                                                                                                                   | 2     |
tlk_imp/rxsb_imp/U0/xst_fifo_generator/gconvfifo.rf/grf.rf/rstblk/rst_d2(tlk_imp/rxsb_imp/U0/xst_fifo_generator/gconvfifo.rf/grf.rf/rstblk/rst_d2:Q)                                                                 | NONE(tlk_imp/rxsb_imp/U0/xst_fifo_generator/gconvfifo.rf/grf.rf/gntv_or_sync_fifo.gl0.wr/gwas.wsts/ram_full_fb_i)                                                                                                                    | 2     |
tlk_imp/rxsb_imp/U0/xst_fifo_generator/gconvfifo.rf/grf.rf/rstblk/wr_rst_comb(tlk_imp/rxsb_imp/U0/xst_fifo_generator/gconvfifo.rf/grf.rf/rstblk/wr_rst_comb1:O)                                                      | NONE(tlk_imp/rxsb_imp/U0/xst_fifo_generator/gconvfifo.rf/grf.rf/rstblk/wr_rst_reg_0)                                                                                                                                                 | 2     |
tlk_imp/tlkfifo_imp/U0/xst_fifo_generator/gconvfifo.rf/grf.rf/rstblk/rst_d2(tlk_imp/tlkfifo_imp/U0/xst_fifo_generator/gconvfifo.rf/grf.rf/rstblk/rst_d2:Q)                                                           | NONE(tlk_imp/tlkfifo_imp/U0/xst_fifo_generator/gconvfifo.rf/grf.rf/gntv_or_sync_fifo.gl0.wr/gwas.wsts/ram_full_fb_i)                                                                                                                 | 2     |
tlk_imp/tlkfifo_imp/U0/xst_fifo_generator/gconvfifo.rf/grf.rf/rstblk/wr_rst_comb(tlk_imp/tlkfifo_imp/U0/xst_fifo_generator/gconvfifo.rf/grf.rf/rstblk/wr_rst_comb1:O)                                                | NONE(tlk_imp/tlkfifo_imp/U0/xst_fifo_generator/gconvfifo.rf/grf.rf/rstblk/wr_rst_reg_0)                                                                                                                                              | 2     |
tlk_imp/txsb_imp/U0/xst_fifo_generator/gconvfifo.rf/grf.rf/rstblk/rst_d2(tlk_imp/txsb_imp/U0/xst_fifo_generator/gconvfifo.rf/grf.rf/rstblk/rst_d2:Q)                                                                 | NONE(tlk_imp/txsb_imp/U0/xst_fifo_generator/gconvfifo.rf/grf.rf/gntv_or_sync_fifo.gl0.wr/gwas.wsts/ram_full_fb_i)                                                                                                                    | 2     |
tlk_imp/txsb_imp/U0/xst_fifo_generator/gconvfifo.rf/grf.rf/rstblk/wr_rst_comb(tlk_imp/txsb_imp/U0/xst_fifo_generator/gconvfifo.rf/grf.rf/rstblk/wr_rst_comb1:O)                                                      | NONE(tlk_imp/txsb_imp/U0/xst_fifo_generator/gconvfifo.rf/grf.rf/rstblk/wr_rst_reg_0)                                                                                                                                                 | 2     |
CORE_RESET(XST_GND:G)                                                                                                                                                                                                | NONE(mi_imp/bcoclk_bufr_imp)                                                                                                                                                                                                         | 1     |
---------------------------------------------------------------------------------------------------------------------------------------------------------------------------------------------------------------------+--------------------------------------------------------------------------------------------------------------------------------------------------------------------------------------------------------------------------------------+-------+

Timing Summary:
---------------
Speed Grade: -10

   Minimum period: 59.926ns (Maximum Frequency: 16.687MHz)
   Minimum input arrival time before clock: 11.964ns
   Maximum output required time after clock: 6.453ns
   Maximum combinational path delay: 6.056ns

Timing Detail:
--------------
All values displayed in nanoseconds (ns)

=========================================================================
Timing constraint: Default period analysis for Clock 'CLK15NS_PAD'
  Clock period: 59.926ns (frequency: 16.687MHz)
  Total number of paths / destination ports: 258345 / 7034
-------------------------------------------------------------------------
Delay:               3.995ns (Levels of Logic = 4)
  Source:            tlk_imp/tlk_csr_30_1 (FF)
  Destination:       tlk_imp/tlkfifo_imp/U0/xst_fifo_generator/gconvfifo.rf/grf.rf/gntv_or_sync_fifo.mem/gbm.gbmg.gbmga.ngecc.bmg/gnativebmg.native_blk_mem_gen/valid.cstr/ramloop[0].ram.r/v4_noinit.ram/SDP.SINGLE_PRIM.SDP (RAM)
  Source Clock:      CLK15NS_PAD rising
  Destination Clock: CLK15NS_PAD rising 1.9X

  Data Path: tlk_imp/tlk_csr_30_1 to tlk_imp/tlkfifo_imp/U0/xst_fifo_generator/gconvfifo.rf/grf.rf/gntv_or_sync_fifo.mem/gbm.gbmg.gbmga.ngecc.bmg/gnativebmg.native_blk_mem_gen/valid.cstr/ramloop[0].ram.r/v4_noinit.ram/SDP.SINGLE_PRIM.SDP
                                Gate     Net
    Cell:in->out      fanout   Delay   Delay  Logical Name (Net Name)
    ----------------------------------------  ------------
     FDE:C->Q              1   0.360   0.523  tlk_imp/tlk_csr_30_1 (tlk_imp/tlk_csr_30_1)
     LUT2:I1->O            6   0.195   0.778  tlk_imp/fifo_re1 (tlk_imp/fifo_re)
     begin scope: 'tlk_imp/tlkfifo_imp'
     LUT4:I0->O           21   0.195   0.871  U0/xst_fifo_generator/gconvfifo.rf/grf.rf/gntv_or_sync_fifo.gl0.rd/gr1.rfwft/RAM_RD_EN_FWFT1_1 (U0/xst_fifo_generator/gconvfifo.rf/grf.rf/gntv_or_sync_fifo.gl0.rd/gr1.rfwft/RAM_RD_EN_FWFT1)
     LUT3:I2->O            1   0.195   0.360  U0/xst_fifo_generator/gconvfifo.rf/grf.rf/gntv_or_sync_fifo.mem/tmp_ram_rd_en1 (U0/xst_fifo_generator/gconvfifo.rf/grf.rf/gntv_or_sync_fifo.mem/tmp_ram_rd_en)
     RAMB16:ENB                0.518          U0/xst_fifo_generator/gconvfifo.rf/grf.rf/gntv_or_sync_fifo.mem/gbm.gbmg.gbmga.ngecc.bmg/gnativebmg.native_blk_mem_gen/valid.cstr/ramloop[0].ram.r/v4_noinit.ram/SDP.SINGLE_PRIM.SDP
    ----------------------------------------
    Total                      3.995ns (1.463ns logic, 2.532ns route)
                                       (36.6% logic, 63.4% route)

=========================================================================
Timing constraint: Default period analysis for Clock 'BDCLK_IN_PAD_P'
  Clock period: 4.179ns (frequency: 239.320MHz)
  Total number of paths / destination ports: 809 / 147
-------------------------------------------------------------------------
Delay:               2.089ns (Levels of Logic = 1)
  Source:            mi_imp/haltpattern_imp/DLY_1 (FF)
  Destination:       mi_imp/halt_count_7 (FF)
  Source Clock:      BDCLK_IN_PAD_P falling
  Destination Clock: BDCLK_IN_PAD_P rising

  Data Path: mi_imp/haltpattern_imp/DLY_1 to mi_imp/halt_count_7
                                Gate     Net
    Cell:in->out      fanout   Delay   Delay  Logical Name (Net Name)
    ----------------------------------------  ------------
     FDS_1:C->Q            2   0.307   0.602  mi_imp/haltpattern_imp/DLY_1 (mi_imp/haltpattern_imp/DLY_1)
     LUT2:I0->O            8   0.195   0.445  mi_imp/halt_count_and00001 (mi_imp/halt_count_and0000)
     FDE:CE                    0.540          mi_imp/halt_count_0
    ----------------------------------------
    Total                      2.089ns (1.042ns logic, 1.047ns route)
                                       (49.9% logic, 50.1% route)

=========================================================================
Timing constraint: Default period analysis for Clock 'GMII_RXCLK_PAD'
  Clock period: 9.082ns (frequency: 110.104MHz)
  Total number of paths / destination ports: 138056 / 4226
-------------------------------------------------------------------------
Delay:               9.082ns (Levels of Logic = 6)
  Source:            gs1.gbe_imp/ethernet_imp/arp_enable (FF)
  Destination:       gs1.gbe_imp/arptab_imp/COUNT_0 (FF)
  Source Clock:      GMII_RXCLK_PAD rising
  Destination Clock: GMII_RXCLK_PAD rising

  Data Path: gs1.gbe_imp/ethernet_imp/arp_enable to gs1.gbe_imp/arptab_imp/COUNT_0
                                Gate     Net
    Cell:in->out      fanout   Delay   Delay  Logical Name (Net Name)
    ----------------------------------------  ------------
     FDRE:C->Q            16   0.360   0.756  gs1.gbe_imp/ethernet_imp/arp_enable (gs1.gbe_imp/ethernet_imp/arp_enable)
     LUT4:I3->O            1   0.195   0.741  gs1.gbe_imp/MATCHED_ARPREP_FRAME_and000018 (gs1.gbe_imp/MATCHED_ARPREP_FRAME_and000018)
     LUT4:I0->O            2   0.195   0.705  gs1.gbe_imp/MATCHED_ARPREP_FRAME_and0000171 (gs1.gbe_imp/N29)
     LUT3:I0->O           34   0.195   1.161  gs1.gbe_imp/MATCHED_ARPREQ_FRAME_and00001 (gs1.gbe_imp/MATCHED_ARPREQ_FRAME)
     LUT3:I1->O           77   0.195   1.485  gs1.gbe_imp/arp_reply_strobe_and00001 (gs1.gbe_imp/arp_reply_strobe)
     LUT4:I0->O           81   0.195   1.282  gs1.gbe_imp/arptab_imp/DINA_mux0000<0>31 (gs1.gbe_imp/arptab_imp/N46)
     LUT4:I3->O            1   0.195   0.360  gs1.gbe_imp/arptab_imp/COUNT_mux0000<3>25 (gs1.gbe_imp/arptab_imp/COUNT_mux0000<3>25)
     FDRS:S                    1.062          gs1.gbe_imp/arptab_imp/COUNT_0
    ----------------------------------------
    Total                      9.082ns (2.592ns logic, 6.490ns route)
                                       (28.5% logic, 71.5% route)

=========================================================================
Timing constraint: Default period analysis for Clock 'TLK_RXCLK_PAD'
  Clock period: 7.798ns (frequency: 128.245MHz)
  Total number of paths / destination ports: 2309 / 407
-------------------------------------------------------------------------
Delay:               3.899ns (Levels of Logic = 1)
  Source:            tlk_imp/reset_counters (FF)
  Destination:       tlk_imp/tlk_rxcount_31 (FF)
  Source Clock:      TLK_RXCLK_PAD falling
  Destination Clock: TLK_RXCLK_PAD rising

  Data Path: tlk_imp/reset_counters to tlk_imp/tlk_rxcount_31
                                Gate     Net
    Cell:in->out      fanout   Delay   Delay  Logical Name (Net Name)
    ----------------------------------------  ------------
     FD_1:C->Q            97   0.307   1.407  tlk_imp/reset_counters (tlk_imp/reset_counters)
     LUT3:I1->O           32   0.195   0.928  tlk_imp/tlk_rxcount_and00001 (tlk_imp/tlk_rxcount_and0000)
     FDRE:R                    1.062          tlk_imp/tlk_rxcount_0
    ----------------------------------------
    Total                      3.899ns (1.564ns logic, 2.335ns route)
                                       (40.1% logic, 59.9% route)

=========================================================================
Timing constraint: Default OFFSET IN BEFORE for Clock 'CLK15NS_PAD'
  Total number of paths / destination ports: 13 / 13
-------------------------------------------------------------------------
Offset:              4.103ns (Levels of Logic = 5)
  Source:            TLK_RXER_PAD (PAD)
  Destination:       tlk_imp/write_data_7 (FF)
  Destination Clock: CLK15NS_PAD rising

  Data Path: TLK_RXER_PAD to tlk_imp/write_data_7
                                Gate     Net
    Cell:in->out      fanout   Delay   Delay  Logical Name (Net Name)
    ----------------------------------------  ------------
     IBUF:I->O             2   0.965   0.602  tlk_rxer_ibuf (TLK_RXER)
     LUT2:I0->O            1   0.195   0.523  tlk_imp/write_data_mux0000<7>23 (tlk_imp/write_data_mux0000<7>23)
     LUT4:I3->O            1   0.195   0.688  tlk_imp/write_data_mux0000<7>31 (tlk_imp/write_data_mux0000<7>31)
     LUT3:I0->O            1   0.195   0.523  tlk_imp/write_data_mux0000<7>41 (tlk_imp/write_data_mux0000<7>41)
     LUT4:I3->O            1   0.195   0.000  tlk_imp/write_data_mux0000<7>65 (tlk_imp/write_data_mux0000<7>)
     FDE:D                     0.022          tlk_imp/write_data_7
    ----------------------------------------
    Total                      4.103ns (1.767ns logic, 2.336ns route)
                                       (43.1% logic, 56.9% route)

=========================================================================
Timing constraint: Default OFFSET IN BEFORE for Clock 'BDCLK_IN_PAD_P'
  Total number of paths / destination ports: 2 / 1
-------------------------------------------------------------------------
Offset:              1.364ns (Levels of Logic = 1)
  Source:            SCINT_TRIG_PAD_P (PAD)
  Destination:       trigpattern_imp/SR_0 (FF)
  Destination Clock: BDCLK_IN_PAD_P falling

  Data Path: SCINT_TRIG_PAD_P to trigpattern_imp/SR_0
                                Gate     Net
    Cell:in->out      fanout   Delay   Delay  Logical Name (Net Name)
    ----------------------------------------  ------------
     IBUFDS:I->O           2   0.965   0.377  trig_ibuf (scint_trig)
     FD_1:D                    0.022          trigpattern_imp/SR_0
    ----------------------------------------
    Total                      1.364ns (0.987ns logic, 0.377ns route)
                                       (72.4% logic, 27.6% route)

=========================================================================
Timing constraint: Default OFFSET IN BEFORE for Clock 'TLK_RXCLK_PAD'
  Total number of paths / destination ports: 18 / 18
-------------------------------------------------------------------------
Offset:              1.364ns (Levels of Logic = 1)
  Source:            TLK_RXER_PAD (PAD)
  Destination:       tlk_imp/r_rxer (FF)
  Destination Clock: TLK_RXCLK_PAD rising

  Data Path: TLK_RXER_PAD to tlk_imp/r_rxer
                                Gate     Net
    Cell:in->out      fanout   Delay   Delay  Logical Name (Net Name)
    ----------------------------------------  ------------
     IBUF:I->O             2   0.965   0.377  tlk_rxer_ibuf (TLK_RXER)
     FD:D                      0.022          tlk_imp/r_rxer
    ----------------------------------------
    Total                      1.364ns (0.987ns logic, 0.377ns route)
                                       (72.4% logic, 27.6% route)

=========================================================================
Timing constraint: Default OFFSET IN BEFORE for Clock 'GMII_RXCLK_PAD'
  Total number of paths / destination ports: 135008 / 253
-------------------------------------------------------------------------
Offset:              11.964ns (Levels of Logic = 41)
  Source:            JUMPER_PAD<1> (PAD)
  Destination:       gs1.gbe_imp/arptab_imp/DINA_0 (FF)
  Destination Clock: GMII_RXCLK_PAD rising

  Data Path: JUMPER_PAD<1> to gs1.gbe_imp/arptab_imp/DINA_0
                                Gate     Net
    Cell:in->out      fanout   Delay   Delay  Logical Name (Net Name)
    ----------------------------------------  ------------
     IBUF:I->O            13   0.965   0.752  G_JUMPER[1].jumper_ibuf (JUMPERS<1>)
     LUT3:I1->O            1   0.195   0.741  gs1.gbe_imp/arptab_imp/Mcompar_DEST_IP_ADDR_cmp_eq0000_lut<0>_SW0 (N511)
     LUT4:I0->O            1   0.195   0.000  gs1.gbe_imp/arptab_imp/Mcompar_DEST_IP_ADDR_cmp_eq0000_lut<0> (gs1.gbe_imp/arptab_imp/Mcompar_DEST_IP_ADDR_cmp_eq0000_lut<0>)
     MUXCY:S->O            1   0.366   0.000  gs1.gbe_imp/arptab_imp/Mcompar_DEST_IP_ADDR_cmp_eq0000_cy<0> (gs1.gbe_imp/arptab_imp/Mcompar_DEST_IP_ADDR_cmp_eq0000_cy<0>)
     MUXCY:CI->O           1   0.045   0.000  gs1.gbe_imp/arptab_imp/Mcompar_DEST_IP_ADDR_cmp_eq0000_cy<1> (gs1.gbe_imp/arptab_imp/Mcompar_DEST_IP_ADDR_cmp_eq0000_cy<1>)
     MUXCY:CI->O           1   0.045   0.000  gs1.gbe_imp/arptab_imp/Mcompar_DEST_IP_ADDR_cmp_eq0000_cy<2> (gs1.gbe_imp/arptab_imp/Mcompar_DEST_IP_ADDR_cmp_eq0000_cy<2>)
     MUXCY:CI->O           1   0.045   0.000  gs1.gbe_imp/arptab_imp/Mcompar_DEST_IP_ADDR_cmp_eq0000_cy<3> (gs1.gbe_imp/arptab_imp/Mcompar_DEST_IP_ADDR_cmp_eq0000_cy<3>)
     MUXCY:CI->O           1   0.045   0.000  gs1.gbe_imp/arptab_imp/Mcompar_DEST_IP_ADDR_cmp_eq0000_cy<4> (gs1.gbe_imp/arptab_imp/Mcompar_DEST_IP_ADDR_cmp_eq0000_cy<4>)
     MUXCY:CI->O           1   0.045   0.000  gs1.gbe_imp/arptab_imp/Mcompar_DEST_IP_ADDR_cmp_eq0000_cy<5> (gs1.gbe_imp/arptab_imp/Mcompar_DEST_IP_ADDR_cmp_eq0000_cy<5>)
     MUXCY:CI->O           1   0.045   0.000  gs1.gbe_imp/arptab_imp/Mcompar_DEST_IP_ADDR_cmp_eq0000_cy<6> (gs1.gbe_imp/arptab_imp/Mcompar_DEST_IP_ADDR_cmp_eq0000_cy<6>)
     MUXCY:CI->O           1   0.045   0.000  gs1.gbe_imp/arptab_imp/Mcompar_DEST_IP_ADDR_cmp_eq0000_cy<7> (gs1.gbe_imp/arptab_imp/Mcompar_DEST_IP_ADDR_cmp_eq0000_cy<7>)
     MUXCY:CI->O           1   0.045   0.000  gs1.gbe_imp/arptab_imp/Mcompar_DEST_IP_ADDR_cmp_eq0000_cy<8> (gs1.gbe_imp/arptab_imp/Mcompar_DEST_IP_ADDR_cmp_eq0000_cy<8>)
     MUXCY:CI->O           1   0.045   0.000  gs1.gbe_imp/arptab_imp/Mcompar_DEST_IP_ADDR_cmp_eq0000_cy<9> (gs1.gbe_imp/arptab_imp/Mcompar_DEST_IP_ADDR_cmp_eq0000_cy<9>)
     MUXCY:CI->O           1   0.045   0.000  gs1.gbe_imp/arptab_imp/Mcompar_DEST_IP_ADDR_cmp_eq0000_cy<10> (gs1.gbe_imp/arptab_imp/Mcompar_DEST_IP_ADDR_cmp_eq0000_cy<10>)
     MUXCY:CI->O           1   0.045   0.000  gs1.gbe_imp/arptab_imp/Mcompar_DEST_IP_ADDR_cmp_eq0000_cy<11> (gs1.gbe_imp/arptab_imp/Mcompar_DEST_IP_ADDR_cmp_eq0000_cy<11>)
     MUXCY:CI->O           1   0.045   0.000  gs1.gbe_imp/arptab_imp/Mcompar_DEST_IP_ADDR_cmp_eq0000_cy<12> (gs1.gbe_imp/arptab_imp/Mcompar_DEST_IP_ADDR_cmp_eq0000_cy<12>)
     MUXCY:CI->O           1   0.045   0.000  gs1.gbe_imp/arptab_imp/Mcompar_DEST_IP_ADDR_cmp_eq0000_cy<13> (gs1.gbe_imp/arptab_imp/Mcompar_DEST_IP_ADDR_cmp_eq0000_cy<13>)
     MUXCY:CI->O           1   0.045   0.000  gs1.gbe_imp/arptab_imp/Mcompar_DEST_IP_ADDR_cmp_eq0000_cy<14> (gs1.gbe_imp/arptab_imp/Mcompar_DEST_IP_ADDR_cmp_eq0000_cy<14>)
     MUXCY:CI->O          32   0.370   1.256  gs1.gbe_imp/arptab_imp/Mcompar_DEST_IP_ADDR_cmp_eq0000_cy<15> (gs1.gbe_imp/arptab_imp/Mcompar_DEST_IP_ADDR_cmp_eq0000_cy<15>)
     LUT3:I0->O            2   0.195   0.705  gs1.gbe_imp/arptab_imp/DEST_IP_ADDR<0>1 (gs1.gbe_imp/arptab_imp/DEST_IP_ADDR<0>)
     LUT4:I1->O            1   0.195   0.000  gs1.gbe_imp/arptab_imp/Mcompar_STATE_cmp_eq0003_lut<0> (gs1.gbe_imp/arptab_imp/Mcompar_STATE_cmp_eq0003_lut<0>)
     MUXCY:S->O            1   0.366   0.000  gs1.gbe_imp/arptab_imp/Mcompar_STATE_cmp_eq0003_cy<0> (gs1.gbe_imp/arptab_imp/Mcompar_STATE_cmp_eq0003_cy<0>)
     MUXCY:CI->O           1   0.044   0.000  gs1.gbe_imp/arptab_imp/Mcompar_STATE_cmp_eq0003_cy<1> (gs1.gbe_imp/arptab_imp/Mcompar_STATE_cmp_eq0003_cy<1>)
     MUXCY:CI->O           1   0.044   0.000  gs1.gbe_imp/arptab_imp/Mcompar_STATE_cmp_eq0003_cy<2> (gs1.gbe_imp/arptab_imp/Mcompar_STATE_cmp_eq0003_cy<2>)
     MUXCY:CI->O           1   0.044   0.000  gs1.gbe_imp/arptab_imp/Mcompar_STATE_cmp_eq0003_cy<3> (gs1.gbe_imp/arptab_imp/Mcompar_STATE_cmp_eq0003_cy<3>)
     MUXCY:CI->O           1   0.044   0.000  gs1.gbe_imp/arptab_imp/Mcompar_STATE_cmp_eq0003_cy<4> (gs1.gbe_imp/arptab_imp/Mcompar_STATE_cmp_eq0003_cy<4>)
     MUXCY:CI->O           1   0.044   0.000  gs1.gbe_imp/arptab_imp/Mcompar_STATE_cmp_eq0003_cy<5> (gs1.gbe_imp/arptab_imp/Mcompar_STATE_cmp_eq0003_cy<5>)
     MUXCY:CI->O           1   0.044   0.000  gs1.gbe_imp/arptab_imp/Mcompar_STATE_cmp_eq0003_cy<6> (gs1.gbe_imp/arptab_imp/Mcompar_STATE_cmp_eq0003_cy<6>)
     MUXCY:CI->O           1   0.044   0.000  gs1.gbe_imp/arptab_imp/Mcompar_STATE_cmp_eq0003_cy<7> (gs1.gbe_imp/arptab_imp/Mcompar_STATE_cmp_eq0003_cy<7>)
     MUXCY:CI->O           1   0.044   0.000  gs1.gbe_imp/arptab_imp/Mcompar_STATE_cmp_eq0003_cy<8> (gs1.gbe_imp/arptab_imp/Mcompar_STATE_cmp_eq0003_cy<8>)
     MUXCY:CI->O           1   0.044   0.000  gs1.gbe_imp/arptab_imp/Mcompar_STATE_cmp_eq0003_cy<9> (gs1.gbe_imp/arptab_imp/Mcompar_STATE_cmp_eq0003_cy<9>)
     MUXCY:CI->O           1   0.044   0.000  gs1.gbe_imp/arptab_imp/Mcompar_STATE_cmp_eq0003_cy<10> (gs1.gbe_imp/arptab_imp/Mcompar_STATE_cmp_eq0003_cy<10>)
     MUXCY:CI->O           1   0.044   0.000  gs1.gbe_imp/arptab_imp/Mcompar_STATE_cmp_eq0003_cy<11> (gs1.gbe_imp/arptab_imp/Mcompar_STATE_cmp_eq0003_cy<11>)
     MUXCY:CI->O           1   0.044   0.000  gs1.gbe_imp/arptab_imp/Mcompar_STATE_cmp_eq0003_cy<12> (gs1.gbe_imp/arptab_imp/Mcompar_STATE_cmp_eq0003_cy<12>)
     MUXCY:CI->O           1   0.044   0.000  gs1.gbe_imp/arptab_imp/Mcompar_STATE_cmp_eq0003_cy<13> (gs1.gbe_imp/arptab_imp/Mcompar_STATE_cmp_eq0003_cy<13>)
     MUXCY:CI->O           1   0.044   0.000  gs1.gbe_imp/arptab_imp/Mcompar_STATE_cmp_eq0003_cy<14> (gs1.gbe_imp/arptab_imp/Mcompar_STATE_cmp_eq0003_cy<14>)
     MUXCY:CI->O          11   0.370   0.828  gs1.gbe_imp/arptab_imp/Mcompar_STATE_cmp_eq0003_cy<15> (gs1.gbe_imp/arptab_imp/Mcompar_STATE_cmp_eq0003_cy<15>)
     LUT4:I1->O            1   0.195   0.523  gs1.gbe_imp/arptab_imp/DINA_mux0000<0>118 (gs1.gbe_imp/arptab_imp/DINA_mux0000<0>118)
     LUT4:I3->O          176   0.195   1.716  gs1.gbe_imp/arptab_imp/DINA_mux0000<0>147 (gs1.gbe_imp/arptab_imp/N0)
     LUT4:I2->O            1   0.195   0.000  gs1.gbe_imp/arptab_imp/DINA_mux0000<9>131 (gs1.gbe_imp/arptab_imp/DINA_mux0000<9>13)
     MUXF5:I1->O           1   0.374   0.000  gs1.gbe_imp/arptab_imp/DINA_mux0000<9>13_f5 (gs1.gbe_imp/arptab_imp/DINA_mux0000<9>)
     FDE:D                     0.022          gs1.gbe_imp/arptab_imp/DINA_9
    ----------------------------------------
    Total                     11.964ns (5.443ns logic, 6.521ns route)
                                       (45.5% logic, 54.5% route)

=========================================================================
Timing constraint: Default OFFSET OUT AFTER for Clock 'CLK15NS_PAD'
  Total number of paths / destination ports: 41 / 38
-------------------------------------------------------------------------
Offset:              5.669ns (Levels of Logic = 2)
  Source:            mi_imp/master_csr_16 (FF)
  Destination:       DEBUG_PORT_PAD<1> (PAD)
  Source Clock:      CLK15NS_PAD rising

  Data Path: mi_imp/master_csr_16 to DEBUG_PORT_PAD<1>
                                Gate     Net
    Cell:in->out      fanout   Delay   Delay  Logical Name (Net Name)
    ----------------------------------------  ------------
     FDE:C->Q              9   0.360   0.797  mi_imp/master_csr_16 (mi_imp/master_csr_16)
     LUT3:I0->O            1   0.195   0.360  DEBUG_PORT<1>1 (DEBUG_PORT<1>)
     OBUF:I->O                 3.957          G_DEBUG[1].debug_obuf (DEBUG_PORT_PAD<1>)
    ----------------------------------------
    Total                      5.669ns (4.512ns logic, 1.157ns route)
                                       (79.6% logic, 20.4% route)

=========================================================================
Timing constraint: Default OFFSET OUT AFTER for Clock 'GMII_RXCLK_PAD'
  Total number of paths / destination ports: 11 / 11
-------------------------------------------------------------------------
Offset:              4.901ns (Levels of Logic = 1)
  Source:            gmii_txclk_obuf (FF)
  Destination:       GMII_TXCLK_PAD (PAD)
  Source Clock:      GMII_RXCLK_PAD rising

  Data Path: gmii_txclk_obuf to GMII_TXCLK_PAD
                                Gate     Net
    Cell:in->out      fanout   Delay   Delay  Logical Name (Net Name)
    ----------------------------------------  ------------
     ODDR:C->Q             1   0.584   0.360  gmii_txclk_obuf (GMII_TXCLK_PAD_OBUF)
     OBUF:I->O                 3.957          GMII_TXCLK_PAD_OBUF (GMII_TXCLK_PAD)
    ----------------------------------------
    Total                      4.901ns (4.541ns logic, 0.360ns route)
                                       (92.7% logic, 7.3% route)

=========================================================================
Timing constraint: Default OFFSET OUT AFTER for Clock 'BDCLK_IN_PAD_P'
  Total number of paths / destination ports: 28 / 7
-------------------------------------------------------------------------
Offset:              6.453ns (Levels of Logic = 3)
  Source:            mi_imp/state_FSM_FFd1 (FF)
  Destination:       DEBUG_PORT_PAD<1> (PAD)
  Source Clock:      BDCLK_IN_PAD_P rising

  Data Path: mi_imp/state_FSM_FFd1 to DEBUG_PORT_PAD<1>
                                Gate     Net
    Cell:in->out      fanout   Delay   Delay  Logical Name (Net Name)
    ----------------------------------------  ------------
     FD:C->Q               6   0.360   0.778  mi_imp/state_FSM_FFd1 (mi_imp/state_FSM_FFd1)
     LUT4:I0->O            5   0.195   0.608  mi_imp/state_FSM_Out161 (cmd)
     LUT3:I1->O            1   0.195   0.360  DEBUG_PORT<1>1 (DEBUG_PORT<1>)
     OBUF:I->O                 3.957          G_DEBUG[1].debug_obuf (DEBUG_PORT_PAD<1>)
    ----------------------------------------
    Total                      6.453ns (4.707ns logic, 1.746ns route)
                                       (72.9% logic, 27.1% route)

=========================================================================
Timing constraint: Default path analysis
  Total number of paths / destination ports: 16 / 8
-------------------------------------------------------------------------
Delay:               6.056ns (Levels of Logic = 3)
  Source:            BDCLK_IN_PAD_P (PAD)
  Destination:       DEBUG_PORT_PAD<7> (PAD)

  Data Path: BDCLK_IN_PAD_P to DEBUG_PORT_PAD<7>
                                Gate     Net
    Cell:in->out      fanout   Delay   Delay  Logical Name (Net Name)
    ----------------------------------------  ------------
     IBUFDS:I->O           7   0.965   0.579  bdclk_ibuf (bdclk_in)
     LUT2:I1->O            1   0.195   0.360  DEBUG_PORT<7>1 (DEBUG_PORT<7>)
     OBUF:I->O                 3.957          G_DEBUG[7].debug_obuf (DEBUG_PORT_PAD<7>)
    ----------------------------------------
    Total                      6.056ns (5.117ns logic, 0.939ns route)
                                       (84.5% logic, 15.5% route)

=========================================================================


Total REAL time to Xst completion: 85.00 secs
Total CPU time to Xst completion: 84.62 secs
 
--> 


Total memory usage is 859940 kilobytes

Number of errors   :    0 (   0 filtered)
Number of warnings :  696 (   0 filtered)
Number of infos    :  127 (   0 filtered)

