--------------------------------------------------------------------------------
Release 14.6 Trace  (lin64)
Copyright (c) 1995-2013 Xilinx, Inc.  All rights reserved.

/opt/local/xilinx/14.6/ISE_DS/ISE/bin/lin64/unwrapped/trce -intstyle ise -v 3
-s 10 -n 3 -fastpaths -xml master.twx master.ncd -o master.twr master.pcf -ucf
master.ucf

Design file:              master.ncd
Physical constraint file: master.pcf
Device,package,speed:     xc4vlx25,ff668,-10 (PRODUCTION 1.71 2013-06-08, STEPPING level 0)
Report level:             verbose report

Environment Variable      Effect 
--------------------      ------ 
NONE                      No environment variables were set
--------------------------------------------------------------------------------

INFO:Timing:3386 - Intersecting Constraints found and resolved.  For more 
   information, see the TSI report.  Please consult the Xilinx Command Line 
   Tools User Guide for information on generating a TSI report.
INFO:Timing:3412 - To improve timing, see the Timing Closure User Guide (UG612).
INFO:Timing:2752 - To get complete path coverage, use the unconstrained paths 
   option. All paths that are not constrained will be reported in the 
   unconstrained paths section(s) of the report.
INFO:Timing:3339 - The clock-to-out numbers in this timing report are based on 
   a 50 Ohm transmission line loading model.  For the details of this model, 
   and for more information on accounting for different loading conditions, 
   please see the device datasheet.

================================================================================
Timing constraint: PATH "TS_D2_TO_T2_ila_pro_0_path" TIG;

 3 paths analyzed, 3 endpoints analyzed, 0 failing endpoints
 0 timing errors detected. (0 setup errors, 0 hold errors)
--------------------------------------------------------------------------------

Paths for end point U_ila_pro_0/U0/I_NO_D.U_ILA/U_STAT/U_TDO (SLICE_X8Y135.F2), 1 path
--------------------------------------------------------------------------------
Delay (setup path):     4.864ns (data path - clock path skew + uncertainty)
  Source:               U_ila_pro_0/U0/I_NO_D.U_ILA/U_STAT/U_DIRTY_LDC (LATCH)
  Destination:          U_ila_pro_0/U0/I_NO_D.U_ILA/U_STAT/U_TDO (FF)
  Data Path Delay:      4.864ns (Levels of Logic = 4)
  Clock Path Skew:      0.000ns
  Source Clock:         icon_control0<13> falling
  Destination Clock:    icon_control0<0> rising at 0.000ns
  Clock Uncertainty:    0.000ns

  Maximum Data Path: U_ila_pro_0/U0/I_NO_D.U_ILA/U_STAT/U_DIRTY_LDC to U_ila_pro_0/U0/I_NO_D.U_ILA/U_STAT/U_TDO
    Location             Delay type         Delay(ns)  Physical Resource
                                                       Logical Resource(s)
    -------------------------------------------------  -------------------
    SLICE_X7Y114.YQ      Tcklo                 0.393   U_ila_pro_0/U0/I_NO_D.U_ILA/U_STAT/DIRTY_SEL
                                                       U_ila_pro_0/U0/I_NO_D.U_ILA/U_STAT/U_DIRTY_LDC
    SLICE_X7Y115.G3      net (fanout=1)        0.408   U_ila_pro_0/U0/I_NO_D.U_ILA/U_STAT/DIRTY_SEL
    SLICE_X7Y115.Y       Tilo                  0.194   U_ila_pro_0/U0/I_NO_D.U_ILA/U_STAT/DIRTY_D0
                                                       U_ila_pro_0/U0/I_NO_D.U_ILA/U_STAT/DIRTY_dstat1
    SLICE_X6Y127.G2      net (fanout=2)        0.892   U_ila_pro_0/U0/I_NO_D.U_ILA/U_STAT/DIRTY_dstat
    SLICE_X6Y127.XMUX    Tif5x                 0.560   U_ila_pro_0/U0/I_NO_D.U_ILA/U_G2_SQ.U_CAPCTRL/iCAP_WR_EN
                                                       U_ila_pro_0/U0/I_NO_D.U_ILA/U_STAT/U_DMUX/U_CS_MUX/I3.U_MUX8/Mmux_O_91_F
                                                       U_ila_pro_0/U0/I_NO_D.U_ILA/U_STAT/U_DMUX/U_CS_MUX/I3.U_MUX8/Mmux_O_91
    SLICE_X6Y134.G3      net (fanout=1)        0.861   U_ila_pro_0/U0/I_NO_D.U_ILA/U_STAT/U_DMUX/U_CS_MUX/I3.U_MUX8/Mmux_O_91
    SLICE_X6Y134.XMUX    Tif5x                 0.560   U_ila_pro_0/U0/I_NO_D.U_ILA/U_G2_SQ.U_CAPCTRL/U_CAP_ADDRGEN/cfg_data_vec<6>
                                                       U_ila_pro_0/U0/I_NO_D.U_ILA/U_STAT/U_DMUX/U_CS_MUX/I3.U_MUX8/Mmux_O_4
                                                       U_ila_pro_0/U0/I_NO_D.U_ILA/U_STAT/U_DMUX/U_CS_MUX/I3.U_MUX8/Mmux_O_2_f5
    SLICE_X8Y135.F2      net (fanout=1)        0.781   U_ila_pro_0/U0/I_NO_D.U_ILA/U_STAT/TDO_mux_in<0>1
    SLICE_X8Y135.CLK     Tfck                  0.215   U_ila_pro_0/U0/I_NO_D.U_ILA/iSTAT_DOUT
                                                       U_ila_pro_0/U0/I_NO_D.U_ILA/U_STAT/U_MUX/U_CS_MUX/I1.U_MUX2/O56
                                                       U_ila_pro_0/U0/I_NO_D.U_ILA/U_STAT/U_TDO
    -------------------------------------------------  ---------------------------
    Total                                      4.864ns (1.922ns logic, 2.942ns route)
                                                       (39.5% logic, 60.5% route)

--------------------------------------------------------------------------------

Paths for end point U_ila_pro_0/U0/I_NO_D.U_ILA/U_STAT/U_DIRTY_FDPE (SLICE_X6Y115.BY), 1 path
--------------------------------------------------------------------------------
Delay (setup path):     1.672ns (data path - clock path skew + uncertainty)
  Source:               U_ila_pro_0/U0/I_NO_D.U_ILA/U_STAT/U_DIRTY_LDC (LATCH)
  Destination:          U_ila_pro_0/U0/I_NO_D.U_ILA/U_STAT/U_DIRTY_FDPE (FF)
  Data Path Delay:      1.672ns (Levels of Logic = 1)
  Clock Path Skew:      0.000ns
  Source Clock:         icon_control0<13> falling
  Destination Clock:    icon_control0<0> rising at 0.000ns
  Clock Uncertainty:    0.000ns

  Maximum Data Path: U_ila_pro_0/U0/I_NO_D.U_ILA/U_STAT/U_DIRTY_LDC to U_ila_pro_0/U0/I_NO_D.U_ILA/U_STAT/U_DIRTY_FDPE
    Location             Delay type         Delay(ns)  Physical Resource
                                                       Logical Resource(s)
    -------------------------------------------------  -------------------
    SLICE_X7Y114.YQ      Tcklo                 0.393   U_ila_pro_0/U0/I_NO_D.U_ILA/U_STAT/DIRTY_SEL
                                                       U_ila_pro_0/U0/I_NO_D.U_ILA/U_STAT/U_DIRTY_LDC
    SLICE_X7Y115.G3      net (fanout=1)        0.408   U_ila_pro_0/U0/I_NO_D.U_ILA/U_STAT/DIRTY_SEL
    SLICE_X7Y115.Y       Tilo                  0.194   U_ila_pro_0/U0/I_NO_D.U_ILA/U_STAT/DIRTY_D0
                                                       U_ila_pro_0/U0/I_NO_D.U_ILA/U_STAT/DIRTY_dstat1
    SLICE_X6Y115.BY      net (fanout=2)        0.397   U_ila_pro_0/U0/I_NO_D.U_ILA/U_STAT/DIRTY_dstat
    SLICE_X6Y115.CLK     Tdick                 0.280   U_ila_pro_0/U0/I_NO_D.U_ILA/U_STAT/DIRTY_D1
                                                       U_ila_pro_0/U0/I_NO_D.U_ILA/U_STAT/U_DIRTY_FDPE
    -------------------------------------------------  ---------------------------
    Total                                      1.672ns (0.867ns logic, 0.805ns route)
                                                       (51.9% logic, 48.1% route)

--------------------------------------------------------------------------------

Paths for end point U_ila_pro_0/U0/I_NO_D.U_ILA/U_STAT/U_DIRTY_FDCE (SLICE_X7Y115.G3), 1 path
--------------------------------------------------------------------------------
Delay (setup path):     1.032ns (data path - clock path skew + uncertainty)
  Source:               U_ila_pro_0/U0/I_NO_D.U_ILA/U_STAT/U_DIRTY_LDC (LATCH)
  Destination:          U_ila_pro_0/U0/I_NO_D.U_ILA/U_STAT/U_DIRTY_FDCE (FF)
  Data Path Delay:      1.032ns (Levels of Logic = 1)
  Clock Path Skew:      0.000ns
  Source Clock:         icon_control0<13> falling
  Destination Clock:    icon_control0<0> rising at 0.000ns
  Clock Uncertainty:    0.000ns

  Maximum Data Path: U_ila_pro_0/U0/I_NO_D.U_ILA/U_STAT/U_DIRTY_LDC to U_ila_pro_0/U0/I_NO_D.U_ILA/U_STAT/U_DIRTY_FDCE
    Location             Delay type         Delay(ns)  Physical Resource
                                                       Logical Resource(s)
    -------------------------------------------------  -------------------
    SLICE_X7Y114.YQ      Tcklo                 0.393   U_ila_pro_0/U0/I_NO_D.U_ILA/U_STAT/DIRTY_SEL
                                                       U_ila_pro_0/U0/I_NO_D.U_ILA/U_STAT/U_DIRTY_LDC
    SLICE_X7Y115.G3      net (fanout=1)        0.408   U_ila_pro_0/U0/I_NO_D.U_ILA/U_STAT/DIRTY_SEL
    SLICE_X7Y115.CLK     Tgck                  0.231   U_ila_pro_0/U0/I_NO_D.U_ILA/U_STAT/DIRTY_D0
                                                       U_ila_pro_0/U0/I_NO_D.U_ILA/U_STAT/DIRTY_dstat1
                                                       U_ila_pro_0/U0/I_NO_D.U_ILA/U_STAT/U_DIRTY_FDCE
    -------------------------------------------------  ---------------------------
    Total                                      1.032ns (0.624ns logic, 0.408ns route)
                                                       (60.5% logic, 39.5% route)

--------------------------------------------------------------------------------

Hold Paths: PATH "TS_D2_TO_T2_ila_pro_0_path" TIG;
--------------------------------------------------------------------------------

Paths for end point U_ila_pro_0/U0/I_NO_D.U_ILA/U_STAT/U_DIRTY_FDCE (SLICE_X7Y115.G3), 1 path
--------------------------------------------------------------------------------
Delay (hold path):      0.612ns (datapath - clock path skew - uncertainty)
  Source:               U_ila_pro_0/U0/I_NO_D.U_ILA/U_STAT/U_DIRTY_LDC (LATCH)
  Destination:          U_ila_pro_0/U0/I_NO_D.U_ILA/U_STAT/U_DIRTY_FDCE (FF)
  Data Path Delay:      0.612ns (Levels of Logic = 1)
  Clock Path Skew:      0.000ns
  Source Clock:         icon_control0<13> falling
  Destination Clock:    icon_control0<0> rising at 0.000ns
  Clock Uncertainty:    0.000ns

  Minimum Data Path: U_ila_pro_0/U0/I_NO_D.U_ILA/U_STAT/U_DIRTY_LDC to U_ila_pro_0/U0/I_NO_D.U_ILA/U_STAT/U_DIRTY_FDCE
    Location             Delay type         Delay(ns)  Physical Resource
                                                       Logical Resource(s)
    -------------------------------------------------  -------------------
    SLICE_X7Y114.YQ      Tcklo                 0.362   U_ila_pro_0/U0/I_NO_D.U_ILA/U_STAT/DIRTY_SEL
                                                       U_ila_pro_0/U0/I_NO_D.U_ILA/U_STAT/U_DIRTY_LDC
    SLICE_X7Y115.G3      net (fanout=1)        0.375   U_ila_pro_0/U0/I_NO_D.U_ILA/U_STAT/DIRTY_SEL
    SLICE_X7Y115.CLK     Tckg        (-Th)     0.125   U_ila_pro_0/U0/I_NO_D.U_ILA/U_STAT/DIRTY_D0
                                                       U_ila_pro_0/U0/I_NO_D.U_ILA/U_STAT/DIRTY_dstat1
                                                       U_ila_pro_0/U0/I_NO_D.U_ILA/U_STAT/U_DIRTY_FDCE
    -------------------------------------------------  ---------------------------
    Total                                      0.612ns (0.237ns logic, 0.375ns route)
                                                       (38.7% logic, 61.3% route)

--------------------------------------------------------------------------------

Paths for end point U_ila_pro_0/U0/I_NO_D.U_ILA/U_STAT/U_DIRTY_FDPE (SLICE_X6Y115.BY), 1 path
--------------------------------------------------------------------------------
Delay (hold path):      1.200ns (datapath - clock path skew - uncertainty)
  Source:               U_ila_pro_0/U0/I_NO_D.U_ILA/U_STAT/U_DIRTY_LDC (LATCH)
  Destination:          U_ila_pro_0/U0/I_NO_D.U_ILA/U_STAT/U_DIRTY_FDPE (FF)
  Data Path Delay:      1.200ns (Levels of Logic = 1)
  Clock Path Skew:      0.000ns
  Source Clock:         icon_control0<13> falling
  Destination Clock:    icon_control0<0> rising at 0.000ns
  Clock Uncertainty:    0.000ns

  Minimum Data Path: U_ila_pro_0/U0/I_NO_D.U_ILA/U_STAT/U_DIRTY_LDC to U_ila_pro_0/U0/I_NO_D.U_ILA/U_STAT/U_DIRTY_FDPE
    Location             Delay type         Delay(ns)  Physical Resource
                                                       Logical Resource(s)
    -------------------------------------------------  -------------------
    SLICE_X7Y114.YQ      Tcklo                 0.362   U_ila_pro_0/U0/I_NO_D.U_ILA/U_STAT/DIRTY_SEL
                                                       U_ila_pro_0/U0/I_NO_D.U_ILA/U_STAT/U_DIRTY_LDC
    SLICE_X7Y115.G3      net (fanout=1)        0.375   U_ila_pro_0/U0/I_NO_D.U_ILA/U_STAT/DIRTY_SEL
    SLICE_X7Y115.Y       Tilo                  0.179   U_ila_pro_0/U0/I_NO_D.U_ILA/U_STAT/DIRTY_D0
                                                       U_ila_pro_0/U0/I_NO_D.U_ILA/U_STAT/DIRTY_dstat1
    SLICE_X6Y115.BY      net (fanout=2)        0.365   U_ila_pro_0/U0/I_NO_D.U_ILA/U_STAT/DIRTY_dstat
    SLICE_X6Y115.CLK     Tckdi       (-Th)     0.081   U_ila_pro_0/U0/I_NO_D.U_ILA/U_STAT/DIRTY_D1
                                                       U_ila_pro_0/U0/I_NO_D.U_ILA/U_STAT/U_DIRTY_FDPE
    -------------------------------------------------  ---------------------------
    Total                                      1.200ns (0.460ns logic, 0.740ns route)
                                                       (38.3% logic, 61.7% route)

--------------------------------------------------------------------------------

Paths for end point U_ila_pro_0/U0/I_NO_D.U_ILA/U_STAT/U_TDO (SLICE_X8Y135.F2), 1 path
--------------------------------------------------------------------------------
Delay (hold path):      4.136ns (datapath - clock path skew - uncertainty)
  Source:               U_ila_pro_0/U0/I_NO_D.U_ILA/U_STAT/U_DIRTY_LDC (LATCH)
  Destination:          U_ila_pro_0/U0/I_NO_D.U_ILA/U_STAT/U_TDO (FF)
  Data Path Delay:      4.136ns (Levels of Logic = 4)
  Clock Path Skew:      0.000ns
  Source Clock:         icon_control0<13> falling
  Destination Clock:    icon_control0<0> rising at 0.000ns
  Clock Uncertainty:    0.000ns

  Minimum Data Path: U_ila_pro_0/U0/I_NO_D.U_ILA/U_STAT/U_DIRTY_LDC to U_ila_pro_0/U0/I_NO_D.U_ILA/U_STAT/U_TDO
    Location             Delay type         Delay(ns)  Physical Resource
                                                       Logical Resource(s)
    -------------------------------------------------  -------------------
    SLICE_X7Y114.YQ      Tcklo                 0.362   U_ila_pro_0/U0/I_NO_D.U_ILA/U_STAT/DIRTY_SEL
                                                       U_ila_pro_0/U0/I_NO_D.U_ILA/U_STAT/U_DIRTY_LDC
    SLICE_X7Y115.G3      net (fanout=1)        0.375   U_ila_pro_0/U0/I_NO_D.U_ILA/U_STAT/DIRTY_SEL
    SLICE_X7Y115.Y       Tilo                  0.179   U_ila_pro_0/U0/I_NO_D.U_ILA/U_STAT/DIRTY_D0
                                                       U_ila_pro_0/U0/I_NO_D.U_ILA/U_STAT/DIRTY_dstat1
    SLICE_X6Y127.G2      net (fanout=2)        0.820   U_ila_pro_0/U0/I_NO_D.U_ILA/U_STAT/DIRTY_dstat
    SLICE_X6Y127.XMUX    Tif5x                 0.515   U_ila_pro_0/U0/I_NO_D.U_ILA/U_G2_SQ.U_CAPCTRL/iCAP_WR_EN
                                                       U_ila_pro_0/U0/I_NO_D.U_ILA/U_STAT/U_DMUX/U_CS_MUX/I3.U_MUX8/Mmux_O_91_F
                                                       U_ila_pro_0/U0/I_NO_D.U_ILA/U_STAT/U_DMUX/U_CS_MUX/I3.U_MUX8/Mmux_O_91
    SLICE_X6Y134.G3      net (fanout=1)        0.792   U_ila_pro_0/U0/I_NO_D.U_ILA/U_STAT/U_DMUX/U_CS_MUX/I3.U_MUX8/Mmux_O_91
    SLICE_X6Y134.XMUX    Tif5x                 0.515   U_ila_pro_0/U0/I_NO_D.U_ILA/U_G2_SQ.U_CAPCTRL/U_CAP_ADDRGEN/cfg_data_vec<6>
                                                       U_ila_pro_0/U0/I_NO_D.U_ILA/U_STAT/U_DMUX/U_CS_MUX/I3.U_MUX8/Mmux_O_4
                                                       U_ila_pro_0/U0/I_NO_D.U_ILA/U_STAT/U_DMUX/U_CS_MUX/I3.U_MUX8/Mmux_O_2_f5
    SLICE_X8Y135.F2      net (fanout=1)        0.719   U_ila_pro_0/U0/I_NO_D.U_ILA/U_STAT/TDO_mux_in<0>1
    SLICE_X8Y135.CLK     Tckf        (-Th)     0.141   U_ila_pro_0/U0/I_NO_D.U_ILA/iSTAT_DOUT
                                                       U_ila_pro_0/U0/I_NO_D.U_ILA/U_STAT/U_MUX/U_CS_MUX/I1.U_MUX2/O56
                                                       U_ila_pro_0/U0/I_NO_D.U_ILA/U_STAT/U_TDO
    -------------------------------------------------  ---------------------------
    Total                                      4.136ns (1.430ns logic, 2.706ns route)
                                                       (34.6% logic, 65.4% route)

--------------------------------------------------------------------------------

================================================================================
Timing constraint: PATH "TS_J2_TO_D2_ila_pro_0_path" TIG;

 0 paths analyzed, 0 endpoints analyzed, 0 failing endpoints
 0 timing errors detected.
--------------------------------------------------------------------------------

================================================================================
Timing constraint: PATH "TS_J3_TO_D2_ila_pro_0_path" TIG;

 0 paths analyzed, 0 endpoints analyzed, 0 failing endpoints
 0 timing errors detected.
--------------------------------------------------------------------------------

================================================================================
Timing constraint: PATH "TS_J4_TO_D2_ila_pro_0_path" TIG;

 11 paths analyzed, 1 endpoint analyzed, 0 failing endpoints
 0 timing errors detected. (0 setup errors, 0 hold errors)
--------------------------------------------------------------------------------

Paths for end point U_ila_pro_0/U0/I_NO_D.U_ILA/U_STAT/U_DIRTY_LDC (SLICE_X7Y114.CLK), 11 paths
--------------------------------------------------------------------------------
Delay (setup path):     3.543ns (data path)
  Source:               U_icon_pro/U0/U_ICON/U_SYNC/U_SYNC (FF)
  Destination:          U_ila_pro_0/U0/I_NO_D.U_ILA/U_STAT/U_DIRTY_LDC (LATCH)
  Data Path Delay:      3.543ns (Levels of Logic = 2)
  Source Clock:         icon_control0<0> rising at 0.000ns

  Maximum Data Path: U_icon_pro/U0/U_ICON/U_SYNC/U_SYNC to U_ila_pro_0/U0/I_NO_D.U_ILA/U_STAT/U_DIRTY_LDC
    Location             Delay type         Delay(ns)  Physical Resource
                                                       Logical Resource(s)
    -------------------------------------------------  -------------------
    SLICE_X16Y100.YQ     Tcko                  0.360   U_icon_pro/U0/U_ICON/iSYNC
                                                       U_icon_pro/U0/U_ICON/U_SYNC/U_SYNC
    SLICE_X15Y104.F1     net (fanout=2)        1.019   U_icon_pro/U0/U_ICON/iSYNC
    SLICE_X15Y104.X      Tilo                  0.194   U_icon_pro/U0/U_ICON/U_CTRL_OUT/iDATA_VALID
                                                       U_icon_pro/U0/U_ICON/U_CTRL_OUT/U_DATA_VALID
    SLICE_X7Y106.G1      net (fanout=10)       1.078   U_icon_pro/U0/U_ICON/U_CTRL_OUT/iDATA_VALID
    SLICE_X7Y106.Y       Tilo                  0.194   U_ila_pro_0/U0/I_NO_D.U_ILA/U_RST/U_HALT_XFER/din_latched
                                                       U_icon_pro/U0/U_ICON/U_CTRL_OUT/F_NCP[0].F_CMD[9].U_LCE
    SLICE_X7Y114.CLK     net (fanout=4)        0.698   icon_control0<13>
    -------------------------------------------------  ---------------------------
    Total                                      3.543ns (0.748ns logic, 2.795ns route)
                                                       (21.1% logic, 78.9% route)

--------------------------------------------------------------------------------
Delay (setup path):     3.024ns (data path)
  Source:               U_icon_pro/U0/U_ICON/U_CMD/G_TARGET[7].I_NE0.U_TARGET (FF)
  Destination:          U_ila_pro_0/U0/I_NO_D.U_ILA/U_STAT/U_DIRTY_LDC (LATCH)
  Data Path Delay:      3.024ns (Levels of Logic = 2)
  Source Clock:         icon_control0<0> rising at 0.000ns

  Maximum Data Path: U_icon_pro/U0/U_ICON/U_CMD/G_TARGET[7].I_NE0.U_TARGET to U_ila_pro_0/U0/I_NO_D.U_ILA/U_STAT/U_DIRTY_LDC
    Location             Delay type         Delay(ns)  Physical Resource
                                                       Logical Resource(s)
    -------------------------------------------------  -------------------
    SLICE_X12Y108.YQ     Tcko                  0.360   U_icon_pro/U0/U_ICON/iCOMMAND_GRP<1>
                                                       U_icon_pro/U0/U_ICON/U_CMD/G_TARGET[7].I_NE0.U_TARGET
    SLICE_X12Y108.G1     net (fanout=4)        0.608   U_icon_pro/U0/U_ICON/iCOMMAND_GRP<1>
    SLICE_X12Y108.Y      Tilo                  0.195   U_icon_pro/U0/U_ICON/iCOMMAND_GRP<1>
                                                       U_icon_pro/U0/U_ICON/U_CTRL_OUT/U_CMDGRP0
    SLICE_X7Y106.G2      net (fanout=9)        0.969   U_icon_pro/U0/U_ICON/U_CTRL_OUT/iCOMMAND_GRP_SEL<0>
    SLICE_X7Y106.Y       Tilo                  0.194   U_ila_pro_0/U0/I_NO_D.U_ILA/U_RST/U_HALT_XFER/din_latched
                                                       U_icon_pro/U0/U_ICON/U_CTRL_OUT/F_NCP[0].F_CMD[9].U_LCE
    SLICE_X7Y114.CLK     net (fanout=4)        0.698   icon_control0<13>
    -------------------------------------------------  ---------------------------
    Total                                      3.024ns (0.749ns logic, 2.275ns route)
                                                       (24.8% logic, 75.2% route)

--------------------------------------------------------------------------------
Delay (setup path):     2.898ns (data path)
  Source:               U_icon_pro/U0/U_ICON/U_CMD/G_TARGET[15].I_EQ0.U_TARGET (FF)
  Destination:          U_ila_pro_0/U0/I_NO_D.U_ILA/U_STAT/U_DIRTY_LDC (LATCH)
  Data Path Delay:      2.898ns (Levels of Logic = 2)
  Source Clock:         icon_control0<0> rising at 0.000ns

  Maximum Data Path: U_icon_pro/U0/U_ICON/U_CMD/G_TARGET[15].I_EQ0.U_TARGET to U_ila_pro_0/U0/I_NO_D.U_ILA/U_STAT/U_DIRTY_LDC
    Location             Delay type         Delay(ns)  Physical Resource
                                                       Logical Resource(s)
    -------------------------------------------------  -------------------
    SLICE_X15Y107.YQ     Tcko                  0.340   U_icon_pro/U0/U_ICON/iCORE_ID<3>
                                                       U_icon_pro/U0/U_ICON/U_CMD/G_TARGET[15].I_EQ0.U_TARGET
    SLICE_X13Y107.F3     net (fanout=4)        0.785   U_icon_pro/U0/U_ICON/iCORE_ID<3>
    SLICE_X13Y107.X      Tilo                  0.194   U_icon_pro/U0/U_ICON/U_CMD/iTARGET<11>
                                                       U_icon_pro/U0/U_ICON/U_CMD/U_CORE_ID_SEL/I4.FI[0].U_LUT
    SLICE_X7Y106.G3      net (fanout=10)       0.687   U_icon_pro/U0/U_ICON/iCORE_ID_SEL<0>
    SLICE_X7Y106.Y       Tilo                  0.194   U_ila_pro_0/U0/I_NO_D.U_ILA/U_RST/U_HALT_XFER/din_latched
                                                       U_icon_pro/U0/U_ICON/U_CTRL_OUT/F_NCP[0].F_CMD[9].U_LCE
    SLICE_X7Y114.CLK     net (fanout=4)        0.698   icon_control0<13>
    -------------------------------------------------  ---------------------------
    Total                                      2.898ns (0.728ns logic, 2.170ns route)
                                                       (25.1% logic, 74.9% route)

--------------------------------------------------------------------------------

================================================================================
Timing constraint: TS_J_CLK = PERIOD TIMEGRP "J_CLK" 30 ns HIGH 50%;
For more information, see Period Analysis in the Timing Closure User Guide (UG612).

 2001 paths analyzed, 298 endpoints analyzed, 0 failing endpoints
 0 timing errors detected. (0 setup errors, 0 hold errors, 0 component switching limit errors)
 Minimum period is   6.429ns.
--------------------------------------------------------------------------------

Paths for end point U_ila_pro_0/U0/I_NO_D.U_ILA/U_G2_SQ.U_CAPCTRL/U_CAP_ADDRGEN/U_WCNT_LCMP/I_SRL16.U_GAND_SRL16/I_TWMOD8_NE0.I_YES_RPM.I_SRLT_EQ_2.U_SRLH (SLICE_X6Y143.BY), 12 paths
--------------------------------------------------------------------------------
Slack (setup path):     23.571ns (requirement - (data path - clock path skew + uncertainty))
  Source:               U_icon_pro/U0/U_ICON/U_SYNC/U_SYNC (FF)
  Destination:          U_ila_pro_0/U0/I_NO_D.U_ILA/U_G2_SQ.U_CAPCTRL/U_CAP_ADDRGEN/U_WCNT_LCMP/I_SRL16.U_GAND_SRL16/I_TWMOD8_NE0.I_YES_RPM.I_SRLT_EQ_2.U_SRLH (FF)
  Requirement:          30.000ns
  Data Path Delay:      6.429ns (Levels of Logic = 4)
  Clock Path Skew:      0.000ns
  Source Clock:         icon_control0<0> rising at 0.000ns
  Destination Clock:    icon_control0<0> rising at 30.000ns
  Clock Uncertainty:    0.000ns

  Maximum Data Path: U_icon_pro/U0/U_ICON/U_SYNC/U_SYNC to U_ila_pro_0/U0/I_NO_D.U_ILA/U_G2_SQ.U_CAPCTRL/U_CAP_ADDRGEN/U_WCNT_LCMP/I_SRL16.U_GAND_SRL16/I_TWMOD8_NE0.I_YES_RPM.I_SRLT_EQ_2.U_SRLH
    Location             Delay type         Delay(ns)  Physical Resource
                                                       Logical Resource(s)
    -------------------------------------------------  -------------------
    SLICE_X16Y100.YQ     Tcko                  0.360   U_icon_pro/U0/U_ICON/iSYNC
                                                       U_icon_pro/U0/U_ICON/U_SYNC/U_SYNC
    SLICE_X15Y104.F1     net (fanout=2)        1.019   U_icon_pro/U0/U_ICON/iSYNC
    SLICE_X15Y104.X      Tilo                  0.194   U_icon_pro/U0/U_ICON/U_CTRL_OUT/iDATA_VALID
                                                       U_icon_pro/U0/U_ICON/U_CTRL_OUT/U_DATA_VALID
    SLICE_X4Y125.G1      net (fanout=10)       2.060   U_icon_pro/U0/U_ICON/U_CTRL_OUT/iDATA_VALID
    SLICE_X4Y125.Y       Tilo                  0.195   U_ila_pro_0/U0/I_NO_D.U_ILA/U_G2_SQ.U_CAPCTRL/I_SRLT_NE_1.U_SCE/iCFG_DIN
                                                       U_icon_pro/U0/U_ICON/U_CTRL_OUT/F_NCP[0].F_CMD[5].U_LCE
    SLICE_X9Y148.F1      net (fanout=49)       1.359   icon_control0<9>
    SLICE_X9Y148.X       Tilo                  0.194   U_ila_pro_0/U0/I_NO_D.U_ILA/U_G2_SQ.U_CAPCTRL/U_CAP_ADDRGEN/cfg_data<4>
                                                       U_ila_pro_0/U0/I_NO_D.U_ILA/U_G2_SQ.U_CAPCTRL/U_CAP_ADDRGEN/U_BRK1
    SLICE_X6Y143.BY      net (fanout=1)        0.752   U_ila_pro_0/U0/I_NO_D.U_ILA/U_G2_SQ.U_CAPCTRL/U_CAP_ADDRGEN/cfg_data<4>
    SLICE_X6Y143.CLK     Tds                   0.296   U_ila_pro_0/U0/I_NO_D.U_ILA/U_G2_SQ.U_CAPCTRL/U_CAP_ADDRGEN/U_WCNT_LCMP/I_SRL16.U_GAND_SRL16/I_TWMOD8_NE0.I_YES_RPM.U_MUXL/O
                                                       U_ila_pro_0/U0/I_NO_D.U_ILA/U_G2_SQ.U_CAPCTRL/U_CAP_ADDRGEN/U_WCNT_LCMP/I_SRL16.U_GAND_SRL16/I_TWMOD8_NE0.I_YES_RPM.I_SRLT_EQ_2.U_SRLH
    -------------------------------------------------  ---------------------------
    Total                                      6.429ns (1.239ns logic, 5.190ns route)
                                                       (19.3% logic, 80.7% route)

--------------------------------------------------------------------------------
Slack (setup path):     24.594ns (requirement - (data path - clock path skew + uncertainty))
  Source:               U_icon_pro/U0/U_ICON/U_CMD/G_TARGET[15].I_EQ0.U_TARGET (FF)
  Destination:          U_ila_pro_0/U0/I_NO_D.U_ILA/U_G2_SQ.U_CAPCTRL/U_CAP_ADDRGEN/U_WCNT_LCMP/I_SRL16.U_GAND_SRL16/I_TWMOD8_NE0.I_YES_RPM.I_SRLT_EQ_2.U_SRLH (FF)
  Requirement:          30.000ns
  Data Path Delay:      5.406ns (Levels of Logic = 4)
  Clock Path Skew:      0.000ns
  Source Clock:         icon_control0<0> rising at 0.000ns
  Destination Clock:    icon_control0<0> rising at 30.000ns
  Clock Uncertainty:    0.000ns

  Maximum Data Path: U_icon_pro/U0/U_ICON/U_CMD/G_TARGET[15].I_EQ0.U_TARGET to U_ila_pro_0/U0/I_NO_D.U_ILA/U_G2_SQ.U_CAPCTRL/U_CAP_ADDRGEN/U_WCNT_LCMP/I_SRL16.U_GAND_SRL16/I_TWMOD8_NE0.I_YES_RPM.I_SRLT_EQ_2.U_SRLH
    Location             Delay type         Delay(ns)  Physical Resource
                                                       Logical Resource(s)
    -------------------------------------------------  -------------------
    SLICE_X15Y107.YQ     Tcko                  0.340   U_icon_pro/U0/U_ICON/iCORE_ID<3>
                                                       U_icon_pro/U0/U_ICON/U_CMD/G_TARGET[15].I_EQ0.U_TARGET
    SLICE_X13Y107.F3     net (fanout=4)        0.785   U_icon_pro/U0/U_ICON/iCORE_ID<3>
    SLICE_X13Y107.X      Tilo                  0.194   U_icon_pro/U0/U_ICON/U_CMD/iTARGET<11>
                                                       U_icon_pro/U0/U_ICON/U_CMD/U_CORE_ID_SEL/I4.FI[0].U_LUT
    SLICE_X4Y125.G4      net (fanout=10)       1.291   U_icon_pro/U0/U_ICON/iCORE_ID_SEL<0>
    SLICE_X4Y125.Y       Tilo                  0.195   U_ila_pro_0/U0/I_NO_D.U_ILA/U_G2_SQ.U_CAPCTRL/I_SRLT_NE_1.U_SCE/iCFG_DIN
                                                       U_icon_pro/U0/U_ICON/U_CTRL_OUT/F_NCP[0].F_CMD[5].U_LCE
    SLICE_X9Y148.F1      net (fanout=49)       1.359   icon_control0<9>
    SLICE_X9Y148.X       Tilo                  0.194   U_ila_pro_0/U0/I_NO_D.U_ILA/U_G2_SQ.U_CAPCTRL/U_CAP_ADDRGEN/cfg_data<4>
                                                       U_ila_pro_0/U0/I_NO_D.U_ILA/U_G2_SQ.U_CAPCTRL/U_CAP_ADDRGEN/U_BRK1
    SLICE_X6Y143.BY      net (fanout=1)        0.752   U_ila_pro_0/U0/I_NO_D.U_ILA/U_G2_SQ.U_CAPCTRL/U_CAP_ADDRGEN/cfg_data<4>
    SLICE_X6Y143.CLK     Tds                   0.296   U_ila_pro_0/U0/I_NO_D.U_ILA/U_G2_SQ.U_CAPCTRL/U_CAP_ADDRGEN/U_WCNT_LCMP/I_SRL16.U_GAND_SRL16/I_TWMOD8_NE0.I_YES_RPM.U_MUXL/O
                                                       U_ila_pro_0/U0/I_NO_D.U_ILA/U_G2_SQ.U_CAPCTRL/U_CAP_ADDRGEN/U_WCNT_LCMP/I_SRL16.U_GAND_SRL16/I_TWMOD8_NE0.I_YES_RPM.I_SRLT_EQ_2.U_SRLH
    -------------------------------------------------  ---------------------------
    Total                                      5.406ns (1.219ns logic, 4.187ns route)
                                                       (22.5% logic, 77.5% route)

--------------------------------------------------------------------------------
Slack (setup path):     24.596ns (requirement - (data path - clock path skew + uncertainty))
  Source:               U_icon_pro/U0/U_ICON/U_CMD/G_TARGET[11].I_NE0.U_TARGET (FF)
  Destination:          U_ila_pro_0/U0/I_NO_D.U_ILA/U_G2_SQ.U_CAPCTRL/U_CAP_ADDRGEN/U_WCNT_LCMP/I_SRL16.U_GAND_SRL16/I_TWMOD8_NE0.I_YES_RPM.I_SRLT_EQ_2.U_SRLH (FF)
  Requirement:          30.000ns
  Data Path Delay:      5.404ns (Levels of Logic = 4)
  Clock Path Skew:      0.000ns
  Source Clock:         icon_control0<0> rising at 0.000ns
  Destination Clock:    icon_control0<0> rising at 30.000ns
  Clock Uncertainty:    0.000ns

  Maximum Data Path: U_icon_pro/U0/U_ICON/U_CMD/G_TARGET[11].I_NE0.U_TARGET to U_ila_pro_0/U0/I_NO_D.U_ILA/U_G2_SQ.U_CAPCTRL/U_CAP_ADDRGEN/U_WCNT_LCMP/I_SRL16.U_GAND_SRL16/I_TWMOD8_NE0.I_YES_RPM.I_SRLT_EQ_2.U_SRLH
    Location             Delay type         Delay(ns)  Physical Resource
                                                       Logical Resource(s)
    -------------------------------------------------  -------------------
    SLICE_X13Y107.YQ     Tcko                  0.340   U_icon_pro/U0/U_ICON/U_CMD/iTARGET<11>
                                                       U_icon_pro/U0/U_ICON/U_CMD/G_TARGET[11].I_NE0.U_TARGET
    SLICE_X10Y125.F1     net (fanout=10)       1.313   U_icon_pro/U0/U_ICON/U_CMD/iTARGET<11>
    SLICE_X10Y125.X      Tilo                  0.195   U_ila_pro_0/U0/I_NO_D.U_ILA/U_STAT/ACTRESET_pulse
                                                       U_icon_pro/U0/U_ICON/U_CMD/U_COMMAND_SEL/I4.FI[5].U_LUT
    SLICE_X4Y125.G2      net (fanout=1)        0.760   U_icon_pro/U0/U_ICON/iCOMMAND_SEL<5>
    SLICE_X4Y125.Y       Tilo                  0.195   U_ila_pro_0/U0/I_NO_D.U_ILA/U_G2_SQ.U_CAPCTRL/I_SRLT_NE_1.U_SCE/iCFG_DIN
                                                       U_icon_pro/U0/U_ICON/U_CTRL_OUT/F_NCP[0].F_CMD[5].U_LCE
    SLICE_X9Y148.F1      net (fanout=49)       1.359   icon_control0<9>
    SLICE_X9Y148.X       Tilo                  0.194   U_ila_pro_0/U0/I_NO_D.U_ILA/U_G2_SQ.U_CAPCTRL/U_CAP_ADDRGEN/cfg_data<4>
                                                       U_ila_pro_0/U0/I_NO_D.U_ILA/U_G2_SQ.U_CAPCTRL/U_CAP_ADDRGEN/U_BRK1
    SLICE_X6Y143.BY      net (fanout=1)        0.752   U_ila_pro_0/U0/I_NO_D.U_ILA/U_G2_SQ.U_CAPCTRL/U_CAP_ADDRGEN/cfg_data<4>
    SLICE_X6Y143.CLK     Tds                   0.296   U_ila_pro_0/U0/I_NO_D.U_ILA/U_G2_SQ.U_CAPCTRL/U_CAP_ADDRGEN/U_WCNT_LCMP/I_SRL16.U_GAND_SRL16/I_TWMOD8_NE0.I_YES_RPM.U_MUXL/O
                                                       U_ila_pro_0/U0/I_NO_D.U_ILA/U_G2_SQ.U_CAPCTRL/U_CAP_ADDRGEN/U_WCNT_LCMP/I_SRL16.U_GAND_SRL16/I_TWMOD8_NE0.I_YES_RPM.I_SRLT_EQ_2.U_SRLH
    -------------------------------------------------  ---------------------------
    Total                                      5.404ns (1.220ns logic, 4.184ns route)
                                                       (22.6% logic, 77.4% route)

--------------------------------------------------------------------------------

Paths for end point U_ila_pro_0/U0/I_NO_D.U_ILA/U_G2_SQ.U_CAPCTRL/I_SRLT_NE_1.U_NS1/I_NOLUT6.I_SRL_T2.I_YES_RPM.I_S3.UG3_CFGLUT4 (SLICE_X2Y151.BY), 12 paths
--------------------------------------------------------------------------------
Slack (setup path):     23.859ns (requirement - (data path - clock path skew + uncertainty))
  Source:               U_icon_pro/U0/U_ICON/U_SYNC/U_SYNC (FF)
  Destination:          U_ila_pro_0/U0/I_NO_D.U_ILA/U_G2_SQ.U_CAPCTRL/I_SRLT_NE_1.U_NS1/I_NOLUT6.I_SRL_T2.I_YES_RPM.I_S3.UG3_CFGLUT4 (FF)
  Requirement:          30.000ns
  Data Path Delay:      6.141ns (Levels of Logic = 4)
  Clock Path Skew:      0.000ns
  Source Clock:         icon_control0<0> rising at 0.000ns
  Destination Clock:    icon_control0<0> rising at 30.000ns
  Clock Uncertainty:    0.000ns

  Maximum Data Path: U_icon_pro/U0/U_ICON/U_SYNC/U_SYNC to U_ila_pro_0/U0/I_NO_D.U_ILA/U_G2_SQ.U_CAPCTRL/I_SRLT_NE_1.U_NS1/I_NOLUT6.I_SRL_T2.I_YES_RPM.I_S3.UG3_CFGLUT4
    Location             Delay type         Delay(ns)  Physical Resource
                                                       Logical Resource(s)
    -------------------------------------------------  -------------------
    SLICE_X16Y100.YQ     Tcko                  0.360   U_icon_pro/U0/U_ICON/iSYNC
                                                       U_icon_pro/U0/U_ICON/U_SYNC/U_SYNC
    SLICE_X15Y104.F1     net (fanout=2)        1.019   U_icon_pro/U0/U_ICON/iSYNC
    SLICE_X15Y104.X      Tilo                  0.194   U_icon_pro/U0/U_ICON/U_CTRL_OUT/iDATA_VALID
                                                       U_icon_pro/U0/U_ICON/U_CTRL_OUT/U_DATA_VALID
    SLICE_X4Y125.G1      net (fanout=10)       2.060   U_icon_pro/U0/U_ICON/U_CTRL_OUT/iDATA_VALID
    SLICE_X4Y125.Y       Tilo                  0.195   U_ila_pro_0/U0/I_NO_D.U_ILA/U_G2_SQ.U_CAPCTRL/I_SRLT_NE_1.U_SCE/iCFG_DIN
                                                       U_icon_pro/U0/U_ICON/U_CTRL_OUT/F_NCP[0].F_CMD[5].U_LCE
    SLICE_X6Y150.F1      net (fanout=49)       1.310   icon_control0<9>
    SLICE_X6Y150.X       Tilo                  0.195   gs1.gbe_imp/sendpkt_imp/ipbuf_imp/ipfb_imp/U0/xst_fifo_generator/gconvfifo.rf/grf.rf/gntv_or_sync_fifo.gl0.rd/rpntr/count_d1<3>
                                                       U_ila_pro_0/U0/I_NO_D.U_ILA/U_G2_SQ.U_CAPCTRL/I_SRLT_NE_1.U_NS1/I_NOLUT6.I_SRL_T2.U_LUT
    SLICE_X2Y151.BY      net (fanout=1)        0.512   U_ila_pro_0/U0/I_NO_D.U_ILA/U_G2_SQ.U_CAPCTRL/I_SRLT_NE_1.U_NS1/iCFG_DIN
    SLICE_X2Y151.CLK     Tds                   0.296   U_ila_pro_0/U0/I_NO_D.U_ILA/U_G2_SQ.U_CAPCTRL/I_SRLT_NE_1.U_NS1/jO<3>
                                                       U_ila_pro_0/U0/I_NO_D.U_ILA/U_G2_SQ.U_CAPCTRL/I_SRLT_NE_1.U_NS1/I_NOLUT6.I_SRL_T2.I_YES_RPM.I_S3.UG3_CFGLUT4
    -------------------------------------------------  ---------------------------
    Total                                      6.141ns (1.240ns logic, 4.901ns route)
                                                       (20.2% logic, 79.8% route)

--------------------------------------------------------------------------------
Slack (setup path):     24.882ns (requirement - (data path - clock path skew + uncertainty))
  Source:               U_icon_pro/U0/U_ICON/U_CMD/G_TARGET[15].I_EQ0.U_TARGET (FF)
  Destination:          U_ila_pro_0/U0/I_NO_D.U_ILA/U_G2_SQ.U_CAPCTRL/I_SRLT_NE_1.U_NS1/I_NOLUT6.I_SRL_T2.I_YES_RPM.I_S3.UG3_CFGLUT4 (FF)
  Requirement:          30.000ns
  Data Path Delay:      5.118ns (Levels of Logic = 4)
  Clock Path Skew:      0.000ns
  Source Clock:         icon_control0<0> rising at 0.000ns
  Destination Clock:    icon_control0<0> rising at 30.000ns
  Clock Uncertainty:    0.000ns

  Maximum Data Path: U_icon_pro/U0/U_ICON/U_CMD/G_TARGET[15].I_EQ0.U_TARGET to U_ila_pro_0/U0/I_NO_D.U_ILA/U_G2_SQ.U_CAPCTRL/I_SRLT_NE_1.U_NS1/I_NOLUT6.I_SRL_T2.I_YES_RPM.I_S3.UG3_CFGLUT4
    Location             Delay type         Delay(ns)  Physical Resource
                                                       Logical Resource(s)
    -------------------------------------------------  -------------------
    SLICE_X15Y107.YQ     Tcko                  0.340   U_icon_pro/U0/U_ICON/iCORE_ID<3>
                                                       U_icon_pro/U0/U_ICON/U_CMD/G_TARGET[15].I_EQ0.U_TARGET
    SLICE_X13Y107.F3     net (fanout=4)        0.785   U_icon_pro/U0/U_ICON/iCORE_ID<3>
    SLICE_X13Y107.X      Tilo                  0.194   U_icon_pro/U0/U_ICON/U_CMD/iTARGET<11>
                                                       U_icon_pro/U0/U_ICON/U_CMD/U_CORE_ID_SEL/I4.FI[0].U_LUT
    SLICE_X4Y125.G4      net (fanout=10)       1.291   U_icon_pro/U0/U_ICON/iCORE_ID_SEL<0>
    SLICE_X4Y125.Y       Tilo                  0.195   U_ila_pro_0/U0/I_NO_D.U_ILA/U_G2_SQ.U_CAPCTRL/I_SRLT_NE_1.U_SCE/iCFG_DIN
                                                       U_icon_pro/U0/U_ICON/U_CTRL_OUT/F_NCP[0].F_CMD[5].U_LCE
    SLICE_X6Y150.F1      net (fanout=49)       1.310   icon_control0<9>
    SLICE_X6Y150.X       Tilo                  0.195   gs1.gbe_imp/sendpkt_imp/ipbuf_imp/ipfb_imp/U0/xst_fifo_generator/gconvfifo.rf/grf.rf/gntv_or_sync_fifo.gl0.rd/rpntr/count_d1<3>
                                                       U_ila_pro_0/U0/I_NO_D.U_ILA/U_G2_SQ.U_CAPCTRL/I_SRLT_NE_1.U_NS1/I_NOLUT6.I_SRL_T2.U_LUT
    SLICE_X2Y151.BY      net (fanout=1)        0.512   U_ila_pro_0/U0/I_NO_D.U_ILA/U_G2_SQ.U_CAPCTRL/I_SRLT_NE_1.U_NS1/iCFG_DIN
    SLICE_X2Y151.CLK     Tds                   0.296   U_ila_pro_0/U0/I_NO_D.U_ILA/U_G2_SQ.U_CAPCTRL/I_SRLT_NE_1.U_NS1/jO<3>
                                                       U_ila_pro_0/U0/I_NO_D.U_ILA/U_G2_SQ.U_CAPCTRL/I_SRLT_NE_1.U_NS1/I_NOLUT6.I_SRL_T2.I_YES_RPM.I_S3.UG3_CFGLUT4
    -------------------------------------------------  ---------------------------
    Total                                      5.118ns (1.220ns logic, 3.898ns route)
                                                       (23.8% logic, 76.2% route)

--------------------------------------------------------------------------------
Slack (setup path):     24.884ns (requirement - (data path - clock path skew + uncertainty))
  Source:               U_icon_pro/U0/U_ICON/U_CMD/G_TARGET[11].I_NE0.U_TARGET (FF)
  Destination:          U_ila_pro_0/U0/I_NO_D.U_ILA/U_G2_SQ.U_CAPCTRL/I_SRLT_NE_1.U_NS1/I_NOLUT6.I_SRL_T2.I_YES_RPM.I_S3.UG3_CFGLUT4 (FF)
  Requirement:          30.000ns
  Data Path Delay:      5.116ns (Levels of Logic = 4)
  Clock Path Skew:      0.000ns
  Source Clock:         icon_control0<0> rising at 0.000ns
  Destination Clock:    icon_control0<0> rising at 30.000ns
  Clock Uncertainty:    0.000ns

  Maximum Data Path: U_icon_pro/U0/U_ICON/U_CMD/G_TARGET[11].I_NE0.U_TARGET to U_ila_pro_0/U0/I_NO_D.U_ILA/U_G2_SQ.U_CAPCTRL/I_SRLT_NE_1.U_NS1/I_NOLUT6.I_SRL_T2.I_YES_RPM.I_S3.UG3_CFGLUT4
    Location             Delay type         Delay(ns)  Physical Resource
                                                       Logical Resource(s)
    -------------------------------------------------  -------------------
    SLICE_X13Y107.YQ     Tcko                  0.340   U_icon_pro/U0/U_ICON/U_CMD/iTARGET<11>
                                                       U_icon_pro/U0/U_ICON/U_CMD/G_TARGET[11].I_NE0.U_TARGET
    SLICE_X10Y125.F1     net (fanout=10)       1.313   U_icon_pro/U0/U_ICON/U_CMD/iTARGET<11>
    SLICE_X10Y125.X      Tilo                  0.195   U_ila_pro_0/U0/I_NO_D.U_ILA/U_STAT/ACTRESET_pulse
                                                       U_icon_pro/U0/U_ICON/U_CMD/U_COMMAND_SEL/I4.FI[5].U_LUT
    SLICE_X4Y125.G2      net (fanout=1)        0.760   U_icon_pro/U0/U_ICON/iCOMMAND_SEL<5>
    SLICE_X4Y125.Y       Tilo                  0.195   U_ila_pro_0/U0/I_NO_D.U_ILA/U_G2_SQ.U_CAPCTRL/I_SRLT_NE_1.U_SCE/iCFG_DIN
                                                       U_icon_pro/U0/U_ICON/U_CTRL_OUT/F_NCP[0].F_CMD[5].U_LCE
    SLICE_X6Y150.F1      net (fanout=49)       1.310   icon_control0<9>
    SLICE_X6Y150.X       Tilo                  0.195   gs1.gbe_imp/sendpkt_imp/ipbuf_imp/ipfb_imp/U0/xst_fifo_generator/gconvfifo.rf/grf.rf/gntv_or_sync_fifo.gl0.rd/rpntr/count_d1<3>
                                                       U_ila_pro_0/U0/I_NO_D.U_ILA/U_G2_SQ.U_CAPCTRL/I_SRLT_NE_1.U_NS1/I_NOLUT6.I_SRL_T2.U_LUT
    SLICE_X2Y151.BY      net (fanout=1)        0.512   U_ila_pro_0/U0/I_NO_D.U_ILA/U_G2_SQ.U_CAPCTRL/I_SRLT_NE_1.U_NS1/iCFG_DIN
    SLICE_X2Y151.CLK     Tds                   0.296   U_ila_pro_0/U0/I_NO_D.U_ILA/U_G2_SQ.U_CAPCTRL/I_SRLT_NE_1.U_NS1/jO<3>
                                                       U_ila_pro_0/U0/I_NO_D.U_ILA/U_G2_SQ.U_CAPCTRL/I_SRLT_NE_1.U_NS1/I_NOLUT6.I_SRL_T2.I_YES_RPM.I_S3.UG3_CFGLUT4
    -------------------------------------------------  ---------------------------
    Total                                      5.116ns (1.221ns logic, 3.895ns route)
                                                       (23.9% logic, 76.1% route)

--------------------------------------------------------------------------------

Paths for end point U_ila_pro_0/U0/I_NO_D.U_ILA/U_G2_SQ.U_CAPCTRL/I_SRLT_NE_1.U_WHCMPCE/I_NOLUT6.I_SRL_T2.I_YES_RPM.UG_cs_cfglut4 (SLICE_X4Y146.BY), 12 paths
--------------------------------------------------------------------------------
Slack (setup path):     24.025ns (requirement - (data path - clock path skew + uncertainty))
  Source:               U_icon_pro/U0/U_ICON/U_SYNC/U_SYNC (FF)
  Destination:          U_ila_pro_0/U0/I_NO_D.U_ILA/U_G2_SQ.U_CAPCTRL/I_SRLT_NE_1.U_WHCMPCE/I_NOLUT6.I_SRL_T2.I_YES_RPM.UG_cs_cfglut4 (FF)
  Requirement:          30.000ns
  Data Path Delay:      5.975ns (Levels of Logic = 4)
  Clock Path Skew:      0.000ns
  Source Clock:         icon_control0<0> rising at 0.000ns
  Destination Clock:    icon_control0<0> rising at 30.000ns
  Clock Uncertainty:    0.000ns

  Maximum Data Path: U_icon_pro/U0/U_ICON/U_SYNC/U_SYNC to U_ila_pro_0/U0/I_NO_D.U_ILA/U_G2_SQ.U_CAPCTRL/I_SRLT_NE_1.U_WHCMPCE/I_NOLUT6.I_SRL_T2.I_YES_RPM.UG_cs_cfglut4
    Location             Delay type         Delay(ns)  Physical Resource
                                                       Logical Resource(s)
    -------------------------------------------------  -------------------
    SLICE_X16Y100.YQ     Tcko                  0.360   U_icon_pro/U0/U_ICON/iSYNC
                                                       U_icon_pro/U0/U_ICON/U_SYNC/U_SYNC
    SLICE_X15Y104.F1     net (fanout=2)        1.019   U_icon_pro/U0/U_ICON/iSYNC
    SLICE_X15Y104.X      Tilo                  0.194   U_icon_pro/U0/U_ICON/U_CTRL_OUT/iDATA_VALID
                                                       U_icon_pro/U0/U_ICON/U_CTRL_OUT/U_DATA_VALID
    SLICE_X4Y125.G1      net (fanout=10)       2.060   U_icon_pro/U0/U_ICON/U_CTRL_OUT/iDATA_VALID
    SLICE_X4Y125.Y       Tilo                  0.195   U_ila_pro_0/U0/I_NO_D.U_ILA/U_G2_SQ.U_CAPCTRL/I_SRLT_NE_1.U_SCE/iCFG_DIN
                                                       U_icon_pro/U0/U_ICON/U_CTRL_OUT/F_NCP[0].F_CMD[5].U_LCE
    SLICE_X7Y146.F1      net (fanout=49)       1.349   icon_control0<9>
    SLICE_X7Y146.X       Tilo                  0.194   U_ila_pro_0/U0/I_NO_D.U_ILA/U_G2_SQ.U_CAPCTRL/I_SRLT_NE_1.U_WHCMPCE/iCFG_DIN
                                                       U_ila_pro_0/U0/I_NO_D.U_ILA/U_G2_SQ.U_CAPCTRL/I_SRLT_NE_1.U_WHCMPCE/I_NOLUT6.I_SRL_T2.U_LUT
    SLICE_X4Y146.BY      net (fanout=1)        0.308   U_ila_pro_0/U0/I_NO_D.U_ILA/U_G2_SQ.U_CAPCTRL/I_SRLT_NE_1.U_WHCMPCE/iCFG_DIN
    SLICE_X4Y146.CLK     Tds                   0.296   U_ila_pro_0/U0/I_NO_D.U_ILA/U_G2_SQ.U_CAPCTRL/WCNT_HCMP_CE
                                                       U_ila_pro_0/U0/I_NO_D.U_ILA/U_G2_SQ.U_CAPCTRL/I_SRLT_NE_1.U_WHCMPCE/I_NOLUT6.I_SRL_T2.I_YES_RPM.UG_cs_cfglut4
    -------------------------------------------------  ---------------------------
    Total                                      5.975ns (1.239ns logic, 4.736ns route)
                                                       (20.7% logic, 79.3% route)

--------------------------------------------------------------------------------
Slack (setup path):     25.048ns (requirement - (data path - clock path skew + uncertainty))
  Source:               U_icon_pro/U0/U_ICON/U_CMD/G_TARGET[15].I_EQ0.U_TARGET (FF)
  Destination:          U_ila_pro_0/U0/I_NO_D.U_ILA/U_G2_SQ.U_CAPCTRL/I_SRLT_NE_1.U_WHCMPCE/I_NOLUT6.I_SRL_T2.I_YES_RPM.UG_cs_cfglut4 (FF)
  Requirement:          30.000ns
  Data Path Delay:      4.952ns (Levels of Logic = 4)
  Clock Path Skew:      0.000ns
  Source Clock:         icon_control0<0> rising at 0.000ns
  Destination Clock:    icon_control0<0> rising at 30.000ns
  Clock Uncertainty:    0.000ns

  Maximum Data Path: U_icon_pro/U0/U_ICON/U_CMD/G_TARGET[15].I_EQ0.U_TARGET to U_ila_pro_0/U0/I_NO_D.U_ILA/U_G2_SQ.U_CAPCTRL/I_SRLT_NE_1.U_WHCMPCE/I_NOLUT6.I_SRL_T2.I_YES_RPM.UG_cs_cfglut4
    Location             Delay type         Delay(ns)  Physical Resource
                                                       Logical Resource(s)
    -------------------------------------------------  -------------------
    SLICE_X15Y107.YQ     Tcko                  0.340   U_icon_pro/U0/U_ICON/iCORE_ID<3>
                                                       U_icon_pro/U0/U_ICON/U_CMD/G_TARGET[15].I_EQ0.U_TARGET
    SLICE_X13Y107.F3     net (fanout=4)        0.785   U_icon_pro/U0/U_ICON/iCORE_ID<3>
    SLICE_X13Y107.X      Tilo                  0.194   U_icon_pro/U0/U_ICON/U_CMD/iTARGET<11>
                                                       U_icon_pro/U0/U_ICON/U_CMD/U_CORE_ID_SEL/I4.FI[0].U_LUT
    SLICE_X4Y125.G4      net (fanout=10)       1.291   U_icon_pro/U0/U_ICON/iCORE_ID_SEL<0>
    SLICE_X4Y125.Y       Tilo                  0.195   U_ila_pro_0/U0/I_NO_D.U_ILA/U_G2_SQ.U_CAPCTRL/I_SRLT_NE_1.U_SCE/iCFG_DIN
                                                       U_icon_pro/U0/U_ICON/U_CTRL_OUT/F_NCP[0].F_CMD[5].U_LCE
    SLICE_X7Y146.F1      net (fanout=49)       1.349   icon_control0<9>
    SLICE_X7Y146.X       Tilo                  0.194   U_ila_pro_0/U0/I_NO_D.U_ILA/U_G2_SQ.U_CAPCTRL/I_SRLT_NE_1.U_WHCMPCE/iCFG_DIN
                                                       U_ila_pro_0/U0/I_NO_D.U_ILA/U_G2_SQ.U_CAPCTRL/I_SRLT_NE_1.U_WHCMPCE/I_NOLUT6.I_SRL_T2.U_LUT
    SLICE_X4Y146.BY      net (fanout=1)        0.308   U_ila_pro_0/U0/I_NO_D.U_ILA/U_G2_SQ.U_CAPCTRL/I_SRLT_NE_1.U_WHCMPCE/iCFG_DIN
    SLICE_X4Y146.CLK     Tds                   0.296   U_ila_pro_0/U0/I_NO_D.U_ILA/U_G2_SQ.U_CAPCTRL/WCNT_HCMP_CE
                                                       U_ila_pro_0/U0/I_NO_D.U_ILA/U_G2_SQ.U_CAPCTRL/I_SRLT_NE_1.U_WHCMPCE/I_NOLUT6.I_SRL_T2.I_YES_RPM.UG_cs_cfglut4
    -------------------------------------------------  ---------------------------
    Total                                      4.952ns (1.219ns logic, 3.733ns route)
                                                       (24.6% logic, 75.4% route)

--------------------------------------------------------------------------------
Slack (setup path):     25.050ns (requirement - (data path - clock path skew + uncertainty))
  Source:               U_icon_pro/U0/U_ICON/U_CMD/G_TARGET[11].I_NE0.U_TARGET (FF)
  Destination:          U_ila_pro_0/U0/I_NO_D.U_ILA/U_G2_SQ.U_CAPCTRL/I_SRLT_NE_1.U_WHCMPCE/I_NOLUT6.I_SRL_T2.I_YES_RPM.UG_cs_cfglut4 (FF)
  Requirement:          30.000ns
  Data Path Delay:      4.950ns (Levels of Logic = 4)
  Clock Path Skew:      0.000ns
  Source Clock:         icon_control0<0> rising at 0.000ns
  Destination Clock:    icon_control0<0> rising at 30.000ns
  Clock Uncertainty:    0.000ns

  Maximum Data Path: U_icon_pro/U0/U_ICON/U_CMD/G_TARGET[11].I_NE0.U_TARGET to U_ila_pro_0/U0/I_NO_D.U_ILA/U_G2_SQ.U_CAPCTRL/I_SRLT_NE_1.U_WHCMPCE/I_NOLUT6.I_SRL_T2.I_YES_RPM.UG_cs_cfglut4
    Location             Delay type         Delay(ns)  Physical Resource
                                                       Logical Resource(s)
    -------------------------------------------------  -------------------
    SLICE_X13Y107.YQ     Tcko                  0.340   U_icon_pro/U0/U_ICON/U_CMD/iTARGET<11>
                                                       U_icon_pro/U0/U_ICON/U_CMD/G_TARGET[11].I_NE0.U_TARGET
    SLICE_X10Y125.F1     net (fanout=10)       1.313   U_icon_pro/U0/U_ICON/U_CMD/iTARGET<11>
    SLICE_X10Y125.X      Tilo                  0.195   U_ila_pro_0/U0/I_NO_D.U_ILA/U_STAT/ACTRESET_pulse
                                                       U_icon_pro/U0/U_ICON/U_CMD/U_COMMAND_SEL/I4.FI[5].U_LUT
    SLICE_X4Y125.G2      net (fanout=1)        0.760   U_icon_pro/U0/U_ICON/iCOMMAND_SEL<5>
    SLICE_X4Y125.Y       Tilo                  0.195   U_ila_pro_0/U0/I_NO_D.U_ILA/U_G2_SQ.U_CAPCTRL/I_SRLT_NE_1.U_SCE/iCFG_DIN
                                                       U_icon_pro/U0/U_ICON/U_CTRL_OUT/F_NCP[0].F_CMD[5].U_LCE
    SLICE_X7Y146.F1      net (fanout=49)       1.349   icon_control0<9>
    SLICE_X7Y146.X       Tilo                  0.194   U_ila_pro_0/U0/I_NO_D.U_ILA/U_G2_SQ.U_CAPCTRL/I_SRLT_NE_1.U_WHCMPCE/iCFG_DIN
                                                       U_ila_pro_0/U0/I_NO_D.U_ILA/U_G2_SQ.U_CAPCTRL/I_SRLT_NE_1.U_WHCMPCE/I_NOLUT6.I_SRL_T2.U_LUT
    SLICE_X4Y146.BY      net (fanout=1)        0.308   U_ila_pro_0/U0/I_NO_D.U_ILA/U_G2_SQ.U_CAPCTRL/I_SRLT_NE_1.U_WHCMPCE/iCFG_DIN
    SLICE_X4Y146.CLK     Tds                   0.296   U_ila_pro_0/U0/I_NO_D.U_ILA/U_G2_SQ.U_CAPCTRL/WCNT_HCMP_CE
                                                       U_ila_pro_0/U0/I_NO_D.U_ILA/U_G2_SQ.U_CAPCTRL/I_SRLT_NE_1.U_WHCMPCE/I_NOLUT6.I_SRL_T2.I_YES_RPM.UG_cs_cfglut4
    -------------------------------------------------  ---------------------------
    Total                                      4.950ns (1.220ns logic, 3.730ns route)
                                                       (24.6% logic, 75.4% route)

--------------------------------------------------------------------------------

Hold Paths: TS_J_CLK = PERIOD TIMEGRP "J_CLK" 30 ns HIGH 50%;
--------------------------------------------------------------------------------

Paths for end point U_ila_pro_0/U0/I_NO_D.U_ILA/U_CAPSTOR/I_CASE1.I_NO_TB.I_RT1.U_RAM/G_BRAM[0].U_BRAM/ram_rt1_s1_s32_if.ram_rt1_s1_s32_i (RAMB16_X0Y15.ADDRA11), 1 path
--------------------------------------------------------------------------------
Slack (hold path):      0.328ns (requirement - (clock path skew + uncertainty - data path))
  Source:               U_ila_pro_0/U0/I_NO_D.U_ILA/U_CAPSTOR/I_CASE1.I_NO_TB.I_RT1.I_RDADDR/U_HC/G[11].U_FDRE (FF)
  Destination:          U_ila_pro_0/U0/I_NO_D.U_ILA/U_CAPSTOR/I_CASE1.I_NO_TB.I_RT1.U_RAM/G_BRAM[0].U_BRAM/ram_rt1_s1_s32_if.ram_rt1_s1_s32_i (RAM)
  Requirement:          0.000ns
  Data Path Delay:      0.328ns (Levels of Logic = 0)
  Clock Path Skew:      0.000ns
  Source Clock:         icon_control0<0> rising at 30.000ns
  Destination Clock:    icon_control0<0> rising at 30.000ns
  Clock Uncertainty:    0.000ns

  Minimum Data Path: U_ila_pro_0/U0/I_NO_D.U_ILA/U_CAPSTOR/I_CASE1.I_NO_TB.I_RT1.I_RDADDR/U_HC/G[11].U_FDRE to U_ila_pro_0/U0/I_NO_D.U_ILA/U_CAPSTOR/I_CASE1.I_NO_TB.I_RT1.U_RAM/G_BRAM[0].U_BRAM/ram_rt1_s1_s32_if.ram_rt1_s1_s32_i
    Location             Delay type         Delay(ns)  Physical Resource
                                                       Logical Resource(s)
    -------------------------------------------------  -------------------
    SLICE_X6Y125.YQ      Tcko                  0.331   U_ila_pro_0/U0/I_NO_D.U_ILA/U_CAPSTOR/RD_ADDR<10>
                                                       U_ila_pro_0/U0/I_NO_D.U_ILA/U_CAPSTOR/I_CASE1.I_NO_TB.I_RT1.I_RDADDR/U_HC/G[11].U_FDRE
    RAMB16_X0Y15.ADDRA11 net (fanout=2)        0.319   U_ila_pro_0/U0/I_NO_D.U_ILA/U_CAPSTOR/RD_ADDR<11>
    RAMB16_X0Y15.CLKA    Trckc_ADDRA (-Th)     0.322   U_ila_pro_0/U0/I_NO_D.U_ILA/U_CAPSTOR/I_CASE1.I_NO_TB.I_RT1.U_RAM/G_BRAM[0].U_BRAM/ram_rt1_s1_s32_if.ram_rt1_s1_s32_i
                                                       U_ila_pro_0/U0/I_NO_D.U_ILA/U_CAPSTOR/I_CASE1.I_NO_TB.I_RT1.U_RAM/G_BRAM[0].U_BRAM/ram_rt1_s1_s32_if.ram_rt1_s1_s32_i
    -------------------------------------------------  ---------------------------
    Total                                      0.328ns (0.009ns logic, 0.319ns route)
                                                       (2.7% logic, 97.3% route)

--------------------------------------------------------------------------------

Paths for end point U_ila_pro_0/U0/I_NO_D.U_ILA/U_CAPSTOR/I_CASE1.I_NO_TB.I_RT1.U_RAM/G_BRAM[0].U_BRAM/ram_rt1_s1_s32_if.ram_rt1_s1_s32_i (RAMB16_X0Y15.ADDRA3), 1 path
--------------------------------------------------------------------------------
Slack (hold path):      0.328ns (requirement - (clock path skew + uncertainty - data path))
  Source:               U_ila_pro_0/U0/I_NO_D.U_ILA/U_CAPSTOR/I_CASE1.I_NO_TB.I_RT1.I_RDADDR/U_HC/G[3].U_FDRE (FF)
  Destination:          U_ila_pro_0/U0/I_NO_D.U_ILA/U_CAPSTOR/I_CASE1.I_NO_TB.I_RT1.U_RAM/G_BRAM[0].U_BRAM/ram_rt1_s1_s32_if.ram_rt1_s1_s32_i (RAM)
  Requirement:          0.000ns
  Data Path Delay:      0.328ns (Levels of Logic = 0)
  Clock Path Skew:      0.000ns
  Source Clock:         icon_control0<0> rising at 30.000ns
  Destination Clock:    icon_control0<0> rising at 30.000ns
  Clock Uncertainty:    0.000ns

  Minimum Data Path: U_ila_pro_0/U0/I_NO_D.U_ILA/U_CAPSTOR/I_CASE1.I_NO_TB.I_RT1.I_RDADDR/U_HC/G[3].U_FDRE to U_ila_pro_0/U0/I_NO_D.U_ILA/U_CAPSTOR/I_CASE1.I_NO_TB.I_RT1.U_RAM/G_BRAM[0].U_BRAM/ram_rt1_s1_s32_if.ram_rt1_s1_s32_i
    Location             Delay type         Delay(ns)  Physical Resource
                                                       Logical Resource(s)
    -------------------------------------------------  -------------------
    SLICE_X6Y121.YQ      Tcko                  0.331   U_ila_pro_0/U0/I_NO_D.U_ILA/U_CAPSTOR/RD_ADDR<2>
                                                       U_ila_pro_0/U0/I_NO_D.U_ILA/U_CAPSTOR/I_CASE1.I_NO_TB.I_RT1.I_RDADDR/U_HC/G[3].U_FDRE
    RAMB16_X0Y15.ADDRA3  net (fanout=2)        0.319   U_ila_pro_0/U0/I_NO_D.U_ILA/U_CAPSTOR/RD_ADDR<3>
    RAMB16_X0Y15.CLKA    Trckc_ADDRA (-Th)     0.322   U_ila_pro_0/U0/I_NO_D.U_ILA/U_CAPSTOR/I_CASE1.I_NO_TB.I_RT1.U_RAM/G_BRAM[0].U_BRAM/ram_rt1_s1_s32_if.ram_rt1_s1_s32_i
                                                       U_ila_pro_0/U0/I_NO_D.U_ILA/U_CAPSTOR/I_CASE1.I_NO_TB.I_RT1.U_RAM/G_BRAM[0].U_BRAM/ram_rt1_s1_s32_if.ram_rt1_s1_s32_i
    -------------------------------------------------  ---------------------------
    Total                                      0.328ns (0.009ns logic, 0.319ns route)
                                                       (2.7% logic, 97.3% route)

--------------------------------------------------------------------------------

Paths for end point U_ila_pro_0/U0/I_NO_D.U_ILA/U_CAPSTOR/I_CASE1.I_NO_TB.I_RT1.U_RAM/G_BRAM[0].U_BRAM/ram_rt1_s1_s32_if.ram_rt1_s1_s32_i (RAMB16_X0Y15.ADDRA7), 1 path
--------------------------------------------------------------------------------
Slack (hold path):      0.328ns (requirement - (clock path skew + uncertainty - data path))
  Source:               U_ila_pro_0/U0/I_NO_D.U_ILA/U_CAPSTOR/I_CASE1.I_NO_TB.I_RT1.I_RDADDR/U_HC/G[7].U_FDRE (FF)
  Destination:          U_ila_pro_0/U0/I_NO_D.U_ILA/U_CAPSTOR/I_CASE1.I_NO_TB.I_RT1.U_RAM/G_BRAM[0].U_BRAM/ram_rt1_s1_s32_if.ram_rt1_s1_s32_i (RAM)
  Requirement:          0.000ns
  Data Path Delay:      0.328ns (Levels of Logic = 0)
  Clock Path Skew:      0.000ns
  Source Clock:         icon_control0<0> rising at 30.000ns
  Destination Clock:    icon_control0<0> rising at 30.000ns
  Clock Uncertainty:    0.000ns

  Minimum Data Path: U_ila_pro_0/U0/I_NO_D.U_ILA/U_CAPSTOR/I_CASE1.I_NO_TB.I_RT1.I_RDADDR/U_HC/G[7].U_FDRE to U_ila_pro_0/U0/I_NO_D.U_ILA/U_CAPSTOR/I_CASE1.I_NO_TB.I_RT1.U_RAM/G_BRAM[0].U_BRAM/ram_rt1_s1_s32_if.ram_rt1_s1_s32_i
    Location             Delay type         Delay(ns)  Physical Resource
                                                       Logical Resource(s)
    -------------------------------------------------  -------------------
    SLICE_X6Y123.YQ      Tcko                  0.331   U_ila_pro_0/U0/I_NO_D.U_ILA/U_CAPSTOR/RD_ADDR<6>
                                                       U_ila_pro_0/U0/I_NO_D.U_ILA/U_CAPSTOR/I_CASE1.I_NO_TB.I_RT1.I_RDADDR/U_HC/G[7].U_FDRE
    RAMB16_X0Y15.ADDRA7  net (fanout=2)        0.319   U_ila_pro_0/U0/I_NO_D.U_ILA/U_CAPSTOR/RD_ADDR<7>
    RAMB16_X0Y15.CLKA    Trckc_ADDRA (-Th)     0.322   U_ila_pro_0/U0/I_NO_D.U_ILA/U_CAPSTOR/I_CASE1.I_NO_TB.I_RT1.U_RAM/G_BRAM[0].U_BRAM/ram_rt1_s1_s32_if.ram_rt1_s1_s32_i
                                                       U_ila_pro_0/U0/I_NO_D.U_ILA/U_CAPSTOR/I_CASE1.I_NO_TB.I_RT1.U_RAM/G_BRAM[0].U_BRAM/ram_rt1_s1_s32_if.ram_rt1_s1_s32_i
    -------------------------------------------------  ---------------------------
    Total                                      0.328ns (0.009ns logic, 0.319ns route)
                                                       (2.7% logic, 97.3% route)

--------------------------------------------------------------------------------

Component Switching Limit Checks: TS_J_CLK = PERIOD TIMEGRP "J_CLK" 30 ns HIGH 50%;
--------------------------------------------------------------------------------
Slack: 27.500ns (period - min period limit)
  Period: 30.000ns
  Min period limit: 2.500ns (400.000MHz) (Trper_CLKA)
  Physical resource: U_ila_pro_0/U0/I_NO_D.U_ILA/U_CAPSTOR/I_CASE1.I_NO_TB.I_RT1.U_RAM/G_BRAM[0].U_BRAM/ram_rt1_s1_s32_if.ram_rt1_s1_s32_i/CLKA
  Logical resource: U_ila_pro_0/U0/I_NO_D.U_ILA/U_CAPSTOR/I_CASE1.I_NO_TB.I_RT1.U_RAM/G_BRAM[0].U_BRAM/ram_rt1_s1_s32_if.ram_rt1_s1_s32_i/CLKA
  Location pin: RAMB16_X0Y15.CLKA
  Clock network: icon_control0<0>
--------------------------------------------------------------------------------
Slack: 28.600ns (period - (min low pulse limit / (low pulse / period)))
  Period: 30.000ns
  Low pulse: 15.000ns
  Low pulse limit: 0.700ns (Twpl)
  Physical resource: U_ila_pro_0/U0/I_NO_D.U_ILA/U_TRIG/U_TC/I_TSEQ_EQ1.I_TSEQ_SIMPLE/and_out<1>/CLK
  Logical resource: U_ila_pro_0/U0/I_NO_D.U_ILA/U_TRIG/U_TC/I_TSEQ_EQ1.I_TSEQ_SIMPLE/U_STATES[1].SI_CFG/I_NOLUT6.I_SRL_T2.U_SRLC16E/WS
  Location pin: SLICE_X2Y104.CLK
  Clock network: icon_control0<0>
--------------------------------------------------------------------------------
Slack: 28.600ns (period - (min low pulse limit / (low pulse / period)))
  Period: 30.000ns
  Low pulse: 15.000ns
  Low pulse limit: 0.700ns (Twpl)
  Physical resource: U_ila_pro_0/U0/I_NO_D.U_ILA/U_TRIG/U_TC/I_TSEQ_EQ1.I_TSEQ_SIMPLE/and_out<1>/CLK
  Logical resource: U_ila_pro_0/U0/I_NO_D.U_ILA/U_TRIG/U_TC/I_TSEQ_EQ1.I_TSEQ_SIMPLE/S0_CFG/I_NOLUT6.I_SRL_T2.U_SRLC16E/WS
  Location pin: SLICE_X2Y104.CLK
  Clock network: icon_control0<0>
--------------------------------------------------------------------------------

================================================================================
Timing constraint: TS_U_TO_J = MAXDELAY FROM TIMEGRP "U_CLK" TO TIMEGRP "J_CLK" 
15 ns;
For more information, see From:To (Multicycle) Analysis in the Timing Closure User Guide (UG612).

 18 paths analyzed, 18 endpoints analyzed, 0 failing endpoints
 0 timing errors detected. (0 setup errors, 0 hold errors)
 Maximum delay is   3.418ns.
--------------------------------------------------------------------------------

Paths for end point U_icon_pro/U0/U_ICON/U_SYNC/G_SYNC_WORD[1].I_NE0.U_FDR (SLICE_X18Y92.SR), 1 path
--------------------------------------------------------------------------------
Slack (setup paths):    11.582ns (requirement - (data path - clock path skew + uncertainty))
  Source:               U_icon_pro/U0/U_ICON/U_iDATA_CMD (FF)
  Destination:          U_icon_pro/U0/U_ICON/U_SYNC/G_SYNC_WORD[1].I_NE0.U_FDR (FF)
  Requirement:          15.000ns
  Data Path Delay:      3.418ns (Levels of Logic = 0)
  Clock Path Skew:      0.000ns
  Source Clock:         U_icon_pro/U0/iUPDATE_OUT rising
  Destination Clock:    icon_control0<0> rising at 0.000ns
  Clock Uncertainty:    0.000ns

  Maximum Data Path: U_icon_pro/U0/U_ICON/U_iDATA_CMD to U_icon_pro/U0/U_ICON/U_SYNC/G_SYNC_WORD[1].I_NE0.U_FDR
    Location             Delay type         Delay(ns)  Physical Resource
                                                       Logical Resource(s)
    -------------------------------------------------  -------------------
    SLICE_X26Y80.YQ      Tcko                  0.360   U_icon_pro/U0/U_ICON/iDATA_CMD
                                                       U_icon_pro/U0/U_ICON/U_iDATA_CMD
    SLICE_X18Y92.SR      net (fanout=7)        1.967   U_icon_pro/U0/U_ICON/iDATA_CMD
    SLICE_X18Y92.CLK     Tsrck                 1.091   U_icon_pro/U0/U_ICON/U_SYNC/iSYNC_WORD<1>
                                                       U_icon_pro/U0/U_ICON/U_SYNC/G_SYNC_WORD[1].I_NE0.U_FDR
    -------------------------------------------------  ---------------------------
    Total                                      3.418ns (1.451ns logic, 1.967ns route)
                                                       (42.5% logic, 57.5% route)

--------------------------------------------------------------------------------

Paths for end point U_icon_pro/U0/U_ICON/U_SYNC/G_SYNC_WORD[0].I_NE0.U_FDR (SLICE_X18Y92.SR), 1 path
--------------------------------------------------------------------------------
Slack (setup paths):    11.582ns (requirement - (data path - clock path skew + uncertainty))
  Source:               U_icon_pro/U0/U_ICON/U_iDATA_CMD (FF)
  Destination:          U_icon_pro/U0/U_ICON/U_SYNC/G_SYNC_WORD[0].I_NE0.U_FDR (FF)
  Requirement:          15.000ns
  Data Path Delay:      3.418ns (Levels of Logic = 0)
  Clock Path Skew:      0.000ns
  Source Clock:         U_icon_pro/U0/iUPDATE_OUT rising
  Destination Clock:    icon_control0<0> rising at 0.000ns
  Clock Uncertainty:    0.000ns

  Maximum Data Path: U_icon_pro/U0/U_ICON/U_iDATA_CMD to U_icon_pro/U0/U_ICON/U_SYNC/G_SYNC_WORD[0].I_NE0.U_FDR
    Location             Delay type         Delay(ns)  Physical Resource
                                                       Logical Resource(s)
    -------------------------------------------------  -------------------
    SLICE_X26Y80.YQ      Tcko                  0.360   U_icon_pro/U0/U_ICON/iDATA_CMD
                                                       U_icon_pro/U0/U_ICON/U_iDATA_CMD
    SLICE_X18Y92.SR      net (fanout=7)        1.967   U_icon_pro/U0/U_ICON/iDATA_CMD
    SLICE_X18Y92.CLK     Tsrck                 1.091   U_icon_pro/U0/U_ICON/U_SYNC/iSYNC_WORD<1>
                                                       U_icon_pro/U0/U_ICON/U_SYNC/G_SYNC_WORD[0].I_NE0.U_FDR
    -------------------------------------------------  ---------------------------
    Total                                      3.418ns (1.451ns logic, 1.967ns route)
                                                       (42.5% logic, 57.5% route)

--------------------------------------------------------------------------------

Paths for end point U_icon_pro/U0/U_ICON/U_SYNC/G_SYNC_WORD[5].I_NE0.U_FDR (SLICE_X18Y93.SR), 1 path
--------------------------------------------------------------------------------
Slack (setup paths):    11.582ns (requirement - (data path - clock path skew + uncertainty))
  Source:               U_icon_pro/U0/U_ICON/U_iDATA_CMD (FF)
  Destination:          U_icon_pro/U0/U_ICON/U_SYNC/G_SYNC_WORD[5].I_NE0.U_FDR (FF)
  Requirement:          15.000ns
  Data Path Delay:      3.418ns (Levels of Logic = 0)
  Clock Path Skew:      0.000ns
  Source Clock:         U_icon_pro/U0/iUPDATE_OUT rising
  Destination Clock:    icon_control0<0> rising at 0.000ns
  Clock Uncertainty:    0.000ns

  Maximum Data Path: U_icon_pro/U0/U_ICON/U_iDATA_CMD to U_icon_pro/U0/U_ICON/U_SYNC/G_SYNC_WORD[5].I_NE0.U_FDR
    Location             Delay type         Delay(ns)  Physical Resource
                                                       Logical Resource(s)
    -------------------------------------------------  -------------------
    SLICE_X26Y80.YQ      Tcko                  0.360   U_icon_pro/U0/U_ICON/iDATA_CMD
                                                       U_icon_pro/U0/U_ICON/U_iDATA_CMD
    SLICE_X18Y93.SR      net (fanout=7)        1.967   U_icon_pro/U0/U_ICON/iDATA_CMD
    SLICE_X18Y93.CLK     Tsrck                 1.091   U_icon_pro/U0/U_ICON/U_SYNC/iSYNC_WORD<5>
                                                       U_icon_pro/U0/U_ICON/U_SYNC/G_SYNC_WORD[5].I_NE0.U_FDR
    -------------------------------------------------  ---------------------------
    Total                                      3.418ns (1.451ns logic, 1.967ns route)
                                                       (42.5% logic, 57.5% route)

--------------------------------------------------------------------------------

Fastest Paths: TS_U_TO_J = MAXDELAY FROM TIMEGRP "U_CLK" TO TIMEGRP "J_CLK" 15 ns;
--------------------------------------------------------------------------------

Paths for end point U_icon_pro/U0/U_ICON/U_SYNC/G_SYNC_WORD[3].I_NE0.U_FDR (SLICE_X19Y92.SR), 1 path
--------------------------------------------------------------------------------
Slack (hold path):      1.904ns (requirement - (clock path skew + uncertainty - data path))
  Source:               U_icon_pro/U0/U_ICON/U_iDATA_CMD (FF)
  Destination:          U_icon_pro/U0/U_ICON/U_SYNC/G_SYNC_WORD[3].I_NE0.U_FDR (FF)
  Requirement:          0.000ns
  Data Path Delay:      1.904ns (Levels of Logic = 0)
  Clock Path Skew:      0.000ns
  Source Clock:         U_icon_pro/U0/iUPDATE_OUT rising
  Destination Clock:    icon_control0<0> rising at 0.000ns
  Clock Uncertainty:    0.000ns

  Minimum Data Path: U_icon_pro/U0/U_ICON/U_iDATA_CMD to U_icon_pro/U0/U_ICON/U_SYNC/G_SYNC_WORD[3].I_NE0.U_FDR
    Location             Delay type         Delay(ns)  Physical Resource
                                                       Logical Resource(s)
    -------------------------------------------------  -------------------
    SLICE_X26Y80.YQ      Tcko                  0.331   U_icon_pro/U0/U_ICON/iDATA_CMD
                                                       U_icon_pro/U0/U_ICON/U_iDATA_CMD
    SLICE_X19Y92.SR      net (fanout=7)        1.252   U_icon_pro/U0/U_ICON/iDATA_CMD
    SLICE_X19Y92.CLK     Tcksr       (-Th)    -0.321   U_icon_pro/U0/U_ICON/U_SYNC/iSYNC_WORD<3>
                                                       U_icon_pro/U0/U_ICON/U_SYNC/G_SYNC_WORD[3].I_NE0.U_FDR
    -------------------------------------------------  ---------------------------
    Total                                      1.904ns (0.652ns logic, 1.252ns route)
                                                       (34.2% logic, 65.8% route)

--------------------------------------------------------------------------------

Paths for end point U_icon_pro/U0/U_ICON/U_SYNC/G_SYNC_WORD[2].I_NE0.U_FDR (SLICE_X19Y92.SR), 1 path
--------------------------------------------------------------------------------
Slack (hold path):      1.904ns (requirement - (clock path skew + uncertainty - data path))
  Source:               U_icon_pro/U0/U_ICON/U_iDATA_CMD (FF)
  Destination:          U_icon_pro/U0/U_ICON/U_SYNC/G_SYNC_WORD[2].I_NE0.U_FDR (FF)
  Requirement:          0.000ns
  Data Path Delay:      1.904ns (Levels of Logic = 0)
  Clock Path Skew:      0.000ns
  Source Clock:         U_icon_pro/U0/iUPDATE_OUT rising
  Destination Clock:    icon_control0<0> rising at 0.000ns
  Clock Uncertainty:    0.000ns

  Minimum Data Path: U_icon_pro/U0/U_ICON/U_iDATA_CMD to U_icon_pro/U0/U_ICON/U_SYNC/G_SYNC_WORD[2].I_NE0.U_FDR
    Location             Delay type         Delay(ns)  Physical Resource
                                                       Logical Resource(s)
    -------------------------------------------------  -------------------
    SLICE_X26Y80.YQ      Tcko                  0.331   U_icon_pro/U0/U_ICON/iDATA_CMD
                                                       U_icon_pro/U0/U_ICON/U_iDATA_CMD
    SLICE_X19Y92.SR      net (fanout=7)        1.252   U_icon_pro/U0/U_ICON/iDATA_CMD
    SLICE_X19Y92.CLK     Tcksr       (-Th)    -0.321   U_icon_pro/U0/U_ICON/U_SYNC/iSYNC_WORD<3>
                                                       U_icon_pro/U0/U_ICON/U_SYNC/G_SYNC_WORD[2].I_NE0.U_FDR
    -------------------------------------------------  ---------------------------
    Total                                      1.904ns (0.652ns logic, 1.252ns route)
                                                       (34.2% logic, 65.8% route)

--------------------------------------------------------------------------------

Paths for end point U_icon_pro/U0/U_ICON/U_SYNC/G_SYNC_WORD[6].I_EQ0.U_FDR (SLICE_X19Y93.SR), 1 path
--------------------------------------------------------------------------------
Slack (hold path):      1.904ns (requirement - (clock path skew + uncertainty - data path))
  Source:               U_icon_pro/U0/U_ICON/U_iDATA_CMD (FF)
  Destination:          U_icon_pro/U0/U_ICON/U_SYNC/G_SYNC_WORD[6].I_EQ0.U_FDR (FF)
  Requirement:          0.000ns
  Data Path Delay:      1.904ns (Levels of Logic = 0)
  Clock Path Skew:      0.000ns
  Source Clock:         U_icon_pro/U0/iUPDATE_OUT rising
  Destination Clock:    icon_control0<0> rising at 0.000ns
  Clock Uncertainty:    0.000ns

  Minimum Data Path: U_icon_pro/U0/U_ICON/U_iDATA_CMD to U_icon_pro/U0/U_ICON/U_SYNC/G_SYNC_WORD[6].I_EQ0.U_FDR
    Location             Delay type         Delay(ns)  Physical Resource
                                                       Logical Resource(s)
    -------------------------------------------------  -------------------
    SLICE_X26Y80.YQ      Tcko                  0.331   U_icon_pro/U0/U_ICON/iDATA_CMD
                                                       U_icon_pro/U0/U_ICON/U_iDATA_CMD
    SLICE_X19Y93.SR      net (fanout=7)        1.252   U_icon_pro/U0/U_ICON/iDATA_CMD
    SLICE_X19Y93.CLK     Tcksr       (-Th)    -0.321   U_icon_pro/U0/U_ICON/U_SYNC/iSYNC_WORD<6>
                                                       U_icon_pro/U0/U_ICON/U_SYNC/G_SYNC_WORD[6].I_EQ0.U_FDR
    -------------------------------------------------  ---------------------------
    Total                                      1.904ns (0.652ns logic, 1.252ns route)
                                                       (34.2% logic, 65.8% route)

--------------------------------------------------------------------------------

================================================================================
Timing constraint: TS_U_TO_U = MAXDELAY FROM TIMEGRP "U_CLK" TO TIMEGRP "U_CLK" 
15 ns;
For more information, see From:To (Multicycle) Analysis in the Timing Closure User Guide (UG612).

 1 path analyzed, 1 endpoint analyzed, 0 failing endpoints
 0 timing errors detected. (0 setup errors, 0 hold errors)
 Maximum delay is   0.949ns.
--------------------------------------------------------------------------------

Paths for end point U_icon_pro/U0/U_ICON/U_iDATA_CMD (SLICE_X26Y80.BY), 1 path
--------------------------------------------------------------------------------
Slack (setup paths):    14.051ns (requirement - (data path - clock path skew + uncertainty))
  Source:               U_icon_pro/U0/U_ICON/U_iDATA_CMD (FF)
  Destination:          U_icon_pro/U0/U_ICON/U_iDATA_CMD (FF)
  Requirement:          15.000ns
  Data Path Delay:      0.949ns (Levels of Logic = 0)
  Clock Path Skew:      0.000ns
  Source Clock:         U_icon_pro/U0/iUPDATE_OUT rising
  Destination Clock:    U_icon_pro/U0/iUPDATE_OUT rising
  Clock Uncertainty:    0.000ns

  Maximum Data Path: U_icon_pro/U0/U_ICON/U_iDATA_CMD to U_icon_pro/U0/U_ICON/U_iDATA_CMD
    Location             Delay type         Delay(ns)  Physical Resource
                                                       Logical Resource(s)
    -------------------------------------------------  -------------------
    SLICE_X26Y80.YQ      Tcko                  0.360   U_icon_pro/U0/U_ICON/iDATA_CMD
                                                       U_icon_pro/U0/U_ICON/U_iDATA_CMD
    SLICE_X26Y80.BY      net (fanout=7)        0.339   U_icon_pro/U0/U_ICON/iDATA_CMD
    SLICE_X26Y80.CLK     Tdick                 0.250   U_icon_pro/U0/U_ICON/iDATA_CMD
                                                       U_icon_pro/U0/U_ICON/U_iDATA_CMD
    -------------------------------------------------  ---------------------------
    Total                                      0.949ns (0.610ns logic, 0.339ns route)
                                                       (64.3% logic, 35.7% route)

--------------------------------------------------------------------------------

Fastest Paths: TS_U_TO_U = MAXDELAY FROM TIMEGRP "U_CLK" TO TIMEGRP "U_CLK" 15 ns;
--------------------------------------------------------------------------------

Paths for end point U_icon_pro/U0/U_ICON/U_iDATA_CMD (SLICE_X26Y80.BY), 1 path
--------------------------------------------------------------------------------
Slack (hold path):      0.534ns (requirement - (clock path skew + uncertainty - data path))
  Source:               U_icon_pro/U0/U_ICON/U_iDATA_CMD (FF)
  Destination:          U_icon_pro/U0/U_ICON/U_iDATA_CMD (FF)
  Requirement:          0.000ns
  Data Path Delay:      0.534ns (Levels of Logic = 0)
  Clock Path Skew:      0.000ns
  Source Clock:         U_icon_pro/U0/iUPDATE_OUT rising
  Destination Clock:    U_icon_pro/U0/iUPDATE_OUT rising
  Clock Uncertainty:    0.000ns

  Minimum Data Path: U_icon_pro/U0/U_ICON/U_iDATA_CMD to U_icon_pro/U0/U_ICON/U_iDATA_CMD
    Location             Delay type         Delay(ns)  Physical Resource
                                                       Logical Resource(s)
    -------------------------------------------------  -------------------
    SLICE_X26Y80.YQ      Tcko                  0.331   U_icon_pro/U0/U_ICON/iDATA_CMD
                                                       U_icon_pro/U0/U_ICON/U_iDATA_CMD
    SLICE_X26Y80.BY      net (fanout=7)        0.312   U_icon_pro/U0/U_ICON/iDATA_CMD
    SLICE_X26Y80.CLK     Tckdi       (-Th)     0.109   U_icon_pro/U0/U_ICON/iDATA_CMD
                                                       U_icon_pro/U0/U_ICON/U_iDATA_CMD
    -------------------------------------------------  ---------------------------
    Total                                      0.534ns (0.222ns logic, 0.312ns route)
                                                       (41.6% logic, 58.4% route)

--------------------------------------------------------------------------------

================================================================================
Timing constraint: PATH "TS_J_TO_D_path" TIG;

 136 paths analyzed, 74 endpoints analyzed, 0 failing endpoints
 0 timing errors detected. (0 setup errors, 0 hold errors)
--------------------------------------------------------------------------------

Paths for end point U_ila_pro_0/U0/I_NO_D.U_ILA/U_G2_SQ.U_CAPCTRL/U_WCNT_HCMP_Q (SLICE_X4Y147.BX), 3 paths
--------------------------------------------------------------------------------
Delay (setup path):     4.806ns (data path - clock path skew + uncertainty)
  Source:               U_ila_pro_0/U0/I_NO_D.U_ILA/U_G2_SQ.U_CAPCTRL/U_CAP_ADDRGEN/U_WCNT_HCMP/I_SRL16.U_GAND_SRL16/I_TW_GTE8.F_TW[0].I_YES_RPM.I_SRLT_EQ_2.U_SRLL (FF)
  Destination:          U_ila_pro_0/U0/I_NO_D.U_ILA/U_G2_SQ.U_CAPCTRL/U_WCNT_HCMP_Q (FF)
  Data Path Delay:      4.806ns (Levels of Logic = 2)
  Clock Path Skew:      0.000ns
  Source Clock:         icon_control0<0> rising
  Destination Clock:    GMII_RXCLK rising
  Clock Uncertainty:    0.000ns

  Maximum Data Path: U_ila_pro_0/U0/I_NO_D.U_ILA/U_G2_SQ.U_CAPCTRL/U_CAP_ADDRGEN/U_WCNT_HCMP/I_SRL16.U_GAND_SRL16/I_TW_GTE8.F_TW[0].I_YES_RPM.I_SRLT_EQ_2.U_SRLL to U_ila_pro_0/U0/I_NO_D.U_ILA/U_G2_SQ.U_CAPCTRL/U_WCNT_HCMP_Q
    Location             Delay type         Delay(ns)  Physical Resource
                                                       Logical Resource(s)
    -------------------------------------------------  -------------------
    SLICE_X6Y148.COUT    Twosco                2.584   U_ila_pro_0/U0/I_NO_D.U_ILA/U_G2_SQ.U_CAPCTRL/U_CAP_ADDRGEN/U_WCNT_HCMP/I_SRL16.U_GAND_SRL16/I_TW_GTE8.F_TW[0].I_YES_RPM.U_MUXH/O
                                                       U_ila_pro_0/U0/I_NO_D.U_ILA/U_G2_SQ.U_CAPCTRL/U_CAP_ADDRGEN/U_WCNT_HCMP/I_SRL16.U_GAND_SRL16/I_TW_GTE8.F_TW[0].I_YES_RPM.I_SRLT_EQ_2.U_SRLL.CE
                                                       U_ila_pro_0/U0/I_NO_D.U_ILA/U_G2_SQ.U_CAPCTRL/U_CAP_ADDRGEN/U_WCNT_HCMP/I_SRL16.U_GAND_SRL16/I_TW_GTE8.F_TW[0].I_YES_RPM.I_SRLT_EQ_2.U_SRLL
                                                       U_ila_pro_0/U0/I_NO_D.U_ILA/U_G2_SQ.U_CAPCTRL/U_CAP_ADDRGEN/U_WCNT_HCMP/I_SRL16.U_GAND_SRL16/I_TW_GTE8.F_TW[0].I_YES_RPM.U_MUXL
                                                       U_ila_pro_0/U0/I_NO_D.U_ILA/U_G2_SQ.U_CAPCTRL/U_CAP_ADDRGEN/U_WCNT_HCMP/I_SRL16.U_GAND_SRL16/I_TW_GTE8.F_TW[0].I_YES_RPM.U_MUXH
    SLICE_X6Y149.CIN     net (fanout=1)        0.000   U_ila_pro_0/U0/I_NO_D.U_ILA/U_G2_SQ.U_CAPCTRL/U_CAP_ADDRGEN/U_WCNT_HCMP/I_SRL16.U_GAND_SRL16/I_TW_GTE8.F_TW[0].I_YES_RPM.U_MUXH/O
    SLICE_X6Y149.XB      Tcinxb                0.399   U_ila_pro_0/U0/I_NO_D.U_ILA/U_G2_SQ.U_CAPCTRL/U_CAP_ADDRGEN/U_WCNT_HCMP/I_SRL16.U_GAND_SRL16/I_TWMOD8_NE0.I_YES_RPM.U_MUXL/O
                                                       U_ila_pro_0/U0/I_NO_D.U_ILA/U_G2_SQ.U_CAPCTRL/U_CAP_ADDRGEN/U_WCNT_HCMP/I_SRL16.U_GAND_SRL16/I_TWMOD8_NE0.I_YES_RPM.U_MUXL
    SLICE_X4Y147.BX      net (fanout=1)        1.076   U_ila_pro_0/U0/I_NO_D.U_ILA/U_G2_SQ.U_CAPCTRL/U_CAP_ADDRGEN/U_WCNT_HCMP/I_SRL16.U_GAND_SRL16/I_TWMOD8_NE0.I_YES_RPM.U_MUXL/O
    SLICE_X4Y147.CLK     Tdick                 0.747   U_ila_pro_0/U0/I_NO_D.U_ILA/U_G2_SQ.U_CAPCTRL/WCNT_HCMP_Q
                                                       U_ila_pro_0/U0/I_NO_D.U_ILA/U_G2_SQ.U_CAPCTRL/U_CAP_ADDRGEN/U_WCNT_HCMP/I_SRL16.U_GAND_SRL16/I_TWMOD8_NE0.I_YES_RPM.U_MUXL/O_rt
                                                       U_ila_pro_0/U0/I_NO_D.U_ILA/U_G2_SQ.U_CAPCTRL/U_WCNT_HCMP_Q
    -------------------------------------------------  ---------------------------
    Total                                      4.806ns (3.730ns logic, 1.076ns route)
                                                       (77.6% logic, 22.4% route)

--------------------------------------------------------------------------------
Delay (setup path):     4.791ns (data path - clock path skew + uncertainty)
  Source:               U_ila_pro_0/U0/I_NO_D.U_ILA/U_G2_SQ.U_CAPCTRL/U_CAP_ADDRGEN/U_WCNT_HCMP/I_SRL16.U_GAND_SRL16/I_TW_GTE8.F_TW[0].I_YES_RPM.I_SRLT_EQ_2.U_SRLH (FF)
  Destination:          U_ila_pro_0/U0/I_NO_D.U_ILA/U_G2_SQ.U_CAPCTRL/U_WCNT_HCMP_Q (FF)
  Data Path Delay:      4.791ns (Levels of Logic = 2)
  Clock Path Skew:      0.000ns
  Source Clock:         icon_control0<0> rising
  Destination Clock:    GMII_RXCLK rising
  Clock Uncertainty:    0.000ns

  Maximum Data Path: U_ila_pro_0/U0/I_NO_D.U_ILA/U_G2_SQ.U_CAPCTRL/U_CAP_ADDRGEN/U_WCNT_HCMP/I_SRL16.U_GAND_SRL16/I_TW_GTE8.F_TW[0].I_YES_RPM.I_SRLT_EQ_2.U_SRLH to U_ila_pro_0/U0/I_NO_D.U_ILA/U_G2_SQ.U_CAPCTRL/U_WCNT_HCMP_Q
    Location             Delay type         Delay(ns)  Physical Resource
                                                       Logical Resource(s)
    -------------------------------------------------  -------------------
    SLICE_X6Y148.COUT    Twosco                2.569   U_ila_pro_0/U0/I_NO_D.U_ILA/U_G2_SQ.U_CAPCTRL/U_CAP_ADDRGEN/U_WCNT_HCMP/I_SRL16.U_GAND_SRL16/I_TW_GTE8.F_TW[0].I_YES_RPM.U_MUXH/O
                                                       U_ila_pro_0/U0/I_NO_D.U_ILA/U_G2_SQ.U_CAPCTRL/U_CAP_ADDRGEN/U_WCNT_HCMP/I_SRL16.U_GAND_SRL16/I_TW_GTE8.F_TW[0].I_YES_RPM.I_SRLT_EQ_2.U_SRLL.CE
                                                       U_ila_pro_0/U0/I_NO_D.U_ILA/U_G2_SQ.U_CAPCTRL/U_CAP_ADDRGEN/U_WCNT_HCMP/I_SRL16.U_GAND_SRL16/I_TW_GTE8.F_TW[0].I_YES_RPM.I_SRLT_EQ_2.U_SRLH
                                                       U_ila_pro_0/U0/I_NO_D.U_ILA/U_G2_SQ.U_CAPCTRL/U_CAP_ADDRGEN/U_WCNT_HCMP/I_SRL16.U_GAND_SRL16/I_TW_GTE8.F_TW[0].I_YES_RPM.U_MUXH
    SLICE_X6Y149.CIN     net (fanout=1)        0.000   U_ila_pro_0/U0/I_NO_D.U_ILA/U_G2_SQ.U_CAPCTRL/U_CAP_ADDRGEN/U_WCNT_HCMP/I_SRL16.U_GAND_SRL16/I_TW_GTE8.F_TW[0].I_YES_RPM.U_MUXH/O
    SLICE_X6Y149.XB      Tcinxb                0.399   U_ila_pro_0/U0/I_NO_D.U_ILA/U_G2_SQ.U_CAPCTRL/U_CAP_ADDRGEN/U_WCNT_HCMP/I_SRL16.U_GAND_SRL16/I_TWMOD8_NE0.I_YES_RPM.U_MUXL/O
                                                       U_ila_pro_0/U0/I_NO_D.U_ILA/U_G2_SQ.U_CAPCTRL/U_CAP_ADDRGEN/U_WCNT_HCMP/I_SRL16.U_GAND_SRL16/I_TWMOD8_NE0.I_YES_RPM.U_MUXL
    SLICE_X4Y147.BX      net (fanout=1)        1.076   U_ila_pro_0/U0/I_NO_D.U_ILA/U_G2_SQ.U_CAPCTRL/U_CAP_ADDRGEN/U_WCNT_HCMP/I_SRL16.U_GAND_SRL16/I_TWMOD8_NE0.I_YES_RPM.U_MUXL/O
    SLICE_X4Y147.CLK     Tdick                 0.747   U_ila_pro_0/U0/I_NO_D.U_ILA/U_G2_SQ.U_CAPCTRL/WCNT_HCMP_Q
                                                       U_ila_pro_0/U0/I_NO_D.U_ILA/U_G2_SQ.U_CAPCTRL/U_CAP_ADDRGEN/U_WCNT_HCMP/I_SRL16.U_GAND_SRL16/I_TWMOD8_NE0.I_YES_RPM.U_MUXL/O_rt
                                                       U_ila_pro_0/U0/I_NO_D.U_ILA/U_G2_SQ.U_CAPCTRL/U_WCNT_HCMP_Q
    -------------------------------------------------  ---------------------------
    Total                                      4.791ns (3.715ns logic, 1.076ns route)
                                                       (77.5% logic, 22.5% route)

--------------------------------------------------------------------------------
Delay (setup path):     4.499ns (data path - clock path skew + uncertainty)
  Source:               U_ila_pro_0/U0/I_NO_D.U_ILA/U_G2_SQ.U_CAPCTRL/U_CAP_ADDRGEN/U_WCNT_HCMP/I_SRL16.U_GAND_SRL16/I_TWMOD8_NE0.I_YES_RPM.I_SRLT_EQ_2.U_SRLL (FF)
  Destination:          U_ila_pro_0/U0/I_NO_D.U_ILA/U_G2_SQ.U_CAPCTRL/U_WCNT_HCMP_Q (FF)
  Data Path Delay:      4.499ns (Levels of Logic = 1)
  Clock Path Skew:      0.000ns
  Source Clock:         icon_control0<0> rising
  Destination Clock:    GMII_RXCLK rising
  Clock Uncertainty:    0.000ns

  Maximum Data Path: U_ila_pro_0/U0/I_NO_D.U_ILA/U_G2_SQ.U_CAPCTRL/U_CAP_ADDRGEN/U_WCNT_HCMP/I_SRL16.U_GAND_SRL16/I_TWMOD8_NE0.I_YES_RPM.I_SRLT_EQ_2.U_SRLL to U_ila_pro_0/U0/I_NO_D.U_ILA/U_G2_SQ.U_CAPCTRL/U_WCNT_HCMP_Q
    Location             Delay type         Delay(ns)  Physical Resource
                                                       Logical Resource(s)
    -------------------------------------------------  -------------------
    SLICE_X6Y149.XB      Twosxb                2.676   U_ila_pro_0/U0/I_NO_D.U_ILA/U_G2_SQ.U_CAPCTRL/U_CAP_ADDRGEN/U_WCNT_HCMP/I_SRL16.U_GAND_SRL16/I_TWMOD8_NE0.I_YES_RPM.U_MUXL/O
                                                       U_ila_pro_0/U0/I_NO_D.U_ILA/U_G2_SQ.U_CAPCTRL/U_CAP_ADDRGEN/U_WCNT_HCMP/I_SRL16.U_GAND_SRL16/I_TWMOD8_NE0.I_YES_RPM.I_SRLT_EQ_2.U_SRLL.CE
                                                       U_ila_pro_0/U0/I_NO_D.U_ILA/U_G2_SQ.U_CAPCTRL/U_CAP_ADDRGEN/U_WCNT_HCMP/I_SRL16.U_GAND_SRL16/I_TWMOD8_NE0.I_YES_RPM.I_SRLT_EQ_2.U_SRLL
                                                       U_ila_pro_0/U0/I_NO_D.U_ILA/U_G2_SQ.U_CAPCTRL/U_CAP_ADDRGEN/U_WCNT_HCMP/I_SRL16.U_GAND_SRL16/I_TWMOD8_NE0.I_YES_RPM.U_MUXL
    SLICE_X4Y147.BX      net (fanout=1)        1.076   U_ila_pro_0/U0/I_NO_D.U_ILA/U_G2_SQ.U_CAPCTRL/U_CAP_ADDRGEN/U_WCNT_HCMP/I_SRL16.U_GAND_SRL16/I_TWMOD8_NE0.I_YES_RPM.U_MUXL/O
    SLICE_X4Y147.CLK     Tdick                 0.747   U_ila_pro_0/U0/I_NO_D.U_ILA/U_G2_SQ.U_CAPCTRL/WCNT_HCMP_Q
                                                       U_ila_pro_0/U0/I_NO_D.U_ILA/U_G2_SQ.U_CAPCTRL/U_CAP_ADDRGEN/U_WCNT_HCMP/I_SRL16.U_GAND_SRL16/I_TWMOD8_NE0.I_YES_RPM.U_MUXL/O_rt
                                                       U_ila_pro_0/U0/I_NO_D.U_ILA/U_G2_SQ.U_CAPCTRL/U_WCNT_HCMP_Q
    -------------------------------------------------  ---------------------------
    Total                                      4.499ns (3.423ns logic, 1.076ns route)
                                                       (76.1% logic, 23.9% route)

--------------------------------------------------------------------------------

Paths for end point U_ila_pro_0/U0/I_NO_D.U_ILA/U_G2_SQ.U_CAPCTRL/U_WCNT_HCMP_Q (SLICE_X4Y147.SR), 4 paths
--------------------------------------------------------------------------------
Delay (setup path):     4.706ns (data path - clock path skew + uncertainty)
  Source:               U_ila_pro_0/U0/I_NO_D.U_ILA/U_G2_SQ.U_CAPCTRL/I_SRLT_NE_1.U_CMPRESET/I_NOLUT6.I_SRL_T2.I_YES_RPM.UG0_CFGLUT4 (FF)
  Destination:          U_ila_pro_0/U0/I_NO_D.U_ILA/U_G2_SQ.U_CAPCTRL/U_WCNT_HCMP_Q (FF)
  Data Path Delay:      4.706ns (Levels of Logic = 1)
  Clock Path Skew:      0.000ns
  Source Clock:         icon_control0<0> rising
  Destination Clock:    GMII_RXCLK rising
  Clock Uncertainty:    0.000ns

  Maximum Data Path: U_ila_pro_0/U0/I_NO_D.U_ILA/U_G2_SQ.U_CAPCTRL/I_SRLT_NE_1.U_CMPRESET/I_NOLUT6.I_SRL_T2.I_YES_RPM.UG0_CFGLUT4 to U_ila_pro_0/U0/I_NO_D.U_ILA/U_G2_SQ.U_CAPCTRL/U_WCNT_HCMP_Q
    Location             Delay type         Delay(ns)  Physical Resource
                                                       Logical Resource(s)
    -------------------------------------------------  -------------------
    SLICE_X4Y140.F5      Tregf5                2.467   U_ila_pro_0/U0/I_NO_D.U_ILA/U_G2_SQ.U_CAPCTRL/I_SRLT_NE_1.U_CMPRESET/jO<0>
                                                       U_ila_pro_0/U0/I_NO_D.U_ILA/U_G2_SQ.U_CAPCTRL/I_SRLT_NE_1.U_CMPRESET/I_NOLUT6.I_SRL_T2.I_YES_RPM.UF0_CFGLUT4.CE
                                                       U_ila_pro_0/U0/I_NO_D.U_ILA/U_G2_SQ.U_CAPCTRL/I_SRLT_NE_1.U_CMPRESET/I_NOLUT6.I_SRL_T2.I_YES_RPM.UG0_CFGLUT4
                                                       U_ila_pro_0/U0/I_NO_D.U_ILA/U_G2_SQ.U_CAPCTRL/I_SRLT_NE_1.U_CMPRESET/I_NOLUT6.I_SRL_T2.I_YES_RPM.U0_MUXF5
    SLICE_X4Y140.FXINA   net (fanout=1)        0.000   U_ila_pro_0/U0/I_NO_D.U_ILA/U_G2_SQ.U_CAPCTRL/I_SRLT_NE_1.U_CMPRESET/jO<0>
    SLICE_X4Y140.YMUX    Tif6y                 0.395   U_ila_pro_0/U0/I_NO_D.U_ILA/U_G2_SQ.U_CAPCTRL/I_SRLT_NE_1.U_CMPRESET/jO<0>
                                                       U_ila_pro_0/U0/I_NO_D.U_ILA/U_G2_SQ.U_CAPCTRL/I_SRLT_NE_1.U_CMPRESET/I_NOLUT6.I_SRL_T2.I_YES_RPM.I_NO_OREG.U_MUXF6
    SLICE_X4Y147.SR      net (fanout=3)        0.687   U_ila_pro_0/U0/I_NO_D.U_ILA/U_G2_SQ.U_CAPCTRL/CMP_RESET
    SLICE_X4Y147.CLK     Tsrck                 1.157   U_ila_pro_0/U0/I_NO_D.U_ILA/U_G2_SQ.U_CAPCTRL/WCNT_HCMP_Q
                                                       U_ila_pro_0/U0/I_NO_D.U_ILA/U_G2_SQ.U_CAPCTRL/U_WCNT_HCMP_Q
    -------------------------------------------------  ---------------------------
    Total                                      4.706ns (4.019ns logic, 0.687ns route)
                                                       (85.4% logic, 14.6% route)

--------------------------------------------------------------------------------
Delay (setup path):     4.701ns (data path - clock path skew + uncertainty)
  Source:               U_ila_pro_0/U0/I_NO_D.U_ILA/U_G2_SQ.U_CAPCTRL/I_SRLT_NE_1.U_CMPRESET/I_NOLUT6.I_SRL_T2.I_YES_RPM.UF0_CFGLUT4 (FF)
  Destination:          U_ila_pro_0/U0/I_NO_D.U_ILA/U_G2_SQ.U_CAPCTRL/U_WCNT_HCMP_Q (FF)
  Data Path Delay:      4.701ns (Levels of Logic = 1)
  Clock Path Skew:      0.000ns
  Source Clock:         icon_control0<0> rising
  Destination Clock:    GMII_RXCLK rising
  Clock Uncertainty:    0.000ns

  Maximum Data Path: U_ila_pro_0/U0/I_NO_D.U_ILA/U_G2_SQ.U_CAPCTRL/I_SRLT_NE_1.U_CMPRESET/I_NOLUT6.I_SRL_T2.I_YES_RPM.UF0_CFGLUT4 to U_ila_pro_0/U0/I_NO_D.U_ILA/U_G2_SQ.U_CAPCTRL/U_WCNT_HCMP_Q
    Location             Delay type         Delay(ns)  Physical Resource
                                                       Logical Resource(s)
    -------------------------------------------------  -------------------
    SLICE_X4Y140.F5      Tregf5                2.462   U_ila_pro_0/U0/I_NO_D.U_ILA/U_G2_SQ.U_CAPCTRL/I_SRLT_NE_1.U_CMPRESET/jO<0>
                                                       U_ila_pro_0/U0/I_NO_D.U_ILA/U_G2_SQ.U_CAPCTRL/I_SRLT_NE_1.U_CMPRESET/I_NOLUT6.I_SRL_T2.I_YES_RPM.UF0_CFGLUT4.CE
                                                       U_ila_pro_0/U0/I_NO_D.U_ILA/U_G2_SQ.U_CAPCTRL/I_SRLT_NE_1.U_CMPRESET/I_NOLUT6.I_SRL_T2.I_YES_RPM.UF0_CFGLUT4
                                                       U_ila_pro_0/U0/I_NO_D.U_ILA/U_G2_SQ.U_CAPCTRL/I_SRLT_NE_1.U_CMPRESET/I_NOLUT6.I_SRL_T2.I_YES_RPM.U0_MUXF5
    SLICE_X4Y140.FXINA   net (fanout=1)        0.000   U_ila_pro_0/U0/I_NO_D.U_ILA/U_G2_SQ.U_CAPCTRL/I_SRLT_NE_1.U_CMPRESET/jO<0>
    SLICE_X4Y140.YMUX    Tif6y                 0.395   U_ila_pro_0/U0/I_NO_D.U_ILA/U_G2_SQ.U_CAPCTRL/I_SRLT_NE_1.U_CMPRESET/jO<0>
                                                       U_ila_pro_0/U0/I_NO_D.U_ILA/U_G2_SQ.U_CAPCTRL/I_SRLT_NE_1.U_CMPRESET/I_NOLUT6.I_SRL_T2.I_YES_RPM.I_NO_OREG.U_MUXF6
    SLICE_X4Y147.SR      net (fanout=3)        0.687   U_ila_pro_0/U0/I_NO_D.U_ILA/U_G2_SQ.U_CAPCTRL/CMP_RESET
    SLICE_X4Y147.CLK     Tsrck                 1.157   U_ila_pro_0/U0/I_NO_D.U_ILA/U_G2_SQ.U_CAPCTRL/WCNT_HCMP_Q
                                                       U_ila_pro_0/U0/I_NO_D.U_ILA/U_G2_SQ.U_CAPCTRL/U_WCNT_HCMP_Q
    -------------------------------------------------  ---------------------------
    Total                                      4.701ns (4.014ns logic, 0.687ns route)
                                                       (85.4% logic, 14.6% route)

--------------------------------------------------------------------------------
Delay (setup path):     4.699ns (data path - clock path skew + uncertainty)
  Source:               U_ila_pro_0/U0/I_NO_D.U_ILA/U_G2_SQ.U_CAPCTRL/I_SRLT_NE_1.U_CMPRESET/I_NOLUT6.I_SRL_T2.I_YES_RPM.UG1_CFGLUT4 (FF)
  Destination:          U_ila_pro_0/U0/I_NO_D.U_ILA/U_G2_SQ.U_CAPCTRL/U_WCNT_HCMP_Q (FF)
  Data Path Delay:      4.699ns (Levels of Logic = 1)
  Clock Path Skew:      0.000ns
  Source Clock:         icon_control0<0> rising
  Destination Clock:    GMII_RXCLK rising
  Clock Uncertainty:    0.000ns

  Maximum Data Path: U_ila_pro_0/U0/I_NO_D.U_ILA/U_G2_SQ.U_CAPCTRL/I_SRLT_NE_1.U_CMPRESET/I_NOLUT6.I_SRL_T2.I_YES_RPM.UG1_CFGLUT4 to U_ila_pro_0/U0/I_NO_D.U_ILA/U_G2_SQ.U_CAPCTRL/U_WCNT_HCMP_Q
    Location             Delay type         Delay(ns)  Physical Resource
                                                       Logical Resource(s)
    -------------------------------------------------  -------------------
    SLICE_X4Y141.F5      Tregf5                2.467   U_ila_pro_0/U0/I_NO_D.U_ILA/U_G2_SQ.U_CAPCTRL/I_SRLT_NE_1.U_CMPRESET/jO<1>
                                                       U_ila_pro_0/U0/I_NO_D.U_ILA/U_G2_SQ.U_CAPCTRL/I_SRLT_NE_1.U_CMPRESET/I_NOLUT6.I_SRL_T2.I_YES_RPM.UF1_CFGLUT4.CE
                                                       U_ila_pro_0/U0/I_NO_D.U_ILA/U_G2_SQ.U_CAPCTRL/I_SRLT_NE_1.U_CMPRESET/I_NOLUT6.I_SRL_T2.I_YES_RPM.UG1_CFGLUT4
                                                       U_ila_pro_0/U0/I_NO_D.U_ILA/U_G2_SQ.U_CAPCTRL/I_SRLT_NE_1.U_CMPRESET/I_NOLUT6.I_SRL_T2.I_YES_RPM.U1_MUXF5
    SLICE_X4Y140.FXINB   net (fanout=1)        0.000   U_ila_pro_0/U0/I_NO_D.U_ILA/U_G2_SQ.U_CAPCTRL/I_SRLT_NE_1.U_CMPRESET/jO<1>
    SLICE_X4Y140.YMUX    Tif6y                 0.388   U_ila_pro_0/U0/I_NO_D.U_ILA/U_G2_SQ.U_CAPCTRL/I_SRLT_NE_1.U_CMPRESET/jO<0>
                                                       U_ila_pro_0/U0/I_NO_D.U_ILA/U_G2_SQ.U_CAPCTRL/I_SRLT_NE_1.U_CMPRESET/I_NOLUT6.I_SRL_T2.I_YES_RPM.I_NO_OREG.U_MUXF6
    SLICE_X4Y147.SR      net (fanout=3)        0.687   U_ila_pro_0/U0/I_NO_D.U_ILA/U_G2_SQ.U_CAPCTRL/CMP_RESET
    SLICE_X4Y147.CLK     Tsrck                 1.157   U_ila_pro_0/U0/I_NO_D.U_ILA/U_G2_SQ.U_CAPCTRL/WCNT_HCMP_Q
                                                       U_ila_pro_0/U0/I_NO_D.U_ILA/U_G2_SQ.U_CAPCTRL/U_WCNT_HCMP_Q
    -------------------------------------------------  ---------------------------
    Total                                      4.699ns (4.012ns logic, 0.687ns route)
                                                       (85.4% logic, 14.6% route)

--------------------------------------------------------------------------------

Paths for end point U_ila_pro_0/U0/I_NO_D.U_ILA/U_G2_SQ.U_CAPCTRL/U_CAP_ADDRGEN/I_NO_TSEQ.I_SRLT_NE_1.U_SCNT/G[0].U_FDRE (SLICE_X5Y133.SR), 4 paths
--------------------------------------------------------------------------------
Delay (setup path):     4.587ns (data path - clock path skew + uncertainty)
  Source:               U_ila_pro_0/U0/I_NO_D.U_ILA/U_G2_SQ.U_CAPCTRL/I_SRLT_NE_1.U_SCRST/I_NOLUT6.I_SRL_T2.I_YES_RPM.UG0_CFGLUT4 (FF)
  Destination:          U_ila_pro_0/U0/I_NO_D.U_ILA/U_G2_SQ.U_CAPCTRL/U_CAP_ADDRGEN/I_NO_TSEQ.I_SRLT_NE_1.U_SCNT/G[0].U_FDRE (FF)
  Data Path Delay:      4.587ns (Levels of Logic = 1)
  Clock Path Skew:      0.000ns
  Source Clock:         icon_control0<0> rising
  Destination Clock:    GMII_RXCLK rising
  Clock Uncertainty:    0.000ns

  Maximum Data Path: U_ila_pro_0/U0/I_NO_D.U_ILA/U_G2_SQ.U_CAPCTRL/I_SRLT_NE_1.U_SCRST/I_NOLUT6.I_SRL_T2.I_YES_RPM.UG0_CFGLUT4 to U_ila_pro_0/U0/I_NO_D.U_ILA/U_G2_SQ.U_CAPCTRL/U_CAP_ADDRGEN/I_NO_TSEQ.I_SRLT_NE_1.U_SCNT/G[0].U_FDRE
    Location             Delay type         Delay(ns)  Physical Resource
                                                       Logical Resource(s)
    -------------------------------------------------  -------------------
    SLICE_X2Y138.F5      Tregf5                2.467   U_ila_pro_0/U0/I_NO_D.U_ILA/U_G2_SQ.U_CAPCTRL/I_SRLT_NE_1.U_SCRST/jO<0>
                                                       U_ila_pro_0/U0/I_NO_D.U_ILA/U_G2_SQ.U_CAPCTRL/I_SRLT_NE_1.U_SCRST/I_NOLUT6.I_SRL_T2.I_YES_RPM.UF0_CFGLUT4.CE
                                                       U_ila_pro_0/U0/I_NO_D.U_ILA/U_G2_SQ.U_CAPCTRL/I_SRLT_NE_1.U_SCRST/I_NOLUT6.I_SRL_T2.I_YES_RPM.UG0_CFGLUT4
                                                       U_ila_pro_0/U0/I_NO_D.U_ILA/U_G2_SQ.U_CAPCTRL/I_SRLT_NE_1.U_SCRST/I_NOLUT6.I_SRL_T2.I_YES_RPM.U0_MUXF5
    SLICE_X2Y138.FXINA   net (fanout=1)        0.000   U_ila_pro_0/U0/I_NO_D.U_ILA/U_G2_SQ.U_CAPCTRL/I_SRLT_NE_1.U_SCRST/jO<0>
    SLICE_X2Y138.YMUX    Tif6y                 0.395   U_ila_pro_0/U0/I_NO_D.U_ILA/U_G2_SQ.U_CAPCTRL/I_SRLT_NE_1.U_SCRST/jO<0>
                                                       U_ila_pro_0/U0/I_NO_D.U_ILA/U_G2_SQ.U_CAPCTRL/I_SRLT_NE_1.U_SCRST/I_NOLUT6.I_SRL_T2.I_YES_RPM.I_NO_OREG.U_MUXF6
    SLICE_X5Y133.SR      net (fanout=5)        0.688   U_ila_pro_0/U0/I_NO_D.U_ILA/U_G2_SQ.U_CAPCTRL/SCNT_RESET
    SLICE_X5Y133.CLK     Tsrck                 1.037   U_ila_pro_0/U0/I_NO_D.U_ILA/U_G2_SQ.U_CAPCTRL/U_CAP_ADDRGEN/iSCNT<0>
                                                       U_ila_pro_0/U0/I_NO_D.U_ILA/U_G2_SQ.U_CAPCTRL/U_CAP_ADDRGEN/I_NO_TSEQ.I_SRLT_NE_1.U_SCNT/G[0].U_FDRE
    -------------------------------------------------  ---------------------------
    Total                                      4.587ns (3.899ns logic, 0.688ns route)
                                                       (85.0% logic, 15.0% route)

--------------------------------------------------------------------------------
Delay (setup path):     4.582ns (data path - clock path skew + uncertainty)
  Source:               U_ila_pro_0/U0/I_NO_D.U_ILA/U_G2_SQ.U_CAPCTRL/I_SRLT_NE_1.U_SCRST/I_NOLUT6.I_SRL_T2.I_YES_RPM.UF0_CFGLUT4 (FF)
  Destination:          U_ila_pro_0/U0/I_NO_D.U_ILA/U_G2_SQ.U_CAPCTRL/U_CAP_ADDRGEN/I_NO_TSEQ.I_SRLT_NE_1.U_SCNT/G[0].U_FDRE (FF)
  Data Path Delay:      4.582ns (Levels of Logic = 1)
  Clock Path Skew:      0.000ns
  Source Clock:         icon_control0<0> rising
  Destination Clock:    GMII_RXCLK rising
  Clock Uncertainty:    0.000ns

  Maximum Data Path: U_ila_pro_0/U0/I_NO_D.U_ILA/U_G2_SQ.U_CAPCTRL/I_SRLT_NE_1.U_SCRST/I_NOLUT6.I_SRL_T2.I_YES_RPM.UF0_CFGLUT4 to U_ila_pro_0/U0/I_NO_D.U_ILA/U_G2_SQ.U_CAPCTRL/U_CAP_ADDRGEN/I_NO_TSEQ.I_SRLT_NE_1.U_SCNT/G[0].U_FDRE
    Location             Delay type         Delay(ns)  Physical Resource
                                                       Logical Resource(s)
    -------------------------------------------------  -------------------
    SLICE_X2Y138.F5      Tregf5                2.462   U_ila_pro_0/U0/I_NO_D.U_ILA/U_G2_SQ.U_CAPCTRL/I_SRLT_NE_1.U_SCRST/jO<0>
                                                       U_ila_pro_0/U0/I_NO_D.U_ILA/U_G2_SQ.U_CAPCTRL/I_SRLT_NE_1.U_SCRST/I_NOLUT6.I_SRL_T2.I_YES_RPM.UF0_CFGLUT4.CE
                                                       U_ila_pro_0/U0/I_NO_D.U_ILA/U_G2_SQ.U_CAPCTRL/I_SRLT_NE_1.U_SCRST/I_NOLUT6.I_SRL_T2.I_YES_RPM.UF0_CFGLUT4
                                                       U_ila_pro_0/U0/I_NO_D.U_ILA/U_G2_SQ.U_CAPCTRL/I_SRLT_NE_1.U_SCRST/I_NOLUT6.I_SRL_T2.I_YES_RPM.U0_MUXF5
    SLICE_X2Y138.FXINA   net (fanout=1)        0.000   U_ila_pro_0/U0/I_NO_D.U_ILA/U_G2_SQ.U_CAPCTRL/I_SRLT_NE_1.U_SCRST/jO<0>
    SLICE_X2Y138.YMUX    Tif6y                 0.395   U_ila_pro_0/U0/I_NO_D.U_ILA/U_G2_SQ.U_CAPCTRL/I_SRLT_NE_1.U_SCRST/jO<0>
                                                       U_ila_pro_0/U0/I_NO_D.U_ILA/U_G2_SQ.U_CAPCTRL/I_SRLT_NE_1.U_SCRST/I_NOLUT6.I_SRL_T2.I_YES_RPM.I_NO_OREG.U_MUXF6
    SLICE_X5Y133.SR      net (fanout=5)        0.688   U_ila_pro_0/U0/I_NO_D.U_ILA/U_G2_SQ.U_CAPCTRL/SCNT_RESET
    SLICE_X5Y133.CLK     Tsrck                 1.037   U_ila_pro_0/U0/I_NO_D.U_ILA/U_G2_SQ.U_CAPCTRL/U_CAP_ADDRGEN/iSCNT<0>
                                                       U_ila_pro_0/U0/I_NO_D.U_ILA/U_G2_SQ.U_CAPCTRL/U_CAP_ADDRGEN/I_NO_TSEQ.I_SRLT_NE_1.U_SCNT/G[0].U_FDRE
    -------------------------------------------------  ---------------------------
    Total                                      4.582ns (3.894ns logic, 0.688ns route)
                                                       (85.0% logic, 15.0% route)

--------------------------------------------------------------------------------
Delay (setup path):     4.580ns (data path - clock path skew + uncertainty)
  Source:               U_ila_pro_0/U0/I_NO_D.U_ILA/U_G2_SQ.U_CAPCTRL/I_SRLT_NE_1.U_SCRST/I_NOLUT6.I_SRL_T2.I_YES_RPM.UG1_CFGLUT4 (FF)
  Destination:          U_ila_pro_0/U0/I_NO_D.U_ILA/U_G2_SQ.U_CAPCTRL/U_CAP_ADDRGEN/I_NO_TSEQ.I_SRLT_NE_1.U_SCNT/G[0].U_FDRE (FF)
  Data Path Delay:      4.580ns (Levels of Logic = 1)
  Clock Path Skew:      0.000ns
  Source Clock:         icon_control0<0> rising
  Destination Clock:    GMII_RXCLK rising
  Clock Uncertainty:    0.000ns

  Maximum Data Path: U_ila_pro_0/U0/I_NO_D.U_ILA/U_G2_SQ.U_CAPCTRL/I_SRLT_NE_1.U_SCRST/I_NOLUT6.I_SRL_T2.I_YES_RPM.UG1_CFGLUT4 to U_ila_pro_0/U0/I_NO_D.U_ILA/U_G2_SQ.U_CAPCTRL/U_CAP_ADDRGEN/I_NO_TSEQ.I_SRLT_NE_1.U_SCNT/G[0].U_FDRE
    Location             Delay type         Delay(ns)  Physical Resource
                                                       Logical Resource(s)
    -------------------------------------------------  -------------------
    SLICE_X2Y139.F5      Tregf5                2.467   U_ila_pro_0/U0/I_NO_D.U_ILA/U_G2_SQ.U_CAPCTRL/I_SRLT_NE_1.U_SCRST/jO<1>
                                                       U_ila_pro_0/U0/I_NO_D.U_ILA/U_G2_SQ.U_CAPCTRL/I_SRLT_NE_1.U_SCRST/I_NOLUT6.I_SRL_T2.I_YES_RPM.UF1_CFGLUT4.CE
                                                       U_ila_pro_0/U0/I_NO_D.U_ILA/U_G2_SQ.U_CAPCTRL/I_SRLT_NE_1.U_SCRST/I_NOLUT6.I_SRL_T2.I_YES_RPM.UG1_CFGLUT4
                                                       U_ila_pro_0/U0/I_NO_D.U_ILA/U_G2_SQ.U_CAPCTRL/I_SRLT_NE_1.U_SCRST/I_NOLUT6.I_SRL_T2.I_YES_RPM.U1_MUXF5
    SLICE_X2Y138.FXINB   net (fanout=1)        0.000   U_ila_pro_0/U0/I_NO_D.U_ILA/U_G2_SQ.U_CAPCTRL/I_SRLT_NE_1.U_SCRST/jO<1>
    SLICE_X2Y138.YMUX    Tif6y                 0.388   U_ila_pro_0/U0/I_NO_D.U_ILA/U_G2_SQ.U_CAPCTRL/I_SRLT_NE_1.U_SCRST/jO<0>
                                                       U_ila_pro_0/U0/I_NO_D.U_ILA/U_G2_SQ.U_CAPCTRL/I_SRLT_NE_1.U_SCRST/I_NOLUT6.I_SRL_T2.I_YES_RPM.I_NO_OREG.U_MUXF6
    SLICE_X5Y133.SR      net (fanout=5)        0.688   U_ila_pro_0/U0/I_NO_D.U_ILA/U_G2_SQ.U_CAPCTRL/SCNT_RESET
    SLICE_X5Y133.CLK     Tsrck                 1.037   U_ila_pro_0/U0/I_NO_D.U_ILA/U_G2_SQ.U_CAPCTRL/U_CAP_ADDRGEN/iSCNT<0>
                                                       U_ila_pro_0/U0/I_NO_D.U_ILA/U_G2_SQ.U_CAPCTRL/U_CAP_ADDRGEN/I_NO_TSEQ.I_SRLT_NE_1.U_SCNT/G[0].U_FDRE
    -------------------------------------------------  ---------------------------
    Total                                      4.580ns (3.892ns logic, 0.688ns route)
                                                       (85.0% logic, 15.0% route)

--------------------------------------------------------------------------------

Hold Paths: PATH "TS_J_TO_D_path" TIG;
--------------------------------------------------------------------------------

Paths for end point U_ila_pro_0/U0/I_NO_D.U_ILA/U_RST/U_ARM_XFER/U_DOUT0 (SLICE_X6Y107.BY), 1 path
--------------------------------------------------------------------------------
Delay (hold path):      0.528ns (datapath - clock path skew - uncertainty)
  Source:               U_ila_pro_0/U0/I_NO_D.U_ILA/U_RST/U_ARM_XFER/U_TFDRE (FF)
  Destination:          U_ila_pro_0/U0/I_NO_D.U_ILA/U_RST/U_ARM_XFER/U_DOUT0 (FF)
  Data Path Delay:      0.528ns (Levels of Logic = 0)
  Clock Path Skew:      0.000ns
  Source Clock:         icon_control0<0> rising
  Destination Clock:    GMII_RXCLK rising
  Clock Uncertainty:    0.000ns

  Minimum Data Path: U_ila_pro_0/U0/I_NO_D.U_ILA/U_RST/U_ARM_XFER/U_TFDRE to U_ila_pro_0/U0/I_NO_D.U_ILA/U_RST/U_ARM_XFER/U_DOUT0
    Location             Delay type         Delay(ns)  Physical Resource
                                                       Logical Resource(s)
    -------------------------------------------------  -------------------
    SLICE_X7Y109.YQ      Tcko                  0.313   U_ila_pro_0/U0/I_NO_D.U_ILA/U_RST/U_ARM_XFER/din_latched
                                                       U_ila_pro_0/U0/I_NO_D.U_ILA/U_RST/U_ARM_XFER/U_TFDRE
    SLICE_X6Y107.BY      net (fanout=1)        0.296   U_ila_pro_0/U0/I_NO_D.U_ILA/U_RST/U_ARM_XFER/din_latched
    SLICE_X6Y107.CLK     Tckdi       (-Th)     0.081   U_ila_pro_0/U0/I_NO_D.U_ILA/U_RST/U_ARM_XFER/iDIN<0>
                                                       U_ila_pro_0/U0/I_NO_D.U_ILA/U_RST/U_ARM_XFER/U_DOUT0
    -------------------------------------------------  ---------------------------
    Total                                      0.528ns (0.232ns logic, 0.296ns route)
                                                       (43.9% logic, 56.1% route)

--------------------------------------------------------------------------------

Paths for end point U_ila_pro_0/U0/I_NO_D.U_ILA/U_G2_SQ.U_CAPCTRL/U_CAP_ADDRGEN/I_INTCAP.F_CAP_ADDR[1].U_iCAP_ADDR (SLICE_X7Y133.G3), 1 path
--------------------------------------------------------------------------------
Delay (hold path):      0.590ns (datapath - clock path skew - uncertainty)
  Source:               U_ila_pro_0/U0/I_NO_D.U_ILA/U_G2_SQ.U_CAPCTRL/U_CAP_ADDRGEN/I_0_TO_64K.F_SEL[1].U_SEL (FF)
  Destination:          U_ila_pro_0/U0/I_NO_D.U_ILA/U_G2_SQ.U_CAPCTRL/U_CAP_ADDRGEN/I_INTCAP.F_CAP_ADDR[1].U_iCAP_ADDR (FF)
  Data Path Delay:      0.590ns (Levels of Logic = 1)
  Clock Path Skew:      0.000ns
  Source Clock:         icon_control0<0> rising
  Destination Clock:    GMII_RXCLK rising
  Clock Uncertainty:    0.000ns

  Minimum Data Path: U_ila_pro_0/U0/I_NO_D.U_ILA/U_G2_SQ.U_CAPCTRL/U_CAP_ADDRGEN/I_0_TO_64K.F_SEL[1].U_SEL to U_ila_pro_0/U0/I_NO_D.U_ILA/U_G2_SQ.U_CAPCTRL/U_CAP_ADDRGEN/I_INTCAP.F_CAP_ADDR[1].U_iCAP_ADDR
    Location             Delay type         Delay(ns)  Physical Resource
                                                       Logical Resource(s)
    -------------------------------------------------  -------------------
    SLICE_X6Y132.YQ      Tcko                  0.331   U_ila_pro_0/U0/I_NO_D.U_ILA/U_G2_SQ.U_CAPCTRL/U_CAP_ADDRGEN/cfg_data_vec<2>
                                                       U_ila_pro_0/U0/I_NO_D.U_ILA/U_G2_SQ.U_CAPCTRL/U_CAP_ADDRGEN/I_0_TO_64K.F_SEL[1].U_SEL
    SLICE_X7Y133.G3      net (fanout=2)        0.384   U_ila_pro_0/U0/I_NO_D.U_ILA/U_G2_SQ.U_CAPCTRL/U_CAP_ADDRGEN/cfg_data_vec<2>
    SLICE_X7Y133.CLK     Tckg        (-Th)     0.125   U_ila_pro_0/U0/I_NO_D.U_ILA/U_G2_SQ.U_CAPCTRL/U_CAP_ADDRGEN/iCAP_ADDR<1>
                                                       U_ila_pro_0/U0/I_NO_D.U_ILA/U_G2_SQ.U_CAPCTRL/U_CAP_ADDRGEN/I_INTCAP.F_CAP_ADDR[1].U_CAP_ADDR_MUX
                                                       U_ila_pro_0/U0/I_NO_D.U_ILA/U_G2_SQ.U_CAPCTRL/U_CAP_ADDRGEN/I_INTCAP.F_CAP_ADDR[1].U_iCAP_ADDR
    -------------------------------------------------  ---------------------------
    Total                                      0.590ns (0.206ns logic, 0.384ns route)
                                                       (34.9% logic, 65.1% route)

--------------------------------------------------------------------------------

Paths for end point U_ila_pro_0/U0/I_NO_D.U_ILA/U_G2_SQ.U_CAPCTRL/U_CAP_ADDRGEN/I_INTCAP.F_CAP_ADDR[6].U_iCAP_ADDR (SLICE_X8Y136.F3), 1 path
--------------------------------------------------------------------------------
Delay (hold path):      0.578ns (datapath - clock path skew - uncertainty)
  Source:               U_ila_pro_0/U0/I_NO_D.U_ILA/U_G2_SQ.U_CAPCTRL/U_CAP_ADDRGEN/I_0_TO_64K.F_SEL[6].U_SEL (FF)
  Destination:          U_ila_pro_0/U0/I_NO_D.U_ILA/U_G2_SQ.U_CAPCTRL/U_CAP_ADDRGEN/I_INTCAP.F_CAP_ADDR[6].U_iCAP_ADDR (FF)
  Data Path Delay:      0.578ns (Levels of Logic = 1)
  Clock Path Skew:      0.000ns
  Source Clock:         icon_control0<0> rising
  Destination Clock:    GMII_RXCLK rising
  Clock Uncertainty:    0.000ns

  Minimum Data Path: U_ila_pro_0/U0/I_NO_D.U_ILA/U_G2_SQ.U_CAPCTRL/U_CAP_ADDRGEN/I_0_TO_64K.F_SEL[6].U_SEL to U_ila_pro_0/U0/I_NO_D.U_ILA/U_G2_SQ.U_CAPCTRL/U_CAP_ADDRGEN/I_INTCAP.F_CAP_ADDR[6].U_iCAP_ADDR
    Location             Delay type         Delay(ns)  Physical Resource
                                                       Logical Resource(s)
    -------------------------------------------------  -------------------
    SLICE_X8Y137.XQ      Tcko                  0.331   U_ila_pro_0/U0/I_NO_D.U_ILA/U_G2_SQ.U_CAPCTRL/U_CAP_ADDRGEN/cfg_data_vec<7>
                                                       U_ila_pro_0/U0/I_NO_D.U_ILA/U_G2_SQ.U_CAPCTRL/U_CAP_ADDRGEN/I_0_TO_64K.F_SEL[6].U_SEL
    SLICE_X8Y136.F3      net (fanout=2)        0.388   U_ila_pro_0/U0/I_NO_D.U_ILA/U_G2_SQ.U_CAPCTRL/U_CAP_ADDRGEN/cfg_data_vec<7>
    SLICE_X8Y136.CLK     Tckf        (-Th)     0.141   U_ila_pro_0/U0/I_NO_D.U_ILA/U_G2_SQ.U_CAPCTRL/U_CAP_ADDRGEN/iCAP_ADDR<6>
                                                       U_ila_pro_0/U0/I_NO_D.U_ILA/U_G2_SQ.U_CAPCTRL/U_CAP_ADDRGEN/I_INTCAP.F_CAP_ADDR[6].U_CAP_ADDR_MUX
                                                       U_ila_pro_0/U0/I_NO_D.U_ILA/U_G2_SQ.U_CAPCTRL/U_CAP_ADDRGEN/I_INTCAP.F_CAP_ADDR[6].U_iCAP_ADDR
    -------------------------------------------------  ---------------------------
    Total                                      0.578ns (0.190ns logic, 0.388ns route)
                                                       (32.9% logic, 67.1% route)

--------------------------------------------------------------------------------

================================================================================
Timing constraint: PATH "TS_D_TO_J_path" TIG;

 252 paths analyzed, 237 endpoints analyzed, 0 failing endpoints
 0 timing errors detected. (0 setup errors, 0 hold errors)
--------------------------------------------------------------------------------

Paths for end point U_ila_pro_0/U0/I_NO_D.U_ILA/U_STAT/U_TDO (SLICE_X8Y135.F2), 16 paths
--------------------------------------------------------------------------------
Delay (setup path):     4.397ns (data path - clock path skew + uncertainty)
  Source:               U_ila_pro_0/U0/I_NO_D.U_ILA/U_STAT/U_FULL (FF)
  Destination:          U_ila_pro_0/U0/I_NO_D.U_ILA/U_STAT/U_TDO (FF)
  Data Path Delay:      4.397ns (Levels of Logic = 4)
  Clock Path Skew:      0.000ns
  Source Clock:         GMII_RXCLK rising
  Destination Clock:    icon_control0<0> rising
  Clock Uncertainty:    0.000ns

  Maximum Data Path: U_ila_pro_0/U0/I_NO_D.U_ILA/U_STAT/U_FULL to U_ila_pro_0/U0/I_NO_D.U_ILA/U_STAT/U_TDO
    Location             Delay type         Delay(ns)  Physical Resource
                                                       Logical Resource(s)
    -------------------------------------------------  -------------------
    SLICE_X4Y131.XQ      Tcko                  0.360   U_ila_pro_0/U0/I_NO_D.U_ILA/U_STAT/FULL_dstat
                                                       U_ila_pro_0/U0/I_NO_D.U_ILA/U_STAT/U_FULL
    SLICE_X7Y131.G3      net (fanout=2)        0.454   U_ila_pro_0/U0/I_NO_D.U_ILA/U_STAT/FULL_dstat
    SLICE_X7Y131.XMUX    Tif5x                 0.574   U_ila_pro_0/U0/I_NO_D.U_ILA/iCAP_WR_ADDR<7>
                                                       U_ila_pro_0/U0/I_NO_D.U_ILA/U_STAT/U_DMUX/U_CS_MUX/I3.U_MUX8/Mmux_O_14
                                                       U_ila_pro_0/U0/I_NO_D.U_ILA/U_STAT/U_DMUX/U_CS_MUX/I3.U_MUX8/Mmux_O_12_f5
    SLICE_X6Y129.F4      net (fanout=1)        0.542   U_ila_pro_0/U0/I_NO_D.U_ILA/U_STAT/U_DMUX/U_CS_MUX/I3.U_MUX8/Mmux_O_12_f5
    SLICE_X6Y129.X       Tilo                  0.195   U_ila_pro_0/U0/I_NO_D.U_ILA/iCAP_WR_ADDR<8>
                                                       U_ila_pro_0/U0/I_NO_D.U_ILA/U_STAT/U_DMUX/U_CS_MUX/I3.U_MUX8/Mmux_O_8
    SLICE_X6Y134.G2      net (fanout=1)        0.716   U_ila_pro_0/U0/I_NO_D.U_ILA/U_STAT/U_DMUX/U_CS_MUX/I3.U_MUX8/Mmux_O_8
    SLICE_X6Y134.XMUX    Tif5x                 0.560   U_ila_pro_0/U0/I_NO_D.U_ILA/U_G2_SQ.U_CAPCTRL/U_CAP_ADDRGEN/cfg_data_vec<6>
                                                       U_ila_pro_0/U0/I_NO_D.U_ILA/U_STAT/U_DMUX/U_CS_MUX/I3.U_MUX8/Mmux_O_4
                                                       U_ila_pro_0/U0/I_NO_D.U_ILA/U_STAT/U_DMUX/U_CS_MUX/I3.U_MUX8/Mmux_O_2_f5
    SLICE_X8Y135.F2      net (fanout=1)        0.781   U_ila_pro_0/U0/I_NO_D.U_ILA/U_STAT/TDO_mux_in<0>1
    SLICE_X8Y135.CLK     Tfck                  0.215   U_ila_pro_0/U0/I_NO_D.U_ILA/iSTAT_DOUT
                                                       U_ila_pro_0/U0/I_NO_D.U_ILA/U_STAT/U_MUX/U_CS_MUX/I1.U_MUX2/O56
                                                       U_ila_pro_0/U0/I_NO_D.U_ILA/U_STAT/U_TDO
    -------------------------------------------------  ---------------------------
    Total                                      4.397ns (1.904ns logic, 2.493ns route)
                                                       (43.3% logic, 56.7% route)

--------------------------------------------------------------------------------
Delay (setup path):     4.339ns (data path - clock path skew + uncertainty)
  Source:               U_ila_pro_0/U0/I_NO_D.U_ILA/U_STAT/U_STATE0 (FF)
  Destination:          U_ila_pro_0/U0/I_NO_D.U_ILA/U_STAT/U_TDO (FF)
  Data Path Delay:      4.339ns (Levels of Logic = 4)
  Clock Path Skew:      0.000ns
  Source Clock:         GMII_RXCLK rising
  Destination Clock:    icon_control0<0> rising
  Clock Uncertainty:    0.000ns

  Maximum Data Path: U_ila_pro_0/U0/I_NO_D.U_ILA/U_STAT/U_STATE0 to U_ila_pro_0/U0/I_NO_D.U_ILA/U_STAT/U_TDO
    Location             Delay type         Delay(ns)  Physical Resource
                                                       Logical Resource(s)
    -------------------------------------------------  -------------------
    SLICE_X6Y131.XQ      Tcko                  0.360   U_ila_pro_0/U0/I_NO_D.U_ILA/U_STAT/STATE_dstat<0>
                                                       U_ila_pro_0/U0/I_NO_D.U_ILA/U_STAT/U_STATE0
    SLICE_X7Y131.F3      net (fanout=1)        0.404   U_ila_pro_0/U0/I_NO_D.U_ILA/U_STAT/STATE_dstat<0>
    SLICE_X7Y131.XMUX    Tif5x                 0.566   U_ila_pro_0/U0/I_NO_D.U_ILA/iCAP_WR_ADDR<7>
                                                       U_ila_pro_0/U0/I_NO_D.U_ILA/U_STAT/U_DMUX/U_CS_MUX/I3.U_MUX8/Mmux_O_13
                                                       U_ila_pro_0/U0/I_NO_D.U_ILA/U_STAT/U_DMUX/U_CS_MUX/I3.U_MUX8/Mmux_O_12_f5
    SLICE_X6Y129.F4      net (fanout=1)        0.542   U_ila_pro_0/U0/I_NO_D.U_ILA/U_STAT/U_DMUX/U_CS_MUX/I3.U_MUX8/Mmux_O_12_f5
    SLICE_X6Y129.X       Tilo                  0.195   U_ila_pro_0/U0/I_NO_D.U_ILA/iCAP_WR_ADDR<8>
                                                       U_ila_pro_0/U0/I_NO_D.U_ILA/U_STAT/U_DMUX/U_CS_MUX/I3.U_MUX8/Mmux_O_8
    SLICE_X6Y134.G2      net (fanout=1)        0.716   U_ila_pro_0/U0/I_NO_D.U_ILA/U_STAT/U_DMUX/U_CS_MUX/I3.U_MUX8/Mmux_O_8
    SLICE_X6Y134.XMUX    Tif5x                 0.560   U_ila_pro_0/U0/I_NO_D.U_ILA/U_G2_SQ.U_CAPCTRL/U_CAP_ADDRGEN/cfg_data_vec<6>
                                                       U_ila_pro_0/U0/I_NO_D.U_ILA/U_STAT/U_DMUX/U_CS_MUX/I3.U_MUX8/Mmux_O_4
                                                       U_ila_pro_0/U0/I_NO_D.U_ILA/U_STAT/U_DMUX/U_CS_MUX/I3.U_MUX8/Mmux_O_2_f5
    SLICE_X8Y135.F2      net (fanout=1)        0.781   U_ila_pro_0/U0/I_NO_D.U_ILA/U_STAT/TDO_mux_in<0>1
    SLICE_X8Y135.CLK     Tfck                  0.215   U_ila_pro_0/U0/I_NO_D.U_ILA/iSTAT_DOUT
                                                       U_ila_pro_0/U0/I_NO_D.U_ILA/U_STAT/U_MUX/U_CS_MUX/I1.U_MUX2/O56
                                                       U_ila_pro_0/U0/I_NO_D.U_ILA/U_STAT/U_TDO
    -------------------------------------------------  ---------------------------
    Total                                      4.339ns (1.896ns logic, 2.443ns route)
                                                       (43.7% logic, 56.3% route)

--------------------------------------------------------------------------------
Delay (setup path):     4.270ns (data path - clock path skew + uncertainty)
  Source:               U_ila_pro_0/U0/I_NO_D.U_ILA/U_STAT/U_STATE1 (FF)
  Destination:          U_ila_pro_0/U0/I_NO_D.U_ILA/U_STAT/U_TDO (FF)
  Data Path Delay:      4.270ns (Levels of Logic = 4)
  Clock Path Skew:      0.000ns
  Source Clock:         GMII_RXCLK rising
  Destination Clock:    icon_control0<0> rising
  Clock Uncertainty:    0.000ns

  Maximum Data Path: U_ila_pro_0/U0/I_NO_D.U_ILA/U_STAT/U_STATE1 to U_ila_pro_0/U0/I_NO_D.U_ILA/U_STAT/U_TDO
    Location             Delay type         Delay(ns)  Physical Resource
                                                       Logical Resource(s)
    -------------------------------------------------  -------------------
    SLICE_X6Y131.YQ      Tcko                  0.360   U_ila_pro_0/U0/I_NO_D.U_ILA/U_STAT/STATE_dstat<0>
                                                       U_ila_pro_0/U0/I_NO_D.U_ILA/U_STAT/U_STATE1
    SLICE_X7Y131.F4      net (fanout=1)        0.335   U_ila_pro_0/U0/I_NO_D.U_ILA/U_STAT/STATE_dstat<1>
    SLICE_X7Y131.XMUX    Tif5x                 0.566   U_ila_pro_0/U0/I_NO_D.U_ILA/iCAP_WR_ADDR<7>
                                                       U_ila_pro_0/U0/I_NO_D.U_ILA/U_STAT/U_DMUX/U_CS_MUX/I3.U_MUX8/Mmux_O_13
                                                       U_ila_pro_0/U0/I_NO_D.U_ILA/U_STAT/U_DMUX/U_CS_MUX/I3.U_MUX8/Mmux_O_12_f5
    SLICE_X6Y129.F4      net (fanout=1)        0.542   U_ila_pro_0/U0/I_NO_D.U_ILA/U_STAT/U_DMUX/U_CS_MUX/I3.U_MUX8/Mmux_O_12_f5
    SLICE_X6Y129.X       Tilo                  0.195   U_ila_pro_0/U0/I_NO_D.U_ILA/iCAP_WR_ADDR<8>
                                                       U_ila_pro_0/U0/I_NO_D.U_ILA/U_STAT/U_DMUX/U_CS_MUX/I3.U_MUX8/Mmux_O_8
    SLICE_X6Y134.G2      net (fanout=1)        0.716   U_ila_pro_0/U0/I_NO_D.U_ILA/U_STAT/U_DMUX/U_CS_MUX/I3.U_MUX8/Mmux_O_8
    SLICE_X6Y134.XMUX    Tif5x                 0.560   U_ila_pro_0/U0/I_NO_D.U_ILA/U_G2_SQ.U_CAPCTRL/U_CAP_ADDRGEN/cfg_data_vec<6>
                                                       U_ila_pro_0/U0/I_NO_D.U_ILA/U_STAT/U_DMUX/U_CS_MUX/I3.U_MUX8/Mmux_O_4
                                                       U_ila_pro_0/U0/I_NO_D.U_ILA/U_STAT/U_DMUX/U_CS_MUX/I3.U_MUX8/Mmux_O_2_f5
    SLICE_X8Y135.F2      net (fanout=1)        0.781   U_ila_pro_0/U0/I_NO_D.U_ILA/U_STAT/TDO_mux_in<0>1
    SLICE_X8Y135.CLK     Tfck                  0.215   U_ila_pro_0/U0/I_NO_D.U_ILA/iSTAT_DOUT
                                                       U_ila_pro_0/U0/I_NO_D.U_ILA/U_STAT/U_MUX/U_CS_MUX/I1.U_MUX2/O56
                                                       U_ila_pro_0/U0/I_NO_D.U_ILA/U_STAT/U_TDO
    -------------------------------------------------  ---------------------------
    Total                                      4.270ns (1.896ns logic, 2.374ns route)
                                                       (44.4% logic, 55.6% route)

--------------------------------------------------------------------------------

Paths for end point U_ila_pro_0/U0/I_NO_D.U_ILA/U_G2_SQ.U_CAPCTRL/I_SRLT_NE_1.U_NS1/I_NOLUT6.I_SRL_T2.I_YES_RPM.I_S3.UG2_CFGLUT4 (SLICE_X2Y150.G3), 1 path
--------------------------------------------------------------------------------
Delay (setup path):     2.224ns (data path)
  Source:               U_ila_pro_0/U0/I_NO_D.U_ILA/U_TRIG/F_NO_TCMC.U_FDR (FF)
  Destination:          U_ila_pro_0/U0/I_NO_D.U_ILA/U_G2_SQ.U_CAPCTRL/I_SRLT_NE_1.U_NS1/I_NOLUT6.I_SRL_T2.I_YES_RPM.I_S3.UG2_CFGLUT4 (FF)
  Data Path Delay:      2.224ns (Levels of Logic = 0)
  Source Clock:         GMII_RXCLK rising at 0.000ns

  Maximum Data Path: U_ila_pro_0/U0/I_NO_D.U_ILA/U_TRIG/F_NO_TCMC.U_FDR to U_ila_pro_0/U0/I_NO_D.U_ILA/U_G2_SQ.U_CAPCTRL/I_SRLT_NE_1.U_NS1/I_NOLUT6.I_SRL_T2.I_YES_RPM.I_S3.UG2_CFGLUT4
    Location             Delay type         Delay(ns)  Physical Resource
                                                       Logical Resource(s)
    -------------------------------------------------  -------------------
    SLICE_X2Y122.YQ      Tcko                  0.360   U_ila_pro_0/U0/I_NO_D.U_ILA/iTRIGGER
                                                       U_ila_pro_0/U0/I_NO_D.U_ILA/U_TRIG/F_NO_TCMC.U_FDR
    SLICE_X2Y150.G3      net (fanout=37)       1.864   U_ila_pro_0/U0/I_NO_D.U_ILA/iTRIGGER
    -------------------------------------------------  ---------------------------
    Total                                      2.224ns (0.360ns logic, 1.864ns route)
                                                       (16.2% logic, 83.8% route)

--------------------------------------------------------------------------------

Paths for end point U_ila_pro_0/U0/I_NO_D.U_ILA/U_G2_SQ.U_CAPCTRL/I_SRLT_NE_1.U_NS1/I_NOLUT6.I_SRL_T2.I_YES_RPM.I_S3.UG3_CFGLUT4 (SLICE_X2Y151.G3), 1 path
--------------------------------------------------------------------------------
Delay (setup path):     2.224ns (data path)
  Source:               U_ila_pro_0/U0/I_NO_D.U_ILA/U_TRIG/F_NO_TCMC.U_FDR (FF)
  Destination:          U_ila_pro_0/U0/I_NO_D.U_ILA/U_G2_SQ.U_CAPCTRL/I_SRLT_NE_1.U_NS1/I_NOLUT6.I_SRL_T2.I_YES_RPM.I_S3.UG3_CFGLUT4 (FF)
  Data Path Delay:      2.224ns (Levels of Logic = 0)
  Source Clock:         GMII_RXCLK rising at 0.000ns

  Maximum Data Path: U_ila_pro_0/U0/I_NO_D.U_ILA/U_TRIG/F_NO_TCMC.U_FDR to U_ila_pro_0/U0/I_NO_D.U_ILA/U_G2_SQ.U_CAPCTRL/I_SRLT_NE_1.U_NS1/I_NOLUT6.I_SRL_T2.I_YES_RPM.I_S3.UG3_CFGLUT4
    Location             Delay type         Delay(ns)  Physical Resource
                                                       Logical Resource(s)
    -------------------------------------------------  -------------------
    SLICE_X2Y122.YQ      Tcko                  0.360   U_ila_pro_0/U0/I_NO_D.U_ILA/iTRIGGER
                                                       U_ila_pro_0/U0/I_NO_D.U_ILA/U_TRIG/F_NO_TCMC.U_FDR
    SLICE_X2Y151.G3      net (fanout=37)       1.864   U_ila_pro_0/U0/I_NO_D.U_ILA/iTRIGGER
    -------------------------------------------------  ---------------------------
    Total                                      2.224ns (0.360ns logic, 1.864ns route)
                                                       (16.2% logic, 83.8% route)

--------------------------------------------------------------------------------

================================================================================
Timing constraint: TS_CLK15NS = PERIOD TIMEGRP "TN_CLK15NS" 15 ns HIGH 50%;
For more information, see Period Analysis in the Timing Closure User Guide (UG612).

 271067 paths analyzed, 9005 endpoints analyzed, 0 failing endpoints
 0 timing errors detected. (0 setup errors, 0 hold errors, 0 component switching limit errors)
 Minimum period is  13.086ns.
--------------------------------------------------------------------------------

Paths for end point gs1.gbe_imp/sendpkt_imp/ipbuf_imp/sum_17 (SLICE_X22Y110.CIN), 564 paths
--------------------------------------------------------------------------------
Slack (setup path):     0.957ns (requirement - (data path - clock path skew + uncertainty))
  Source:               mcs_0/U0/iomodule_0/IO_Write_Data_0 (FF)
  Destination:          gs1.gbe_imp/sendpkt_imp/ipbuf_imp/sum_17 (FF)
  Requirement:          7.500ns
  Data Path Delay:      6.543ns (Levels of Logic = 6)
  Clock Path Skew:      0.000ns
  Source Clock:         CLK15NS rising at 0.000ns
  Destination Clock:    CLK15NS falling at 7.500ns
  Clock Uncertainty:    0.000ns

  Maximum Data Path: mcs_0/U0/iomodule_0/IO_Write_Data_0 to gs1.gbe_imp/sendpkt_imp/ipbuf_imp/sum_17
    Location             Delay type         Delay(ns)  Physical Resource
                                                       Logical Resource(s)
    -------------------------------------------------  -------------------
    SLICE_X35Y139.XQ     Tcko                  0.340   MASTER_IOBUS_IO_Write_Data<0>
                                                       mcs_0/U0/iomodule_0/IO_Write_Data_0
    SLICE_X23Y107.F2     net (fanout=21)       3.277   MASTER_IOBUS_IO_Write_Data<0>
    SLICE_X23Y107.COUT   Topcyf                0.573   gs1.gbe_imp/sendpkt_imp/ipbuf_imp/Madd_sum_addsub0000_cy<9>
                                                       gs1.gbe_imp/sendpkt_imp/ipbuf_imp/Madd_sum_addsub0000_lut<8>
                                                       gs1.gbe_imp/sendpkt_imp/ipbuf_imp/Madd_sum_addsub0000_cy<8>
                                                       gs1.gbe_imp/sendpkt_imp/ipbuf_imp/Madd_sum_addsub0000_cy<9>
    SLICE_X23Y108.CIN    net (fanout=1)        0.000   gs1.gbe_imp/sendpkt_imp/ipbuf_imp/Madd_sum_addsub0000_cy<9>
    SLICE_X23Y108.COUT   Tbyp                  0.086   gs1.gbe_imp/sendpkt_imp/ipbuf_imp/Madd_sum_addsub0000_cy<11>
                                                       gs1.gbe_imp/sendpkt_imp/ipbuf_imp/Madd_sum_addsub0000_cy<10>
                                                       gs1.gbe_imp/sendpkt_imp/ipbuf_imp/Madd_sum_addsub0000_cy<11>
    SLICE_X23Y109.CIN    net (fanout=1)        0.000   gs1.gbe_imp/sendpkt_imp/ipbuf_imp/Madd_sum_addsub0000_cy<11>
    SLICE_X23Y109.YMUX   Tciny                 0.503   gs1.gbe_imp/sendpkt_imp/ipbuf_imp/Madd_sum_addsub0000_cy<13>
                                                       gs1.gbe_imp/sendpkt_imp/ipbuf_imp/Madd_sum_addsub0000_cy<12>
                                                       gs1.gbe_imp/sendpkt_imp/ipbuf_imp/Madd_sum_addsub0000_xor<13>
    SLICE_X22Y108.G1     net (fanout=1)        0.587   gs1.gbe_imp/sendpkt_imp/ipbuf_imp/sum_addsub0000<13>
    SLICE_X22Y108.COUT   Topcyg                0.561   gs1.gbe_imp/sendpkt_imp/ipbuf_imp/sum<12>
                                                       gs1.gbe_imp/sendpkt_imp/ipbuf_imp/sum_mux0005<13>1
                                                       gs1.gbe_imp/sendpkt_imp/ipbuf_imp/Madd_sum_mux0004_cy<13>
    SLICE_X22Y109.CIN    net (fanout=1)        0.000   gs1.gbe_imp/sendpkt_imp/ipbuf_imp/Madd_sum_mux0004_cy<13>
    SLICE_X22Y109.COUT   Tbyp                  0.089   gs1.gbe_imp/sendpkt_imp/ipbuf_imp/sum<14>
                                                       gs1.gbe_imp/sendpkt_imp/ipbuf_imp/Madd_sum_mux0004_cy<14>
                                                       gs1.gbe_imp/sendpkt_imp/ipbuf_imp/Madd_sum_mux0004_cy<15>
    SLICE_X22Y110.CIN    net (fanout=1)        0.000   gs1.gbe_imp/sendpkt_imp/ipbuf_imp/Madd_sum_mux0004_cy<15>
    SLICE_X22Y110.CLK    Tcinck                0.527   gs1.gbe_imp/sendpkt_imp/ipbuf_imp/sum<16>
                                                       gs1.gbe_imp/sendpkt_imp/ipbuf_imp/Madd_sum_mux0004_cy<16>
                                                       gs1.gbe_imp/sendpkt_imp/ipbuf_imp/Madd_sum_mux0004_xor<17>
                                                       gs1.gbe_imp/sendpkt_imp/ipbuf_imp/sum_17
    -------------------------------------------------  ---------------------------
    Total                                      6.543ns (2.679ns logic, 3.864ns route)
                                                       (40.9% logic, 59.1% route)

--------------------------------------------------------------------------------
Slack (setup path):     0.982ns (requirement - (data path - clock path skew + uncertainty))
  Source:               mcs_0/U0/iomodule_0/IO_Write_Data_0 (FF)
  Destination:          gs1.gbe_imp/sendpkt_imp/ipbuf_imp/sum_17 (FF)
  Requirement:          7.500ns
  Data Path Delay:      6.518ns (Levels of Logic = 10)
  Clock Path Skew:      0.000ns
  Source Clock:         CLK15NS rising at 0.000ns
  Destination Clock:    CLK15NS falling at 7.500ns
  Clock Uncertainty:    0.000ns

  Maximum Data Path: mcs_0/U0/iomodule_0/IO_Write_Data_0 to gs1.gbe_imp/sendpkt_imp/ipbuf_imp/sum_17
    Location             Delay type         Delay(ns)  Physical Resource
                                                       Logical Resource(s)
    -------------------------------------------------  -------------------
    SLICE_X35Y139.XQ     Tcko                  0.340   MASTER_IOBUS_IO_Write_Data<0>
                                                       mcs_0/U0/iomodule_0/IO_Write_Data_0
    SLICE_X23Y103.F3     net (fanout=21)       2.896   MASTER_IOBUS_IO_Write_Data<0>
    SLICE_X23Y103.COUT   Topcyf                0.573   gs1.gbe_imp/sendpkt_imp/ipbuf_imp/Madd_sum_addsub0000_cy<1>
                                                       gs1.gbe_imp/sendpkt_imp/ipbuf_imp/Madd_sum_addsub0000_lut<0>
                                                       gs1.gbe_imp/sendpkt_imp/ipbuf_imp/Madd_sum_addsub0000_cy<0>
                                                       gs1.gbe_imp/sendpkt_imp/ipbuf_imp/Madd_sum_addsub0000_cy<1>
    SLICE_X23Y104.CIN    net (fanout=1)        0.000   gs1.gbe_imp/sendpkt_imp/ipbuf_imp/Madd_sum_addsub0000_cy<1>
    SLICE_X23Y104.COUT   Tbyp                  0.086   gs1.gbe_imp/sendpkt_imp/ipbuf_imp/Madd_sum_addsub0000_cy<3>
                                                       gs1.gbe_imp/sendpkt_imp/ipbuf_imp/Madd_sum_addsub0000_cy<2>
                                                       gs1.gbe_imp/sendpkt_imp/ipbuf_imp/Madd_sum_addsub0000_cy<3>
    SLICE_X23Y105.CIN    net (fanout=1)        0.000   gs1.gbe_imp/sendpkt_imp/ipbuf_imp/Madd_sum_addsub0000_cy<3>
    SLICE_X23Y105.YMUX   Tciny                 0.503   mcs_0/U0/iomodule_0/IOModule_Core_I1/Using_UART_TX.UART_TX_I1/fifo_DOut<6>
                                                       gs1.gbe_imp/sendpkt_imp/ipbuf_imp/Madd_sum_addsub0000_cy<4>
                                                       gs1.gbe_imp/sendpkt_imp/ipbuf_imp/Madd_sum_addsub0000_xor<5>
    SLICE_X22Y104.G1     net (fanout=1)        0.587   gs1.gbe_imp/sendpkt_imp/ipbuf_imp/sum_addsub0000<5>
    SLICE_X22Y104.COUT   Topcyg                0.561   gs1.gbe_imp/sendpkt_imp/ipbuf_imp/sum<4>
                                                       gs1.gbe_imp/sendpkt_imp/ipbuf_imp/sum_mux0005<5>1
                                                       gs1.gbe_imp/sendpkt_imp/ipbuf_imp/Madd_sum_mux0004_cy<5>
    SLICE_X22Y105.CIN    net (fanout=1)        0.000   gs1.gbe_imp/sendpkt_imp/ipbuf_imp/Madd_sum_mux0004_cy<5>
    SLICE_X22Y105.COUT   Tbyp                  0.089   gs1.gbe_imp/sendpkt_imp/ipbuf_imp/sum<6>
                                                       gs1.gbe_imp/sendpkt_imp/ipbuf_imp/Madd_sum_mux0004_cy<6>
                                                       gs1.gbe_imp/sendpkt_imp/ipbuf_imp/Madd_sum_mux0004_cy<7>
    SLICE_X22Y106.CIN    net (fanout=1)        0.000   gs1.gbe_imp/sendpkt_imp/ipbuf_imp/Madd_sum_mux0004_cy<7>
    SLICE_X22Y106.COUT   Tbyp                  0.089   gs1.gbe_imp/sendpkt_imp/ipbuf_imp/sum<8>
                                                       gs1.gbe_imp/sendpkt_imp/ipbuf_imp/Madd_sum_mux0004_cy<8>
                                                       gs1.gbe_imp/sendpkt_imp/ipbuf_imp/Madd_sum_mux0004_cy<9>
    SLICE_X22Y107.CIN    net (fanout=1)        0.000   gs1.gbe_imp/sendpkt_imp/ipbuf_imp/Madd_sum_mux0004_cy<9>
    SLICE_X22Y107.COUT   Tbyp                  0.089   gs1.gbe_imp/sendpkt_imp/ipbuf_imp/sum<10>
                                                       gs1.gbe_imp/sendpkt_imp/ipbuf_imp/Madd_sum_mux0004_cy<10>
                                                       gs1.gbe_imp/sendpkt_imp/ipbuf_imp/Madd_sum_mux0004_cy<11>
    SLICE_X22Y108.CIN    net (fanout=1)        0.000   gs1.gbe_imp/sendpkt_imp/ipbuf_imp/Madd_sum_mux0004_cy<11>
    SLICE_X22Y108.COUT   Tbyp                  0.089   gs1.gbe_imp/sendpkt_imp/ipbuf_imp/sum<12>
                                                       gs1.gbe_imp/sendpkt_imp/ipbuf_imp/Madd_sum_mux0004_cy<12>
                                                       gs1.gbe_imp/sendpkt_imp/ipbuf_imp/Madd_sum_mux0004_cy<13>
    SLICE_X22Y109.CIN    net (fanout=1)        0.000   gs1.gbe_imp/sendpkt_imp/ipbuf_imp/Madd_sum_mux0004_cy<13>
    SLICE_X22Y109.COUT   Tbyp                  0.089   gs1.gbe_imp/sendpkt_imp/ipbuf_imp/sum<14>
                                                       gs1.gbe_imp/sendpkt_imp/ipbuf_imp/Madd_sum_mux0004_cy<14>
                                                       gs1.gbe_imp/sendpkt_imp/ipbuf_imp/Madd_sum_mux0004_cy<15>
    SLICE_X22Y110.CIN    net (fanout=1)        0.000   gs1.gbe_imp/sendpkt_imp/ipbuf_imp/Madd_sum_mux0004_cy<15>
    SLICE_X22Y110.CLK    Tcinck                0.527   gs1.gbe_imp/sendpkt_imp/ipbuf_imp/sum<16>
                                                       gs1.gbe_imp/sendpkt_imp/ipbuf_imp/Madd_sum_mux0004_cy<16>
                                                       gs1.gbe_imp/sendpkt_imp/ipbuf_imp/Madd_sum_mux0004_xor<17>
                                                       gs1.gbe_imp/sendpkt_imp/ipbuf_imp/sum_17
    -------------------------------------------------  ---------------------------
    Total                                      6.518ns (3.035ns logic, 3.483ns route)
                                                       (46.6% logic, 53.4% route)

--------------------------------------------------------------------------------
Slack (setup path):     0.988ns (requirement - (data path - clock path skew + uncertainty))
  Source:               mcs_0/U0/iomodule_0/IO_Write_Data_0 (FF)
  Destination:          gs1.gbe_imp/sendpkt_imp/ipbuf_imp/sum_17 (FF)
  Requirement:          7.500ns
  Data Path Delay:      6.512ns (Levels of Logic = 10)
  Clock Path Skew:      0.000ns
  Source Clock:         CLK15NS rising at 0.000ns
  Destination Clock:    CLK15NS falling at 7.500ns
  Clock Uncertainty:    0.000ns

  Maximum Data Path: mcs_0/U0/iomodule_0/IO_Write_Data_0 to gs1.gbe_imp/sendpkt_imp/ipbuf_imp/sum_17
    Location             Delay type         Delay(ns)  Physical Resource
                                                       Logical Resource(s)
    -------------------------------------------------  -------------------
    SLICE_X35Y139.XQ     Tcko                  0.340   MASTER_IOBUS_IO_Write_Data<0>
                                                       mcs_0/U0/iomodule_0/IO_Write_Data_0
    SLICE_X23Y103.F3     net (fanout=21)       2.896   MASTER_IOBUS_IO_Write_Data<0>
    SLICE_X23Y103.COUT   Topcyf                0.573   gs1.gbe_imp/sendpkt_imp/ipbuf_imp/Madd_sum_addsub0000_cy<1>
                                                       gs1.gbe_imp/sendpkt_imp/ipbuf_imp/Madd_sum_addsub0000_lut<0>
                                                       gs1.gbe_imp/sendpkt_imp/ipbuf_imp/Madd_sum_addsub0000_cy<0>
                                                       gs1.gbe_imp/sendpkt_imp/ipbuf_imp/Madd_sum_addsub0000_cy<1>
    SLICE_X23Y104.CIN    net (fanout=1)        0.000   gs1.gbe_imp/sendpkt_imp/ipbuf_imp/Madd_sum_addsub0000_cy<1>
    SLICE_X23Y104.COUT   Tbyp                  0.086   gs1.gbe_imp/sendpkt_imp/ipbuf_imp/Madd_sum_addsub0000_cy<3>
                                                       gs1.gbe_imp/sendpkt_imp/ipbuf_imp/Madd_sum_addsub0000_cy<2>
                                                       gs1.gbe_imp/sendpkt_imp/ipbuf_imp/Madd_sum_addsub0000_cy<3>
    SLICE_X23Y105.CIN    net (fanout=1)        0.000   gs1.gbe_imp/sendpkt_imp/ipbuf_imp/Madd_sum_addsub0000_cy<3>
    SLICE_X23Y105.COUT   Tbyp                  0.086   mcs_0/U0/iomodule_0/IOModule_Core_I1/Using_UART_TX.UART_TX_I1/fifo_DOut<6>
                                                       gs1.gbe_imp/sendpkt_imp/ipbuf_imp/Madd_sum_addsub0000_cy<4>
                                                       gs1.gbe_imp/sendpkt_imp/ipbuf_imp/Madd_sum_addsub0000_cy<5>
    SLICE_X23Y106.CIN    net (fanout=1)        0.000   gs1.gbe_imp/sendpkt_imp/ipbuf_imp/Madd_sum_addsub0000_cy<5>
    SLICE_X23Y106.COUT   Tbyp                  0.086   mcs_0/U0/iomodule_0/write_data<1>
                                                       gs1.gbe_imp/sendpkt_imp/ipbuf_imp/Madd_sum_addsub0000_cy<6>
                                                       gs1.gbe_imp/sendpkt_imp/ipbuf_imp/Madd_sum_addsub0000_cy<7>
    SLICE_X23Y107.CIN    net (fanout=1)        0.000   gs1.gbe_imp/sendpkt_imp/ipbuf_imp/Madd_sum_addsub0000_cy<7>
    SLICE_X23Y107.YMUX   Tciny                 0.503   gs1.gbe_imp/sendpkt_imp/ipbuf_imp/Madd_sum_addsub0000_cy<9>
                                                       gs1.gbe_imp/sendpkt_imp/ipbuf_imp/Madd_sum_addsub0000_cy<8>
                                                       gs1.gbe_imp/sendpkt_imp/ipbuf_imp/Madd_sum_addsub0000_xor<9>
    SLICE_X22Y106.G1     net (fanout=1)        0.587   gs1.gbe_imp/sendpkt_imp/ipbuf_imp/sum_addsub0000<9>
    SLICE_X22Y106.COUT   Topcyg                0.561   gs1.gbe_imp/sendpkt_imp/ipbuf_imp/sum<8>
                                                       gs1.gbe_imp/sendpkt_imp/ipbuf_imp/sum_mux0005<9>1
                                                       gs1.gbe_imp/sendpkt_imp/ipbuf_imp/Madd_sum_mux0004_cy<9>
    SLICE_X22Y107.CIN    net (fanout=1)        0.000   gs1.gbe_imp/sendpkt_imp/ipbuf_imp/Madd_sum_mux0004_cy<9>
    SLICE_X22Y107.COUT   Tbyp                  0.089   gs1.gbe_imp/sendpkt_imp/ipbuf_imp/sum<10>
                                                       gs1.gbe_imp/sendpkt_imp/ipbuf_imp/Madd_sum_mux0004_cy<10>
                                                       gs1.gbe_imp/sendpkt_imp/ipbuf_imp/Madd_sum_mux0004_cy<11>
    SLICE_X22Y108.CIN    net (fanout=1)        0.000   gs1.gbe_imp/sendpkt_imp/ipbuf_imp/Madd_sum_mux0004_cy<11>
    SLICE_X22Y108.COUT   Tbyp                  0.089   gs1.gbe_imp/sendpkt_imp/ipbuf_imp/sum<12>
                                                       gs1.gbe_imp/sendpkt_imp/ipbuf_imp/Madd_sum_mux0004_cy<12>
                                                       gs1.gbe_imp/sendpkt_imp/ipbuf_imp/Madd_sum_mux0004_cy<13>
    SLICE_X22Y109.CIN    net (fanout=1)        0.000   gs1.gbe_imp/sendpkt_imp/ipbuf_imp/Madd_sum_mux0004_cy<13>
    SLICE_X22Y109.COUT   Tbyp                  0.089   gs1.gbe_imp/sendpkt_imp/ipbuf_imp/sum<14>
                                                       gs1.gbe_imp/sendpkt_imp/ipbuf_imp/Madd_sum_mux0004_cy<14>
                                                       gs1.gbe_imp/sendpkt_imp/ipbuf_imp/Madd_sum_mux0004_cy<15>
    SLICE_X22Y110.CIN    net (fanout=1)        0.000   gs1.gbe_imp/sendpkt_imp/ipbuf_imp/Madd_sum_mux0004_cy<15>
    SLICE_X22Y110.CLK    Tcinck                0.527   gs1.gbe_imp/sendpkt_imp/ipbuf_imp/sum<16>
                                                       gs1.gbe_imp/sendpkt_imp/ipbuf_imp/Madd_sum_mux0004_cy<16>
                                                       gs1.gbe_imp/sendpkt_imp/ipbuf_imp/Madd_sum_mux0004_xor<17>
                                                       gs1.gbe_imp/sendpkt_imp/ipbuf_imp/sum_17
    -------------------------------------------------  ---------------------------
    Total                                      6.512ns (3.029ns logic, 3.483ns route)
                                                       (46.5% logic, 53.5% route)

--------------------------------------------------------------------------------

Paths for end point gs1.gbe_imp/sendpkt_imp/ipbuf_imp/sum_16 (SLICE_X22Y110.CIN), 564 paths
--------------------------------------------------------------------------------
Slack (setup path):     1.012ns (requirement - (data path - clock path skew + uncertainty))
  Source:               mcs_0/U0/iomodule_0/IO_Write_Data_0 (FF)
  Destination:          gs1.gbe_imp/sendpkt_imp/ipbuf_imp/sum_16 (FF)
  Requirement:          7.500ns
  Data Path Delay:      6.488ns (Levels of Logic = 6)
  Clock Path Skew:      0.000ns
  Source Clock:         CLK15NS rising at 0.000ns
  Destination Clock:    CLK15NS falling at 7.500ns
  Clock Uncertainty:    0.000ns

  Maximum Data Path: mcs_0/U0/iomodule_0/IO_Write_Data_0 to gs1.gbe_imp/sendpkt_imp/ipbuf_imp/sum_16
    Location             Delay type         Delay(ns)  Physical Resource
                                                       Logical Resource(s)
    -------------------------------------------------  -------------------
    SLICE_X35Y139.XQ     Tcko                  0.340   MASTER_IOBUS_IO_Write_Data<0>
                                                       mcs_0/U0/iomodule_0/IO_Write_Data_0
    SLICE_X23Y107.F2     net (fanout=21)       3.277   MASTER_IOBUS_IO_Write_Data<0>
    SLICE_X23Y107.COUT   Topcyf                0.573   gs1.gbe_imp/sendpkt_imp/ipbuf_imp/Madd_sum_addsub0000_cy<9>
                                                       gs1.gbe_imp/sendpkt_imp/ipbuf_imp/Madd_sum_addsub0000_lut<8>
                                                       gs1.gbe_imp/sendpkt_imp/ipbuf_imp/Madd_sum_addsub0000_cy<8>
                                                       gs1.gbe_imp/sendpkt_imp/ipbuf_imp/Madd_sum_addsub0000_cy<9>
    SLICE_X23Y108.CIN    net (fanout=1)        0.000   gs1.gbe_imp/sendpkt_imp/ipbuf_imp/Madd_sum_addsub0000_cy<9>
    SLICE_X23Y108.COUT   Tbyp                  0.086   gs1.gbe_imp/sendpkt_imp/ipbuf_imp/Madd_sum_addsub0000_cy<11>
                                                       gs1.gbe_imp/sendpkt_imp/ipbuf_imp/Madd_sum_addsub0000_cy<10>
                                                       gs1.gbe_imp/sendpkt_imp/ipbuf_imp/Madd_sum_addsub0000_cy<11>
    SLICE_X23Y109.CIN    net (fanout=1)        0.000   gs1.gbe_imp/sendpkt_imp/ipbuf_imp/Madd_sum_addsub0000_cy<11>
    SLICE_X23Y109.YMUX   Tciny                 0.503   gs1.gbe_imp/sendpkt_imp/ipbuf_imp/Madd_sum_addsub0000_cy<13>
                                                       gs1.gbe_imp/sendpkt_imp/ipbuf_imp/Madd_sum_addsub0000_cy<12>
                                                       gs1.gbe_imp/sendpkt_imp/ipbuf_imp/Madd_sum_addsub0000_xor<13>
    SLICE_X22Y108.G1     net (fanout=1)        0.587   gs1.gbe_imp/sendpkt_imp/ipbuf_imp/sum_addsub0000<13>
    SLICE_X22Y108.COUT   Topcyg                0.561   gs1.gbe_imp/sendpkt_imp/ipbuf_imp/sum<12>
                                                       gs1.gbe_imp/sendpkt_imp/ipbuf_imp/sum_mux0005<13>1
                                                       gs1.gbe_imp/sendpkt_imp/ipbuf_imp/Madd_sum_mux0004_cy<13>
    SLICE_X22Y109.CIN    net (fanout=1)        0.000   gs1.gbe_imp/sendpkt_imp/ipbuf_imp/Madd_sum_mux0004_cy<13>
    SLICE_X22Y109.COUT   Tbyp                  0.089   gs1.gbe_imp/sendpkt_imp/ipbuf_imp/sum<14>
                                                       gs1.gbe_imp/sendpkt_imp/ipbuf_imp/Madd_sum_mux0004_cy<14>
                                                       gs1.gbe_imp/sendpkt_imp/ipbuf_imp/Madd_sum_mux0004_cy<15>
    SLICE_X22Y110.CIN    net (fanout=1)        0.000   gs1.gbe_imp/sendpkt_imp/ipbuf_imp/Madd_sum_mux0004_cy<15>
    SLICE_X22Y110.CLK    Tcinck                0.472   gs1.gbe_imp/sendpkt_imp/ipbuf_imp/sum<16>
                                                       gs1.gbe_imp/sendpkt_imp/ipbuf_imp/Madd_sum_mux0004_xor<16>
                                                       gs1.gbe_imp/sendpkt_imp/ipbuf_imp/sum_16
    -------------------------------------------------  ---------------------------
    Total                                      6.488ns (2.624ns logic, 3.864ns route)
                                                       (40.4% logic, 59.6% route)

--------------------------------------------------------------------------------
Slack (setup path):     1.037ns (requirement - (data path - clock path skew + uncertainty))
  Source:               mcs_0/U0/iomodule_0/IO_Write_Data_0 (FF)
  Destination:          gs1.gbe_imp/sendpkt_imp/ipbuf_imp/sum_16 (FF)
  Requirement:          7.500ns
  Data Path Delay:      6.463ns (Levels of Logic = 10)
  Clock Path Skew:      0.000ns
  Source Clock:         CLK15NS rising at 0.000ns
  Destination Clock:    CLK15NS falling at 7.500ns
  Clock Uncertainty:    0.000ns

  Maximum Data Path: mcs_0/U0/iomodule_0/IO_Write_Data_0 to gs1.gbe_imp/sendpkt_imp/ipbuf_imp/sum_16
    Location             Delay type         Delay(ns)  Physical Resource
                                                       Logical Resource(s)
    -------------------------------------------------  -------------------
    SLICE_X35Y139.XQ     Tcko                  0.340   MASTER_IOBUS_IO_Write_Data<0>
                                                       mcs_0/U0/iomodule_0/IO_Write_Data_0
    SLICE_X23Y103.F3     net (fanout=21)       2.896   MASTER_IOBUS_IO_Write_Data<0>
    SLICE_X23Y103.COUT   Topcyf                0.573   gs1.gbe_imp/sendpkt_imp/ipbuf_imp/Madd_sum_addsub0000_cy<1>
                                                       gs1.gbe_imp/sendpkt_imp/ipbuf_imp/Madd_sum_addsub0000_lut<0>
                                                       gs1.gbe_imp/sendpkt_imp/ipbuf_imp/Madd_sum_addsub0000_cy<0>
                                                       gs1.gbe_imp/sendpkt_imp/ipbuf_imp/Madd_sum_addsub0000_cy<1>
    SLICE_X23Y104.CIN    net (fanout=1)        0.000   gs1.gbe_imp/sendpkt_imp/ipbuf_imp/Madd_sum_addsub0000_cy<1>
    SLICE_X23Y104.COUT   Tbyp                  0.086   gs1.gbe_imp/sendpkt_imp/ipbuf_imp/Madd_sum_addsub0000_cy<3>
                                                       gs1.gbe_imp/sendpkt_imp/ipbuf_imp/Madd_sum_addsub0000_cy<2>
                                                       gs1.gbe_imp/sendpkt_imp/ipbuf_imp/Madd_sum_addsub0000_cy<3>
    SLICE_X23Y105.CIN    net (fanout=1)        0.000   gs1.gbe_imp/sendpkt_imp/ipbuf_imp/Madd_sum_addsub0000_cy<3>
    SLICE_X23Y105.YMUX   Tciny                 0.503   mcs_0/U0/iomodule_0/IOModule_Core_I1/Using_UART_TX.UART_TX_I1/fifo_DOut<6>
                                                       gs1.gbe_imp/sendpkt_imp/ipbuf_imp/Madd_sum_addsub0000_cy<4>
                                                       gs1.gbe_imp/sendpkt_imp/ipbuf_imp/Madd_sum_addsub0000_xor<5>
    SLICE_X22Y104.G1     net (fanout=1)        0.587   gs1.gbe_imp/sendpkt_imp/ipbuf_imp/sum_addsub0000<5>
    SLICE_X22Y104.COUT   Topcyg                0.561   gs1.gbe_imp/sendpkt_imp/ipbuf_imp/sum<4>
                                                       gs1.gbe_imp/sendpkt_imp/ipbuf_imp/sum_mux0005<5>1
                                                       gs1.gbe_imp/sendpkt_imp/ipbuf_imp/Madd_sum_mux0004_cy<5>
    SLICE_X22Y105.CIN    net (fanout=1)        0.000   gs1.gbe_imp/sendpkt_imp/ipbuf_imp/Madd_sum_mux0004_cy<5>
    SLICE_X22Y105.COUT   Tbyp                  0.089   gs1.gbe_imp/sendpkt_imp/ipbuf_imp/sum<6>
                                                       gs1.gbe_imp/sendpkt_imp/ipbuf_imp/Madd_sum_mux0004_cy<6>
                                                       gs1.gbe_imp/sendpkt_imp/ipbuf_imp/Madd_sum_mux0004_cy<7>
    SLICE_X22Y106.CIN    net (fanout=1)        0.000   gs1.gbe_imp/sendpkt_imp/ipbuf_imp/Madd_sum_mux0004_cy<7>
    SLICE_X22Y106.COUT   Tbyp                  0.089   gs1.gbe_imp/sendpkt_imp/ipbuf_imp/sum<8>
                                                       gs1.gbe_imp/sendpkt_imp/ipbuf_imp/Madd_sum_mux0004_cy<8>
                                                       gs1.gbe_imp/sendpkt_imp/ipbuf_imp/Madd_sum_mux0004_cy<9>
    SLICE_X22Y107.CIN    net (fanout=1)        0.000   gs1.gbe_imp/sendpkt_imp/ipbuf_imp/Madd_sum_mux0004_cy<9>
    SLICE_X22Y107.COUT   Tbyp                  0.089   gs1.gbe_imp/sendpkt_imp/ipbuf_imp/sum<10>
                                                       gs1.gbe_imp/sendpkt_imp/ipbuf_imp/Madd_sum_mux0004_cy<10>
                                                       gs1.gbe_imp/sendpkt_imp/ipbuf_imp/Madd_sum_mux0004_cy<11>
    SLICE_X22Y108.CIN    net (fanout=1)        0.000   gs1.gbe_imp/sendpkt_imp/ipbuf_imp/Madd_sum_mux0004_cy<11>
    SLICE_X22Y108.COUT   Tbyp                  0.089   gs1.gbe_imp/sendpkt_imp/ipbuf_imp/sum<12>
                                                       gs1.gbe_imp/sendpkt_imp/ipbuf_imp/Madd_sum_mux0004_cy<12>
                                                       gs1.gbe_imp/sendpkt_imp/ipbuf_imp/Madd_sum_mux0004_cy<13>
    SLICE_X22Y109.CIN    net (fanout=1)        0.000   gs1.gbe_imp/sendpkt_imp/ipbuf_imp/Madd_sum_mux0004_cy<13>
    SLICE_X22Y109.COUT   Tbyp                  0.089   gs1.gbe_imp/sendpkt_imp/ipbuf_imp/sum<14>
                                                       gs1.gbe_imp/sendpkt_imp/ipbuf_imp/Madd_sum_mux0004_cy<14>
                                                       gs1.gbe_imp/sendpkt_imp/ipbuf_imp/Madd_sum_mux0004_cy<15>
    SLICE_X22Y110.CIN    net (fanout=1)        0.000   gs1.gbe_imp/sendpkt_imp/ipbuf_imp/Madd_sum_mux0004_cy<15>
    SLICE_X22Y110.CLK    Tcinck                0.472   gs1.gbe_imp/sendpkt_imp/ipbuf_imp/sum<16>
                                                       gs1.gbe_imp/sendpkt_imp/ipbuf_imp/Madd_sum_mux0004_xor<16>
                                                       gs1.gbe_imp/sendpkt_imp/ipbuf_imp/sum_16
    -------------------------------------------------  ---------------------------
    Total                                      6.463ns (2.980ns logic, 3.483ns route)
                                                       (46.1% logic, 53.9% route)

--------------------------------------------------------------------------------
Slack (setup path):     1.043ns (requirement - (data path - clock path skew + uncertainty))
  Source:               mcs_0/U0/iomodule_0/IO_Write_Data_0 (FF)
  Destination:          gs1.gbe_imp/sendpkt_imp/ipbuf_imp/sum_16 (FF)
  Requirement:          7.500ns
  Data Path Delay:      6.457ns (Levels of Logic = 10)
  Clock Path Skew:      0.000ns
  Source Clock:         CLK15NS rising at 0.000ns
  Destination Clock:    CLK15NS falling at 7.500ns
  Clock Uncertainty:    0.000ns

  Maximum Data Path: mcs_0/U0/iomodule_0/IO_Write_Data_0 to gs1.gbe_imp/sendpkt_imp/ipbuf_imp/sum_16
    Location             Delay type         Delay(ns)  Physical Resource
                                                       Logical Resource(s)
    -------------------------------------------------  -------------------
    SLICE_X35Y139.XQ     Tcko                  0.340   MASTER_IOBUS_IO_Write_Data<0>
                                                       mcs_0/U0/iomodule_0/IO_Write_Data_0
    SLICE_X23Y103.F3     net (fanout=21)       2.896   MASTER_IOBUS_IO_Write_Data<0>
    SLICE_X23Y103.COUT   Topcyf                0.573   gs1.gbe_imp/sendpkt_imp/ipbuf_imp/Madd_sum_addsub0000_cy<1>
                                                       gs1.gbe_imp/sendpkt_imp/ipbuf_imp/Madd_sum_addsub0000_lut<0>
                                                       gs1.gbe_imp/sendpkt_imp/ipbuf_imp/Madd_sum_addsub0000_cy<0>
                                                       gs1.gbe_imp/sendpkt_imp/ipbuf_imp/Madd_sum_addsub0000_cy<1>
    SLICE_X23Y104.CIN    net (fanout=1)        0.000   gs1.gbe_imp/sendpkt_imp/ipbuf_imp/Madd_sum_addsub0000_cy<1>
    SLICE_X23Y104.COUT   Tbyp                  0.086   gs1.gbe_imp/sendpkt_imp/ipbuf_imp/Madd_sum_addsub0000_cy<3>
                                                       gs1.gbe_imp/sendpkt_imp/ipbuf_imp/Madd_sum_addsub0000_cy<2>
                                                       gs1.gbe_imp/sendpkt_imp/ipbuf_imp/Madd_sum_addsub0000_cy<3>
    SLICE_X23Y105.CIN    net (fanout=1)        0.000   gs1.gbe_imp/sendpkt_imp/ipbuf_imp/Madd_sum_addsub0000_cy<3>
    SLICE_X23Y105.COUT   Tbyp                  0.086   mcs_0/U0/iomodule_0/IOModule_Core_I1/Using_UART_TX.UART_TX_I1/fifo_DOut<6>
                                                       gs1.gbe_imp/sendpkt_imp/ipbuf_imp/Madd_sum_addsub0000_cy<4>
                                                       gs1.gbe_imp/sendpkt_imp/ipbuf_imp/Madd_sum_addsub0000_cy<5>
    SLICE_X23Y106.CIN    net (fanout=1)        0.000   gs1.gbe_imp/sendpkt_imp/ipbuf_imp/Madd_sum_addsub0000_cy<5>
    SLICE_X23Y106.COUT   Tbyp                  0.086   mcs_0/U0/iomodule_0/write_data<1>
                                                       gs1.gbe_imp/sendpkt_imp/ipbuf_imp/Madd_sum_addsub0000_cy<6>
                                                       gs1.gbe_imp/sendpkt_imp/ipbuf_imp/Madd_sum_addsub0000_cy<7>
    SLICE_X23Y107.CIN    net (fanout=1)        0.000   gs1.gbe_imp/sendpkt_imp/ipbuf_imp/Madd_sum_addsub0000_cy<7>
    SLICE_X23Y107.YMUX   Tciny                 0.503   gs1.gbe_imp/sendpkt_imp/ipbuf_imp/Madd_sum_addsub0000_cy<9>
                                                       gs1.gbe_imp/sendpkt_imp/ipbuf_imp/Madd_sum_addsub0000_cy<8>
                                                       gs1.gbe_imp/sendpkt_imp/ipbuf_imp/Madd_sum_addsub0000_xor<9>
    SLICE_X22Y106.G1     net (fanout=1)        0.587   gs1.gbe_imp/sendpkt_imp/ipbuf_imp/sum_addsub0000<9>
    SLICE_X22Y106.COUT   Topcyg                0.561   gs1.gbe_imp/sendpkt_imp/ipbuf_imp/sum<8>
                                                       gs1.gbe_imp/sendpkt_imp/ipbuf_imp/sum_mux0005<9>1
                                                       gs1.gbe_imp/sendpkt_imp/ipbuf_imp/Madd_sum_mux0004_cy<9>
    SLICE_X22Y107.CIN    net (fanout=1)        0.000   gs1.gbe_imp/sendpkt_imp/ipbuf_imp/Madd_sum_mux0004_cy<9>
    SLICE_X22Y107.COUT   Tbyp                  0.089   gs1.gbe_imp/sendpkt_imp/ipbuf_imp/sum<10>
                                                       gs1.gbe_imp/sendpkt_imp/ipbuf_imp/Madd_sum_mux0004_cy<10>
                                                       gs1.gbe_imp/sendpkt_imp/ipbuf_imp/Madd_sum_mux0004_cy<11>
    SLICE_X22Y108.CIN    net (fanout=1)        0.000   gs1.gbe_imp/sendpkt_imp/ipbuf_imp/Madd_sum_mux0004_cy<11>
    SLICE_X22Y108.COUT   Tbyp                  0.089   gs1.gbe_imp/sendpkt_imp/ipbuf_imp/sum<12>
                                                       gs1.gbe_imp/sendpkt_imp/ipbuf_imp/Madd_sum_mux0004_cy<12>
                                                       gs1.gbe_imp/sendpkt_imp/ipbuf_imp/Madd_sum_mux0004_cy<13>
    SLICE_X22Y109.CIN    net (fanout=1)        0.000   gs1.gbe_imp/sendpkt_imp/ipbuf_imp/Madd_sum_mux0004_cy<13>
    SLICE_X22Y109.COUT   Tbyp                  0.089   gs1.gbe_imp/sendpkt_imp/ipbuf_imp/sum<14>
                                                       gs1.gbe_imp/sendpkt_imp/ipbuf_imp/Madd_sum_mux0004_cy<14>
                                                       gs1.gbe_imp/sendpkt_imp/ipbuf_imp/Madd_sum_mux0004_cy<15>
    SLICE_X22Y110.CIN    net (fanout=1)        0.000   gs1.gbe_imp/sendpkt_imp/ipbuf_imp/Madd_sum_mux0004_cy<15>
    SLICE_X22Y110.CLK    Tcinck                0.472   gs1.gbe_imp/sendpkt_imp/ipbuf_imp/sum<16>
                                                       gs1.gbe_imp/sendpkt_imp/ipbuf_imp/Madd_sum_mux0004_xor<16>
                                                       gs1.gbe_imp/sendpkt_imp/ipbuf_imp/sum_16
    -------------------------------------------------  ---------------------------
    Total                                      6.457ns (2.974ns logic, 3.483ns route)
                                                       (46.1% logic, 53.9% route)

--------------------------------------------------------------------------------

Paths for end point gs1.gbe_imp/sendpkt_imp/ipbuf_imp/sum_15 (SLICE_X22Y109.CIN), 438 paths
--------------------------------------------------------------------------------
Slack (setup path):     1.046ns (requirement - (data path - clock path skew + uncertainty))
  Source:               mcs_0/U0/iomodule_0/IO_Write_Data_0 (FF)
  Destination:          gs1.gbe_imp/sendpkt_imp/ipbuf_imp/sum_15 (FF)
  Requirement:          7.500ns
  Data Path Delay:      6.454ns (Levels of Logic = 5)
  Clock Path Skew:      0.000ns
  Source Clock:         CLK15NS rising at 0.000ns
  Destination Clock:    CLK15NS falling at 7.500ns
  Clock Uncertainty:    0.000ns

  Maximum Data Path: mcs_0/U0/iomodule_0/IO_Write_Data_0 to gs1.gbe_imp/sendpkt_imp/ipbuf_imp/sum_15
    Location             Delay type         Delay(ns)  Physical Resource
                                                       Logical Resource(s)
    -------------------------------------------------  -------------------
    SLICE_X35Y139.XQ     Tcko                  0.340   MASTER_IOBUS_IO_Write_Data<0>
                                                       mcs_0/U0/iomodule_0/IO_Write_Data_0
    SLICE_X23Y107.F2     net (fanout=21)       3.277   MASTER_IOBUS_IO_Write_Data<0>
    SLICE_X23Y107.COUT   Topcyf                0.573   gs1.gbe_imp/sendpkt_imp/ipbuf_imp/Madd_sum_addsub0000_cy<9>
                                                       gs1.gbe_imp/sendpkt_imp/ipbuf_imp/Madd_sum_addsub0000_lut<8>
                                                       gs1.gbe_imp/sendpkt_imp/ipbuf_imp/Madd_sum_addsub0000_cy<8>
                                                       gs1.gbe_imp/sendpkt_imp/ipbuf_imp/Madd_sum_addsub0000_cy<9>
    SLICE_X23Y108.CIN    net (fanout=1)        0.000   gs1.gbe_imp/sendpkt_imp/ipbuf_imp/Madd_sum_addsub0000_cy<9>
    SLICE_X23Y108.COUT   Tbyp                  0.086   gs1.gbe_imp/sendpkt_imp/ipbuf_imp/Madd_sum_addsub0000_cy<11>
                                                       gs1.gbe_imp/sendpkt_imp/ipbuf_imp/Madd_sum_addsub0000_cy<10>
                                                       gs1.gbe_imp/sendpkt_imp/ipbuf_imp/Madd_sum_addsub0000_cy<11>
    SLICE_X23Y109.CIN    net (fanout=1)        0.000   gs1.gbe_imp/sendpkt_imp/ipbuf_imp/Madd_sum_addsub0000_cy<11>
    SLICE_X23Y109.YMUX   Tciny                 0.503   gs1.gbe_imp/sendpkt_imp/ipbuf_imp/Madd_sum_addsub0000_cy<13>
                                                       gs1.gbe_imp/sendpkt_imp/ipbuf_imp/Madd_sum_addsub0000_cy<12>
                                                       gs1.gbe_imp/sendpkt_imp/ipbuf_imp/Madd_sum_addsub0000_xor<13>
    SLICE_X22Y108.G1     net (fanout=1)        0.587   gs1.gbe_imp/sendpkt_imp/ipbuf_imp/sum_addsub0000<13>
    SLICE_X22Y108.COUT   Topcyg                0.561   gs1.gbe_imp/sendpkt_imp/ipbuf_imp/sum<12>
                                                       gs1.gbe_imp/sendpkt_imp/ipbuf_imp/sum_mux0005<13>1
                                                       gs1.gbe_imp/sendpkt_imp/ipbuf_imp/Madd_sum_mux0004_cy<13>
    SLICE_X22Y109.CIN    net (fanout=1)        0.000   gs1.gbe_imp/sendpkt_imp/ipbuf_imp/Madd_sum_mux0004_cy<13>
    SLICE_X22Y109.CLK    Tcinck                0.527   gs1.gbe_imp/sendpkt_imp/ipbuf_imp/sum<14>
                                                       gs1.gbe_imp/sendpkt_imp/ipbuf_imp/Madd_sum_mux0004_cy<14>
                                                       gs1.gbe_imp/sendpkt_imp/ipbuf_imp/Madd_sum_mux0004_xor<15>
                                                       gs1.gbe_imp/sendpkt_imp/ipbuf_imp/sum_15
    -------------------------------------------------  ---------------------------
    Total                                      6.454ns (2.590ns logic, 3.864ns route)
                                                       (40.1% logic, 59.9% route)

--------------------------------------------------------------------------------
Slack (setup path):     1.071ns (requirement - (data path - clock path skew + uncertainty))
  Source:               mcs_0/U0/iomodule_0/IO_Write_Data_0 (FF)
  Destination:          gs1.gbe_imp/sendpkt_imp/ipbuf_imp/sum_15 (FF)
  Requirement:          7.500ns
  Data Path Delay:      6.429ns (Levels of Logic = 9)
  Clock Path Skew:      0.000ns
  Source Clock:         CLK15NS rising at 0.000ns
  Destination Clock:    CLK15NS falling at 7.500ns
  Clock Uncertainty:    0.000ns

  Maximum Data Path: mcs_0/U0/iomodule_0/IO_Write_Data_0 to gs1.gbe_imp/sendpkt_imp/ipbuf_imp/sum_15
    Location             Delay type         Delay(ns)  Physical Resource
                                                       Logical Resource(s)
    -------------------------------------------------  -------------------
    SLICE_X35Y139.XQ     Tcko                  0.340   MASTER_IOBUS_IO_Write_Data<0>
                                                       mcs_0/U0/iomodule_0/IO_Write_Data_0
    SLICE_X23Y103.F3     net (fanout=21)       2.896   MASTER_IOBUS_IO_Write_Data<0>
    SLICE_X23Y103.COUT   Topcyf                0.573   gs1.gbe_imp/sendpkt_imp/ipbuf_imp/Madd_sum_addsub0000_cy<1>
                                                       gs1.gbe_imp/sendpkt_imp/ipbuf_imp/Madd_sum_addsub0000_lut<0>
                                                       gs1.gbe_imp/sendpkt_imp/ipbuf_imp/Madd_sum_addsub0000_cy<0>
                                                       gs1.gbe_imp/sendpkt_imp/ipbuf_imp/Madd_sum_addsub0000_cy<1>
    SLICE_X23Y104.CIN    net (fanout=1)        0.000   gs1.gbe_imp/sendpkt_imp/ipbuf_imp/Madd_sum_addsub0000_cy<1>
    SLICE_X23Y104.COUT   Tbyp                  0.086   gs1.gbe_imp/sendpkt_imp/ipbuf_imp/Madd_sum_addsub0000_cy<3>
                                                       gs1.gbe_imp/sendpkt_imp/ipbuf_imp/Madd_sum_addsub0000_cy<2>
                                                       gs1.gbe_imp/sendpkt_imp/ipbuf_imp/Madd_sum_addsub0000_cy<3>
    SLICE_X23Y105.CIN    net (fanout=1)        0.000   gs1.gbe_imp/sendpkt_imp/ipbuf_imp/Madd_sum_addsub0000_cy<3>
    SLICE_X23Y105.YMUX   Tciny                 0.503   mcs_0/U0/iomodule_0/IOModule_Core_I1/Using_UART_TX.UART_TX_I1/fifo_DOut<6>
                                                       gs1.gbe_imp/sendpkt_imp/ipbuf_imp/Madd_sum_addsub0000_cy<4>
                                                       gs1.gbe_imp/sendpkt_imp/ipbuf_imp/Madd_sum_addsub0000_xor<5>
    SLICE_X22Y104.G1     net (fanout=1)        0.587   gs1.gbe_imp/sendpkt_imp/ipbuf_imp/sum_addsub0000<5>
    SLICE_X22Y104.COUT   Topcyg                0.561   gs1.gbe_imp/sendpkt_imp/ipbuf_imp/sum<4>
                                                       gs1.gbe_imp/sendpkt_imp/ipbuf_imp/sum_mux0005<5>1
                                                       gs1.gbe_imp/sendpkt_imp/ipbuf_imp/Madd_sum_mux0004_cy<5>
    SLICE_X22Y105.CIN    net (fanout=1)        0.000   gs1.gbe_imp/sendpkt_imp/ipbuf_imp/Madd_sum_mux0004_cy<5>
    SLICE_X22Y105.COUT   Tbyp                  0.089   gs1.gbe_imp/sendpkt_imp/ipbuf_imp/sum<6>
                                                       gs1.gbe_imp/sendpkt_imp/ipbuf_imp/Madd_sum_mux0004_cy<6>
                                                       gs1.gbe_imp/sendpkt_imp/ipbuf_imp/Madd_sum_mux0004_cy<7>
    SLICE_X22Y106.CIN    net (fanout=1)        0.000   gs1.gbe_imp/sendpkt_imp/ipbuf_imp/Madd_sum_mux0004_cy<7>
    SLICE_X22Y106.COUT   Tbyp                  0.089   gs1.gbe_imp/sendpkt_imp/ipbuf_imp/sum<8>
                                                       gs1.gbe_imp/sendpkt_imp/ipbuf_imp/Madd_sum_mux0004_cy<8>
                                                       gs1.gbe_imp/sendpkt_imp/ipbuf_imp/Madd_sum_mux0004_cy<9>
    SLICE_X22Y107.CIN    net (fanout=1)        0.000   gs1.gbe_imp/sendpkt_imp/ipbuf_imp/Madd_sum_mux0004_cy<9>
    SLICE_X22Y107.COUT   Tbyp                  0.089   gs1.gbe_imp/sendpkt_imp/ipbuf_imp/sum<10>
                                                       gs1.gbe_imp/sendpkt_imp/ipbuf_imp/Madd_sum_mux0004_cy<10>
                                                       gs1.gbe_imp/sendpkt_imp/ipbuf_imp/Madd_sum_mux0004_cy<11>
    SLICE_X22Y108.CIN    net (fanout=1)        0.000   gs1.gbe_imp/sendpkt_imp/ipbuf_imp/Madd_sum_mux0004_cy<11>
    SLICE_X22Y108.COUT   Tbyp                  0.089   gs1.gbe_imp/sendpkt_imp/ipbuf_imp/sum<12>
                                                       gs1.gbe_imp/sendpkt_imp/ipbuf_imp/Madd_sum_mux0004_cy<12>
                                                       gs1.gbe_imp/sendpkt_imp/ipbuf_imp/Madd_sum_mux0004_cy<13>
    SLICE_X22Y109.CIN    net (fanout=1)        0.000   gs1.gbe_imp/sendpkt_imp/ipbuf_imp/Madd_sum_mux0004_cy<13>
    SLICE_X22Y109.CLK    Tcinck                0.527   gs1.gbe_imp/sendpkt_imp/ipbuf_imp/sum<14>
                                                       gs1.gbe_imp/sendpkt_imp/ipbuf_imp/Madd_sum_mux0004_cy<14>
                                                       gs1.gbe_imp/sendpkt_imp/ipbuf_imp/Madd_sum_mux0004_xor<15>
                                                       gs1.gbe_imp/sendpkt_imp/ipbuf_imp/sum_15
    -------------------------------------------------  ---------------------------
    Total                                      6.429ns (2.946ns logic, 3.483ns route)
                                                       (45.8% logic, 54.2% route)

--------------------------------------------------------------------------------
Slack (setup path):     1.077ns (requirement - (data path - clock path skew + uncertainty))
  Source:               mcs_0/U0/iomodule_0/IO_Write_Data_0 (FF)
  Destination:          gs1.gbe_imp/sendpkt_imp/ipbuf_imp/sum_15 (FF)
  Requirement:          7.500ns
  Data Path Delay:      6.423ns (Levels of Logic = 9)
  Clock Path Skew:      0.000ns
  Source Clock:         CLK15NS rising at 0.000ns
  Destination Clock:    CLK15NS falling at 7.500ns
  Clock Uncertainty:    0.000ns

  Maximum Data Path: mcs_0/U0/iomodule_0/IO_Write_Data_0 to gs1.gbe_imp/sendpkt_imp/ipbuf_imp/sum_15
    Location             Delay type         Delay(ns)  Physical Resource
                                                       Logical Resource(s)
    -------------------------------------------------  -------------------
    SLICE_X35Y139.XQ     Tcko                  0.340   MASTER_IOBUS_IO_Write_Data<0>
                                                       mcs_0/U0/iomodule_0/IO_Write_Data_0
    SLICE_X23Y103.F3     net (fanout=21)       2.896   MASTER_IOBUS_IO_Write_Data<0>
    SLICE_X23Y103.COUT   Topcyf                0.573   gs1.gbe_imp/sendpkt_imp/ipbuf_imp/Madd_sum_addsub0000_cy<1>
                                                       gs1.gbe_imp/sendpkt_imp/ipbuf_imp/Madd_sum_addsub0000_lut<0>
                                                       gs1.gbe_imp/sendpkt_imp/ipbuf_imp/Madd_sum_addsub0000_cy<0>
                                                       gs1.gbe_imp/sendpkt_imp/ipbuf_imp/Madd_sum_addsub0000_cy<1>
    SLICE_X23Y104.CIN    net (fanout=1)        0.000   gs1.gbe_imp/sendpkt_imp/ipbuf_imp/Madd_sum_addsub0000_cy<1>
    SLICE_X23Y104.COUT   Tbyp                  0.086   gs1.gbe_imp/sendpkt_imp/ipbuf_imp/Madd_sum_addsub0000_cy<3>
                                                       gs1.gbe_imp/sendpkt_imp/ipbuf_imp/Madd_sum_addsub0000_cy<2>
                                                       gs1.gbe_imp/sendpkt_imp/ipbuf_imp/Madd_sum_addsub0000_cy<3>
    SLICE_X23Y105.CIN    net (fanout=1)        0.000   gs1.gbe_imp/sendpkt_imp/ipbuf_imp/Madd_sum_addsub0000_cy<3>
    SLICE_X23Y105.COUT   Tbyp                  0.086   mcs_0/U0/iomodule_0/IOModule_Core_I1/Using_UART_TX.UART_TX_I1/fifo_DOut<6>
                                                       gs1.gbe_imp/sendpkt_imp/ipbuf_imp/Madd_sum_addsub0000_cy<4>
                                                       gs1.gbe_imp/sendpkt_imp/ipbuf_imp/Madd_sum_addsub0000_cy<5>
    SLICE_X23Y106.CIN    net (fanout=1)        0.000   gs1.gbe_imp/sendpkt_imp/ipbuf_imp/Madd_sum_addsub0000_cy<5>
    SLICE_X23Y106.COUT   Tbyp                  0.086   mcs_0/U0/iomodule_0/write_data<1>
                                                       gs1.gbe_imp/sendpkt_imp/ipbuf_imp/Madd_sum_addsub0000_cy<6>
                                                       gs1.gbe_imp/sendpkt_imp/ipbuf_imp/Madd_sum_addsub0000_cy<7>
    SLICE_X23Y107.CIN    net (fanout=1)        0.000   gs1.gbe_imp/sendpkt_imp/ipbuf_imp/Madd_sum_addsub0000_cy<7>
    SLICE_X23Y107.YMUX   Tciny                 0.503   gs1.gbe_imp/sendpkt_imp/ipbuf_imp/Madd_sum_addsub0000_cy<9>
                                                       gs1.gbe_imp/sendpkt_imp/ipbuf_imp/Madd_sum_addsub0000_cy<8>
                                                       gs1.gbe_imp/sendpkt_imp/ipbuf_imp/Madd_sum_addsub0000_xor<9>
    SLICE_X22Y106.G1     net (fanout=1)        0.587   gs1.gbe_imp/sendpkt_imp/ipbuf_imp/sum_addsub0000<9>
    SLICE_X22Y106.COUT   Topcyg                0.561   gs1.gbe_imp/sendpkt_imp/ipbuf_imp/sum<8>
                                                       gs1.gbe_imp/sendpkt_imp/ipbuf_imp/sum_mux0005<9>1
                                                       gs1.gbe_imp/sendpkt_imp/ipbuf_imp/Madd_sum_mux0004_cy<9>
    SLICE_X22Y107.CIN    net (fanout=1)        0.000   gs1.gbe_imp/sendpkt_imp/ipbuf_imp/Madd_sum_mux0004_cy<9>
    SLICE_X22Y107.COUT   Tbyp                  0.089   gs1.gbe_imp/sendpkt_imp/ipbuf_imp/sum<10>
                                                       gs1.gbe_imp/sendpkt_imp/ipbuf_imp/Madd_sum_mux0004_cy<10>
                                                       gs1.gbe_imp/sendpkt_imp/ipbuf_imp/Madd_sum_mux0004_cy<11>
    SLICE_X22Y108.CIN    net (fanout=1)        0.000   gs1.gbe_imp/sendpkt_imp/ipbuf_imp/Madd_sum_mux0004_cy<11>
    SLICE_X22Y108.COUT   Tbyp                  0.089   gs1.gbe_imp/sendpkt_imp/ipbuf_imp/sum<12>
                                                       gs1.gbe_imp/sendpkt_imp/ipbuf_imp/Madd_sum_mux0004_cy<12>
                                                       gs1.gbe_imp/sendpkt_imp/ipbuf_imp/Madd_sum_mux0004_cy<13>
    SLICE_X22Y109.CIN    net (fanout=1)        0.000   gs1.gbe_imp/sendpkt_imp/ipbuf_imp/Madd_sum_mux0004_cy<13>
    SLICE_X22Y109.CLK    Tcinck                0.527   gs1.gbe_imp/sendpkt_imp/ipbuf_imp/sum<14>
                                                       gs1.gbe_imp/sendpkt_imp/ipbuf_imp/Madd_sum_mux0004_cy<14>
                                                       gs1.gbe_imp/sendpkt_imp/ipbuf_imp/Madd_sum_mux0004_xor<15>
                                                       gs1.gbe_imp/sendpkt_imp/ipbuf_imp/sum_15
    -------------------------------------------------  ---------------------------
    Total                                      6.423ns (2.940ns logic, 3.483ns route)
                                                       (45.8% logic, 54.2% route)

--------------------------------------------------------------------------------

Hold Paths: TS_CLK15NS = PERIOD TIMEGRP "TN_CLK15NS" 15 ns HIGH 50%;
--------------------------------------------------------------------------------

Paths for end point gs1.gbe_imp/sendpkt_imp/ipbuf_imp/ipfb_imp/U0/xst_fifo_generator/gconvfifo.rf/grf.rf/gntv_or_sync_fifo.mem/gbm.gbmg.gbmga.ngecc.bmg/gnativebmg.native_blk_mem_gen/valid.cstr/ramloop[0].ram.r/v4_noinit.ram/SDP.SINGLE_PRIM.SDP (RAMB16_X0Y19.ADDRA10), 1 path
--------------------------------------------------------------------------------
Slack (hold path):      0.328ns (requirement - (clock path skew + uncertainty - data path))
  Source:               gs1.gbe_imp/sendpkt_imp/ipbuf_imp/ipfb_imp/U0/xst_fifo_generator/gconvfifo.rf/grf.rf/gntv_or_sync_fifo.gl0.wr/wpntr/count_d2_7 (FF)
  Destination:          gs1.gbe_imp/sendpkt_imp/ipbuf_imp/ipfb_imp/U0/xst_fifo_generator/gconvfifo.rf/grf.rf/gntv_or_sync_fifo.mem/gbm.gbmg.gbmga.ngecc.bmg/gnativebmg.native_blk_mem_gen/valid.cstr/ramloop[0].ram.r/v4_noinit.ram/SDP.SINGLE_PRIM.SDP (RAM)
  Requirement:          0.000ns
  Data Path Delay:      0.315ns (Levels of Logic = 0)
  Clock Path Skew:      -0.013ns (0.984 - 0.997)
  Source Clock:         CLK15NS falling at 22.500ns
  Destination Clock:    CLK15NS falling at 22.500ns
  Clock Uncertainty:    0.000ns

  Minimum Data Path: gs1.gbe_imp/sendpkt_imp/ipbuf_imp/ipfb_imp/U0/xst_fifo_generator/gconvfifo.rf/grf.rf/gntv_or_sync_fifo.gl0.wr/wpntr/count_d2_7 to gs1.gbe_imp/sendpkt_imp/ipbuf_imp/ipfb_imp/U0/xst_fifo_generator/gconvfifo.rf/grf.rf/gntv_or_sync_fifo.mem/gbm.gbmg.gbmga.ngecc.bmg/gnativebmg.native_blk_mem_gen/valid.cstr/ramloop[0].ram.r/v4_noinit.ram/SDP.SINGLE_PRIM.SDP
    Location             Delay type         Delay(ns)  Physical Resource
                                                       Logical Resource(s)
    -------------------------------------------------  -------------------
    SLICE_X7Y158.YQ      Tcko                  0.263   gs1.gbe_imp/sendpkt_imp/ipbuf_imp/ipfb_imp/U0/xst_fifo_generator/gconvfifo.rf/grf.rf/gntv_or_sync_fifo.gl0.wr/wpntr/count_d2<3>
                                                       gs1.gbe_imp/sendpkt_imp/ipbuf_imp/ipfb_imp/U0/xst_fifo_generator/gconvfifo.rf/grf.rf/gntv_or_sync_fifo.gl0.wr/wpntr/count_d2_7
    RAMB16_X0Y19.ADDRA10 net (fanout=3)        0.374   gs1.gbe_imp/sendpkt_imp/ipbuf_imp/ipfb_imp/U0/xst_fifo_generator/gconvfifo.rf/grf.rf/gntv_or_sync_fifo.gl0.wr/wpntr/count_d2<7>
    RAMB16_X0Y19.CLKA    Trckc_ADDRA (-Th)     0.322   gs1.gbe_imp/sendpkt_imp/ipbuf_imp/ipfb_imp/U0/xst_fifo_generator/gconvfifo.rf/grf.rf/gntv_or_sync_fifo.mem/gbm.gbmg.gbmga.ngecc.bmg/gnativebmg.native_blk_mem_gen/valid.cstr/ramloop[0].ram.r/v4_noinit.ram/SDP.SINGLE_PRIM.SDP
                                                       gs1.gbe_imp/sendpkt_imp/ipbuf_imp/ipfb_imp/U0/xst_fifo_generator/gconvfifo.rf/grf.rf/gntv_or_sync_fifo.mem/gbm.gbmg.gbmga.ngecc.bmg/gnativebmg.native_blk_mem_gen/valid.cstr/ramloop[0].ram.r/v4_noinit.ram/SDP.SINGLE_PRIM.SDP
    -------------------------------------------------  ---------------------------
    Total                                      0.315ns (-0.059ns logic, 0.374ns route)
                                                       (-18.7% logic, 118.7% route)

--------------------------------------------------------------------------------

Paths for end point gs1.gbe_imp/sendpkt_imp/ipbuf_imp/ipfb_imp/U0/xst_fifo_generator/gconvfifo.rf/grf.rf/gntv_or_sync_fifo.mem/gbm.gbmg.gbmga.ngecc.bmg/gnativebmg.native_blk_mem_gen/valid.cstr/ramloop[0].ram.r/v4_noinit.ram/SDP.SINGLE_PRIM.SDP (RAMB16_X0Y19.ADDRA13), 1 path
--------------------------------------------------------------------------------
Slack (hold path):      0.329ns (requirement - (clock path skew + uncertainty - data path))
  Source:               gs1.gbe_imp/sendpkt_imp/ipbuf_imp/ipfb_imp/U0/xst_fifo_generator/gconvfifo.rf/grf.rf/gntv_or_sync_fifo.gl0.wr/wpntr/count_d2_10 (FF)
  Destination:          gs1.gbe_imp/sendpkt_imp/ipbuf_imp/ipfb_imp/U0/xst_fifo_generator/gconvfifo.rf/grf.rf/gntv_or_sync_fifo.mem/gbm.gbmg.gbmga.ngecc.bmg/gnativebmg.native_blk_mem_gen/valid.cstr/ramloop[0].ram.r/v4_noinit.ram/SDP.SINGLE_PRIM.SDP (RAM)
  Requirement:          0.000ns
  Data Path Delay:      0.316ns (Levels of Logic = 0)
  Clock Path Skew:      -0.013ns (0.984 - 0.997)
  Source Clock:         CLK15NS falling at 22.500ns
  Destination Clock:    CLK15NS falling at 22.500ns
  Clock Uncertainty:    0.000ns

  Minimum Data Path: gs1.gbe_imp/sendpkt_imp/ipbuf_imp/ipfb_imp/U0/xst_fifo_generator/gconvfifo.rf/grf.rf/gntv_or_sync_fifo.gl0.wr/wpntr/count_d2_10 to gs1.gbe_imp/sendpkt_imp/ipbuf_imp/ipfb_imp/U0/xst_fifo_generator/gconvfifo.rf/grf.rf/gntv_or_sync_fifo.mem/gbm.gbmg.gbmga.ngecc.bmg/gnativebmg.native_blk_mem_gen/valid.cstr/ramloop[0].ram.r/v4_noinit.ram/SDP.SINGLE_PRIM.SDP
    Location             Delay type         Delay(ns)  Physical Resource
                                                       Logical Resource(s)
    -------------------------------------------------  -------------------
    SLICE_X6Y159.YQ      Tcko                  0.282   gs1.gbe_imp/sendpkt_imp/ipbuf_imp/ipfb_imp/U0/xst_fifo_generator/gconvfifo.rf/grf.rf/gntv_or_sync_fifo.gl0.wr/wpntr/count_d2<9>
                                                       gs1.gbe_imp/sendpkt_imp/ipbuf_imp/ipfb_imp/U0/xst_fifo_generator/gconvfifo.rf/grf.rf/gntv_or_sync_fifo.gl0.wr/wpntr/count_d2_10
    RAMB16_X0Y19.ADDRA13 net (fanout=3)        0.356   gs1.gbe_imp/sendpkt_imp/ipbuf_imp/ipfb_imp/U0/xst_fifo_generator/gconvfifo.rf/grf.rf/gntv_or_sync_fifo.gl0.wr/wpntr/count_d2<10>
    RAMB16_X0Y19.CLKA    Trckc_ADDRA (-Th)     0.322   gs1.gbe_imp/sendpkt_imp/ipbuf_imp/ipfb_imp/U0/xst_fifo_generator/gconvfifo.rf/grf.rf/gntv_or_sync_fifo.mem/gbm.gbmg.gbmga.ngecc.bmg/gnativebmg.native_blk_mem_gen/valid.cstr/ramloop[0].ram.r/v4_noinit.ram/SDP.SINGLE_PRIM.SDP
                                                       gs1.gbe_imp/sendpkt_imp/ipbuf_imp/ipfb_imp/U0/xst_fifo_generator/gconvfifo.rf/grf.rf/gntv_or_sync_fifo.mem/gbm.gbmg.gbmga.ngecc.bmg/gnativebmg.native_blk_mem_gen/valid.cstr/ramloop[0].ram.r/v4_noinit.ram/SDP.SINGLE_PRIM.SDP
    -------------------------------------------------  ---------------------------
    Total                                      0.316ns (-0.040ns logic, 0.356ns route)
                                                       (-12.7% logic, 112.7% route)

--------------------------------------------------------------------------------

Paths for end point tlk_imp/tlkfifo_imp/U0/xst_fifo_generator/gconvfifo.rf/grf.rf/gntv_or_sync_fifo.mem/gbm.gbmg.gbmga.ngecc.bmg/gnativebmg.native_blk_mem_gen/valid.cstr/ramloop[0].ram.r/v4_noinit.ram/SDP.SINGLE_PRIM.SDP (RAMB16_X2Y20.ADDRA6), 1 path
--------------------------------------------------------------------------------
Slack (hold path):      0.397ns (requirement - (clock path skew + uncertainty - data path))
  Source:               tlk_imp/tlkfifo_imp/U0/xst_fifo_generator/gconvfifo.rf/grf.rf/gntv_or_sync_fifo.gl0.wr/wpntr/count_d2_1 (FF)
  Destination:          tlk_imp/tlkfifo_imp/U0/xst_fifo_generator/gconvfifo.rf/grf.rf/gntv_or_sync_fifo.mem/gbm.gbmg.gbmga.ngecc.bmg/gnativebmg.native_blk_mem_gen/valid.cstr/ramloop[0].ram.r/v4_noinit.ram/SDP.SINGLE_PRIM.SDP (RAM)
  Requirement:          0.000ns
  Data Path Delay:      0.354ns (Levels of Logic = 0)
  Clock Path Skew:      -0.043ns (0.909 - 0.952)
  Source Clock:         tlk_imp/fifo_clk rising at 15.000ns
  Destination Clock:    tlk_imp/fifo_clk rising at 15.000ns
  Clock Uncertainty:    0.000ns

  Minimum Data Path: tlk_imp/tlkfifo_imp/U0/xst_fifo_generator/gconvfifo.rf/grf.rf/gntv_or_sync_fifo.gl0.wr/wpntr/count_d2_1 to tlk_imp/tlkfifo_imp/U0/xst_fifo_generator/gconvfifo.rf/grf.rf/gntv_or_sync_fifo.mem/gbm.gbmg.gbmga.ngecc.bmg/gnativebmg.native_blk_mem_gen/valid.cstr/ramloop[0].ram.r/v4_noinit.ram/SDP.SINGLE_PRIM.SDP
    Location             Delay type         Delay(ns)  Physical Resource
                                                       Logical Resource(s)
    -------------------------------------------------  -------------------
    SLICE_X49Y163.YQ     Tcko                  0.313   tlk_imp/tlkfifo_imp/U0/xst_fifo_generator/gconvfifo.rf/grf.rf/gntv_or_sync_fifo.gl0.wr/wpntr/count_d2<0>
                                                       tlk_imp/tlkfifo_imp/U0/xst_fifo_generator/gconvfifo.rf/grf.rf/gntv_or_sync_fifo.gl0.wr/wpntr/count_d2_1
    RAMB16_X2Y20.ADDRA6  net (fanout=3)        0.363   tlk_imp/tlkfifo_imp/U0/xst_fifo_generator/gconvfifo.rf/grf.rf/gntv_or_sync_fifo.gl0.wr/wpntr/count_d2<1>
    RAMB16_X2Y20.CLKA    Trckc_ADDRA (-Th)     0.322   tlk_imp/tlkfifo_imp/U0/xst_fifo_generator/gconvfifo.rf/grf.rf/gntv_or_sync_fifo.mem/gbm.gbmg.gbmga.ngecc.bmg/gnativebmg.native_blk_mem_gen/valid.cstr/ramloop[0].ram.r/v4_noinit.ram/SDP.SINGLE_PRIM.SDP
                                                       tlk_imp/tlkfifo_imp/U0/xst_fifo_generator/gconvfifo.rf/grf.rf/gntv_or_sync_fifo.mem/gbm.gbmg.gbmga.ngecc.bmg/gnativebmg.native_blk_mem_gen/valid.cstr/ramloop[0].ram.r/v4_noinit.ram/SDP.SINGLE_PRIM.SDP
    -------------------------------------------------  ---------------------------
    Total                                      0.354ns (-0.009ns logic, 0.363ns route)
                                                       (-2.5% logic, 102.5% route)

--------------------------------------------------------------------------------

Component Switching Limit Checks: TS_CLK15NS = PERIOD TIMEGRP "TN_CLK15NS" 15 ns HIGH 50%;
--------------------------------------------------------------------------------
Slack: 3.239ns (period - min period limit)
  Period: 8.000ns
  Min period limit: 4.761ns (210.040MHz) (Tdcmpco)
  Physical resource: tlk_imp/tlkclk_dcm/CLKFX
  Logical resource: tlk_imp/tlkclk_dcm/CLKFX
  Location pin: DCM_ADV_X0Y0.CLKFX
  Clock network: tlk_imp/tlkclk_clkfx
--------------------------------------------------------------------------------
Slack: 4.168ns (period - min period limit)
  Period: 7.500ns
  Min period limit: 3.332ns (300.120MHz) (Tdcmpco)
  Physical resource: mi_imp/bdclk_dcm_imp/CLK2X
  Logical resource: mi_imp/bdclk_dcm_imp/CLK2X
  Location pin: DCM_ADV_X0Y7.CLK2X
  Clock network: mi_imp/bdclk_2x
--------------------------------------------------------------------------------
Slack: 8.126ns (max period limit - period)
  Period: 7.500ns
  Max period limit: 15.626ns (63.996MHz) (Tdcmpco)
  Physical resource: mi_imp/bdclk_dcm_imp/CLK2X
  Logical resource: mi_imp/bdclk_dcm_imp/CLK2X
  Location pin: DCM_ADV_X0Y7.CLK2X
  Clock network: mi_imp/bdclk_2x
--------------------------------------------------------------------------------

================================================================================
Timing constraint: TS_RXCLK = PERIOD TIMEGRP "TN_RXCLK" 8 ns HIGH 50%;
For more information, see Period Analysis in the Timing Closure User Guide (UG612).

 138861 paths analyzed, 8343 endpoints analyzed, 0 failing endpoints
 0 timing errors detected. (0 setup errors, 0 hold errors, 0 component switching limit errors)
 Minimum period is   7.961ns.
--------------------------------------------------------------------------------

Paths for end point gs1.gbe_imp/arptab_imp/LOOKUP_HW_ADDR_39 (SLICE_X31Y46.G2), 89 paths
--------------------------------------------------------------------------------
Slack (setup path):     0.039ns (requirement - (data path - clock path skew + uncertainty))
  Source:               gs1.gbe_imp/arptab_imp/arptab_dpram_imp/U0/xst_blk_mem_generator/gnativebmg.native_blk_mem_gen/valid.cstr/ramloop[0].ram.r/v4_noinit.ram/TRUE_DP.SINGLE_PRIM.TDP (RAM)
  Destination:          gs1.gbe_imp/arptab_imp/LOOKUP_HW_ADDR_39 (FF)
  Requirement:          8.000ns
  Data Path Delay:      7.961ns (Levels of Logic = 11)
  Clock Path Skew:      0.000ns
  Source Clock:         GMII_RXCLK rising at 0.000ns
  Destination Clock:    GMII_RXCLK rising at 8.000ns
  Clock Uncertainty:    0.000ns

  Maximum Data Path: gs1.gbe_imp/arptab_imp/arptab_dpram_imp/U0/xst_blk_mem_generator/gnativebmg.native_blk_mem_gen/valid.cstr/ramloop[0].ram.r/v4_noinit.ram/TRUE_DP.SINGLE_PRIM.TDP to gs1.gbe_imp/arptab_imp/LOOKUP_HW_ADDR_39
    Location             Delay type         Delay(ns)  Physical Resource
                                                       Logical Resource(s)
    -------------------------------------------------  -------------------
    RAMB16_X1Y8.DOA0     Trcko_DORA            2.100   gs1.gbe_imp/arptab_imp/arptab_dpram_imp/U0/xst_blk_mem_generator/gnativebmg.native_blk_mem_gen/valid.cstr/ramloop[0].ram.r/v4_noinit.ram/TRUE_DP.SINGLE_PRIM.TDP
                                                       gs1.gbe_imp/arptab_imp/arptab_dpram_imp/U0/xst_blk_mem_generator/gnativebmg.native_blk_mem_gen/valid.cstr/ramloop[0].ram.r/v4_noinit.ram/TRUE_DP.SINGLE_PRIM.TDP
    SLICE_X36Y61.F4      net (fanout=3)        0.793   gs1.gbe_imp/arptab_imp/DOUTA<0>
    SLICE_X36Y61.COUT    Topcyf                0.576   gs1.gbe_imp/arptab_imp/Mcompar_STATE_cmp_eq0003_cy<1>
                                                       gs1.gbe_imp/arptab_imp/Mcompar_STATE_cmp_eq0003_lut<0>
                                                       gs1.gbe_imp/arptab_imp/Mcompar_STATE_cmp_eq0003_cy<0>
                                                       gs1.gbe_imp/arptab_imp/Mcompar_STATE_cmp_eq0003_cy<1>
    SLICE_X36Y62.CIN     net (fanout=1)        0.000   gs1.gbe_imp/arptab_imp/Mcompar_STATE_cmp_eq0003_cy<1>
    SLICE_X36Y62.COUT    Tbyp                  0.089   gs1.gbe_imp/arptab_imp/Mcompar_STATE_cmp_eq0003_cy<3>
                                                       gs1.gbe_imp/arptab_imp/Mcompar_STATE_cmp_eq0003_cy<2>
                                                       gs1.gbe_imp/arptab_imp/Mcompar_STATE_cmp_eq0003_cy<3>
    SLICE_X36Y63.CIN     net (fanout=1)        0.000   gs1.gbe_imp/arptab_imp/Mcompar_STATE_cmp_eq0003_cy<3>
    SLICE_X36Y63.COUT    Tbyp                  0.089   gs1.gbe_imp/udp_imp/dst_port<5>
                                                       gs1.gbe_imp/arptab_imp/Mcompar_STATE_cmp_eq0003_cy<4>
                                                       gs1.gbe_imp/arptab_imp/Mcompar_STATE_cmp_eq0003_cy<5>
    SLICE_X36Y64.CIN     net (fanout=1)        0.000   gs1.gbe_imp/arptab_imp/Mcompar_STATE_cmp_eq0003_cy<5>
    SLICE_X36Y64.COUT    Tbyp                  0.089   gs1.gbe_imp/udp_listen_ports<9>
                                                       gs1.gbe_imp/arptab_imp/Mcompar_STATE_cmp_eq0003_cy<6>
                                                       gs1.gbe_imp/arptab_imp/Mcompar_STATE_cmp_eq0003_cy<7>
    SLICE_X36Y65.CIN     net (fanout=1)        0.000   gs1.gbe_imp/arptab_imp/Mcompar_STATE_cmp_eq0003_cy<7>
    SLICE_X36Y65.COUT    Tbyp                  0.089   gs1.gbe_imp/arptab_imp/Mcompar_STATE_cmp_eq0003_cy<9>
                                                       gs1.gbe_imp/arptab_imp/Mcompar_STATE_cmp_eq0003_cy<8>
                                                       gs1.gbe_imp/arptab_imp/Mcompar_STATE_cmp_eq0003_cy<9>
    SLICE_X36Y66.CIN     net (fanout=1)        0.000   gs1.gbe_imp/arptab_imp/Mcompar_STATE_cmp_eq0003_cy<9>
    SLICE_X36Y66.COUT    Tbyp                  0.089   gs1.gbe_imp/arptab_imp/LATCHED_DOUTB<88>
                                                       gs1.gbe_imp/arptab_imp/Mcompar_STATE_cmp_eq0003_cy<10>
                                                       gs1.gbe_imp/arptab_imp/Mcompar_STATE_cmp_eq0003_cy<11>
    SLICE_X36Y67.CIN     net (fanout=1)        0.000   gs1.gbe_imp/arptab_imp/Mcompar_STATE_cmp_eq0003_cy<11>
    SLICE_X36Y67.COUT    Tbyp                  0.089   gs1.gbe_imp/udp_listen_ports<5>
                                                       gs1.gbe_imp/arptab_imp/Mcompar_STATE_cmp_eq0003_cy<12>
                                                       gs1.gbe_imp/arptab_imp/Mcompar_STATE_cmp_eq0003_cy<13>
    SLICE_X36Y68.CIN     net (fanout=1)        0.000   gs1.gbe_imp/arptab_imp/Mcompar_STATE_cmp_eq0003_cy<13>
    SLICE_X36Y68.COUT    Tbyp                  0.089   gs1.gbe_imp/arptab_imp/LATCHED_DOUTB<59>
                                                       gs1.gbe_imp/arptab_imp/Mcompar_STATE_cmp_eq0003_cy<14>
                                                       gs1.gbe_imp/arptab_imp/Mcompar_STATE_cmp_eq0003_cy<15>
    SLICE_X32Y65.F4      net (fanout=11)       1.079   gs1.gbe_imp/arptab_imp/Mcompar_STATE_cmp_eq0003_cy<15>
    SLICE_X32Y65.X       Tilo                  0.195   gs1.gbe_imp/arptab_imp/N401
                                                       gs1.gbe_imp/arptab_imp/LOOKUP_HW_ADDR_mux0000<0>211
    SLICE_X29Y50.F4      net (fanout=3)        0.762   gs1.gbe_imp/arptab_imp/N401
    SLICE_X29Y50.X       Tilo                  0.194   gs1.gbe_imp/arptab_imp/N15
                                                       gs1.gbe_imp/arptab_imp/LOOKUP_HW_ADDR_mux0000<0>2
    SLICE_X31Y46.G2      net (fanout=96)       1.076   gs1.gbe_imp/arptab_imp/N15
    SLICE_X31Y46.CLK     Tgck                  0.563   gs1.gbe_imp/arptab_imp/LOOKUP_HW_ADDR<39>
                                                       gs1.gbe_imp/arptab_imp/LOOKUP_HW_ADDR_mux0000<39>2
                                                       gs1.gbe_imp/arptab_imp/LOOKUP_HW_ADDR_mux0000<39>_f5
                                                       gs1.gbe_imp/arptab_imp/LOOKUP_HW_ADDR_39
    -------------------------------------------------  ---------------------------
    Total                                      7.961ns (4.251ns logic, 3.710ns route)
                                                       (53.4% logic, 46.6% route)

--------------------------------------------------------------------------------
Slack (setup path):     0.070ns (requirement - (data path - clock path skew + uncertainty))
  Source:               gs1.gbe_imp/arptab_imp/arptab_dpram_imp/U0/xst_blk_mem_generator/gnativebmg.native_blk_mem_gen/valid.cstr/ramloop[0].ram.r/v4_noinit.ram/TRUE_DP.SINGLE_PRIM.TDP (RAM)
  Destination:          gs1.gbe_imp/arptab_imp/LOOKUP_HW_ADDR_39 (FF)
  Requirement:          8.000ns
  Data Path Delay:      7.930ns (Levels of Logic = 7)
  Clock Path Skew:      0.000ns
  Source Clock:         GMII_RXCLK rising at 0.000ns
  Destination Clock:    GMII_RXCLK rising at 8.000ns
  Clock Uncertainty:    0.000ns

  Maximum Data Path: gs1.gbe_imp/arptab_imp/arptab_dpram_imp/U0/xst_blk_mem_generator/gnativebmg.native_blk_mem_gen/valid.cstr/ramloop[0].ram.r/v4_noinit.ram/TRUE_DP.SINGLE_PRIM.TDP to gs1.gbe_imp/arptab_imp/LOOKUP_HW_ADDR_39
    Location             Delay type         Delay(ns)  Physical Resource
                                                       Logical Resource(s)
    -------------------------------------------------  -------------------
    RAMB16_X1Y8.DOA17    Trcko_DORA            2.100   gs1.gbe_imp/arptab_imp/arptab_dpram_imp/U0/xst_blk_mem_generator/gnativebmg.native_blk_mem_gen/valid.cstr/ramloop[0].ram.r/v4_noinit.ram/TRUE_DP.SINGLE_PRIM.TDP
                                                       gs1.gbe_imp/arptab_imp/arptab_dpram_imp/U0/xst_blk_mem_generator/gnativebmg.native_blk_mem_gen/valid.cstr/ramloop[0].ram.r/v4_noinit.ram/TRUE_DP.SINGLE_PRIM.TDP
    SLICE_X36Y65.G3      net (fanout=3)        1.133   gs1.gbe_imp/arptab_imp/DOUTA<19>
    SLICE_X36Y65.COUT    Topcyg                0.561   gs1.gbe_imp/arptab_imp/Mcompar_STATE_cmp_eq0003_cy<9>
                                                       gs1.gbe_imp/arptab_imp/Mcompar_STATE_cmp_eq0003_lut<9>
                                                       gs1.gbe_imp/arptab_imp/Mcompar_STATE_cmp_eq0003_cy<9>
    SLICE_X36Y66.CIN     net (fanout=1)        0.000   gs1.gbe_imp/arptab_imp/Mcompar_STATE_cmp_eq0003_cy<9>
    SLICE_X36Y66.COUT    Tbyp                  0.089   gs1.gbe_imp/arptab_imp/LATCHED_DOUTB<88>
                                                       gs1.gbe_imp/arptab_imp/Mcompar_STATE_cmp_eq0003_cy<10>
                                                       gs1.gbe_imp/arptab_imp/Mcompar_STATE_cmp_eq0003_cy<11>
    SLICE_X36Y67.CIN     net (fanout=1)        0.000   gs1.gbe_imp/arptab_imp/Mcompar_STATE_cmp_eq0003_cy<11>
    SLICE_X36Y67.COUT    Tbyp                  0.089   gs1.gbe_imp/udp_listen_ports<5>
                                                       gs1.gbe_imp/arptab_imp/Mcompar_STATE_cmp_eq0003_cy<12>
                                                       gs1.gbe_imp/arptab_imp/Mcompar_STATE_cmp_eq0003_cy<13>
    SLICE_X36Y68.CIN     net (fanout=1)        0.000   gs1.gbe_imp/arptab_imp/Mcompar_STATE_cmp_eq0003_cy<13>
    SLICE_X36Y68.COUT    Tbyp                  0.089   gs1.gbe_imp/arptab_imp/LATCHED_DOUTB<59>
                                                       gs1.gbe_imp/arptab_imp/Mcompar_STATE_cmp_eq0003_cy<14>
                                                       gs1.gbe_imp/arptab_imp/Mcompar_STATE_cmp_eq0003_cy<15>
    SLICE_X32Y65.F4      net (fanout=11)       1.079   gs1.gbe_imp/arptab_imp/Mcompar_STATE_cmp_eq0003_cy<15>
    SLICE_X32Y65.X       Tilo                  0.195   gs1.gbe_imp/arptab_imp/N401
                                                       gs1.gbe_imp/arptab_imp/LOOKUP_HW_ADDR_mux0000<0>211
    SLICE_X29Y50.F4      net (fanout=3)        0.762   gs1.gbe_imp/arptab_imp/N401
    SLICE_X29Y50.X       Tilo                  0.194   gs1.gbe_imp/arptab_imp/N15
                                                       gs1.gbe_imp/arptab_imp/LOOKUP_HW_ADDR_mux0000<0>2
    SLICE_X31Y46.G2      net (fanout=96)       1.076   gs1.gbe_imp/arptab_imp/N15
    SLICE_X31Y46.CLK     Tgck                  0.563   gs1.gbe_imp/arptab_imp/LOOKUP_HW_ADDR<39>
                                                       gs1.gbe_imp/arptab_imp/LOOKUP_HW_ADDR_mux0000<39>2
                                                       gs1.gbe_imp/arptab_imp/LOOKUP_HW_ADDR_mux0000<39>_f5
                                                       gs1.gbe_imp/arptab_imp/LOOKUP_HW_ADDR_39
    -------------------------------------------------  ---------------------------
    Total                                      7.930ns (3.880ns logic, 4.050ns route)
                                                       (48.9% logic, 51.1% route)

--------------------------------------------------------------------------------
Slack (setup path):     0.081ns (requirement - (data path - clock path skew + uncertainty))
  Source:               gs1.gbe_imp/arptab_imp/arptab_dpram_imp/U0/xst_blk_mem_generator/gnativebmg.native_blk_mem_gen/valid.cstr/ramloop[0].ram.r/v4_noinit.ram/TRUE_DP.SINGLE_PRIM.TDP (RAM)
  Destination:          gs1.gbe_imp/arptab_imp/LOOKUP_HW_ADDR_39 (FF)
  Requirement:          8.000ns
  Data Path Delay:      7.919ns (Levels of Logic = 9)
  Clock Path Skew:      0.000ns
  Source Clock:         GMII_RXCLK rising at 0.000ns
  Destination Clock:    GMII_RXCLK rising at 8.000ns
  Clock Uncertainty:    0.000ns

  Maximum Data Path: gs1.gbe_imp/arptab_imp/arptab_dpram_imp/U0/xst_blk_mem_generator/gnativebmg.native_blk_mem_gen/valid.cstr/ramloop[0].ram.r/v4_noinit.ram/TRUE_DP.SINGLE_PRIM.TDP to gs1.gbe_imp/arptab_imp/LOOKUP_HW_ADDR_39
    Location             Delay type         Delay(ns)  Physical Resource
                                                       Logical Resource(s)
    -------------------------------------------------  -------------------
    RAMB16_X1Y8.DOA10    Trcko_DORA            2.100   gs1.gbe_imp/arptab_imp/arptab_dpram_imp/U0/xst_blk_mem_generator/gnativebmg.native_blk_mem_gen/valid.cstr/ramloop[0].ram.r/v4_noinit.ram/TRUE_DP.SINGLE_PRIM.TDP
                                                       gs1.gbe_imp/arptab_imp/arptab_dpram_imp/U0/xst_blk_mem_generator/gnativebmg.native_blk_mem_gen/valid.cstr/ramloop[0].ram.r/v4_noinit.ram/TRUE_DP.SINGLE_PRIM.TDP
    SLICE_X36Y63.G3      net (fanout=3)        0.944   gs1.gbe_imp/arptab_imp/DOUTA<11>
    SLICE_X36Y63.COUT    Topcyg                0.561   gs1.gbe_imp/udp_imp/dst_port<5>
                                                       gs1.gbe_imp/arptab_imp/Mcompar_STATE_cmp_eq0003_lut<5>
                                                       gs1.gbe_imp/arptab_imp/Mcompar_STATE_cmp_eq0003_cy<5>
    SLICE_X36Y64.CIN     net (fanout=1)        0.000   gs1.gbe_imp/arptab_imp/Mcompar_STATE_cmp_eq0003_cy<5>
    SLICE_X36Y64.COUT    Tbyp                  0.089   gs1.gbe_imp/udp_listen_ports<9>
                                                       gs1.gbe_imp/arptab_imp/Mcompar_STATE_cmp_eq0003_cy<6>
                                                       gs1.gbe_imp/arptab_imp/Mcompar_STATE_cmp_eq0003_cy<7>
    SLICE_X36Y65.CIN     net (fanout=1)        0.000   gs1.gbe_imp/arptab_imp/Mcompar_STATE_cmp_eq0003_cy<7>
    SLICE_X36Y65.COUT    Tbyp                  0.089   gs1.gbe_imp/arptab_imp/Mcompar_STATE_cmp_eq0003_cy<9>
                                                       gs1.gbe_imp/arptab_imp/Mcompar_STATE_cmp_eq0003_cy<8>
                                                       gs1.gbe_imp/arptab_imp/Mcompar_STATE_cmp_eq0003_cy<9>
    SLICE_X36Y66.CIN     net (fanout=1)        0.000   gs1.gbe_imp/arptab_imp/Mcompar_STATE_cmp_eq0003_cy<9>
    SLICE_X36Y66.COUT    Tbyp                  0.089   gs1.gbe_imp/arptab_imp/LATCHED_DOUTB<88>
                                                       gs1.gbe_imp/arptab_imp/Mcompar_STATE_cmp_eq0003_cy<10>
                                                       gs1.gbe_imp/arptab_imp/Mcompar_STATE_cmp_eq0003_cy<11>
    SLICE_X36Y67.CIN     net (fanout=1)        0.000   gs1.gbe_imp/arptab_imp/Mcompar_STATE_cmp_eq0003_cy<11>
    SLICE_X36Y67.COUT    Tbyp                  0.089   gs1.gbe_imp/udp_listen_ports<5>
                                                       gs1.gbe_imp/arptab_imp/Mcompar_STATE_cmp_eq0003_cy<12>
                                                       gs1.gbe_imp/arptab_imp/Mcompar_STATE_cmp_eq0003_cy<13>
    SLICE_X36Y68.CIN     net (fanout=1)        0.000   gs1.gbe_imp/arptab_imp/Mcompar_STATE_cmp_eq0003_cy<13>
    SLICE_X36Y68.COUT    Tbyp                  0.089   gs1.gbe_imp/arptab_imp/LATCHED_DOUTB<59>
                                                       gs1.gbe_imp/arptab_imp/Mcompar_STATE_cmp_eq0003_cy<14>
                                                       gs1.gbe_imp/arptab_imp/Mcompar_STATE_cmp_eq0003_cy<15>
    SLICE_X32Y65.F4      net (fanout=11)       1.079   gs1.gbe_imp/arptab_imp/Mcompar_STATE_cmp_eq0003_cy<15>
    SLICE_X32Y65.X       Tilo                  0.195   gs1.gbe_imp/arptab_imp/N401
                                                       gs1.gbe_imp/arptab_imp/LOOKUP_HW_ADDR_mux0000<0>211
    SLICE_X29Y50.F4      net (fanout=3)        0.762   gs1.gbe_imp/arptab_imp/N401
    SLICE_X29Y50.X       Tilo                  0.194   gs1.gbe_imp/arptab_imp/N15
                                                       gs1.gbe_imp/arptab_imp/LOOKUP_HW_ADDR_mux0000<0>2
    SLICE_X31Y46.G2      net (fanout=96)       1.076   gs1.gbe_imp/arptab_imp/N15
    SLICE_X31Y46.CLK     Tgck                  0.563   gs1.gbe_imp/arptab_imp/LOOKUP_HW_ADDR<39>
                                                       gs1.gbe_imp/arptab_imp/LOOKUP_HW_ADDR_mux0000<39>2
                                                       gs1.gbe_imp/arptab_imp/LOOKUP_HW_ADDR_mux0000<39>_f5
                                                       gs1.gbe_imp/arptab_imp/LOOKUP_HW_ADDR_39
    -------------------------------------------------  ---------------------------
    Total                                      7.919ns (4.058ns logic, 3.861ns route)
                                                       (51.2% logic, 48.8% route)

--------------------------------------------------------------------------------

Paths for end point gs1.gbe_imp/arptab_imp/LOOKUP_HW_ADDR_39 (SLICE_X31Y46.F2), 89 paths
--------------------------------------------------------------------------------
Slack (setup path):     0.040ns (requirement - (data path - clock path skew + uncertainty))
  Source:               gs1.gbe_imp/arptab_imp/arptab_dpram_imp/U0/xst_blk_mem_generator/gnativebmg.native_blk_mem_gen/valid.cstr/ramloop[0].ram.r/v4_noinit.ram/TRUE_DP.SINGLE_PRIM.TDP (RAM)
  Destination:          gs1.gbe_imp/arptab_imp/LOOKUP_HW_ADDR_39 (FF)
  Requirement:          8.000ns
  Data Path Delay:      7.960ns (Levels of Logic = 11)
  Clock Path Skew:      0.000ns
  Source Clock:         GMII_RXCLK rising at 0.000ns
  Destination Clock:    GMII_RXCLK rising at 8.000ns
  Clock Uncertainty:    0.000ns

  Maximum Data Path: gs1.gbe_imp/arptab_imp/arptab_dpram_imp/U0/xst_blk_mem_generator/gnativebmg.native_blk_mem_gen/valid.cstr/ramloop[0].ram.r/v4_noinit.ram/TRUE_DP.SINGLE_PRIM.TDP to gs1.gbe_imp/arptab_imp/LOOKUP_HW_ADDR_39
    Location             Delay type         Delay(ns)  Physical Resource
                                                       Logical Resource(s)
    -------------------------------------------------  -------------------
    RAMB16_X1Y8.DOA0     Trcko_DORA            2.100   gs1.gbe_imp/arptab_imp/arptab_dpram_imp/U0/xst_blk_mem_generator/gnativebmg.native_blk_mem_gen/valid.cstr/ramloop[0].ram.r/v4_noinit.ram/TRUE_DP.SINGLE_PRIM.TDP
                                                       gs1.gbe_imp/arptab_imp/arptab_dpram_imp/U0/xst_blk_mem_generator/gnativebmg.native_blk_mem_gen/valid.cstr/ramloop[0].ram.r/v4_noinit.ram/TRUE_DP.SINGLE_PRIM.TDP
    SLICE_X36Y61.F4      net (fanout=3)        0.793   gs1.gbe_imp/arptab_imp/DOUTA<0>
    SLICE_X36Y61.COUT    Topcyf                0.576   gs1.gbe_imp/arptab_imp/Mcompar_STATE_cmp_eq0003_cy<1>
                                                       gs1.gbe_imp/arptab_imp/Mcompar_STATE_cmp_eq0003_lut<0>
                                                       gs1.gbe_imp/arptab_imp/Mcompar_STATE_cmp_eq0003_cy<0>
                                                       gs1.gbe_imp/arptab_imp/Mcompar_STATE_cmp_eq0003_cy<1>
    SLICE_X36Y62.CIN     net (fanout=1)        0.000   gs1.gbe_imp/arptab_imp/Mcompar_STATE_cmp_eq0003_cy<1>
    SLICE_X36Y62.COUT    Tbyp                  0.089   gs1.gbe_imp/arptab_imp/Mcompar_STATE_cmp_eq0003_cy<3>
                                                       gs1.gbe_imp/arptab_imp/Mcompar_STATE_cmp_eq0003_cy<2>
                                                       gs1.gbe_imp/arptab_imp/Mcompar_STATE_cmp_eq0003_cy<3>
    SLICE_X36Y63.CIN     net (fanout=1)        0.000   gs1.gbe_imp/arptab_imp/Mcompar_STATE_cmp_eq0003_cy<3>
    SLICE_X36Y63.COUT    Tbyp                  0.089   gs1.gbe_imp/udp_imp/dst_port<5>
                                                       gs1.gbe_imp/arptab_imp/Mcompar_STATE_cmp_eq0003_cy<4>
                                                       gs1.gbe_imp/arptab_imp/Mcompar_STATE_cmp_eq0003_cy<5>
    SLICE_X36Y64.CIN     net (fanout=1)        0.000   gs1.gbe_imp/arptab_imp/Mcompar_STATE_cmp_eq0003_cy<5>
    SLICE_X36Y64.COUT    Tbyp                  0.089   gs1.gbe_imp/udp_listen_ports<9>
                                                       gs1.gbe_imp/arptab_imp/Mcompar_STATE_cmp_eq0003_cy<6>
                                                       gs1.gbe_imp/arptab_imp/Mcompar_STATE_cmp_eq0003_cy<7>
    SLICE_X36Y65.CIN     net (fanout=1)        0.000   gs1.gbe_imp/arptab_imp/Mcompar_STATE_cmp_eq0003_cy<7>
    SLICE_X36Y65.COUT    Tbyp                  0.089   gs1.gbe_imp/arptab_imp/Mcompar_STATE_cmp_eq0003_cy<9>
                                                       gs1.gbe_imp/arptab_imp/Mcompar_STATE_cmp_eq0003_cy<8>
                                                       gs1.gbe_imp/arptab_imp/Mcompar_STATE_cmp_eq0003_cy<9>
    SLICE_X36Y66.CIN     net (fanout=1)        0.000   gs1.gbe_imp/arptab_imp/Mcompar_STATE_cmp_eq0003_cy<9>
    SLICE_X36Y66.COUT    Tbyp                  0.089   gs1.gbe_imp/arptab_imp/LATCHED_DOUTB<88>
                                                       gs1.gbe_imp/arptab_imp/Mcompar_STATE_cmp_eq0003_cy<10>
                                                       gs1.gbe_imp/arptab_imp/Mcompar_STATE_cmp_eq0003_cy<11>
    SLICE_X36Y67.CIN     net (fanout=1)        0.000   gs1.gbe_imp/arptab_imp/Mcompar_STATE_cmp_eq0003_cy<11>
    SLICE_X36Y67.COUT    Tbyp                  0.089   gs1.gbe_imp/udp_listen_ports<5>
                                                       gs1.gbe_imp/arptab_imp/Mcompar_STATE_cmp_eq0003_cy<12>
                                                       gs1.gbe_imp/arptab_imp/Mcompar_STATE_cmp_eq0003_cy<13>
    SLICE_X36Y68.CIN     net (fanout=1)        0.000   gs1.gbe_imp/arptab_imp/Mcompar_STATE_cmp_eq0003_cy<13>
    SLICE_X36Y68.COUT    Tbyp                  0.089   gs1.gbe_imp/arptab_imp/LATCHED_DOUTB<59>
                                                       gs1.gbe_imp/arptab_imp/Mcompar_STATE_cmp_eq0003_cy<14>
                                                       gs1.gbe_imp/arptab_imp/Mcompar_STATE_cmp_eq0003_cy<15>
    SLICE_X32Y65.F4      net (fanout=11)       1.079   gs1.gbe_imp/arptab_imp/Mcompar_STATE_cmp_eq0003_cy<15>
    SLICE_X32Y65.X       Tilo                  0.195   gs1.gbe_imp/arptab_imp/N401
                                                       gs1.gbe_imp/arptab_imp/LOOKUP_HW_ADDR_mux0000<0>211
    SLICE_X29Y50.F4      net (fanout=3)        0.762   gs1.gbe_imp/arptab_imp/N401
    SLICE_X29Y50.X       Tilo                  0.194   gs1.gbe_imp/arptab_imp/N15
                                                       gs1.gbe_imp/arptab_imp/LOOKUP_HW_ADDR_mux0000<0>2
    SLICE_X31Y46.F2      net (fanout=96)       1.083   gs1.gbe_imp/arptab_imp/N15
    SLICE_X31Y46.CLK     Tfck                  0.555   gs1.gbe_imp/arptab_imp/LOOKUP_HW_ADDR<39>
                                                       gs1.gbe_imp/arptab_imp/LOOKUP_HW_ADDR_mux0000<39>1
                                                       gs1.gbe_imp/arptab_imp/LOOKUP_HW_ADDR_mux0000<39>_f5
                                                       gs1.gbe_imp/arptab_imp/LOOKUP_HW_ADDR_39
    -------------------------------------------------  ---------------------------
    Total                                      7.960ns (4.243ns logic, 3.717ns route)
                                                       (53.3% logic, 46.7% route)

--------------------------------------------------------------------------------
Slack (setup path):     0.071ns (requirement - (data path - clock path skew + uncertainty))
  Source:               gs1.gbe_imp/arptab_imp/arptab_dpram_imp/U0/xst_blk_mem_generator/gnativebmg.native_blk_mem_gen/valid.cstr/ramloop[0].ram.r/v4_noinit.ram/TRUE_DP.SINGLE_PRIM.TDP (RAM)
  Destination:          gs1.gbe_imp/arptab_imp/LOOKUP_HW_ADDR_39 (FF)
  Requirement:          8.000ns
  Data Path Delay:      7.929ns (Levels of Logic = 7)
  Clock Path Skew:      0.000ns
  Source Clock:         GMII_RXCLK rising at 0.000ns
  Destination Clock:    GMII_RXCLK rising at 8.000ns
  Clock Uncertainty:    0.000ns

  Maximum Data Path: gs1.gbe_imp/arptab_imp/arptab_dpram_imp/U0/xst_blk_mem_generator/gnativebmg.native_blk_mem_gen/valid.cstr/ramloop[0].ram.r/v4_noinit.ram/TRUE_DP.SINGLE_PRIM.TDP to gs1.gbe_imp/arptab_imp/LOOKUP_HW_ADDR_39
    Location             Delay type         Delay(ns)  Physical Resource
                                                       Logical Resource(s)
    -------------------------------------------------  -------------------
    RAMB16_X1Y8.DOA17    Trcko_DORA            2.100   gs1.gbe_imp/arptab_imp/arptab_dpram_imp/U0/xst_blk_mem_generator/gnativebmg.native_blk_mem_gen/valid.cstr/ramloop[0].ram.r/v4_noinit.ram/TRUE_DP.SINGLE_PRIM.TDP
                                                       gs1.gbe_imp/arptab_imp/arptab_dpram_imp/U0/xst_blk_mem_generator/gnativebmg.native_blk_mem_gen/valid.cstr/ramloop[0].ram.r/v4_noinit.ram/TRUE_DP.SINGLE_PRIM.TDP
    SLICE_X36Y65.G3      net (fanout=3)        1.133   gs1.gbe_imp/arptab_imp/DOUTA<19>
    SLICE_X36Y65.COUT    Topcyg                0.561   gs1.gbe_imp/arptab_imp/Mcompar_STATE_cmp_eq0003_cy<9>
                                                       gs1.gbe_imp/arptab_imp/Mcompar_STATE_cmp_eq0003_lut<9>
                                                       gs1.gbe_imp/arptab_imp/Mcompar_STATE_cmp_eq0003_cy<9>
    SLICE_X36Y66.CIN     net (fanout=1)        0.000   gs1.gbe_imp/arptab_imp/Mcompar_STATE_cmp_eq0003_cy<9>
    SLICE_X36Y66.COUT    Tbyp                  0.089   gs1.gbe_imp/arptab_imp/LATCHED_DOUTB<88>
                                                       gs1.gbe_imp/arptab_imp/Mcompar_STATE_cmp_eq0003_cy<10>
                                                       gs1.gbe_imp/arptab_imp/Mcompar_STATE_cmp_eq0003_cy<11>
    SLICE_X36Y67.CIN     net (fanout=1)        0.000   gs1.gbe_imp/arptab_imp/Mcompar_STATE_cmp_eq0003_cy<11>
    SLICE_X36Y67.COUT    Tbyp                  0.089   gs1.gbe_imp/udp_listen_ports<5>
                                                       gs1.gbe_imp/arptab_imp/Mcompar_STATE_cmp_eq0003_cy<12>
                                                       gs1.gbe_imp/arptab_imp/Mcompar_STATE_cmp_eq0003_cy<13>
    SLICE_X36Y68.CIN     net (fanout=1)        0.000   gs1.gbe_imp/arptab_imp/Mcompar_STATE_cmp_eq0003_cy<13>
    SLICE_X36Y68.COUT    Tbyp                  0.089   gs1.gbe_imp/arptab_imp/LATCHED_DOUTB<59>
                                                       gs1.gbe_imp/arptab_imp/Mcompar_STATE_cmp_eq0003_cy<14>
                                                       gs1.gbe_imp/arptab_imp/Mcompar_STATE_cmp_eq0003_cy<15>
    SLICE_X32Y65.F4      net (fanout=11)       1.079   gs1.gbe_imp/arptab_imp/Mcompar_STATE_cmp_eq0003_cy<15>
    SLICE_X32Y65.X       Tilo                  0.195   gs1.gbe_imp/arptab_imp/N401
                                                       gs1.gbe_imp/arptab_imp/LOOKUP_HW_ADDR_mux0000<0>211
    SLICE_X29Y50.F4      net (fanout=3)        0.762   gs1.gbe_imp/arptab_imp/N401
    SLICE_X29Y50.X       Tilo                  0.194   gs1.gbe_imp/arptab_imp/N15
                                                       gs1.gbe_imp/arptab_imp/LOOKUP_HW_ADDR_mux0000<0>2
    SLICE_X31Y46.F2      net (fanout=96)       1.083   gs1.gbe_imp/arptab_imp/N15
    SLICE_X31Y46.CLK     Tfck                  0.555   gs1.gbe_imp/arptab_imp/LOOKUP_HW_ADDR<39>
                                                       gs1.gbe_imp/arptab_imp/LOOKUP_HW_ADDR_mux0000<39>1
                                                       gs1.gbe_imp/arptab_imp/LOOKUP_HW_ADDR_mux0000<39>_f5
                                                       gs1.gbe_imp/arptab_imp/LOOKUP_HW_ADDR_39
    -------------------------------------------------  ---------------------------
    Total                                      7.929ns (3.872ns logic, 4.057ns route)
                                                       (48.8% logic, 51.2% route)

--------------------------------------------------------------------------------
Slack (setup path):     0.082ns (requirement - (data path - clock path skew + uncertainty))
  Source:               gs1.gbe_imp/arptab_imp/arptab_dpram_imp/U0/xst_blk_mem_generator/gnativebmg.native_blk_mem_gen/valid.cstr/ramloop[0].ram.r/v4_noinit.ram/TRUE_DP.SINGLE_PRIM.TDP (RAM)
  Destination:          gs1.gbe_imp/arptab_imp/LOOKUP_HW_ADDR_39 (FF)
  Requirement:          8.000ns
  Data Path Delay:      7.918ns (Levels of Logic = 9)
  Clock Path Skew:      0.000ns
  Source Clock:         GMII_RXCLK rising at 0.000ns
  Destination Clock:    GMII_RXCLK rising at 8.000ns
  Clock Uncertainty:    0.000ns

  Maximum Data Path: gs1.gbe_imp/arptab_imp/arptab_dpram_imp/U0/xst_blk_mem_generator/gnativebmg.native_blk_mem_gen/valid.cstr/ramloop[0].ram.r/v4_noinit.ram/TRUE_DP.SINGLE_PRIM.TDP to gs1.gbe_imp/arptab_imp/LOOKUP_HW_ADDR_39
    Location             Delay type         Delay(ns)  Physical Resource
                                                       Logical Resource(s)
    -------------------------------------------------  -------------------
    RAMB16_X1Y8.DOA10    Trcko_DORA            2.100   gs1.gbe_imp/arptab_imp/arptab_dpram_imp/U0/xst_blk_mem_generator/gnativebmg.native_blk_mem_gen/valid.cstr/ramloop[0].ram.r/v4_noinit.ram/TRUE_DP.SINGLE_PRIM.TDP
                                                       gs1.gbe_imp/arptab_imp/arptab_dpram_imp/U0/xst_blk_mem_generator/gnativebmg.native_blk_mem_gen/valid.cstr/ramloop[0].ram.r/v4_noinit.ram/TRUE_DP.SINGLE_PRIM.TDP
    SLICE_X36Y63.G3      net (fanout=3)        0.944   gs1.gbe_imp/arptab_imp/DOUTA<11>
    SLICE_X36Y63.COUT    Topcyg                0.561   gs1.gbe_imp/udp_imp/dst_port<5>
                                                       gs1.gbe_imp/arptab_imp/Mcompar_STATE_cmp_eq0003_lut<5>
                                                       gs1.gbe_imp/arptab_imp/Mcompar_STATE_cmp_eq0003_cy<5>
    SLICE_X36Y64.CIN     net (fanout=1)        0.000   gs1.gbe_imp/arptab_imp/Mcompar_STATE_cmp_eq0003_cy<5>
    SLICE_X36Y64.COUT    Tbyp                  0.089   gs1.gbe_imp/udp_listen_ports<9>
                                                       gs1.gbe_imp/arptab_imp/Mcompar_STATE_cmp_eq0003_cy<6>
                                                       gs1.gbe_imp/arptab_imp/Mcompar_STATE_cmp_eq0003_cy<7>
    SLICE_X36Y65.CIN     net (fanout=1)        0.000   gs1.gbe_imp/arptab_imp/Mcompar_STATE_cmp_eq0003_cy<7>
    SLICE_X36Y65.COUT    Tbyp                  0.089   gs1.gbe_imp/arptab_imp/Mcompar_STATE_cmp_eq0003_cy<9>
                                                       gs1.gbe_imp/arptab_imp/Mcompar_STATE_cmp_eq0003_cy<8>
                                                       gs1.gbe_imp/arptab_imp/Mcompar_STATE_cmp_eq0003_cy<9>
    SLICE_X36Y66.CIN     net (fanout=1)        0.000   gs1.gbe_imp/arptab_imp/Mcompar_STATE_cmp_eq0003_cy<9>
    SLICE_X36Y66.COUT    Tbyp                  0.089   gs1.gbe_imp/arptab_imp/LATCHED_DOUTB<88>
                                                       gs1.gbe_imp/arptab_imp/Mcompar_STATE_cmp_eq0003_cy<10>
                                                       gs1.gbe_imp/arptab_imp/Mcompar_STATE_cmp_eq0003_cy<11>
    SLICE_X36Y67.CIN     net (fanout=1)        0.000   gs1.gbe_imp/arptab_imp/Mcompar_STATE_cmp_eq0003_cy<11>
    SLICE_X36Y67.COUT    Tbyp                  0.089   gs1.gbe_imp/udp_listen_ports<5>
                                                       gs1.gbe_imp/arptab_imp/Mcompar_STATE_cmp_eq0003_cy<12>
                                                       gs1.gbe_imp/arptab_imp/Mcompar_STATE_cmp_eq0003_cy<13>
    SLICE_X36Y68.CIN     net (fanout=1)        0.000   gs1.gbe_imp/arptab_imp/Mcompar_STATE_cmp_eq0003_cy<13>
    SLICE_X36Y68.COUT    Tbyp                  0.089   gs1.gbe_imp/arptab_imp/LATCHED_DOUTB<59>
                                                       gs1.gbe_imp/arptab_imp/Mcompar_STATE_cmp_eq0003_cy<14>
                                                       gs1.gbe_imp/arptab_imp/Mcompar_STATE_cmp_eq0003_cy<15>
    SLICE_X32Y65.F4      net (fanout=11)       1.079   gs1.gbe_imp/arptab_imp/Mcompar_STATE_cmp_eq0003_cy<15>
    SLICE_X32Y65.X       Tilo                  0.195   gs1.gbe_imp/arptab_imp/N401
                                                       gs1.gbe_imp/arptab_imp/LOOKUP_HW_ADDR_mux0000<0>211
    SLICE_X29Y50.F4      net (fanout=3)        0.762   gs1.gbe_imp/arptab_imp/N401
    SLICE_X29Y50.X       Tilo                  0.194   gs1.gbe_imp/arptab_imp/N15
                                                       gs1.gbe_imp/arptab_imp/LOOKUP_HW_ADDR_mux0000<0>2
    SLICE_X31Y46.F2      net (fanout=96)       1.083   gs1.gbe_imp/arptab_imp/N15
    SLICE_X31Y46.CLK     Tfck                  0.555   gs1.gbe_imp/arptab_imp/LOOKUP_HW_ADDR<39>
                                                       gs1.gbe_imp/arptab_imp/LOOKUP_HW_ADDR_mux0000<39>1
                                                       gs1.gbe_imp/arptab_imp/LOOKUP_HW_ADDR_mux0000<39>_f5
                                                       gs1.gbe_imp/arptab_imp/LOOKUP_HW_ADDR_39
    -------------------------------------------------  ---------------------------
    Total                                      7.918ns (4.050ns logic, 3.868ns route)
                                                       (51.1% logic, 48.9% route)

--------------------------------------------------------------------------------

Paths for end point gs1.gbe_imp/arptab_imp/LOOKUP_HW_ADDR_11 (SLICE_X30Y46.G2), 89 paths
--------------------------------------------------------------------------------
Slack (setup path):     0.046ns (requirement - (data path - clock path skew + uncertainty))
  Source:               gs1.gbe_imp/arptab_imp/arptab_dpram_imp/U0/xst_blk_mem_generator/gnativebmg.native_blk_mem_gen/valid.cstr/ramloop[0].ram.r/v4_noinit.ram/TRUE_DP.SINGLE_PRIM.TDP (RAM)
  Destination:          gs1.gbe_imp/arptab_imp/LOOKUP_HW_ADDR_11 (FF)
  Requirement:          8.000ns
  Data Path Delay:      7.954ns (Levels of Logic = 11)
  Clock Path Skew:      0.000ns
  Source Clock:         GMII_RXCLK rising at 0.000ns
  Destination Clock:    GMII_RXCLK rising at 8.000ns
  Clock Uncertainty:    0.000ns

  Maximum Data Path: gs1.gbe_imp/arptab_imp/arptab_dpram_imp/U0/xst_blk_mem_generator/gnativebmg.native_blk_mem_gen/valid.cstr/ramloop[0].ram.r/v4_noinit.ram/TRUE_DP.SINGLE_PRIM.TDP to gs1.gbe_imp/arptab_imp/LOOKUP_HW_ADDR_11
    Location             Delay type         Delay(ns)  Physical Resource
                                                       Logical Resource(s)
    -------------------------------------------------  -------------------
    RAMB16_X1Y8.DOA0     Trcko_DORA            2.100   gs1.gbe_imp/arptab_imp/arptab_dpram_imp/U0/xst_blk_mem_generator/gnativebmg.native_blk_mem_gen/valid.cstr/ramloop[0].ram.r/v4_noinit.ram/TRUE_DP.SINGLE_PRIM.TDP
                                                       gs1.gbe_imp/arptab_imp/arptab_dpram_imp/U0/xst_blk_mem_generator/gnativebmg.native_blk_mem_gen/valid.cstr/ramloop[0].ram.r/v4_noinit.ram/TRUE_DP.SINGLE_PRIM.TDP
    SLICE_X36Y61.F4      net (fanout=3)        0.793   gs1.gbe_imp/arptab_imp/DOUTA<0>
    SLICE_X36Y61.COUT    Topcyf                0.576   gs1.gbe_imp/arptab_imp/Mcompar_STATE_cmp_eq0003_cy<1>
                                                       gs1.gbe_imp/arptab_imp/Mcompar_STATE_cmp_eq0003_lut<0>
                                                       gs1.gbe_imp/arptab_imp/Mcompar_STATE_cmp_eq0003_cy<0>
                                                       gs1.gbe_imp/arptab_imp/Mcompar_STATE_cmp_eq0003_cy<1>
    SLICE_X36Y62.CIN     net (fanout=1)        0.000   gs1.gbe_imp/arptab_imp/Mcompar_STATE_cmp_eq0003_cy<1>
    SLICE_X36Y62.COUT    Tbyp                  0.089   gs1.gbe_imp/arptab_imp/Mcompar_STATE_cmp_eq0003_cy<3>
                                                       gs1.gbe_imp/arptab_imp/Mcompar_STATE_cmp_eq0003_cy<2>
                                                       gs1.gbe_imp/arptab_imp/Mcompar_STATE_cmp_eq0003_cy<3>
    SLICE_X36Y63.CIN     net (fanout=1)        0.000   gs1.gbe_imp/arptab_imp/Mcompar_STATE_cmp_eq0003_cy<3>
    SLICE_X36Y63.COUT    Tbyp                  0.089   gs1.gbe_imp/udp_imp/dst_port<5>
                                                       gs1.gbe_imp/arptab_imp/Mcompar_STATE_cmp_eq0003_cy<4>
                                                       gs1.gbe_imp/arptab_imp/Mcompar_STATE_cmp_eq0003_cy<5>
    SLICE_X36Y64.CIN     net (fanout=1)        0.000   gs1.gbe_imp/arptab_imp/Mcompar_STATE_cmp_eq0003_cy<5>
    SLICE_X36Y64.COUT    Tbyp                  0.089   gs1.gbe_imp/udp_listen_ports<9>
                                                       gs1.gbe_imp/arptab_imp/Mcompar_STATE_cmp_eq0003_cy<6>
                                                       gs1.gbe_imp/arptab_imp/Mcompar_STATE_cmp_eq0003_cy<7>
    SLICE_X36Y65.CIN     net (fanout=1)        0.000   gs1.gbe_imp/arptab_imp/Mcompar_STATE_cmp_eq0003_cy<7>
    SLICE_X36Y65.COUT    Tbyp                  0.089   gs1.gbe_imp/arptab_imp/Mcompar_STATE_cmp_eq0003_cy<9>
                                                       gs1.gbe_imp/arptab_imp/Mcompar_STATE_cmp_eq0003_cy<8>
                                                       gs1.gbe_imp/arptab_imp/Mcompar_STATE_cmp_eq0003_cy<9>
    SLICE_X36Y66.CIN     net (fanout=1)        0.000   gs1.gbe_imp/arptab_imp/Mcompar_STATE_cmp_eq0003_cy<9>
    SLICE_X36Y66.COUT    Tbyp                  0.089   gs1.gbe_imp/arptab_imp/LATCHED_DOUTB<88>
                                                       gs1.gbe_imp/arptab_imp/Mcompar_STATE_cmp_eq0003_cy<10>
                                                       gs1.gbe_imp/arptab_imp/Mcompar_STATE_cmp_eq0003_cy<11>
    SLICE_X36Y67.CIN     net (fanout=1)        0.000   gs1.gbe_imp/arptab_imp/Mcompar_STATE_cmp_eq0003_cy<11>
    SLICE_X36Y67.COUT    Tbyp                  0.089   gs1.gbe_imp/udp_listen_ports<5>
                                                       gs1.gbe_imp/arptab_imp/Mcompar_STATE_cmp_eq0003_cy<12>
                                                       gs1.gbe_imp/arptab_imp/Mcompar_STATE_cmp_eq0003_cy<13>
    SLICE_X36Y68.CIN     net (fanout=1)        0.000   gs1.gbe_imp/arptab_imp/Mcompar_STATE_cmp_eq0003_cy<13>
    SLICE_X36Y68.COUT    Tbyp                  0.089   gs1.gbe_imp/arptab_imp/LATCHED_DOUTB<59>
                                                       gs1.gbe_imp/arptab_imp/Mcompar_STATE_cmp_eq0003_cy<14>
                                                       gs1.gbe_imp/arptab_imp/Mcompar_STATE_cmp_eq0003_cy<15>
    SLICE_X32Y65.F4      net (fanout=11)       1.079   gs1.gbe_imp/arptab_imp/Mcompar_STATE_cmp_eq0003_cy<15>
    SLICE_X32Y65.X       Tilo                  0.195   gs1.gbe_imp/arptab_imp/N401
                                                       gs1.gbe_imp/arptab_imp/LOOKUP_HW_ADDR_mux0000<0>211
    SLICE_X29Y50.F4      net (fanout=3)        0.762   gs1.gbe_imp/arptab_imp/N401
    SLICE_X29Y50.X       Tilo                  0.194   gs1.gbe_imp/arptab_imp/N15
                                                       gs1.gbe_imp/arptab_imp/LOOKUP_HW_ADDR_mux0000<0>2
    SLICE_X30Y46.G2      net (fanout=96)       1.084   gs1.gbe_imp/arptab_imp/N15
    SLICE_X30Y46.CLK     Tgck                  0.548   gs1.gbe_imp/arptab_imp/LOOKUP_HW_ADDR<11>
                                                       gs1.gbe_imp/arptab_imp/LOOKUP_HW_ADDR_mux0000<11>2
                                                       gs1.gbe_imp/arptab_imp/LOOKUP_HW_ADDR_mux0000<11>_f5
                                                       gs1.gbe_imp/arptab_imp/LOOKUP_HW_ADDR_11
    -------------------------------------------------  ---------------------------
    Total                                      7.954ns (4.236ns logic, 3.718ns route)
                                                       (53.3% logic, 46.7% route)

--------------------------------------------------------------------------------
Slack (setup path):     0.077ns (requirement - (data path - clock path skew + uncertainty))
  Source:               gs1.gbe_imp/arptab_imp/arptab_dpram_imp/U0/xst_blk_mem_generator/gnativebmg.native_blk_mem_gen/valid.cstr/ramloop[0].ram.r/v4_noinit.ram/TRUE_DP.SINGLE_PRIM.TDP (RAM)
  Destination:          gs1.gbe_imp/arptab_imp/LOOKUP_HW_ADDR_11 (FF)
  Requirement:          8.000ns
  Data Path Delay:      7.923ns (Levels of Logic = 7)
  Clock Path Skew:      0.000ns
  Source Clock:         GMII_RXCLK rising at 0.000ns
  Destination Clock:    GMII_RXCLK rising at 8.000ns
  Clock Uncertainty:    0.000ns

  Maximum Data Path: gs1.gbe_imp/arptab_imp/arptab_dpram_imp/U0/xst_blk_mem_generator/gnativebmg.native_blk_mem_gen/valid.cstr/ramloop[0].ram.r/v4_noinit.ram/TRUE_DP.SINGLE_PRIM.TDP to gs1.gbe_imp/arptab_imp/LOOKUP_HW_ADDR_11
    Location             Delay type         Delay(ns)  Physical Resource
                                                       Logical Resource(s)
    -------------------------------------------------  -------------------
    RAMB16_X1Y8.DOA17    Trcko_DORA            2.100   gs1.gbe_imp/arptab_imp/arptab_dpram_imp/U0/xst_blk_mem_generator/gnativebmg.native_blk_mem_gen/valid.cstr/ramloop[0].ram.r/v4_noinit.ram/TRUE_DP.SINGLE_PRIM.TDP
                                                       gs1.gbe_imp/arptab_imp/arptab_dpram_imp/U0/xst_blk_mem_generator/gnativebmg.native_blk_mem_gen/valid.cstr/ramloop[0].ram.r/v4_noinit.ram/TRUE_DP.SINGLE_PRIM.TDP
    SLICE_X36Y65.G3      net (fanout=3)        1.133   gs1.gbe_imp/arptab_imp/DOUTA<19>
    SLICE_X36Y65.COUT    Topcyg                0.561   gs1.gbe_imp/arptab_imp/Mcompar_STATE_cmp_eq0003_cy<9>
                                                       gs1.gbe_imp/arptab_imp/Mcompar_STATE_cmp_eq0003_lut<9>
                                                       gs1.gbe_imp/arptab_imp/Mcompar_STATE_cmp_eq0003_cy<9>
    SLICE_X36Y66.CIN     net (fanout=1)        0.000   gs1.gbe_imp/arptab_imp/Mcompar_STATE_cmp_eq0003_cy<9>
    SLICE_X36Y66.COUT    Tbyp                  0.089   gs1.gbe_imp/arptab_imp/LATCHED_DOUTB<88>
                                                       gs1.gbe_imp/arptab_imp/Mcompar_STATE_cmp_eq0003_cy<10>
                                                       gs1.gbe_imp/arptab_imp/Mcompar_STATE_cmp_eq0003_cy<11>
    SLICE_X36Y67.CIN     net (fanout=1)        0.000   gs1.gbe_imp/arptab_imp/Mcompar_STATE_cmp_eq0003_cy<11>
    SLICE_X36Y67.COUT    Tbyp                  0.089   gs1.gbe_imp/udp_listen_ports<5>
                                                       gs1.gbe_imp/arptab_imp/Mcompar_STATE_cmp_eq0003_cy<12>
                                                       gs1.gbe_imp/arptab_imp/Mcompar_STATE_cmp_eq0003_cy<13>
    SLICE_X36Y68.CIN     net (fanout=1)        0.000   gs1.gbe_imp/arptab_imp/Mcompar_STATE_cmp_eq0003_cy<13>
    SLICE_X36Y68.COUT    Tbyp                  0.089   gs1.gbe_imp/arptab_imp/LATCHED_DOUTB<59>
                                                       gs1.gbe_imp/arptab_imp/Mcompar_STATE_cmp_eq0003_cy<14>
                                                       gs1.gbe_imp/arptab_imp/Mcompar_STATE_cmp_eq0003_cy<15>
    SLICE_X32Y65.F4      net (fanout=11)       1.079   gs1.gbe_imp/arptab_imp/Mcompar_STATE_cmp_eq0003_cy<15>
    SLICE_X32Y65.X       Tilo                  0.195   gs1.gbe_imp/arptab_imp/N401
                                                       gs1.gbe_imp/arptab_imp/LOOKUP_HW_ADDR_mux0000<0>211
    SLICE_X29Y50.F4      net (fanout=3)        0.762   gs1.gbe_imp/arptab_imp/N401
    SLICE_X29Y50.X       Tilo                  0.194   gs1.gbe_imp/arptab_imp/N15
                                                       gs1.gbe_imp/arptab_imp/LOOKUP_HW_ADDR_mux0000<0>2
    SLICE_X30Y46.G2      net (fanout=96)       1.084   gs1.gbe_imp/arptab_imp/N15
    SLICE_X30Y46.CLK     Tgck                  0.548   gs1.gbe_imp/arptab_imp/LOOKUP_HW_ADDR<11>
                                                       gs1.gbe_imp/arptab_imp/LOOKUP_HW_ADDR_mux0000<11>2
                                                       gs1.gbe_imp/arptab_imp/LOOKUP_HW_ADDR_mux0000<11>_f5
                                                       gs1.gbe_imp/arptab_imp/LOOKUP_HW_ADDR_11
    -------------------------------------------------  ---------------------------
    Total                                      7.923ns (3.865ns logic, 4.058ns route)
                                                       (48.8% logic, 51.2% route)

--------------------------------------------------------------------------------
Slack (setup path):     0.088ns (requirement - (data path - clock path skew + uncertainty))
  Source:               gs1.gbe_imp/arptab_imp/arptab_dpram_imp/U0/xst_blk_mem_generator/gnativebmg.native_blk_mem_gen/valid.cstr/ramloop[0].ram.r/v4_noinit.ram/TRUE_DP.SINGLE_PRIM.TDP (RAM)
  Destination:          gs1.gbe_imp/arptab_imp/LOOKUP_HW_ADDR_11 (FF)
  Requirement:          8.000ns
  Data Path Delay:      7.912ns (Levels of Logic = 9)
  Clock Path Skew:      0.000ns
  Source Clock:         GMII_RXCLK rising at 0.000ns
  Destination Clock:    GMII_RXCLK rising at 8.000ns
  Clock Uncertainty:    0.000ns

  Maximum Data Path: gs1.gbe_imp/arptab_imp/arptab_dpram_imp/U0/xst_blk_mem_generator/gnativebmg.native_blk_mem_gen/valid.cstr/ramloop[0].ram.r/v4_noinit.ram/TRUE_DP.SINGLE_PRIM.TDP to gs1.gbe_imp/arptab_imp/LOOKUP_HW_ADDR_11
    Location             Delay type         Delay(ns)  Physical Resource
                                                       Logical Resource(s)
    -------------------------------------------------  -------------------
    RAMB16_X1Y8.DOA10    Trcko_DORA            2.100   gs1.gbe_imp/arptab_imp/arptab_dpram_imp/U0/xst_blk_mem_generator/gnativebmg.native_blk_mem_gen/valid.cstr/ramloop[0].ram.r/v4_noinit.ram/TRUE_DP.SINGLE_PRIM.TDP
                                                       gs1.gbe_imp/arptab_imp/arptab_dpram_imp/U0/xst_blk_mem_generator/gnativebmg.native_blk_mem_gen/valid.cstr/ramloop[0].ram.r/v4_noinit.ram/TRUE_DP.SINGLE_PRIM.TDP
    SLICE_X36Y63.G3      net (fanout=3)        0.944   gs1.gbe_imp/arptab_imp/DOUTA<11>
    SLICE_X36Y63.COUT    Topcyg                0.561   gs1.gbe_imp/udp_imp/dst_port<5>
                                                       gs1.gbe_imp/arptab_imp/Mcompar_STATE_cmp_eq0003_lut<5>
                                                       gs1.gbe_imp/arptab_imp/Mcompar_STATE_cmp_eq0003_cy<5>
    SLICE_X36Y64.CIN     net (fanout=1)        0.000   gs1.gbe_imp/arptab_imp/Mcompar_STATE_cmp_eq0003_cy<5>
    SLICE_X36Y64.COUT    Tbyp                  0.089   gs1.gbe_imp/udp_listen_ports<9>
                                                       gs1.gbe_imp/arptab_imp/Mcompar_STATE_cmp_eq0003_cy<6>
                                                       gs1.gbe_imp/arptab_imp/Mcompar_STATE_cmp_eq0003_cy<7>
    SLICE_X36Y65.CIN     net (fanout=1)        0.000   gs1.gbe_imp/arptab_imp/Mcompar_STATE_cmp_eq0003_cy<7>
    SLICE_X36Y65.COUT    Tbyp                  0.089   gs1.gbe_imp/arptab_imp/Mcompar_STATE_cmp_eq0003_cy<9>
                                                       gs1.gbe_imp/arptab_imp/Mcompar_STATE_cmp_eq0003_cy<8>
                                                       gs1.gbe_imp/arptab_imp/Mcompar_STATE_cmp_eq0003_cy<9>
    SLICE_X36Y66.CIN     net (fanout=1)        0.000   gs1.gbe_imp/arptab_imp/Mcompar_STATE_cmp_eq0003_cy<9>
    SLICE_X36Y66.COUT    Tbyp                  0.089   gs1.gbe_imp/arptab_imp/LATCHED_DOUTB<88>
                                                       gs1.gbe_imp/arptab_imp/Mcompar_STATE_cmp_eq0003_cy<10>
                                                       gs1.gbe_imp/arptab_imp/Mcompar_STATE_cmp_eq0003_cy<11>
    SLICE_X36Y67.CIN     net (fanout=1)        0.000   gs1.gbe_imp/arptab_imp/Mcompar_STATE_cmp_eq0003_cy<11>
    SLICE_X36Y67.COUT    Tbyp                  0.089   gs1.gbe_imp/udp_listen_ports<5>
                                                       gs1.gbe_imp/arptab_imp/Mcompar_STATE_cmp_eq0003_cy<12>
                                                       gs1.gbe_imp/arptab_imp/Mcompar_STATE_cmp_eq0003_cy<13>
    SLICE_X36Y68.CIN     net (fanout=1)        0.000   gs1.gbe_imp/arptab_imp/Mcompar_STATE_cmp_eq0003_cy<13>
    SLICE_X36Y68.COUT    Tbyp                  0.089   gs1.gbe_imp/arptab_imp/LATCHED_DOUTB<59>
                                                       gs1.gbe_imp/arptab_imp/Mcompar_STATE_cmp_eq0003_cy<14>
                                                       gs1.gbe_imp/arptab_imp/Mcompar_STATE_cmp_eq0003_cy<15>
    SLICE_X32Y65.F4      net (fanout=11)       1.079   gs1.gbe_imp/arptab_imp/Mcompar_STATE_cmp_eq0003_cy<15>
    SLICE_X32Y65.X       Tilo                  0.195   gs1.gbe_imp/arptab_imp/N401
                                                       gs1.gbe_imp/arptab_imp/LOOKUP_HW_ADDR_mux0000<0>211
    SLICE_X29Y50.F4      net (fanout=3)        0.762   gs1.gbe_imp/arptab_imp/N401
    SLICE_X29Y50.X       Tilo                  0.194   gs1.gbe_imp/arptab_imp/N15
                                                       gs1.gbe_imp/arptab_imp/LOOKUP_HW_ADDR_mux0000<0>2
    SLICE_X30Y46.G2      net (fanout=96)       1.084   gs1.gbe_imp/arptab_imp/N15
    SLICE_X30Y46.CLK     Tgck                  0.548   gs1.gbe_imp/arptab_imp/LOOKUP_HW_ADDR<11>
                                                       gs1.gbe_imp/arptab_imp/LOOKUP_HW_ADDR_mux0000<11>2
                                                       gs1.gbe_imp/arptab_imp/LOOKUP_HW_ADDR_mux0000<11>_f5
                                                       gs1.gbe_imp/arptab_imp/LOOKUP_HW_ADDR_11
    -------------------------------------------------  ---------------------------
    Total                                      7.912ns (4.043ns logic, 3.869ns route)
                                                       (51.1% logic, 48.9% route)

--------------------------------------------------------------------------------

Hold Paths: TS_RXCLK = PERIOD TIMEGRP "TN_RXCLK" 8 ns HIGH 50%;
--------------------------------------------------------------------------------

Paths for end point gs1.gbe_imp/arptab_imp/arptab_dpram_imp/U0/xst_blk_mem_generator/gnativebmg.native_blk_mem_gen/valid.cstr/ramloop[1].ram.r/v4_noinit.ram/TRUE_DP.SINGLE_PRIM.TDP (RAMB16_X1Y7.DIA17), 1 path
--------------------------------------------------------------------------------
Slack (hold path):      0.429ns (requirement - (clock path skew + uncertainty - data path))
  Source:               gs1.gbe_imp/arptab_imp/DINA_55 (FF)
  Destination:          gs1.gbe_imp/arptab_imp/arptab_dpram_imp/U0/xst_blk_mem_generator/gnativebmg.native_blk_mem_gen/valid.cstr/ramloop[1].ram.r/v4_noinit.ram/TRUE_DP.SINGLE_PRIM.TDP (RAM)
  Requirement:          0.000ns
  Data Path Delay:      0.365ns (Levels of Logic = 0)
  Clock Path Skew:      -0.064ns (0.871 - 0.935)
  Source Clock:         GMII_RXCLK rising at 8.000ns
  Destination Clock:    GMII_RXCLK rising at 8.000ns
  Clock Uncertainty:    0.000ns

  Minimum Data Path: gs1.gbe_imp/arptab_imp/DINA_55 to gs1.gbe_imp/arptab_imp/arptab_dpram_imp/U0/xst_blk_mem_generator/gnativebmg.native_blk_mem_gen/valid.cstr/ramloop[1].ram.r/v4_noinit.ram/TRUE_DP.SINGLE_PRIM.TDP
    Location             Delay type         Delay(ns)  Physical Resource
                                                       Logical Resource(s)
    -------------------------------------------------  -------------------
    SLICE_X38Y55.XQ      Tcko                  0.331   gs1.gbe_imp/arptab_imp/DINA<55>
                                                       gs1.gbe_imp/arptab_imp/DINA_55
    RAMB16_X1Y7.DIA17    net (fanout=3)        0.356   gs1.gbe_imp/arptab_imp/DINA<55>
    RAMB16_X1Y7.CLKA     Trckd_DIA   (-Th)     0.322   gs1.gbe_imp/arptab_imp/arptab_dpram_imp/U0/xst_blk_mem_generator/gnativebmg.native_blk_mem_gen/valid.cstr/ramloop[1].ram.r/v4_noinit.ram/TRUE_DP.SINGLE_PRIM.TDP
                                                       gs1.gbe_imp/arptab_imp/arptab_dpram_imp/U0/xst_blk_mem_generator/gnativebmg.native_blk_mem_gen/valid.cstr/ramloop[1].ram.r/v4_noinit.ram/TRUE_DP.SINGLE_PRIM.TDP
    -------------------------------------------------  ---------------------------
    Total                                      0.365ns (0.009ns logic, 0.356ns route)
                                                       (2.5% logic, 97.5% route)

--------------------------------------------------------------------------------

Paths for end point gs1.gbe_imp/icmprep_imp/ipbuf_imp/ipfb_imp/U0/xst_fifo_generator/gconvfifo.rf/grf.rf/gntv_or_sync_fifo.mem/gbm.gbmg.gbmga.ngecc.bmg/gnativebmg.native_blk_mem_gen/valid.cstr/ramloop[0].ram.r/v4_noinit.ram/SDP.SINGLE_PRIM.SDP (RAMB16_X1Y1.ADDRA12), 1 path
--------------------------------------------------------------------------------
Slack (hold path):      0.447ns (requirement - (clock path skew + uncertainty - data path))
  Source:               gs1.gbe_imp/icmprep_imp/ipbuf_imp/ipfb_imp/U0/xst_fifo_generator/gconvfifo.rf/grf.rf/gntv_or_sync_fifo.gl0.wr/wpntr/count_d2_9 (FF)
  Destination:          gs1.gbe_imp/icmprep_imp/ipbuf_imp/ipfb_imp/U0/xst_fifo_generator/gconvfifo.rf/grf.rf/gntv_or_sync_fifo.mem/gbm.gbmg.gbmga.ngecc.bmg/gnativebmg.native_blk_mem_gen/valid.cstr/ramloop[0].ram.r/v4_noinit.ram/SDP.SINGLE_PRIM.SDP (RAM)
  Requirement:          0.000ns
  Data Path Delay:      0.377ns (Levels of Logic = 0)
  Clock Path Skew:      -0.070ns (0.867 - 0.937)
  Source Clock:         GMII_RXCLK rising at 8.000ns
  Destination Clock:    GMII_RXCLK rising at 8.000ns
  Clock Uncertainty:    0.000ns

  Minimum Data Path: gs1.gbe_imp/icmprep_imp/ipbuf_imp/ipfb_imp/U0/xst_fifo_generator/gconvfifo.rf/grf.rf/gntv_or_sync_fifo.gl0.wr/wpntr/count_d2_9 to gs1.gbe_imp/icmprep_imp/ipbuf_imp/ipfb_imp/U0/xst_fifo_generator/gconvfifo.rf/grf.rf/gntv_or_sync_fifo.mem/gbm.gbmg.gbmga.ngecc.bmg/gnativebmg.native_blk_mem_gen/valid.cstr/ramloop[0].ram.r/v4_noinit.ram/SDP.SINGLE_PRIM.SDP
    Location             Delay type         Delay(ns)  Physical Resource
                                                       Logical Resource(s)
    -------------------------------------------------  -------------------
    SLICE_X41Y12.YQ      Tcko                  0.313   gs1.gbe_imp/icmprep_imp/ipbuf_imp/ipfb_imp/U0/xst_fifo_generator/gconvfifo.rf/grf.rf/gntv_or_sync_fifo.gl0.wr/wpntr/count_d2<8>
                                                       gs1.gbe_imp/icmprep_imp/ipbuf_imp/ipfb_imp/U0/xst_fifo_generator/gconvfifo.rf/grf.rf/gntv_or_sync_fifo.gl0.wr/wpntr/count_d2_9
    RAMB16_X1Y1.ADDRA12  net (fanout=3)        0.386   gs1.gbe_imp/icmprep_imp/ipbuf_imp/ipfb_imp/U0/xst_fifo_generator/gconvfifo.rf/grf.rf/gntv_or_sync_fifo.gl0.wr/wpntr/count_d2<9>
    RAMB16_X1Y1.CLKA     Trckc_ADDRA (-Th)     0.322   gs1.gbe_imp/icmprep_imp/ipbuf_imp/ipfb_imp/U0/xst_fifo_generator/gconvfifo.rf/grf.rf/gntv_or_sync_fifo.mem/gbm.gbmg.gbmga.ngecc.bmg/gnativebmg.native_blk_mem_gen/valid.cstr/ramloop[0].ram.r/v4_noinit.ram/SDP.SINGLE_PRIM.SDP
                                                       gs1.gbe_imp/icmprep_imp/ipbuf_imp/ipfb_imp/U0/xst_fifo_generator/gconvfifo.rf/grf.rf/gntv_or_sync_fifo.mem/gbm.gbmg.gbmga.ngecc.bmg/gnativebmg.native_blk_mem_gen/valid.cstr/ramloop[0].ram.r/v4_noinit.ram/SDP.SINGLE_PRIM.SDP
    -------------------------------------------------  ---------------------------
    Total                                      0.377ns (-0.009ns logic, 0.386ns route)
                                                       (-2.4% logic, 102.4% route)

--------------------------------------------------------------------------------

Paths for end point gs1.gbe_imp/icmprep_imp/ipbuf_imp/ipfb_imp/U0/xst_fifo_generator/gconvfifo.rf/grf.rf/gntv_or_sync_fifo.mem/gbm.gbmg.gbmga.ngecc.bmg/gnativebmg.native_blk_mem_gen/valid.cstr/ramloop[0].ram.r/v4_noinit.ram/SDP.SINGLE_PRIM.SDP (RAMB16_X1Y1.ADDRA8), 1 path
--------------------------------------------------------------------------------
Slack (hold path):      0.452ns (requirement - (clock path skew + uncertainty - data path))
  Source:               gs1.gbe_imp/icmprep_imp/ipbuf_imp/ipfb_imp/U0/xst_fifo_generator/gconvfifo.rf/grf.rf/gntv_or_sync_fifo.gl0.wr/wpntr/count_d2_5 (FF)
  Destination:          gs1.gbe_imp/icmprep_imp/ipbuf_imp/ipfb_imp/U0/xst_fifo_generator/gconvfifo.rf/grf.rf/gntv_or_sync_fifo.mem/gbm.gbmg.gbmga.ngecc.bmg/gnativebmg.native_blk_mem_gen/valid.cstr/ramloop[0].ram.r/v4_noinit.ram/SDP.SINGLE_PRIM.SDP (RAM)
  Requirement:          0.000ns
  Data Path Delay:      0.377ns (Levels of Logic = 0)
  Clock Path Skew:      -0.075ns (0.867 - 0.942)
  Source Clock:         GMII_RXCLK rising at 8.000ns
  Destination Clock:    GMII_RXCLK rising at 8.000ns
  Clock Uncertainty:    0.000ns

  Minimum Data Path: gs1.gbe_imp/icmprep_imp/ipbuf_imp/ipfb_imp/U0/xst_fifo_generator/gconvfifo.rf/grf.rf/gntv_or_sync_fifo.gl0.wr/wpntr/count_d2_5 to gs1.gbe_imp/icmprep_imp/ipbuf_imp/ipfb_imp/U0/xst_fifo_generator/gconvfifo.rf/grf.rf/gntv_or_sync_fifo.mem/gbm.gbmg.gbmga.ngecc.bmg/gnativebmg.native_blk_mem_gen/valid.cstr/ramloop[0].ram.r/v4_noinit.ram/SDP.SINGLE_PRIM.SDP
    Location             Delay type         Delay(ns)  Physical Resource
                                                       Logical Resource(s)
    -------------------------------------------------  -------------------
    SLICE_X41Y11.YQ      Tcko                  0.313   gs1.gbe_imp/icmprep_imp/ipbuf_imp/ipfb_imp/U0/xst_fifo_generator/gconvfifo.rf/grf.rf/gntv_or_sync_fifo.gl0.wr/wpntr/count_d2<5>
                                                       gs1.gbe_imp/icmprep_imp/ipbuf_imp/ipfb_imp/U0/xst_fifo_generator/gconvfifo.rf/grf.rf/gntv_or_sync_fifo.gl0.wr/wpntr/count_d2_5
    RAMB16_X1Y1.ADDRA8   net (fanout=3)        0.386   gs1.gbe_imp/icmprep_imp/ipbuf_imp/ipfb_imp/U0/xst_fifo_generator/gconvfifo.rf/grf.rf/gntv_or_sync_fifo.gl0.wr/wpntr/count_d2<5>
    RAMB16_X1Y1.CLKA     Trckc_ADDRA (-Th)     0.322   gs1.gbe_imp/icmprep_imp/ipbuf_imp/ipfb_imp/U0/xst_fifo_generator/gconvfifo.rf/grf.rf/gntv_or_sync_fifo.mem/gbm.gbmg.gbmga.ngecc.bmg/gnativebmg.native_blk_mem_gen/valid.cstr/ramloop[0].ram.r/v4_noinit.ram/SDP.SINGLE_PRIM.SDP
                                                       gs1.gbe_imp/icmprep_imp/ipbuf_imp/ipfb_imp/U0/xst_fifo_generator/gconvfifo.rf/grf.rf/gntv_or_sync_fifo.mem/gbm.gbmg.gbmga.ngecc.bmg/gnativebmg.native_blk_mem_gen/valid.cstr/ramloop[0].ram.r/v4_noinit.ram/SDP.SINGLE_PRIM.SDP
    -------------------------------------------------  ---------------------------
    Total                                      0.377ns (-0.009ns logic, 0.386ns route)
                                                       (-2.4% logic, 102.4% route)

--------------------------------------------------------------------------------

Component Switching Limit Checks: TS_RXCLK = PERIOD TIMEGRP "TN_RXCLK" 8 ns HIGH 50%;
--------------------------------------------------------------------------------
Slack: 5.500ns (period - min period limit)
  Period: 8.000ns
  Min period limit: 2.500ns (400.000MHz) (Trper_CLKA)
  Physical resource: gs1.gbe_imp/udpfb[1].udpfb_imp/U0/xst_fifo_generator/gconvfifo.rf/grf.rf/gntv_or_sync_fifo.mem/gbm.gbmg.gbmga.ngecc.bmg/gnativebmg.native_blk_mem_gen/valid.cstr/ramloop[0].ram.r/v4_noinit.ram/SDP.SINGLE_PRIM.SDP/CLKA
  Logical resource: gs1.gbe_imp/udpfb[1].udpfb_imp/U0/xst_fifo_generator/gconvfifo.rf/grf.rf/gntv_or_sync_fifo.mem/gbm.gbmg.gbmga.ngecc.bmg/gnativebmg.native_blk_mem_gen/valid.cstr/ramloop[0].ram.r/v4_noinit.ram/SDP.SINGLE_PRIM.SDP/CLKA
  Location pin: RAMB16_X2Y7.CLKA
  Clock network: GMII_RXCLK
--------------------------------------------------------------------------------
Slack: 5.500ns (period - min period limit)
  Period: 8.000ns
  Min period limit: 2.500ns (400.000MHz) (Trper_CLKA)
  Physical resource: gs1.gbe_imp/udpfb[0].udpfb_imp/U0/xst_fifo_generator/gconvfifo.rf/grf.rf/gntv_or_sync_fifo.mem/gbm.gbmg.gbmga.ngecc.bmg/gnativebmg.native_blk_mem_gen/valid.cstr/ramloop[0].ram.r/v4_noinit.ram/SDP.SINGLE_PRIM.SDP/CLKA
  Logical resource: gs1.gbe_imp/udpfb[0].udpfb_imp/U0/xst_fifo_generator/gconvfifo.rf/grf.rf/gntv_or_sync_fifo.mem/gbm.gbmg.gbmga.ngecc.bmg/gnativebmg.native_blk_mem_gen/valid.cstr/ramloop[0].ram.r/v4_noinit.ram/SDP.SINGLE_PRIM.SDP/CLKA
  Location pin: RAMB16_X2Y6.CLKA
  Clock network: GMII_RXCLK
--------------------------------------------------------------------------------
Slack: 5.500ns (period - min period limit)
  Period: 8.000ns
  Min period limit: 2.500ns (400.000MHz) (Trper_CLKA)
  Physical resource: gs1.gbe_imp/txfb_imp/U0/xst_fifo_generator/gconvfifo.rf/grf.rf/gntv_or_sync_fifo.mem/gbm.gbmg.gbmga.ngecc.bmg/gnativebmg.native_blk_mem_gen/valid.cstr/ramloop[0].ram.r/v4_noinit.ram/SDP.SINGLE_PRIM.SDP/CLKA
  Logical resource: gs1.gbe_imp/txfb_imp/U0/xst_fifo_generator/gconvfifo.rf/grf.rf/gntv_or_sync_fifo.mem/gbm.gbmg.gbmga.ngecc.bmg/gnativebmg.native_blk_mem_gen/valid.cstr/ramloop[0].ram.r/v4_noinit.ram/SDP.SINGLE_PRIM.SDP/CLKA
  Location pin: RAMB16_X0Y2.CLKA
  Clock network: GMII_RXCLK
--------------------------------------------------------------------------------

================================================================================
Timing constraint: TS_TLK_RXCLK_PAD = PERIOD TIMEGRP "TLK_RXCLK_PAD" 8 ns HIGH 
50%;
For more information, see Period Analysis in the Timing Closure User Guide (UG612).

 2309 paths analyzed, 581 endpoints analyzed, 0 failing endpoints
 0 timing errors detected. (0 setup errors, 0 hold errors, 0 component switching limit errors)
 Minimum period is   7.614ns.
--------------------------------------------------------------------------------

Paths for end point tlk_imp/tlk_rxcount_2 (SLICE_X25Y162.SR), 3 paths
--------------------------------------------------------------------------------
Slack (setup path):     0.193ns (requirement - (data path - clock path skew + uncertainty))
  Source:               tlk_imp/reset_counters (FF)
  Destination:          tlk_imp/tlk_rxcount_2 (FF)
  Requirement:          4.000ns
  Data Path Delay:      3.807ns (Levels of Logic = 1)
  Clock Path Skew:      0.000ns
  Source Clock:         TLK_RXCLK falling at 4.000ns
  Destination Clock:    TLK_RXCLK rising at 8.000ns
  Clock Uncertainty:    0.000ns

  Maximum Data Path: tlk_imp/reset_counters to tlk_imp/tlk_rxcount_2
    Location             Delay type         Delay(ns)  Physical Resource
                                                       Logical Resource(s)
    -------------------------------------------------  -------------------
    SLICE_X28Y175.YQ     Tcko                  0.307   tlk_imp/reset_counters
                                                       tlk_imp/reset_counters
    SLICE_X22Y170.G1     net (fanout=49)       1.349   tlk_imp/reset_counters
    SLICE_X22Y170.Y      Tilo                  0.195   tlk_imp/rxsb_imp/U0/xst_fifo_generator/gconvfifo.rf/grf.rf/rstblk/RST_FULL_GEN
                                                       tlk_imp/tlk_rxcount_and00001
    SLICE_X25Y162.SR     net (fanout=16)       0.919   tlk_imp/tlk_rxcount_and0000
    SLICE_X25Y162.CLK    Tsrck                 1.037   tlk_imp/tlk_rxcount<2>
                                                       tlk_imp/tlk_rxcount_2
    -------------------------------------------------  ---------------------------
    Total                                      3.807ns (1.539ns logic, 2.268ns route)
                                                       (40.4% logic, 59.6% route)

--------------------------------------------------------------------------------
Slack (setup path):     4.534ns (requirement - (data path - clock path skew + uncertainty))
  Source:               tlk_imp/r_rxer (FF)
  Destination:          tlk_imp/tlk_rxcount_2 (FF)
  Requirement:          8.000ns
  Data Path Delay:      3.466ns (Levels of Logic = 1)
  Clock Path Skew:      0.000ns
  Source Clock:         TLK_RXCLK rising at 0.000ns
  Destination Clock:    TLK_RXCLK rising at 8.000ns
  Clock Uncertainty:    0.000ns

  Maximum Data Path: tlk_imp/r_rxer to tlk_imp/tlk_rxcount_2
    Location             Delay type         Delay(ns)  Physical Resource
                                                       Logical Resource(s)
    -------------------------------------------------  -------------------
    SLICE_X26Y165.YQ     Tcko                  0.360   tlk_imp/r_rxer
                                                       tlk_imp/r_rxer
    SLICE_X22Y170.G2     net (fanout=4)        0.955   tlk_imp/r_rxer
    SLICE_X22Y170.Y      Tilo                  0.195   tlk_imp/rxsb_imp/U0/xst_fifo_generator/gconvfifo.rf/grf.rf/rstblk/RST_FULL_GEN
                                                       tlk_imp/tlk_rxcount_and00001
    SLICE_X25Y162.SR     net (fanout=16)       0.919   tlk_imp/tlk_rxcount_and0000
    SLICE_X25Y162.CLK    Tsrck                 1.037   tlk_imp/tlk_rxcount<2>
                                                       tlk_imp/tlk_rxcount_2
    -------------------------------------------------  ---------------------------
    Total                                      3.466ns (1.592ns logic, 1.874ns route)
                                                       (45.9% logic, 54.1% route)

--------------------------------------------------------------------------------
Slack (setup path):     4.663ns (requirement - (data path - clock path skew + uncertainty))
  Source:               tlk_imp/r_rxdv (FF)
  Destination:          tlk_imp/tlk_rxcount_2 (FF)
  Requirement:          8.000ns
  Data Path Delay:      3.337ns (Levels of Logic = 1)
  Clock Path Skew:      0.000ns
  Source Clock:         TLK_RXCLK rising at 0.000ns
  Destination Clock:    TLK_RXCLK rising at 8.000ns
  Clock Uncertainty:    0.000ns

  Maximum Data Path: tlk_imp/r_rxdv to tlk_imp/tlk_rxcount_2
    Location             Delay type         Delay(ns)  Physical Resource
                                                       Logical Resource(s)
    -------------------------------------------------  -------------------
    SLICE_X23Y158.YQ     Tcko                  0.340   tlk_imp/r_rxdv
                                                       tlk_imp/r_rxdv
    SLICE_X22Y170.G4     net (fanout=5)        0.846   tlk_imp/r_rxdv
    SLICE_X22Y170.Y      Tilo                  0.195   tlk_imp/rxsb_imp/U0/xst_fifo_generator/gconvfifo.rf/grf.rf/rstblk/RST_FULL_GEN
                                                       tlk_imp/tlk_rxcount_and00001
    SLICE_X25Y162.SR     net (fanout=16)       0.919   tlk_imp/tlk_rxcount_and0000
    SLICE_X25Y162.CLK    Tsrck                 1.037   tlk_imp/tlk_rxcount<2>
                                                       tlk_imp/tlk_rxcount_2
    -------------------------------------------------  ---------------------------
    Total                                      3.337ns (1.572ns logic, 1.765ns route)
                                                       (47.1% logic, 52.9% route)

--------------------------------------------------------------------------------

Paths for end point tlk_imp/tlk_rxcount_3 (SLICE_X25Y162.SR), 3 paths
--------------------------------------------------------------------------------
Slack (setup path):     0.193ns (requirement - (data path - clock path skew + uncertainty))
  Source:               tlk_imp/reset_counters (FF)
  Destination:          tlk_imp/tlk_rxcount_3 (FF)
  Requirement:          4.000ns
  Data Path Delay:      3.807ns (Levels of Logic = 1)
  Clock Path Skew:      0.000ns
  Source Clock:         TLK_RXCLK falling at 4.000ns
  Destination Clock:    TLK_RXCLK rising at 8.000ns
  Clock Uncertainty:    0.000ns

  Maximum Data Path: tlk_imp/reset_counters to tlk_imp/tlk_rxcount_3
    Location             Delay type         Delay(ns)  Physical Resource
                                                       Logical Resource(s)
    -------------------------------------------------  -------------------
    SLICE_X28Y175.YQ     Tcko                  0.307   tlk_imp/reset_counters
                                                       tlk_imp/reset_counters
    SLICE_X22Y170.G1     net (fanout=49)       1.349   tlk_imp/reset_counters
    SLICE_X22Y170.Y      Tilo                  0.195   tlk_imp/rxsb_imp/U0/xst_fifo_generator/gconvfifo.rf/grf.rf/rstblk/RST_FULL_GEN
                                                       tlk_imp/tlk_rxcount_and00001
    SLICE_X25Y162.SR     net (fanout=16)       0.919   tlk_imp/tlk_rxcount_and0000
    SLICE_X25Y162.CLK    Tsrck                 1.037   tlk_imp/tlk_rxcount<2>
                                                       tlk_imp/tlk_rxcount_3
    -------------------------------------------------  ---------------------------
    Total                                      3.807ns (1.539ns logic, 2.268ns route)
                                                       (40.4% logic, 59.6% route)

--------------------------------------------------------------------------------
Slack (setup path):     4.534ns (requirement - (data path - clock path skew + uncertainty))
  Source:               tlk_imp/r_rxer (FF)
  Destination:          tlk_imp/tlk_rxcount_3 (FF)
  Requirement:          8.000ns
  Data Path Delay:      3.466ns (Levels of Logic = 1)
  Clock Path Skew:      0.000ns
  Source Clock:         TLK_RXCLK rising at 0.000ns
  Destination Clock:    TLK_RXCLK rising at 8.000ns
  Clock Uncertainty:    0.000ns

  Maximum Data Path: tlk_imp/r_rxer to tlk_imp/tlk_rxcount_3
    Location             Delay type         Delay(ns)  Physical Resource
                                                       Logical Resource(s)
    -------------------------------------------------  -------------------
    SLICE_X26Y165.YQ     Tcko                  0.360   tlk_imp/r_rxer
                                                       tlk_imp/r_rxer
    SLICE_X22Y170.G2     net (fanout=4)        0.955   tlk_imp/r_rxer
    SLICE_X22Y170.Y      Tilo                  0.195   tlk_imp/rxsb_imp/U0/xst_fifo_generator/gconvfifo.rf/grf.rf/rstblk/RST_FULL_GEN
                                                       tlk_imp/tlk_rxcount_and00001
    SLICE_X25Y162.SR     net (fanout=16)       0.919   tlk_imp/tlk_rxcount_and0000
    SLICE_X25Y162.CLK    Tsrck                 1.037   tlk_imp/tlk_rxcount<2>
                                                       tlk_imp/tlk_rxcount_3
    -------------------------------------------------  ---------------------------
    Total                                      3.466ns (1.592ns logic, 1.874ns route)
                                                       (45.9% logic, 54.1% route)

--------------------------------------------------------------------------------
Slack (setup path):     4.663ns (requirement - (data path - clock path skew + uncertainty))
  Source:               tlk_imp/r_rxdv (FF)
  Destination:          tlk_imp/tlk_rxcount_3 (FF)
  Requirement:          8.000ns
  Data Path Delay:      3.337ns (Levels of Logic = 1)
  Clock Path Skew:      0.000ns
  Source Clock:         TLK_RXCLK rising at 0.000ns
  Destination Clock:    TLK_RXCLK rising at 8.000ns
  Clock Uncertainty:    0.000ns

  Maximum Data Path: tlk_imp/r_rxdv to tlk_imp/tlk_rxcount_3
    Location             Delay type         Delay(ns)  Physical Resource
                                                       Logical Resource(s)
    -------------------------------------------------  -------------------
    SLICE_X23Y158.YQ     Tcko                  0.340   tlk_imp/r_rxdv
                                                       tlk_imp/r_rxdv
    SLICE_X22Y170.G4     net (fanout=5)        0.846   tlk_imp/r_rxdv
    SLICE_X22Y170.Y      Tilo                  0.195   tlk_imp/rxsb_imp/U0/xst_fifo_generator/gconvfifo.rf/grf.rf/rstblk/RST_FULL_GEN
                                                       tlk_imp/tlk_rxcount_and00001
    SLICE_X25Y162.SR     net (fanout=16)       0.919   tlk_imp/tlk_rxcount_and0000
    SLICE_X25Y162.CLK    Tsrck                 1.037   tlk_imp/tlk_rxcount<2>
                                                       tlk_imp/tlk_rxcount_3
    -------------------------------------------------  ---------------------------
    Total                                      3.337ns (1.572ns logic, 1.765ns route)
                                                       (47.1% logic, 52.9% route)

--------------------------------------------------------------------------------

Paths for end point tlk_imp/tlk_rxcount_4 (SLICE_X25Y163.SR), 3 paths
--------------------------------------------------------------------------------
Slack (setup path):     0.193ns (requirement - (data path - clock path skew + uncertainty))
  Source:               tlk_imp/reset_counters (FF)
  Destination:          tlk_imp/tlk_rxcount_4 (FF)
  Requirement:          4.000ns
  Data Path Delay:      3.807ns (Levels of Logic = 1)
  Clock Path Skew:      0.000ns
  Source Clock:         TLK_RXCLK falling at 4.000ns
  Destination Clock:    TLK_RXCLK rising at 8.000ns
  Clock Uncertainty:    0.000ns

  Maximum Data Path: tlk_imp/reset_counters to tlk_imp/tlk_rxcount_4
    Location             Delay type         Delay(ns)  Physical Resource
                                                       Logical Resource(s)
    -------------------------------------------------  -------------------
    SLICE_X28Y175.YQ     Tcko                  0.307   tlk_imp/reset_counters
                                                       tlk_imp/reset_counters
    SLICE_X22Y170.G1     net (fanout=49)       1.349   tlk_imp/reset_counters
    SLICE_X22Y170.Y      Tilo                  0.195   tlk_imp/rxsb_imp/U0/xst_fifo_generator/gconvfifo.rf/grf.rf/rstblk/RST_FULL_GEN
                                                       tlk_imp/tlk_rxcount_and00001
    SLICE_X25Y163.SR     net (fanout=16)       0.919   tlk_imp/tlk_rxcount_and0000
    SLICE_X25Y163.CLK    Tsrck                 1.037   tlk_imp/tlk_rxcount<4>
                                                       tlk_imp/tlk_rxcount_4
    -------------------------------------------------  ---------------------------
    Total                                      3.807ns (1.539ns logic, 2.268ns route)
                                                       (40.4% logic, 59.6% route)

--------------------------------------------------------------------------------
Slack (setup path):     4.534ns (requirement - (data path - clock path skew + uncertainty))
  Source:               tlk_imp/r_rxer (FF)
  Destination:          tlk_imp/tlk_rxcount_4 (FF)
  Requirement:          8.000ns
  Data Path Delay:      3.466ns (Levels of Logic = 1)
  Clock Path Skew:      0.000ns
  Source Clock:         TLK_RXCLK rising at 0.000ns
  Destination Clock:    TLK_RXCLK rising at 8.000ns
  Clock Uncertainty:    0.000ns

  Maximum Data Path: tlk_imp/r_rxer to tlk_imp/tlk_rxcount_4
    Location             Delay type         Delay(ns)  Physical Resource
                                                       Logical Resource(s)
    -------------------------------------------------  -------------------
    SLICE_X26Y165.YQ     Tcko                  0.360   tlk_imp/r_rxer
                                                       tlk_imp/r_rxer
    SLICE_X22Y170.G2     net (fanout=4)        0.955   tlk_imp/r_rxer
    SLICE_X22Y170.Y      Tilo                  0.195   tlk_imp/rxsb_imp/U0/xst_fifo_generator/gconvfifo.rf/grf.rf/rstblk/RST_FULL_GEN
                                                       tlk_imp/tlk_rxcount_and00001
    SLICE_X25Y163.SR     net (fanout=16)       0.919   tlk_imp/tlk_rxcount_and0000
    SLICE_X25Y163.CLK    Tsrck                 1.037   tlk_imp/tlk_rxcount<4>
                                                       tlk_imp/tlk_rxcount_4
    -------------------------------------------------  ---------------------------
    Total                                      3.466ns (1.592ns logic, 1.874ns route)
                                                       (45.9% logic, 54.1% route)

--------------------------------------------------------------------------------
Slack (setup path):     4.663ns (requirement - (data path - clock path skew + uncertainty))
  Source:               tlk_imp/r_rxdv (FF)
  Destination:          tlk_imp/tlk_rxcount_4 (FF)
  Requirement:          8.000ns
  Data Path Delay:      3.337ns (Levels of Logic = 1)
  Clock Path Skew:      0.000ns
  Source Clock:         TLK_RXCLK rising at 0.000ns
  Destination Clock:    TLK_RXCLK rising at 8.000ns
  Clock Uncertainty:    0.000ns

  Maximum Data Path: tlk_imp/r_rxdv to tlk_imp/tlk_rxcount_4
    Location             Delay type         Delay(ns)  Physical Resource
                                                       Logical Resource(s)
    -------------------------------------------------  -------------------
    SLICE_X23Y158.YQ     Tcko                  0.340   tlk_imp/r_rxdv
                                                       tlk_imp/r_rxdv
    SLICE_X22Y170.G4     net (fanout=5)        0.846   tlk_imp/r_rxdv
    SLICE_X22Y170.Y      Tilo                  0.195   tlk_imp/rxsb_imp/U0/xst_fifo_generator/gconvfifo.rf/grf.rf/rstblk/RST_FULL_GEN
                                                       tlk_imp/tlk_rxcount_and00001
    SLICE_X25Y163.SR     net (fanout=16)       0.919   tlk_imp/tlk_rxcount_and0000
    SLICE_X25Y163.CLK    Tsrck                 1.037   tlk_imp/tlk_rxcount<4>
                                                       tlk_imp/tlk_rxcount_4
    -------------------------------------------------  ---------------------------
    Total                                      3.337ns (1.572ns logic, 1.765ns route)
                                                       (47.1% logic, 52.9% route)

--------------------------------------------------------------------------------

Hold Paths: TS_TLK_RXCLK_PAD = PERIOD TIMEGRP "TLK_RXCLK_PAD" 8 ns HIGH 50%;
--------------------------------------------------------------------------------

Paths for end point tlk_imp/rxsb_imp/U0/xst_fifo_generator/gconvfifo.rf/grf.rf/gntv_or_sync_fifo.mem/gbm.gbmg.gbmga.ngecc.bmg/gnativebmg.native_blk_mem_gen/valid.cstr/ramloop[0].ram.r/v4_noinit.ram/SDP.SINGLE_PRIM.SDP (RAMB16_X0Y21.DIA26), 1 path
--------------------------------------------------------------------------------
Slack (hold path):      0.527ns (requirement - (clock path skew + uncertainty - data path))
  Source:               tlk_imp/r_rxd_14 (FF)
  Destination:          tlk_imp/rxsb_imp/U0/xst_fifo_generator/gconvfifo.rf/grf.rf/gntv_or_sync_fifo.mem/gbm.gbmg.gbmga.ngecc.bmg/gnativebmg.native_blk_mem_gen/valid.cstr/ramloop[0].ram.r/v4_noinit.ram/SDP.SINGLE_PRIM.SDP (RAM)
  Requirement:          0.000ns
  Data Path Delay:      0.502ns (Levels of Logic = 0)
  Clock Path Skew:      -0.025ns (0.966 - 0.991)
  Source Clock:         TLK_RXCLK rising at 8.000ns
  Destination Clock:    TLK_RXCLK rising at 8.000ns
  Clock Uncertainty:    0.000ns

  Minimum Data Path: tlk_imp/r_rxd_14 to tlk_imp/rxsb_imp/U0/xst_fifo_generator/gconvfifo.rf/grf.rf/gntv_or_sync_fifo.mem/gbm.gbmg.gbmga.ngecc.bmg/gnativebmg.native_blk_mem_gen/valid.cstr/ramloop[0].ram.r/v4_noinit.ram/SDP.SINGLE_PRIM.SDP
    Location             Delay type         Delay(ns)  Physical Resource
                                                       Logical Resource(s)
    -------------------------------------------------  -------------------
    SLICE_X3Y174.YQ      Tcko                  0.313   tlk_imp/r_rxd<12>
                                                       tlk_imp/r_rxd_14
    RAMB16_X0Y21.DIA26   net (fanout=1)        0.511   tlk_imp/r_rxd<14>
    RAMB16_X0Y21.CLKA    Trckd_DIA   (-Th)     0.322   tlk_imp/rxsb_imp/U0/xst_fifo_generator/gconvfifo.rf/grf.rf/gntv_or_sync_fifo.mem/gbm.gbmg.gbmga.ngecc.bmg/gnativebmg.native_blk_mem_gen/valid.cstr/ramloop[0].ram.r/v4_noinit.ram/SDP.SINGLE_PRIM.SDP
                                                       tlk_imp/rxsb_imp/U0/xst_fifo_generator/gconvfifo.rf/grf.rf/gntv_or_sync_fifo.mem/gbm.gbmg.gbmga.ngecc.bmg/gnativebmg.native_blk_mem_gen/valid.cstr/ramloop[0].ram.r/v4_noinit.ram/SDP.SINGLE_PRIM.SDP
    -------------------------------------------------  ---------------------------
    Total                                      0.502ns (-0.009ns logic, 0.511ns route)
                                                       (-1.8% logic, 101.8% route)

--------------------------------------------------------------------------------

Paths for end point tlk_imp/rxsb_imp/U0/xst_fifo_generator/gconvfifo.rf/grf.rf/rstblk/wr_rst_asreg_d2 (SLICE_X18Y174.BY), 1 path
--------------------------------------------------------------------------------
Slack (hold path):      0.532ns (requirement - (clock path skew + uncertainty - data path))
  Source:               tlk_imp/rxsb_imp/U0/xst_fifo_generator/gconvfifo.rf/grf.rf/rstblk/wr_rst_asreg_d1 (FF)
  Destination:          tlk_imp/rxsb_imp/U0/xst_fifo_generator/gconvfifo.rf/grf.rf/rstblk/wr_rst_asreg_d2 (FF)
  Requirement:          0.000ns
  Data Path Delay:      0.532ns (Levels of Logic = 0)
  Clock Path Skew:      0.000ns
  Source Clock:         TLK_RXCLK rising at 8.000ns
  Destination Clock:    TLK_RXCLK rising at 8.000ns
  Clock Uncertainty:    0.000ns

  Minimum Data Path: tlk_imp/rxsb_imp/U0/xst_fifo_generator/gconvfifo.rf/grf.rf/rstblk/wr_rst_asreg_d1 to tlk_imp/rxsb_imp/U0/xst_fifo_generator/gconvfifo.rf/grf.rf/rstblk/wr_rst_asreg_d2
    Location             Delay type         Delay(ns)  Physical Resource
                                                       Logical Resource(s)
    -------------------------------------------------  -------------------
    SLICE_X19Y175.YQ     Tcko                  0.313   tlk_imp/rxsb_imp/U0/xst_fifo_generator/gconvfifo.rf/grf.rf/rstblk/wr_rst_asreg_d1
                                                       tlk_imp/rxsb_imp/U0/xst_fifo_generator/gconvfifo.rf/grf.rf/rstblk/wr_rst_asreg_d1
    SLICE_X18Y174.BY     net (fanout=2)        0.300   tlk_imp/rxsb_imp/U0/xst_fifo_generator/gconvfifo.rf/grf.rf/rstblk/wr_rst_asreg_d1
    SLICE_X18Y174.CLK    Tckdi       (-Th)     0.081   tlk_imp/rxsb_imp/U0/xst_fifo_generator/gconvfifo.rf/grf.rf/rstblk/wr_rst_asreg_d2
                                                       tlk_imp/rxsb_imp/U0/xst_fifo_generator/gconvfifo.rf/grf.rf/rstblk/wr_rst_asreg_d2
    -------------------------------------------------  ---------------------------
    Total                                      0.532ns (0.232ns logic, 0.300ns route)
                                                       (43.6% logic, 56.4% route)

--------------------------------------------------------------------------------

Paths for end point tlk_imp/rxsb_imp/U0/xst_fifo_generator/gconvfifo.rf/grf.rf/gntv_or_sync_fifo.gcx.clkx/gsync_stage[2].wr_stg_inst/Q_reg_2 (SLICE_X15Y176.BY), 1 path
--------------------------------------------------------------------------------
Slack (hold path):      0.540ns (requirement - (clock path skew + uncertainty - data path))
  Source:               tlk_imp/rxsb_imp/U0/xst_fifo_generator/gconvfifo.rf/grf.rf/gntv_or_sync_fifo.gcx.clkx/gsync_stage[1].wr_stg_inst/Q_reg_2 (FF)
  Destination:          tlk_imp/rxsb_imp/U0/xst_fifo_generator/gconvfifo.rf/grf.rf/gntv_or_sync_fifo.gcx.clkx/gsync_stage[2].wr_stg_inst/Q_reg_2 (FF)
  Requirement:          0.000ns
  Data Path Delay:      0.540ns (Levels of Logic = 0)
  Clock Path Skew:      0.000ns
  Source Clock:         TLK_RXCLK rising at 8.000ns
  Destination Clock:    TLK_RXCLK rising at 8.000ns
  Clock Uncertainty:    0.000ns

  Minimum Data Path: tlk_imp/rxsb_imp/U0/xst_fifo_generator/gconvfifo.rf/grf.rf/gntv_or_sync_fifo.gcx.clkx/gsync_stage[1].wr_stg_inst/Q_reg_2 to tlk_imp/rxsb_imp/U0/xst_fifo_generator/gconvfifo.rf/grf.rf/gntv_or_sync_fifo.gcx.clkx/gsync_stage[2].wr_stg_inst/Q_reg_2
    Location             Delay type         Delay(ns)  Physical Resource
                                                       Logical Resource(s)
    -------------------------------------------------  -------------------
    SLICE_X15Y177.YQ     Tcko                  0.313   tlk_imp/rxsb_imp/U0/xst_fifo_generator/gconvfifo.rf/grf.rf/gntv_or_sync_fifo.gcx.clkx/gsync_stage[1].wr_stg_inst/Q_reg<2>
                                                       tlk_imp/rxsb_imp/U0/xst_fifo_generator/gconvfifo.rf/grf.rf/gntv_or_sync_fifo.gcx.clkx/gsync_stage[1].wr_stg_inst/Q_reg_2
    SLICE_X15Y176.BY     net (fanout=1)        0.295   tlk_imp/rxsb_imp/U0/xst_fifo_generator/gconvfifo.rf/grf.rf/gntv_or_sync_fifo.gcx.clkx/gsync_stage[1].wr_stg_inst/Q_reg<2>
    SLICE_X15Y176.CLK    Tckdi       (-Th)     0.068   tlk_imp/rxsb_imp/U0/xst_fifo_generator/gconvfifo.rf/grf.rf/gntv_or_sync_fifo.gcx.clkx/gsync_stage[2].wr_stg_inst/Q_reg<2>
                                                       tlk_imp/rxsb_imp/U0/xst_fifo_generator/gconvfifo.rf/grf.rf/gntv_or_sync_fifo.gcx.clkx/gsync_stage[2].wr_stg_inst/Q_reg_2
    -------------------------------------------------  ---------------------------
    Total                                      0.540ns (0.245ns logic, 0.295ns route)
                                                       (45.4% logic, 54.6% route)

--------------------------------------------------------------------------------

Component Switching Limit Checks: TS_TLK_RXCLK_PAD = PERIOD TIMEGRP "TLK_RXCLK_PAD" 8 ns HIGH 50%;
--------------------------------------------------------------------------------
Slack: 5.500ns (period - min period limit)
  Period: 8.000ns
  Min period limit: 2.500ns (400.000MHz) (Trper_CLKA)
  Physical resource: tlk_imp/rxsb_imp/U0/xst_fifo_generator/gconvfifo.rf/grf.rf/gntv_or_sync_fifo.mem/gbm.gbmg.gbmga.ngecc.bmg/gnativebmg.native_blk_mem_gen/valid.cstr/ramloop[0].ram.r/v4_noinit.ram/SDP.SINGLE_PRIM.SDP/CLKA
  Logical resource: tlk_imp/rxsb_imp/U0/xst_fifo_generator/gconvfifo.rf/grf.rf/gntv_or_sync_fifo.mem/gbm.gbmg.gbmga.ngecc.bmg/gnativebmg.native_blk_mem_gen/valid.cstr/ramloop[0].ram.r/v4_noinit.ram/SDP.SINGLE_PRIM.SDP/CLKA
  Location pin: RAMB16_X0Y21.CLKA
  Clock network: TLK_RXCLK
--------------------------------------------------------------------------------
Slack: 6.638ns (period - (min low pulse limit / (low pulse / period)))
  Period: 8.000ns
  Low pulse: 4.000ns
  Low pulse limit: 0.681ns (Trpw)
  Physical resource: tlk_imp/rxsb_imp/U0/xst_fifo_generator/gconvfifo.rf/grf.rf/gntv_or_sync_fifo.gl0.wr/wpntr/count_d1<0>/SR
  Logical resource: tlk_imp/rxsb_imp/U0/xst_fifo_generator/gconvfifo.rf/grf.rf/gntv_or_sync_fifo.gl0.wr/wpntr/count_d1_0/SR
  Location pin: SLICE_X17Y176.SR
  Clock network: tlk_imp/rxsb_imp/U0/xst_fifo_generator/gconvfifo.rf/grf.rf/rstblk/wr_rst_reg<1>
--------------------------------------------------------------------------------
Slack: 6.638ns (period - (min high pulse limit / (high pulse / period)))
  Period: 8.000ns
  High pulse: 4.000ns
  High pulse limit: 0.681ns (Trpw)
  Physical resource: tlk_imp/rxsb_imp/U0/xst_fifo_generator/gconvfifo.rf/grf.rf/gntv_or_sync_fifo.gl0.wr/wpntr/count_d1<0>/SR
  Logical resource: tlk_imp/rxsb_imp/U0/xst_fifo_generator/gconvfifo.rf/grf.rf/gntv_or_sync_fifo.gl0.wr/wpntr/count_d1_0/SR
  Location pin: SLICE_X17Y176.SR
  Clock network: tlk_imp/rxsb_imp/U0/xst_fifo_generator/gconvfifo.rf/grf.rf/rstblk/wr_rst_reg<1>
--------------------------------------------------------------------------------

================================================================================
Timing constraint: TS_BDCLK_IN_PAD_P = PERIOD TIMEGRP "BDCLK_IN_PAD_P" 20 ns 
HIGH 50%;
For more information, see Period Analysis in the Timing Closure User Guide (UG612).

 0 paths analyzed, 0 endpoints analyzed, 0 failing endpoints
 0 timing errors detected. (0 component switching limit errors)
 Minimum period is   6.000ns.
--------------------------------------------------------------------------------

Component Switching Limit Checks: TS_BDCLK_IN_PAD_P = PERIOD TIMEGRP "BDCLK_IN_PAD_P" 20 ns HIGH 50%;
--------------------------------------------------------------------------------
Slack: 5.626ns (max period limit - period)
  Period: 10.000ns
  Max period limit: 15.626ns (63.996MHz) (Tdcmpco)
  Physical resource: mi_imp/bdclk_dcm_imp/CLK2X
  Logical resource: mi_imp/bdclk_dcm_imp/CLK2X
  Location pin: DCM_ADV_X0Y7.CLK2X
  Clock network: mi_imp/bdclk_2x
--------------------------------------------------------------------------------
Slack: 6.668ns (period - min period limit)
  Period: 10.000ns
  Min period limit: 3.332ns (300.120MHz) (Tdcmpco)
  Physical resource: mi_imp/bdclk_dcm_imp/CLK2X
  Logical resource: mi_imp/bdclk_dcm_imp/CLK2X
  Location pin: DCM_ADV_X0Y7.CLK2X
  Clock network: mi_imp/bdclk_2x
--------------------------------------------------------------------------------
Slack: 11.251ns (max period limit - period)
  Period: 20.000ns
  Max period limit: 31.251ns (31.999MHz) (Tdcmpc)
  Physical resource: mi_imp/bdclk_dcm_imp/CLKIN
  Logical resource: mi_imp/bdclk_dcm_imp/CLKIN
  Location pin: DCM_ADV_X0Y7.CLKIN
  Clock network: mi_imp/eitherclk
--------------------------------------------------------------------------------

================================================================================
Timing constraint: TS_BDCLK_IN_PAD_N = PERIOD TIMEGRP "BDCLK_IN_PAD_N" 
TS_BDCLK_IN_PAD_P PHASE 10         ns HIGH 50%;
For more information, see Period Analysis in the Timing Closure User Guide (UG612).

 9 paths analyzed, 5 endpoints analyzed, 0 failing endpoints
 0 timing errors detected. (0 setup errors, 0 hold errors, 0 component switching limit errors)
 Minimum period is   6.000ns.
--------------------------------------------------------------------------------

Paths for end point trigpattern_imp/DLY_0 (SLICE_X7Y147.SR), 5 paths
--------------------------------------------------------------------------------
Slack (setup path):     16.296ns (requirement - (data path - clock path skew + uncertainty))
  Source:               trigpattern_imp/SR_1 (FF)
  Destination:          trigpattern_imp/DLY_0 (FF)
  Requirement:          20.000ns
  Data Path Delay:      3.666ns (Levels of Logic = 1)
  Clock Path Skew:      -0.038ns (0.910 - 0.948)
  Source Clock:         bdclk_in falling at 0.000ns
  Destination Clock:    bdclk_in falling at 20.000ns
  Clock Uncertainty:    0.000ns

  Maximum Data Path: trigpattern_imp/SR_1 to trigpattern_imp/DLY_0
    Location             Delay type         Delay(ns)  Physical Resource
                                                       Logical Resource(s)
    -------------------------------------------------  -------------------
    SLICE_X2Y157.YQ      Tcko                  0.307   trigpattern_imp/SR<1>
                                                       trigpattern_imp/SR_1
    SLICE_X3Y156.G1      net (fanout=2)        0.829   trigpattern_imp/SR<1>
    SLICE_X3Y156.XMUX    Tif5x                 0.574   trigpattern_imp/MATCH
                                                       trigpattern_imp/MATCH_cmp_eq00001
                                                       trigpattern_imp/MATCH_cmp_eq0000_f5
    SLICE_X7Y147.SR      net (fanout=1)        0.869   trigpattern_imp/MATCH
    SLICE_X7Y147.CLK     Tsrck                 1.087   trigpattern_imp/DLY<0>
                                                       trigpattern_imp/DLY_0
    -------------------------------------------------  ---------------------------
    Total                                      3.666ns (1.968ns logic, 1.698ns route)
                                                       (53.7% logic, 46.3% route)

--------------------------------------------------------------------------------
Slack (setup path):     16.451ns (requirement - (data path - clock path skew + uncertainty))
  Source:               trigpattern_imp/SR_0 (FF)
  Destination:          trigpattern_imp/DLY_0 (FF)
  Requirement:          20.000ns
  Data Path Delay:      3.544ns (Levels of Logic = 1)
  Clock Path Skew:      -0.005ns (0.910 - 0.915)
  Source Clock:         bdclk_in falling at 0.000ns
  Destination Clock:    bdclk_in falling at 20.000ns
  Clock Uncertainty:    0.000ns

  Maximum Data Path: trigpattern_imp/SR_0 to trigpattern_imp/DLY_0
    Location             Delay type         Delay(ns)  Physical Resource
                                                       Logical Resource(s)
    -------------------------------------------------  -------------------
    SLICE_X1Y150.YQ      Tcko                  0.286   trigpattern_imp/SR<0>
                                                       trigpattern_imp/SR_0
    SLICE_X3Y156.G2      net (fanout=2)        0.728   trigpattern_imp/SR<0>
    SLICE_X3Y156.XMUX    Tif5x                 0.574   trigpattern_imp/MATCH
                                                       trigpattern_imp/MATCH_cmp_eq00001
                                                       trigpattern_imp/MATCH_cmp_eq0000_f5
    SLICE_X7Y147.SR      net (fanout=1)        0.869   trigpattern_imp/MATCH
    SLICE_X7Y147.CLK     Tsrck                 1.087   trigpattern_imp/DLY<0>
                                                       trigpattern_imp/DLY_0
    -------------------------------------------------  ---------------------------
    Total                                      3.544ns (1.947ns logic, 1.597ns route)
                                                       (54.9% logic, 45.1% route)

--------------------------------------------------------------------------------
Slack (setup path):     16.512ns (requirement - (data path - clock path skew + uncertainty))
  Source:               trigpattern_imp/SR_2 (FF)
  Destination:          trigpattern_imp/DLY_0 (FF)
  Requirement:          20.000ns
  Data Path Delay:      3.450ns (Levels of Logic = 1)
  Clock Path Skew:      -0.038ns (0.910 - 0.948)
  Source Clock:         bdclk_in falling at 0.000ns
  Destination Clock:    bdclk_in falling at 20.000ns
  Clock Uncertainty:    0.000ns

  Maximum Data Path: trigpattern_imp/SR_2 to trigpattern_imp/DLY_0
    Location             Delay type         Delay(ns)  Physical Resource
                                                       Logical Resource(s)
    -------------------------------------------------  -------------------
    SLICE_X3Y157.YQ      Tcko                  0.286   trigpattern_imp/SR<2>
                                                       trigpattern_imp/SR_2
    SLICE_X3Y156.G3      net (fanout=2)        0.634   trigpattern_imp/SR<2>
    SLICE_X3Y156.XMUX    Tif5x                 0.574   trigpattern_imp/MATCH
                                                       trigpattern_imp/MATCH_cmp_eq00001
                                                       trigpattern_imp/MATCH_cmp_eq0000_f5
    SLICE_X7Y147.SR      net (fanout=1)        0.869   trigpattern_imp/MATCH
    SLICE_X7Y147.CLK     Tsrck                 1.087   trigpattern_imp/DLY<0>
                                                       trigpattern_imp/DLY_0
    -------------------------------------------------  ---------------------------
    Total                                      3.450ns (1.947ns logic, 1.503ns route)
                                                       (56.4% logic, 43.6% route)

--------------------------------------------------------------------------------

Paths for end point trigpattern_imp/SR_3 (SLICE_X2Y156.BX), 1 path
--------------------------------------------------------------------------------
Slack (setup path):     18.834ns (requirement - (data path - clock path skew + uncertainty))
  Source:               trigpattern_imp/SR_2 (FF)
  Destination:          trigpattern_imp/SR_3 (FF)
  Requirement:          20.000ns
  Data Path Delay:      1.157ns (Levels of Logic = 0)
  Clock Path Skew:      -0.009ns (0.105 - 0.114)
  Source Clock:         bdclk_in falling at 0.000ns
  Destination Clock:    bdclk_in falling at 20.000ns
  Clock Uncertainty:    0.000ns

  Maximum Data Path: trigpattern_imp/SR_2 to trigpattern_imp/SR_3
    Location             Delay type         Delay(ns)  Physical Resource
                                                       Logical Resource(s)
    -------------------------------------------------  -------------------
    SLICE_X3Y157.YQ      Tcko                  0.286   trigpattern_imp/SR<2>
                                                       trigpattern_imp/SR_2
    SLICE_X2Y156.BX      net (fanout=2)        0.543   trigpattern_imp/SR<2>
    SLICE_X2Y156.CLK     Tdick                 0.328   trigpattern_imp/SR<3>
                                                       trigpattern_imp/SR_3
    -------------------------------------------------  ---------------------------
    Total                                      1.157ns (0.614ns logic, 0.543ns route)
                                                       (53.1% logic, 46.9% route)

--------------------------------------------------------------------------------

Paths for end point trigpattern_imp/SR_1 (SLICE_X2Y157.BY), 1 path
--------------------------------------------------------------------------------
Slack (setup path):     18.840ns (requirement - (data path - clock path skew + uncertainty))
  Source:               trigpattern_imp/SR_0 (FF)
  Destination:          trigpattern_imp/SR_1 (FF)
  Requirement:          20.000ns
  Data Path Delay:      1.150ns (Levels of Logic = 0)
  Clock Path Skew:      -0.010ns (0.488 - 0.498)
  Source Clock:         bdclk_in falling at 0.000ns
  Destination Clock:    bdclk_in falling at 20.000ns
  Clock Uncertainty:    0.000ns

  Maximum Data Path: trigpattern_imp/SR_0 to trigpattern_imp/SR_1
    Location             Delay type         Delay(ns)  Physical Resource
                                                       Logical Resource(s)
    -------------------------------------------------  -------------------
    SLICE_X1Y150.YQ      Tcko                  0.286   trigpattern_imp/SR<0>
                                                       trigpattern_imp/SR_0
    SLICE_X2Y157.BY      net (fanout=2)        0.535   trigpattern_imp/SR<0>
    SLICE_X2Y157.CLK     Tdick                 0.329   trigpattern_imp/SR<1>
                                                       trigpattern_imp/SR_1
    -------------------------------------------------  ---------------------------
    Total                                      1.150ns (0.615ns logic, 0.535ns route)
                                                       (53.5% logic, 46.5% route)

--------------------------------------------------------------------------------

Hold Paths: TS_BDCLK_IN_PAD_N = PERIOD TIMEGRP "BDCLK_IN_PAD_N" TS_BDCLK_IN_PAD_P PHASE 10
        ns HIGH 50%;
--------------------------------------------------------------------------------

Paths for end point trigpattern_imp/SR_2 (SLICE_X3Y157.BY), 1 path
--------------------------------------------------------------------------------
Slack (hold path):      0.554ns (requirement - (clock path skew + uncertainty - data path))
  Source:               trigpattern_imp/SR_1 (FF)
  Destination:          trigpattern_imp/SR_2 (FF)
  Requirement:          0.000ns
  Data Path Delay:      0.563ns (Levels of Logic = 0)
  Clock Path Skew:      0.009ns (0.114 - 0.105)
  Source Clock:         bdclk_in falling at 20.000ns
  Destination Clock:    bdclk_in falling at 20.000ns
  Clock Uncertainty:    0.000ns

  Minimum Data Path: trigpattern_imp/SR_1 to trigpattern_imp/SR_2
    Location             Delay type         Delay(ns)  Physical Resource
                                                       Logical Resource(s)
    -------------------------------------------------  -------------------
    SLICE_X2Y157.YQ      Tcko                  0.282   trigpattern_imp/SR<1>
                                                       trigpattern_imp/SR_1
    SLICE_X3Y157.BY      net (fanout=2)        0.295   trigpattern_imp/SR<1>
    SLICE_X3Y157.CLK     Tckdi       (-Th)     0.014   trigpattern_imp/SR<2>
                                                       trigpattern_imp/SR_2
    -------------------------------------------------  ---------------------------
    Total                                      0.563ns (0.268ns logic, 0.295ns route)
                                                       (47.6% logic, 52.4% route)

--------------------------------------------------------------------------------

Paths for end point trigpattern_imp/SR_4 (SLICE_X2Y156.BY), 1 path
--------------------------------------------------------------------------------
Slack (hold path):      0.566ns (requirement - (clock path skew + uncertainty - data path))
  Source:               trigpattern_imp/SR_3 (FF)
  Destination:          trigpattern_imp/SR_4 (FF)
  Requirement:          0.000ns
  Data Path Delay:      0.566ns (Levels of Logic = 0)
  Clock Path Skew:      0.000ns
  Source Clock:         bdclk_in falling at 20.000ns
  Destination Clock:    bdclk_in falling at 20.000ns
  Clock Uncertainty:    0.000ns

  Minimum Data Path: trigpattern_imp/SR_3 to trigpattern_imp/SR_4
    Location             Delay type         Delay(ns)  Physical Resource
                                                       Logical Resource(s)
    -------------------------------------------------  -------------------
    SLICE_X2Y156.XQ      Tcko                  0.282   trigpattern_imp/SR<3>
                                                       trigpattern_imp/SR_3
    SLICE_X2Y156.BY      net (fanout=2)        0.312   trigpattern_imp/SR<3>
    SLICE_X2Y156.CLK     Tckdi       (-Th)     0.028   trigpattern_imp/SR<3>
                                                       trigpattern_imp/SR_4
    -------------------------------------------------  ---------------------------
    Total                                      0.566ns (0.254ns logic, 0.312ns route)
                                                       (44.9% logic, 55.1% route)

--------------------------------------------------------------------------------

Paths for end point trigpattern_imp/SR_1 (SLICE_X2Y157.BY), 1 path
--------------------------------------------------------------------------------
Slack (hold path):      0.654ns (requirement - (clock path skew + uncertainty - data path))
  Source:               trigpattern_imp/SR_0 (FF)
  Destination:          trigpattern_imp/SR_1 (FF)
  Requirement:          0.000ns
  Data Path Delay:      0.727ns (Levels of Logic = 0)
  Clock Path Skew:      0.073ns (0.531 - 0.458)
  Source Clock:         bdclk_in falling at 20.000ns
  Destination Clock:    bdclk_in falling at 20.000ns
  Clock Uncertainty:    0.000ns

  Minimum Data Path: trigpattern_imp/SR_0 to trigpattern_imp/SR_1
    Location             Delay type         Delay(ns)  Physical Resource
                                                       Logical Resource(s)
    -------------------------------------------------  -------------------
    SLICE_X1Y150.YQ      Tcko                  0.263   trigpattern_imp/SR<0>
                                                       trigpattern_imp/SR_0
    SLICE_X2Y157.BY      net (fanout=2)        0.492   trigpattern_imp/SR<0>
    SLICE_X2Y157.CLK     Tckdi       (-Th)     0.028   trigpattern_imp/SR<1>
                                                       trigpattern_imp/SR_1
    -------------------------------------------------  ---------------------------
    Total                                      0.727ns (0.235ns logic, 0.492ns route)
                                                       (32.3% logic, 67.7% route)

--------------------------------------------------------------------------------

Component Switching Limit Checks: TS_BDCLK_IN_PAD_N = PERIOD TIMEGRP "BDCLK_IN_PAD_N" TS_BDCLK_IN_PAD_P PHASE 10
        ns HIGH 50%;
--------------------------------------------------------------------------------
Slack: 5.626ns (max period limit - period)
  Period: 10.000ns
  Max period limit: 15.626ns (63.996MHz) (Tdcmpco)
  Physical resource: mi_imp/bdclk_dcm_imp/CLK2X
  Logical resource: mi_imp/bdclk_dcm_imp/CLK2X
  Location pin: DCM_ADV_X0Y7.CLK2X
  Clock network: mi_imp/bdclk_2x
--------------------------------------------------------------------------------
Slack: 6.668ns (period - min period limit)
  Period: 10.000ns
  Min period limit: 3.332ns (300.120MHz) (Tdcmpco)
  Physical resource: mi_imp/bdclk_dcm_imp/CLK2X
  Logical resource: mi_imp/bdclk_dcm_imp/CLK2X
  Location pin: DCM_ADV_X0Y7.CLK2X
  Clock network: mi_imp/bdclk_2x
--------------------------------------------------------------------------------
Slack: 11.251ns (max period limit - period)
  Period: 20.000ns
  Max period limit: 31.251ns (31.999MHz) (Tdcmpc)
  Physical resource: mi_imp/bdclk_dcm_imp/CLKIN
  Logical resource: mi_imp/bdclk_dcm_imp/CLKIN
  Location pin: DCM_ADV_X0Y7.CLKIN
  Clock network: mi_imp/eitherclk
--------------------------------------------------------------------------------

================================================================================
Timing constraint: PATH "TS_TLKCLK_TO_BUSCLK_path" TIG;

 53 paths analyzed, 50 endpoints analyzed, 0 failing endpoints
 0 timing errors detected. (0 setup errors, 0 hold errors)
--------------------------------------------------------------------------------

Paths for end point tlk_imp/write_data_1 (SLICE_X26Y150.G4), 2 paths
--------------------------------------------------------------------------------
Delay (setup path):     3.692ns (data path - clock path skew + uncertainty)
  Source:               tlk_imp/tlk_txcount_1 (FF)
  Destination:          tlk_imp/write_data_1 (FF)
  Data Path Delay:      3.362ns (Levels of Logic = 3)
  Clock Path Skew:      0.000ns
  Source Clock:         TLK_GTX_CLK rising at 104.000ns
  Destination Clock:    CLK15NS rising at 105.000ns
  Clock Uncertainty:    0.330ns

  Clock Uncertainty:          0.330ns  ((TSJ^2 + TIJ^2)^1/2 + DJ) / 2 + PE
    Total System Jitter (TSJ):  0.000ns
    Total Input Jitter (TIJ):   0.000ns
    Discrete Jitter (DJ):       0.419ns
    Phase Error (PE):           0.120ns

  Maximum Data Path: tlk_imp/tlk_txcount_1 to tlk_imp/write_data_1
    Location             Delay type         Delay(ns)  Physical Resource
                                                       Logical Resource(s)
    -------------------------------------------------  -------------------
    SLICE_X27Y160.YQ     Tcko                  0.340   tlk_imp/tlk_txcount<0>
                                                       tlk_imp/tlk_txcount_1
    SLICE_X26Y160.BX     net (fanout=2)        0.327   tlk_imp/tlk_txcount<1>
    SLICE_X26Y160.XMUX   Tbxx                  0.513   N1179
                                                       tlk_imp/write_data_mux0000<1>100_SW0_SW0_f5
    SLICE_X26Y154.G3     net (fanout=2)        0.850   N1179
    SLICE_X26Y154.XMUX   Tif5x                 0.560   mi_imp/master_csr<31>
                                                       tlk_imp/write_data_mux0000<1>1002
                                                       tlk_imp/write_data_mux0000<1>100_f5
    SLICE_X26Y150.G4     net (fanout=1)        0.559   tlk_imp/write_data_mux0000<1>100
    SLICE_X26Y150.CLK    Tgck                  0.213   tlk_imp/write_data<1>
                                                       tlk_imp/write_data_mux0000<1>124
                                                       tlk_imp/write_data_1
    -------------------------------------------------  ---------------------------
    Total                                      3.362ns (1.626ns logic, 1.736ns route)
                                                       (48.4% logic, 51.6% route)

--------------------------------------------------------------------------------
Delay (setup path):     3.666ns (data path - clock path skew + uncertainty)
  Source:               tlk_imp/tlk_txcount_1 (FF)
  Destination:          tlk_imp/write_data_1 (FF)
  Data Path Delay:      3.336ns (Levels of Logic = 3)
  Clock Path Skew:      0.000ns
  Source Clock:         TLK_GTX_CLK rising at 104.000ns
  Destination Clock:    CLK15NS rising at 105.000ns
  Clock Uncertainty:    0.330ns

  Clock Uncertainty:          0.330ns  ((TSJ^2 + TIJ^2)^1/2 + DJ) / 2 + PE
    Total System Jitter (TSJ):  0.000ns
    Total Input Jitter (TIJ):   0.000ns
    Discrete Jitter (DJ):       0.419ns
    Phase Error (PE):           0.120ns

  Maximum Data Path: tlk_imp/tlk_txcount_1 to tlk_imp/write_data_1
    Location             Delay type         Delay(ns)  Physical Resource
                                                       Logical Resource(s)
    -------------------------------------------------  -------------------
    SLICE_X27Y160.YQ     Tcko                  0.340   tlk_imp/tlk_txcount<0>
                                                       tlk_imp/tlk_txcount_1
    SLICE_X26Y160.BX     net (fanout=2)        0.327   tlk_imp/tlk_txcount<1>
    SLICE_X26Y160.XMUX   Tbxx                  0.513   N1179
                                                       tlk_imp/write_data_mux0000<1>100_SW0_SW0_f5
    SLICE_X26Y154.F3     net (fanout=2)        0.829   N1179
    SLICE_X26Y154.XMUX   Tif5x                 0.555   mi_imp/master_csr<31>
                                                       tlk_imp/write_data_mux0000<1>1001
                                                       tlk_imp/write_data_mux0000<1>100_f5
    SLICE_X26Y150.G4     net (fanout=1)        0.559   tlk_imp/write_data_mux0000<1>100
    SLICE_X26Y150.CLK    Tgck                  0.213   tlk_imp/write_data<1>
                                                       tlk_imp/write_data_mux0000<1>124
                                                       tlk_imp/write_data_1
    -------------------------------------------------  ---------------------------
    Total                                      3.336ns (1.621ns logic, 1.715ns route)
                                                       (48.6% logic, 51.4% route)

--------------------------------------------------------------------------------

Paths for end point tlk_imp/write_data_28 (SLICE_X28Y156.F2), 1 path
--------------------------------------------------------------------------------
Delay (setup path):     3.675ns (data path - clock path skew + uncertainty)
  Source:               tlk_imp/tlk_txcount_28 (FF)
  Destination:          tlk_imp/write_data_28 (FF)
  Data Path Delay:      3.345ns (Levels of Logic = 3)
  Clock Path Skew:      0.000ns
  Source Clock:         TLK_GTX_CLK rising at 104.000ns
  Destination Clock:    CLK15NS rising at 105.000ns
  Clock Uncertainty:    0.330ns

  Clock Uncertainty:          0.330ns  ((TSJ^2 + TIJ^2)^1/2 + DJ) / 2 + PE
    Total System Jitter (TSJ):  0.000ns
    Total Input Jitter (TIJ):   0.000ns
    Discrete Jitter (DJ):       0.419ns
    Phase Error (PE):           0.120ns

  Maximum Data Path: tlk_imp/tlk_txcount_28 to tlk_imp/write_data_28
    Location             Delay type         Delay(ns)  Physical Resource
                                                       Logical Resource(s)
    -------------------------------------------------  -------------------
    SLICE_X27Y174.XQ     Tcko                  0.340   tlk_imp/tlk_txcount<28>
                                                       tlk_imp/tlk_txcount_28
    SLICE_X27Y157.F1     net (fanout=2)        1.204   tlk_imp/tlk_txcount<28>
    SLICE_X27Y157.X      Tilo                  0.194   mi_imp/bdclk_freq<30>
                                                       tlk_imp/write_data_mux0000<28>29_SW0
    SLICE_X28Y156.G4     net (fanout=1)        0.604   N697
    SLICE_X28Y156.Y      Tilo                  0.195   tlk_imp/write_data<28>
                                                       tlk_imp/write_data_mux0000<28>29
    SLICE_X28Y156.F2     net (fanout=1)        0.593   tlk_imp/write_data_mux0000<28>29
    SLICE_X28Y156.CLK    Tfck                  0.215   tlk_imp/write_data<28>
                                                       tlk_imp/write_data_mux0000<28>51
                                                       tlk_imp/write_data_28
    -------------------------------------------------  ---------------------------
    Total                                      3.345ns (0.944ns logic, 2.401ns route)
                                                       (28.2% logic, 71.8% route)

--------------------------------------------------------------------------------

Paths for end point tlk_imp/write_data_19 (SLICE_X29Y162.F1), 1 path
--------------------------------------------------------------------------------
Delay (setup path):     3.548ns (data path - clock path skew + uncertainty)
  Source:               tlk_imp/tlk_txcount_19 (FF)
  Destination:          tlk_imp/write_data_19 (FF)
  Data Path Delay:      3.218ns (Levels of Logic = 3)
  Clock Path Skew:      0.000ns
  Source Clock:         TLK_GTX_CLK rising at 104.000ns
  Destination Clock:    CLK15NS rising at 105.000ns
  Clock Uncertainty:    0.330ns

  Clock Uncertainty:          0.330ns  ((TSJ^2 + TIJ^2)^1/2 + DJ) / 2 + PE
    Total System Jitter (TSJ):  0.000ns
    Total Input Jitter (TIJ):   0.000ns
    Discrete Jitter (DJ):       0.419ns
    Phase Error (PE):           0.120ns

  Maximum Data Path: tlk_imp/tlk_txcount_19 to tlk_imp/write_data_19
    Location             Delay type         Delay(ns)  Physical Resource
                                                       Logical Resource(s)
    -------------------------------------------------  -------------------
    SLICE_X27Y169.YQ     Tcko                  0.340   tlk_imp/tlk_txcount<18>
                                                       tlk_imp/tlk_txcount_19
    SLICE_X26Y168.F1     net (fanout=2)        0.575   tlk_imp/tlk_txcount<19>
    SLICE_X26Y168.X      Tilo                  0.195   N707
                                                       tlk_imp/write_data_mux0000<19>29_SW0
    SLICE_X29Y162.G1     net (fanout=1)        1.031   N707
    SLICE_X29Y162.Y      Tilo                  0.194   tlk_imp/write_data<19>
                                                       tlk_imp/write_data_mux0000<19>29
    SLICE_X29Y162.F1     net (fanout=1)        0.648   tlk_imp/write_data_mux0000<19>29
    SLICE_X29Y162.CLK    Tfck                  0.235   tlk_imp/write_data<19>
                                                       tlk_imp/write_data_mux0000<19>51
                                                       tlk_imp/write_data_19
    -------------------------------------------------  ---------------------------
    Total                                      3.218ns (0.964ns logic, 2.254ns route)
                                                       (30.0% logic, 70.0% route)

--------------------------------------------------------------------------------

Hold Paths: PATH "TS_TLKCLK_TO_BUSCLK_path" TIG;
--------------------------------------------------------------------------------

Paths for end point tlk_imp/txsb_imp/U0/xst_fifo_generator/gconvfifo.rf/grf.rf/gntv_or_sync_fifo.gcx.clkx/gsync_stage[1].rd_stg_inst/Q_reg_4 (SLICE_X40Y187.BX), 1 path
--------------------------------------------------------------------------------
Delay (hold path):      -5.508ns (datapath - clock path skew - uncertainty)
  Source:               tlk_imp/txsb_imp/U0/xst_fifo_generator/gconvfifo.rf/grf.rf/gntv_or_sync_fifo.gcx.clkx/wr_pntr_gc_4 (FF)
  Destination:          tlk_imp/txsb_imp/U0/xst_fifo_generator/gconvfifo.rf/grf.rf/gntv_or_sync_fifo.gcx.clkx/gsync_stage[1].rd_stg_inst/Q_reg_4 (FF)
  Data Path Delay:      0.538ns (Levels of Logic = 0)
  Clock Path Skew:      5.716ns (4.892 - -0.824)
  Source Clock:         TLK_GTX_CLK rising at 112.000ns
  Destination Clock:    CLK15NS rising at 105.000ns
  Clock Uncertainty:    0.330ns

  Clock Uncertainty:          0.330ns  ((TSJ^2 + TIJ^2)^1/2 + DJ) / 2 + PE
    Total System Jitter (TSJ):  0.000ns
    Total Input Jitter (TIJ):   0.000ns
    Discrete Jitter (DJ):       0.419ns
    Phase Error (PE):           0.120ns

  Minimum Data Path: tlk_imp/txsb_imp/U0/xst_fifo_generator/gconvfifo.rf/grf.rf/gntv_or_sync_fifo.gcx.clkx/wr_pntr_gc_4 to tlk_imp/txsb_imp/U0/xst_fifo_generator/gconvfifo.rf/grf.rf/gntv_or_sync_fifo.gcx.clkx/gsync_stage[1].rd_stg_inst/Q_reg_4
    Location             Delay type         Delay(ns)  Physical Resource
                                                       Logical Resource(s)
    -------------------------------------------------  -------------------
    SLICE_X40Y186.XQ     Tcko                  0.331   tlk_imp/txsb_imp/U0/xst_fifo_generator/gconvfifo.rf/grf.rf/gntv_or_sync_fifo.gcx.clkx/wr_pntr_gc<4>
                                                       tlk_imp/txsb_imp/U0/xst_fifo_generator/gconvfifo.rf/grf.rf/gntv_or_sync_fifo.gcx.clkx/wr_pntr_gc_4
    SLICE_X40Y187.BX     net (fanout=1)        0.289   tlk_imp/txsb_imp/U0/xst_fifo_generator/gconvfifo.rf/grf.rf/gntv_or_sync_fifo.gcx.clkx/wr_pntr_gc<4>
    SLICE_X40Y187.CLK    Tckdi       (-Th)     0.082   tlk_imp/txsb_imp/U0/xst_fifo_generator/gconvfifo.rf/grf.rf/gntv_or_sync_fifo.gcx.clkx/gsync_stage[1].rd_stg_inst/Q_reg<4>
                                                       tlk_imp/txsb_imp/U0/xst_fifo_generator/gconvfifo.rf/grf.rf/gntv_or_sync_fifo.gcx.clkx/gsync_stage[1].rd_stg_inst/Q_reg_4
    -------------------------------------------------  ---------------------------
    Total                                      0.538ns (0.249ns logic, 0.289ns route)
                                                       (46.3% logic, 53.7% route)

--------------------------------------------------------------------------------

Paths for end point tlk_imp/txsb_imp/U0/xst_fifo_generator/gconvfifo.rf/grf.rf/gntv_or_sync_fifo.gcx.clkx/gsync_stage[1].rd_stg_inst/Q_reg_6 (SLICE_X38Y187.BY), 1 path
--------------------------------------------------------------------------------
Delay (hold path):      -5.505ns (datapath - clock path skew - uncertainty)
  Source:               tlk_imp/txsb_imp/U0/xst_fifo_generator/gconvfifo.rf/grf.rf/gntv_or_sync_fifo.gcx.clkx/wr_pntr_gc_6 (FF)
  Destination:          tlk_imp/txsb_imp/U0/xst_fifo_generator/gconvfifo.rf/grf.rf/gntv_or_sync_fifo.gcx.clkx/gsync_stage[1].rd_stg_inst/Q_reg_6 (FF)
  Data Path Delay:      0.545ns (Levels of Logic = 0)
  Clock Path Skew:      5.720ns (4.882 - -0.838)
  Source Clock:         TLK_GTX_CLK rising at 112.000ns
  Destination Clock:    CLK15NS rising at 105.000ns
  Clock Uncertainty:    0.330ns

  Clock Uncertainty:          0.330ns  ((TSJ^2 + TIJ^2)^1/2 + DJ) / 2 + PE
    Total System Jitter (TSJ):  0.000ns
    Total Input Jitter (TIJ):   0.000ns
    Discrete Jitter (DJ):       0.419ns
    Phase Error (PE):           0.120ns

  Minimum Data Path: tlk_imp/txsb_imp/U0/xst_fifo_generator/gconvfifo.rf/grf.rf/gntv_or_sync_fifo.gcx.clkx/wr_pntr_gc_6 to tlk_imp/txsb_imp/U0/xst_fifo_generator/gconvfifo.rf/grf.rf/gntv_or_sync_fifo.gcx.clkx/gsync_stage[1].rd_stg_inst/Q_reg_6
    Location             Delay type         Delay(ns)  Physical Resource
                                                       Logical Resource(s)
    -------------------------------------------------  -------------------
    SLICE_X38Y186.YQ     Tcko                  0.331   tlk_imp/txsb_imp/U0/xst_fifo_generator/gconvfifo.rf/grf.rf/gntv_or_sync_fifo.gcx.clkx/wr_pntr_gc<6>
                                                       tlk_imp/txsb_imp/U0/xst_fifo_generator/gconvfifo.rf/grf.rf/gntv_or_sync_fifo.gcx.clkx/wr_pntr_gc_6
    SLICE_X38Y187.BY     net (fanout=1)        0.295   tlk_imp/txsb_imp/U0/xst_fifo_generator/gconvfifo.rf/grf.rf/gntv_or_sync_fifo.gcx.clkx/wr_pntr_gc<6>
    SLICE_X38Y187.CLK    Tckdi       (-Th)     0.081   tlk_imp/txsb_imp/U0/xst_fifo_generator/gconvfifo.rf/grf.rf/gntv_or_sync_fifo.gcx.clkx/gsync_stage[2].rd_stg_inst/Q_reg<5>
                                                       tlk_imp/txsb_imp/U0/xst_fifo_generator/gconvfifo.rf/grf.rf/gntv_or_sync_fifo.gcx.clkx/gsync_stage[1].rd_stg_inst/Q_reg_6
    -------------------------------------------------  ---------------------------
    Total                                      0.545ns (0.250ns logic, 0.295ns route)
                                                       (45.9% logic, 54.1% route)

--------------------------------------------------------------------------------

Paths for end point tlk_imp/txsb_imp/U0/xst_fifo_generator/gconvfifo.rf/grf.rf/gntv_or_sync_fifo.gcx.clkx/gsync_stage[1].rd_stg_inst/Q_reg_3 (SLICE_X41Y187.BY), 1 path
--------------------------------------------------------------------------------
Delay (hold path):      -5.491ns (datapath - clock path skew - uncertainty)
  Source:               tlk_imp/txsb_imp/U0/xst_fifo_generator/gconvfifo.rf/grf.rf/gntv_or_sync_fifo.gcx.clkx/wr_pntr_gc_3 (FF)
  Destination:          tlk_imp/txsb_imp/U0/xst_fifo_generator/gconvfifo.rf/grf.rf/gntv_or_sync_fifo.gcx.clkx/gsync_stage[1].rd_stg_inst/Q_reg_3 (FF)
  Data Path Delay:      0.555ns (Levels of Logic = 0)
  Clock Path Skew:      5.716ns (4.892 - -0.824)
  Source Clock:         TLK_GTX_CLK rising at 112.000ns
  Destination Clock:    CLK15NS rising at 105.000ns
  Clock Uncertainty:    0.330ns

  Clock Uncertainty:          0.330ns  ((TSJ^2 + TIJ^2)^1/2 + DJ) / 2 + PE
    Total System Jitter (TSJ):  0.000ns
    Total Input Jitter (TIJ):   0.000ns
    Discrete Jitter (DJ):       0.419ns
    Phase Error (PE):           0.120ns

  Minimum Data Path: tlk_imp/txsb_imp/U0/xst_fifo_generator/gconvfifo.rf/grf.rf/gntv_or_sync_fifo.gcx.clkx/wr_pntr_gc_3 to tlk_imp/txsb_imp/U0/xst_fifo_generator/gconvfifo.rf/grf.rf/gntv_or_sync_fifo.gcx.clkx/gsync_stage[1].rd_stg_inst/Q_reg_3
    Location             Delay type         Delay(ns)  Physical Resource
                                                       Logical Resource(s)
    -------------------------------------------------  -------------------
    SLICE_X41Y186.YQ     Tcko                  0.313   tlk_imp/txsb_imp/U0/xst_fifo_generator/gconvfifo.rf/grf.rf/gntv_or_sync_fifo.gcx.clkx/wr_pntr_gc<3>
                                                       tlk_imp/txsb_imp/U0/xst_fifo_generator/gconvfifo.rf/grf.rf/gntv_or_sync_fifo.gcx.clkx/wr_pntr_gc_3
    SLICE_X41Y187.BY     net (fanout=1)        0.310   tlk_imp/txsb_imp/U0/xst_fifo_generator/gconvfifo.rf/grf.rf/gntv_or_sync_fifo.gcx.clkx/wr_pntr_gc<3>
    SLICE_X41Y187.CLK    Tckdi       (-Th)     0.068   tlk_imp/txsb_imp/U0/xst_fifo_generator/gconvfifo.rf/grf.rf/gntv_or_sync_fifo.gcx.clkx/gsync_stage[2].rd_stg_inst/Q_reg<4>
                                                       tlk_imp/txsb_imp/U0/xst_fifo_generator/gconvfifo.rf/grf.rf/gntv_or_sync_fifo.gcx.clkx/gsync_stage[1].rd_stg_inst/Q_reg_3
    -------------------------------------------------  ---------------------------
    Total                                      0.555ns (0.245ns logic, 0.310ns route)
                                                       (44.1% logic, 55.9% route)

--------------------------------------------------------------------------------

================================================================================
Timing constraint: PATH "TS_BUSCLK_TO_TLKCLK_path" TIG;

 357 paths analyzed, 357 endpoints analyzed, 0 failing endpoints
 0 timing errors detected. (0 setup errors, 0 hold errors)
--------------------------------------------------------------------------------

Paths for end point tlk_imp/tlkfifo_imp/U0/xst_fifo_generator/gconvfifo.rf/grf.rf/gntv_or_sync_fifo.mem/gbm.gbmg.gbmga.ngecc.bmg/gnativebmg.native_blk_mem_gen/valid.cstr/ramloop[0].ram.r/v4_noinit.ram/SDP.SINGLE_PRIM.SDP (RAMB16_X2Y20.ENB), 1 path
--------------------------------------------------------------------------------
Delay (setup path):     9.380ns (data path - clock path skew + uncertainty)
  Source:               tlk_imp/tlk_csr_30_1 (FF)
  Destination:          tlk_imp/tlkfifo_imp/U0/xst_fifo_generator/gconvfifo.rf/grf.rf/gntv_or_sync_fifo.mem/gbm.gbmg.gbmga.ngecc.bmg/gnativebmg.native_blk_mem_gen/valid.cstr/ramloop[0].ram.r/v4_noinit.ram/SDP.SINGLE_PRIM.SDP (RAM)
  Data Path Delay:      3.411ns (Levels of Logic = 3)
  Clock Path Skew:      -5.639ns (-0.812 - 4.827)
  Source Clock:         CLK15NS rising at 15.000ns
  Destination Clock:    TLK_GTX_CLK rising at 16.000ns
  Clock Uncertainty:    0.330ns

  Clock Uncertainty:          0.330ns  ((TSJ^2 + TIJ^2)^1/2 + DJ) / 2 + PE
    Total System Jitter (TSJ):  0.000ns
    Total Input Jitter (TIJ):   0.000ns
    Discrete Jitter (DJ):       0.419ns
    Phase Error (PE):           0.120ns

  Maximum Data Path: tlk_imp/tlk_csr_30_1 to tlk_imp/tlkfifo_imp/U0/xst_fifo_generator/gconvfifo.rf/grf.rf/gntv_or_sync_fifo.mem/gbm.gbmg.gbmga.ngecc.bmg/gnativebmg.native_blk_mem_gen/valid.cstr/ramloop[0].ram.r/v4_noinit.ram/SDP.SINGLE_PRIM.SDP
    Location             Delay type         Delay(ns)  Physical Resource
                                                       Logical Resource(s)
    -------------------------------------------------  -------------------
    SLICE_X45Y171.YQ     Tcko                  0.340   tlk_imp/tlk_csr_30_1
                                                       tlk_imp/tlk_csr_30_1
    SLICE_X45Y170.G4     net (fanout=1)        0.335   tlk_imp/tlk_csr_30_1
    SLICE_X45Y170.Y      Tilo                  0.194   tlk_imp/tlkfifo_imp/U0/xst_fifo_generator/gconvfifo.rf/grf.rf/gntv_or_sync_fifo.gl0.rd/gr1.rfwft/curr_fwft_state_FSM_FFd2
                                                       tlk_imp/fifo_re1
    SLICE_X48Y174.G3     net (fanout=6)        0.734   tlk_imp/fifo_re
    SLICE_X48Y174.Y      Tilo                  0.195   tlk_imp/tlkfifo_imp/U0/xst_fifo_generator/gconvfifo.rf/grf.rf/gntv_or_sync_fifo.gcx.clkx/gsync_stage[2].rd_stg_inst/Q_reg<6>
                                                       tlk_imp/tlkfifo_imp/U0/xst_fifo_generator/gconvfifo.rf/grf.rf/gntv_or_sync_fifo.gl0.rd/gr1.rfwft/RAM_RD_EN_FWFT1_1
    SLICE_X48Y174.F4     net (fanout=13)       0.170   tlk_imp/tlkfifo_imp/U0/xst_fifo_generator/gconvfifo.rf/grf.rf/gntv_or_sync_fifo.gl0.rd/gr1.rfwft/RAM_RD_EN_FWFT1
    SLICE_X48Y174.X      Tilo                  0.195   tlk_imp/tlkfifo_imp/U0/xst_fifo_generator/gconvfifo.rf/grf.rf/gntv_or_sync_fifo.gcx.clkx/gsync_stage[2].rd_stg_inst/Q_reg<6>
                                                       tlk_imp/tlkfifo_imp/U0/xst_fifo_generator/gconvfifo.rf/grf.rf/gntv_or_sync_fifo.mem/tmp_ram_rd_en1
    RAMB16_X2Y20.ENB     net (fanout=1)        0.730   tlk_imp/tlkfifo_imp/U0/xst_fifo_generator/gconvfifo.rf/grf.rf/gntv_or_sync_fifo.mem/tmp_ram_rd_en
    RAMB16_X2Y20.CLKB    Trcck_ENB             0.518   tlk_imp/tlkfifo_imp/U0/xst_fifo_generator/gconvfifo.rf/grf.rf/gntv_or_sync_fifo.mem/gbm.gbmg.gbmga.ngecc.bmg/gnativebmg.native_blk_mem_gen/valid.cstr/ramloop[0].ram.r/v4_noinit.ram/SDP.SINGLE_PRIM.SDP
                                                       tlk_imp/tlkfifo_imp/U0/xst_fifo_generator/gconvfifo.rf/grf.rf/gntv_or_sync_fifo.mem/gbm.gbmg.gbmga.ngecc.bmg/gnativebmg.native_blk_mem_gen/valid.cstr/ramloop[0].ram.r/v4_noinit.ram/SDP.SINGLE_PRIM.SDP
    -------------------------------------------------  ---------------------------
    Total                                      3.411ns (1.442ns logic, 1.969ns route)
                                                       (42.3% logic, 57.7% route)

--------------------------------------------------------------------------------

Paths for end point tlk_imp/tlkfifo_imp/U0/xst_fifo_generator/gconvfifo.rf/grf.rf/gntv_or_sync_fifo.gl0.rd/rpntr/count_8 (SLICE_X50Y182.CE), 1 path
--------------------------------------------------------------------------------
Delay (setup path):     9.343ns (data path - clock path skew + uncertainty)
  Source:               tlk_imp/tlk_csr_30_1 (FF)
  Destination:          tlk_imp/tlkfifo_imp/U0/xst_fifo_generator/gconvfifo.rf/grf.rf/gntv_or_sync_fifo.gl0.rd/rpntr/count_8 (FF)
  Data Path Delay:      3.437ns (Levels of Logic = 2)
  Clock Path Skew:      -5.576ns (-0.749 - 4.827)
  Source Clock:         CLK15NS rising at 15.000ns
  Destination Clock:    TLK_GTX_CLK rising at 16.000ns
  Clock Uncertainty:    0.330ns

  Clock Uncertainty:          0.330ns  ((TSJ^2 + TIJ^2)^1/2 + DJ) / 2 + PE
    Total System Jitter (TSJ):  0.000ns
    Total Input Jitter (TIJ):   0.000ns
    Discrete Jitter (DJ):       0.419ns
    Phase Error (PE):           0.120ns

  Maximum Data Path: tlk_imp/tlk_csr_30_1 to tlk_imp/tlkfifo_imp/U0/xst_fifo_generator/gconvfifo.rf/grf.rf/gntv_or_sync_fifo.gl0.rd/rpntr/count_8
    Location             Delay type         Delay(ns)  Physical Resource
                                                       Logical Resource(s)
    -------------------------------------------------  -------------------
    SLICE_X45Y171.YQ     Tcko                  0.340   tlk_imp/tlk_csr_30_1
                                                       tlk_imp/tlk_csr_30_1
    SLICE_X45Y170.G4     net (fanout=1)        0.335   tlk_imp/tlk_csr_30_1
    SLICE_X45Y170.Y      Tilo                  0.194   tlk_imp/tlkfifo_imp/U0/xst_fifo_generator/gconvfifo.rf/grf.rf/gntv_or_sync_fifo.gl0.rd/gr1.rfwft/curr_fwft_state_FSM_FFd2
                                                       tlk_imp/fifo_re1
    SLICE_X48Y174.G3     net (fanout=6)        0.734   tlk_imp/fifo_re
    SLICE_X48Y174.Y      Tilo                  0.195   tlk_imp/tlkfifo_imp/U0/xst_fifo_generator/gconvfifo.rf/grf.rf/gntv_or_sync_fifo.gcx.clkx/gsync_stage[2].rd_stg_inst/Q_reg<6>
                                                       tlk_imp/tlkfifo_imp/U0/xst_fifo_generator/gconvfifo.rf/grf.rf/gntv_or_sync_fifo.gl0.rd/gr1.rfwft/RAM_RD_EN_FWFT1_1
    SLICE_X50Y182.CE     net (fanout=13)       1.085   tlk_imp/tlkfifo_imp/U0/xst_fifo_generator/gconvfifo.rf/grf.rf/gntv_or_sync_fifo.gl0.rd/gr1.rfwft/RAM_RD_EN_FWFT1
    SLICE_X50Y182.CLK    Tceck                 0.554   tlk_imp/tlkfifo_imp/U0/xst_fifo_generator/gconvfifo.rf/grf.rf/gntv_or_sync_fifo.gl0.rd/rpntr/count<8>
                                                       tlk_imp/tlkfifo_imp/U0/xst_fifo_generator/gconvfifo.rf/grf.rf/gntv_or_sync_fifo.gl0.rd/rpntr/count_8
    -------------------------------------------------  ---------------------------
    Total                                      3.437ns (1.283ns logic, 2.154ns route)
                                                       (37.3% logic, 62.7% route)

--------------------------------------------------------------------------------

Paths for end point tlk_imp/tlkfifo_imp/U0/xst_fifo_generator/gconvfifo.rf/grf.rf/gntv_or_sync_fifo.gl0.rd/rpntr/count_9 (SLICE_X50Y182.CE), 1 path
--------------------------------------------------------------------------------
Delay (setup path):     9.343ns (data path - clock path skew + uncertainty)
  Source:               tlk_imp/tlk_csr_30_1 (FF)
  Destination:          tlk_imp/tlkfifo_imp/U0/xst_fifo_generator/gconvfifo.rf/grf.rf/gntv_or_sync_fifo.gl0.rd/rpntr/count_9 (FF)
  Data Path Delay:      3.437ns (Levels of Logic = 2)
  Clock Path Skew:      -5.576ns (-0.749 - 4.827)
  Source Clock:         CLK15NS rising at 15.000ns
  Destination Clock:    TLK_GTX_CLK rising at 16.000ns
  Clock Uncertainty:    0.330ns

  Clock Uncertainty:          0.330ns  ((TSJ^2 + TIJ^2)^1/2 + DJ) / 2 + PE
    Total System Jitter (TSJ):  0.000ns
    Total Input Jitter (TIJ):   0.000ns
    Discrete Jitter (DJ):       0.419ns
    Phase Error (PE):           0.120ns

  Maximum Data Path: tlk_imp/tlk_csr_30_1 to tlk_imp/tlkfifo_imp/U0/xst_fifo_generator/gconvfifo.rf/grf.rf/gntv_or_sync_fifo.gl0.rd/rpntr/count_9
    Location             Delay type         Delay(ns)  Physical Resource
                                                       Logical Resource(s)
    -------------------------------------------------  -------------------
    SLICE_X45Y171.YQ     Tcko                  0.340   tlk_imp/tlk_csr_30_1
                                                       tlk_imp/tlk_csr_30_1
    SLICE_X45Y170.G4     net (fanout=1)        0.335   tlk_imp/tlk_csr_30_1
    SLICE_X45Y170.Y      Tilo                  0.194   tlk_imp/tlkfifo_imp/U0/xst_fifo_generator/gconvfifo.rf/grf.rf/gntv_or_sync_fifo.gl0.rd/gr1.rfwft/curr_fwft_state_FSM_FFd2
                                                       tlk_imp/fifo_re1
    SLICE_X48Y174.G3     net (fanout=6)        0.734   tlk_imp/fifo_re
    SLICE_X48Y174.Y      Tilo                  0.195   tlk_imp/tlkfifo_imp/U0/xst_fifo_generator/gconvfifo.rf/grf.rf/gntv_or_sync_fifo.gcx.clkx/gsync_stage[2].rd_stg_inst/Q_reg<6>
                                                       tlk_imp/tlkfifo_imp/U0/xst_fifo_generator/gconvfifo.rf/grf.rf/gntv_or_sync_fifo.gl0.rd/gr1.rfwft/RAM_RD_EN_FWFT1_1
    SLICE_X50Y182.CE     net (fanout=13)       1.085   tlk_imp/tlkfifo_imp/U0/xst_fifo_generator/gconvfifo.rf/grf.rf/gntv_or_sync_fifo.gl0.rd/gr1.rfwft/RAM_RD_EN_FWFT1
    SLICE_X50Y182.CLK    Tceck                 0.554   tlk_imp/tlkfifo_imp/U0/xst_fifo_generator/gconvfifo.rf/grf.rf/gntv_or_sync_fifo.gl0.rd/rpntr/count<8>
                                                       tlk_imp/tlkfifo_imp/U0/xst_fifo_generator/gconvfifo.rf/grf.rf/gntv_or_sync_fifo.gl0.rd/rpntr/count_9
    -------------------------------------------------  ---------------------------
    Total                                      3.437ns (1.283ns logic, 2.154ns route)
                                                       (37.3% logic, 62.7% route)

--------------------------------------------------------------------------------

================================================================================
Timing constraint: TS_mi_imp_bdclk_0_1 = PERIOD TIMEGRP "mi_imp_bdclk_0_1" 
TS_BDCLK_IN_PAD_P HIGH         50%;
For more information, see Period Analysis in the Timing Closure User Guide (UG612).

 0 paths analyzed, 0 endpoints analyzed, 0 failing endpoints
 0 timing errors detected. (0 component switching limit errors)
 Minimum period is   1.949ns.
--------------------------------------------------------------------------------

Component Switching Limit Checks: TS_mi_imp_bdclk_0_1 = PERIOD TIMEGRP "mi_imp_bdclk_0_1" TS_BDCLK_IN_PAD_P HIGH
        50%;
--------------------------------------------------------------------------------
Slack: 18.051ns (period - min period limit)
  Period: 20.000ns
  Min period limit: 1.949ns (513.084MHz) (Tbcper_I1)
  Physical resource: mi_imp/bdclkmux_a/I0
  Logical resource: mi_imp/bdclkmux_a/I0
  Location pin: BUFGCTRL_X0Y28.I0
  Clock network: mi_imp/bdclk_fb
--------------------------------------------------------------------------------
Slack: 18.051ns (period - min period limit)
  Period: 20.000ns
  Min period limit: 1.949ns (513.084MHz) (Tbcper_I0)
  Physical resource: mi_imp/bdclkmux_a/I1
  Logical resource: mi_imp/bdclkmux_a/I1
  Location pin: BUFGCTRL_X0Y28.I1
  Clock network: mi_imp/bdclk_muldiv
--------------------------------------------------------------------------------
Slack: 18.942ns (period - (min low pulse limit / (low pulse / period)))
  Period: 20.000ns
  Low pulse: 10.000ns
  Low pulse limit: 0.529ns (Tcl)
  Physical resource: mi_imp/do_ext_trig/CLK
  Logical resource: mi_imp/do_ext_trig/CK
  Location pin: SLICE_X17Y145.CLK
  Clock network: bdclk
--------------------------------------------------------------------------------

================================================================================
Timing constraint: TS_mi_imp_bdclk_2x_1 = PERIOD TIMEGRP "mi_imp_bdclk_2x_1" 
TS_BDCLK_IN_PAD_P /         2 HIGH 50%;
For more information, see Period Analysis in the Timing Closure User Guide (UG612).

 0 paths analyzed, 0 endpoints analyzed, 0 failing endpoints
 0 timing errors detected. (0 component switching limit errors)
 Minimum period is   1.949ns.
--------------------------------------------------------------------------------

Component Switching Limit Checks: TS_mi_imp_bdclk_2x_1 = PERIOD TIMEGRP "mi_imp_bdclk_2x_1" TS_BDCLK_IN_PAD_P /
        2 HIGH 50%;
--------------------------------------------------------------------------------
Slack: 8.051ns (period - min period limit)
  Period: 10.000ns
  Min period limit: 1.949ns (513.084MHz) (Tbcper_I1)
  Physical resource: mi_imp/bdclkmux_a/I0
  Logical resource: mi_imp/bdclkmux_a/I0
  Location pin: BUFGCTRL_X0Y28.I0
  Clock network: mi_imp/bdclk_fb
--------------------------------------------------------------------------------
Slack: 8.051ns (period - min period limit)
  Period: 10.000ns
  Min period limit: 1.949ns (513.084MHz) (Tbcper_I0)
  Physical resource: mi_imp/bdclkmux_a/I1
  Logical resource: mi_imp/bdclkmux_a/I1
  Location pin: BUFGCTRL_X0Y28.I1
  Clock network: mi_imp/bdclk_muldiv
--------------------------------------------------------------------------------
Slack: 8.051ns (period - min period limit)
  Period: 10.000ns
  Min period limit: 1.949ns (513.084MHz) (Tbcper_I1)
  Physical resource: mi_imp/bdclkmux_b/I0
  Logical resource: mi_imp/bdclkmux_b/I0
  Location pin: BUFGCTRL_X0Y30.I0
  Clock network: mi_imp/bdclk_2x
--------------------------------------------------------------------------------

================================================================================
Timing constraint: TS_mi_imp_bdclk_div_1 = PERIOD TIMEGRP "mi_imp_bdclk_div_1" 
TS_BDCLK_IN_PAD_P         * 2 HIGH 50%;
For more information, see Period Analysis in the Timing Closure User Guide (UG612).

 0 paths analyzed, 0 endpoints analyzed, 0 failing endpoints
 0 timing errors detected. (0 component switching limit errors)
 Minimum period is   1.949ns.
--------------------------------------------------------------------------------

Component Switching Limit Checks: TS_mi_imp_bdclk_div_1 = PERIOD TIMEGRP "mi_imp_bdclk_div_1" TS_BDCLK_IN_PAD_P
        * 2 HIGH 50%;
--------------------------------------------------------------------------------
Slack: 38.051ns (period - min period limit)
  Period: 40.000ns
  Min period limit: 1.949ns (513.084MHz) (Tbcper_I1)
  Physical resource: mi_imp/bdclkmux_a/I0
  Logical resource: mi_imp/bdclkmux_a/I0
  Location pin: BUFGCTRL_X0Y28.I0
  Clock network: mi_imp/bdclk_fb
--------------------------------------------------------------------------------
Slack: 38.051ns (period - min period limit)
  Period: 40.000ns
  Min period limit: 1.949ns (513.084MHz) (Tbcper_I0)
  Physical resource: mi_imp/bdclkmux_a/I1
  Logical resource: mi_imp/bdclkmux_a/I1
  Location pin: BUFGCTRL_X0Y28.I1
  Clock network: mi_imp/bdclk_muldiv
--------------------------------------------------------------------------------
Slack: 38.051ns (period - min period limit)
  Period: 40.000ns
  Min period limit: 1.949ns (513.084MHz) (Tbcper_I1)
  Physical resource: mi_imp/bdclkmux_b/I0
  Logical resource: mi_imp/bdclkmux_b/I0
  Location pin: BUFGCTRL_X0Y30.I0
  Clock network: mi_imp/bdclk_2x
--------------------------------------------------------------------------------

================================================================================
Timing constraint: TS_mi_imp_bdclk_0_2 = PERIOD TIMEGRP "mi_imp_bdclk_0_2" 
TS_BDCLK_IN_PAD_N HIGH         50%;
For more information, see Period Analysis in the Timing Closure User Guide (UG612).

 0 paths analyzed, 0 endpoints analyzed, 0 failing endpoints
 0 timing errors detected. (0 component switching limit errors)
 Minimum period is   1.949ns.
--------------------------------------------------------------------------------

Component Switching Limit Checks: TS_mi_imp_bdclk_0_2 = PERIOD TIMEGRP "mi_imp_bdclk_0_2" TS_BDCLK_IN_PAD_N HIGH
        50%;
--------------------------------------------------------------------------------
Slack: 18.051ns (period - min period limit)
  Period: 20.000ns
  Min period limit: 1.949ns (513.084MHz) (Tbcper_I1)
  Physical resource: mi_imp/bdclkmux_a/I0
  Logical resource: mi_imp/bdclkmux_a/I0
  Location pin: BUFGCTRL_X0Y28.I0
  Clock network: mi_imp/bdclk_fb
--------------------------------------------------------------------------------
Slack: 18.051ns (period - min period limit)
  Period: 20.000ns
  Min period limit: 1.949ns (513.084MHz) (Tbcper_I0)
  Physical resource: mi_imp/bdclkmux_a/I1
  Logical resource: mi_imp/bdclkmux_a/I1
  Location pin: BUFGCTRL_X0Y28.I1
  Clock network: mi_imp/bdclk_muldiv
--------------------------------------------------------------------------------
Slack: 18.942ns (period - (min low pulse limit / (low pulse / period)))
  Period: 20.000ns
  Low pulse: 10.000ns
  Low pulse limit: 0.529ns (Tcl)
  Physical resource: mi_imp/do_ext_trig/CLK
  Logical resource: mi_imp/do_ext_trig/CK
  Location pin: SLICE_X17Y145.CLK
  Clock network: bdclk
--------------------------------------------------------------------------------

================================================================================
Timing constraint: TS_mi_imp_bdclk_2x_2 = PERIOD TIMEGRP "mi_imp_bdclk_2x_2" 
TS_BDCLK_IN_PAD_N /         2 HIGH 50%;
For more information, see Period Analysis in the Timing Closure User Guide (UG612).

 0 paths analyzed, 0 endpoints analyzed, 0 failing endpoints
 0 timing errors detected. (0 component switching limit errors)
 Minimum period is   1.949ns.
--------------------------------------------------------------------------------

Component Switching Limit Checks: TS_mi_imp_bdclk_2x_2 = PERIOD TIMEGRP "mi_imp_bdclk_2x_2" TS_BDCLK_IN_PAD_N /
        2 HIGH 50%;
--------------------------------------------------------------------------------
Slack: 8.051ns (period - min period limit)
  Period: 10.000ns
  Min period limit: 1.949ns (513.084MHz) (Tbcper_I1)
  Physical resource: mi_imp/bdclkmux_a/I0
  Logical resource: mi_imp/bdclkmux_a/I0
  Location pin: BUFGCTRL_X0Y28.I0
  Clock network: mi_imp/bdclk_fb
--------------------------------------------------------------------------------
Slack: 8.051ns (period - min period limit)
  Period: 10.000ns
  Min period limit: 1.949ns (513.084MHz) (Tbcper_I0)
  Physical resource: mi_imp/bdclkmux_a/I1
  Logical resource: mi_imp/bdclkmux_a/I1
  Location pin: BUFGCTRL_X0Y28.I1
  Clock network: mi_imp/bdclk_muldiv
--------------------------------------------------------------------------------
Slack: 8.051ns (period - min period limit)
  Period: 10.000ns
  Min period limit: 1.949ns (513.084MHz) (Tbcper_I1)
  Physical resource: mi_imp/bdclkmux_b/I0
  Logical resource: mi_imp/bdclkmux_b/I0
  Location pin: BUFGCTRL_X0Y30.I0
  Clock network: mi_imp/bdclk_2x
--------------------------------------------------------------------------------

================================================================================
Timing constraint: TS_mi_imp_bdclk_div_2 = PERIOD TIMEGRP "mi_imp_bdclk_div_2" 
TS_BDCLK_IN_PAD_N         * 2 HIGH 50%;
For more information, see Period Analysis in the Timing Closure User Guide (UG612).

 3 paths analyzed, 3 endpoints analyzed, 0 failing endpoints
 0 timing errors detected. (0 setup errors, 0 hold errors, 0 component switching limit errors)
 Minimum period is  10.560ns.
--------------------------------------------------------------------------------

Paths for end point mi_imp/do_ext_trig (SLICE_X17Y145.CE), 1 path
--------------------------------------------------------------------------------
Slack (setup path):     7.360ns (requirement - (data path - clock path skew + uncertainty))
  Source:               trigpattern_imp/DLY_0 (FF)
  Destination:          mi_imp/do_ext_trig (FF)
  Requirement:          10.000ns
  Data Path Delay:      2.460ns (Levels of Logic = 1)
  Clock Path Skew:      0.000ns
  Source Clock:         bdclk_in falling at 0.000ns
  Destination Clock:    bdclk rising at 10.000ns
  Clock Uncertainty:    0.180ns

  Clock Uncertainty:          0.180ns  ((TSJ^2 + TIJ^2)^1/2 + DJ) / 2 + PE
    Total System Jitter (TSJ):  0.000ns
    Total Input Jitter (TIJ):   0.000ns
    Discrete Jitter (DJ):       0.120ns
    Phase Error (PE):           0.120ns

  Maximum Data Path: trigpattern_imp/DLY_0 to mi_imp/do_ext_trig
    Location             Delay type         Delay(ns)  Physical Resource
                                                       Logical Resource(s)
    -------------------------------------------------  -------------------
    SLICE_X7Y147.YQ      Tcko                  0.286   trigpattern_imp/DLY<0>
                                                       trigpattern_imp/DLY_0
    SLICE_X16Y145.G3     net (fanout=3)        0.973   trigpattern_imp/DLY<0>
    SLICE_X16Y145.Y      Tilo                  0.195   mi_imp/master_csr<8>
                                                       mi_imp/do_ext_trig_not00011
    SLICE_X17Y145.CE     net (fanout=1)        0.453   mi_imp/do_ext_trig_not0001
    SLICE_X17Y145.CLK    Tceck                 0.553   mi_imp/do_ext_trig
                                                       mi_imp/do_ext_trig
    -------------------------------------------------  ---------------------------
    Total                                      2.460ns (1.034ns logic, 1.426ns route)
                                                       (42.0% logic, 58.0% route)

--------------------------------------------------------------------------------

Paths for end point mi_imp/last_ext_trig (SLICE_X16Y144.BY), 1 path
--------------------------------------------------------------------------------
Slack (setup path):     7.870ns (requirement - (data path - clock path skew + uncertainty))
  Source:               trigpattern_imp/DLY_0 (FF)
  Destination:          mi_imp/last_ext_trig (FF)
  Requirement:          10.000ns
  Data Path Delay:      1.950ns (Levels of Logic = 0)
  Clock Path Skew:      0.000ns
  Source Clock:         bdclk_in falling at 0.000ns
  Destination Clock:    bdclk rising at 10.000ns
  Clock Uncertainty:    0.180ns

  Clock Uncertainty:          0.180ns  ((TSJ^2 + TIJ^2)^1/2 + DJ) / 2 + PE
    Total System Jitter (TSJ):  0.000ns
    Total Input Jitter (TIJ):   0.000ns
    Discrete Jitter (DJ):       0.120ns
    Phase Error (PE):           0.120ns

  Maximum Data Path: trigpattern_imp/DLY_0 to mi_imp/last_ext_trig
    Location             Delay type         Delay(ns)  Physical Resource
                                                       Logical Resource(s)
    -------------------------------------------------  -------------------
    SLICE_X7Y147.YQ      Tcko                  0.286   trigpattern_imp/DLY<0>
                                                       trigpattern_imp/DLY_0
    SLICE_X16Y144.BY     net (fanout=3)        1.384   trigpattern_imp/DLY<0>
    SLICE_X16Y144.CLK    Tdick                 0.280   mi_imp/last_ext_trig
                                                       mi_imp/last_ext_trig
    -------------------------------------------------  ---------------------------
    Total                                      1.950ns (0.566ns logic, 1.384ns route)
                                                       (29.0% logic, 71.0% route)

--------------------------------------------------------------------------------

Paths for end point mi_imp/do_ext_trig (SLICE_X17Y145.G3), 1 path
--------------------------------------------------------------------------------
Slack (setup path):     8.338ns (requirement - (data path - clock path skew + uncertainty))
  Source:               trigpattern_imp/DLY_0 (FF)
  Destination:          mi_imp/do_ext_trig (FF)
  Requirement:          10.000ns
  Data Path Delay:      1.482ns (Levels of Logic = 1)
  Clock Path Skew:      0.000ns
  Source Clock:         bdclk_in falling at 0.000ns
  Destination Clock:    bdclk rising at 10.000ns
  Clock Uncertainty:    0.180ns

  Clock Uncertainty:          0.180ns  ((TSJ^2 + TIJ^2)^1/2 + DJ) / 2 + PE
    Total System Jitter (TSJ):  0.000ns
    Total Input Jitter (TIJ):   0.000ns
    Discrete Jitter (DJ):       0.120ns
    Phase Error (PE):           0.120ns

  Maximum Data Path: trigpattern_imp/DLY_0 to mi_imp/do_ext_trig
    Location             Delay type         Delay(ns)  Physical Resource
                                                       Logical Resource(s)
    -------------------------------------------------  -------------------
    SLICE_X7Y147.YQ      Tcko                  0.286   trigpattern_imp/DLY<0>
                                                       trigpattern_imp/DLY_0
    SLICE_X17Y145.G3     net (fanout=3)        0.965   trigpattern_imp/DLY<0>
    SLICE_X17Y145.CLK    Tgck                  0.231   mi_imp/do_ext_trig
                                                       mi_imp/do_ext_trig_mux00001
                                                       mi_imp/do_ext_trig
    -------------------------------------------------  ---------------------------
    Total                                      1.482ns (0.517ns logic, 0.965ns route)
                                                       (34.9% logic, 65.1% route)

--------------------------------------------------------------------------------

Hold Paths: TS_mi_imp_bdclk_div_2 = PERIOD TIMEGRP "mi_imp_bdclk_div_2" TS_BDCLK_IN_PAD_N
        * 2 HIGH 50%;
--------------------------------------------------------------------------------

Paths for end point mi_imp/do_ext_trig (SLICE_X17Y145.G3), 1 path
--------------------------------------------------------------------------------
Slack (hold path):      1.845ns (requirement - (clock path skew + uncertainty - data path))
  Source:               trigpattern_imp/DLY_0 (FF)
  Destination:          mi_imp/do_ext_trig (FF)
  Requirement:          10.000ns
  Data Path Delay:      1.025ns (Levels of Logic = 1)
  Clock Path Skew:      9.000ns (10.495 - 1.495)
  Source Clock:         bdclk_in falling at 20.000ns
  Destination Clock:    bdclk rising at 10.000ns
  Clock Uncertainty:    0.180ns

  Clock Uncertainty:          0.180ns  ((TSJ^2 + TIJ^2)^1/2 + DJ) / 2 + PE
    Total System Jitter (TSJ):  0.000ns
    Total Input Jitter (TIJ):   0.000ns
    Discrete Jitter (DJ):       0.120ns
    Phase Error (PE):           0.120ns

  Minimum Data Path: trigpattern_imp/DLY_0 to mi_imp/do_ext_trig
    Location             Delay type         Delay(ns)  Physical Resource
                                                       Logical Resource(s)
    -------------------------------------------------  -------------------
    SLICE_X7Y147.YQ      Tcko                  0.263   trigpattern_imp/DLY<0>
                                                       trigpattern_imp/DLY_0
    SLICE_X17Y145.G3     net (fanout=3)        0.887   trigpattern_imp/DLY<0>
    SLICE_X17Y145.CLK    Tckg        (-Th)     0.125   mi_imp/do_ext_trig
                                                       mi_imp/do_ext_trig_mux00001
                                                       mi_imp/do_ext_trig
    -------------------------------------------------  ---------------------------
    Total                                      1.025ns (0.138ns logic, 0.887ns route)
                                                       (13.5% logic, 86.5% route)

--------------------------------------------------------------------------------

Paths for end point mi_imp/last_ext_trig (SLICE_X16Y144.BY), 1 path
--------------------------------------------------------------------------------
Slack (hold path):      2.275ns (requirement - (clock path skew + uncertainty - data path))
  Source:               trigpattern_imp/DLY_0 (FF)
  Destination:          mi_imp/last_ext_trig (FF)
  Requirement:          10.000ns
  Data Path Delay:      1.455ns (Levels of Logic = 0)
  Clock Path Skew:      9.000ns (10.495 - 1.495)
  Source Clock:         bdclk_in falling at 20.000ns
  Destination Clock:    bdclk rising at 10.000ns
  Clock Uncertainty:    0.180ns

  Clock Uncertainty:          0.180ns  ((TSJ^2 + TIJ^2)^1/2 + DJ) / 2 + PE
    Total System Jitter (TSJ):  0.000ns
    Total Input Jitter (TIJ):   0.000ns
    Discrete Jitter (DJ):       0.120ns
    Phase Error (PE):           0.120ns

  Minimum Data Path: trigpattern_imp/DLY_0 to mi_imp/last_ext_trig
    Location             Delay type         Delay(ns)  Physical Resource
                                                       Logical Resource(s)
    -------------------------------------------------  -------------------
    SLICE_X7Y147.YQ      Tcko                  0.263   trigpattern_imp/DLY<0>
                                                       trigpattern_imp/DLY_0
    SLICE_X16Y144.BY     net (fanout=3)        1.273   trigpattern_imp/DLY<0>
    SLICE_X16Y144.CLK    Tckdi       (-Th)     0.081   mi_imp/last_ext_trig
                                                       mi_imp/last_ext_trig
    -------------------------------------------------  ---------------------------
    Total                                      1.455ns (0.182ns logic, 1.273ns route)
                                                       (12.5% logic, 87.5% route)

--------------------------------------------------------------------------------

Paths for end point mi_imp/do_ext_trig (SLICE_X17Y145.CE), 1 path
--------------------------------------------------------------------------------
Slack (hold path):      2.576ns (requirement - (clock path skew + uncertainty - data path))
  Source:               trigpattern_imp/DLY_0 (FF)
  Destination:          mi_imp/do_ext_trig (FF)
  Requirement:          10.000ns
  Data Path Delay:      1.756ns (Levels of Logic = 1)
  Clock Path Skew:      9.000ns (10.495 - 1.495)
  Source Clock:         bdclk_in falling at 20.000ns
  Destination Clock:    bdclk rising at 10.000ns
  Clock Uncertainty:    0.180ns

  Clock Uncertainty:          0.180ns  ((TSJ^2 + TIJ^2)^1/2 + DJ) / 2 + PE
    Total System Jitter (TSJ):  0.000ns
    Total Input Jitter (TIJ):   0.000ns
    Discrete Jitter (DJ):       0.120ns
    Phase Error (PE):           0.120ns

  Minimum Data Path: trigpattern_imp/DLY_0 to mi_imp/do_ext_trig
    Location             Delay type         Delay(ns)  Physical Resource
                                                       Logical Resource(s)
    -------------------------------------------------  -------------------
    SLICE_X7Y147.YQ      Tcko                  0.263   trigpattern_imp/DLY<0>
                                                       trigpattern_imp/DLY_0
    SLICE_X16Y145.G3     net (fanout=3)        0.895   trigpattern_imp/DLY<0>
    SLICE_X16Y145.Y      Tilo                  0.179   mi_imp/master_csr<8>
                                                       mi_imp/do_ext_trig_not00011
    SLICE_X17Y145.CE     net (fanout=1)        0.417   mi_imp/do_ext_trig_not0001
    SLICE_X17Y145.CLK    Tckce       (-Th)    -0.002   mi_imp/do_ext_trig
                                                       mi_imp/do_ext_trig
    -------------------------------------------------  ---------------------------
    Total                                      1.756ns (0.444ns logic, 1.312ns route)
                                                       (25.3% logic, 74.7% route)

--------------------------------------------------------------------------------

Component Switching Limit Checks: TS_mi_imp_bdclk_div_2 = PERIOD TIMEGRP "mi_imp_bdclk_div_2" TS_BDCLK_IN_PAD_N
        * 2 HIGH 50%;
--------------------------------------------------------------------------------
Slack: 38.051ns (period - min period limit)
  Period: 40.000ns
  Min period limit: 1.949ns (513.084MHz) (Tbcper_I1)
  Physical resource: mi_imp/bdclkmux_a/I0
  Logical resource: mi_imp/bdclkmux_a/I0
  Location pin: BUFGCTRL_X0Y28.I0
  Clock network: mi_imp/bdclk_fb
--------------------------------------------------------------------------------
Slack: 38.051ns (period - min period limit)
  Period: 40.000ns
  Min period limit: 1.949ns (513.084MHz) (Tbcper_I0)
  Physical resource: mi_imp/bdclkmux_a/I1
  Logical resource: mi_imp/bdclkmux_a/I1
  Location pin: BUFGCTRL_X0Y28.I1
  Clock network: mi_imp/bdclk_muldiv
--------------------------------------------------------------------------------
Slack: 38.051ns (period - min period limit)
  Period: 40.000ns
  Min period limit: 1.949ns (513.084MHz) (Tbcper_I1)
  Physical resource: mi_imp/bdclkmux_b/I0
  Logical resource: mi_imp/bdclkmux_b/I0
  Location pin: BUFGCTRL_X0Y30.I0
  Clock network: mi_imp/bdclk_2x
--------------------------------------------------------------------------------

================================================================================
Timing constraint: TS_tlk_imp_tlkclk_clkfx = PERIOD TIMEGRP 
"tlk_imp_tlkclk_clkfx" TS_CLK15NS /         1.875 HIGH 50%;
For more information, see Period Analysis in the Timing Closure User Guide (UG612).

 1291 paths analyzed, 498 endpoints analyzed, 0 failing endpoints
 0 timing errors detected. (0 setup errors, 0 hold errors, 0 component switching limit errors)
 Minimum period is   4.421ns.
--------------------------------------------------------------------------------

Paths for end point tlk_imp/tlk_txcount_28 (SLICE_X27Y174.CE), 1 path
--------------------------------------------------------------------------------
Slack (setup path):     3.579ns (requirement - (data path - clock path skew + uncertainty))
  Source:               tlk_imp/tlkfifo_imp/U0/xst_fifo_generator/gconvfifo.rf/grf.rf/gntv_or_sync_fifo.gl0.rd/gr1.rfwft/empty_fwft_i (FF)
  Destination:          tlk_imp/tlk_txcount_28 (FF)
  Requirement:          8.000ns
  Data Path Delay:      4.211ns (Levels of Logic = 1)
  Clock Path Skew:      0.000ns
  Source Clock:         TLK_GTX_CLK rising at 0.000ns
  Destination Clock:    TLK_GTX_CLK rising at 8.000ns
  Clock Uncertainty:    0.210ns

  Clock Uncertainty:          0.210ns  ((TSJ^2 + TIJ^2)^1/2 + DJ) / 2 + PE
    Total System Jitter (TSJ):  0.000ns
    Total Input Jitter (TIJ):   0.000ns
    Discrete Jitter (DJ):       0.419ns
    Phase Error (PE):           0.000ns

  Maximum Data Path: tlk_imp/tlkfifo_imp/U0/xst_fifo_generator/gconvfifo.rf/grf.rf/gntv_or_sync_fifo.gl0.rd/gr1.rfwft/empty_fwft_i to tlk_imp/tlk_txcount_28
    Location             Delay type         Delay(ns)  Physical Resource
                                                       Logical Resource(s)
    -------------------------------------------------  -------------------
    SLICE_X44Y171.YQ     Tcko                  0.360   tlk_imp/fifo_empty
                                                       tlk_imp/tlkfifo_imp/U0/xst_fifo_generator/gconvfifo.rf/grf.rf/gntv_or_sync_fifo.gl0.rd/gr1.rfwft/empty_fwft_i
    SLICE_X32Y163.G1     net (fanout=4)        1.336   tlk_imp/fifo_empty
    SLICE_X32Y163.Y      Tilo                  0.195   tlk_imp/fifo_re1
                                                       tlk_imp/fifo_re1_1
    SLICE_X27Y174.CE     net (fanout=16)       1.767   tlk_imp/fifo_re1
    SLICE_X27Y174.CLK    Tceck                 0.553   tlk_imp/tlk_txcount<28>
                                                       tlk_imp/tlk_txcount_28
    -------------------------------------------------  ---------------------------
    Total                                      4.211ns (1.108ns logic, 3.103ns route)
                                                       (26.3% logic, 73.7% route)

--------------------------------------------------------------------------------

Paths for end point tlk_imp/tlk_txcount_29 (SLICE_X27Y174.CE), 1 path
--------------------------------------------------------------------------------
Slack (setup path):     3.579ns (requirement - (data path - clock path skew + uncertainty))
  Source:               tlk_imp/tlkfifo_imp/U0/xst_fifo_generator/gconvfifo.rf/grf.rf/gntv_or_sync_fifo.gl0.rd/gr1.rfwft/empty_fwft_i (FF)
  Destination:          tlk_imp/tlk_txcount_29 (FF)
  Requirement:          8.000ns
  Data Path Delay:      4.211ns (Levels of Logic = 1)
  Clock Path Skew:      0.000ns
  Source Clock:         TLK_GTX_CLK rising at 0.000ns
  Destination Clock:    TLK_GTX_CLK rising at 8.000ns
  Clock Uncertainty:    0.210ns

  Clock Uncertainty:          0.210ns  ((TSJ^2 + TIJ^2)^1/2 + DJ) / 2 + PE
    Total System Jitter (TSJ):  0.000ns
    Total Input Jitter (TIJ):   0.000ns
    Discrete Jitter (DJ):       0.419ns
    Phase Error (PE):           0.000ns

  Maximum Data Path: tlk_imp/tlkfifo_imp/U0/xst_fifo_generator/gconvfifo.rf/grf.rf/gntv_or_sync_fifo.gl0.rd/gr1.rfwft/empty_fwft_i to tlk_imp/tlk_txcount_29
    Location             Delay type         Delay(ns)  Physical Resource
                                                       Logical Resource(s)
    -------------------------------------------------  -------------------
    SLICE_X44Y171.YQ     Tcko                  0.360   tlk_imp/fifo_empty
                                                       tlk_imp/tlkfifo_imp/U0/xst_fifo_generator/gconvfifo.rf/grf.rf/gntv_or_sync_fifo.gl0.rd/gr1.rfwft/empty_fwft_i
    SLICE_X32Y163.G1     net (fanout=4)        1.336   tlk_imp/fifo_empty
    SLICE_X32Y163.Y      Tilo                  0.195   tlk_imp/fifo_re1
                                                       tlk_imp/fifo_re1_1
    SLICE_X27Y174.CE     net (fanout=16)       1.767   tlk_imp/fifo_re1
    SLICE_X27Y174.CLK    Tceck                 0.553   tlk_imp/tlk_txcount<28>
                                                       tlk_imp/tlk_txcount_29
    -------------------------------------------------  ---------------------------
    Total                                      4.211ns (1.108ns logic, 3.103ns route)
                                                       (26.3% logic, 73.7% route)

--------------------------------------------------------------------------------

Paths for end point tlk_imp/tlk_txcount_30 (SLICE_X27Y175.CE), 1 path
--------------------------------------------------------------------------------
Slack (setup path):     3.579ns (requirement - (data path - clock path skew + uncertainty))
  Source:               tlk_imp/tlkfifo_imp/U0/xst_fifo_generator/gconvfifo.rf/grf.rf/gntv_or_sync_fifo.gl0.rd/gr1.rfwft/empty_fwft_i (FF)
  Destination:          tlk_imp/tlk_txcount_30 (FF)
  Requirement:          8.000ns
  Data Path Delay:      4.211ns (Levels of Logic = 1)
  Clock Path Skew:      0.000ns
  Source Clock:         TLK_GTX_CLK rising at 0.000ns
  Destination Clock:    TLK_GTX_CLK rising at 8.000ns
  Clock Uncertainty:    0.210ns

  Clock Uncertainty:          0.210ns  ((TSJ^2 + TIJ^2)^1/2 + DJ) / 2 + PE
    Total System Jitter (TSJ):  0.000ns
    Total Input Jitter (TIJ):   0.000ns
    Discrete Jitter (DJ):       0.419ns
    Phase Error (PE):           0.000ns

  Maximum Data Path: tlk_imp/tlkfifo_imp/U0/xst_fifo_generator/gconvfifo.rf/grf.rf/gntv_or_sync_fifo.gl0.rd/gr1.rfwft/empty_fwft_i to tlk_imp/tlk_txcount_30
    Location             Delay type         Delay(ns)  Physical Resource
                                                       Logical Resource(s)
    -------------------------------------------------  -------------------
    SLICE_X44Y171.YQ     Tcko                  0.360   tlk_imp/fifo_empty
                                                       tlk_imp/tlkfifo_imp/U0/xst_fifo_generator/gconvfifo.rf/grf.rf/gntv_or_sync_fifo.gl0.rd/gr1.rfwft/empty_fwft_i
    SLICE_X32Y163.G1     net (fanout=4)        1.336   tlk_imp/fifo_empty
    SLICE_X32Y163.Y      Tilo                  0.195   tlk_imp/fifo_re1
                                                       tlk_imp/fifo_re1_1
    SLICE_X27Y175.CE     net (fanout=16)       1.767   tlk_imp/fifo_re1
    SLICE_X27Y175.CLK    Tceck                 0.553   tlk_imp/tlk_txcount<30>
                                                       tlk_imp/tlk_txcount_30
    -------------------------------------------------  ---------------------------
    Total                                      4.211ns (1.108ns logic, 3.103ns route)
                                                       (26.3% logic, 73.7% route)

--------------------------------------------------------------------------------

Hold Paths: TS_tlk_imp_tlkclk_clkfx = PERIOD TIMEGRP "tlk_imp_tlkclk_clkfx" TS_CLK15NS /
        1.875 HIGH 50%;
--------------------------------------------------------------------------------

Paths for end point tlk_imp/txsb_imp/U0/xst_fifo_generator/gconvfifo.rf/grf.rf/gntv_or_sync_fifo.gcx.clkx/rd_pntr_bin_2 (SLICE_X32Y179.G4), 1 path
--------------------------------------------------------------------------------
Slack (hold path):      0.510ns (requirement - (clock path skew + uncertainty - data path))
  Source:               tlk_imp/txsb_imp/U0/xst_fifo_generator/gconvfifo.rf/grf.rf/gntv_or_sync_fifo.gcx.clkx/gsync_stage[2].wr_stg_inst/Q_reg_4 (FF)
  Destination:          tlk_imp/txsb_imp/U0/xst_fifo_generator/gconvfifo.rf/grf.rf/gntv_or_sync_fifo.gcx.clkx/rd_pntr_bin_2 (FF)
  Requirement:          0.000ns
  Data Path Delay:      0.514ns (Levels of Logic = 1)
  Clock Path Skew:      0.004ns (0.120 - 0.116)
  Source Clock:         TLK_GTX_CLK rising at 8.000ns
  Destination Clock:    TLK_GTX_CLK rising at 8.000ns
  Clock Uncertainty:    0.000ns

  Minimum Data Path: tlk_imp/txsb_imp/U0/xst_fifo_generator/gconvfifo.rf/grf.rf/gntv_or_sync_fifo.gcx.clkx/gsync_stage[2].wr_stg_inst/Q_reg_4 to tlk_imp/txsb_imp/U0/xst_fifo_generator/gconvfifo.rf/grf.rf/gntv_or_sync_fifo.gcx.clkx/rd_pntr_bin_2
    Location             Delay type         Delay(ns)  Physical Resource
                                                       Logical Resource(s)
    -------------------------------------------------  -------------------
    SLICE_X33Y177.YQ     Tcko                  0.313   tlk_imp/txsb_imp/U0/xst_fifo_generator/gconvfifo.rf/grf.rf/gntv_or_sync_fifo.gcx.clkx/gsync_stage[2].wr_stg_inst/Q_reg<4>
                                                       tlk_imp/txsb_imp/U0/xst_fifo_generator/gconvfifo.rf/grf.rf/gntv_or_sync_fifo.gcx.clkx/gsync_stage[2].wr_stg_inst/Q_reg_4
    SLICE_X32Y179.G4     net (fanout=4)        0.344   tlk_imp/txsb_imp/U0/xst_fifo_generator/gconvfifo.rf/grf.rf/gntv_or_sync_fifo.gcx.clkx/gsync_stage[2].wr_stg_inst/Q_reg<4>
    SLICE_X32Y179.CLK    Tckg        (-Th)     0.143   tlk_imp/txsb_imp/U0/xst_fifo_generator/gconvfifo.rf/grf.rf/gntv_or_sync_fifo.gcx.clkx/rd_pntr_bin<2>
                                                       tlk_imp/txsb_imp/U0/xst_fifo_generator/gconvfifo.rf/grf.rf/gntv_or_sync_fifo.gcx.clkx/rd_pntr_bin_xor00051
                                                       tlk_imp/txsb_imp/U0/xst_fifo_generator/gconvfifo.rf/grf.rf/gntv_or_sync_fifo.gcx.clkx/rd_pntr_bin_2
    -------------------------------------------------  ---------------------------
    Total                                      0.514ns (0.170ns logic, 0.344ns route)
                                                       (33.1% logic, 66.9% route)

--------------------------------------------------------------------------------

Paths for end point tlk_imp/txsb_imp/U0/xst_fifo_generator/gconvfifo.rf/grf.rf/gntv_or_sync_fifo.gcx.clkx/gsync_stage[2].wr_stg_inst/Q_reg_6 (SLICE_X34Y181.BX), 1 path
--------------------------------------------------------------------------------
Slack (hold path):      0.520ns (requirement - (clock path skew + uncertainty - data path))
  Source:               tlk_imp/txsb_imp/U0/xst_fifo_generator/gconvfifo.rf/grf.rf/gntv_or_sync_fifo.gcx.clkx/gsync_stage[1].wr_stg_inst/Q_reg_6 (FF)
  Destination:          tlk_imp/txsb_imp/U0/xst_fifo_generator/gconvfifo.rf/grf.rf/gntv_or_sync_fifo.gcx.clkx/gsync_stage[2].wr_stg_inst/Q_reg_6 (FF)
  Requirement:          0.000ns
  Data Path Delay:      0.520ns (Levels of Logic = 0)
  Clock Path Skew:      0.000ns
  Source Clock:         TLK_GTX_CLK rising at 8.000ns
  Destination Clock:    TLK_GTX_CLK rising at 8.000ns
  Clock Uncertainty:    0.000ns

  Minimum Data Path: tlk_imp/txsb_imp/U0/xst_fifo_generator/gconvfifo.rf/grf.rf/gntv_or_sync_fifo.gcx.clkx/gsync_stage[1].wr_stg_inst/Q_reg_6 to tlk_imp/txsb_imp/U0/xst_fifo_generator/gconvfifo.rf/grf.rf/gntv_or_sync_fifo.gcx.clkx/gsync_stage[2].wr_stg_inst/Q_reg_6
    Location             Delay type         Delay(ns)  Physical Resource
                                                       Logical Resource(s)
    -------------------------------------------------  -------------------
    SLICE_X35Y180.YQ     Tcko                  0.313   tlk_imp/txsb_imp/U0/xst_fifo_generator/gconvfifo.rf/grf.rf/gntv_or_sync_fifo.gcx.clkx/gsync_stage[1].wr_stg_inst/Q_reg<6>
                                                       tlk_imp/txsb_imp/U0/xst_fifo_generator/gconvfifo.rf/grf.rf/gntv_or_sync_fifo.gcx.clkx/gsync_stage[1].wr_stg_inst/Q_reg_6
    SLICE_X34Y181.BX     net (fanout=1)        0.289   tlk_imp/txsb_imp/U0/xst_fifo_generator/gconvfifo.rf/grf.rf/gntv_or_sync_fifo.gcx.clkx/gsync_stage[1].wr_stg_inst/Q_reg<6>
    SLICE_X34Y181.CLK    Tckdi       (-Th)     0.082   tlk_imp/txsb_imp/U0/xst_fifo_generator/gconvfifo.rf/grf.rf/gntv_or_sync_fifo.gcx.clkx/gsync_stage[2].wr_stg_inst/Q_reg<6>
                                                       tlk_imp/txsb_imp/U0/xst_fifo_generator/gconvfifo.rf/grf.rf/gntv_or_sync_fifo.gcx.clkx/gsync_stage[2].wr_stg_inst/Q_reg_6
    -------------------------------------------------  ---------------------------
    Total                                      0.520ns (0.231ns logic, 0.289ns route)
                                                       (44.4% logic, 55.6% route)

--------------------------------------------------------------------------------

Paths for end point tlk_imp/dout_14 (SLICE_X48Y166.BX), 1 path
--------------------------------------------------------------------------------
Slack (hold path):      0.520ns (requirement - (clock path skew + uncertainty - data path))
  Source:               tlk_imp/tlkfifo_imp/U0/xst_fifo_generator/gconvfifo.rf/grf.rf/gntv_or_sync_fifo.mem/dout_i_14 (FF)
  Destination:          tlk_imp/dout_14 (FF)
  Requirement:          0.000ns
  Data Path Delay:      0.520ns (Levels of Logic = 0)
  Clock Path Skew:      0.000ns
  Source Clock:         TLK_GTX_CLK rising at 8.000ns
  Destination Clock:    TLK_GTX_CLK rising at 8.000ns
  Clock Uncertainty:    0.000ns

  Minimum Data Path: tlk_imp/tlkfifo_imp/U0/xst_fifo_generator/gconvfifo.rf/grf.rf/gntv_or_sync_fifo.mem/dout_i_14 to tlk_imp/dout_14
    Location             Delay type         Delay(ns)  Physical Resource
                                                       Logical Resource(s)
    -------------------------------------------------  -------------------
    SLICE_X49Y166.XQ     Tcko                  0.313   tlk_imp/fifo_dout<14>
                                                       tlk_imp/tlkfifo_imp/U0/xst_fifo_generator/gconvfifo.rf/grf.rf/gntv_or_sync_fifo.mem/dout_i_14
    SLICE_X48Y166.BX     net (fanout=1)        0.289   tlk_imp/fifo_dout<14>
    SLICE_X48Y166.CLK    Tckdi       (-Th)     0.082   tlk_imp/dout<14>
                                                       tlk_imp/dout_14
    -------------------------------------------------  ---------------------------
    Total                                      0.520ns (0.231ns logic, 0.289ns route)
                                                       (44.4% logic, 55.6% route)

--------------------------------------------------------------------------------

Component Switching Limit Checks: TS_tlk_imp_tlkclk_clkfx = PERIOD TIMEGRP "tlk_imp_tlkclk_clkfx" TS_CLK15NS /
        1.875 HIGH 50%;
--------------------------------------------------------------------------------
Slack: 5.500ns (period - min period limit)
  Period: 8.000ns
  Min period limit: 2.500ns (400.000MHz) (Trper_CLKA)
  Physical resource: tlk_imp/txsb_imp/U0/xst_fifo_generator/gconvfifo.rf/grf.rf/gntv_or_sync_fifo.mem/gbm.gbmg.gbmga.ngecc.bmg/gnativebmg.native_blk_mem_gen/valid.cstr/ramloop[0].ram.r/v4_noinit.ram/SDP.SINGLE_PRIM.SDP/CLKA
  Logical resource: tlk_imp/txsb_imp/U0/xst_fifo_generator/gconvfifo.rf/grf.rf/gntv_or_sync_fifo.mem/gbm.gbmg.gbmga.ngecc.bmg/gnativebmg.native_blk_mem_gen/valid.cstr/ramloop[0].ram.r/v4_noinit.ram/SDP.SINGLE_PRIM.SDP/CLKA
  Location pin: RAMB16_X1Y21.CLKA
  Clock network: TLK_GTX_CLK
--------------------------------------------------------------------------------
Slack: 5.500ns (period - min period limit)
  Period: 8.000ns
  Min period limit: 2.500ns (400.000MHz) (Trper_CLKB)
  Physical resource: tlk_imp/tlkfifo_imp/U0/xst_fifo_generator/gconvfifo.rf/grf.rf/gntv_or_sync_fifo.mem/gbm.gbmg.gbmga.ngecc.bmg/gnativebmg.native_blk_mem_gen/valid.cstr/ramloop[0].ram.r/v4_noinit.ram/SDP.SINGLE_PRIM.SDP/CLKB
  Logical resource: tlk_imp/tlkfifo_imp/U0/xst_fifo_generator/gconvfifo.rf/grf.rf/gntv_or_sync_fifo.mem/gbm.gbmg.gbmga.ngecc.bmg/gnativebmg.native_blk_mem_gen/valid.cstr/ramloop[0].ram.r/v4_noinit.ram/SDP.SINGLE_PRIM.SDP/CLKB
  Location pin: RAMB16_X2Y20.CLKB
  Clock network: TLK_GTX_CLK
--------------------------------------------------------------------------------
Slack: 6.638ns (period - (min low pulse limit / (low pulse / period)))
  Period: 8.000ns
  Low pulse: 4.000ns
  Low pulse limit: 0.681ns (Trpw)
  Physical resource: tlk_imp/txsb_imp/U0/xst_fifo_generator/gconvfifo.rf/grf.rf/gntv_or_sync_fifo.gl0.wr/wpntr/count_d1<2>/SR
  Logical resource: tlk_imp/txsb_imp/U0/xst_fifo_generator/gconvfifo.rf/grf.rf/gntv_or_sync_fifo.gl0.wr/wpntr/count_d1_2/SR
  Location pin: SLICE_X39Y181.SR
  Clock network: tlk_imp/txsb_imp/U0/xst_fifo_generator/gconvfifo.rf/grf.rf/rstblk/wr_rst_reg<1>
--------------------------------------------------------------------------------

================================================================================
Timing constraint: TS_mi_imp_bdclk_0 = PERIOD TIMEGRP "mi_imp_bdclk_0" 
TS_CLK15NS HIGH 50%;
For more information, see Period Analysis in the Timing Closure User Guide (UG612).

 0 paths analyzed, 0 endpoints analyzed, 0 failing endpoints
 0 timing errors detected. (0 component switching limit errors)
 Minimum period is   1.949ns.
--------------------------------------------------------------------------------

Component Switching Limit Checks: TS_mi_imp_bdclk_0 = PERIOD TIMEGRP "mi_imp_bdclk_0" TS_CLK15NS HIGH 50%;
--------------------------------------------------------------------------------
Slack: 13.051ns (period - min period limit)
  Period: 15.000ns
  Min period limit: 1.949ns (513.084MHz) (Tbcper_I1)
  Physical resource: mi_imp/bdclkmux_a/I0
  Logical resource: mi_imp/bdclkmux_a/I0
  Location pin: BUFGCTRL_X0Y28.I0
  Clock network: mi_imp/bdclk_fb
--------------------------------------------------------------------------------
Slack: 13.051ns (period - min period limit)
  Period: 15.000ns
  Min period limit: 1.949ns (513.084MHz) (Tbcper_I0)
  Physical resource: mi_imp/bdclkmux_a/I1
  Logical resource: mi_imp/bdclkmux_a/I1
  Location pin: BUFGCTRL_X0Y28.I1
  Clock network: mi_imp/bdclk_muldiv
--------------------------------------------------------------------------------
Slack: 13.942ns (period - (min low pulse limit / (low pulse / period)))
  Period: 15.000ns
  Low pulse: 7.500ns
  Low pulse limit: 0.529ns (Tcl)
  Physical resource: mi_imp/do_ext_trig/CLK
  Logical resource: mi_imp/do_ext_trig/CK
  Location pin: SLICE_X17Y145.CLK
  Clock network: bdclk
--------------------------------------------------------------------------------

================================================================================
Timing constraint: TS_mi_imp_bdclk_2x = PERIOD TIMEGRP "mi_imp_bdclk_2x" 
TS_CLK15NS / 2 HIGH 50%;
For more information, see Period Analysis in the Timing Closure User Guide (UG612).

 0 paths analyzed, 0 endpoints analyzed, 0 failing endpoints
 0 timing errors detected. (0 component switching limit errors)
 Minimum period is   1.949ns.
--------------------------------------------------------------------------------

Component Switching Limit Checks: TS_mi_imp_bdclk_2x = PERIOD TIMEGRP "mi_imp_bdclk_2x" TS_CLK15NS / 2 HIGH 50%;
--------------------------------------------------------------------------------
Slack: 5.551ns (period - min period limit)
  Period: 7.500ns
  Min period limit: 1.949ns (513.084MHz) (Tbcper_I1)
  Physical resource: mi_imp/bdclkmux_a/I0
  Logical resource: mi_imp/bdclkmux_a/I0
  Location pin: BUFGCTRL_X0Y28.I0
  Clock network: mi_imp/bdclk_fb
--------------------------------------------------------------------------------
Slack: 5.551ns (period - min period limit)
  Period: 7.500ns
  Min period limit: 1.949ns (513.084MHz) (Tbcper_I0)
  Physical resource: mi_imp/bdclkmux_a/I1
  Logical resource: mi_imp/bdclkmux_a/I1
  Location pin: BUFGCTRL_X0Y28.I1
  Clock network: mi_imp/bdclk_muldiv
--------------------------------------------------------------------------------
Slack: 5.551ns (period - min period limit)
  Period: 7.500ns
  Min period limit: 1.949ns (513.084MHz) (Tbcper_I1)
  Physical resource: mi_imp/bdclkmux_b/I0
  Logical resource: mi_imp/bdclkmux_b/I0
  Location pin: BUFGCTRL_X0Y30.I0
  Clock network: mi_imp/bdclk_2x
--------------------------------------------------------------------------------

================================================================================
Timing constraint: TS_mi_imp_bdclk_div = PERIOD TIMEGRP "mi_imp_bdclk_div" 
TS_CLK15NS * 2 HIGH         50%;
For more information, see Period Analysis in the Timing Closure User Guide (UG612).

 971 paths analyzed, 332 endpoints analyzed, 0 failing endpoints
 0 timing errors detected. (0 setup errors, 0 hold errors, 0 component switching limit errors)
 Minimum period is  12.254ns.
--------------------------------------------------------------------------------

Paths for end point mi_imp/bdclkmux_b (BUFGCTRL_X0Y30.CE0), 1 path
--------------------------------------------------------------------------------
Slack (setup path):     8.873ns (requirement - (data path - clock path skew + uncertainty))
  Source:               mi_imp/master_csr_28 (FF)
  Destination:          mi_imp/bdclkmux_b (OTHER)
  Requirement:          15.000ns
  Data Path Delay:      1.881ns (Levels of Logic = 1)
  Clock Path Skew:      -4.066ns (0.778 - 4.844)
  Source Clock:         CLK15NS rising at 15.000ns
  Destination Clock:    mi_imp/bdclk_2x rising at 30.000ns
  Clock Uncertainty:    0.180ns

  Clock Uncertainty:          0.180ns  ((TSJ^2 + TIJ^2)^1/2 + DJ) / 2 + PE
    Total System Jitter (TSJ):  0.000ns
    Total Input Jitter (TIJ):   0.000ns
    Discrete Jitter (DJ):       0.120ns
    Phase Error (PE):           0.120ns

  Maximum Data Path: mi_imp/master_csr_28 to mi_imp/bdclkmux_b
    Location             Delay type         Delay(ns)  Physical Resource
                                                       Logical Resource(s)
    -------------------------------------------------  -------------------
    SLICE_X27Y112.YQ     Tcko                  0.340   mi_imp/master_csr<28>
                                                       mi_imp/master_csr_28
    BUFGCTRL_X0Y30.CE0   net (fanout=5)        1.197   mi_imp/master_csr<28>
    BUFGCTRL_X0Y30.I0    Tbccck_CE             0.344   mi_imp/bdclkmux_b
                                                       mi_imp/bdclkmux_b
    -------------------------------------------------  ---------------------------
    Total                                      1.881ns (0.684ns logic, 1.197ns route)
                                                       (36.4% logic, 63.6% route)

--------------------------------------------------------------------------------

Paths for end point mi_imp/bdclkmux_b (BUFGCTRL_X0Y30.CE1), 1 path
--------------------------------------------------------------------------------
Slack (setup path):     8.908ns (requirement - (data path - clock path skew + uncertainty))
  Source:               mi_imp/master_csr_28 (FF)
  Destination:          mi_imp/bdclkmux_b (OTHER)
  Requirement:          15.000ns
  Data Path Delay:      1.881ns (Levels of Logic = 1)
  Clock Path Skew:      -4.066ns (0.778 - 4.844)
  Source Clock:         CLK15NS rising at 15.000ns
  Destination Clock:    mi_imp/bdclk_div rising at 30.000ns
  Clock Uncertainty:    0.145ns

  Clock Uncertainty:          0.145ns  ((TSJ^2 + TIJ^2)^1/2 + DJ) / 2 + PE
    Total System Jitter (TSJ):  0.000ns
    Total Input Jitter (TIJ):   0.000ns
    Discrete Jitter (DJ):       0.050ns
    Phase Error (PE):           0.120ns

  Maximum Data Path: mi_imp/master_csr_28 to mi_imp/bdclkmux_b
    Location             Delay type         Delay(ns)  Physical Resource
                                                       Logical Resource(s)
    -------------------------------------------------  -------------------
    SLICE_X27Y112.YQ     Tcko                  0.340   mi_imp/master_csr<28>
                                                       mi_imp/master_csr_28
    BUFGCTRL_X0Y30.CE1   net (fanout=5)        1.197   mi_imp/master_csr<28>
    BUFGCTRL_X0Y30.I1    Tbccck_CE             0.344   mi_imp/bdclkmux_b
                                                       mi_imp/bdclkmux_b
    -------------------------------------------------  ---------------------------
    Total                                      1.881ns (0.684ns logic, 1.197ns route)
                                                       (36.4% logic, 63.6% route)

--------------------------------------------------------------------------------

Paths for end point mi_imp/bdclk_count_10 (SLICE_X23Y146.SR), 2 paths
--------------------------------------------------------------------------------
Slack (setup path):     10.269ns (requirement - (data path - clock path skew + uncertainty))
  Source:               mi_imp/clear_count (FF)
  Destination:          mi_imp/bdclk_count_10 (FF)
  Requirement:          15.000ns
  Data Path Delay:      4.551ns (Levels of Logic = 1)
  Clock Path Skew:      0.000ns
  Source Clock:         CLK15NS rising at 15.000ns
  Destination Clock:    bdclk rising at 30.000ns
  Clock Uncertainty:    0.180ns

  Clock Uncertainty:          0.180ns  ((TSJ^2 + TIJ^2)^1/2 + DJ) / 2 + PE
    Total System Jitter (TSJ):  0.000ns
    Total Input Jitter (TIJ):   0.000ns
    Discrete Jitter (DJ):       0.120ns
    Phase Error (PE):           0.120ns

  Maximum Data Path: mi_imp/clear_count to mi_imp/bdclk_count_10
    Location             Delay type         Delay(ns)  Physical Resource
                                                       Logical Resource(s)
    -------------------------------------------------  -------------------
    SLICE_X13Y168.YQ     Tcko                  0.340   mi_imp/clear_count
                                                       mi_imp/clear_count
    SLICE_X22Y149.G1     net (fanout=2)        1.676   mi_imp/clear_count
    SLICE_X22Y149.Y      Tilo                  0.195   mi_imp/latched_trig
                                                       mi_imp/bdclk_count_and00001
    SLICE_X23Y146.SR     net (fanout=16)       1.303   mi_imp/bdclk_count_and0000
    SLICE_X23Y146.CLK    Tsrck                 1.037   mi_imp/bdclk_count<10>
                                                       mi_imp/bdclk_count_10
    -------------------------------------------------  ---------------------------
    Total                                      4.551ns (1.572ns logic, 2.979ns route)
                                                       (34.5% logic, 65.5% route)

--------------------------------------------------------------------------------
Slack (setup path):     10.620ns (requirement - (data path - clock path skew + uncertainty))
  Source:               mi_imp/latch_count (FF)
  Destination:          mi_imp/bdclk_count_10 (FF)
  Requirement:          15.000ns
  Data Path Delay:      4.200ns (Levels of Logic = 1)
  Clock Path Skew:      0.000ns
  Source Clock:         CLK15NS rising at 15.000ns
  Destination Clock:    bdclk rising at 30.000ns
  Clock Uncertainty:    0.180ns

  Clock Uncertainty:          0.180ns  ((TSJ^2 + TIJ^2)^1/2 + DJ) / 2 + PE
    Total System Jitter (TSJ):  0.000ns
    Total Input Jitter (TIJ):   0.000ns
    Discrete Jitter (DJ):       0.120ns
    Phase Error (PE):           0.120ns

  Maximum Data Path: mi_imp/latch_count to mi_imp/bdclk_count_10
    Location             Delay type         Delay(ns)  Physical Resource
                                                       Logical Resource(s)
    -------------------------------------------------  -------------------
    SLICE_X19Y163.YQ     Tcko                  0.340   mi_imp/latch_count
                                                       mi_imp/latch_count
    SLICE_X22Y149.G2     net (fanout=28)       1.325   mi_imp/latch_count
    SLICE_X22Y149.Y      Tilo                  0.195   mi_imp/latched_trig
                                                       mi_imp/bdclk_count_and00001
    SLICE_X23Y146.SR     net (fanout=16)       1.303   mi_imp/bdclk_count_and0000
    SLICE_X23Y146.CLK    Tsrck                 1.037   mi_imp/bdclk_count<10>
                                                       mi_imp/bdclk_count_10
    -------------------------------------------------  ---------------------------
    Total                                      4.200ns (1.572ns logic, 2.628ns route)
                                                       (37.4% logic, 62.6% route)

--------------------------------------------------------------------------------

Hold Paths: TS_mi_imp_bdclk_div = PERIOD TIMEGRP "mi_imp_bdclk_div" TS_CLK15NS * 2 HIGH
        50%;
--------------------------------------------------------------------------------

Paths for end point mi_imp/bdclk_freq_22 (SLICE_X27Y153.CE), 1 path
--------------------------------------------------------------------------------
Slack (hold path):      0.046ns (requirement - (clock path skew + uncertainty - data path))
  Source:               mi_imp/latch_count (FF)
  Destination:          mi_imp/bdclk_freq_22 (FF)
  Requirement:          0.000ns
  Data Path Delay:      1.447ns (Levels of Logic = 0)
  Clock Path Skew:      1.221ns (6.110 - 4.889)
  Source Clock:         CLK15NS rising at 30.000ns
  Destination Clock:    bdclk rising at 30.000ns
  Clock Uncertainty:    0.180ns

  Clock Uncertainty:          0.180ns  ((TSJ^2 + TIJ^2)^1/2 + DJ) / 2 + PE
    Total System Jitter (TSJ):  0.000ns
    Total Input Jitter (TIJ):   0.000ns
    Discrete Jitter (DJ):       0.120ns
    Phase Error (PE):           0.120ns

  Minimum Data Path: mi_imp/latch_count to mi_imp/bdclk_freq_22
    Location             Delay type         Delay(ns)  Physical Resource
                                                       Logical Resource(s)
    -------------------------------------------------  -------------------
    SLICE_X19Y163.YQ     Tcko                  0.313   mi_imp/latch_count
                                                       mi_imp/latch_count
    SLICE_X27Y153.CE     net (fanout=28)       1.132   mi_imp/latch_count
    SLICE_X27Y153.CLK    Tckce       (-Th)    -0.002   mi_imp/bdclk_freq<22>
                                                       mi_imp/bdclk_freq_22
    -------------------------------------------------  ---------------------------
    Total                                      1.447ns (0.315ns logic, 1.132ns route)
                                                       (21.8% logic, 78.2% route)

--------------------------------------------------------------------------------

Paths for end point mi_imp/bdclk_freq_23 (SLICE_X27Y153.CE), 1 path
--------------------------------------------------------------------------------
Slack (hold path):      0.046ns (requirement - (clock path skew + uncertainty - data path))
  Source:               mi_imp/latch_count (FF)
  Destination:          mi_imp/bdclk_freq_23 (FF)
  Requirement:          0.000ns
  Data Path Delay:      1.447ns (Levels of Logic = 0)
  Clock Path Skew:      1.221ns (6.110 - 4.889)
  Source Clock:         CLK15NS rising at 30.000ns
  Destination Clock:    bdclk rising at 30.000ns
  Clock Uncertainty:    0.180ns

  Clock Uncertainty:          0.180ns  ((TSJ^2 + TIJ^2)^1/2 + DJ) / 2 + PE
    Total System Jitter (TSJ):  0.000ns
    Total Input Jitter (TIJ):   0.000ns
    Discrete Jitter (DJ):       0.120ns
    Phase Error (PE):           0.120ns

  Minimum Data Path: mi_imp/latch_count to mi_imp/bdclk_freq_23
    Location             Delay type         Delay(ns)  Physical Resource
                                                       Logical Resource(s)
    -------------------------------------------------  -------------------
    SLICE_X19Y163.YQ     Tcko                  0.313   mi_imp/latch_count
                                                       mi_imp/latch_count
    SLICE_X27Y153.CE     net (fanout=28)       1.132   mi_imp/latch_count
    SLICE_X27Y153.CLK    Tckce       (-Th)    -0.002   mi_imp/bdclk_freq<22>
                                                       mi_imp/bdclk_freq_23
    -------------------------------------------------  ---------------------------
    Total                                      1.447ns (0.315ns logic, 1.132ns route)
                                                       (21.8% logic, 78.2% route)

--------------------------------------------------------------------------------

Paths for end point mi_imp/bdclk_freq_24 (SLICE_X25Y156.CE), 1 path
--------------------------------------------------------------------------------
Slack (hold path):      0.071ns (requirement - (clock path skew + uncertainty - data path))
  Source:               mi_imp/latch_count (FF)
  Destination:          mi_imp/bdclk_freq_24 (FF)
  Requirement:          0.000ns
  Data Path Delay:      1.487ns (Levels of Logic = 0)
  Clock Path Skew:      1.236ns (6.125 - 4.889)
  Source Clock:         CLK15NS rising at 30.000ns
  Destination Clock:    bdclk rising at 30.000ns
  Clock Uncertainty:    0.180ns

  Clock Uncertainty:          0.180ns  ((TSJ^2 + TIJ^2)^1/2 + DJ) / 2 + PE
    Total System Jitter (TSJ):  0.000ns
    Total Input Jitter (TIJ):   0.000ns
    Discrete Jitter (DJ):       0.120ns
    Phase Error (PE):           0.120ns

  Minimum Data Path: mi_imp/latch_count to mi_imp/bdclk_freq_24
    Location             Delay type         Delay(ns)  Physical Resource
                                                       Logical Resource(s)
    -------------------------------------------------  -------------------
    SLICE_X19Y163.YQ     Tcko                  0.313   mi_imp/latch_count
                                                       mi_imp/latch_count
    SLICE_X25Y156.CE     net (fanout=28)       1.172   mi_imp/latch_count
    SLICE_X25Y156.CLK    Tckce       (-Th)    -0.002   mi_imp/bdclk_freq<24>
                                                       mi_imp/bdclk_freq_24
    -------------------------------------------------  ---------------------------
    Total                                      1.487ns (0.315ns logic, 1.172ns route)
                                                       (21.2% logic, 78.8% route)

--------------------------------------------------------------------------------

Component Switching Limit Checks: TS_mi_imp_bdclk_div = PERIOD TIMEGRP "mi_imp_bdclk_div" TS_CLK15NS * 2 HIGH
        50%;
--------------------------------------------------------------------------------
Slack: 28.051ns (period - min period limit)
  Period: 30.000ns
  Min period limit: 1.949ns (513.084MHz) (Tbcper_I1)
  Physical resource: mi_imp/bdclkmux_a/I0
  Logical resource: mi_imp/bdclkmux_a/I0
  Location pin: BUFGCTRL_X0Y28.I0
  Clock network: mi_imp/bdclk_fb
--------------------------------------------------------------------------------
Slack: 28.051ns (period - min period limit)
  Period: 30.000ns
  Min period limit: 1.949ns (513.084MHz) (Tbcper_I0)
  Physical resource: mi_imp/bdclkmux_a/I1
  Logical resource: mi_imp/bdclkmux_a/I1
  Location pin: BUFGCTRL_X0Y28.I1
  Clock network: mi_imp/bdclk_muldiv
--------------------------------------------------------------------------------
Slack: 28.051ns (period - min period limit)
  Period: 30.000ns
  Min period limit: 1.949ns (513.084MHz) (Tbcper_I1)
  Physical resource: mi_imp/bdclkmux_b/I0
  Logical resource: mi_imp/bdclkmux_b/I0
  Location pin: BUFGCTRL_X0Y30.I0
  Clock network: mi_imp/bdclk_2x
--------------------------------------------------------------------------------

================================================================================
Timing constraint: TIMEGRP "TG_RX" OFFSET = IN 4 ns VALID 8 ns BEFORE COMP 
"GMII_RXCLK_PAD"         "RISING";
For more information, see Offset In Analysis in the Timing Closure User Guide (UG612).

 10 paths analyzed, 10 endpoints analyzed, 0 failing endpoints
 0 timing errors detected. (0 setup errors, 0 hold errors)
 Offset is  -1.223ns.
--------------------------------------------------------------------------------

Paths for end point gs1.gbe_imp/r_rxd_0 (SLICE_X3Y57.BY), 1 path
--------------------------------------------------------------------------------
Slack (setup path):     5.223ns (requirement - (data path - clock path - clock arrival + uncertainty))
  Source:               GMII_RXD_PAD<0> (PAD)
  Destination:          gs1.gbe_imp/r_rxd_0 (FF)
  Destination Clock:    GMII_RXCLK rising at 0.000ns
  Requirement:          4.000ns
  Data Path Delay:      3.878ns (Levels of Logic = 1)
  Clock Path Delay:     5.101ns (Levels of Logic = 2)
  Clock Uncertainty:    0.000ns

  Maximum Data Path: GMII_RXD_PAD<0> to gs1.gbe_imp/r_rxd_0
    Location             Delay type         Delay(ns)  Physical Resource
                                                       Logical Resource(s)
    -------------------------------------------------  -------------------
    W24.I                Tiopi                 1.192   GMII_RXD_PAD<0>
                                                       GMII_RXD_PAD<0>
                                                       G_GMII[0].gmii_rxd_ibuf
    SLICE_X3Y57.BY       net (fanout=1)        2.394   GMII_RXD<0>
    SLICE_X3Y57.CLK      Tdick                 0.292   gs1.gbe_imp/r_rxd<0>
                                                       gs1.gbe_imp/r_rxd_0
    -------------------------------------------------  ---------------------------
    Total                                      3.878ns (1.484ns logic, 2.394ns route)
                                                       (38.3% logic, 61.7% route)

  Minimum Clock Path: GMII_RXCLK_PAD to gs1.gbe_imp/r_rxd_0
    Location             Delay type         Delay(ns)  Physical Resource
                                                       Logical Resource(s)
    -------------------------------------------------  -------------------
    AD12.I               Tiopi                 1.003   GMII_RXCLK_PAD
                                                       GMII_RXCLK_PAD
                                                       gmii_rxclk_ibufg
    BUFGCTRL_X0Y5.I0     net (fanout=1)        0.768   GMII_RXCLK1
    BUFGCTRL_X0Y5.O      Tbgcko_O              0.491   GMII_RXCLK_BUFG
                                                       GMII_RXCLK_BUFG
    SLICE_X3Y57.CLK      net (fanout=1910)     2.839   GMII_RXCLK
    -------------------------------------------------  ---------------------------
    Total                                      5.101ns (1.494ns logic, 3.607ns route)
                                                       (29.3% logic, 70.7% route)

--------------------------------------------------------------------------------

Paths for end point gs1.gbe_imp/r_rxdv (SLICE_X7Y33.BY), 1 path
--------------------------------------------------------------------------------
Slack (setup path):     5.568ns (requirement - (data path - clock path - clock arrival + uncertainty))
  Source:               GMII_RXDV_PAD (PAD)
  Destination:          gs1.gbe_imp/r_rxdv (FF)
  Destination Clock:    GMII_RXCLK rising at 0.000ns
  Requirement:          4.000ns
  Data Path Delay:      3.544ns (Levels of Logic = 1)
  Clock Path Delay:     5.112ns (Levels of Logic = 2)
  Clock Uncertainty:    0.000ns

  Maximum Data Path: GMII_RXDV_PAD to gs1.gbe_imp/r_rxdv
    Location             Delay type         Delay(ns)  Physical Resource
                                                       Logical Resource(s)
    -------------------------------------------------  -------------------
    AC23.I               Tiopi                 1.204   GMII_RXDV_PAD
                                                       GMII_RXDV_PAD
                                                       gmii_rxdv_ibufg
    SLICE_X7Y33.BY       net (fanout=1)        2.048   GMII_RXDV
    SLICE_X7Y33.CLK      Tdick                 0.292   gs1.gbe_imp/r_rxdv
                                                       gs1.gbe_imp/r_rxdv
    -------------------------------------------------  ---------------------------
    Total                                      3.544ns (1.496ns logic, 2.048ns route)
                                                       (42.2% logic, 57.8% route)

  Minimum Clock Path: GMII_RXCLK_PAD to gs1.gbe_imp/r_rxdv
    Location             Delay type         Delay(ns)  Physical Resource
                                                       Logical Resource(s)
    -------------------------------------------------  -------------------
    AD12.I               Tiopi                 1.003   GMII_RXCLK_PAD
                                                       GMII_RXCLK_PAD
                                                       gmii_rxclk_ibufg
    BUFGCTRL_X0Y5.I0     net (fanout=1)        0.768   GMII_RXCLK1
    BUFGCTRL_X0Y5.O      Tbgcko_O              0.491   GMII_RXCLK_BUFG
                                                       GMII_RXCLK_BUFG
    SLICE_X7Y33.CLK      net (fanout=1910)     2.850   GMII_RXCLK
    -------------------------------------------------  ---------------------------
    Total                                      5.112ns (1.494ns logic, 3.618ns route)
                                                       (29.2% logic, 70.8% route)

--------------------------------------------------------------------------------

Paths for end point gs1.gbe_imp/r_rxd_1 (SLICE_X24Y56.BY), 1 path
--------------------------------------------------------------------------------
Slack (setup path):     5.783ns (requirement - (data path - clock path - clock arrival + uncertainty))
  Source:               GMII_RXD_PAD<1> (PAD)
  Destination:          gs1.gbe_imp/r_rxd_1 (FF)
  Destination Clock:    GMII_RXCLK rising at 0.000ns
  Requirement:          4.000ns
  Data Path Delay:      3.274ns (Levels of Logic = 1)
  Clock Path Delay:     5.057ns (Levels of Logic = 2)
  Clock Uncertainty:    0.000ns

  Maximum Data Path: GMII_RXD_PAD<1> to gs1.gbe_imp/r_rxd_1
    Location             Delay type         Delay(ns)  Physical Resource
                                                       Logical Resource(s)
    -------------------------------------------------  -------------------
    W23.I                Tiopi                 1.196   GMII_RXD_PAD<1>
                                                       GMII_RXD_PAD<1>
                                                       G_GMII[1].gmii_rxd_ibuf
    SLICE_X24Y56.BY      net (fanout=1)        1.798   GMII_RXD<1>
    SLICE_X24Y56.CLK     Tdick                 0.280   gs1.gbe_imp/r_rxd<1>
                                                       gs1.gbe_imp/r_rxd_1
    -------------------------------------------------  ---------------------------
    Total                                      3.274ns (1.476ns logic, 1.798ns route)
                                                       (45.1% logic, 54.9% route)

  Minimum Clock Path: GMII_RXCLK_PAD to gs1.gbe_imp/r_rxd_1
    Location             Delay type         Delay(ns)  Physical Resource
                                                       Logical Resource(s)
    -------------------------------------------------  -------------------
    AD12.I               Tiopi                 1.003   GMII_RXCLK_PAD
                                                       GMII_RXCLK_PAD
                                                       gmii_rxclk_ibufg
    BUFGCTRL_X0Y5.I0     net (fanout=1)        0.768   GMII_RXCLK1
    BUFGCTRL_X0Y5.O      Tbgcko_O              0.491   GMII_RXCLK_BUFG
                                                       GMII_RXCLK_BUFG
    SLICE_X24Y56.CLK     net (fanout=1910)     2.795   GMII_RXCLK
    -------------------------------------------------  ---------------------------
    Total                                      5.057ns (1.494ns logic, 3.563ns route)
                                                       (29.5% logic, 70.5% route)

--------------------------------------------------------------------------------

Hold Paths: TIMEGRP "TG_RX" OFFSET = IN 4 ns VALID 8 ns BEFORE COMP "GMII_RXCLK_PAD"
        "RISING";
--------------------------------------------------------------------------------

Paths for end point gs1.gbe_imp/r_rxd_3 (SLICE_X19Y55.BY), 1 path
--------------------------------------------------------------------------------
Slack (hold path):      0.088ns (requirement - (clock path + clock arrival + uncertainty - data path))
  Source:               GMII_RXD_PAD<3> (PAD)
  Destination:          gs1.gbe_imp/r_rxd_3 (FF)
  Destination Clock:    GMII_RXCLK rising at 0.000ns
  Requirement:          4.000ns
  Data Path Delay:      2.140ns (Levels of Logic = 1)
  Clock Path Delay:     6.052ns (Levels of Logic = 2)
  Clock Uncertainty:    0.000ns

  Minimum Data Path: GMII_RXD_PAD<3> to gs1.gbe_imp/r_rxd_3
    Location             Delay type         Delay(ns)  Physical Resource
                                                       Logical Resource(s)
    -------------------------------------------------  -------------------
    W20.I                Tiopi                 0.975   GMII_RXD_PAD<3>
                                                       GMII_RXD_PAD<3>
                                                       G_GMII[3].gmii_rxd_ibuf
    SLICE_X19Y55.BY      net (fanout=1)        1.233   GMII_RXD<3>
    SLICE_X19Y55.CLK     Tckdi       (-Th)     0.068   gs1.gbe_imp/r_rxd<3>
                                                       gs1.gbe_imp/r_rxd_3
    -------------------------------------------------  ---------------------------
    Total                                      2.140ns (0.907ns logic, 1.233ns route)
                                                       (42.4% logic, 57.6% route)

  Maximum Clock Path: GMII_RXCLK_PAD to gs1.gbe_imp/r_rxd_3
    Location             Delay type         Delay(ns)  Physical Resource
                                                       Logical Resource(s)
    -------------------------------------------------  -------------------
    AD12.I               Tiopi                 1.206   GMII_RXCLK_PAD
                                                       GMII_RXCLK_PAD
                                                       gmii_rxclk_ibufg
    BUFGCTRL_X0Y5.I0     net (fanout=1)        0.835   GMII_RXCLK1
    BUFGCTRL_X0Y5.O      Tbgcko_O              0.534   GMII_RXCLK_BUFG
                                                       GMII_RXCLK_BUFG
    SLICE_X19Y55.CLK     net (fanout=1910)     3.477   GMII_RXCLK
    -------------------------------------------------  ---------------------------
    Total                                      6.052ns (1.740ns logic, 4.312ns route)
                                                       (28.8% logic, 71.2% route)

--------------------------------------------------------------------------------

Paths for end point gs1.gbe_imp/r_rxd_5 (SLICE_X19Y53.BY), 1 path
--------------------------------------------------------------------------------
Slack (hold path):      0.118ns (requirement - (clock path + clock arrival + uncertainty - data path))
  Source:               GMII_RXD_PAD<5> (PAD)
  Destination:          gs1.gbe_imp/r_rxd_5 (FF)
  Destination Clock:    GMII_RXCLK rising at 0.000ns
  Requirement:          4.000ns
  Data Path Delay:      2.167ns (Levels of Logic = 1)
  Clock Path Delay:     6.049ns (Levels of Logic = 2)
  Clock Uncertainty:    0.000ns

  Minimum Data Path: GMII_RXD_PAD<5> to gs1.gbe_imp/r_rxd_5
    Location             Delay type         Delay(ns)  Physical Resource
                                                       Logical Resource(s)
    -------------------------------------------------  -------------------
    Y25.I                Tiopi                 1.002   GMII_RXD_PAD<5>
                                                       GMII_RXD_PAD<5>
                                                       G_GMII[5].gmii_rxd_ibuf
    SLICE_X19Y53.BY      net (fanout=1)        1.233   GMII_RXD<5>
    SLICE_X19Y53.CLK     Tckdi       (-Th)     0.068   gs1.gbe_imp/r_rxd<5>
                                                       gs1.gbe_imp/r_rxd_5
    -------------------------------------------------  ---------------------------
    Total                                      2.167ns (0.934ns logic, 1.233ns route)
                                                       (43.1% logic, 56.9% route)

  Maximum Clock Path: GMII_RXCLK_PAD to gs1.gbe_imp/r_rxd_5
    Location             Delay type         Delay(ns)  Physical Resource
                                                       Logical Resource(s)
    -------------------------------------------------  -------------------
    AD12.I               Tiopi                 1.206   GMII_RXCLK_PAD
                                                       GMII_RXCLK_PAD
                                                       gmii_rxclk_ibufg
    BUFGCTRL_X0Y5.I0     net (fanout=1)        0.835   GMII_RXCLK1
    BUFGCTRL_X0Y5.O      Tbgcko_O              0.534   GMII_RXCLK_BUFG
                                                       GMII_RXCLK_BUFG
    SLICE_X19Y53.CLK     net (fanout=1910)     3.474   GMII_RXCLK
    -------------------------------------------------  ---------------------------
    Total                                      6.049ns (1.740ns logic, 4.309ns route)
                                                       (28.8% logic, 71.2% route)

--------------------------------------------------------------------------------

Paths for end point gs1.gbe_imp/r_rxer (SLICE_X15Y66.BY), 1 path
--------------------------------------------------------------------------------
Slack (hold path):      0.221ns (requirement - (clock path + clock arrival + uncertainty - data path))
  Source:               GMII_RXER_PAD (PAD)
  Destination:          gs1.gbe_imp/r_rxer (FF)
  Destination Clock:    GMII_RXCLK rising at 0.000ns
  Requirement:          4.000ns
  Data Path Delay:      2.299ns (Levels of Logic = 1)
  Clock Path Delay:     6.078ns (Levels of Logic = 2)
  Clock Uncertainty:    0.000ns

  Minimum Data Path: GMII_RXER_PAD to gs1.gbe_imp/r_rxer
    Location             Delay type         Delay(ns)  Physical Resource
                                                       Logical Resource(s)
    -------------------------------------------------  -------------------
    W21.I                Tiopi                 0.982   GMII_RXER_PAD
                                                       GMII_RXER_PAD
                                                       gmii_rxer_ibufg
    SLICE_X15Y66.BY      net (fanout=1)        1.385   GMII_RXER
    SLICE_X15Y66.CLK     Tckdi       (-Th)     0.068   gs1.gbe_imp/r_rxer
                                                       gs1.gbe_imp/r_rxer
    -------------------------------------------------  ---------------------------
    Total                                      2.299ns (0.914ns logic, 1.385ns route)
                                                       (39.8% logic, 60.2% route)

  Maximum Clock Path: GMII_RXCLK_PAD to gs1.gbe_imp/r_rxer
    Location             Delay type         Delay(ns)  Physical Resource
                                                       Logical Resource(s)
    -------------------------------------------------  -------------------
    AD12.I               Tiopi                 1.206   GMII_RXCLK_PAD
                                                       GMII_RXCLK_PAD
                                                       gmii_rxclk_ibufg
    BUFGCTRL_X0Y5.I0     net (fanout=1)        0.835   GMII_RXCLK1
    BUFGCTRL_X0Y5.O      Tbgcko_O              0.534   GMII_RXCLK_BUFG
                                                       GMII_RXCLK_BUFG
    SLICE_X15Y66.CLK     net (fanout=1910)     3.503   GMII_RXCLK
    -------------------------------------------------  ---------------------------
    Total                                      6.078ns (1.740ns logic, 4.338ns route)
                                                       (28.6% logic, 71.4% route)

--------------------------------------------------------------------------------


Derived Constraint Report
Derived Constraints for TS_CLK15NS
+-------------------------------+-------------+-------------+-------------+-------------+-------------+-------------+-------------+
|                               |   Period    |       Actual Period       |      Timing Errors        |      Paths Analyzed       |
|           Constraint          | Requirement |-------------+-------------|-------------+-------------|-------------+-------------|
|                               |             |   Direct    | Derivative  |   Direct    | Derivative  |   Direct    | Derivative  |
+-------------------------------+-------------+-------------+-------------+-------------+-------------+-------------+-------------+
|TS_CLK15NS                     |     15.000ns|     13.086ns|      8.289ns|            0|            0|       271067|         2262|
| TS_tlk_imp_tlkclk_clkfx       |      8.000ns|      4.421ns|          N/A|            0|            0|         1291|            0|
| TS_mi_imp_bdclk_0             |     15.000ns|      1.949ns|          N/A|            0|            0|            0|            0|
| TS_mi_imp_bdclk_2x            |      7.500ns|      1.949ns|          N/A|            0|            0|            0|            0|
| TS_mi_imp_bdclk_div           |     30.000ns|     12.254ns|          N/A|            0|            0|          971|            0|
+-------------------------------+-------------+-------------+-------------+-------------+-------------+-------------+-------------+

Derived Constraints for TS_BDCLK_IN_PAD_P
+-------------------------------+-------------+-------------+-------------+-------------+-------------+-------------+-------------+
|                               |   Period    |       Actual Period       |      Timing Errors        |      Paths Analyzed       |
|           Constraint          | Requirement |-------------+-------------|-------------+-------------|-------------+-------------|
|                               |             |   Direct    | Derivative  |   Direct    | Derivative  |   Direct    | Derivative  |
+-------------------------------+-------------+-------------+-------------+-------------+-------------+-------------+-------------+
|TS_BDCLK_IN_PAD_P              |     20.000ns|      6.000ns|      6.000ns|            0|            0|            0|           12|
| TS_BDCLK_IN_PAD_N             |     20.000ns|      6.000ns|      5.280ns|            0|            0|            9|            3|
|  TS_mi_imp_bdclk_0_2          |     20.000ns|      1.949ns|          N/A|            0|            0|            0|            0|
|  TS_mi_imp_bdclk_2x_2         |     10.000ns|      1.949ns|          N/A|            0|            0|            0|            0|
|  TS_mi_imp_bdclk_div_2        |     40.000ns|     10.560ns|          N/A|            0|            0|            3|            0|
| TS_mi_imp_bdclk_0_1           |     20.000ns|      1.949ns|          N/A|            0|            0|            0|            0|
| TS_mi_imp_bdclk_2x_1          |     10.000ns|      1.949ns|          N/A|            0|            0|            0|            0|
| TS_mi_imp_bdclk_div_1         |     40.000ns|      1.949ns|          N/A|            0|            0|            0|            0|
+-------------------------------+-------------+-------------+-------------+-------------+-------------+-------------+-------------+

All constraints were met.


Data Sheet report:
-----------------
All values displayed in nanoseconds (ns)

Setup/Hold to clock GMII_RXCLK_PAD
---------------+------------+------------+------------------+--------+
               |Max Setup to|Max Hold to |                  | Clock  |
Source         | clk (edge) | clk (edge) |Internal Clock(s) | Phase  |
---------------+------------+------------+------------------+--------+
GMII_RXDV_PAD  |   -1.568(R)|    3.320(R)|GMII_RXCLK        |   0.000|
GMII_RXD_PAD<0>|   -1.223(R)|    2.999(R)|GMII_RXCLK        |   0.000|
GMII_RXD_PAD<1>|   -1.783(R)|    3.502(R)|GMII_RXCLK        |   0.000|
GMII_RXD_PAD<2>|   -1.861(R)|    3.590(R)|GMII_RXCLK        |   0.000|
GMII_RXD_PAD<3>|   -2.237(R)|    3.912(R)|GMII_RXCLK        |   0.000|
GMII_RXD_PAD<4>|   -1.989(R)|    3.699(R)|GMII_RXCLK        |   0.000|
GMII_RXD_PAD<5>|   -2.203(R)|    3.882(R)|GMII_RXCLK        |   0.000|
GMII_RXD_PAD<6>|   -1.882(R)|    3.583(R)|GMII_RXCLK        |   0.000|
GMII_RXD_PAD<7>|   -2.021(R)|    3.713(R)|GMII_RXCLK        |   0.000|
GMII_RXER_PAD  |   -2.087(R)|    3.779(R)|GMII_RXCLK        |   0.000|
---------------+------------+------------+------------------+--------+

Clock to Setup on destination clock BDCLK_IN_PAD_N
---------------+---------+---------+---------+---------+
               | Src:Rise| Src:Fall| Src:Rise| Src:Fall|
Source Clock   |Dest:Rise|Dest:Rise|Dest:Fall|Dest:Fall|
---------------+---------+---------+---------+---------+
BDCLK_IN_PAD_N |    3.582|    3.470|    1.528|    4.330|
BDCLK_IN_PAD_P |    3.582|    3.470|    1.528|    4.330|
CLK15NS_PAD    |    6.127|    3.470|    2.106|    4.330|
---------------+---------+---------+---------+---------+

Clock to Setup on destination clock BDCLK_IN_PAD_P
---------------+---------+---------+---------+---------+
               | Src:Rise| Src:Fall| Src:Rise| Src:Fall|
Source Clock   |Dest:Rise|Dest:Rise|Dest:Fall|Dest:Fall|
---------------+---------+---------+---------+---------+
BDCLK_IN_PAD_N |    3.582|    3.470|    1.528|    4.330|
BDCLK_IN_PAD_P |    3.582|    3.470|    1.528|    4.330|
CLK15NS_PAD    |    6.127|    3.470|    2.106|    4.330|
---------------+---------+---------+---------+---------+

Clock to Setup on destination clock CLK15NS_PAD
---------------+---------+---------+---------+---------+
               | Src:Rise| Src:Fall| Src:Rise| Src:Fall|
Source Clock   |Dest:Rise|Dest:Rise|Dest:Fall|Dest:Fall|
---------------+---------+---------+---------+---------+
BDCLK_IN_PAD_N |    4.096|    3.470|    1.528|    4.330|
BDCLK_IN_PAD_P |    4.096|    3.470|    1.528|    4.330|
CLK15NS_PAD    |   11.076|    4.457|    6.543|    6.888|
---------------+---------+---------+---------+---------+

Clock to Setup on destination clock GMII_RXCLK_PAD
---------------+---------+---------+---------+---------+
               | Src:Rise| Src:Fall| Src:Rise| Src:Fall|
Source Clock   |Dest:Rise|Dest:Rise|Dest:Fall|Dest:Fall|
---------------+---------+---------+---------+---------+
CLK15NS_PAD    |    1.572|         |         |         |
GMII_RXCLK_PAD |    7.961|         |    3.908|    5.708|
---------------+---------+---------+---------+---------+

Clock to Setup on destination clock TLK_RXCLK_PAD
---------------+---------+---------+---------+---------+
               | Src:Rise| Src:Fall| Src:Rise| Src:Fall|
Source Clock   |Dest:Rise|Dest:Rise|Dest:Fall|Dest:Fall|
---------------+---------+---------+---------+---------+
TLK_RXCLK_PAD  |    4.352|    3.807|         |         |
---------------+---------+---------+---------+---------+

TIMEGRP "TG_RX" OFFSET = IN 4 ns VALID 8 ns BEFORE COMP "GMII_RXCLK_PAD"         "RISING";
Worst Case Data Window 2.689; Ideal Clock Offset To Actual Clock -2.568; 
------------------+------------+------------+---------+---------+-------------+
                  |            |            |  Setup  |  Hold   |Source Offset|
Source            |   Setup    |    Hold    |  Slack  |  Slack  |  To Center  |
------------------+------------+------------+---------+---------+-------------+
GMII_RXDV_PAD     |   -1.568(R)|    3.320(R)|    5.568|    0.680|        2.444|
GMII_RXD_PAD<0>   |   -1.223(R)|    2.999(R)|    5.223|    1.001|        2.111|
GMII_RXD_PAD<1>   |   -1.783(R)|    3.502(R)|    5.783|    0.498|        2.643|
GMII_RXD_PAD<2>   |   -1.861(R)|    3.590(R)|    5.861|    0.410|        2.725|
GMII_RXD_PAD<3>   |   -2.237(R)|    3.912(R)|    6.237|    0.088|        3.075|
GMII_RXD_PAD<4>   |   -1.989(R)|    3.699(R)|    5.989|    0.301|        2.844|
GMII_RXD_PAD<5>   |   -2.203(R)|    3.882(R)|    6.203|    0.118|        3.043|
GMII_RXD_PAD<6>   |   -1.882(R)|    3.583(R)|    5.882|    0.417|        2.733|
GMII_RXD_PAD<7>   |   -2.021(R)|    3.713(R)|    6.021|    0.287|        2.867|
GMII_RXER_PAD     |   -2.087(R)|    3.779(R)|    6.087|    0.221|        2.933|
------------------+------------+------------+---------+---------+-------------+
Worst Case Summary|      -1.223|       3.912|    5.223|    0.088|             |
------------------+------------+------------+---------+---------+-------------+


Timing summary:
---------------

Timing errors: 0  Score: 0  (Setup/Max: 0, Hold: 0)

Constraints cover 417353 paths, 0 nets, and 34529 connections

Design statistics:
   Minimum period:  13.086ns{1}   (Maximum frequency:  76.418MHz)
   Maximum path delay from/to any node:   3.418ns


------------------------------------Footnotes-----------------------------------
1)  The minimum period statistic assumes all single cycle delays.

Analysis completed Tue Jun  2 13:05:11 2015 
--------------------------------------------------------------------------------

Trace Settings:
-------------------------
Trace Settings 

Peak Memory Usage: 608 MB



