
*** Running vivado
    with args -log top.vdi -applog -m64 -messageDb vivado.pb -mode batch -source top.tcl -notrace


****** Vivado v2015.2 (64-bit)
  **** SW Build 1266856 on Fri Jun 26 16:35:25 MDT 2015
  **** IP Build 1264090 on Wed Jun 24 14:22:01 MDT 2015
    ** Copyright 1986-2015 Xilinx, Inc. All Rights Reserved.

source top.tcl -notrace
Design is defaulting to srcset: sources_1
Design is defaulting to constrset: constrs_1
INFO: [Project 1-454] Reading design checkpoint '/home/rrivera/ots/srcs/otsdaq-firmware/cactus/projects/nim_plus2/top/top.runs/xilinx_64b_counter_synth_1/xilinx_64b_counter.dcp' for cell 'NIM_BLOCK_a/U115/U7'
INFO: [Project 1-454] Reading design checkpoint '/home/rrivera/ots/srcs/otsdaq-firmware/cactus/projects/nim_plus2/top/top.runs/xilinx_64b_counter_synth_1/xilinx_64b_counter.dcp' for cell 'NIM_BLOCK_a/U117/U7'
INFO: [Project 1-454] Reading design checkpoint '/home/rrivera/ots/srcs/otsdaq-firmware/cactus/projects/nim_plus2/top/top.runs/xilinx_64b_counter_synth_1/xilinx_64b_counter.dcp' for cell 'NIM_BLOCK_a/U266/U7'
INFO: [Project 1-454] Reading design checkpoint '/home/rrivera/ots/srcs/otsdaq-firmware/cactus/projects/nim_plus2/top/top.runs/xilinx_64b_counter_synth_1/xilinx_64b_counter.dcp' for cell 'NIM_BLOCK_b/U115/U7'
INFO: [Project 1-454] Reading design checkpoint '/home/rrivera/ots/srcs/otsdaq-firmware/cactus/projects/nim_plus2/top/top.runs/xilinx_64b_counter_synth_1/xilinx_64b_counter.dcp' for cell 'NIM_BLOCK_b/U117/U7'
INFO: [Project 1-454] Reading design checkpoint '/home/rrivera/ots/srcs/otsdaq-firmware/cactus/projects/nim_plus2/top/top.runs/xilinx_64b_counter_synth_1/xilinx_64b_counter.dcp' for cell 'NIM_BLOCK_b/U266/U7'
INFO: [Project 1-454] Reading design checkpoint '/home/rrivera/ots/srcs/otsdaq-firmware/cactus/projects/nim_plus2/top/top.runs/clk_wiz_1_synth_1/clk_wiz_1.dcp' for cell 'clk_wiz_1_BLOCK'
INFO: [Project 1-454] Reading design checkpoint '/home/rrivera/ots/srcs/otsdaq-firmware/cactus/projects/nim_plus2/top/top.runs/clk_wiz_internalClocks_synth_1/clk_wiz_internalClocks.dcp' for cell 'internal_clk_BLOCK'
INFO: [Project 1-454] Reading design checkpoint '/home/rrivera/ots/srcs/otsdaq-firmware/cactus/projects/nim_plus2/top/top.runs/NIM_CLKS_synth_1/NIM_CLKS.dcp' for cell 'NIM_CLKS_BLOCK'
INFO: [Netlist 29-17] Analyzing 860 Unisim elements for replacement
INFO: [Netlist 29-28] Unisim Transformation completed in 0 CPU seconds
INFO: [Project 1-479] Netlist was created with Vivado 2015.2
INFO: [Device 21-403] Loading part xc7a200tffg1156-2
INFO: [Project 1-570] Preparing netlist for logic optimization
Parsing XDC File [/home/rrivera/ots/srcs/otsdaq-firmware/cactus/projects/nim_plus2/top/top.srcs/sources_1/ip/clk_wiz_1/clk_wiz_1_board.xdc] for cell 'clk_wiz_1_BLOCK/U0'
Finished Parsing XDC File [/home/rrivera/ots/srcs/otsdaq-firmware/cactus/projects/nim_plus2/top/top.srcs/sources_1/ip/clk_wiz_1/clk_wiz_1_board.xdc] for cell 'clk_wiz_1_BLOCK/U0'
Parsing XDC File [/home/rrivera/ots/srcs/otsdaq-firmware/cactus/projects/nim_plus2/top/top.srcs/sources_1/ip/clk_wiz_1/clk_wiz_1.xdc] for cell 'clk_wiz_1_BLOCK/U0'
Finished Parsing XDC File [/home/rrivera/ots/srcs/otsdaq-firmware/cactus/projects/nim_plus2/top/top.srcs/sources_1/ip/clk_wiz_1/clk_wiz_1.xdc] for cell 'clk_wiz_1_BLOCK/U0'
Parsing XDC File [/home/rrivera/ots/srcs/otsdaq-firmware/cactus/projects/nim_plus2/top/top.srcs/sources_1/ip/clk_wiz_internalClocks/clk_wiz_internalClocks_board.xdc] for cell 'internal_clk_BLOCK/U0'
Finished Parsing XDC File [/home/rrivera/ots/srcs/otsdaq-firmware/cactus/projects/nim_plus2/top/top.srcs/sources_1/ip/clk_wiz_internalClocks/clk_wiz_internalClocks_board.xdc] for cell 'internal_clk_BLOCK/U0'
Parsing XDC File [/home/rrivera/ots/srcs/otsdaq-firmware/cactus/projects/nim_plus2/top/top.srcs/sources_1/ip/clk_wiz_internalClocks/clk_wiz_internalClocks.xdc] for cell 'internal_clk_BLOCK/U0'
Finished Parsing XDC File [/home/rrivera/ots/srcs/otsdaq-firmware/cactus/projects/nim_plus2/top/top.srcs/sources_1/ip/clk_wiz_internalClocks/clk_wiz_internalClocks.xdc] for cell 'internal_clk_BLOCK/U0'
Parsing XDC File [/home/rrivera/ots/srcs/otsdaq-firmware/cactus/projects/nim_plus2/top/top.srcs/sources_1/ip/NIM_CLKS/NIM_CLKS_board.xdc] for cell 'NIM_CLKS_BLOCK/U0'
Finished Parsing XDC File [/home/rrivera/ots/srcs/otsdaq-firmware/cactus/projects/nim_plus2/top/top.srcs/sources_1/ip/NIM_CLKS/NIM_CLKS_board.xdc] for cell 'NIM_CLKS_BLOCK/U0'
Parsing XDC File [/home/rrivera/ots/srcs/otsdaq-firmware/cactus/projects/nim_plus2/top/top.srcs/sources_1/ip/NIM_CLKS/NIM_CLKS.xdc] for cell 'NIM_CLKS_BLOCK/U0'
Finished Parsing XDC File [/home/rrivera/ots/srcs/otsdaq-firmware/cactus/projects/nim_plus2/top/top.srcs/sources_1/ip/NIM_CLKS/NIM_CLKS.xdc] for cell 'NIM_CLKS_BLOCK/U0'
Sourcing Tcl File [/home/rrivera/ots/srcs/otsdaq-firmware/cactus/projects/nim_plus2/top/top.srcs/constrs_1/imports/ucf/pins.tcl]
Finished Sourcing Tcl File [/home/rrivera/ots/srcs/otsdaq-firmware/cactus/projects/nim_plus2/top/top.srcs/constrs_1/imports/ucf/pins.tcl]
Sourcing Tcl File [/home/rrivera/ots/srcs/otsdaq-firmware/cactus/projects/nim_plus2/top/top.srcs/constrs_1/imports/ucf/clock_constraints.tcl]
WARNING: [Constraints 18-401] set_max_delay: 'NIM_BLOCK_a/U351/U1/int_cnt_out[27]_i_1' is not a valid endpoint. [/home/rrivera/ots/srcs/otsdaq-firmware/cactus/projects/nim_plus2/top/top.srcs/constrs_1/imports/ucf/clock_constraints.tcl:16]
Resolution: A valid end point is a data pin of a sequential cell or a primary output or inout port. Please validate that all the objects returned by your query belong to this list.
WARNING: [Constraints 18-401] set_max_delay: 'NIM_BLOCK_a/U351/U1/cnt_out_r_reg[9]_i_2_CARRY4_GND' is not a valid endpoint. [/home/rrivera/ots/srcs/otsdaq-firmware/cactus/projects/nim_plus2/top/top.srcs/constrs_1/imports/ucf/clock_constraints.tcl:16]
Resolution: A valid end point is a data pin of a sequential cell or a primary output or inout port. Please validate that all the objects returned by your query belong to this list.
WARNING: [Constraints 18-401] set_max_delay: 'NIM_BLOCK_a/U351/U1/cnt_out_r_reg[9]_i_2_CARRY4' is not a valid endpoint. [/home/rrivera/ots/srcs/otsdaq-firmware/cactus/projects/nim_plus2/top/top.srcs/constrs_1/imports/ucf/clock_constraints.tcl:16]
Resolution: A valid end point is a data pin of a sequential cell or a primary output or inout port. Please validate that all the objects returned by your query belong to this list.
WARNING: [Constraints 18-401] set_max_delay: 'NIM_BLOCK_a/U351/U1/cnt_out_r_reg[5]_i_2_CARRY4_GND' is not a valid endpoint. [/home/rrivera/ots/srcs/otsdaq-firmware/cactus/projects/nim_plus2/top/top.srcs/constrs_1/imports/ucf/clock_constraints.tcl:16]
Resolution: A valid end point is a data pin of a sequential cell or a primary output or inout port. Please validate that all the objects returned by your query belong to this list.
WARNING: [Constraints 18-401] set_max_delay: 'NIM_BLOCK_a/U351/U1/cnt_out_r_reg[5]_i_2_CARRY4' is not a valid endpoint. [/home/rrivera/ots/srcs/otsdaq-firmware/cactus/projects/nim_plus2/top/top.srcs/constrs_1/imports/ucf/clock_constraints.tcl:16]
Resolution: A valid end point is a data pin of a sequential cell or a primary output or inout port. Please validate that all the objects returned by your query belong to this list.
WARNING: [Constraints 18-401] set_max_delay: 'NIM_BLOCK_a/U351/U1/cnt_out_r_reg[29]_i_2_CARRY4_GND' is not a valid endpoint. [/home/rrivera/ots/srcs/otsdaq-firmware/cactus/projects/nim_plus2/top/top.srcs/constrs_1/imports/ucf/clock_constraints.tcl:16]
Resolution: A valid end point is a data pin of a sequential cell or a primary output or inout port. Please validate that all the objects returned by your query belong to this list.
WARNING: [Constraints 18-401] set_max_delay: 'NIM_BLOCK_a/U351/U1/cnt_out_r_reg[29]_i_2_CARRY4' is not a valid endpoint. [/home/rrivera/ots/srcs/otsdaq-firmware/cactus/projects/nim_plus2/top/top.srcs/constrs_1/imports/ucf/clock_constraints.tcl:16]
Resolution: A valid end point is a data pin of a sequential cell or a primary output or inout port. Please validate that all the objects returned by your query belong to this list.
WARNING: [Constraints 18-401] set_max_delay: 'NIM_BLOCK_a/U351/U1/cnt_out_r_reg[25]_i_2_CARRY4_GND' is not a valid endpoint. [/home/rrivera/ots/srcs/otsdaq-firmware/cactus/projects/nim_plus2/top/top.srcs/constrs_1/imports/ucf/clock_constraints.tcl:16]
Resolution: A valid end point is a data pin of a sequential cell or a primary output or inout port. Please validate that all the objects returned by your query belong to this list.
WARNING: [Constraints 18-401] set_max_delay: 'NIM_BLOCK_a/U351/U1/cnt_out_r_reg[25]_i_2_CARRY4' is not a valid endpoint. [/home/rrivera/ots/srcs/otsdaq-firmware/cactus/projects/nim_plus2/top/top.srcs/constrs_1/imports/ucf/clock_constraints.tcl:16]
Resolution: A valid end point is a data pin of a sequential cell or a primary output or inout port. Please validate that all the objects returned by your query belong to this list.
WARNING: [Constraints 18-401] set_max_delay: 'NIM_BLOCK_a/U351/U1/cnt_out_r_reg[21]_i_2_CARRY4_GND' is not a valid endpoint. [/home/rrivera/ots/srcs/otsdaq-firmware/cactus/projects/nim_plus2/top/top.srcs/constrs_1/imports/ucf/clock_constraints.tcl:16]
Resolution: A valid end point is a data pin of a sequential cell or a primary output or inout port. Please validate that all the objects returned by your query belong to this list.
WARNING: [Constraints 18-401] set_max_delay: 'NIM_BLOCK_a/U351/U1/cnt_out_r_reg[21]_i_2_CARRY4' is not a valid endpoint. [/home/rrivera/ots/srcs/otsdaq-firmware/cactus/projects/nim_plus2/top/top.srcs/constrs_1/imports/ucf/clock_constraints.tcl:16]
Resolution: A valid end point is a data pin of a sequential cell or a primary output or inout port. Please validate that all the objects returned by your query belong to this list.
WARNING: [Constraints 18-401] set_max_delay: 'NIM_BLOCK_a/U351/U1/cnt_out_r_reg[1]_i_2_CARRY4_GND' is not a valid endpoint. [/home/rrivera/ots/srcs/otsdaq-firmware/cactus/projects/nim_plus2/top/top.srcs/constrs_1/imports/ucf/clock_constraints.tcl:16]
Resolution: A valid end point is a data pin of a sequential cell or a primary output or inout port. Please validate that all the objects returned by your query belong to this list.
WARNING: [Constraints 18-401] set_max_delay: 'NIM_BLOCK_a/U351/U1/cnt_out_r_reg[1]_i_2_CARRY4' is not a valid endpoint. [/home/rrivera/ots/srcs/otsdaq-firmware/cactus/projects/nim_plus2/top/top.srcs/constrs_1/imports/ucf/clock_constraints.tcl:16]
Resolution: A valid end point is a data pin of a sequential cell or a primary output or inout port. Please validate that all the objects returned by your query belong to this list.
WARNING: [Constraints 18-401] set_max_delay: 'NIM_BLOCK_a/U351/U1/cnt_out_r_reg[17]_i_2_CARRY4_GND' is not a valid endpoint. [/home/rrivera/ots/srcs/otsdaq-firmware/cactus/projects/nim_plus2/top/top.srcs/constrs_1/imports/ucf/clock_constraints.tcl:16]
Resolution: A valid end point is a data pin of a sequential cell or a primary output or inout port. Please validate that all the objects returned by your query belong to this list.
WARNING: [Constraints 18-401] set_max_delay: 'NIM_BLOCK_a/U351/U1/cnt_out_r_reg[17]_i_2_CARRY4' is not a valid endpoint. [/home/rrivera/ots/srcs/otsdaq-firmware/cactus/projects/nim_plus2/top/top.srcs/constrs_1/imports/ucf/clock_constraints.tcl:16]
Resolution: A valid end point is a data pin of a sequential cell or a primary output or inout port. Please validate that all the objects returned by your query belong to this list.
WARNING: [Constraints 18-401] set_max_delay: 'NIM_BLOCK_a/U351/U1/cnt_out_r_reg[13]_i_2_CARRY4_GND' is not a valid endpoint. [/home/rrivera/ots/srcs/otsdaq-firmware/cactus/projects/nim_plus2/top/top.srcs/constrs_1/imports/ucf/clock_constraints.tcl:16]
Resolution: A valid end point is a data pin of a sequential cell or a primary output or inout port. Please validate that all the objects returned by your query belong to this list.
WARNING: [Constraints 18-401] set_max_delay: 'NIM_BLOCK_a/U351/U1/cnt_out_r_reg[13]_i_2_CARRY4' is not a valid endpoint. [/home/rrivera/ots/srcs/otsdaq-firmware/cactus/projects/nim_plus2/top/top.srcs/constrs_1/imports/ucf/clock_constraints.tcl:16]
Resolution: A valid end point is a data pin of a sequential cell or a primary output or inout port. Please validate that all the objects returned by your query belong to this list.
WARNING: [Constraints 18-401] set_max_delay: 'NIM_BLOCK_a/U351/U1/cnt_out_r[0]_i_8' is not a valid endpoint. [/home/rrivera/ots/srcs/otsdaq-firmware/cactus/projects/nim_plus2/top/top.srcs/constrs_1/imports/ucf/clock_constraints.tcl:16]
Resolution: A valid end point is a data pin of a sequential cell or a primary output or inout port. Please validate that all the objects returned by your query belong to this list.
WARNING: [Constraints 18-401] set_max_delay: 'NIM_BLOCK_a/U351/U1/cnt_out_r[0]_i_7' is not a valid endpoint. [/home/rrivera/ots/srcs/otsdaq-firmware/cactus/projects/nim_plus2/top/top.srcs/constrs_1/imports/ucf/clock_constraints.tcl:16]
Resolution: A valid end point is a data pin of a sequential cell or a primary output or inout port. Please validate that all the objects returned by your query belong to this list.
WARNING: [Constraints 18-401] set_max_delay: 'NIM_BLOCK_a/U351/U1/cnt_out_r[0]_i_9' is not a valid endpoint. [/home/rrivera/ots/srcs/otsdaq-firmware/cactus/projects/nim_plus2/top/top.srcs/constrs_1/imports/ucf/clock_constraints.tcl:16]
Resolution: A valid end point is a data pin of a sequential cell or a primary output or inout port. Please validate that all the objects returned by your query belong to this list.
WARNING: [Constraints 18-401] set_max_delay: 'NIM_BLOCK_a/U351/U1/cnt_out_r[0]_i_6' is not a valid endpoint. [/home/rrivera/ots/srcs/otsdaq-firmware/cactus/projects/nim_plus2/top/top.srcs/constrs_1/imports/ucf/clock_constraints.tcl:16]
Resolution: A valid end point is a data pin of a sequential cell or a primary output or inout port. Please validate that all the objects returned by your query belong to this list.
WARNING: [Constraints 18-401] set_max_delay: 'NIM_BLOCK_a/U351/U1/cnt_out_r[0]_i_5' is not a valid endpoint. [/home/rrivera/ots/srcs/otsdaq-firmware/cactus/projects/nim_plus2/top/top.srcs/constrs_1/imports/ucf/clock_constraints.tcl:16]
Resolution: A valid end point is a data pin of a sequential cell or a primary output or inout port. Please validate that all the objects returned by your query belong to this list.
WARNING: [Constraints 18-401] set_max_delay: 'NIM_BLOCK_a/U351/U1/cnt_out_r[0]_i_4' is not a valid endpoint. [/home/rrivera/ots/srcs/otsdaq-firmware/cactus/projects/nim_plus2/top/top.srcs/constrs_1/imports/ucf/clock_constraints.tcl:16]
Resolution: A valid end point is a data pin of a sequential cell or a primary output or inout port. Please validate that all the objects returned by your query belong to this list.
WARNING: [Constraints 18-401] set_max_delay: 'NIM_BLOCK_a/U351/U1/cnt_out_r[0]_i_2' is not a valid endpoint. [/home/rrivera/ots/srcs/otsdaq-firmware/cactus/projects/nim_plus2/top/top.srcs/constrs_1/imports/ucf/clock_constraints.tcl:16]
Resolution: A valid end point is a data pin of a sequential cell or a primary output or inout port. Please validate that all the objects returned by your query belong to this list.
WARNING: [Constraints 18-401] set_max_delay: 'NIM_BLOCK_a/U351/U1/cnt_out_r[0]_i_10' is not a valid endpoint. [/home/rrivera/ots/srcs/otsdaq-firmware/cactus/projects/nim_plus2/top/top.srcs/constrs_1/imports/ucf/clock_constraints.tcl:16]
Resolution: A valid end point is a data pin of a sequential cell or a primary output or inout port. Please validate that all the objects returned by your query belong to this list.
WARNING: [Constraints 18-401] set_max_delay: 'NIM_BLOCK_a/U351/U1/cnt_out_r[0]_i_1' is not a valid endpoint. [/home/rrivera/ots/srcs/otsdaq-firmware/cactus/projects/nim_plus2/top/top.srcs/constrs_1/imports/ucf/clock_constraints.tcl:16]
Resolution: A valid end point is a data pin of a sequential cell or a primary output or inout port. Please validate that all the objects returned by your query belong to this list.
WARNING: [Constraints 18-401] set_max_delay: 'NIM_BLOCK_a/U351/U1/VCC' is not a valid endpoint. [/home/rrivera/ots/srcs/otsdaq-firmware/cactus/projects/nim_plus2/top/top.srcs/constrs_1/imports/ucf/clock_constraints.tcl:16]
Resolution: A valid end point is a data pin of a sequential cell or a primary output or inout port. Please validate that all the objects returned by your query belong to this list.
WARNING: [Constraints 18-401] set_max_delay: 'NIM_BLOCK_a/U351/U1/GND' is not a valid endpoint. [/home/rrivera/ots/srcs/otsdaq-firmware/cactus/projects/nim_plus2/top/top.srcs/constrs_1/imports/ucf/clock_constraints.tcl:16]
Resolution: A valid end point is a data pin of a sequential cell or a primary output or inout port. Please validate that all the objects returned by your query belong to this list.
WARNING: [Constraints 18-401] set_max_delay: 'NIM_BLOCK_a/U351/GND' is not a valid endpoint. [/home/rrivera/ots/srcs/otsdaq-firmware/cactus/projects/nim_plus2/top/top.srcs/constrs_1/imports/ucf/clock_constraints.tcl:16]
Resolution: A valid end point is a data pin of a sequential cell or a primary output or inout port. Please validate that all the objects returned by your query belong to this list.
WARNING: [Constraints 18-401] set_max_delay: 'NIM_BLOCK_a/U351/U2/VCC' is not a valid endpoint. [/home/rrivera/ots/srcs/otsdaq-firmware/cactus/projects/nim_plus2/top/top.srcs/constrs_1/imports/ucf/clock_constraints.tcl:16]
Resolution: A valid end point is a data pin of a sequential cell or a primary output or inout port. Please validate that all the objects returned by your query belong to this list.
WARNING: [Constraints 18-401] set_max_delay: 'NIM_BLOCK_a/U351/U2/GND' is not a valid endpoint. [/home/rrivera/ots/srcs/otsdaq-firmware/cactus/projects/nim_plus2/top/top.srcs/constrs_1/imports/ucf/clock_constraints.tcl:16]
Resolution: A valid end point is a data pin of a sequential cell or a primary output or inout port. Please validate that all the objects returned by your query belong to this list.
WARNING: [Constraints 18-401] set_max_delay: 'NIM_BLOCK_a/U353/U1/int_cnt_out[27]_i_1' is not a valid endpoint. [/home/rrivera/ots/srcs/otsdaq-firmware/cactus/projects/nim_plus2/top/top.srcs/constrs_1/imports/ucf/clock_constraints.tcl:17]
Resolution: A valid end point is a data pin of a sequential cell or a primary output or inout port. Please validate that all the objects returned by your query belong to this list.
WARNING: [Constraints 18-401] set_max_delay: 'NIM_BLOCK_a/U353/U1/cnt_out_r_reg[9]_i_2_CARRY4_GND' is not a valid endpoint. [/home/rrivera/ots/srcs/otsdaq-firmware/cactus/projects/nim_plus2/top/top.srcs/constrs_1/imports/ucf/clock_constraints.tcl:17]
Resolution: A valid end point is a data pin of a sequential cell or a primary output or inout port. Please validate that all the objects returned by your query belong to this list.
WARNING: [Constraints 18-401] set_max_delay: 'NIM_BLOCK_a/U353/U1/cnt_out_r_reg[9]_i_2_CARRY4' is not a valid endpoint. [/home/rrivera/ots/srcs/otsdaq-firmware/cactus/projects/nim_plus2/top/top.srcs/constrs_1/imports/ucf/clock_constraints.tcl:17]
Resolution: A valid end point is a data pin of a sequential cell or a primary output or inout port. Please validate that all the objects returned by your query belong to this list.
WARNING: [Constraints 18-401] set_max_delay: 'NIM_BLOCK_a/U353/U1/cnt_out_r_reg[5]_i_2_CARRY4_GND' is not a valid endpoint. [/home/rrivera/ots/srcs/otsdaq-firmware/cactus/projects/nim_plus2/top/top.srcs/constrs_1/imports/ucf/clock_constraints.tcl:17]
Resolution: A valid end point is a data pin of a sequential cell or a primary output or inout port. Please validate that all the objects returned by your query belong to this list.
WARNING: [Constraints 18-401] set_max_delay: 'NIM_BLOCK_a/U353/U1/cnt_out_r_reg[5]_i_2_CARRY4' is not a valid endpoint. [/home/rrivera/ots/srcs/otsdaq-firmware/cactus/projects/nim_plus2/top/top.srcs/constrs_1/imports/ucf/clock_constraints.tcl:17]
Resolution: A valid end point is a data pin of a sequential cell or a primary output or inout port. Please validate that all the objects returned by your query belong to this list.
WARNING: [Constraints 18-401] set_max_delay: 'NIM_BLOCK_a/U353/U1/cnt_out_r_reg[29]_i_2_CARRY4_GND' is not a valid endpoint. [/home/rrivera/ots/srcs/otsdaq-firmware/cactus/projects/nim_plus2/top/top.srcs/constrs_1/imports/ucf/clock_constraints.tcl:17]
Resolution: A valid end point is a data pin of a sequential cell or a primary output or inout port. Please validate that all the objects returned by your query belong to this list.
WARNING: [Constraints 18-401] set_max_delay: 'NIM_BLOCK_a/U353/U1/cnt_out_r_reg[29]_i_2_CARRY4' is not a valid endpoint. [/home/rrivera/ots/srcs/otsdaq-firmware/cactus/projects/nim_plus2/top/top.srcs/constrs_1/imports/ucf/clock_constraints.tcl:17]
Resolution: A valid end point is a data pin of a sequential cell or a primary output or inout port. Please validate that all the objects returned by your query belong to this list.
WARNING: [Constraints 18-401] set_max_delay: 'NIM_BLOCK_a/U353/U1/cnt_out_r_reg[25]_i_2_CARRY4_GND' is not a valid endpoint. [/home/rrivera/ots/srcs/otsdaq-firmware/cactus/projects/nim_plus2/top/top.srcs/constrs_1/imports/ucf/clock_constraints.tcl:17]
Resolution: A valid end point is a data pin of a sequential cell or a primary output or inout port. Please validate that all the objects returned by your query belong to this list.
WARNING: [Constraints 18-401] set_max_delay: 'NIM_BLOCK_a/U353/U1/cnt_out_r_reg[25]_i_2_CARRY4' is not a valid endpoint. [/home/rrivera/ots/srcs/otsdaq-firmware/cactus/projects/nim_plus2/top/top.srcs/constrs_1/imports/ucf/clock_constraints.tcl:17]
Resolution: A valid end point is a data pin of a sequential cell or a primary output or inout port. Please validate that all the objects returned by your query belong to this list.
WARNING: [Constraints 18-401] set_max_delay: 'NIM_BLOCK_a/U353/U1/cnt_out_r_reg[21]_i_2_CARRY4_GND' is not a valid endpoint. [/home/rrivera/ots/srcs/otsdaq-firmware/cactus/projects/nim_plus2/top/top.srcs/constrs_1/imports/ucf/clock_constraints.tcl:17]
Resolution: A valid end point is a data pin of a sequential cell or a primary output or inout port. Please validate that all the objects returned by your query belong to this list.
WARNING: [Constraints 18-401] set_max_delay: 'NIM_BLOCK_a/U353/U1/cnt_out_r_reg[21]_i_2_CARRY4' is not a valid endpoint. [/home/rrivera/ots/srcs/otsdaq-firmware/cactus/projects/nim_plus2/top/top.srcs/constrs_1/imports/ucf/clock_constraints.tcl:17]
Resolution: A valid end point is a data pin of a sequential cell or a primary output or inout port. Please validate that all the objects returned by your query belong to this list.
WARNING: [Constraints 18-401] set_max_delay: 'NIM_BLOCK_a/U353/U1/cnt_out_r_reg[1]_i_2_CARRY4_GND' is not a valid endpoint. [/home/rrivera/ots/srcs/otsdaq-firmware/cactus/projects/nim_plus2/top/top.srcs/constrs_1/imports/ucf/clock_constraints.tcl:17]
Resolution: A valid end point is a data pin of a sequential cell or a primary output or inout port. Please validate that all the objects returned by your query belong to this list.
WARNING: [Constraints 18-401] set_max_delay: 'NIM_BLOCK_a/U353/U1/cnt_out_r_reg[1]_i_2_CARRY4' is not a valid endpoint. [/home/rrivera/ots/srcs/otsdaq-firmware/cactus/projects/nim_plus2/top/top.srcs/constrs_1/imports/ucf/clock_constraints.tcl:17]
Resolution: A valid end point is a data pin of a sequential cell or a primary output or inout port. Please validate that all the objects returned by your query belong to this list.
WARNING: [Constraints 18-401] set_max_delay: 'NIM_BLOCK_a/U353/U1/cnt_out_r_reg[17]_i_2_CARRY4_GND' is not a valid endpoint. [/home/rrivera/ots/srcs/otsdaq-firmware/cactus/projects/nim_plus2/top/top.srcs/constrs_1/imports/ucf/clock_constraints.tcl:17]
Resolution: A valid end point is a data pin of a sequential cell or a primary output or inout port. Please validate that all the objects returned by your query belong to this list.
WARNING: [Constraints 18-401] set_max_delay: 'NIM_BLOCK_a/U353/U1/cnt_out_r_reg[17]_i_2_CARRY4' is not a valid endpoint. [/home/rrivera/ots/srcs/otsdaq-firmware/cactus/projects/nim_plus2/top/top.srcs/constrs_1/imports/ucf/clock_constraints.tcl:17]
Resolution: A valid end point is a data pin of a sequential cell or a primary output or inout port. Please validate that all the objects returned by your query belong to this list.
WARNING: [Constraints 18-401] set_max_delay: 'NIM_BLOCK_a/U353/U1/cnt_out_r_reg[13]_i_2_CARRY4_GND' is not a valid endpoint. [/home/rrivera/ots/srcs/otsdaq-firmware/cactus/projects/nim_plus2/top/top.srcs/constrs_1/imports/ucf/clock_constraints.tcl:17]
Resolution: A valid end point is a data pin of a sequential cell or a primary output or inout port. Please validate that all the objects returned by your query belong to this list.
WARNING: [Constraints 18-401] set_max_delay: 'NIM_BLOCK_a/U353/U1/cnt_out_r_reg[13]_i_2_CARRY4' is not a valid endpoint. [/home/rrivera/ots/srcs/otsdaq-firmware/cactus/projects/nim_plus2/top/top.srcs/constrs_1/imports/ucf/clock_constraints.tcl:17]
Resolution: A valid end point is a data pin of a sequential cell or a primary output or inout port. Please validate that all the objects returned by your query belong to this list.
WARNING: [Constraints 18-401] set_max_delay: 'NIM_BLOCK_a/U353/U1/cnt_out_r[0]_i_8' is not a valid endpoint. [/home/rrivera/ots/srcs/otsdaq-firmware/cactus/projects/nim_plus2/top/top.srcs/constrs_1/imports/ucf/clock_constraints.tcl:17]
Resolution: A valid end point is a data pin of a sequential cell or a primary output or inout port. Please validate that all the objects returned by your query belong to this list.
WARNING: [Constraints 18-401] set_max_delay: 'NIM_BLOCK_a/U353/U1/cnt_out_r[0]_i_7' is not a valid endpoint. [/home/rrivera/ots/srcs/otsdaq-firmware/cactus/projects/nim_plus2/top/top.srcs/constrs_1/imports/ucf/clock_constraints.tcl:17]
Resolution: A valid end point is a data pin of a sequential cell or a primary output or inout port. Please validate that all the objects returned by your query belong to this list.
WARNING: [Constraints 18-401] set_max_delay: 'NIM_BLOCK_a/U353/U1/cnt_out_r[0]_i_9' is not a valid endpoint. [/home/rrivera/ots/srcs/otsdaq-firmware/cactus/projects/nim_plus2/top/top.srcs/constrs_1/imports/ucf/clock_constraints.tcl:17]
Resolution: A valid end point is a data pin of a sequential cell or a primary output or inout port. Please validate that all the objects returned by your query belong to this list.
WARNING: [Constraints 18-401] set_max_delay: 'NIM_BLOCK_a/U353/U1/cnt_out_r[0]_i_6' is not a valid endpoint. [/home/rrivera/ots/srcs/otsdaq-firmware/cactus/projects/nim_plus2/top/top.srcs/constrs_1/imports/ucf/clock_constraints.tcl:17]
Resolution: A valid end point is a data pin of a sequential cell or a primary output or inout port. Please validate that all the objects returned by your query belong to this list.
WARNING: [Constraints 18-401] set_max_delay: 'NIM_BLOCK_a/U353/U1/cnt_out_r[0]_i_5' is not a valid endpoint. [/home/rrivera/ots/srcs/otsdaq-firmware/cactus/projects/nim_plus2/top/top.srcs/constrs_1/imports/ucf/clock_constraints.tcl:17]
Resolution: A valid end point is a data pin of a sequential cell or a primary output or inout port. Please validate that all the objects returned by your query belong to this list.
WARNING: [Constraints 18-401] set_max_delay: 'NIM_BLOCK_a/U353/U1/cnt_out_r[0]_i_4' is not a valid endpoint. [/home/rrivera/ots/srcs/otsdaq-firmware/cactus/projects/nim_plus2/top/top.srcs/constrs_1/imports/ucf/clock_constraints.tcl:17]
Resolution: A valid end point is a data pin of a sequential cell or a primary output or inout port. Please validate that all the objects returned by your query belong to this list.
WARNING: [Constraints 18-401] set_max_delay: 'NIM_BLOCK_a/U353/U1/cnt_out_r[0]_i_2' is not a valid endpoint. [/home/rrivera/ots/srcs/otsdaq-firmware/cactus/projects/nim_plus2/top/top.srcs/constrs_1/imports/ucf/clock_constraints.tcl:17]
Resolution: A valid end point is a data pin of a sequential cell or a primary output or inout port. Please validate that all the objects returned by your query belong to this list.
WARNING: [Constraints 18-401] set_max_delay: 'NIM_BLOCK_a/U353/U1/cnt_out_r[0]_i_10' is not a valid endpoint. [/home/rrivera/ots/srcs/otsdaq-firmware/cactus/projects/nim_plus2/top/top.srcs/constrs_1/imports/ucf/clock_constraints.tcl:17]
Resolution: A valid end point is a data pin of a sequential cell or a primary output or inout port. Please validate that all the objects returned by your query belong to this list.
WARNING: [Constraints 18-401] set_max_delay: 'NIM_BLOCK_a/U353/U1/cnt_out_r[0]_i_1' is not a valid endpoint. [/home/rrivera/ots/srcs/otsdaq-firmware/cactus/projects/nim_plus2/top/top.srcs/constrs_1/imports/ucf/clock_constraints.tcl:17]
Resolution: A valid end point is a data pin of a sequential cell or a primary output or inout port. Please validate that all the objects returned by your query belong to this list.
WARNING: [Constraints 18-401] set_max_delay: 'NIM_BLOCK_a/U353/U1/VCC' is not a valid endpoint. [/home/rrivera/ots/srcs/otsdaq-firmware/cactus/projects/nim_plus2/top/top.srcs/constrs_1/imports/ucf/clock_constraints.tcl:17]
Resolution: A valid end point is a data pin of a sequential cell or a primary output or inout port. Please validate that all the objects returned by your query belong to this list.
WARNING: [Constraints 18-401] set_max_delay: 'NIM_BLOCK_a/U353/U1/GND' is not a valid endpoint. [/home/rrivera/ots/srcs/otsdaq-firmware/cactus/projects/nim_plus2/top/top.srcs/constrs_1/imports/ucf/clock_constraints.tcl:17]
Resolution: A valid end point is a data pin of a sequential cell or a primary output or inout port. Please validate that all the objects returned by your query belong to this list.
WARNING: [Constraints 18-401] set_max_delay: 'NIM_BLOCK_a/U353/GND' is not a valid endpoint. [/home/rrivera/ots/srcs/otsdaq-firmware/cactus/projects/nim_plus2/top/top.srcs/constrs_1/imports/ucf/clock_constraints.tcl:17]
Resolution: A valid end point is a data pin of a sequential cell or a primary output or inout port. Please validate that all the objects returned by your query belong to this list.
WARNING: [Constraints 18-401] set_max_delay: 'NIM_BLOCK_a/U353/U2/VCC' is not a valid endpoint. [/home/rrivera/ots/srcs/otsdaq-firmware/cactus/projects/nim_plus2/top/top.srcs/constrs_1/imports/ucf/clock_constraints.tcl:17]
Resolution: A valid end point is a data pin of a sequential cell or a primary output or inout port. Please validate that all the objects returned by your query belong to this list.
WARNING: [Constraints 18-401] set_max_delay: 'NIM_BLOCK_a/U353/U2/GND' is not a valid endpoint. [/home/rrivera/ots/srcs/otsdaq-firmware/cactus/projects/nim_plus2/top/top.srcs/constrs_1/imports/ucf/clock_constraints.tcl:17]
Resolution: A valid end point is a data pin of a sequential cell or a primary output or inout port. Please validate that all the objects returned by your query belong to this list.
WARNING: [Constraints 18-401] set_max_delay: 'NIM_BLOCK_a/U355/U1/cnt_out_r[0]_i_5' is not a valid endpoint. [/home/rrivera/ots/srcs/otsdaq-firmware/cactus/projects/nim_plus2/top/top.srcs/constrs_1/imports/ucf/clock_constraints.tcl:18]
Resolution: A valid end point is a data pin of a sequential cell or a primary output or inout port. Please validate that all the objects returned by your query belong to this list.
WARNING: [Constraints 18-401] set_max_delay: 'NIM_BLOCK_a/U355/U1/cnt_out_r[0]_i_4' is not a valid endpoint. [/home/rrivera/ots/srcs/otsdaq-firmware/cactus/projects/nim_plus2/top/top.srcs/constrs_1/imports/ucf/clock_constraints.tcl:18]
Resolution: A valid end point is a data pin of a sequential cell or a primary output or inout port. Please validate that all the objects returned by your query belong to this list.
WARNING: [Constraints 18-401] set_max_delay: 'NIM_BLOCK_a/U355/U1/cnt_out_r[0]_i_2' is not a valid endpoint. [/home/rrivera/ots/srcs/otsdaq-firmware/cactus/projects/nim_plus2/top/top.srcs/constrs_1/imports/ucf/clock_constraints.tcl:18]
Resolution: A valid end point is a data pin of a sequential cell or a primary output or inout port. Please validate that all the objects returned by your query belong to this list.
WARNING: [Constraints 18-401] set_max_delay: 'NIM_BLOCK_a/U355/U1/cnt_out_r[0]_i_10' is not a valid endpoint. [/home/rrivera/ots/srcs/otsdaq-firmware/cactus/projects/nim_plus2/top/top.srcs/constrs_1/imports/ucf/clock_constraints.tcl:18]
Resolution: A valid end point is a data pin of a sequential cell or a primary output or inout port. Please validate that all the objects returned by your query belong to this list.
WARNING: [Constraints 18-401] set_max_delay: 'NIM_BLOCK_a/U355/U1/cnt_out_r[0]_i_1' is not a valid endpoint. [/home/rrivera/ots/srcs/otsdaq-firmware/cactus/projects/nim_plus2/top/top.srcs/constrs_1/imports/ucf/clock_constraints.tcl:18]
Resolution: A valid end point is a data pin of a sequential cell or a primary output or inout port. Please validate that all the objects returned by your query belong to this list.
WARNING: [Constraints 18-401] set_max_delay: 'NIM_BLOCK_a/U355/U1/VCC' is not a valid endpoint. [/home/rrivera/ots/srcs/otsdaq-firmware/cactus/projects/nim_plus2/top/top.srcs/constrs_1/imports/ucf/clock_constraints.tcl:18]
Resolution: A valid end point is a data pin of a sequential cell or a primary output or inout port. Please validate that all the objects returned by your query belong to this list.
WARNING: [Constraints 18-401] set_max_delay: 'NIM_BLOCK_a/U355/U1/GND' is not a valid endpoint. [/home/rrivera/ots/srcs/otsdaq-firmware/cactus/projects/nim_plus2/top/top.srcs/constrs_1/imports/ucf/clock_constraints.tcl:18]
Resolution: A valid end point is a data pin of a sequential cell or a primary output or inout port. Please validate that all the objects returned by your query belong to this list.
WARNING: [Constraints 18-401] set_max_delay: 'NIM_BLOCK_a/U355/U1/int_cnt_out[27]_i_1' is not a valid endpoint. [/home/rrivera/ots/srcs/otsdaq-firmware/cactus/projects/nim_plus2/top/top.srcs/constrs_1/imports/ucf/clock_constraints.tcl:18]
Resolution: A valid end point is a data pin of a sequential cell or a primary output or inout port. Please validate that all the objects returned by your query belong to this list.
WARNING: [Constraints 18-401] set_max_delay: 'NIM_BLOCK_a/U355/U1/cnt_out_r_reg[9]_i_2_CARRY4_GND' is not a valid endpoint. [/home/rrivera/ots/srcs/otsdaq-firmware/cactus/projects/nim_plus2/top/top.srcs/constrs_1/imports/ucf/clock_constraints.tcl:18]
Resolution: A valid end point is a data pin of a sequential cell or a primary output or inout port. Please validate that all the objects returned by your query belong to this list.
WARNING: [Constraints 18-401] set_max_delay: 'NIM_BLOCK_a/U355/U1/cnt_out_r_reg[9]_i_2_CARRY4' is not a valid endpoint. [/home/rrivera/ots/srcs/otsdaq-firmware/cactus/projects/nim_plus2/top/top.srcs/constrs_1/imports/ucf/clock_constraints.tcl:18]
Resolution: A valid end point is a data pin of a sequential cell or a primary output or inout port. Please validate that all the objects returned by your query belong to this list.
WARNING: [Constraints 18-401] set_max_delay: 'NIM_BLOCK_a/U355/U1/cnt_out_r_reg[5]_i_2_CARRY4_GND' is not a valid endpoint. [/home/rrivera/ots/srcs/otsdaq-firmware/cactus/projects/nim_plus2/top/top.srcs/constrs_1/imports/ucf/clock_constraints.tcl:18]
Resolution: A valid end point is a data pin of a sequential cell or a primary output or inout port. Please validate that all the objects returned by your query belong to this list.
WARNING: [Constraints 18-401] set_max_delay: 'NIM_BLOCK_a/U355/U1/cnt_out_r_reg[5]_i_2_CARRY4' is not a valid endpoint. [/home/rrivera/ots/srcs/otsdaq-firmware/cactus/projects/nim_plus2/top/top.srcs/constrs_1/imports/ucf/clock_constraints.tcl:18]
Resolution: A valid end point is a data pin of a sequential cell or a primary output or inout port. Please validate that all the objects returned by your query belong to this list.
WARNING: [Constraints 18-401] set_max_delay: 'NIM_BLOCK_a/U355/U1/cnt_out_r_reg[29]_i_2_CARRY4_GND' is not a valid endpoint. [/home/rrivera/ots/srcs/otsdaq-firmware/cactus/projects/nim_plus2/top/top.srcs/constrs_1/imports/ucf/clock_constraints.tcl:18]
Resolution: A valid end point is a data pin of a sequential cell or a primary output or inout port. Please validate that all the objects returned by your query belong to this list.
WARNING: [Constraints 18-401] set_max_delay: 'NIM_BLOCK_a/U355/U1/cnt_out_r_reg[29]_i_2_CARRY4' is not a valid endpoint. [/home/rrivera/ots/srcs/otsdaq-firmware/cactus/projects/nim_plus2/top/top.srcs/constrs_1/imports/ucf/clock_constraints.tcl:18]
Resolution: A valid end point is a data pin of a sequential cell or a primary output or inout port. Please validate that all the objects returned by your query belong to this list.
WARNING: [Constraints 18-401] set_max_delay: 'NIM_BLOCK_a/U355/U1/cnt_out_r_reg[25]_i_2_CARRY4_GND' is not a valid endpoint. [/home/rrivera/ots/srcs/otsdaq-firmware/cactus/projects/nim_plus2/top/top.srcs/constrs_1/imports/ucf/clock_constraints.tcl:18]
Resolution: A valid end point is a data pin of a sequential cell or a primary output or inout port. Please validate that all the objects returned by your query belong to this list.
WARNING: [Constraints 18-401] set_max_delay: 'NIM_BLOCK_a/U355/U1/cnt_out_r_reg[25]_i_2_CARRY4' is not a valid endpoint. [/home/rrivera/ots/srcs/otsdaq-firmware/cactus/projects/nim_plus2/top/top.srcs/constrs_1/imports/ucf/clock_constraints.tcl:18]
Resolution: A valid end point is a data pin of a sequential cell or a primary output or inout port. Please validate that all the objects returned by your query belong to this list.
WARNING: [Constraints 18-401] set_max_delay: 'NIM_BLOCK_a/U355/U1/cnt_out_r_reg[21]_i_2_CARRY4_GND' is not a valid endpoint. [/home/rrivera/ots/srcs/otsdaq-firmware/cactus/projects/nim_plus2/top/top.srcs/constrs_1/imports/ucf/clock_constraints.tcl:18]
Resolution: A valid end point is a data pin of a sequential cell or a primary output or inout port. Please validate that all the objects returned by your query belong to this list.
WARNING: [Constraints 18-401] set_max_delay: 'NIM_BLOCK_a/U355/U1/cnt_out_r_reg[21]_i_2_CARRY4' is not a valid endpoint. [/home/rrivera/ots/srcs/otsdaq-firmware/cactus/projects/nim_plus2/top/top.srcs/constrs_1/imports/ucf/clock_constraints.tcl:18]
Resolution: A valid end point is a data pin of a sequential cell or a primary output or inout port. Please validate that all the objects returned by your query belong to this list.
WARNING: [Constraints 18-401] set_max_delay: 'NIM_BLOCK_a/U355/U1/cnt_out_r_reg[1]_i_2_CARRY4_GND' is not a valid endpoint. [/home/rrivera/ots/srcs/otsdaq-firmware/cactus/projects/nim_plus2/top/top.srcs/constrs_1/imports/ucf/clock_constraints.tcl:18]
Resolution: A valid end point is a data pin of a sequential cell or a primary output or inout port. Please validate that all the objects returned by your query belong to this list.
WARNING: [Constraints 18-401] set_max_delay: 'NIM_BLOCK_a/U355/U1/cnt_out_r_reg[1]_i_2_CARRY4' is not a valid endpoint. [/home/rrivera/ots/srcs/otsdaq-firmware/cactus/projects/nim_plus2/top/top.srcs/constrs_1/imports/ucf/clock_constraints.tcl:18]
Resolution: A valid end point is a data pin of a sequential cell or a primary output or inout port. Please validate that all the objects returned by your query belong to this list.
WARNING: [Constraints 18-401] set_max_delay: 'NIM_BLOCK_a/U355/U1/cnt_out_r_reg[17]_i_2_CARRY4_GND' is not a valid endpoint. [/home/rrivera/ots/srcs/otsdaq-firmware/cactus/projects/nim_plus2/top/top.srcs/constrs_1/imports/ucf/clock_constraints.tcl:18]
Resolution: A valid end point is a data pin of a sequential cell or a primary output or inout port. Please validate that all the objects returned by your query belong to this list.
WARNING: [Constraints 18-401] set_max_delay: 'NIM_BLOCK_a/U355/U1/cnt_out_r_reg[17]_i_2_CARRY4' is not a valid endpoint. [/home/rrivera/ots/srcs/otsdaq-firmware/cactus/projects/nim_plus2/top/top.srcs/constrs_1/imports/ucf/clock_constraints.tcl:18]
Resolution: A valid end point is a data pin of a sequential cell or a primary output or inout port. Please validate that all the objects returned by your query belong to this list.
WARNING: [Constraints 18-401] set_max_delay: 'NIM_BLOCK_a/U355/U1/cnt_out_r_reg[13]_i_2_CARRY4_GND' is not a valid endpoint. [/home/rrivera/ots/srcs/otsdaq-firmware/cactus/projects/nim_plus2/top/top.srcs/constrs_1/imports/ucf/clock_constraints.tcl:18]
Resolution: A valid end point is a data pin of a sequential cell or a primary output or inout port. Please validate that all the objects returned by your query belong to this list.
WARNING: [Constraints 18-401] set_max_delay: 'NIM_BLOCK_a/U355/U1/cnt_out_r_reg[13]_i_2_CARRY4' is not a valid endpoint. [/home/rrivera/ots/srcs/otsdaq-firmware/cactus/projects/nim_plus2/top/top.srcs/constrs_1/imports/ucf/clock_constraints.tcl:18]
Resolution: A valid end point is a data pin of a sequential cell or a primary output or inout port. Please validate that all the objects returned by your query belong to this list.
WARNING: [Constraints 18-401] set_max_delay: 'NIM_BLOCK_a/U355/U1/cnt_out_r[0]_i_8' is not a valid endpoint. [/home/rrivera/ots/srcs/otsdaq-firmware/cactus/projects/nim_plus2/top/top.srcs/constrs_1/imports/ucf/clock_constraints.tcl:18]
Resolution: A valid end point is a data pin of a sequential cell or a primary output or inout port. Please validate that all the objects returned by your query belong to this list.
WARNING: [Constraints 18-401] set_max_delay: 'NIM_BLOCK_a/U355/U1/cnt_out_r[0]_i_7' is not a valid endpoint. [/home/rrivera/ots/srcs/otsdaq-firmware/cactus/projects/nim_plus2/top/top.srcs/constrs_1/imports/ucf/clock_constraints.tcl:18]
Resolution: A valid end point is a data pin of a sequential cell or a primary output or inout port. Please validate that all the objects returned by your query belong to this list.
WARNING: [Constraints 18-401] set_max_delay: 'NIM_BLOCK_a/U355/U1/cnt_out_r[0]_i_9' is not a valid endpoint. [/home/rrivera/ots/srcs/otsdaq-firmware/cactus/projects/nim_plus2/top/top.srcs/constrs_1/imports/ucf/clock_constraints.tcl:18]
Resolution: A valid end point is a data pin of a sequential cell or a primary output or inout port. Please validate that all the objects returned by your query belong to this list.
WARNING: [Constraints 18-401] set_max_delay: 'NIM_BLOCK_a/U355/U1/cnt_out_r[0]_i_6' is not a valid endpoint. [/home/rrivera/ots/srcs/otsdaq-firmware/cactus/projects/nim_plus2/top/top.srcs/constrs_1/imports/ucf/clock_constraints.tcl:18]
Resolution: A valid end point is a data pin of a sequential cell or a primary output or inout port. Please validate that all the objects returned by your query belong to this list.
WARNING: [Constraints 18-401] set_max_delay: 'NIM_BLOCK_a/U355/GND' is not a valid endpoint. [/home/rrivera/ots/srcs/otsdaq-firmware/cactus/projects/nim_plus2/top/top.srcs/constrs_1/imports/ucf/clock_constraints.tcl:18]
Resolution: A valid end point is a data pin of a sequential cell or a primary output or inout port. Please validate that all the objects returned by your query belong to this list.
WARNING: [Constraints 18-401] set_max_delay: 'NIM_BLOCK_a/U355/U2/VCC' is not a valid endpoint. [/home/rrivera/ots/srcs/otsdaq-firmware/cactus/projects/nim_plus2/top/top.srcs/constrs_1/imports/ucf/clock_constraints.tcl:18]
Resolution: A valid end point is a data pin of a sequential cell or a primary output or inout port. Please validate that all the objects returned by your query belong to this list.
WARNING: [Constraints 18-401] set_max_delay: 'NIM_BLOCK_a/U355/U2/GND' is not a valid endpoint. [/home/rrivera/ots/srcs/otsdaq-firmware/cactus/projects/nim_plus2/top/top.srcs/constrs_1/imports/ucf/clock_constraints.tcl:18]
Resolution: A valid end point is a data pin of a sequential cell or a primary output or inout port. Please validate that all the objects returned by your query belong to this list.
WARNING: [Constraints 18-401] set_max_delay: 'NIM_BLOCK_a/U357/U1/int_cnt_out[27]_i_1' is not a valid endpoint. [/home/rrivera/ots/srcs/otsdaq-firmware/cactus/projects/nim_plus2/top/top.srcs/constrs_1/imports/ucf/clock_constraints.tcl:19]
Resolution: A valid end point is a data pin of a sequential cell or a primary output or inout port. Please validate that all the objects returned by your query belong to this list.
WARNING: [Constraints 18-401] set_max_delay: 'NIM_BLOCK_a/U357/U1/cnt_out_r_reg[9]_i_2_CARRY4_GND' is not a valid endpoint. [/home/rrivera/ots/srcs/otsdaq-firmware/cactus/projects/nim_plus2/top/top.srcs/constrs_1/imports/ucf/clock_constraints.tcl:19]
Resolution: A valid end point is a data pin of a sequential cell or a primary output or inout port. Please validate that all the objects returned by your query belong to this list.
WARNING: [Constraints 18-401] set_max_delay: 'NIM_BLOCK_a/U357/U1/cnt_out_r_reg[9]_i_2_CARRY4' is not a valid endpoint. [/home/rrivera/ots/srcs/otsdaq-firmware/cactus/projects/nim_plus2/top/top.srcs/constrs_1/imports/ucf/clock_constraints.tcl:19]
Resolution: A valid end point is a data pin of a sequential cell or a primary output or inout port. Please validate that all the objects returned by your query belong to this list.
WARNING: [Constraints 18-401] set_max_delay: 'NIM_BLOCK_a/U357/U1/cnt_out_r_reg[5]_i_2_CARRY4_GND' is not a valid endpoint. [/home/rrivera/ots/srcs/otsdaq-firmware/cactus/projects/nim_plus2/top/top.srcs/constrs_1/imports/ucf/clock_constraints.tcl:19]
Resolution: A valid end point is a data pin of a sequential cell or a primary output or inout port. Please validate that all the objects returned by your query belong to this list.
WARNING: [Constraints 18-401] set_max_delay: 'NIM_BLOCK_a/U357/U1/cnt_out_r_reg[5]_i_2_CARRY4' is not a valid endpoint. [/home/rrivera/ots/srcs/otsdaq-firmware/cactus/projects/nim_plus2/top/top.srcs/constrs_1/imports/ucf/clock_constraints.tcl:19]
Resolution: A valid end point is a data pin of a sequential cell or a primary output or inout port. Please validate that all the objects returned by your query belong to this list.
WARNING: [Constraints 18-401] set_max_delay: 'NIM_BLOCK_a/U357/U1/cnt_out_r_reg[29]_i_2_CARRY4_GND' is not a valid endpoint. [/home/rrivera/ots/srcs/otsdaq-firmware/cactus/projects/nim_plus2/top/top.srcs/constrs_1/imports/ucf/clock_constraints.tcl:19]
Resolution: A valid end point is a data pin of a sequential cell or a primary output or inout port. Please validate that all the objects returned by your query belong to this list.
WARNING: [Constraints 18-401] set_max_delay: 'NIM_BLOCK_a/U357/U1/cnt_out_r_reg[29]_i_2_CARRY4' is not a valid endpoint. [/home/rrivera/ots/srcs/otsdaq-firmware/cactus/projects/nim_plus2/top/top.srcs/constrs_1/imports/ucf/clock_constraints.tcl:19]
Resolution: A valid end point is a data pin of a sequential cell or a primary output or inout port. Please validate that all the objects returned by your query belong to this list.
INFO: [Common 17-14] Message 'Constraints 18-401' appears 100 times and further instances of the messages will be disabled. Use the Tcl command set_msg_config to change the current settings. [/home/rrivera/ots/srcs/otsdaq-firmware/cactus/projects/nim_plus2/top/top.srcs/constrs_1/imports/ucf/clock_constraints.tcl:19]
WARNING: [Constraints 18-402] set_max_delay: 'NIM_BLOCK_a/U211/GND' is not a valid startpoint. [/home/rrivera/ots/srcs/otsdaq-firmware/cactus/projects/nim_plus2/top/top.srcs/constrs_1/imports/ucf/clock_constraints.tcl:24]
Resolution: A valid start point is a main or generated clock pin or port, a clock pin of a sequential cell, or a primary input or inout port. Please validate that all the objects returned by your query belong to this list.
INFO: [Timing 38-35] Done setting XDC timing constraints. [/home/rrivera/ots/srcs/otsdaq-firmware/cactus/projects/nim_plus2/top/top.srcs/constrs_1/imports/ucf/clock_constraints.tcl:67]
INFO: [Timing 38-2] Deriving generated clocks [/home/rrivera/ots/srcs/otsdaq-firmware/cactus/projects/nim_plus2/top/top.srcs/constrs_1/imports/ucf/clock_constraints.tcl:67]
get_clocks: Time (s): cpu = 00:00:12 ; elapsed = 00:00:11 . Memory (MB): peak = 1940.414 ; gain = 559.672 ; free physical = 1053 ; free virtual = 46959
Finished Sourcing Tcl File [/home/rrivera/ots/srcs/otsdaq-firmware/cactus/projects/nim_plus2/top/top.srcs/constrs_1/imports/ucf/clock_constraints.tcl]
Parsing XDC File [/home/rrivera/ots/srcs/otsdaq-firmware/cactus/projects/nim_plus2/top/top.srcs/constrs_1/new/top_11.xdc]
Finished Parsing XDC File [/home/rrivera/ots/srcs/otsdaq-firmware/cactus/projects/nim_plus2/top/top.srcs/constrs_1/new/top_11.xdc]
INFO: [Project 1-538] Using original IP XDC constraints instead of the XDC constraints in dcp '/home/rrivera/ots/srcs/otsdaq-firmware/cactus/projects/nim_plus2/top/top.runs/xilinx_64b_counter_synth_1/xilinx_64b_counter.dcp'
INFO: [Project 1-538] Using original IP XDC constraints instead of the XDC constraints in dcp '/home/rrivera/ots/srcs/otsdaq-firmware/cactus/projects/nim_plus2/top/top.runs/xilinx_64b_counter_synth_1/xilinx_64b_counter.dcp'
INFO: [Project 1-538] Using original IP XDC constraints instead of the XDC constraints in dcp '/home/rrivera/ots/srcs/otsdaq-firmware/cactus/projects/nim_plus2/top/top.runs/xilinx_64b_counter_synth_1/xilinx_64b_counter.dcp'
INFO: [Project 1-538] Using original IP XDC constraints instead of the XDC constraints in dcp '/home/rrivera/ots/srcs/otsdaq-firmware/cactus/projects/nim_plus2/top/top.runs/xilinx_64b_counter_synth_1/xilinx_64b_counter.dcp'
INFO: [Project 1-538] Using original IP XDC constraints instead of the XDC constraints in dcp '/home/rrivera/ots/srcs/otsdaq-firmware/cactus/projects/nim_plus2/top/top.runs/xilinx_64b_counter_synth_1/xilinx_64b_counter.dcp'
INFO: [Project 1-538] Using original IP XDC constraints instead of the XDC constraints in dcp '/home/rrivera/ots/srcs/otsdaq-firmware/cactus/projects/nim_plus2/top/top.runs/xilinx_64b_counter_synth_1/xilinx_64b_counter.dcp'
INFO: [Project 1-538] Using original IP XDC constraints instead of the XDC constraints in dcp '/home/rrivera/ots/srcs/otsdaq-firmware/cactus/projects/nim_plus2/top/top.runs/clk_wiz_1_synth_1/clk_wiz_1.dcp'
INFO: [Project 1-538] Using original IP XDC constraints instead of the XDC constraints in dcp '/home/rrivera/ots/srcs/otsdaq-firmware/cactus/projects/nim_plus2/top/top.runs/clk_wiz_internalClocks_synth_1/clk_wiz_internalClocks.dcp'
INFO: [Project 1-538] Using original IP XDC constraints instead of the XDC constraints in dcp '/home/rrivera/ots/srcs/otsdaq-firmware/cactus/projects/nim_plus2/top/top.runs/NIM_CLKS_synth_1/NIM_CLKS.dcp'
INFO: [Opt 31-138] Pushed 0 inverter(s) to 0 load pin(s).
INFO: [Project 1-111] Unisim Transformation Summary:
  A total of 8 instances were transformed.
  OBUFDS => OBUFDS: 8 instances

link_design: Time (s): cpu = 00:00:24 ; elapsed = 00:00:23 . Memory (MB): peak = 1940.414 ; gain = 962.133 ; free physical = 1088 ; free virtual = 46957
Command: opt_design
Attempting to get a license for feature 'Implementation' and/or device 'xc7a200t'
INFO: [Common 17-349] Got license for feature 'Implementation' and/or device 'xc7a200t'
Running DRC as a precondition to command opt_design

Starting DRC Task
INFO: [DRC 23-27] Running DRC with 8 threads
INFO: [Project 1-461] DRC finished with 0 Errors
INFO: [Project 1-462] Please refer to the DRC report (report_drc) for more information.

Time (s): cpu = 00:00:00.35 ; elapsed = 00:00:00.34 . Memory (MB): peak = 1957.445 ; gain = 7.027 ; free physical = 1088 ; free virtual = 46957
WARNING: [Constraints 18-401] set_max_delay: 'NIM_BLOCK_a/U351/U1/int_cnt_out[27]_i_1' is not a valid endpoint. [/home/rrivera/ots/srcs/otsdaq-firmware/cactus/projects/nim_plus2/top/top.srcs/constrs_1/imports/ucf/clock_constraints.tcl:16]
Resolution: A valid end point is a data pin of a sequential cell or a primary output or inout port. Please validate that all the objects returned by your query belong to this list.
WARNING: [Constraints 18-401] set_max_delay: 'NIM_BLOCK_a/U351/U1/cnt_out_r_reg[9]_i_2_CARRY4_GND' is not a valid endpoint. [/home/rrivera/ots/srcs/otsdaq-firmware/cactus/projects/nim_plus2/top/top.srcs/constrs_1/imports/ucf/clock_constraints.tcl:16]
Resolution: A valid end point is a data pin of a sequential cell or a primary output or inout port. Please validate that all the objects returned by your query belong to this list.
WARNING: [Constraints 18-401] set_max_delay: 'NIM_BLOCK_a/U351/U1/cnt_out_r_reg[9]_i_2_CARRY4' is not a valid endpoint. [/home/rrivera/ots/srcs/otsdaq-firmware/cactus/projects/nim_plus2/top/top.srcs/constrs_1/imports/ucf/clock_constraints.tcl:16]
Resolution: A valid end point is a data pin of a sequential cell or a primary output or inout port. Please validate that all the objects returned by your query belong to this list.
WARNING: [Constraints 18-401] set_max_delay: 'NIM_BLOCK_a/U351/U1/cnt_out_r_reg[5]_i_2_CARRY4_GND' is not a valid endpoint. [/home/rrivera/ots/srcs/otsdaq-firmware/cactus/projects/nim_plus2/top/top.srcs/constrs_1/imports/ucf/clock_constraints.tcl:16]
Resolution: A valid end point is a data pin of a sequential cell or a primary output or inout port. Please validate that all the objects returned by your query belong to this list.
WARNING: [Constraints 18-401] set_max_delay: 'NIM_BLOCK_a/U351/U1/cnt_out_r_reg[5]_i_2_CARRY4' is not a valid endpoint. [/home/rrivera/ots/srcs/otsdaq-firmware/cactus/projects/nim_plus2/top/top.srcs/constrs_1/imports/ucf/clock_constraints.tcl:16]
Resolution: A valid end point is a data pin of a sequential cell or a primary output or inout port. Please validate that all the objects returned by your query belong to this list.
WARNING: [Constraints 18-401] set_max_delay: 'NIM_BLOCK_a/U351/U1/cnt_out_r_reg[29]_i_2_CARRY4_GND' is not a valid endpoint. [/home/rrivera/ots/srcs/otsdaq-firmware/cactus/projects/nim_plus2/top/top.srcs/constrs_1/imports/ucf/clock_constraints.tcl:16]
Resolution: A valid end point is a data pin of a sequential cell or a primary output or inout port. Please validate that all the objects returned by your query belong to this list.
WARNING: [Constraints 18-401] set_max_delay: 'NIM_BLOCK_a/U351/U1/cnt_out_r_reg[29]_i_2_CARRY4' is not a valid endpoint. [/home/rrivera/ots/srcs/otsdaq-firmware/cactus/projects/nim_plus2/top/top.srcs/constrs_1/imports/ucf/clock_constraints.tcl:16]
Resolution: A valid end point is a data pin of a sequential cell or a primary output or inout port. Please validate that all the objects returned by your query belong to this list.
WARNING: [Constraints 18-401] set_max_delay: 'NIM_BLOCK_a/U351/U1/cnt_out_r_reg[25]_i_2_CARRY4_GND' is not a valid endpoint. [/home/rrivera/ots/srcs/otsdaq-firmware/cactus/projects/nim_plus2/top/top.srcs/constrs_1/imports/ucf/clock_constraints.tcl:16]
Resolution: A valid end point is a data pin of a sequential cell or a primary output or inout port. Please validate that all the objects returned by your query belong to this list.
WARNING: [Constraints 18-401] set_max_delay: 'NIM_BLOCK_a/U351/U1/cnt_out_r_reg[25]_i_2_CARRY4' is not a valid endpoint. [/home/rrivera/ots/srcs/otsdaq-firmware/cactus/projects/nim_plus2/top/top.srcs/constrs_1/imports/ucf/clock_constraints.tcl:16]
Resolution: A valid end point is a data pin of a sequential cell or a primary output or inout port. Please validate that all the objects returned by your query belong to this list.
WARNING: [Constraints 18-401] set_max_delay: 'NIM_BLOCK_a/U351/U1/cnt_out_r_reg[21]_i_2_CARRY4_GND' is not a valid endpoint. [/home/rrivera/ots/srcs/otsdaq-firmware/cactus/projects/nim_plus2/top/top.srcs/constrs_1/imports/ucf/clock_constraints.tcl:16]
Resolution: A valid end point is a data pin of a sequential cell or a primary output or inout port. Please validate that all the objects returned by your query belong to this list.
WARNING: [Constraints 18-401] set_max_delay: 'NIM_BLOCK_a/U351/U1/cnt_out_r_reg[21]_i_2_CARRY4' is not a valid endpoint. [/home/rrivera/ots/srcs/otsdaq-firmware/cactus/projects/nim_plus2/top/top.srcs/constrs_1/imports/ucf/clock_constraints.tcl:16]
Resolution: A valid end point is a data pin of a sequential cell or a primary output or inout port. Please validate that all the objects returned by your query belong to this list.
WARNING: [Constraints 18-401] set_max_delay: 'NIM_BLOCK_a/U351/U1/cnt_out_r_reg[1]_i_2_CARRY4_GND' is not a valid endpoint. [/home/rrivera/ots/srcs/otsdaq-firmware/cactus/projects/nim_plus2/top/top.srcs/constrs_1/imports/ucf/clock_constraints.tcl:16]
Resolution: A valid end point is a data pin of a sequential cell or a primary output or inout port. Please validate that all the objects returned by your query belong to this list.
WARNING: [Constraints 18-401] set_max_delay: 'NIM_BLOCK_a/U351/U1/cnt_out_r_reg[1]_i_2_CARRY4' is not a valid endpoint. [/home/rrivera/ots/srcs/otsdaq-firmware/cactus/projects/nim_plus2/top/top.srcs/constrs_1/imports/ucf/clock_constraints.tcl:16]
Resolution: A valid end point is a data pin of a sequential cell or a primary output or inout port. Please validate that all the objects returned by your query belong to this list.
WARNING: [Constraints 18-401] set_max_delay: 'NIM_BLOCK_a/U351/U1/cnt_out_r_reg[17]_i_2_CARRY4_GND' is not a valid endpoint. [/home/rrivera/ots/srcs/otsdaq-firmware/cactus/projects/nim_plus2/top/top.srcs/constrs_1/imports/ucf/clock_constraints.tcl:16]
Resolution: A valid end point is a data pin of a sequential cell or a primary output or inout port. Please validate that all the objects returned by your query belong to this list.
WARNING: [Constraints 18-401] set_max_delay: 'NIM_BLOCK_a/U351/U1/cnt_out_r_reg[17]_i_2_CARRY4' is not a valid endpoint. [/home/rrivera/ots/srcs/otsdaq-firmware/cactus/projects/nim_plus2/top/top.srcs/constrs_1/imports/ucf/clock_constraints.tcl:16]
Resolution: A valid end point is a data pin of a sequential cell or a primary output or inout port. Please validate that all the objects returned by your query belong to this list.
WARNING: [Constraints 18-401] set_max_delay: 'NIM_BLOCK_a/U351/U1/cnt_out_r_reg[13]_i_2_CARRY4_GND' is not a valid endpoint. [/home/rrivera/ots/srcs/otsdaq-firmware/cactus/projects/nim_plus2/top/top.srcs/constrs_1/imports/ucf/clock_constraints.tcl:16]
Resolution: A valid end point is a data pin of a sequential cell or a primary output or inout port. Please validate that all the objects returned by your query belong to this list.
WARNING: [Constraints 18-401] set_max_delay: 'NIM_BLOCK_a/U351/U1/cnt_out_r_reg[13]_i_2_CARRY4' is not a valid endpoint. [/home/rrivera/ots/srcs/otsdaq-firmware/cactus/projects/nim_plus2/top/top.srcs/constrs_1/imports/ucf/clock_constraints.tcl:16]
Resolution: A valid end point is a data pin of a sequential cell or a primary output or inout port. Please validate that all the objects returned by your query belong to this list.
WARNING: [Constraints 18-401] set_max_delay: 'NIM_BLOCK_a/U351/U1/cnt_out_r[0]_i_8' is not a valid endpoint. [/home/rrivera/ots/srcs/otsdaq-firmware/cactus/projects/nim_plus2/top/top.srcs/constrs_1/imports/ucf/clock_constraints.tcl:16]
Resolution: A valid end point is a data pin of a sequential cell or a primary output or inout port. Please validate that all the objects returned by your query belong to this list.
WARNING: [Constraints 18-401] set_max_delay: 'NIM_BLOCK_a/U351/U1/cnt_out_r[0]_i_7' is not a valid endpoint. [/home/rrivera/ots/srcs/otsdaq-firmware/cactus/projects/nim_plus2/top/top.srcs/constrs_1/imports/ucf/clock_constraints.tcl:16]
Resolution: A valid end point is a data pin of a sequential cell or a primary output or inout port. Please validate that all the objects returned by your query belong to this list.
WARNING: [Constraints 18-401] set_max_delay: 'NIM_BLOCK_a/U351/U1/cnt_out_r[0]_i_9' is not a valid endpoint. [/home/rrivera/ots/srcs/otsdaq-firmware/cactus/projects/nim_plus2/top/top.srcs/constrs_1/imports/ucf/clock_constraints.tcl:16]
Resolution: A valid end point is a data pin of a sequential cell or a primary output or inout port. Please validate that all the objects returned by your query belong to this list.
WARNING: [Constraints 18-401] set_max_delay: 'NIM_BLOCK_a/U351/U1/cnt_out_r[0]_i_6' is not a valid endpoint. [/home/rrivera/ots/srcs/otsdaq-firmware/cactus/projects/nim_plus2/top/top.srcs/constrs_1/imports/ucf/clock_constraints.tcl:16]
Resolution: A valid end point is a data pin of a sequential cell or a primary output or inout port. Please validate that all the objects returned by your query belong to this list.
WARNING: [Constraints 18-401] set_max_delay: 'NIM_BLOCK_a/U351/U1/cnt_out_r[0]_i_5' is not a valid endpoint. [/home/rrivera/ots/srcs/otsdaq-firmware/cactus/projects/nim_plus2/top/top.srcs/constrs_1/imports/ucf/clock_constraints.tcl:16]
Resolution: A valid end point is a data pin of a sequential cell or a primary output or inout port. Please validate that all the objects returned by your query belong to this list.
WARNING: [Constraints 18-401] set_max_delay: 'NIM_BLOCK_a/U351/U1/cnt_out_r[0]_i_4' is not a valid endpoint. [/home/rrivera/ots/srcs/otsdaq-firmware/cactus/projects/nim_plus2/top/top.srcs/constrs_1/imports/ucf/clock_constraints.tcl:16]
Resolution: A valid end point is a data pin of a sequential cell or a primary output or inout port. Please validate that all the objects returned by your query belong to this list.
WARNING: [Constraints 18-401] set_max_delay: 'NIM_BLOCK_a/U351/U1/cnt_out_r[0]_i_2' is not a valid endpoint. [/home/rrivera/ots/srcs/otsdaq-firmware/cactus/projects/nim_plus2/top/top.srcs/constrs_1/imports/ucf/clock_constraints.tcl:16]
Resolution: A valid end point is a data pin of a sequential cell or a primary output or inout port. Please validate that all the objects returned by your query belong to this list.
WARNING: [Constraints 18-401] set_max_delay: 'NIM_BLOCK_a/U351/U1/cnt_out_r[0]_i_10' is not a valid endpoint. [/home/rrivera/ots/srcs/otsdaq-firmware/cactus/projects/nim_plus2/top/top.srcs/constrs_1/imports/ucf/clock_constraints.tcl:16]
Resolution: A valid end point is a data pin of a sequential cell or a primary output or inout port. Please validate that all the objects returned by your query belong to this list.
WARNING: [Constraints 18-401] set_max_delay: 'NIM_BLOCK_a/U351/U1/cnt_out_r[0]_i_1' is not a valid endpoint. [/home/rrivera/ots/srcs/otsdaq-firmware/cactus/projects/nim_plus2/top/top.srcs/constrs_1/imports/ucf/clock_constraints.tcl:16]
Resolution: A valid end point is a data pin of a sequential cell or a primary output or inout port. Please validate that all the objects returned by your query belong to this list.
WARNING: [Constraints 18-401] set_max_delay: 'NIM_BLOCK_a/U351/U1/VCC' is not a valid endpoint. [/home/rrivera/ots/srcs/otsdaq-firmware/cactus/projects/nim_plus2/top/top.srcs/constrs_1/imports/ucf/clock_constraints.tcl:16]
Resolution: A valid end point is a data pin of a sequential cell or a primary output or inout port. Please validate that all the objects returned by your query belong to this list.
WARNING: [Constraints 18-401] set_max_delay: 'NIM_BLOCK_a/U351/U1/GND' is not a valid endpoint. [/home/rrivera/ots/srcs/otsdaq-firmware/cactus/projects/nim_plus2/top/top.srcs/constrs_1/imports/ucf/clock_constraints.tcl:16]
Resolution: A valid end point is a data pin of a sequential cell or a primary output or inout port. Please validate that all the objects returned by your query belong to this list.
WARNING: [Constraints 18-401] set_max_delay: 'NIM_BLOCK_a/U351/GND' is not a valid endpoint. [/home/rrivera/ots/srcs/otsdaq-firmware/cactus/projects/nim_plus2/top/top.srcs/constrs_1/imports/ucf/clock_constraints.tcl:16]
Resolution: A valid end point is a data pin of a sequential cell or a primary output or inout port. Please validate that all the objects returned by your query belong to this list.
WARNING: [Constraints 18-401] set_max_delay: 'NIM_BLOCK_a/U351/U2/VCC' is not a valid endpoint. [/home/rrivera/ots/srcs/otsdaq-firmware/cactus/projects/nim_plus2/top/top.srcs/constrs_1/imports/ucf/clock_constraints.tcl:16]
Resolution: A valid end point is a data pin of a sequential cell or a primary output or inout port. Please validate that all the objects returned by your query belong to this list.
WARNING: [Constraints 18-401] set_max_delay: 'NIM_BLOCK_a/U351/U2/GND' is not a valid endpoint. [/home/rrivera/ots/srcs/otsdaq-firmware/cactus/projects/nim_plus2/top/top.srcs/constrs_1/imports/ucf/clock_constraints.tcl:16]
Resolution: A valid end point is a data pin of a sequential cell or a primary output or inout port. Please validate that all the objects returned by your query belong to this list.
WARNING: [Constraints 18-401] set_max_delay: 'NIM_BLOCK_a/U353/U1/int_cnt_out[27]_i_1' is not a valid endpoint. [/home/rrivera/ots/srcs/otsdaq-firmware/cactus/projects/nim_plus2/top/top.srcs/constrs_1/imports/ucf/clock_constraints.tcl:17]
Resolution: A valid end point is a data pin of a sequential cell or a primary output or inout port. Please validate that all the objects returned by your query belong to this list.
WARNING: [Constraints 18-401] set_max_delay: 'NIM_BLOCK_a/U353/U1/cnt_out_r_reg[9]_i_2_CARRY4_GND' is not a valid endpoint. [/home/rrivera/ots/srcs/otsdaq-firmware/cactus/projects/nim_plus2/top/top.srcs/constrs_1/imports/ucf/clock_constraints.tcl:17]
Resolution: A valid end point is a data pin of a sequential cell or a primary output or inout port. Please validate that all the objects returned by your query belong to this list.
WARNING: [Constraints 18-401] set_max_delay: 'NIM_BLOCK_a/U353/U1/cnt_out_r_reg[9]_i_2_CARRY4' is not a valid endpoint. [/home/rrivera/ots/srcs/otsdaq-firmware/cactus/projects/nim_plus2/top/top.srcs/constrs_1/imports/ucf/clock_constraints.tcl:17]
Resolution: A valid end point is a data pin of a sequential cell or a primary output or inout port. Please validate that all the objects returned by your query belong to this list.
WARNING: [Constraints 18-401] set_max_delay: 'NIM_BLOCK_a/U353/U1/cnt_out_r_reg[5]_i_2_CARRY4_GND' is not a valid endpoint. [/home/rrivera/ots/srcs/otsdaq-firmware/cactus/projects/nim_plus2/top/top.srcs/constrs_1/imports/ucf/clock_constraints.tcl:17]
Resolution: A valid end point is a data pin of a sequential cell or a primary output or inout port. Please validate that all the objects returned by your query belong to this list.
WARNING: [Constraints 18-401] set_max_delay: 'NIM_BLOCK_a/U353/U1/cnt_out_r_reg[5]_i_2_CARRY4' is not a valid endpoint. [/home/rrivera/ots/srcs/otsdaq-firmware/cactus/projects/nim_plus2/top/top.srcs/constrs_1/imports/ucf/clock_constraints.tcl:17]
Resolution: A valid end point is a data pin of a sequential cell or a primary output or inout port. Please validate that all the objects returned by your query belong to this list.
WARNING: [Constraints 18-401] set_max_delay: 'NIM_BLOCK_a/U353/U1/cnt_out_r_reg[29]_i_2_CARRY4_GND' is not a valid endpoint. [/home/rrivera/ots/srcs/otsdaq-firmware/cactus/projects/nim_plus2/top/top.srcs/constrs_1/imports/ucf/clock_constraints.tcl:17]
Resolution: A valid end point is a data pin of a sequential cell or a primary output or inout port. Please validate that all the objects returned by your query belong to this list.
WARNING: [Constraints 18-401] set_max_delay: 'NIM_BLOCK_a/U353/U1/cnt_out_r_reg[29]_i_2_CARRY4' is not a valid endpoint. [/home/rrivera/ots/srcs/otsdaq-firmware/cactus/projects/nim_plus2/top/top.srcs/constrs_1/imports/ucf/clock_constraints.tcl:17]
Resolution: A valid end point is a data pin of a sequential cell or a primary output or inout port. Please validate that all the objects returned by your query belong to this list.
WARNING: [Constraints 18-401] set_max_delay: 'NIM_BLOCK_a/U353/U1/cnt_out_r_reg[25]_i_2_CARRY4_GND' is not a valid endpoint. [/home/rrivera/ots/srcs/otsdaq-firmware/cactus/projects/nim_plus2/top/top.srcs/constrs_1/imports/ucf/clock_constraints.tcl:17]
Resolution: A valid end point is a data pin of a sequential cell or a primary output or inout port. Please validate that all the objects returned by your query belong to this list.
WARNING: [Constraints 18-401] set_max_delay: 'NIM_BLOCK_a/U353/U1/cnt_out_r_reg[25]_i_2_CARRY4' is not a valid endpoint. [/home/rrivera/ots/srcs/otsdaq-firmware/cactus/projects/nim_plus2/top/top.srcs/constrs_1/imports/ucf/clock_constraints.tcl:17]
Resolution: A valid end point is a data pin of a sequential cell or a primary output or inout port. Please validate that all the objects returned by your query belong to this list.
WARNING: [Constraints 18-401] set_max_delay: 'NIM_BLOCK_a/U353/U1/cnt_out_r_reg[21]_i_2_CARRY4_GND' is not a valid endpoint. [/home/rrivera/ots/srcs/otsdaq-firmware/cactus/projects/nim_plus2/top/top.srcs/constrs_1/imports/ucf/clock_constraints.tcl:17]
Resolution: A valid end point is a data pin of a sequential cell or a primary output or inout port. Please validate that all the objects returned by your query belong to this list.
WARNING: [Constraints 18-401] set_max_delay: 'NIM_BLOCK_a/U353/U1/cnt_out_r_reg[21]_i_2_CARRY4' is not a valid endpoint. [/home/rrivera/ots/srcs/otsdaq-firmware/cactus/projects/nim_plus2/top/top.srcs/constrs_1/imports/ucf/clock_constraints.tcl:17]
Resolution: A valid end point is a data pin of a sequential cell or a primary output or inout port. Please validate that all the objects returned by your query belong to this list.
WARNING: [Constraints 18-401] set_max_delay: 'NIM_BLOCK_a/U353/U1/cnt_out_r_reg[1]_i_2_CARRY4_GND' is not a valid endpoint. [/home/rrivera/ots/srcs/otsdaq-firmware/cactus/projects/nim_plus2/top/top.srcs/constrs_1/imports/ucf/clock_constraints.tcl:17]
Resolution: A valid end point is a data pin of a sequential cell or a primary output or inout port. Please validate that all the objects returned by your query belong to this list.
WARNING: [Constraints 18-401] set_max_delay: 'NIM_BLOCK_a/U353/U1/cnt_out_r_reg[1]_i_2_CARRY4' is not a valid endpoint. [/home/rrivera/ots/srcs/otsdaq-firmware/cactus/projects/nim_plus2/top/top.srcs/constrs_1/imports/ucf/clock_constraints.tcl:17]
Resolution: A valid end point is a data pin of a sequential cell or a primary output or inout port. Please validate that all the objects returned by your query belong to this list.
WARNING: [Constraints 18-401] set_max_delay: 'NIM_BLOCK_a/U353/U1/cnt_out_r_reg[17]_i_2_CARRY4_GND' is not a valid endpoint. [/home/rrivera/ots/srcs/otsdaq-firmware/cactus/projects/nim_plus2/top/top.srcs/constrs_1/imports/ucf/clock_constraints.tcl:17]
Resolution: A valid end point is a data pin of a sequential cell or a primary output or inout port. Please validate that all the objects returned by your query belong to this list.
WARNING: [Constraints 18-401] set_max_delay: 'NIM_BLOCK_a/U353/U1/cnt_out_r_reg[17]_i_2_CARRY4' is not a valid endpoint. [/home/rrivera/ots/srcs/otsdaq-firmware/cactus/projects/nim_plus2/top/top.srcs/constrs_1/imports/ucf/clock_constraints.tcl:17]
Resolution: A valid end point is a data pin of a sequential cell or a primary output or inout port. Please validate that all the objects returned by your query belong to this list.
WARNING: [Constraints 18-401] set_max_delay: 'NIM_BLOCK_a/U353/U1/cnt_out_r_reg[13]_i_2_CARRY4_GND' is not a valid endpoint. [/home/rrivera/ots/srcs/otsdaq-firmware/cactus/projects/nim_plus2/top/top.srcs/constrs_1/imports/ucf/clock_constraints.tcl:17]
Resolution: A valid end point is a data pin of a sequential cell or a primary output or inout port. Please validate that all the objects returned by your query belong to this list.
WARNING: [Constraints 18-401] set_max_delay: 'NIM_BLOCK_a/U353/U1/cnt_out_r_reg[13]_i_2_CARRY4' is not a valid endpoint. [/home/rrivera/ots/srcs/otsdaq-firmware/cactus/projects/nim_plus2/top/top.srcs/constrs_1/imports/ucf/clock_constraints.tcl:17]
Resolution: A valid end point is a data pin of a sequential cell or a primary output or inout port. Please validate that all the objects returned by your query belong to this list.
WARNING: [Constraints 18-401] set_max_delay: 'NIM_BLOCK_a/U353/U1/cnt_out_r[0]_i_8' is not a valid endpoint. [/home/rrivera/ots/srcs/otsdaq-firmware/cactus/projects/nim_plus2/top/top.srcs/constrs_1/imports/ucf/clock_constraints.tcl:17]
Resolution: A valid end point is a data pin of a sequential cell or a primary output or inout port. Please validate that all the objects returned by your query belong to this list.
WARNING: [Constraints 18-401] set_max_delay: 'NIM_BLOCK_a/U353/U1/cnt_out_r[0]_i_7' is not a valid endpoint. [/home/rrivera/ots/srcs/otsdaq-firmware/cactus/projects/nim_plus2/top/top.srcs/constrs_1/imports/ucf/clock_constraints.tcl:17]
Resolution: A valid end point is a data pin of a sequential cell or a primary output or inout port. Please validate that all the objects returned by your query belong to this list.
WARNING: [Constraints 18-401] set_max_delay: 'NIM_BLOCK_a/U353/U1/cnt_out_r[0]_i_9' is not a valid endpoint. [/home/rrivera/ots/srcs/otsdaq-firmware/cactus/projects/nim_plus2/top/top.srcs/constrs_1/imports/ucf/clock_constraints.tcl:17]
Resolution: A valid end point is a data pin of a sequential cell or a primary output or inout port. Please validate that all the objects returned by your query belong to this list.
WARNING: [Constraints 18-401] set_max_delay: 'NIM_BLOCK_a/U353/U1/cnt_out_r[0]_i_6' is not a valid endpoint. [/home/rrivera/ots/srcs/otsdaq-firmware/cactus/projects/nim_plus2/top/top.srcs/constrs_1/imports/ucf/clock_constraints.tcl:17]
Resolution: A valid end point is a data pin of a sequential cell or a primary output or inout port. Please validate that all the objects returned by your query belong to this list.
WARNING: [Constraints 18-401] set_max_delay: 'NIM_BLOCK_a/U353/U1/cnt_out_r[0]_i_5' is not a valid endpoint. [/home/rrivera/ots/srcs/otsdaq-firmware/cactus/projects/nim_plus2/top/top.srcs/constrs_1/imports/ucf/clock_constraints.tcl:17]
Resolution: A valid end point is a data pin of a sequential cell or a primary output or inout port. Please validate that all the objects returned by your query belong to this list.
WARNING: [Constraints 18-401] set_max_delay: 'NIM_BLOCK_a/U353/U1/cnt_out_r[0]_i_4' is not a valid endpoint. [/home/rrivera/ots/srcs/otsdaq-firmware/cactus/projects/nim_plus2/top/top.srcs/constrs_1/imports/ucf/clock_constraints.tcl:17]
Resolution: A valid end point is a data pin of a sequential cell or a primary output or inout port. Please validate that all the objects returned by your query belong to this list.
WARNING: [Constraints 18-401] set_max_delay: 'NIM_BLOCK_a/U353/U1/cnt_out_r[0]_i_2' is not a valid endpoint. [/home/rrivera/ots/srcs/otsdaq-firmware/cactus/projects/nim_plus2/top/top.srcs/constrs_1/imports/ucf/clock_constraints.tcl:17]
Resolution: A valid end point is a data pin of a sequential cell or a primary output or inout port. Please validate that all the objects returned by your query belong to this list.
WARNING: [Constraints 18-401] set_max_delay: 'NIM_BLOCK_a/U353/U1/cnt_out_r[0]_i_10' is not a valid endpoint. [/home/rrivera/ots/srcs/otsdaq-firmware/cactus/projects/nim_plus2/top/top.srcs/constrs_1/imports/ucf/clock_constraints.tcl:17]
Resolution: A valid end point is a data pin of a sequential cell or a primary output or inout port. Please validate that all the objects returned by your query belong to this list.
WARNING: [Constraints 18-401] set_max_delay: 'NIM_BLOCK_a/U353/U1/cnt_out_r[0]_i_1' is not a valid endpoint. [/home/rrivera/ots/srcs/otsdaq-firmware/cactus/projects/nim_plus2/top/top.srcs/constrs_1/imports/ucf/clock_constraints.tcl:17]
Resolution: A valid end point is a data pin of a sequential cell or a primary output or inout port. Please validate that all the objects returned by your query belong to this list.
WARNING: [Constraints 18-401] set_max_delay: 'NIM_BLOCK_a/U353/U1/VCC' is not a valid endpoint. [/home/rrivera/ots/srcs/otsdaq-firmware/cactus/projects/nim_plus2/top/top.srcs/constrs_1/imports/ucf/clock_constraints.tcl:17]
Resolution: A valid end point is a data pin of a sequential cell or a primary output or inout port. Please validate that all the objects returned by your query belong to this list.
WARNING: [Constraints 18-401] set_max_delay: 'NIM_BLOCK_a/U353/U1/GND' is not a valid endpoint. [/home/rrivera/ots/srcs/otsdaq-firmware/cactus/projects/nim_plus2/top/top.srcs/constrs_1/imports/ucf/clock_constraints.tcl:17]
Resolution: A valid end point is a data pin of a sequential cell or a primary output or inout port. Please validate that all the objects returned by your query belong to this list.
WARNING: [Constraints 18-401] set_max_delay: 'NIM_BLOCK_a/U353/GND' is not a valid endpoint. [/home/rrivera/ots/srcs/otsdaq-firmware/cactus/projects/nim_plus2/top/top.srcs/constrs_1/imports/ucf/clock_constraints.tcl:17]
Resolution: A valid end point is a data pin of a sequential cell or a primary output or inout port. Please validate that all the objects returned by your query belong to this list.
WARNING: [Constraints 18-401] set_max_delay: 'NIM_BLOCK_a/U353/U2/VCC' is not a valid endpoint. [/home/rrivera/ots/srcs/otsdaq-firmware/cactus/projects/nim_plus2/top/top.srcs/constrs_1/imports/ucf/clock_constraints.tcl:17]
Resolution: A valid end point is a data pin of a sequential cell or a primary output or inout port. Please validate that all the objects returned by your query belong to this list.
WARNING: [Constraints 18-401] set_max_delay: 'NIM_BLOCK_a/U353/U2/GND' is not a valid endpoint. [/home/rrivera/ots/srcs/otsdaq-firmware/cactus/projects/nim_plus2/top/top.srcs/constrs_1/imports/ucf/clock_constraints.tcl:17]
Resolution: A valid end point is a data pin of a sequential cell or a primary output or inout port. Please validate that all the objects returned by your query belong to this list.
WARNING: [Constraints 18-401] set_max_delay: 'NIM_BLOCK_a/U355/U1/cnt_out_r[0]_i_5' is not a valid endpoint. [/home/rrivera/ots/srcs/otsdaq-firmware/cactus/projects/nim_plus2/top/top.srcs/constrs_1/imports/ucf/clock_constraints.tcl:18]
Resolution: A valid end point is a data pin of a sequential cell or a primary output or inout port. Please validate that all the objects returned by your query belong to this list.
WARNING: [Constraints 18-401] set_max_delay: 'NIM_BLOCK_a/U355/U1/cnt_out_r[0]_i_4' is not a valid endpoint. [/home/rrivera/ots/srcs/otsdaq-firmware/cactus/projects/nim_plus2/top/top.srcs/constrs_1/imports/ucf/clock_constraints.tcl:18]
Resolution: A valid end point is a data pin of a sequential cell or a primary output or inout port. Please validate that all the objects returned by your query belong to this list.
WARNING: [Constraints 18-401] set_max_delay: 'NIM_BLOCK_a/U355/U1/cnt_out_r[0]_i_2' is not a valid endpoint. [/home/rrivera/ots/srcs/otsdaq-firmware/cactus/projects/nim_plus2/top/top.srcs/constrs_1/imports/ucf/clock_constraints.tcl:18]
Resolution: A valid end point is a data pin of a sequential cell or a primary output or inout port. Please validate that all the objects returned by your query belong to this list.
WARNING: [Constraints 18-401] set_max_delay: 'NIM_BLOCK_a/U355/U1/cnt_out_r[0]_i_10' is not a valid endpoint. [/home/rrivera/ots/srcs/otsdaq-firmware/cactus/projects/nim_plus2/top/top.srcs/constrs_1/imports/ucf/clock_constraints.tcl:18]
Resolution: A valid end point is a data pin of a sequential cell or a primary output or inout port. Please validate that all the objects returned by your query belong to this list.
WARNING: [Constraints 18-401] set_max_delay: 'NIM_BLOCK_a/U355/U1/cnt_out_r[0]_i_1' is not a valid endpoint. [/home/rrivera/ots/srcs/otsdaq-firmware/cactus/projects/nim_plus2/top/top.srcs/constrs_1/imports/ucf/clock_constraints.tcl:18]
Resolution: A valid end point is a data pin of a sequential cell or a primary output or inout port. Please validate that all the objects returned by your query belong to this list.
WARNING: [Constraints 18-401] set_max_delay: 'NIM_BLOCK_a/U355/U1/VCC' is not a valid endpoint. [/home/rrivera/ots/srcs/otsdaq-firmware/cactus/projects/nim_plus2/top/top.srcs/constrs_1/imports/ucf/clock_constraints.tcl:18]
Resolution: A valid end point is a data pin of a sequential cell or a primary output or inout port. Please validate that all the objects returned by your query belong to this list.
WARNING: [Constraints 18-401] set_max_delay: 'NIM_BLOCK_a/U355/U1/GND' is not a valid endpoint. [/home/rrivera/ots/srcs/otsdaq-firmware/cactus/projects/nim_plus2/top/top.srcs/constrs_1/imports/ucf/clock_constraints.tcl:18]
Resolution: A valid end point is a data pin of a sequential cell or a primary output or inout port. Please validate that all the objects returned by your query belong to this list.
WARNING: [Constraints 18-401] set_max_delay: 'NIM_BLOCK_a/U355/U1/int_cnt_out[27]_i_1' is not a valid endpoint. [/home/rrivera/ots/srcs/otsdaq-firmware/cactus/projects/nim_plus2/top/top.srcs/constrs_1/imports/ucf/clock_constraints.tcl:18]
Resolution: A valid end point is a data pin of a sequential cell or a primary output or inout port. Please validate that all the objects returned by your query belong to this list.
WARNING: [Constraints 18-401] set_max_delay: 'NIM_BLOCK_a/U355/U1/cnt_out_r_reg[9]_i_2_CARRY4_GND' is not a valid endpoint. [/home/rrivera/ots/srcs/otsdaq-firmware/cactus/projects/nim_plus2/top/top.srcs/constrs_1/imports/ucf/clock_constraints.tcl:18]
Resolution: A valid end point is a data pin of a sequential cell or a primary output or inout port. Please validate that all the objects returned by your query belong to this list.
WARNING: [Constraints 18-401] set_max_delay: 'NIM_BLOCK_a/U355/U1/cnt_out_r_reg[9]_i_2_CARRY4' is not a valid endpoint. [/home/rrivera/ots/srcs/otsdaq-firmware/cactus/projects/nim_plus2/top/top.srcs/constrs_1/imports/ucf/clock_constraints.tcl:18]
Resolution: A valid end point is a data pin of a sequential cell or a primary output or inout port. Please validate that all the objects returned by your query belong to this list.
WARNING: [Constraints 18-401] set_max_delay: 'NIM_BLOCK_a/U355/U1/cnt_out_r_reg[5]_i_2_CARRY4_GND' is not a valid endpoint. [/home/rrivera/ots/srcs/otsdaq-firmware/cactus/projects/nim_plus2/top/top.srcs/constrs_1/imports/ucf/clock_constraints.tcl:18]
Resolution: A valid end point is a data pin of a sequential cell or a primary output or inout port. Please validate that all the objects returned by your query belong to this list.
WARNING: [Constraints 18-401] set_max_delay: 'NIM_BLOCK_a/U355/U1/cnt_out_r_reg[5]_i_2_CARRY4' is not a valid endpoint. [/home/rrivera/ots/srcs/otsdaq-firmware/cactus/projects/nim_plus2/top/top.srcs/constrs_1/imports/ucf/clock_constraints.tcl:18]
Resolution: A valid end point is a data pin of a sequential cell or a primary output or inout port. Please validate that all the objects returned by your query belong to this list.
WARNING: [Constraints 18-401] set_max_delay: 'NIM_BLOCK_a/U355/U1/cnt_out_r_reg[29]_i_2_CARRY4_GND' is not a valid endpoint. [/home/rrivera/ots/srcs/otsdaq-firmware/cactus/projects/nim_plus2/top/top.srcs/constrs_1/imports/ucf/clock_constraints.tcl:18]
Resolution: A valid end point is a data pin of a sequential cell or a primary output or inout port. Please validate that all the objects returned by your query belong to this list.
WARNING: [Constraints 18-401] set_max_delay: 'NIM_BLOCK_a/U355/U1/cnt_out_r_reg[29]_i_2_CARRY4' is not a valid endpoint. [/home/rrivera/ots/srcs/otsdaq-firmware/cactus/projects/nim_plus2/top/top.srcs/constrs_1/imports/ucf/clock_constraints.tcl:18]
Resolution: A valid end point is a data pin of a sequential cell or a primary output or inout port. Please validate that all the objects returned by your query belong to this list.
WARNING: [Constraints 18-401] set_max_delay: 'NIM_BLOCK_a/U355/U1/cnt_out_r_reg[25]_i_2_CARRY4_GND' is not a valid endpoint. [/home/rrivera/ots/srcs/otsdaq-firmware/cactus/projects/nim_plus2/top/top.srcs/constrs_1/imports/ucf/clock_constraints.tcl:18]
Resolution: A valid end point is a data pin of a sequential cell or a primary output or inout port. Please validate that all the objects returned by your query belong to this list.
WARNING: [Constraints 18-401] set_max_delay: 'NIM_BLOCK_a/U355/U1/cnt_out_r_reg[25]_i_2_CARRY4' is not a valid endpoint. [/home/rrivera/ots/srcs/otsdaq-firmware/cactus/projects/nim_plus2/top/top.srcs/constrs_1/imports/ucf/clock_constraints.tcl:18]
Resolution: A valid end point is a data pin of a sequential cell or a primary output or inout port. Please validate that all the objects returned by your query belong to this list.
WARNING: [Constraints 18-401] set_max_delay: 'NIM_BLOCK_a/U355/U1/cnt_out_r_reg[21]_i_2_CARRY4_GND' is not a valid endpoint. [/home/rrivera/ots/srcs/otsdaq-firmware/cactus/projects/nim_plus2/top/top.srcs/constrs_1/imports/ucf/clock_constraints.tcl:18]
Resolution: A valid end point is a data pin of a sequential cell or a primary output or inout port. Please validate that all the objects returned by your query belong to this list.
WARNING: [Constraints 18-401] set_max_delay: 'NIM_BLOCK_a/U355/U1/cnt_out_r_reg[21]_i_2_CARRY4' is not a valid endpoint. [/home/rrivera/ots/srcs/otsdaq-firmware/cactus/projects/nim_plus2/top/top.srcs/constrs_1/imports/ucf/clock_constraints.tcl:18]
Resolution: A valid end point is a data pin of a sequential cell or a primary output or inout port. Please validate that all the objects returned by your query belong to this list.
WARNING: [Constraints 18-401] set_max_delay: 'NIM_BLOCK_a/U355/U1/cnt_out_r_reg[1]_i_2_CARRY4_GND' is not a valid endpoint. [/home/rrivera/ots/srcs/otsdaq-firmware/cactus/projects/nim_plus2/top/top.srcs/constrs_1/imports/ucf/clock_constraints.tcl:18]
Resolution: A valid end point is a data pin of a sequential cell or a primary output or inout port. Please validate that all the objects returned by your query belong to this list.
WARNING: [Constraints 18-401] set_max_delay: 'NIM_BLOCK_a/U355/U1/cnt_out_r_reg[1]_i_2_CARRY4' is not a valid endpoint. [/home/rrivera/ots/srcs/otsdaq-firmware/cactus/projects/nim_plus2/top/top.srcs/constrs_1/imports/ucf/clock_constraints.tcl:18]
Resolution: A valid end point is a data pin of a sequential cell or a primary output or inout port. Please validate that all the objects returned by your query belong to this list.
WARNING: [Constraints 18-401] set_max_delay: 'NIM_BLOCK_a/U355/U1/cnt_out_r_reg[17]_i_2_CARRY4_GND' is not a valid endpoint. [/home/rrivera/ots/srcs/otsdaq-firmware/cactus/projects/nim_plus2/top/top.srcs/constrs_1/imports/ucf/clock_constraints.tcl:18]
Resolution: A valid end point is a data pin of a sequential cell or a primary output or inout port. Please validate that all the objects returned by your query belong to this list.
WARNING: [Constraints 18-401] set_max_delay: 'NIM_BLOCK_a/U355/U1/cnt_out_r_reg[17]_i_2_CARRY4' is not a valid endpoint. [/home/rrivera/ots/srcs/otsdaq-firmware/cactus/projects/nim_plus2/top/top.srcs/constrs_1/imports/ucf/clock_constraints.tcl:18]
Resolution: A valid end point is a data pin of a sequential cell or a primary output or inout port. Please validate that all the objects returned by your query belong to this list.
WARNING: [Constraints 18-401] set_max_delay: 'NIM_BLOCK_a/U355/U1/cnt_out_r_reg[13]_i_2_CARRY4_GND' is not a valid endpoint. [/home/rrivera/ots/srcs/otsdaq-firmware/cactus/projects/nim_plus2/top/top.srcs/constrs_1/imports/ucf/clock_constraints.tcl:18]
Resolution: A valid end point is a data pin of a sequential cell or a primary output or inout port. Please validate that all the objects returned by your query belong to this list.
WARNING: [Constraints 18-401] set_max_delay: 'NIM_BLOCK_a/U355/U1/cnt_out_r_reg[13]_i_2_CARRY4' is not a valid endpoint. [/home/rrivera/ots/srcs/otsdaq-firmware/cactus/projects/nim_plus2/top/top.srcs/constrs_1/imports/ucf/clock_constraints.tcl:18]
Resolution: A valid end point is a data pin of a sequential cell or a primary output or inout port. Please validate that all the objects returned by your query belong to this list.
WARNING: [Constraints 18-401] set_max_delay: 'NIM_BLOCK_a/U355/U1/cnt_out_r[0]_i_8' is not a valid endpoint. [/home/rrivera/ots/srcs/otsdaq-firmware/cactus/projects/nim_plus2/top/top.srcs/constrs_1/imports/ucf/clock_constraints.tcl:18]
Resolution: A valid end point is a data pin of a sequential cell or a primary output or inout port. Please validate that all the objects returned by your query belong to this list.
WARNING: [Constraints 18-401] set_max_delay: 'NIM_BLOCK_a/U355/U1/cnt_out_r[0]_i_7' is not a valid endpoint. [/home/rrivera/ots/srcs/otsdaq-firmware/cactus/projects/nim_plus2/top/top.srcs/constrs_1/imports/ucf/clock_constraints.tcl:18]
Resolution: A valid end point is a data pin of a sequential cell or a primary output or inout port. Please validate that all the objects returned by your query belong to this list.
WARNING: [Constraints 18-401] set_max_delay: 'NIM_BLOCK_a/U355/U1/cnt_out_r[0]_i_9' is not a valid endpoint. [/home/rrivera/ots/srcs/otsdaq-firmware/cactus/projects/nim_plus2/top/top.srcs/constrs_1/imports/ucf/clock_constraints.tcl:18]
Resolution: A valid end point is a data pin of a sequential cell or a primary output or inout port. Please validate that all the objects returned by your query belong to this list.
WARNING: [Constraints 18-401] set_max_delay: 'NIM_BLOCK_a/U355/U1/cnt_out_r[0]_i_6' is not a valid endpoint. [/home/rrivera/ots/srcs/otsdaq-firmware/cactus/projects/nim_plus2/top/top.srcs/constrs_1/imports/ucf/clock_constraints.tcl:18]
Resolution: A valid end point is a data pin of a sequential cell or a primary output or inout port. Please validate that all the objects returned by your query belong to this list.
WARNING: [Constraints 18-401] set_max_delay: 'NIM_BLOCK_a/U355/GND' is not a valid endpoint. [/home/rrivera/ots/srcs/otsdaq-firmware/cactus/projects/nim_plus2/top/top.srcs/constrs_1/imports/ucf/clock_constraints.tcl:18]
Resolution: A valid end point is a data pin of a sequential cell or a primary output or inout port. Please validate that all the objects returned by your query belong to this list.
WARNING: [Constraints 18-401] set_max_delay: 'NIM_BLOCK_a/U355/U2/VCC' is not a valid endpoint. [/home/rrivera/ots/srcs/otsdaq-firmware/cactus/projects/nim_plus2/top/top.srcs/constrs_1/imports/ucf/clock_constraints.tcl:18]
Resolution: A valid end point is a data pin of a sequential cell or a primary output or inout port. Please validate that all the objects returned by your query belong to this list.
WARNING: [Constraints 18-401] set_max_delay: 'NIM_BLOCK_a/U355/U2/GND' is not a valid endpoint. [/home/rrivera/ots/srcs/otsdaq-firmware/cactus/projects/nim_plus2/top/top.srcs/constrs_1/imports/ucf/clock_constraints.tcl:18]
Resolution: A valid end point is a data pin of a sequential cell or a primary output or inout port. Please validate that all the objects returned by your query belong to this list.
WARNING: [Constraints 18-401] set_max_delay: 'NIM_BLOCK_a/U357/U1/int_cnt_out[27]_i_1' is not a valid endpoint. [/home/rrivera/ots/srcs/otsdaq-firmware/cactus/projects/nim_plus2/top/top.srcs/constrs_1/imports/ucf/clock_constraints.tcl:19]
Resolution: A valid end point is a data pin of a sequential cell or a primary output or inout port. Please validate that all the objects returned by your query belong to this list.
WARNING: [Constraints 18-401] set_max_delay: 'NIM_BLOCK_a/U357/U1/cnt_out_r_reg[9]_i_2_CARRY4_GND' is not a valid endpoint. [/home/rrivera/ots/srcs/otsdaq-firmware/cactus/projects/nim_plus2/top/top.srcs/constrs_1/imports/ucf/clock_constraints.tcl:19]
Resolution: A valid end point is a data pin of a sequential cell or a primary output or inout port. Please validate that all the objects returned by your query belong to this list.
WARNING: [Constraints 18-401] set_max_delay: 'NIM_BLOCK_a/U357/U1/cnt_out_r_reg[9]_i_2_CARRY4' is not a valid endpoint. [/home/rrivera/ots/srcs/otsdaq-firmware/cactus/projects/nim_plus2/top/top.srcs/constrs_1/imports/ucf/clock_constraints.tcl:19]
Resolution: A valid end point is a data pin of a sequential cell or a primary output or inout port. Please validate that all the objects returned by your query belong to this list.
WARNING: [Constraints 18-401] set_max_delay: 'NIM_BLOCK_a/U357/U1/cnt_out_r_reg[5]_i_2_CARRY4_GND' is not a valid endpoint. [/home/rrivera/ots/srcs/otsdaq-firmware/cactus/projects/nim_plus2/top/top.srcs/constrs_1/imports/ucf/clock_constraints.tcl:19]
Resolution: A valid end point is a data pin of a sequential cell or a primary output or inout port. Please validate that all the objects returned by your query belong to this list.
WARNING: [Constraints 18-401] set_max_delay: 'NIM_BLOCK_a/U357/U1/cnt_out_r_reg[5]_i_2_CARRY4' is not a valid endpoint. [/home/rrivera/ots/srcs/otsdaq-firmware/cactus/projects/nim_plus2/top/top.srcs/constrs_1/imports/ucf/clock_constraints.tcl:19]
Resolution: A valid end point is a data pin of a sequential cell or a primary output or inout port. Please validate that all the objects returned by your query belong to this list.
WARNING: [Constraints 18-401] set_max_delay: 'NIM_BLOCK_a/U357/U1/cnt_out_r_reg[29]_i_2_CARRY4_GND' is not a valid endpoint. [/home/rrivera/ots/srcs/otsdaq-firmware/cactus/projects/nim_plus2/top/top.srcs/constrs_1/imports/ucf/clock_constraints.tcl:19]
Resolution: A valid end point is a data pin of a sequential cell or a primary output or inout port. Please validate that all the objects returned by your query belong to this list.
WARNING: [Constraints 18-401] set_max_delay: 'NIM_BLOCK_a/U357/U1/cnt_out_r_reg[29]_i_2_CARRY4' is not a valid endpoint. [/home/rrivera/ots/srcs/otsdaq-firmware/cactus/projects/nim_plus2/top/top.srcs/constrs_1/imports/ucf/clock_constraints.tcl:19]
Resolution: A valid end point is a data pin of a sequential cell or a primary output or inout port. Please validate that all the objects returned by your query belong to this list.
INFO: [Common 17-14] Message 'Constraints 18-401' appears 100 times and further instances of the messages will be disabled. Use the Tcl command set_msg_config to change the current settings.
WARNING: [Constraints 18-402] set_max_delay: 'NIM_BLOCK_a/U211/GND' is not a valid startpoint. [/home/rrivera/ots/srcs/otsdaq-firmware/cactus/projects/nim_plus2/top/top.srcs/constrs_1/imports/ucf/clock_constraints.tcl:24]
Resolution: A valid start point is a main or generated clock pin or port, a clock pin of a sequential cell, or a primary input or inout port. Please validate that all the objects returned by your query belong to this list.
INFO: [Timing 38-35] Done setting XDC timing constraints.

Starting Logic Optimization Task

Phase 1 Generate And Synthesize Debug Cores
INFO: [IP_Flow 19-234] Refreshing IP repositories
INFO: [IP_Flow 19-1700] Loaded user IP repository '/home/rrivera/ots/srcs/otsdaq-firmware/cactus/projects/nim_plus2/top/top.cache/ip'.
INFO: [IP_Flow 19-2313] Loaded Vivado IP repository '/opt/local/xilinx/Vivado/2015.2/data/ip'.
INFO: [IP_Flow 19-3806] Processing IP xilinx.com:ip:xsdbm:1.1 for cell dbg_hub_CV.
INFO: [Chipscope 16-220] Re-using generated and synthesized IP, "xilinx.com:ip:xsdbm:1.1", from Vivado IP cache entry "090b4f87311a0380".
INFO: [IP_Flow 19-3806] Processing IP xilinx.com:ip:ila:5.1 for cell u_ila_0_CV.
INFO: [Chipscope 16-220] Re-using generated and synthesized IP, "xilinx.com:ip:ila:5.1", from Vivado IP cache entry "b2b7656ad35664f0".
Netlist sorting complete. Time (s): cpu = 00:00:00.10 ; elapsed = 00:00:00.10 . Memory (MB): peak = 2105.500 ; gain = 0.000 ; free physical = 1146 ; free virtual = 46780
Phase 1 Generate And Synthesize Debug Cores | Checksum: 1dfeb0d8b

Time (s): cpu = 00:01:03 ; elapsed = 00:01:05 . Memory (MB): peak = 2105.500 ; gain = 144.055 ; free physical = 1146 ; free virtual = 46780
WARNING: [Constraints 18-402] set_max_delay: 'NIM_BLOCK_a/U211/GND' is not a valid startpoint. [/home/rrivera/ots/srcs/otsdaq-firmware/cactus/projects/nim_plus2/top/top.srcs/constrs_1/imports/ucf/clock_constraints.tcl:24]
Resolution: A valid start point is a main or generated clock pin or port, a clock pin of a sequential cell, or a primary input or inout port. Please validate that all the objects returned by your query belong to this list.
INFO: [Timing 38-35] Done setting XDC timing constraints.

Phase 2 Retarget

INFO: [Opt 31-138] Pushed 29 inverter(s) to 30 load pin(s).
INFO: [Opt 31-274] Optimized connectivity to 4 cascaded BUFGCE cells
INFO: [Opt 31-49] Retargeted 0 cell(s).
Phase 2 Retarget | Checksum: 1849931fe

Time (s): cpu = 00:01:11 ; elapsed = 00:01:10 . Memory (MB): peak = 2160.500 ; gain = 199.055 ; free physical = 1113 ; free virtual = 46747

Phase 3 Constant Propagation
INFO: [Opt 31-138] Pushed 0 inverter(s) to 0 load pin(s).
INFO: [Opt 31-10] Eliminated 11680 cells.
Phase 3 Constant Propagation | Checksum: 23952abf1

Time (s): cpu = 00:01:18 ; elapsed = 00:01:17 . Memory (MB): peak = 2160.500 ; gain = 199.055 ; free physical = 1106 ; free virtual = 46739

Phase 4 Sweep
INFO: [Opt 31-12] Eliminated 17825 unconnected nets.
INFO: [Opt 31-11] Eliminated 6993 unconnected cells.
Phase 4 Sweep | Checksum: 13b24fbca

Time (s): cpu = 00:01:22 ; elapsed = 00:01:21 . Memory (MB): peak = 2160.500 ; gain = 199.055 ; free physical = 1096 ; free virtual = 46730

Starting Connectivity Check Task

Time (s): cpu = 00:00:00.06 ; elapsed = 00:00:00.07 . Memory (MB): peak = 2160.500 ; gain = 0.000 ; free physical = 1096 ; free virtual = 46729
Ending Logic Optimization Task | Checksum: 13b24fbca

Time (s): cpu = 00:01:22 ; elapsed = 00:01:21 . Memory (MB): peak = 2160.500 ; gain = 199.055 ; free physical = 1096 ; free virtual = 46729
Implement Debug Cores | Checksum: 1cb86229c
Logic Optimization | Checksum: 261177ab7

Starting Power Optimization Task
INFO: [Pwropt 34-132] Skipping clock gating for clocks with a period < 3.12 ns.
INFO: [Pwropt 34-9] Applying IDT optimizations ...
INFO: [Pwropt 34-10] Applying ODC optimizations ...


Starting PowerOpt Patch Enables Task
INFO: [Pwropt 34-162] WRITE_MODE attribute of 0 BRAM(s) out of a total of 8 has been updated to save power. Run report_power_opt to get a complete listing of the BRAMs updated.
INFO: [Pwropt 34-201] Structural ODC has moved 0 WE to EN ports
Number of BRAM Ports augmented: 0 newly gated: 0 Total Ports: 16
Ending PowerOpt Patch Enables Task | Checksum: 13b24fbca

Time (s): cpu = 00:00:00.02 ; elapsed = 00:00:00.02 . Memory (MB): peak = 2224.508 ; gain = 0.000 ; free physical = 1029 ; free virtual = 46663
Ending Power Optimization Task | Checksum: 13b24fbca

Time (s): cpu = 00:00:03 ; elapsed = 00:00:03 . Memory (MB): peak = 2224.508 ; gain = 64.008 ; free physical = 1029 ; free virtual = 46663
INFO: [Common 17-83] Releasing license: Implementation
60 Infos, 204 Warnings, 0 Critical Warnings and 0 Errors encountered.
opt_design completed successfully
opt_design: Time (s): cpu = 00:01:29 ; elapsed = 00:01:26 . Memory (MB): peak = 2224.508 ; gain = 284.094 ; free physical = 1029 ; free virtual = 46663
Writing placer database...
Writing XDEF routing.
Writing XDEF routing logical nets.
Writing XDEF routing special nets.
Write XDEF Complete: Time (s): cpu = 00:00:00.05 ; elapsed = 00:00:00.02 . Memory (MB): peak = 2264.516 ; gain = 0.000 ; free physical = 1029 ; free virtual = 46663
INFO: [DRC 23-27] Running DRC with 8 threads
INFO: [Coretcl 2-168] The results of DRC are in file /home/rrivera/ots/srcs/otsdaq-firmware/cactus/projects/nim_plus2/top/top.runs/impl_1/top_drc_opted.rpt.
INFO: [#UNDEF] Cannot write hardware definition file as there are no IPI block design hardware handoff files present
Command: place_design
Attempting to get a license for feature 'Implementation' and/or device 'xc7a200t'
INFO: [Common 17-349] Got license for feature 'Implementation' and/or device 'xc7a200t'
INFO: [DRC 23-27] Running DRC with 8 threads
INFO: [Vivado_Tcl 4-198] DRC finished with 0 Errors
INFO: [Vivado_Tcl 4-199] Please refer to the DRC report (report_drc) for more information.
Running DRC as a precondition to command place_design
INFO: [DRC 23-27] Running DRC with 8 threads
INFO: [Vivado_Tcl 4-198] DRC finished with 0 Errors
INFO: [Vivado_Tcl 4-199] Please refer to the DRC report (report_drc) for more information.

Starting Placer Task
INFO: [Place 30-611] Multithreading enabled for place_design using a maximum of 8 CPUs

Phase 1 Placer Runtime Estimator
Phase 1 Placer Runtime Estimator | Checksum: 138656d4d

Time (s): cpu = 00:00:00.37 ; elapsed = 00:00:00.36 . Memory (MB): peak = 2264.516 ; gain = 0.000 ; free physical = 1012 ; free virtual = 46652

Phase 2 Placer Initialization
Netlist sorting complete. Time (s): cpu = 00:00:00.04 ; elapsed = 00:00:00.05 . Memory (MB): peak = 2264.516 ; gain = 0.000 ; free physical = 1012 ; free virtual = 46652
Netlist sorting complete. Time (s): cpu = 00:00:00.04 ; elapsed = 00:00:00.05 . Memory (MB): peak = 2264.516 ; gain = 0.000 ; free physical = 1012 ; free virtual = 46652

Phase 2.1 IO Placement/ Clock Placement/ Build Placer Device

Phase 2.1.1 Pre-Place Cells
Phase 2.1.1 Pre-Place Cells | Checksum: c287c25d

Time (s): cpu = 00:00:00.68 ; elapsed = 00:00:00.68 . Memory (MB): peak = 2264.516 ; gain = 0.000 ; free physical = 1012 ; free virtual = 46652
WARNING: [Constraints 18-401] set_max_delay: 'NIM_BLOCK_a/U351/U1/int_cnt_out[27]_i_1' is not a valid endpoint. [/home/rrivera/ots/srcs/otsdaq-firmware/cactus/projects/nim_plus2/top/top.srcs/constrs_1/imports/ucf/clock_constraints.tcl:16]
Resolution: A valid end point is a data pin of a sequential cell or a primary output or inout port. Please validate that all the objects returned by your query belong to this list.
WARNING: [Constraints 18-401] set_max_delay: 'NIM_BLOCK_a/U351/U1/cnt_out_r_reg[9]_i_2_CARRY4_GND' is not a valid endpoint. [/home/rrivera/ots/srcs/otsdaq-firmware/cactus/projects/nim_plus2/top/top.srcs/constrs_1/imports/ucf/clock_constraints.tcl:16]
Resolution: A valid end point is a data pin of a sequential cell or a primary output or inout port. Please validate that all the objects returned by your query belong to this list.
WARNING: [Constraints 18-401] set_max_delay: 'NIM_BLOCK_a/U351/U1/cnt_out_r_reg[9]_i_2_CARRY4' is not a valid endpoint. [/home/rrivera/ots/srcs/otsdaq-firmware/cactus/projects/nim_plus2/top/top.srcs/constrs_1/imports/ucf/clock_constraints.tcl:16]
Resolution: A valid end point is a data pin of a sequential cell or a primary output or inout port. Please validate that all the objects returned by your query belong to this list.
WARNING: [Constraints 18-401] set_max_delay: 'NIM_BLOCK_a/U351/U1/cnt_out_r_reg[5]_i_2_CARRY4_GND' is not a valid endpoint. [/home/rrivera/ots/srcs/otsdaq-firmware/cactus/projects/nim_plus2/top/top.srcs/constrs_1/imports/ucf/clock_constraints.tcl:16]
Resolution: A valid end point is a data pin of a sequential cell or a primary output or inout port. Please validate that all the objects returned by your query belong to this list.
WARNING: [Constraints 18-401] set_max_delay: 'NIM_BLOCK_a/U351/U1/cnt_out_r_reg[5]_i_2_CARRY4' is not a valid endpoint. [/home/rrivera/ots/srcs/otsdaq-firmware/cactus/projects/nim_plus2/top/top.srcs/constrs_1/imports/ucf/clock_constraints.tcl:16]
Resolution: A valid end point is a data pin of a sequential cell or a primary output or inout port. Please validate that all the objects returned by your query belong to this list.
WARNING: [Constraints 18-401] set_max_delay: 'NIM_BLOCK_a/U351/U1/cnt_out_r_reg[29]_i_2_CARRY4_GND' is not a valid endpoint. [/home/rrivera/ots/srcs/otsdaq-firmware/cactus/projects/nim_plus2/top/top.srcs/constrs_1/imports/ucf/clock_constraints.tcl:16]
Resolution: A valid end point is a data pin of a sequential cell or a primary output or inout port. Please validate that all the objects returned by your query belong to this list.
WARNING: [Constraints 18-401] set_max_delay: 'NIM_BLOCK_a/U351/U1/cnt_out_r_reg[29]_i_2_CARRY4' is not a valid endpoint. [/home/rrivera/ots/srcs/otsdaq-firmware/cactus/projects/nim_plus2/top/top.srcs/constrs_1/imports/ucf/clock_constraints.tcl:16]
Resolution: A valid end point is a data pin of a sequential cell or a primary output or inout port. Please validate that all the objects returned by your query belong to this list.
WARNING: [Constraints 18-401] set_max_delay: 'NIM_BLOCK_a/U351/U1/cnt_out_r_reg[25]_i_2_CARRY4_GND' is not a valid endpoint. [/home/rrivera/ots/srcs/otsdaq-firmware/cactus/projects/nim_plus2/top/top.srcs/constrs_1/imports/ucf/clock_constraints.tcl:16]
Resolution: A valid end point is a data pin of a sequential cell or a primary output or inout port. Please validate that all the objects returned by your query belong to this list.
WARNING: [Constraints 18-401] set_max_delay: 'NIM_BLOCK_a/U351/U1/cnt_out_r_reg[25]_i_2_CARRY4' is not a valid endpoint. [/home/rrivera/ots/srcs/otsdaq-firmware/cactus/projects/nim_plus2/top/top.srcs/constrs_1/imports/ucf/clock_constraints.tcl:16]
Resolution: A valid end point is a data pin of a sequential cell or a primary output or inout port. Please validate that all the objects returned by your query belong to this list.
WARNING: [Constraints 18-401] set_max_delay: 'NIM_BLOCK_a/U351/U1/cnt_out_r_reg[21]_i_2_CARRY4_GND' is not a valid endpoint. [/home/rrivera/ots/srcs/otsdaq-firmware/cactus/projects/nim_plus2/top/top.srcs/constrs_1/imports/ucf/clock_constraints.tcl:16]
Resolution: A valid end point is a data pin of a sequential cell or a primary output or inout port. Please validate that all the objects returned by your query belong to this list.
WARNING: [Constraints 18-401] set_max_delay: 'NIM_BLOCK_a/U351/U1/cnt_out_r_reg[21]_i_2_CARRY4' is not a valid endpoint. [/home/rrivera/ots/srcs/otsdaq-firmware/cactus/projects/nim_plus2/top/top.srcs/constrs_1/imports/ucf/clock_constraints.tcl:16]
Resolution: A valid end point is a data pin of a sequential cell or a primary output or inout port. Please validate that all the objects returned by your query belong to this list.
WARNING: [Constraints 18-401] set_max_delay: 'NIM_BLOCK_a/U351/U1/cnt_out_r_reg[1]_i_2_CARRY4_GND' is not a valid endpoint. [/home/rrivera/ots/srcs/otsdaq-firmware/cactus/projects/nim_plus2/top/top.srcs/constrs_1/imports/ucf/clock_constraints.tcl:16]
Resolution: A valid end point is a data pin of a sequential cell or a primary output or inout port. Please validate that all the objects returned by your query belong to this list.
WARNING: [Constraints 18-401] set_max_delay: 'NIM_BLOCK_a/U351/U1/cnt_out_r_reg[1]_i_2_CARRY4' is not a valid endpoint. [/home/rrivera/ots/srcs/otsdaq-firmware/cactus/projects/nim_plus2/top/top.srcs/constrs_1/imports/ucf/clock_constraints.tcl:16]
Resolution: A valid end point is a data pin of a sequential cell or a primary output or inout port. Please validate that all the objects returned by your query belong to this list.
WARNING: [Constraints 18-401] set_max_delay: 'NIM_BLOCK_a/U351/U1/cnt_out_r_reg[17]_i_2_CARRY4_GND' is not a valid endpoint. [/home/rrivera/ots/srcs/otsdaq-firmware/cactus/projects/nim_plus2/top/top.srcs/constrs_1/imports/ucf/clock_constraints.tcl:16]
Resolution: A valid end point is a data pin of a sequential cell or a primary output or inout port. Please validate that all the objects returned by your query belong to this list.
WARNING: [Constraints 18-401] set_max_delay: 'NIM_BLOCK_a/U351/U1/cnt_out_r_reg[17]_i_2_CARRY4' is not a valid endpoint. [/home/rrivera/ots/srcs/otsdaq-firmware/cactus/projects/nim_plus2/top/top.srcs/constrs_1/imports/ucf/clock_constraints.tcl:16]
Resolution: A valid end point is a data pin of a sequential cell or a primary output or inout port. Please validate that all the objects returned by your query belong to this list.
WARNING: [Constraints 18-401] set_max_delay: 'NIM_BLOCK_a/U351/U1/cnt_out_r_reg[13]_i_2_CARRY4_GND' is not a valid endpoint. [/home/rrivera/ots/srcs/otsdaq-firmware/cactus/projects/nim_plus2/top/top.srcs/constrs_1/imports/ucf/clock_constraints.tcl:16]
Resolution: A valid end point is a data pin of a sequential cell or a primary output or inout port. Please validate that all the objects returned by your query belong to this list.
WARNING: [Constraints 18-401] set_max_delay: 'NIM_BLOCK_a/U351/U1/cnt_out_r_reg[13]_i_2_CARRY4' is not a valid endpoint. [/home/rrivera/ots/srcs/otsdaq-firmware/cactus/projects/nim_plus2/top/top.srcs/constrs_1/imports/ucf/clock_constraints.tcl:16]
Resolution: A valid end point is a data pin of a sequential cell or a primary output or inout port. Please validate that all the objects returned by your query belong to this list.
WARNING: [Constraints 18-401] set_max_delay: 'NIM_BLOCK_a/U351/U1/cnt_out_r[0]_i_8' is not a valid endpoint. [/home/rrivera/ots/srcs/otsdaq-firmware/cactus/projects/nim_plus2/top/top.srcs/constrs_1/imports/ucf/clock_constraints.tcl:16]
Resolution: A valid end point is a data pin of a sequential cell or a primary output or inout port. Please validate that all the objects returned by your query belong to this list.
WARNING: [Constraints 18-401] set_max_delay: 'NIM_BLOCK_a/U351/U1/cnt_out_r[0]_i_7' is not a valid endpoint. [/home/rrivera/ots/srcs/otsdaq-firmware/cactus/projects/nim_plus2/top/top.srcs/constrs_1/imports/ucf/clock_constraints.tcl:16]
Resolution: A valid end point is a data pin of a sequential cell or a primary output or inout port. Please validate that all the objects returned by your query belong to this list.
WARNING: [Constraints 18-401] set_max_delay: 'NIM_BLOCK_a/U351/U1/cnt_out_r[0]_i_9' is not a valid endpoint. [/home/rrivera/ots/srcs/otsdaq-firmware/cactus/projects/nim_plus2/top/top.srcs/constrs_1/imports/ucf/clock_constraints.tcl:16]
Resolution: A valid end point is a data pin of a sequential cell or a primary output or inout port. Please validate that all the objects returned by your query belong to this list.
WARNING: [Constraints 18-401] set_max_delay: 'NIM_BLOCK_a/U351/U1/cnt_out_r[0]_i_6' is not a valid endpoint. [/home/rrivera/ots/srcs/otsdaq-firmware/cactus/projects/nim_plus2/top/top.srcs/constrs_1/imports/ucf/clock_constraints.tcl:16]
Resolution: A valid end point is a data pin of a sequential cell or a primary output or inout port. Please validate that all the objects returned by your query belong to this list.
WARNING: [Constraints 18-401] set_max_delay: 'NIM_BLOCK_a/U351/U1/cnt_out_r[0]_i_5' is not a valid endpoint. [/home/rrivera/ots/srcs/otsdaq-firmware/cactus/projects/nim_plus2/top/top.srcs/constrs_1/imports/ucf/clock_constraints.tcl:16]
Resolution: A valid end point is a data pin of a sequential cell or a primary output or inout port. Please validate that all the objects returned by your query belong to this list.
WARNING: [Constraints 18-401] set_max_delay: 'NIM_BLOCK_a/U351/U1/cnt_out_r[0]_i_4' is not a valid endpoint. [/home/rrivera/ots/srcs/otsdaq-firmware/cactus/projects/nim_plus2/top/top.srcs/constrs_1/imports/ucf/clock_constraints.tcl:16]
Resolution: A valid end point is a data pin of a sequential cell or a primary output or inout port. Please validate that all the objects returned by your query belong to this list.
WARNING: [Constraints 18-401] set_max_delay: 'NIM_BLOCK_a/U351/U1/cnt_out_r[0]_i_2' is not a valid endpoint. [/home/rrivera/ots/srcs/otsdaq-firmware/cactus/projects/nim_plus2/top/top.srcs/constrs_1/imports/ucf/clock_constraints.tcl:16]
Resolution: A valid end point is a data pin of a sequential cell or a primary output or inout port. Please validate that all the objects returned by your query belong to this list.
WARNING: [Constraints 18-401] set_max_delay: 'NIM_BLOCK_a/U351/U1/cnt_out_r[0]_i_10' is not a valid endpoint. [/home/rrivera/ots/srcs/otsdaq-firmware/cactus/projects/nim_plus2/top/top.srcs/constrs_1/imports/ucf/clock_constraints.tcl:16]
Resolution: A valid end point is a data pin of a sequential cell or a primary output or inout port. Please validate that all the objects returned by your query belong to this list.
WARNING: [Constraints 18-401] set_max_delay: 'NIM_BLOCK_a/U351/U1/cnt_out_r[0]_i_1' is not a valid endpoint. [/home/rrivera/ots/srcs/otsdaq-firmware/cactus/projects/nim_plus2/top/top.srcs/constrs_1/imports/ucf/clock_constraints.tcl:16]
Resolution: A valid end point is a data pin of a sequential cell or a primary output or inout port. Please validate that all the objects returned by your query belong to this list.
WARNING: [Constraints 18-401] set_max_delay: 'NIM_BLOCK_a/U351/U1/VCC' is not a valid endpoint. [/home/rrivera/ots/srcs/otsdaq-firmware/cactus/projects/nim_plus2/top/top.srcs/constrs_1/imports/ucf/clock_constraints.tcl:16]
Resolution: A valid end point is a data pin of a sequential cell or a primary output or inout port. Please validate that all the objects returned by your query belong to this list.
WARNING: [Constraints 18-401] set_max_delay: 'NIM_BLOCK_a/U351/U1/GND' is not a valid endpoint. [/home/rrivera/ots/srcs/otsdaq-firmware/cactus/projects/nim_plus2/top/top.srcs/constrs_1/imports/ucf/clock_constraints.tcl:16]
Resolution: A valid end point is a data pin of a sequential cell or a primary output or inout port. Please validate that all the objects returned by your query belong to this list.
WARNING: [Constraints 18-401] set_max_delay: 'NIM_BLOCK_a/U351/U2/VCC' is not a valid endpoint. [/home/rrivera/ots/srcs/otsdaq-firmware/cactus/projects/nim_plus2/top/top.srcs/constrs_1/imports/ucf/clock_constraints.tcl:16]
Resolution: A valid end point is a data pin of a sequential cell or a primary output or inout port. Please validate that all the objects returned by your query belong to this list.
WARNING: [Constraints 18-401] set_max_delay: 'NIM_BLOCK_a/U351/U2/GND' is not a valid endpoint. [/home/rrivera/ots/srcs/otsdaq-firmware/cactus/projects/nim_plus2/top/top.srcs/constrs_1/imports/ucf/clock_constraints.tcl:16]
Resolution: A valid end point is a data pin of a sequential cell or a primary output or inout port. Please validate that all the objects returned by your query belong to this list.
WARNING: [Constraints 18-401] set_max_delay: 'NIM_BLOCK_a/U353/U1/int_cnt_out[27]_i_1' is not a valid endpoint. [/home/rrivera/ots/srcs/otsdaq-firmware/cactus/projects/nim_plus2/top/top.srcs/constrs_1/imports/ucf/clock_constraints.tcl:17]
Resolution: A valid end point is a data pin of a sequential cell or a primary output or inout port. Please validate that all the objects returned by your query belong to this list.
WARNING: [Constraints 18-401] set_max_delay: 'NIM_BLOCK_a/U353/U1/cnt_out_r_reg[9]_i_2_CARRY4_GND' is not a valid endpoint. [/home/rrivera/ots/srcs/otsdaq-firmware/cactus/projects/nim_plus2/top/top.srcs/constrs_1/imports/ucf/clock_constraints.tcl:17]
Resolution: A valid end point is a data pin of a sequential cell or a primary output or inout port. Please validate that all the objects returned by your query belong to this list.
WARNING: [Constraints 18-401] set_max_delay: 'NIM_BLOCK_a/U353/U1/cnt_out_r_reg[9]_i_2_CARRY4' is not a valid endpoint. [/home/rrivera/ots/srcs/otsdaq-firmware/cactus/projects/nim_plus2/top/top.srcs/constrs_1/imports/ucf/clock_constraints.tcl:17]
Resolution: A valid end point is a data pin of a sequential cell or a primary output or inout port. Please validate that all the objects returned by your query belong to this list.
WARNING: [Constraints 18-401] set_max_delay: 'NIM_BLOCK_a/U353/U1/cnt_out_r_reg[5]_i_2_CARRY4_GND' is not a valid endpoint. [/home/rrivera/ots/srcs/otsdaq-firmware/cactus/projects/nim_plus2/top/top.srcs/constrs_1/imports/ucf/clock_constraints.tcl:17]
Resolution: A valid end point is a data pin of a sequential cell or a primary output or inout port. Please validate that all the objects returned by your query belong to this list.
WARNING: [Constraints 18-401] set_max_delay: 'NIM_BLOCK_a/U353/U1/cnt_out_r_reg[5]_i_2_CARRY4' is not a valid endpoint. [/home/rrivera/ots/srcs/otsdaq-firmware/cactus/projects/nim_plus2/top/top.srcs/constrs_1/imports/ucf/clock_constraints.tcl:17]
Resolution: A valid end point is a data pin of a sequential cell or a primary output or inout port. Please validate that all the objects returned by your query belong to this list.
WARNING: [Constraints 18-401] set_max_delay: 'NIM_BLOCK_a/U353/U1/cnt_out_r_reg[29]_i_2_CARRY4_GND' is not a valid endpoint. [/home/rrivera/ots/srcs/otsdaq-firmware/cactus/projects/nim_plus2/top/top.srcs/constrs_1/imports/ucf/clock_constraints.tcl:17]
Resolution: A valid end point is a data pin of a sequential cell or a primary output or inout port. Please validate that all the objects returned by your query belong to this list.
WARNING: [Constraints 18-401] set_max_delay: 'NIM_BLOCK_a/U353/U1/cnt_out_r_reg[29]_i_2_CARRY4' is not a valid endpoint. [/home/rrivera/ots/srcs/otsdaq-firmware/cactus/projects/nim_plus2/top/top.srcs/constrs_1/imports/ucf/clock_constraints.tcl:17]
Resolution: A valid end point is a data pin of a sequential cell or a primary output or inout port. Please validate that all the objects returned by your query belong to this list.
WARNING: [Constraints 18-401] set_max_delay: 'NIM_BLOCK_a/U353/U1/cnt_out_r_reg[25]_i_2_CARRY4_GND' is not a valid endpoint. [/home/rrivera/ots/srcs/otsdaq-firmware/cactus/projects/nim_plus2/top/top.srcs/constrs_1/imports/ucf/clock_constraints.tcl:17]
Resolution: A valid end point is a data pin of a sequential cell or a primary output or inout port. Please validate that all the objects returned by your query belong to this list.
WARNING: [Constraints 18-401] set_max_delay: 'NIM_BLOCK_a/U353/U1/cnt_out_r_reg[25]_i_2_CARRY4' is not a valid endpoint. [/home/rrivera/ots/srcs/otsdaq-firmware/cactus/projects/nim_plus2/top/top.srcs/constrs_1/imports/ucf/clock_constraints.tcl:17]
Resolution: A valid end point is a data pin of a sequential cell or a primary output or inout port. Please validate that all the objects returned by your query belong to this list.
WARNING: [Constraints 18-401] set_max_delay: 'NIM_BLOCK_a/U353/U1/cnt_out_r_reg[21]_i_2_CARRY4_GND' is not a valid endpoint. [/home/rrivera/ots/srcs/otsdaq-firmware/cactus/projects/nim_plus2/top/top.srcs/constrs_1/imports/ucf/clock_constraints.tcl:17]
Resolution: A valid end point is a data pin of a sequential cell or a primary output or inout port. Please validate that all the objects returned by your query belong to this list.
WARNING: [Constraints 18-401] set_max_delay: 'NIM_BLOCK_a/U353/U1/cnt_out_r_reg[21]_i_2_CARRY4' is not a valid endpoint. [/home/rrivera/ots/srcs/otsdaq-firmware/cactus/projects/nim_plus2/top/top.srcs/constrs_1/imports/ucf/clock_constraints.tcl:17]
Resolution: A valid end point is a data pin of a sequential cell or a primary output or inout port. Please validate that all the objects returned by your query belong to this list.
WARNING: [Constraints 18-401] set_max_delay: 'NIM_BLOCK_a/U353/U1/cnt_out_r_reg[1]_i_2_CARRY4_GND' is not a valid endpoint. [/home/rrivera/ots/srcs/otsdaq-firmware/cactus/projects/nim_plus2/top/top.srcs/constrs_1/imports/ucf/clock_constraints.tcl:17]
Resolution: A valid end point is a data pin of a sequential cell or a primary output or inout port. Please validate that all the objects returned by your query belong to this list.
WARNING: [Constraints 18-401] set_max_delay: 'NIM_BLOCK_a/U353/U1/cnt_out_r_reg[1]_i_2_CARRY4' is not a valid endpoint. [/home/rrivera/ots/srcs/otsdaq-firmware/cactus/projects/nim_plus2/top/top.srcs/constrs_1/imports/ucf/clock_constraints.tcl:17]
Resolution: A valid end point is a data pin of a sequential cell or a primary output or inout port. Please validate that all the objects returned by your query belong to this list.
WARNING: [Constraints 18-401] set_max_delay: 'NIM_BLOCK_a/U353/U1/cnt_out_r_reg[17]_i_2_CARRY4_GND' is not a valid endpoint. [/home/rrivera/ots/srcs/otsdaq-firmware/cactus/projects/nim_plus2/top/top.srcs/constrs_1/imports/ucf/clock_constraints.tcl:17]
Resolution: A valid end point is a data pin of a sequential cell or a primary output or inout port. Please validate that all the objects returned by your query belong to this list.
WARNING: [Constraints 18-401] set_max_delay: 'NIM_BLOCK_a/U353/U1/cnt_out_r_reg[17]_i_2_CARRY4' is not a valid endpoint. [/home/rrivera/ots/srcs/otsdaq-firmware/cactus/projects/nim_plus2/top/top.srcs/constrs_1/imports/ucf/clock_constraints.tcl:17]
Resolution: A valid end point is a data pin of a sequential cell or a primary output or inout port. Please validate that all the objects returned by your query belong to this list.
WARNING: [Constraints 18-401] set_max_delay: 'NIM_BLOCK_a/U353/U1/cnt_out_r_reg[13]_i_2_CARRY4_GND' is not a valid endpoint. [/home/rrivera/ots/srcs/otsdaq-firmware/cactus/projects/nim_plus2/top/top.srcs/constrs_1/imports/ucf/clock_constraints.tcl:17]
Resolution: A valid end point is a data pin of a sequential cell or a primary output or inout port. Please validate that all the objects returned by your query belong to this list.
WARNING: [Constraints 18-401] set_max_delay: 'NIM_BLOCK_a/U353/U1/cnt_out_r_reg[13]_i_2_CARRY4' is not a valid endpoint. [/home/rrivera/ots/srcs/otsdaq-firmware/cactus/projects/nim_plus2/top/top.srcs/constrs_1/imports/ucf/clock_constraints.tcl:17]
Resolution: A valid end point is a data pin of a sequential cell or a primary output or inout port. Please validate that all the objects returned by your query belong to this list.
WARNING: [Constraints 18-401] set_max_delay: 'NIM_BLOCK_a/U353/U1/cnt_out_r[0]_i_8' is not a valid endpoint. [/home/rrivera/ots/srcs/otsdaq-firmware/cactus/projects/nim_plus2/top/top.srcs/constrs_1/imports/ucf/clock_constraints.tcl:17]
Resolution: A valid end point is a data pin of a sequential cell or a primary output or inout port. Please validate that all the objects returned by your query belong to this list.
WARNING: [Constraints 18-401] set_max_delay: 'NIM_BLOCK_a/U353/U1/cnt_out_r[0]_i_7' is not a valid endpoint. [/home/rrivera/ots/srcs/otsdaq-firmware/cactus/projects/nim_plus2/top/top.srcs/constrs_1/imports/ucf/clock_constraints.tcl:17]
Resolution: A valid end point is a data pin of a sequential cell or a primary output or inout port. Please validate that all the objects returned by your query belong to this list.
WARNING: [Constraints 18-401] set_max_delay: 'NIM_BLOCK_a/U353/U1/cnt_out_r[0]_i_9' is not a valid endpoint. [/home/rrivera/ots/srcs/otsdaq-firmware/cactus/projects/nim_plus2/top/top.srcs/constrs_1/imports/ucf/clock_constraints.tcl:17]
Resolution: A valid end point is a data pin of a sequential cell or a primary output or inout port. Please validate that all the objects returned by your query belong to this list.
WARNING: [Constraints 18-401] set_max_delay: 'NIM_BLOCK_a/U353/U1/cnt_out_r[0]_i_6' is not a valid endpoint. [/home/rrivera/ots/srcs/otsdaq-firmware/cactus/projects/nim_plus2/top/top.srcs/constrs_1/imports/ucf/clock_constraints.tcl:17]
Resolution: A valid end point is a data pin of a sequential cell or a primary output or inout port. Please validate that all the objects returned by your query belong to this list.
WARNING: [Constraints 18-401] set_max_delay: 'NIM_BLOCK_a/U353/U1/cnt_out_r[0]_i_5' is not a valid endpoint. [/home/rrivera/ots/srcs/otsdaq-firmware/cactus/projects/nim_plus2/top/top.srcs/constrs_1/imports/ucf/clock_constraints.tcl:17]
Resolution: A valid end point is a data pin of a sequential cell or a primary output or inout port. Please validate that all the objects returned by your query belong to this list.
WARNING: [Constraints 18-401] set_max_delay: 'NIM_BLOCK_a/U353/U1/cnt_out_r[0]_i_4' is not a valid endpoint. [/home/rrivera/ots/srcs/otsdaq-firmware/cactus/projects/nim_plus2/top/top.srcs/constrs_1/imports/ucf/clock_constraints.tcl:17]
Resolution: A valid end point is a data pin of a sequential cell or a primary output or inout port. Please validate that all the objects returned by your query belong to this list.
WARNING: [Constraints 18-401] set_max_delay: 'NIM_BLOCK_a/U353/U1/cnt_out_r[0]_i_2' is not a valid endpoint. [/home/rrivera/ots/srcs/otsdaq-firmware/cactus/projects/nim_plus2/top/top.srcs/constrs_1/imports/ucf/clock_constraints.tcl:17]
Resolution: A valid end point is a data pin of a sequential cell or a primary output or inout port. Please validate that all the objects returned by your query belong to this list.
WARNING: [Constraints 18-401] set_max_delay: 'NIM_BLOCK_a/U353/U1/cnt_out_r[0]_i_10' is not a valid endpoint. [/home/rrivera/ots/srcs/otsdaq-firmware/cactus/projects/nim_plus2/top/top.srcs/constrs_1/imports/ucf/clock_constraints.tcl:17]
Resolution: A valid end point is a data pin of a sequential cell or a primary output or inout port. Please validate that all the objects returned by your query belong to this list.
WARNING: [Constraints 18-401] set_max_delay: 'NIM_BLOCK_a/U353/U1/cnt_out_r[0]_i_1' is not a valid endpoint. [/home/rrivera/ots/srcs/otsdaq-firmware/cactus/projects/nim_plus2/top/top.srcs/constrs_1/imports/ucf/clock_constraints.tcl:17]
Resolution: A valid end point is a data pin of a sequential cell or a primary output or inout port. Please validate that all the objects returned by your query belong to this list.
WARNING: [Constraints 18-401] set_max_delay: 'NIM_BLOCK_a/U353/U1/VCC' is not a valid endpoint. [/home/rrivera/ots/srcs/otsdaq-firmware/cactus/projects/nim_plus2/top/top.srcs/constrs_1/imports/ucf/clock_constraints.tcl:17]
Resolution: A valid end point is a data pin of a sequential cell or a primary output or inout port. Please validate that all the objects returned by your query belong to this list.
WARNING: [Constraints 18-401] set_max_delay: 'NIM_BLOCK_a/U353/U1/GND' is not a valid endpoint. [/home/rrivera/ots/srcs/otsdaq-firmware/cactus/projects/nim_plus2/top/top.srcs/constrs_1/imports/ucf/clock_constraints.tcl:17]
Resolution: A valid end point is a data pin of a sequential cell or a primary output or inout port. Please validate that all the objects returned by your query belong to this list.
WARNING: [Constraints 18-401] set_max_delay: 'NIM_BLOCK_a/U353/U2/VCC' is not a valid endpoint. [/home/rrivera/ots/srcs/otsdaq-firmware/cactus/projects/nim_plus2/top/top.srcs/constrs_1/imports/ucf/clock_constraints.tcl:17]
Resolution: A valid end point is a data pin of a sequential cell or a primary output or inout port. Please validate that all the objects returned by your query belong to this list.
WARNING: [Constraints 18-401] set_max_delay: 'NIM_BLOCK_a/U353/U2/GND' is not a valid endpoint. [/home/rrivera/ots/srcs/otsdaq-firmware/cactus/projects/nim_plus2/top/top.srcs/constrs_1/imports/ucf/clock_constraints.tcl:17]
Resolution: A valid end point is a data pin of a sequential cell or a primary output or inout port. Please validate that all the objects returned by your query belong to this list.
WARNING: [Constraints 18-401] set_max_delay: 'NIM_BLOCK_a/U355/U1/cnt_out_r[0]_i_5' is not a valid endpoint. [/home/rrivera/ots/srcs/otsdaq-firmware/cactus/projects/nim_plus2/top/top.srcs/constrs_1/imports/ucf/clock_constraints.tcl:18]
Resolution: A valid end point is a data pin of a sequential cell or a primary output or inout port. Please validate that all the objects returned by your query belong to this list.
WARNING: [Constraints 18-401] set_max_delay: 'NIM_BLOCK_a/U355/U1/cnt_out_r[0]_i_4' is not a valid endpoint. [/home/rrivera/ots/srcs/otsdaq-firmware/cactus/projects/nim_plus2/top/top.srcs/constrs_1/imports/ucf/clock_constraints.tcl:18]
Resolution: A valid end point is a data pin of a sequential cell or a primary output or inout port. Please validate that all the objects returned by your query belong to this list.
WARNING: [Constraints 18-401] set_max_delay: 'NIM_BLOCK_a/U355/U1/cnt_out_r[0]_i_2' is not a valid endpoint. [/home/rrivera/ots/srcs/otsdaq-firmware/cactus/projects/nim_plus2/top/top.srcs/constrs_1/imports/ucf/clock_constraints.tcl:18]
Resolution: A valid end point is a data pin of a sequential cell or a primary output or inout port. Please validate that all the objects returned by your query belong to this list.
WARNING: [Constraints 18-401] set_max_delay: 'NIM_BLOCK_a/U355/U1/cnt_out_r[0]_i_10' is not a valid endpoint. [/home/rrivera/ots/srcs/otsdaq-firmware/cactus/projects/nim_plus2/top/top.srcs/constrs_1/imports/ucf/clock_constraints.tcl:18]
Resolution: A valid end point is a data pin of a sequential cell or a primary output or inout port. Please validate that all the objects returned by your query belong to this list.
WARNING: [Constraints 18-401] set_max_delay: 'NIM_BLOCK_a/U355/U1/cnt_out_r[0]_i_1' is not a valid endpoint. [/home/rrivera/ots/srcs/otsdaq-firmware/cactus/projects/nim_plus2/top/top.srcs/constrs_1/imports/ucf/clock_constraints.tcl:18]
Resolution: A valid end point is a data pin of a sequential cell or a primary output or inout port. Please validate that all the objects returned by your query belong to this list.
WARNING: [Constraints 18-401] set_max_delay: 'NIM_BLOCK_a/U355/U1/VCC' is not a valid endpoint. [/home/rrivera/ots/srcs/otsdaq-firmware/cactus/projects/nim_plus2/top/top.srcs/constrs_1/imports/ucf/clock_constraints.tcl:18]
Resolution: A valid end point is a data pin of a sequential cell or a primary output or inout port. Please validate that all the objects returned by your query belong to this list.
WARNING: [Constraints 18-401] set_max_delay: 'NIM_BLOCK_a/U355/U1/GND' is not a valid endpoint. [/home/rrivera/ots/srcs/otsdaq-firmware/cactus/projects/nim_plus2/top/top.srcs/constrs_1/imports/ucf/clock_constraints.tcl:18]
Resolution: A valid end point is a data pin of a sequential cell or a primary output or inout port. Please validate that all the objects returned by your query belong to this list.
WARNING: [Constraints 18-401] set_max_delay: 'NIM_BLOCK_a/U355/U1/int_cnt_out[27]_i_1' is not a valid endpoint. [/home/rrivera/ots/srcs/otsdaq-firmware/cactus/projects/nim_plus2/top/top.srcs/constrs_1/imports/ucf/clock_constraints.tcl:18]
Resolution: A valid end point is a data pin of a sequential cell or a primary output or inout port. Please validate that all the objects returned by your query belong to this list.
WARNING: [Constraints 18-401] set_max_delay: 'NIM_BLOCK_a/U355/U1/cnt_out_r_reg[9]_i_2_CARRY4_GND' is not a valid endpoint. [/home/rrivera/ots/srcs/otsdaq-firmware/cactus/projects/nim_plus2/top/top.srcs/constrs_1/imports/ucf/clock_constraints.tcl:18]
Resolution: A valid end point is a data pin of a sequential cell or a primary output or inout port. Please validate that all the objects returned by your query belong to this list.
WARNING: [Constraints 18-401] set_max_delay: 'NIM_BLOCK_a/U355/U1/cnt_out_r_reg[9]_i_2_CARRY4' is not a valid endpoint. [/home/rrivera/ots/srcs/otsdaq-firmware/cactus/projects/nim_plus2/top/top.srcs/constrs_1/imports/ucf/clock_constraints.tcl:18]
Resolution: A valid end point is a data pin of a sequential cell or a primary output or inout port. Please validate that all the objects returned by your query belong to this list.
WARNING: [Constraints 18-401] set_max_delay: 'NIM_BLOCK_a/U355/U1/cnt_out_r_reg[5]_i_2_CARRY4_GND' is not a valid endpoint. [/home/rrivera/ots/srcs/otsdaq-firmware/cactus/projects/nim_plus2/top/top.srcs/constrs_1/imports/ucf/clock_constraints.tcl:18]
Resolution: A valid end point is a data pin of a sequential cell or a primary output or inout port. Please validate that all the objects returned by your query belong to this list.
WARNING: [Constraints 18-401] set_max_delay: 'NIM_BLOCK_a/U355/U1/cnt_out_r_reg[5]_i_2_CARRY4' is not a valid endpoint. [/home/rrivera/ots/srcs/otsdaq-firmware/cactus/projects/nim_plus2/top/top.srcs/constrs_1/imports/ucf/clock_constraints.tcl:18]
Resolution: A valid end point is a data pin of a sequential cell or a primary output or inout port. Please validate that all the objects returned by your query belong to this list.
WARNING: [Constraints 18-401] set_max_delay: 'NIM_BLOCK_a/U355/U1/cnt_out_r_reg[29]_i_2_CARRY4_GND' is not a valid endpoint. [/home/rrivera/ots/srcs/otsdaq-firmware/cactus/projects/nim_plus2/top/top.srcs/constrs_1/imports/ucf/clock_constraints.tcl:18]
Resolution: A valid end point is a data pin of a sequential cell or a primary output or inout port. Please validate that all the objects returned by your query belong to this list.
WARNING: [Constraints 18-401] set_max_delay: 'NIM_BLOCK_a/U355/U1/cnt_out_r_reg[29]_i_2_CARRY4' is not a valid endpoint. [/home/rrivera/ots/srcs/otsdaq-firmware/cactus/projects/nim_plus2/top/top.srcs/constrs_1/imports/ucf/clock_constraints.tcl:18]
Resolution: A valid end point is a data pin of a sequential cell or a primary output or inout port. Please validate that all the objects returned by your query belong to this list.
WARNING: [Constraints 18-401] set_max_delay: 'NIM_BLOCK_a/U355/U1/cnt_out_r_reg[25]_i_2_CARRY4_GND' is not a valid endpoint. [/home/rrivera/ots/srcs/otsdaq-firmware/cactus/projects/nim_plus2/top/top.srcs/constrs_1/imports/ucf/clock_constraints.tcl:18]
Resolution: A valid end point is a data pin of a sequential cell or a primary output or inout port. Please validate that all the objects returned by your query belong to this list.
WARNING: [Constraints 18-401] set_max_delay: 'NIM_BLOCK_a/U355/U1/cnt_out_r_reg[25]_i_2_CARRY4' is not a valid endpoint. [/home/rrivera/ots/srcs/otsdaq-firmware/cactus/projects/nim_plus2/top/top.srcs/constrs_1/imports/ucf/clock_constraints.tcl:18]
Resolution: A valid end point is a data pin of a sequential cell or a primary output or inout port. Please validate that all the objects returned by your query belong to this list.
WARNING: [Constraints 18-401] set_max_delay: 'NIM_BLOCK_a/U355/U1/cnt_out_r_reg[21]_i_2_CARRY4_GND' is not a valid endpoint. [/home/rrivera/ots/srcs/otsdaq-firmware/cactus/projects/nim_plus2/top/top.srcs/constrs_1/imports/ucf/clock_constraints.tcl:18]
Resolution: A valid end point is a data pin of a sequential cell or a primary output or inout port. Please validate that all the objects returned by your query belong to this list.
WARNING: [Constraints 18-401] set_max_delay: 'NIM_BLOCK_a/U355/U1/cnt_out_r_reg[21]_i_2_CARRY4' is not a valid endpoint. [/home/rrivera/ots/srcs/otsdaq-firmware/cactus/projects/nim_plus2/top/top.srcs/constrs_1/imports/ucf/clock_constraints.tcl:18]
Resolution: A valid end point is a data pin of a sequential cell or a primary output or inout port. Please validate that all the objects returned by your query belong to this list.
WARNING: [Constraints 18-401] set_max_delay: 'NIM_BLOCK_a/U355/U1/cnt_out_r_reg[1]_i_2_CARRY4_GND' is not a valid endpoint. [/home/rrivera/ots/srcs/otsdaq-firmware/cactus/projects/nim_plus2/top/top.srcs/constrs_1/imports/ucf/clock_constraints.tcl:18]
Resolution: A valid end point is a data pin of a sequential cell or a primary output or inout port. Please validate that all the objects returned by your query belong to this list.
WARNING: [Constraints 18-401] set_max_delay: 'NIM_BLOCK_a/U355/U1/cnt_out_r_reg[1]_i_2_CARRY4' is not a valid endpoint. [/home/rrivera/ots/srcs/otsdaq-firmware/cactus/projects/nim_plus2/top/top.srcs/constrs_1/imports/ucf/clock_constraints.tcl:18]
Resolution: A valid end point is a data pin of a sequential cell or a primary output or inout port. Please validate that all the objects returned by your query belong to this list.
WARNING: [Constraints 18-401] set_max_delay: 'NIM_BLOCK_a/U355/U1/cnt_out_r_reg[17]_i_2_CARRY4_GND' is not a valid endpoint. [/home/rrivera/ots/srcs/otsdaq-firmware/cactus/projects/nim_plus2/top/top.srcs/constrs_1/imports/ucf/clock_constraints.tcl:18]
Resolution: A valid end point is a data pin of a sequential cell or a primary output or inout port. Please validate that all the objects returned by your query belong to this list.
WARNING: [Constraints 18-401] set_max_delay: 'NIM_BLOCK_a/U355/U1/cnt_out_r_reg[17]_i_2_CARRY4' is not a valid endpoint. [/home/rrivera/ots/srcs/otsdaq-firmware/cactus/projects/nim_plus2/top/top.srcs/constrs_1/imports/ucf/clock_constraints.tcl:18]
Resolution: A valid end point is a data pin of a sequential cell or a primary output or inout port. Please validate that all the objects returned by your query belong to this list.
WARNING: [Constraints 18-401] set_max_delay: 'NIM_BLOCK_a/U355/U1/cnt_out_r_reg[13]_i_2_CARRY4_GND' is not a valid endpoint. [/home/rrivera/ots/srcs/otsdaq-firmware/cactus/projects/nim_plus2/top/top.srcs/constrs_1/imports/ucf/clock_constraints.tcl:18]
Resolution: A valid end point is a data pin of a sequential cell or a primary output or inout port. Please validate that all the objects returned by your query belong to this list.
WARNING: [Constraints 18-401] set_max_delay: 'NIM_BLOCK_a/U355/U1/cnt_out_r_reg[13]_i_2_CARRY4' is not a valid endpoint. [/home/rrivera/ots/srcs/otsdaq-firmware/cactus/projects/nim_plus2/top/top.srcs/constrs_1/imports/ucf/clock_constraints.tcl:18]
Resolution: A valid end point is a data pin of a sequential cell or a primary output or inout port. Please validate that all the objects returned by your query belong to this list.
WARNING: [Constraints 18-401] set_max_delay: 'NIM_BLOCK_a/U355/U1/cnt_out_r[0]_i_8' is not a valid endpoint. [/home/rrivera/ots/srcs/otsdaq-firmware/cactus/projects/nim_plus2/top/top.srcs/constrs_1/imports/ucf/clock_constraints.tcl:18]
Resolution: A valid end point is a data pin of a sequential cell or a primary output or inout port. Please validate that all the objects returned by your query belong to this list.
WARNING: [Constraints 18-401] set_max_delay: 'NIM_BLOCK_a/U355/U1/cnt_out_r[0]_i_7' is not a valid endpoint. [/home/rrivera/ots/srcs/otsdaq-firmware/cactus/projects/nim_plus2/top/top.srcs/constrs_1/imports/ucf/clock_constraints.tcl:18]
Resolution: A valid end point is a data pin of a sequential cell or a primary output or inout port. Please validate that all the objects returned by your query belong to this list.
WARNING: [Constraints 18-401] set_max_delay: 'NIM_BLOCK_a/U355/U1/cnt_out_r[0]_i_9' is not a valid endpoint. [/home/rrivera/ots/srcs/otsdaq-firmware/cactus/projects/nim_plus2/top/top.srcs/constrs_1/imports/ucf/clock_constraints.tcl:18]
Resolution: A valid end point is a data pin of a sequential cell or a primary output or inout port. Please validate that all the objects returned by your query belong to this list.
WARNING: [Constraints 18-401] set_max_delay: 'NIM_BLOCK_a/U355/U1/cnt_out_r[0]_i_6' is not a valid endpoint. [/home/rrivera/ots/srcs/otsdaq-firmware/cactus/projects/nim_plus2/top/top.srcs/constrs_1/imports/ucf/clock_constraints.tcl:18]
Resolution: A valid end point is a data pin of a sequential cell or a primary output or inout port. Please validate that all the objects returned by your query belong to this list.
WARNING: [Constraints 18-401] set_max_delay: 'NIM_BLOCK_a/U355/U2/VCC' is not a valid endpoint. [/home/rrivera/ots/srcs/otsdaq-firmware/cactus/projects/nim_plus2/top/top.srcs/constrs_1/imports/ucf/clock_constraints.tcl:18]
Resolution: A valid end point is a data pin of a sequential cell or a primary output or inout port. Please validate that all the objects returned by your query belong to this list.
WARNING: [Constraints 18-401] set_max_delay: 'NIM_BLOCK_a/U355/U2/GND' is not a valid endpoint. [/home/rrivera/ots/srcs/otsdaq-firmware/cactus/projects/nim_plus2/top/top.srcs/constrs_1/imports/ucf/clock_constraints.tcl:18]
Resolution: A valid end point is a data pin of a sequential cell or a primary output or inout port. Please validate that all the objects returned by your query belong to this list.
WARNING: [Constraints 18-401] set_max_delay: 'NIM_BLOCK_a/U357/U1/int_cnt_out[27]_i_1' is not a valid endpoint. [/home/rrivera/ots/srcs/otsdaq-firmware/cactus/projects/nim_plus2/top/top.srcs/constrs_1/imports/ucf/clock_constraints.tcl:19]
Resolution: A valid end point is a data pin of a sequential cell or a primary output or inout port. Please validate that all the objects returned by your query belong to this list.
WARNING: [Constraints 18-401] set_max_delay: 'NIM_BLOCK_a/U357/U1/cnt_out_r_reg[9]_i_2_CARRY4_GND' is not a valid endpoint. [/home/rrivera/ots/srcs/otsdaq-firmware/cactus/projects/nim_plus2/top/top.srcs/constrs_1/imports/ucf/clock_constraints.tcl:19]
Resolution: A valid end point is a data pin of a sequential cell or a primary output or inout port. Please validate that all the objects returned by your query belong to this list.
WARNING: [Constraints 18-401] set_max_delay: 'NIM_BLOCK_a/U357/U1/cnt_out_r_reg[9]_i_2_CARRY4' is not a valid endpoint. [/home/rrivera/ots/srcs/otsdaq-firmware/cactus/projects/nim_plus2/top/top.srcs/constrs_1/imports/ucf/clock_constraints.tcl:19]
Resolution: A valid end point is a data pin of a sequential cell or a primary output or inout port. Please validate that all the objects returned by your query belong to this list.
WARNING: [Constraints 18-401] set_max_delay: 'NIM_BLOCK_a/U357/U1/cnt_out_r_reg[5]_i_2_CARRY4_GND' is not a valid endpoint. [/home/rrivera/ots/srcs/otsdaq-firmware/cactus/projects/nim_plus2/top/top.srcs/constrs_1/imports/ucf/clock_constraints.tcl:19]
Resolution: A valid end point is a data pin of a sequential cell or a primary output or inout port. Please validate that all the objects returned by your query belong to this list.
WARNING: [Constraints 18-401] set_max_delay: 'NIM_BLOCK_a/U357/U1/cnt_out_r_reg[5]_i_2_CARRY4' is not a valid endpoint. [/home/rrivera/ots/srcs/otsdaq-firmware/cactus/projects/nim_plus2/top/top.srcs/constrs_1/imports/ucf/clock_constraints.tcl:19]
Resolution: A valid end point is a data pin of a sequential cell or a primary output or inout port. Please validate that all the objects returned by your query belong to this list.
WARNING: [Constraints 18-401] set_max_delay: 'NIM_BLOCK_a/U357/U1/cnt_out_r_reg[29]_i_2_CARRY4_GND' is not a valid endpoint. [/home/rrivera/ots/srcs/otsdaq-firmware/cactus/projects/nim_plus2/top/top.srcs/constrs_1/imports/ucf/clock_constraints.tcl:19]
Resolution: A valid end point is a data pin of a sequential cell or a primary output or inout port. Please validate that all the objects returned by your query belong to this list.
WARNING: [Constraints 18-401] set_max_delay: 'NIM_BLOCK_a/U357/U1/cnt_out_r_reg[29]_i_2_CARRY4' is not a valid endpoint. [/home/rrivera/ots/srcs/otsdaq-firmware/cactus/projects/nim_plus2/top/top.srcs/constrs_1/imports/ucf/clock_constraints.tcl:19]
Resolution: A valid end point is a data pin of a sequential cell or a primary output or inout port. Please validate that all the objects returned by your query belong to this list.
WARNING: [Constraints 18-401] set_max_delay: 'NIM_BLOCK_a/U357/U1/cnt_out_r_reg[25]_i_2_CARRY4_GND' is not a valid endpoint. [/home/rrivera/ots/srcs/otsdaq-firmware/cactus/projects/nim_plus2/top/top.srcs/constrs_1/imports/ucf/clock_constraints.tcl:19]
Resolution: A valid end point is a data pin of a sequential cell or a primary output or inout port. Please validate that all the objects returned by your query belong to this list.
WARNING: [Constraints 18-401] set_max_delay: 'NIM_BLOCK_a/U357/U1/cnt_out_r_reg[25]_i_2_CARRY4' is not a valid endpoint. [/home/rrivera/ots/srcs/otsdaq-firmware/cactus/projects/nim_plus2/top/top.srcs/constrs_1/imports/ucf/clock_constraints.tcl:19]
Resolution: A valid end point is a data pin of a sequential cell or a primary output or inout port. Please validate that all the objects returned by your query belong to this list.
WARNING: [Constraints 18-401] set_max_delay: 'NIM_BLOCK_a/U357/U1/cnt_out_r_reg[21]_i_2_CARRY4_GND' is not a valid endpoint. [/home/rrivera/ots/srcs/otsdaq-firmware/cactus/projects/nim_plus2/top/top.srcs/constrs_1/imports/ucf/clock_constraints.tcl:19]
Resolution: A valid end point is a data pin of a sequential cell or a primary output or inout port. Please validate that all the objects returned by your query belong to this list.
INFO: [Common 17-14] Message 'Constraints 18-401' appears 100 times and further instances of the messages will be disabled. Use the Tcl command set_msg_config to change the current settings.
INFO: [Timing 38-35] Done setting XDC timing constraints.

Phase 2.1.2 IO & Clk Clean Up
Phase 2.1.2 IO & Clk Clean Up | Checksum: c287c25d

Time (s): cpu = 00:00:14 ; elapsed = 00:00:09 . Memory (MB): peak = 2324.539 ; gain = 60.023 ; free physical = 930 ; free virtual = 46570

Phase 2.1.3 Implementation Feasibility check On IDelay
Phase 2.1.3 Implementation Feasibility check On IDelay | Checksum: c287c25d

Time (s): cpu = 00:00:14 ; elapsed = 00:00:10 . Memory (MB): peak = 2324.539 ; gain = 60.023 ; free physical = 991 ; free virtual = 46631

Phase 2.1.4 Commit IO Placement
Phase 2.1.4 Commit IO Placement | Checksum: 76a46e2c

Time (s): cpu = 00:00:14 ; elapsed = 00:00:10 . Memory (MB): peak = 2324.539 ; gain = 60.023 ; free physical = 991 ; free virtual = 46631
Phase 2.1 IO Placement/ Clock Placement/ Build Placer Device | Checksum: 15697bde9

Time (s): cpu = 00:00:14 ; elapsed = 00:00:10 . Memory (MB): peak = 2324.539 ; gain = 60.023 ; free physical = 991 ; free virtual = 46631

Phase 2.2 Build Placer Netlist Model

Phase 2.2.1 Place Init Design

Phase 2.2.1.1 Init Lut Pin Assignment
Phase 2.2.1.1 Init Lut Pin Assignment | Checksum: 1638d2883

Time (s): cpu = 00:00:16 ; elapsed = 00:00:11 . Memory (MB): peak = 2324.539 ; gain = 60.023 ; free physical = 995 ; free virtual = 46635
Phase 2.2.1 Place Init Design | Checksum: 1f0770e11

Time (s): cpu = 00:00:33 ; elapsed = 00:00:16 . Memory (MB): peak = 2354.453 ; gain = 89.938 ; free physical = 954 ; free virtual = 46594
Phase 2.2 Build Placer Netlist Model | Checksum: 1f0770e11

Time (s): cpu = 00:00:34 ; elapsed = 00:00:16 . Memory (MB): peak = 2354.453 ; gain = 89.938 ; free physical = 954 ; free virtual = 46594

Phase 2.3 Constrain Clocks/Macros

Phase 2.3.1 Constrain Global/Regional Clocks
Phase 2.3.1 Constrain Global/Regional Clocks | Checksum: 1f0770e11

Time (s): cpu = 00:00:34 ; elapsed = 00:00:16 . Memory (MB): peak = 2354.453 ; gain = 89.938 ; free physical = 954 ; free virtual = 46594
Phase 2.3 Constrain Clocks/Macros | Checksum: 1f0770e11

Time (s): cpu = 00:00:34 ; elapsed = 00:00:16 . Memory (MB): peak = 2354.453 ; gain = 89.938 ; free physical = 954 ; free virtual = 46594
Phase 2 Placer Initialization | Checksum: 1f0770e11

Time (s): cpu = 00:00:34 ; elapsed = 00:00:16 . Memory (MB): peak = 2354.453 ; gain = 89.938 ; free physical = 954 ; free virtual = 46594

Phase 3 Global Placement
Phase 3 Global Placement | Checksum: 1ea3ad7d4

Time (s): cpu = 00:01:24 ; elapsed = 00:00:38 . Memory (MB): peak = 2493.914 ; gain = 229.398 ; free physical = 894 ; free virtual = 46534

Phase 4 Detail Placement

Phase 4.1 Commit Multi Column Macros
Phase 4.1 Commit Multi Column Macros | Checksum: 1ea3ad7d4

Time (s): cpu = 00:01:24 ; elapsed = 00:00:38 . Memory (MB): peak = 2493.914 ; gain = 229.398 ; free physical = 894 ; free virtual = 46534

Phase 4.2 Commit Most Macros & LUTRAMs
Phase 4.2 Commit Most Macros & LUTRAMs | Checksum: 291fe2061

Time (s): cpu = 00:01:37 ; elapsed = 00:00:43 . Memory (MB): peak = 2493.914 ; gain = 229.398 ; free physical = 892 ; free virtual = 46532

Phase 4.3 Area Swap Optimization
Phase 4.3 Area Swap Optimization | Checksum: 22b8a1129

Time (s): cpu = 00:01:38 ; elapsed = 00:00:43 . Memory (MB): peak = 2493.914 ; gain = 229.398 ; free physical = 890 ; free virtual = 46530

Phase 4.4 updateClock Trees: DP
Phase 4.4 updateClock Trees: DP | Checksum: 22b8a1129

Time (s): cpu = 00:01:38 ; elapsed = 00:00:43 . Memory (MB): peak = 2493.914 ; gain = 229.398 ; free physical = 891 ; free virtual = 46531

Phase 4.5 Timing Path Optimizer
Phase 4.5 Timing Path Optimizer | Checksum: 1b4ba13d2

Time (s): cpu = 00:01:45 ; elapsed = 00:00:45 . Memory (MB): peak = 2493.914 ; gain = 229.398 ; free physical = 890 ; free virtual = 46530

Phase 4.6 Small Shape Detail Placement

Phase 4.6.1 Commit Small Macros & Core Logic

Phase 4.6.1.1 setBudgets
Phase 4.6.1.1 setBudgets | Checksum: 21f00ba5c

Time (s): cpu = 00:01:45 ; elapsed = 00:00:45 . Memory (MB): peak = 2493.914 ; gain = 229.398 ; free physical = 890 ; free virtual = 46529

Phase 4.6.1.2 Commit Slice Clusters
Phase 4.6.1.2 Commit Slice Clusters | Checksum: 18740b222

Time (s): cpu = 00:01:53 ; elapsed = 00:00:51 . Memory (MB): peak = 2493.914 ; gain = 229.398 ; free physical = 886 ; free virtual = 46526
Phase 4.6.1 Commit Small Macros & Core Logic | Checksum: 18740b222

Time (s): cpu = 00:01:53 ; elapsed = 00:00:51 . Memory (MB): peak = 2493.914 ; gain = 229.398 ; free physical = 886 ; free virtual = 46526

Phase 4.6.2 Clock Restriction Legalization for Leaf Columns
Phase 4.6.2 Clock Restriction Legalization for Leaf Columns | Checksum: 18740b222

Time (s): cpu = 00:01:53 ; elapsed = 00:00:52 . Memory (MB): peak = 2493.914 ; gain = 229.398 ; free physical = 886 ; free virtual = 46526

Phase 4.6.3 Clock Restriction Legalization for Non-Clock Pins
WARNING: [Constraints 18-647] Placement may not be routable. The following cell(s) are grouped together and are placed in one single tile. The total number of clocks on non-clock pins of these cells is greater than 2, therefore, placer is not able to legalize the design to satisfy the suggested number of clocks that can drive non-clock pins in a single tile. Please modify the design such that each cell has at most 2 clocks driving its non-clock pins. Also, if one or more cells should be grouped together and placed in one tile, make sure the total number of such clocks does not exceed the maximum suggested.
CLK_MUX/out_160_INST_0
CLK_MUX/out_26_INST_0

WARNING: [Constraints 18-643] Placement may not be routable as design contains luts and/or flops whose data pins are driven by global clock signals and final placement is such that the number of such signals exceed the suggested number of such clocks in a single tile, which is 2. The following clock nets need to be routed to non-clock pins in tile CLBLL_L_X52Y143:
internal_clk_BLOCK/U0/clk_out_internal26, clk_wiz_1_BLOCK/U0/clk_out_external26, internal_clk_BLOCK/U0/clk_out_internal160, and clk_wiz_1_BLOCK/U0/clk_out_external160
WARNING: [Constraints 18-647] Placement may not be routable. The following cell(s) are grouped together and are placed in one single tile. The total number of clocks on non-clock pins of these cells is greater than 2, therefore, placer is not able to legalize the design to satisfy the suggested number of clocks that can drive non-clock pins in a single tile. Please modify the design such that each cell has at most 2 clocks driving its non-clock pins. Also, if one or more cells should be grouped together and placed in one tile, make sure the total number of such clocks does not exceed the maximum suggested.
CLK_MUX/out_13_INST_0
CLK_MUX/out_6_INST_0

WARNING: [Constraints 18-643] Placement may not be routable as design contains luts and/or flops whose data pins are driven by global clock signals and final placement is such that the number of such signals exceed the suggested number of such clocks in a single tile, which is 2. The following clock nets need to be routed to non-clock pins in tile CLBLM_L_X42Y150:
clk_wiz_1_BLOCK/U0/clk_out_external6, internal_clk_BLOCK/U0/clk_out_internal6, clk_wiz_1_BLOCK/U0/clk_out_external13, and internal_clk_BLOCK/U0/clk_out_internal13
Phase 4.6.3 Clock Restriction Legalization for Non-Clock Pins | Checksum: 18740b222

Time (s): cpu = 00:01:53 ; elapsed = 00:00:52 . Memory (MB): peak = 2493.914 ; gain = 229.398 ; free physical = 886 ; free virtual = 46526
Phase 4.6 Small Shape Detail Placement | Checksum: 18740b222

Time (s): cpu = 00:01:54 ; elapsed = 00:00:52 . Memory (MB): peak = 2493.914 ; gain = 229.398 ; free physical = 886 ; free virtual = 46526

Phase 4.7 Re-assign LUT pins
Phase 4.7 Re-assign LUT pins | Checksum: 18740b222

Time (s): cpu = 00:01:54 ; elapsed = 00:00:53 . Memory (MB): peak = 2493.914 ; gain = 229.398 ; free physical = 886 ; free virtual = 46526
Phase 4 Detail Placement | Checksum: 18740b222

Time (s): cpu = 00:01:55 ; elapsed = 00:00:53 . Memory (MB): peak = 2493.914 ; gain = 229.398 ; free physical = 886 ; free virtual = 46526

Phase 5 Post Placement Optimization and Clean-Up

Phase 5.1 PCOPT Shape updates
Phase 5.1 PCOPT Shape updates | Checksum: 1472dd4fd

Time (s): cpu = 00:01:55 ; elapsed = 00:00:53 . Memory (MB): peak = 2493.914 ; gain = 229.398 ; free physical = 886 ; free virtual = 46526

Phase 5.2 Post Commit Optimization

Phase 5.2.1 updateClock Trees: PCOPT
Phase 5.2.1 updateClock Trees: PCOPT | Checksum: 1472dd4fd

Time (s): cpu = 00:01:55 ; elapsed = 00:00:53 . Memory (MB): peak = 2493.914 ; gain = 229.398 ; free physical = 886 ; free virtual = 46526

Phase 5.2.2 Post Placement Optimization

Phase 5.2.2.1 Post Placement Timing Optimization

Phase 5.2.2.1.1 Restore Best Placement
Phase 5.2.2.1.1 Restore Best Placement | Checksum: 1cf3280a4

Time (s): cpu = 00:02:13 ; elapsed = 00:01:01 . Memory (MB): peak = 2493.914 ; gain = 229.398 ; free physical = 884 ; free virtual = 46524

Phase 5.2.2.1.2 updateTiming after Restore Best Placement
Phase 5.2.2.1.2 updateTiming after Restore Best Placement | Checksum: 1cf3280a4

Time (s): cpu = 00:02:13 ; elapsed = 00:01:01 . Memory (MB): peak = 2493.914 ; gain = 229.398 ; free physical = 884 ; free virtual = 46524
INFO: [Place 30-746] Post Placement Timing Summary WNS=0.330. For the most accurate timing information please run report_timing.
Phase 5.2.2.1 Post Placement Timing Optimization | Checksum: 1cf3280a4

Time (s): cpu = 00:02:13 ; elapsed = 00:01:01 . Memory (MB): peak = 2493.914 ; gain = 229.398 ; free physical = 884 ; free virtual = 46524
Phase 5.2.2 Post Placement Optimization | Checksum: 1cf3280a4

Time (s): cpu = 00:02:13 ; elapsed = 00:01:01 . Memory (MB): peak = 2493.914 ; gain = 229.398 ; free physical = 884 ; free virtual = 46524
Phase 5.2 Post Commit Optimization | Checksum: 1cf3280a4

Time (s): cpu = 00:02:13 ; elapsed = 00:01:01 . Memory (MB): peak = 2493.914 ; gain = 229.398 ; free physical = 884 ; free virtual = 46524

Phase 5.3 Sweep Clock Roots: Post-Placement
Phase 5.3 Sweep Clock Roots: Post-Placement | Checksum: 1cf3280a4

Time (s): cpu = 00:02:13 ; elapsed = 00:01:01 . Memory (MB): peak = 2493.914 ; gain = 229.398 ; free physical = 884 ; free virtual = 46524

Phase 5.4 Post Placement Cleanup
Phase 5.4 Post Placement Cleanup | Checksum: 1cf3280a4

Time (s): cpu = 00:02:14 ; elapsed = 00:01:01 . Memory (MB): peak = 2493.914 ; gain = 229.398 ; free physical = 884 ; free virtual = 46524

Phase 5.5 Placer Reporting

Phase 5.5.1 Restore STA
Phase 5.5.1 Restore STA | Checksum: 1cf3280a4

Time (s): cpu = 00:02:14 ; elapsed = 00:01:01 . Memory (MB): peak = 2493.914 ; gain = 229.398 ; free physical = 884 ; free virtual = 46524
Phase 5.5 Placer Reporting | Checksum: 1cf3280a4

Time (s): cpu = 00:02:14 ; elapsed = 00:01:01 . Memory (MB): peak = 2493.914 ; gain = 229.398 ; free physical = 884 ; free virtual = 46524

Phase 5.6 Final Placement Cleanup
Phase 5.6 Final Placement Cleanup | Checksum: 224b31aad

Time (s): cpu = 00:02:14 ; elapsed = 00:01:01 . Memory (MB): peak = 2493.914 ; gain = 229.398 ; free physical = 884 ; free virtual = 46524
Phase 5 Post Placement Optimization and Clean-Up | Checksum: 224b31aad

Time (s): cpu = 00:02:14 ; elapsed = 00:01:01 . Memory (MB): peak = 2493.914 ; gain = 229.398 ; free physical = 884 ; free virtual = 46524
Ending Placer Task | Checksum: 14150aa5c

Time (s): cpu = 00:02:14 ; elapsed = 00:01:02 . Memory (MB): peak = 2493.914 ; gain = 229.398 ; free physical = 884 ; free virtual = 46524
INFO: [Common 17-83] Releasing license: Implementation
75 Infos, 308 Warnings, 0 Critical Warnings and 0 Errors encountered.
place_design completed successfully
place_design: Time (s): cpu = 00:02:18 ; elapsed = 00:01:04 . Memory (MB): peak = 2493.914 ; gain = 229.398 ; free physical = 884 ; free virtual = 46524
Writing placer database...
Writing XDEF routing.
Writing XDEF routing logical nets.
Writing XDEF routing special nets.
Write XDEF Complete: Time (s): cpu = 00:00:05 ; elapsed = 00:00:02 . Memory (MB): peak = 2493.914 ; gain = 0.000 ; free physical = 848 ; free virtual = 46524
report_io: Time (s): cpu = 00:00:00.23 ; elapsed = 00:00:00.30 . Memory (MB): peak = 2493.914 ; gain = 0.000 ; free physical = 872 ; free virtual = 46522
report_utilization: Time (s): cpu = 00:00:00.66 ; elapsed = 00:00:00.74 . Memory (MB): peak = 2493.914 ; gain = 0.000 ; free physical = 872 ; free virtual = 46522
report_control_sets: Time (s): cpu = 00:00:00.12 ; elapsed = 00:00:00.19 . Memory (MB): peak = 2493.914 ; gain = 0.000 ; free physical = 871 ; free virtual = 46521
Command: route_design
Attempting to get a license for feature 'Implementation' and/or device 'xc7a200t'
INFO: [Common 17-349] Got license for feature 'Implementation' and/or device 'xc7a200t'
Running DRC as a precondition to command route_design
INFO: [DRC 23-27] Running DRC with 8 threads
INFO: [Vivado_Tcl 4-198] DRC finished with 0 Errors
INFO: [Vivado_Tcl 4-199] Please refer to the DRC report (report_drc) for more information.


Starting Routing Task
INFO: [Route 35-254] Multithreading enabled for route_design using a maximum of 8 CPUs

Phase 1 Build RT Design
Phase 1 Build RT Design | Checksum: 1318ba3be

Time (s): cpu = 00:00:49 ; elapsed = 00:00:38 . Memory (MB): peak = 2503.957 ; gain = 10.043 ; free physical = 793 ; free virtual = 46444

Phase 2 Router Initialization

Phase 2.1 Create Timer
Phase 2.1 Create Timer | Checksum: 1318ba3be

Time (s): cpu = 00:00:50 ; elapsed = 00:00:39 . Memory (MB): peak = 2503.957 ; gain = 10.043 ; free physical = 790 ; free virtual = 46440

Phase 2.2 Pre Route Cleanup
Phase 2.2 Pre Route Cleanup | Checksum: 1318ba3be

Time (s): cpu = 00:00:50 ; elapsed = 00:00:39 . Memory (MB): peak = 2504.941 ; gain = 11.027 ; free physical = 753 ; free virtual = 46404

Phase 2.3 Update Timing
Phase 2.3 Update Timing | Checksum: 1c59c5312

Time (s): cpu = 00:01:18 ; elapsed = 00:00:50 . Memory (MB): peak = 2592.457 ; gain = 98.543 ; free physical = 666 ; free virtual = 46316
INFO: [Route 35-57] Estimated Timing Summary | WNS=0.497  | TNS=0.000  | WHS=-0.382 | THS=-882.306|

Phase 2 Router Initialization | Checksum: ef7f3d10

Time (s): cpu = 00:01:29 ; elapsed = 00:00:53 . Memory (MB): peak = 2592.457 ; gain = 98.543 ; free physical = 665 ; free virtual = 46316

Phase 3 Initial Routing
Phase 3 Initial Routing | Checksum: e4a18248

Time (s): cpu = 00:01:41 ; elapsed = 00:00:55 . Memory (MB): peak = 2592.457 ; gain = 98.543 ; free physical = 663 ; free virtual = 46313

Phase 4 Rip-up And Reroute

Phase 4.1 Global Iteration 0
 Number of Nodes with overlaps = 2422
 Number of Nodes with overlaps = 99
 Number of Nodes with overlaps = 6
 Number of Nodes with overlaps = 2
 Number of Nodes with overlaps = 3
 Number of Nodes with overlaps = 3
 Number of Nodes with overlaps = 3
INFO: [Route 35-325] The following overlapped nodes exist in the design and there is low overall congestion. 
1. INT_R_X15Y103/IMUX13
Overlapping nets: 2
	eth_interface/data_manager_blk/RAM_COMM_DEC/ram_addr[38]
	eth_interface/data_manager_blk/RAM_COMM_DEC/ram_addr[60]
2. INT_R_X15Y102/IMUX38
Overlapping nets: 2
	eth_interface/rx_wren2_INST_0_i_6_n_161
	eth_interface/rx_wren2_INST_0_i_2_n_161
3. INT_R_X15Y102/IMUX16
Overlapping nets: 2
	eth_interface/rx_wren_INST_0_i_4_n_161
	eth_interface/rx_wren_INST_0_i_7_n_161

 Number of Nodes with overlaps = 0

Phase 4.1.1 Update Timing
Phase 4.1.1 Update Timing | Checksum: 15ec964cd

Time (s): cpu = 00:02:06 ; elapsed = 00:01:04 . Memory (MB): peak = 2592.457 ; gain = 98.543 ; free physical = 662 ; free virtual = 46312
INFO: [Route 35-57] Estimated Timing Summary | WNS=0.129  | TNS=0.000  | WHS=N/A    | THS=N/A    |

Phase 4.1 Global Iteration 0 | Checksum: 1bfb1d6aa

Time (s): cpu = 00:02:06 ; elapsed = 00:01:04 . Memory (MB): peak = 2592.457 ; gain = 98.543 ; free physical = 662 ; free virtual = 46312
Phase 4 Rip-up And Reroute | Checksum: 1bfb1d6aa

Time (s): cpu = 00:02:06 ; elapsed = 00:01:04 . Memory (MB): peak = 2592.457 ; gain = 98.543 ; free physical = 662 ; free virtual = 46312

Phase 5 Delay and Skew Optimization

Phase 5.1 Delay CleanUp

Phase 5.1.1 Update Timing
Phase 5.1.1 Update Timing | Checksum: 1d02666bb

Time (s): cpu = 00:02:10 ; elapsed = 00:01:05 . Memory (MB): peak = 2592.457 ; gain = 98.543 ; free physical = 657 ; free virtual = 46307
INFO: [Route 35-57] Estimated Timing Summary | WNS=0.137  | TNS=0.000  | WHS=N/A    | THS=N/A    |

Phase 5.1 Delay CleanUp | Checksum: 1d02666bb

Time (s): cpu = 00:02:10 ; elapsed = 00:01:05 . Memory (MB): peak = 2592.457 ; gain = 98.543 ; free physical = 657 ; free virtual = 46307

Phase 5.2 Clock Skew Optimization
Phase 5.2 Clock Skew Optimization | Checksum: 1d02666bb

Time (s): cpu = 00:02:10 ; elapsed = 00:01:05 . Memory (MB): peak = 2592.457 ; gain = 98.543 ; free physical = 657 ; free virtual = 46307
Phase 5 Delay and Skew Optimization | Checksum: 1d02666bb

Time (s): cpu = 00:02:10 ; elapsed = 00:01:05 . Memory (MB): peak = 2592.457 ; gain = 98.543 ; free physical = 657 ; free virtual = 46307

Phase 6 Post Hold Fix

Phase 6.1 Update Timing
Phase 6.1 Update Timing | Checksum: 1ea0d7a96

Time (s): cpu = 00:02:15 ; elapsed = 00:01:06 . Memory (MB): peak = 2592.457 ; gain = 98.543 ; free physical = 660 ; free virtual = 46310
INFO: [Route 35-57] Estimated Timing Summary | WNS=0.137  | TNS=0.000  | WHS=0.055  | THS=0.000  |

Phase 6 Post Hold Fix | Checksum: 1df134245

Time (s): cpu = 00:02:15 ; elapsed = 00:01:06 . Memory (MB): peak = 2592.457 ; gain = 98.543 ; free physical = 658 ; free virtual = 46308

Phase 7 Route finalize

Router Utilization Summary
  Global Vertical Routing Utilization    = 2.90096 %
  Global Horizontal Routing Utilization  = 3.75083 %
  Routable Net Status*
  *Does not include unroutable nets such as driverless and loadless.
  Run report_route_status for detailed report.
  Number of Failed Nets               = 0
  Number of Unrouted Nets             = 0
  Number of Partially Routed Nets     = 0
  Number of Node Overlaps             = 0

Phase 7 Route finalize | Checksum: 214d068c7

Time (s): cpu = 00:02:16 ; elapsed = 00:01:07 . Memory (MB): peak = 2592.457 ; gain = 98.543 ; free physical = 658 ; free virtual = 46308

Phase 8 Verifying routed nets

 Verification completed successfully
Phase 8 Verifying routed nets | Checksum: 214d068c7

Time (s): cpu = 00:02:16 ; elapsed = 00:01:07 . Memory (MB): peak = 2592.457 ; gain = 98.543 ; free physical = 656 ; free virtual = 46307

Phase 9 Depositing Routes
Phase 9 Depositing Routes | Checksum: 2621ec758

Time (s): cpu = 00:02:18 ; elapsed = 00:01:09 . Memory (MB): peak = 2592.457 ; gain = 98.543 ; free physical = 656 ; free virtual = 46306

Phase 10 Post Router Timing
INFO: [Route 35-57] Estimated Timing Summary | WNS=0.137  | TNS=0.000  | WHS=0.055  | THS=0.000  |

INFO: [Route 35-327] The final timing numbers are based on the router estimated timing analysis. For a complete and accurate timing signoff, please run report_timing_summary.
Phase 10 Post Router Timing | Checksum: 2621ec758

Time (s): cpu = 00:02:18 ; elapsed = 00:01:09 . Memory (MB): peak = 2592.457 ; gain = 98.543 ; free physical = 656 ; free virtual = 46306
INFO: [Route 35-16] Router Completed Successfully

Time (s): cpu = 00:02:18 ; elapsed = 00:01:09 . Memory (MB): peak = 2592.457 ; gain = 98.543 ; free physical = 656 ; free virtual = 46306

Routing Is Done.
INFO: [Common 17-83] Releasing license: Implementation
89 Infos, 308 Warnings, 0 Critical Warnings and 0 Errors encountered.
route_design completed successfully
route_design: Time (s): cpu = 00:02:22 ; elapsed = 00:01:11 . Memory (MB): peak = 2592.457 ; gain = 98.543 ; free physical = 656 ; free virtual = 46306
Writing placer database...
Writing XDEF routing.
Writing XDEF routing logical nets.
Writing XDEF routing special nets.
Write XDEF Complete: Time (s): cpu = 00:00:06 ; elapsed = 00:00:02 . Memory (MB): peak = 2605.461 ; gain = 0.000 ; free physical = 610 ; free virtual = 46305
INFO: [DRC 23-27] Running DRC with 8 threads
INFO: [Coretcl 2-168] The results of DRC are in file /home/rrivera/ots/srcs/otsdaq-firmware/cactus/projects/nim_plus2/top/top.runs/impl_1/top_drc_routed.rpt.
INFO: [Timing 38-91] UpdateTimingParams: Speed grade: -2, Delay Type: min_max.
INFO: [Timing 38-191] Multithreading enabled for timing update using a maximum of 8 CPUs
Running Vector-less Activity Propagation...

Finished Running Vector-less Activity Propagation
WARNING: [Power 33-218] MMCM/PLL RST static_probability should be either 0 or 1, power analysis is using 0 by default.
Use 'set_switching_activity -static_probability 1 -signal_rate 0 [get_nets reset]'  to set the static_probability to '1'  if desired.
WARNING: [Power 33-218] MMCM/PLL RST static_probability should be either 0 or 1, power analysis is using 0 by default.
Use 'set_switching_activity -static_probability 1 -signal_rate 0 [get_nets reset]'  to set the static_probability to '1'  if desired.
WARNING: [Power 33-218] MMCM/PLL RST static_probability should be either 0 or 1, power analysis is using 0 by default.
Use 'set_switching_activity -static_probability 1 -signal_rate 0 [get_nets reset27_out]'  to set the static_probability to '1'  if desired.
Attempting to get a license for feature 'Implementation' and/or device 'xc7a200t'
INFO: [Common 17-349] Got license for feature 'Implementation' and/or device 'xc7a200t'
Running DRC as a precondition to command write_bitstream
INFO: [DRC 23-27] Running DRC with 8 threads
WARNING: [DRC 23-20] Rule violation (PDRC-157) Slice clock routing - For SLICE_X65Y150: more than 2 non-clock pins of the SLICE are driven by different global clocks. This condition should be corrected as it easily becomes congested and will fail to route.
WARNING: [DRC 23-20] Rule violation (PDRC-157) Slice clock routing - For SLICE_X78Y143: more than 2 non-clock pins of the SLICE are driven by different global clocks. This condition should be corrected as it easily becomes congested and will fail to route.
WARNING: [DRC 23-20] Rule violation (RTRES-2) BounceAcross resources - 6 GLOBAL_CLOCK net(s) have at least one node with COST_CODE_NAME equal to BOUNCEACROSS (COST_CODE 12). This situation occurs when a global clock net must enter a clock region where all global clock routing resources are occupied. Check the report from report_clock_utilization to determine which clock regions are traversed by the problem net and use floorplanning or other physical constraints to ensure a maximum of 12 global clock nets occupy each clock region. The problem net(s) are clk_wiz_1_BLOCK/U0/clk_out_external26, bmx_40, selected_ext_clkg, internal_clk_BLOCK/U0/clk_out_internal6, internal_clk_BLOCK/U0/clk_out_internal26, clk_wiz_1_BLOCK/U0/clk_out_external6.
WARNING: [DRC 23-20] Rule violation (RTSTAT-10) No routable loads - 2 net(s) have no routable loads. The problem bus(es) and/or net(s) are u_ila_0/inst/clk2x, eth_interface/data_manager_blk/GEC_TX_SEQ_CTL/data_fifo_empty.
INFO: [Vivado 12-3199] DRC finished with 0 Errors, 4 Warnings
INFO: [Vivado 12-3200] Please refer to the DRC report (report_drc) for more information.
Loading data files...
Loading site data...
Loading route data...
Processing options...
Creating bitmap...
Creating bitstream...
Bitstream compression saved 53363648 bits.
Writing bitstream ./top.bit...
INFO: [Vivado 12-1842] Bitgen Completed Successfully.
INFO: [Project 1-118] WebTalk data collection is enabled (User setting is ON. Install Setting is ON.).
INFO: [Common 17-186] '/home/rrivera/ots/srcs/otsdaq-firmware/cactus/projects/nim_plus2/top/top.runs/impl_1/usage_statistics_webtalk.xml' has been successfully sent to Xilinx on Fri Oct 18 15:16:17 2019. For additional details about this file, please refer to the WebTalk help file at /opt/local/xilinx/Vivado/2015.2/doc/webtalk_introduction.html.
INFO: [Common 17-83] Releasing license: Implementation
write_bitstream: Time (s): cpu = 00:00:58 ; elapsed = 00:00:56 . Memory (MB): peak = 2890.527 ; gain = 263.039 ; free physical = 350 ; free virtual = 45987
INFO: [Vivado_Tcl 4-395] Unable to parse hwdef file top.hwdef
INFO: [Common 17-206] Exiting Vivado at Fri Oct 18 15:16:17 2019...
