--------------------------------------------------------------------------------
Release 14.7 Trace  (lin64)
Copyright (c) 1995-2013 Xilinx, Inc.  All rights reserved.

/opt/Xilinx/14.7/ISE_DS/ISE/bin/lin64/unwrapped/trce -intstyle ise -v 3 -s 10
-n 3 -fastpaths -xml top.twx top.ncd -o top.twr top.pcf -ucf stib.ucf -ucf
stib_par.ucf

Design file:              top.ncd
Physical constraint file: top.pcf
Device,package,speed:     xc4vlx25,ff668,-10 (PRODUCTION 1.71 2013-10-13, STEPPING level 0)
Report level:             verbose report

Environment Variable      Effect 
--------------------      ------ 
NONE                      No environment variables were set
--------------------------------------------------------------------------------

WARNING:Timing:3223 - Timing constraint PATH "TS_MCLKA_TO_BUSCLK_path" TIG; 
   ignored during timing analysis.
WARNING:Timing:3223 - Timing constraint PATH "TS_MCLKB_TO_BUSCLK_path" TIG; 
   ignored during timing analysis.
WARNING:Timing:3223 - Timing constraint PATH "TS_BUSCLK_TO_FBCOCLK_path" TIG; 
   ignored during timing analysis.
WARNING:Timing:3223 - Timing constraint PATH "TS_FBCOCLK_TO_BUSCLK_path" TIG; 
   ignored during timing analysis.
WARNING:Timing:3223 - Timing constraint PATH "TS_EXTCLK_TO_DACCLK_path" TIG; 
   ignored during timing analysis.
WARNING:Timing:3223 - Timing constraint PATH "TS_BCOCLK_TO_BUSCLK_path" TIG; 
   ignored during timing analysis.
WARNING:Timing:3223 - Timing constraint PATH "TS_MCLKB_TO_BCOCLK_path" TIG; 
   ignored during timing analysis.
WARNING:Timing:3223 - Timing constraint PATH "TS_CLKQ_TO_DACCLK_path" TIG; 
   ignored during timing analysis.
WARNING:Timing:3223 - Timing constraint PATH "TS_CLKQ_TO_BUSCLK_path" TIG; 
   ignored during timing analysis.
INFO:Timing:3386 - Intersecting Constraints found and resolved.  For more 
   information, see the TSI report.  Please consult the Xilinx Command Line 
   Tools User Guide for information on generating a TSI report.
INFO:Timing:3412 - To improve timing, see the Timing Closure User Guide (UG612).
INFO:Timing:2752 - To get complete path coverage, use the unconstrained paths 
   option. All paths that are not constrained will be reported in the 
   unconstrained paths section(s) of the report.
INFO:Timing:3339 - The clock-to-out numbers in this timing report are based on 
   a 50 Ohm transmission line loading model.  For the details of this model, 
   and for more information on accounting for different loading conditions, 
   please see the device datasheet.

================================================================================
Timing constraint: PATH "TS_D2_TO_T2_ila_pro_0_path" TIG;

 3 paths analyzed, 3 endpoints analyzed, 0 failing endpoints
 0 timing errors detected. (0 setup errors, 0 hold errors)
--------------------------------------------------------------------------------

Paths for end point U_ila_pro_0/U0/I_NO_D.U_ILA/U_STAT/U_TDO (SLICE_X5Y53.F1), 1 path
--------------------------------------------------------------------------------
Delay (setup path):     5.333ns (data path - clock path skew + uncertainty)
  Source:               U_ila_pro_0/U0/I_NO_D.U_ILA/U_STAT/U_DIRTY_LDC (LATCH)
  Destination:          U_ila_pro_0/U0/I_NO_D.U_ILA/U_STAT/U_TDO (FF)
  Data Path Delay:      5.333ns (Levels of Logic = 4)
  Clock Path Skew:      0.000ns
  Source Clock:         icon_control0<13> falling
  Destination Clock:    icon_control0<0> rising at 0.000ns
  Clock Uncertainty:    0.000ns

  Maximum Data Path: U_ila_pro_0/U0/I_NO_D.U_ILA/U_STAT/U_DIRTY_LDC to U_ila_pro_0/U0/I_NO_D.U_ILA/U_STAT/U_TDO
    Location             Delay type         Delay(ns)  Physical Resource
                                                       Logical Resource(s)
    -------------------------------------------------  -------------------
    SLICE_X7Y28.YQ       Tcklo                 0.393   U_ila_pro_0/U0/I_NO_D.U_ILA/U_STAT/DIRTY_SEL
                                                       U_ila_pro_0/U0/I_NO_D.U_ILA/U_STAT/U_DIRTY_LDC
    SLICE_X6Y29.F2       net (fanout=1)        0.514   U_ila_pro_0/U0/I_NO_D.U_ILA/U_STAT/DIRTY_SEL
    SLICE_X6Y29.X        Tilo                  0.195   U_ila_pro_0/U0/I_NO_D.U_ILA/U_STAT/DIRTY_D0
                                                       U_ila_pro_0/U0/I_NO_D.U_ILA/U_STAT/DIRTY_dstat1
    SLICE_X3Y48.G1       net (fanout=2)        1.193   U_ila_pro_0/U0/I_NO_D.U_ILA/U_STAT/DIRTY_dstat
    SLICE_X3Y48.XMUX     Tif5x                 0.574   U_ila_pro_0/U0/I_NO_D.U_ILA/U_STAT/U_DMUX/U_CS_MUX/I3.U_MUX8/Mmux_O_91
                                                       U_ila_pro_0/U0/I_NO_D.U_ILA/U_STAT/U_DMUX/U_CS_MUX/I3.U_MUX8/Mmux_O_91_F
                                                       U_ila_pro_0/U0/I_NO_D.U_ILA/U_STAT/U_DMUX/U_CS_MUX/I3.U_MUX8/Mmux_O_91
    SLICE_X5Y52.G1       net (fanout=1)        1.071   U_ila_pro_0/U0/I_NO_D.U_ILA/U_STAT/U_DMUX/U_CS_MUX/I3.U_MUX8/Mmux_O_91
    SLICE_X5Y52.XMUX     Tif5x                 0.574   U_ila_pro_0/U0/I_NO_D.U_ILA/U_STAT/TDO_mux_in<0>1
                                                       U_ila_pro_0/U0/I_NO_D.U_ILA/U_STAT/U_DMUX/U_CS_MUX/I3.U_MUX8/Mmux_O_4
                                                       U_ila_pro_0/U0/I_NO_D.U_ILA/U_STAT/U_DMUX/U_CS_MUX/I3.U_MUX8/Mmux_O_2_f5
    SLICE_X5Y53.F1       net (fanout=1)        0.584   U_ila_pro_0/U0/I_NO_D.U_ILA/U_STAT/TDO_mux_in<0>1
    SLICE_X5Y53.CLK      Tfck                  0.235   U_ila_pro_0/U0/I_NO_D.U_ILA/iSTAT_DOUT
                                                       U_ila_pro_0/U0/I_NO_D.U_ILA/U_STAT/U_MUX/U_CS_MUX/I1.U_MUX2/O56
                                                       U_ila_pro_0/U0/I_NO_D.U_ILA/U_STAT/U_TDO
    -------------------------------------------------  ---------------------------
    Total                                      5.333ns (1.971ns logic, 3.362ns route)
                                                       (37.0% logic, 63.0% route)

--------------------------------------------------------------------------------

Paths for end point U_ila_pro_0/U0/I_NO_D.U_ILA/U_STAT/U_DIRTY_FDPE (SLICE_X6Y28.BY), 1 path
--------------------------------------------------------------------------------
Delay (setup path):     1.526ns (data path - clock path skew + uncertainty)
  Source:               U_ila_pro_0/U0/I_NO_D.U_ILA/U_STAT/U_DIRTY_LDC (LATCH)
  Destination:          U_ila_pro_0/U0/I_NO_D.U_ILA/U_STAT/U_DIRTY_FDPE (FF)
  Data Path Delay:      1.526ns (Levels of Logic = 1)
  Clock Path Skew:      0.000ns
  Source Clock:         icon_control0<13> falling
  Destination Clock:    icon_control0<0> rising at 0.000ns
  Clock Uncertainty:    0.000ns

  Maximum Data Path: U_ila_pro_0/U0/I_NO_D.U_ILA/U_STAT/U_DIRTY_LDC to U_ila_pro_0/U0/I_NO_D.U_ILA/U_STAT/U_DIRTY_FDPE
    Location             Delay type         Delay(ns)  Physical Resource
                                                       Logical Resource(s)
    -------------------------------------------------  -------------------
    SLICE_X7Y28.YQ       Tcklo                 0.393   U_ila_pro_0/U0/I_NO_D.U_ILA/U_STAT/DIRTY_SEL
                                                       U_ila_pro_0/U0/I_NO_D.U_ILA/U_STAT/U_DIRTY_LDC
    SLICE_X6Y29.F2       net (fanout=1)        0.514   U_ila_pro_0/U0/I_NO_D.U_ILA/U_STAT/DIRTY_SEL
    SLICE_X6Y29.X        Tilo                  0.195   U_ila_pro_0/U0/I_NO_D.U_ILA/U_STAT/DIRTY_D0
                                                       U_ila_pro_0/U0/I_NO_D.U_ILA/U_STAT/DIRTY_dstat1
    SLICE_X6Y28.BY       net (fanout=2)        0.144   U_ila_pro_0/U0/I_NO_D.U_ILA/U_STAT/DIRTY_dstat
    SLICE_X6Y28.CLK      Tdick                 0.280   U_ila_pro_0/U0/I_NO_D.U_ILA/U_STAT/DIRTY_D1
                                                       U_ila_pro_0/U0/I_NO_D.U_ILA/U_STAT/U_DIRTY_FDPE
    -------------------------------------------------  ---------------------------
    Total                                      1.526ns (0.868ns logic, 0.658ns route)
                                                       (56.9% logic, 43.1% route)

--------------------------------------------------------------------------------

Paths for end point U_ila_pro_0/U0/I_NO_D.U_ILA/U_STAT/U_DIRTY_FDCE (SLICE_X6Y29.F2), 1 path
--------------------------------------------------------------------------------
Delay (setup path):     1.122ns (data path - clock path skew + uncertainty)
  Source:               U_ila_pro_0/U0/I_NO_D.U_ILA/U_STAT/U_DIRTY_LDC (LATCH)
  Destination:          U_ila_pro_0/U0/I_NO_D.U_ILA/U_STAT/U_DIRTY_FDCE (FF)
  Data Path Delay:      1.122ns (Levels of Logic = 1)
  Clock Path Skew:      0.000ns
  Source Clock:         icon_control0<13> falling
  Destination Clock:    icon_control0<0> rising at 0.000ns
  Clock Uncertainty:    0.000ns

  Maximum Data Path: U_ila_pro_0/U0/I_NO_D.U_ILA/U_STAT/U_DIRTY_LDC to U_ila_pro_0/U0/I_NO_D.U_ILA/U_STAT/U_DIRTY_FDCE
    Location             Delay type         Delay(ns)  Physical Resource
                                                       Logical Resource(s)
    -------------------------------------------------  -------------------
    SLICE_X7Y28.YQ       Tcklo                 0.393   U_ila_pro_0/U0/I_NO_D.U_ILA/U_STAT/DIRTY_SEL
                                                       U_ila_pro_0/U0/I_NO_D.U_ILA/U_STAT/U_DIRTY_LDC
    SLICE_X6Y29.F2       net (fanout=1)        0.514   U_ila_pro_0/U0/I_NO_D.U_ILA/U_STAT/DIRTY_SEL
    SLICE_X6Y29.CLK      Tfck                  0.215   U_ila_pro_0/U0/I_NO_D.U_ILA/U_STAT/DIRTY_D0
                                                       U_ila_pro_0/U0/I_NO_D.U_ILA/U_STAT/DIRTY_dstat1
                                                       U_ila_pro_0/U0/I_NO_D.U_ILA/U_STAT/U_DIRTY_FDCE
    -------------------------------------------------  ---------------------------
    Total                                      1.122ns (0.608ns logic, 0.514ns route)
                                                       (54.2% logic, 45.8% route)

--------------------------------------------------------------------------------

Hold Paths: PATH "TS_D2_TO_T2_ila_pro_0_path" TIG;
--------------------------------------------------------------------------------

Paths for end point U_ila_pro_0/U0/I_NO_D.U_ILA/U_STAT/U_DIRTY_FDCE (SLICE_X6Y29.F2), 1 path
--------------------------------------------------------------------------------
Delay (hold path):      0.694ns (datapath - clock path skew - uncertainty)
  Source:               U_ila_pro_0/U0/I_NO_D.U_ILA/U_STAT/U_DIRTY_LDC (LATCH)
  Destination:          U_ila_pro_0/U0/I_NO_D.U_ILA/U_STAT/U_DIRTY_FDCE (FF)
  Data Path Delay:      0.694ns (Levels of Logic = 1)
  Clock Path Skew:      0.000ns
  Source Clock:         icon_control0<13> falling
  Destination Clock:    icon_control0<0> rising at 0.000ns
  Clock Uncertainty:    0.000ns

  Minimum Data Path: U_ila_pro_0/U0/I_NO_D.U_ILA/U_STAT/U_DIRTY_LDC to U_ila_pro_0/U0/I_NO_D.U_ILA/U_STAT/U_DIRTY_FDCE
    Location             Delay type         Delay(ns)  Physical Resource
                                                       Logical Resource(s)
    -------------------------------------------------  -------------------
    SLICE_X7Y28.YQ       Tcklo                 0.362   U_ila_pro_0/U0/I_NO_D.U_ILA/U_STAT/DIRTY_SEL
                                                       U_ila_pro_0/U0/I_NO_D.U_ILA/U_STAT/U_DIRTY_LDC
    SLICE_X6Y29.F2       net (fanout=1)        0.473   U_ila_pro_0/U0/I_NO_D.U_ILA/U_STAT/DIRTY_SEL
    SLICE_X6Y29.CLK      Tckf        (-Th)     0.141   U_ila_pro_0/U0/I_NO_D.U_ILA/U_STAT/DIRTY_D0
                                                       U_ila_pro_0/U0/I_NO_D.U_ILA/U_STAT/DIRTY_dstat1
                                                       U_ila_pro_0/U0/I_NO_D.U_ILA/U_STAT/U_DIRTY_FDCE
    -------------------------------------------------  ---------------------------
    Total                                      0.694ns (0.221ns logic, 0.473ns route)
                                                       (31.8% logic, 68.2% route)

--------------------------------------------------------------------------------

Paths for end point U_ila_pro_0/U0/I_NO_D.U_ILA/U_STAT/U_DIRTY_FDPE (SLICE_X6Y28.BY), 1 path
--------------------------------------------------------------------------------
Delay (hold path):      1.065ns (datapath - clock path skew - uncertainty)
  Source:               U_ila_pro_0/U0/I_NO_D.U_ILA/U_STAT/U_DIRTY_LDC (LATCH)
  Destination:          U_ila_pro_0/U0/I_NO_D.U_ILA/U_STAT/U_DIRTY_FDPE (FF)
  Data Path Delay:      1.065ns (Levels of Logic = 1)
  Clock Path Skew:      0.000ns
  Source Clock:         icon_control0<13> falling
  Destination Clock:    icon_control0<0> rising at 0.000ns
  Clock Uncertainty:    0.000ns

  Minimum Data Path: U_ila_pro_0/U0/I_NO_D.U_ILA/U_STAT/U_DIRTY_LDC to U_ila_pro_0/U0/I_NO_D.U_ILA/U_STAT/U_DIRTY_FDPE
    Location             Delay type         Delay(ns)  Physical Resource
                                                       Logical Resource(s)
    -------------------------------------------------  -------------------
    SLICE_X7Y28.YQ       Tcklo                 0.362   U_ila_pro_0/U0/I_NO_D.U_ILA/U_STAT/DIRTY_SEL
                                                       U_ila_pro_0/U0/I_NO_D.U_ILA/U_STAT/U_DIRTY_LDC
    SLICE_X6Y29.F2       net (fanout=1)        0.473   U_ila_pro_0/U0/I_NO_D.U_ILA/U_STAT/DIRTY_SEL
    SLICE_X6Y29.X        Tilo                  0.179   U_ila_pro_0/U0/I_NO_D.U_ILA/U_STAT/DIRTY_D0
                                                       U_ila_pro_0/U0/I_NO_D.U_ILA/U_STAT/DIRTY_dstat1
    SLICE_X6Y28.BY       net (fanout=2)        0.132   U_ila_pro_0/U0/I_NO_D.U_ILA/U_STAT/DIRTY_dstat
    SLICE_X6Y28.CLK      Tckdi       (-Th)     0.081   U_ila_pro_0/U0/I_NO_D.U_ILA/U_STAT/DIRTY_D1
                                                       U_ila_pro_0/U0/I_NO_D.U_ILA/U_STAT/U_DIRTY_FDPE
    -------------------------------------------------  ---------------------------
    Total                                      1.065ns (0.460ns logic, 0.605ns route)
                                                       (43.2% logic, 56.8% route)

--------------------------------------------------------------------------------

Paths for end point U_ila_pro_0/U0/I_NO_D.U_ILA/U_STAT/U_TDO (SLICE_X5Y53.F1), 1 path
--------------------------------------------------------------------------------
Delay (hold path):      4.569ns (datapath - clock path skew - uncertainty)
  Source:               U_ila_pro_0/U0/I_NO_D.U_ILA/U_STAT/U_DIRTY_LDC (LATCH)
  Destination:          U_ila_pro_0/U0/I_NO_D.U_ILA/U_STAT/U_TDO (FF)
  Data Path Delay:      4.569ns (Levels of Logic = 4)
  Clock Path Skew:      0.000ns
  Source Clock:         icon_control0<13> falling
  Destination Clock:    icon_control0<0> rising at 0.000ns
  Clock Uncertainty:    0.000ns

  Minimum Data Path: U_ila_pro_0/U0/I_NO_D.U_ILA/U_STAT/U_DIRTY_LDC to U_ila_pro_0/U0/I_NO_D.U_ILA/U_STAT/U_TDO
    Location             Delay type         Delay(ns)  Physical Resource
                                                       Logical Resource(s)
    -------------------------------------------------  -------------------
    SLICE_X7Y28.YQ       Tcklo                 0.362   U_ila_pro_0/U0/I_NO_D.U_ILA/U_STAT/DIRTY_SEL
                                                       U_ila_pro_0/U0/I_NO_D.U_ILA/U_STAT/U_DIRTY_LDC
    SLICE_X6Y29.F2       net (fanout=1)        0.473   U_ila_pro_0/U0/I_NO_D.U_ILA/U_STAT/DIRTY_SEL
    SLICE_X6Y29.X        Tilo                  0.179   U_ila_pro_0/U0/I_NO_D.U_ILA/U_STAT/DIRTY_D0
                                                       U_ila_pro_0/U0/I_NO_D.U_ILA/U_STAT/DIRTY_dstat1
    SLICE_X3Y48.G1       net (fanout=2)        1.098   U_ila_pro_0/U0/I_NO_D.U_ILA/U_STAT/DIRTY_dstat
    SLICE_X3Y48.XMUX     Tif5x                 0.528   U_ila_pro_0/U0/I_NO_D.U_ILA/U_STAT/U_DMUX/U_CS_MUX/I3.U_MUX8/Mmux_O_91
                                                       U_ila_pro_0/U0/I_NO_D.U_ILA/U_STAT/U_DMUX/U_CS_MUX/I3.U_MUX8/Mmux_O_91_F
                                                       U_ila_pro_0/U0/I_NO_D.U_ILA/U_STAT/U_DMUX/U_CS_MUX/I3.U_MUX8/Mmux_O_91
    SLICE_X5Y52.G1       net (fanout=1)        0.985   U_ila_pro_0/U0/I_NO_D.U_ILA/U_STAT/U_DMUX/U_CS_MUX/I3.U_MUX8/Mmux_O_91
    SLICE_X5Y52.XMUX     Tif5x                 0.528   U_ila_pro_0/U0/I_NO_D.U_ILA/U_STAT/TDO_mux_in<0>1
                                                       U_ila_pro_0/U0/I_NO_D.U_ILA/U_STAT/U_DMUX/U_CS_MUX/I3.U_MUX8/Mmux_O_4
                                                       U_ila_pro_0/U0/I_NO_D.U_ILA/U_STAT/U_DMUX/U_CS_MUX/I3.U_MUX8/Mmux_O_2_f5
    SLICE_X5Y53.F1       net (fanout=1)        0.537   U_ila_pro_0/U0/I_NO_D.U_ILA/U_STAT/TDO_mux_in<0>1
    SLICE_X5Y53.CLK      Tckf        (-Th)     0.121   U_ila_pro_0/U0/I_NO_D.U_ILA/iSTAT_DOUT
                                                       U_ila_pro_0/U0/I_NO_D.U_ILA/U_STAT/U_MUX/U_CS_MUX/I1.U_MUX2/O56
                                                       U_ila_pro_0/U0/I_NO_D.U_ILA/U_STAT/U_TDO
    -------------------------------------------------  ---------------------------
    Total                                      4.569ns (1.476ns logic, 3.093ns route)
                                                       (32.3% logic, 67.7% route)

--------------------------------------------------------------------------------

================================================================================
Timing constraint: PATH "TS_J2_TO_D2_ila_pro_0_path" TIG;

 0 paths analyzed, 0 endpoints analyzed, 0 failing endpoints
 0 timing errors detected.
--------------------------------------------------------------------------------

================================================================================
Timing constraint: PATH "TS_J3_TO_D2_ila_pro_0_path" TIG;

 0 paths analyzed, 0 endpoints analyzed, 0 failing endpoints
 0 timing errors detected.
--------------------------------------------------------------------------------

================================================================================
Timing constraint: PATH "TS_J4_TO_D2_ila_pro_0_path" TIG;

 11 paths analyzed, 1 endpoint analyzed, 0 failing endpoints
 0 timing errors detected. (0 setup errors, 0 hold errors)
--------------------------------------------------------------------------------

Paths for end point U_ila_pro_0/U0/I_NO_D.U_ILA/U_STAT/U_DIRTY_LDC (SLICE_X7Y28.CLK), 11 paths
--------------------------------------------------------------------------------
Delay (setup path):     4.146ns (data path)
  Source:               U_icon_pro/U0/U_ICON/U_SYNC/U_SYNC (FF)
  Destination:          U_ila_pro_0/U0/I_NO_D.U_ILA/U_STAT/U_DIRTY_LDC (LATCH)
  Data Path Delay:      4.146ns (Levels of Logic = 2)
  Source Clock:         icon_control0<0> rising at 0.000ns

  Maximum Data Path: U_icon_pro/U0/U_ICON/U_SYNC/U_SYNC to U_ila_pro_0/U0/I_NO_D.U_ILA/U_STAT/U_DIRTY_LDC
    Location             Delay type         Delay(ns)  Physical Resource
                                                       Logical Resource(s)
    -------------------------------------------------  -------------------
    SLICE_X15Y70.YQ      Tcko                  0.340   U_icon_pro/U0/U_ICON/iSYNC
                                                       U_icon_pro/U0/U_ICON/U_SYNC/U_SYNC
    SLICE_X15Y70.G4      net (fanout=2)        0.347   U_icon_pro/U0/U_ICON/iSYNC
    SLICE_X15Y70.Y       Tilo                  0.194   U_icon_pro/U0/U_ICON/iSYNC
                                                       U_icon_pro/U0/U_ICON/U_CTRL_OUT/U_DATA_VALID
    SLICE_X4Y29.G1       net (fanout=9)        2.592   U_icon_pro/U0/U_ICON/U_CTRL_OUT/iDATA_VALID
    SLICE_X4Y29.Y        Tilo                  0.195   U_ila_pro_0/U0/I_NO_D.U_ILA/U_RST/U_HALT_XFER/din_latched
                                                       U_icon_pro/U0/U_ICON/U_CTRL_OUT/F_NCP[0].F_CMD[9].U_LCE
    SLICE_X7Y28.CLK      net (fanout=4)        0.478   icon_control0<13>
    -------------------------------------------------  ---------------------------
    Total                                      4.146ns (0.729ns logic, 3.417ns route)
                                                       (17.6% logic, 82.4% route)

--------------------------------------------------------------------------------
Delay (setup path):     4.071ns (data path)
  Source:               U_icon_pro/U0/U_ICON/U_CMD/G_TARGET[7].I_NE0.U_TARGET (FF)
  Destination:          U_ila_pro_0/U0/I_NO_D.U_ILA/U_STAT/U_DIRTY_LDC (LATCH)
  Data Path Delay:      4.071ns (Levels of Logic = 2)
  Source Clock:         icon_control0<0> rising at 0.000ns

  Maximum Data Path: U_icon_pro/U0/U_ICON/U_CMD/G_TARGET[7].I_NE0.U_TARGET to U_ila_pro_0/U0/I_NO_D.U_ILA/U_STAT/U_DIRTY_LDC
    Location             Delay type         Delay(ns)  Physical Resource
                                                       Logical Resource(s)
    -------------------------------------------------  -------------------
    SLICE_X13Y68.YQ      Tcko                  0.340   U_icon_pro/U0/U_ICON/iCOMMAND_GRP<1>
                                                       U_icon_pro/U0/U_ICON/U_CMD/G_TARGET[7].I_NE0.U_TARGET
    SLICE_X11Y68.G2      net (fanout=3)        0.532   U_icon_pro/U0/U_ICON/iCOMMAND_GRP<1>
    SLICE_X11Y68.Y       Tilo                  0.194   U_ila_pro_0/U0/I_NO_D.U_ILA/U_G2.U_CAPCTRL/iCAP_WR_EN
                                                       U_icon_pro/U0/U_ICON/U_CTRL_OUT/U_CMDGRP0
    SLICE_X4Y29.G2       net (fanout=9)        2.332   U_icon_pro/U0/U_ICON/U_CTRL_OUT/iCOMMAND_GRP_SEL<0>
    SLICE_X4Y29.Y        Tilo                  0.195   U_ila_pro_0/U0/I_NO_D.U_ILA/U_RST/U_HALT_XFER/din_latched
                                                       U_icon_pro/U0/U_ICON/U_CTRL_OUT/F_NCP[0].F_CMD[9].U_LCE
    SLICE_X7Y28.CLK      net (fanout=4)        0.478   icon_control0<13>
    -------------------------------------------------  ---------------------------
    Total                                      4.071ns (0.729ns logic, 3.342ns route)
                                                       (17.9% logic, 82.1% route)

--------------------------------------------------------------------------------
Delay (setup path):     3.901ns (data path)
  Source:               U_icon_pro/U0/U_ICON/U_CMD/G_TARGET[15].I_EQ0.U_TARGET (FF)
  Destination:          U_ila_pro_0/U0/I_NO_D.U_ILA/U_STAT/U_DIRTY_LDC (LATCH)
  Data Path Delay:      3.901ns (Levels of Logic = 2)
  Source Clock:         icon_control0<0> rising at 0.000ns

  Maximum Data Path: U_icon_pro/U0/U_ICON/U_CMD/G_TARGET[15].I_EQ0.U_TARGET to U_ila_pro_0/U0/I_NO_D.U_ILA/U_STAT/U_DIRTY_LDC
    Location             Delay type         Delay(ns)  Physical Resource
                                                       Logical Resource(s)
    -------------------------------------------------  -------------------
    SLICE_X12Y63.YQ      Tcko                  0.360   U_icon_pro/U0/U_ICON/iCORE_ID<3>
                                                       U_icon_pro/U0/U_ICON/U_CMD/G_TARGET[15].I_EQ0.U_TARGET
    SLICE_X13Y64.F1      net (fanout=4)        0.619   U_icon_pro/U0/U_ICON/iCORE_ID<3>
    SLICE_X13Y64.X       Tilo                  0.194   U_icon_pro/U0/U_ICON/U_CMD/iTARGET<11>
                                                       U_icon_pro/U0/U_ICON/U_CMD/U_CORE_ID_SEL/I4.FI[0].U_LUT
    SLICE_X4Y29.G3       net (fanout=9)        2.055   U_icon_pro/U0/U_ICON/iCORE_ID_SEL<0>
    SLICE_X4Y29.Y        Tilo                  0.195   U_ila_pro_0/U0/I_NO_D.U_ILA/U_RST/U_HALT_XFER/din_latched
                                                       U_icon_pro/U0/U_ICON/U_CTRL_OUT/F_NCP[0].F_CMD[9].U_LCE
    SLICE_X7Y28.CLK      net (fanout=4)        0.478   icon_control0<13>
    -------------------------------------------------  ---------------------------
    Total                                      3.901ns (0.749ns logic, 3.152ns route)
                                                       (19.2% logic, 80.8% route)

--------------------------------------------------------------------------------

================================================================================
Timing constraint: TS_J_CLK = PERIOD TIMEGRP "J_CLK" 30 ns HIGH 50%;
For more information, see Period Analysis in the Timing Closure User Guide (UG612).

 1608 paths analyzed, 258 endpoints analyzed, 0 failing endpoints
 0 timing errors detected. (0 setup errors, 0 hold errors, 0 component switching limit errors)
 Minimum period is   5.767ns.
--------------------------------------------------------------------------------

Paths for end point U_ila_pro_0/U0/I_NO_D.U_ILA/U_G2.U_CAPCTRL/U_CAP_ADDRGEN/U_WCNT_HCMP/I_SRL16.U_GAND_SRL16/I_TWMOD8_NE0.I_YES_RPM.I_SRLT_EQ_2.U_SRLH (SLICE_X4Y93.BY), 12 paths
--------------------------------------------------------------------------------
Slack (setup path):     24.233ns (requirement - (data path - clock path skew + uncertainty))
  Source:               U_ila_pro_0/U0/I_NO_D.U_ILA/U_G2.U_CAPCTRL/U_CAP_ADDRGEN/U_SCNT_CMP/I_SRL16.U_GAND_SRL16/I_TW_GTE8.F_TW[0].I_YES_RPM.I_SRLT_EQ_2.U_SRLL (FF)
  Destination:          U_ila_pro_0/U0/I_NO_D.U_ILA/U_G2.U_CAPCTRL/U_CAP_ADDRGEN/U_WCNT_HCMP/I_SRL16.U_GAND_SRL16/I_TWMOD8_NE0.I_YES_RPM.I_SRLT_EQ_2.U_SRLH (FF)
  Requirement:          30.000ns
  Data Path Delay:      5.767ns (Levels of Logic = 2)
  Clock Path Skew:      0.000ns
  Source Clock:         icon_control0<0> rising at 0.000ns
  Destination Clock:    icon_control0<0> rising at 30.000ns
  Clock Uncertainty:    0.000ns

  Maximum Data Path: U_ila_pro_0/U0/I_NO_D.U_ILA/U_G2.U_CAPCTRL/U_CAP_ADDRGEN/U_SCNT_CMP/I_SRL16.U_GAND_SRL16/I_TW_GTE8.F_TW[0].I_YES_RPM.I_SRLT_EQ_2.U_SRLL to U_ila_pro_0/U0/I_NO_D.U_ILA/U_G2.U_CAPCTRL/U_CAP_ADDRGEN/U_WCNT_HCMP/I_SRL16.U_GAND_SRL16/I_TWMOD8_NE0.I_YES_RPM.I_SRLT_EQ_2.U_SRLH
    Location             Delay type         Delay(ns)  Physical Resource
                                                       Logical Resource(s)
    -------------------------------------------------  -------------------
    SLICE_X8Y128.XB      Tregxb                2.151   U_ila_pro_0/U0/I_NO_D.U_ILA/U_G2.U_CAPCTRL/U_CAP_ADDRGEN/cfg_data_vec<9>
                                                       U_ila_pro_0/U0/I_NO_D.U_ILA/U_G2.U_CAPCTRL/U_CAP_ADDRGEN/U_SCNT_CMP/I_SRL16.U_GAND_SRL16/I_TW_GTE8.F_TW[0].I_YES_RPM.I_SRLT_EQ_2.U_SRLL.CE
                                                       U_ila_pro_0/U0/I_NO_D.U_ILA/U_G2.U_CAPCTRL/U_CAP_ADDRGEN/U_SCNT_CMP/I_SRL16.U_GAND_SRL16/I_TW_GTE8.F_TW[0].I_YES_RPM.I_SRLT_EQ_2.U_SRLL
    SLICE_X8Y71.F2       net (fanout=1)        2.065   U_ila_pro_0/U0/I_NO_D.U_ILA/U_G2.U_CAPCTRL/U_CAP_ADDRGEN/cfg_data<1>
    SLICE_X8Y71.X        Tilo                  0.195   U_ila_pro_0/U0/I_NO_D.U_ILA/U_TRIG/U_TM/G_NMU[0].U_M/U_MU/I_MUT_GANDX.U_match/I_SRL16.U_GANDX_SRL16/din_dly1<2>
                                                       U_ila_pro_0/U0/I_NO_D.U_ILA/U_G2.U_CAPCTRL/U_CAP_ADDRGEN/U_BRK0
    SLICE_X4Y93.BY       net (fanout=1)        1.060   U_ila_pro_0/U0/I_NO_D.U_ILA/U_G2.U_CAPCTRL/U_CAP_ADDRGEN/cfg_data<2>
    SLICE_X4Y93.CLK      Tds                   0.296   U_ila_pro_0/U0/I_NO_D.U_ILA/U_G2.U_CAPCTRL/U_CAP_ADDRGEN/U_WCNT_HCMP/I_SRL16.U_GAND_SRL16/I_TWMOD8_NE0.I_YES_RPM.U_MUXL/O
                                                       U_ila_pro_0/U0/I_NO_D.U_ILA/U_G2.U_CAPCTRL/U_CAP_ADDRGEN/U_WCNT_HCMP/I_SRL16.U_GAND_SRL16/I_TWMOD8_NE0.I_YES_RPM.I_SRLT_EQ_2.U_SRLH
    -------------------------------------------------  ---------------------------
    Total                                      5.767ns (2.642ns logic, 3.125ns route)
                                                       (45.8% logic, 54.2% route)

--------------------------------------------------------------------------------
Slack (setup path):     26.145ns (requirement - (data path - clock path skew + uncertainty))
  Source:               U_icon_pro/U0/U_ICON/U_CMD/G_TARGET[11].I_NE0.U_TARGET (FF)
  Destination:          U_ila_pro_0/U0/I_NO_D.U_ILA/U_G2.U_CAPCTRL/U_CAP_ADDRGEN/U_WCNT_HCMP/I_SRL16.U_GAND_SRL16/I_TWMOD8_NE0.I_YES_RPM.I_SRLT_EQ_2.U_SRLH (FF)
  Requirement:          30.000ns
  Data Path Delay:      3.855ns (Levels of Logic = 4)
  Clock Path Skew:      0.000ns
  Source Clock:         icon_control0<0> rising at 0.000ns
  Destination Clock:    icon_control0<0> rising at 30.000ns
  Clock Uncertainty:    0.000ns

  Maximum Data Path: U_icon_pro/U0/U_ICON/U_CMD/G_TARGET[11].I_NE0.U_TARGET to U_ila_pro_0/U0/I_NO_D.U_ILA/U_G2.U_CAPCTRL/U_CAP_ADDRGEN/U_WCNT_HCMP/I_SRL16.U_GAND_SRL16/I_TWMOD8_NE0.I_YES_RPM.I_SRLT_EQ_2.U_SRLH
    Location             Delay type         Delay(ns)  Physical Resource
                                                       Logical Resource(s)
    -------------------------------------------------  -------------------
    SLICE_X13Y64.XQ      Tcko                  0.340   U_icon_pro/U0/U_ICON/U_CMD/iTARGET<11>
                                                       U_icon_pro/U0/U_ICON/U_CMD/G_TARGET[11].I_NE0.U_TARGET
    SLICE_X9Y68.F1       net (fanout=9)        0.999   U_icon_pro/U0/U_ICON/U_CMD/iTARGET<11>
    SLICE_X9Y68.X        Tilo                  0.194   U_ila_pro_0/U0/I_NO_D.U_ILA/iCAP_WR_EN
                                                       U_icon_pro/U0/U_ICON/U_CMD/U_COMMAND_SEL/I4.FI[5].U_LUT
    SLICE_X8Y71.G4       net (fanout=1)        0.342   U_icon_pro/U0/U_ICON/iCOMMAND_SEL<5>
    SLICE_X8Y71.Y        Tilo                  0.195   U_ila_pro_0/U0/I_NO_D.U_ILA/U_TRIG/U_TM/G_NMU[0].U_M/U_MU/I_MUT_GANDX.U_match/I_SRL16.U_GANDX_SRL16/din_dly1<2>
                                                       U_icon_pro/U0/U_ICON/U_CTRL_OUT/F_NCP[0].F_CMD[5].U_LCE
    SLICE_X8Y71.F3       net (fanout=43)       0.234   icon_control0<9>
    SLICE_X8Y71.X        Tilo                  0.195   U_ila_pro_0/U0/I_NO_D.U_ILA/U_TRIG/U_TM/G_NMU[0].U_M/U_MU/I_MUT_GANDX.U_match/I_SRL16.U_GANDX_SRL16/din_dly1<2>
                                                       U_ila_pro_0/U0/I_NO_D.U_ILA/U_G2.U_CAPCTRL/U_CAP_ADDRGEN/U_BRK0
    SLICE_X4Y93.BY       net (fanout=1)        1.060   U_ila_pro_0/U0/I_NO_D.U_ILA/U_G2.U_CAPCTRL/U_CAP_ADDRGEN/cfg_data<2>
    SLICE_X4Y93.CLK      Tds                   0.296   U_ila_pro_0/U0/I_NO_D.U_ILA/U_G2.U_CAPCTRL/U_CAP_ADDRGEN/U_WCNT_HCMP/I_SRL16.U_GAND_SRL16/I_TWMOD8_NE0.I_YES_RPM.U_MUXL/O
                                                       U_ila_pro_0/U0/I_NO_D.U_ILA/U_G2.U_CAPCTRL/U_CAP_ADDRGEN/U_WCNT_HCMP/I_SRL16.U_GAND_SRL16/I_TWMOD8_NE0.I_YES_RPM.I_SRLT_EQ_2.U_SRLH
    -------------------------------------------------  ---------------------------
    Total                                      3.855ns (1.220ns logic, 2.635ns route)
                                                       (31.6% logic, 68.4% route)

--------------------------------------------------------------------------------
Slack (setup path):     26.149ns (requirement - (data path - clock path skew + uncertainty))
  Source:               U_icon_pro/U0/U_ICON/U_CMD/G_TARGET[10].I_NE0.U_TARGET (FF)
  Destination:          U_ila_pro_0/U0/I_NO_D.U_ILA/U_G2.U_CAPCTRL/U_CAP_ADDRGEN/U_WCNT_HCMP/I_SRL16.U_GAND_SRL16/I_TWMOD8_NE0.I_YES_RPM.I_SRLT_EQ_2.U_SRLH (FF)
  Requirement:          30.000ns
  Data Path Delay:      3.851ns (Levels of Logic = 4)
  Clock Path Skew:      0.000ns
  Source Clock:         icon_control0<0> rising at 0.000ns
  Destination Clock:    icon_control0<0> rising at 30.000ns
  Clock Uncertainty:    0.000ns

  Maximum Data Path: U_icon_pro/U0/U_ICON/U_CMD/G_TARGET[10].I_NE0.U_TARGET to U_ila_pro_0/U0/I_NO_D.U_ILA/U_G2.U_CAPCTRL/U_CAP_ADDRGEN/U_WCNT_HCMP/I_SRL16.U_GAND_SRL16/I_TWMOD8_NE0.I_YES_RPM.I_SRLT_EQ_2.U_SRLH
    Location             Delay type         Delay(ns)  Physical Resource
                                                       Logical Resource(s)
    -------------------------------------------------  -------------------
    SLICE_X11Y63.XQ      Tcko                  0.340   U_icon_pro/U0/U_ICON/U_CMD/iTARGET<10>
                                                       U_icon_pro/U0/U_ICON/U_CMD/G_TARGET[10].I_NE0.U_TARGET
    SLICE_X9Y68.F2       net (fanout=9)        0.995   U_icon_pro/U0/U_ICON/U_CMD/iTARGET<10>
    SLICE_X9Y68.X        Tilo                  0.194   U_ila_pro_0/U0/I_NO_D.U_ILA/iCAP_WR_EN
                                                       U_icon_pro/U0/U_ICON/U_CMD/U_COMMAND_SEL/I4.FI[5].U_LUT
    SLICE_X8Y71.G4       net (fanout=1)        0.342   U_icon_pro/U0/U_ICON/iCOMMAND_SEL<5>
    SLICE_X8Y71.Y        Tilo                  0.195   U_ila_pro_0/U0/I_NO_D.U_ILA/U_TRIG/U_TM/G_NMU[0].U_M/U_MU/I_MUT_GANDX.U_match/I_SRL16.U_GANDX_SRL16/din_dly1<2>
                                                       U_icon_pro/U0/U_ICON/U_CTRL_OUT/F_NCP[0].F_CMD[5].U_LCE
    SLICE_X8Y71.F3       net (fanout=43)       0.234   icon_control0<9>
    SLICE_X8Y71.X        Tilo                  0.195   U_ila_pro_0/U0/I_NO_D.U_ILA/U_TRIG/U_TM/G_NMU[0].U_M/U_MU/I_MUT_GANDX.U_match/I_SRL16.U_GANDX_SRL16/din_dly1<2>
                                                       U_ila_pro_0/U0/I_NO_D.U_ILA/U_G2.U_CAPCTRL/U_CAP_ADDRGEN/U_BRK0
    SLICE_X4Y93.BY       net (fanout=1)        1.060   U_ila_pro_0/U0/I_NO_D.U_ILA/U_G2.U_CAPCTRL/U_CAP_ADDRGEN/cfg_data<2>
    SLICE_X4Y93.CLK      Tds                   0.296   U_ila_pro_0/U0/I_NO_D.U_ILA/U_G2.U_CAPCTRL/U_CAP_ADDRGEN/U_WCNT_HCMP/I_SRL16.U_GAND_SRL16/I_TWMOD8_NE0.I_YES_RPM.U_MUXL/O
                                                       U_ila_pro_0/U0/I_NO_D.U_ILA/U_G2.U_CAPCTRL/U_CAP_ADDRGEN/U_WCNT_HCMP/I_SRL16.U_GAND_SRL16/I_TWMOD8_NE0.I_YES_RPM.I_SRLT_EQ_2.U_SRLH
    -------------------------------------------------  ---------------------------
    Total                                      3.851ns (1.220ns logic, 2.631ns route)
                                                       (31.7% logic, 68.3% route)

--------------------------------------------------------------------------------

Paths for end point U_ila_pro_0/U0/I_NO_D.U_ILA/U_G2.U_CAPCTRL/I_SRLT_NE_1.U_WCE/I_NOLUT6.I_SRL_T2.U_SRLC16E (SLICE_X6Y93.BY), 12 paths
--------------------------------------------------------------------------------
Slack (setup path):     24.328ns (requirement - (data path - clock path skew + uncertainty))
  Source:               U_icon_pro/U0/U_ICON/U_CMD/G_TARGET[11].I_NE0.U_TARGET (FF)
  Destination:          U_ila_pro_0/U0/I_NO_D.U_ILA/U_G2.U_CAPCTRL/I_SRLT_NE_1.U_WCE/I_NOLUT6.I_SRL_T2.U_SRLC16E (FF)
  Requirement:          30.000ns
  Data Path Delay:      5.672ns (Levels of Logic = 4)
  Clock Path Skew:      0.000ns
  Source Clock:         icon_control0<0> rising at 0.000ns
  Destination Clock:    icon_control0<0> rising at 30.000ns
  Clock Uncertainty:    0.000ns

  Maximum Data Path: U_icon_pro/U0/U_ICON/U_CMD/G_TARGET[11].I_NE0.U_TARGET to U_ila_pro_0/U0/I_NO_D.U_ILA/U_G2.U_CAPCTRL/I_SRLT_NE_1.U_WCE/I_NOLUT6.I_SRL_T2.U_SRLC16E
    Location             Delay type         Delay(ns)  Physical Resource
                                                       Logical Resource(s)
    -------------------------------------------------  -------------------
    SLICE_X13Y64.XQ      Tcko                  0.340   U_icon_pro/U0/U_ICON/U_CMD/iTARGET<11>
                                                       U_icon_pro/U0/U_ICON/U_CMD/G_TARGET[11].I_NE0.U_TARGET
    SLICE_X9Y68.F1       net (fanout=9)        0.999   U_icon_pro/U0/U_ICON/U_CMD/iTARGET<11>
    SLICE_X9Y68.X        Tilo                  0.194   U_ila_pro_0/U0/I_NO_D.U_ILA/iCAP_WR_EN
                                                       U_icon_pro/U0/U_ICON/U_CMD/U_COMMAND_SEL/I4.FI[5].U_LUT
    SLICE_X8Y71.G4       net (fanout=1)        0.342   U_icon_pro/U0/U_ICON/iCOMMAND_SEL<5>
    SLICE_X8Y71.Y        Tilo                  0.195   U_ila_pro_0/U0/I_NO_D.U_ILA/U_TRIG/U_TM/G_NMU[0].U_M/U_MU/I_MUT_GANDX.U_match/I_SRL16.U_GANDX_SRL16/din_dly1<2>
                                                       U_icon_pro/U0/U_ICON/U_CTRL_OUT/F_NCP[0].F_CMD[5].U_LCE
    SLICE_X7Y133.F3      net (fanout=43)       1.766   icon_control0<9>
    SLICE_X7Y133.X       Tilo                  0.194   U_ila_pro_0/U0/I_NO_D.U_ILA/U_G2.U_CAPCTRL/I_SRLT_NE_1.U_WCE/iCFG_DIN
                                                       U_ila_pro_0/U0/I_NO_D.U_ILA/U_G2.U_CAPCTRL/I_SRLT_NE_1.U_WCE/I_NOLUT6.I_SRL_T2.U_LUT
    SLICE_X6Y93.BY       net (fanout=1)        1.346   U_ila_pro_0/U0/I_NO_D.U_ILA/U_G2.U_CAPCTRL/I_SRLT_NE_1.U_WCE/iCFG_DIN
    SLICE_X6Y93.CLK      Tds                   0.296   U_ila_pro_0/U0/I_NO_D.U_ILA/U_G2.U_CAPCTRL/WCNT_CE
                                                       U_ila_pro_0/U0/I_NO_D.U_ILA/U_G2.U_CAPCTRL/I_SRLT_NE_1.U_WCE/I_NOLUT6.I_SRL_T2.U_SRLC16E
    -------------------------------------------------  ---------------------------
    Total                                      5.672ns (1.219ns logic, 4.453ns route)
                                                       (21.5% logic, 78.5% route)

--------------------------------------------------------------------------------
Slack (setup path):     24.332ns (requirement - (data path - clock path skew + uncertainty))
  Source:               U_icon_pro/U0/U_ICON/U_CMD/G_TARGET[10].I_NE0.U_TARGET (FF)
  Destination:          U_ila_pro_0/U0/I_NO_D.U_ILA/U_G2.U_CAPCTRL/I_SRLT_NE_1.U_WCE/I_NOLUT6.I_SRL_T2.U_SRLC16E (FF)
  Requirement:          30.000ns
  Data Path Delay:      5.668ns (Levels of Logic = 4)
  Clock Path Skew:      0.000ns
  Source Clock:         icon_control0<0> rising at 0.000ns
  Destination Clock:    icon_control0<0> rising at 30.000ns
  Clock Uncertainty:    0.000ns

  Maximum Data Path: U_icon_pro/U0/U_ICON/U_CMD/G_TARGET[10].I_NE0.U_TARGET to U_ila_pro_0/U0/I_NO_D.U_ILA/U_G2.U_CAPCTRL/I_SRLT_NE_1.U_WCE/I_NOLUT6.I_SRL_T2.U_SRLC16E
    Location             Delay type         Delay(ns)  Physical Resource
                                                       Logical Resource(s)
    -------------------------------------------------  -------------------
    SLICE_X11Y63.XQ      Tcko                  0.340   U_icon_pro/U0/U_ICON/U_CMD/iTARGET<10>
                                                       U_icon_pro/U0/U_ICON/U_CMD/G_TARGET[10].I_NE0.U_TARGET
    SLICE_X9Y68.F2       net (fanout=9)        0.995   U_icon_pro/U0/U_ICON/U_CMD/iTARGET<10>
    SLICE_X9Y68.X        Tilo                  0.194   U_ila_pro_0/U0/I_NO_D.U_ILA/iCAP_WR_EN
                                                       U_icon_pro/U0/U_ICON/U_CMD/U_COMMAND_SEL/I4.FI[5].U_LUT
    SLICE_X8Y71.G4       net (fanout=1)        0.342   U_icon_pro/U0/U_ICON/iCOMMAND_SEL<5>
    SLICE_X8Y71.Y        Tilo                  0.195   U_ila_pro_0/U0/I_NO_D.U_ILA/U_TRIG/U_TM/G_NMU[0].U_M/U_MU/I_MUT_GANDX.U_match/I_SRL16.U_GANDX_SRL16/din_dly1<2>
                                                       U_icon_pro/U0/U_ICON/U_CTRL_OUT/F_NCP[0].F_CMD[5].U_LCE
    SLICE_X7Y133.F3      net (fanout=43)       1.766   icon_control0<9>
    SLICE_X7Y133.X       Tilo                  0.194   U_ila_pro_0/U0/I_NO_D.U_ILA/U_G2.U_CAPCTRL/I_SRLT_NE_1.U_WCE/iCFG_DIN
                                                       U_ila_pro_0/U0/I_NO_D.U_ILA/U_G2.U_CAPCTRL/I_SRLT_NE_1.U_WCE/I_NOLUT6.I_SRL_T2.U_LUT
    SLICE_X6Y93.BY       net (fanout=1)        1.346   U_ila_pro_0/U0/I_NO_D.U_ILA/U_G2.U_CAPCTRL/I_SRLT_NE_1.U_WCE/iCFG_DIN
    SLICE_X6Y93.CLK      Tds                   0.296   U_ila_pro_0/U0/I_NO_D.U_ILA/U_G2.U_CAPCTRL/WCNT_CE
                                                       U_ila_pro_0/U0/I_NO_D.U_ILA/U_G2.U_CAPCTRL/I_SRLT_NE_1.U_WCE/I_NOLUT6.I_SRL_T2.U_SRLC16E
    -------------------------------------------------  ---------------------------
    Total                                      5.668ns (1.219ns logic, 4.449ns route)
                                                       (21.5% logic, 78.5% route)

--------------------------------------------------------------------------------
Slack (setup path):     24.376ns (requirement - (data path - clock path skew + uncertainty))
  Source:               U_icon_pro/U0/U_ICON/U_CMD/G_TARGET[15].I_EQ0.U_TARGET (FF)
  Destination:          U_ila_pro_0/U0/I_NO_D.U_ILA/U_G2.U_CAPCTRL/I_SRLT_NE_1.U_WCE/I_NOLUT6.I_SRL_T2.U_SRLC16E (FF)
  Requirement:          30.000ns
  Data Path Delay:      5.624ns (Levels of Logic = 4)
  Clock Path Skew:      0.000ns
  Source Clock:         icon_control0<0> rising at 0.000ns
  Destination Clock:    icon_control0<0> rising at 30.000ns
  Clock Uncertainty:    0.000ns

  Maximum Data Path: U_icon_pro/U0/U_ICON/U_CMD/G_TARGET[15].I_EQ0.U_TARGET to U_ila_pro_0/U0/I_NO_D.U_ILA/U_G2.U_CAPCTRL/I_SRLT_NE_1.U_WCE/I_NOLUT6.I_SRL_T2.U_SRLC16E
    Location             Delay type         Delay(ns)  Physical Resource
                                                       Logical Resource(s)
    -------------------------------------------------  -------------------
    SLICE_X12Y63.YQ      Tcko                  0.360   U_icon_pro/U0/U_ICON/iCORE_ID<3>
                                                       U_icon_pro/U0/U_ICON/U_CMD/G_TARGET[15].I_EQ0.U_TARGET
    SLICE_X13Y64.F1      net (fanout=4)        0.619   U_icon_pro/U0/U_ICON/iCORE_ID<3>
    SLICE_X13Y64.X       Tilo                  0.194   U_icon_pro/U0/U_ICON/U_CMD/iTARGET<11>
                                                       U_icon_pro/U0/U_ICON/U_CMD/U_CORE_ID_SEL/I4.FI[0].U_LUT
    SLICE_X8Y71.G3       net (fanout=9)        0.654   U_icon_pro/U0/U_ICON/iCORE_ID_SEL<0>
    SLICE_X8Y71.Y        Tilo                  0.195   U_ila_pro_0/U0/I_NO_D.U_ILA/U_TRIG/U_TM/G_NMU[0].U_M/U_MU/I_MUT_GANDX.U_match/I_SRL16.U_GANDX_SRL16/din_dly1<2>
                                                       U_icon_pro/U0/U_ICON/U_CTRL_OUT/F_NCP[0].F_CMD[5].U_LCE
    SLICE_X7Y133.F3      net (fanout=43)       1.766   icon_control0<9>
    SLICE_X7Y133.X       Tilo                  0.194   U_ila_pro_0/U0/I_NO_D.U_ILA/U_G2.U_CAPCTRL/I_SRLT_NE_1.U_WCE/iCFG_DIN
                                                       U_ila_pro_0/U0/I_NO_D.U_ILA/U_G2.U_CAPCTRL/I_SRLT_NE_1.U_WCE/I_NOLUT6.I_SRL_T2.U_LUT
    SLICE_X6Y93.BY       net (fanout=1)        1.346   U_ila_pro_0/U0/I_NO_D.U_ILA/U_G2.U_CAPCTRL/I_SRLT_NE_1.U_WCE/iCFG_DIN
    SLICE_X6Y93.CLK      Tds                   0.296   U_ila_pro_0/U0/I_NO_D.U_ILA/U_G2.U_CAPCTRL/WCNT_CE
                                                       U_ila_pro_0/U0/I_NO_D.U_ILA/U_G2.U_CAPCTRL/I_SRLT_NE_1.U_WCE/I_NOLUT6.I_SRL_T2.U_SRLC16E
    -------------------------------------------------  ---------------------------
    Total                                      5.624ns (1.239ns logic, 4.385ns route)
                                                       (22.0% logic, 78.0% route)

--------------------------------------------------------------------------------

Paths for end point U_ila_pro_0/U0/I_NO_D.U_ILA/U_G2.U_CAPCTRL/I_SRLT_NE_1.U_NS1/I_NOLUT6.I_SRL_T2.I_YES_RPM.UG1_CFGLUT4 (SLICE_X8Y137.BY), 12 paths
--------------------------------------------------------------------------------
Slack (setup path):     24.514ns (requirement - (data path - clock path skew + uncertainty))
  Source:               U_icon_pro/U0/U_ICON/U_CMD/G_TARGET[11].I_NE0.U_TARGET (FF)
  Destination:          U_ila_pro_0/U0/I_NO_D.U_ILA/U_G2.U_CAPCTRL/I_SRLT_NE_1.U_NS1/I_NOLUT6.I_SRL_T2.I_YES_RPM.UG1_CFGLUT4 (FF)
  Requirement:          30.000ns
  Data Path Delay:      5.486ns (Levels of Logic = 4)
  Clock Path Skew:      0.000ns
  Source Clock:         icon_control0<0> rising at 0.000ns
  Destination Clock:    icon_control0<0> rising at 30.000ns
  Clock Uncertainty:    0.000ns

  Maximum Data Path: U_icon_pro/U0/U_ICON/U_CMD/G_TARGET[11].I_NE0.U_TARGET to U_ila_pro_0/U0/I_NO_D.U_ILA/U_G2.U_CAPCTRL/I_SRLT_NE_1.U_NS1/I_NOLUT6.I_SRL_T2.I_YES_RPM.UG1_CFGLUT4
    Location             Delay type         Delay(ns)  Physical Resource
                                                       Logical Resource(s)
    -------------------------------------------------  -------------------
    SLICE_X13Y64.XQ      Tcko                  0.340   U_icon_pro/U0/U_ICON/U_CMD/iTARGET<11>
                                                       U_icon_pro/U0/U_ICON/U_CMD/G_TARGET[11].I_NE0.U_TARGET
    SLICE_X9Y68.F1       net (fanout=9)        0.999   U_icon_pro/U0/U_ICON/U_CMD/iTARGET<11>
    SLICE_X9Y68.X        Tilo                  0.194   U_ila_pro_0/U0/I_NO_D.U_ILA/iCAP_WR_EN
                                                       U_icon_pro/U0/U_ICON/U_CMD/U_COMMAND_SEL/I4.FI[5].U_LUT
    SLICE_X8Y71.G4       net (fanout=1)        0.342   U_icon_pro/U0/U_ICON/iCOMMAND_SEL<5>
    SLICE_X8Y71.Y        Tilo                  0.195   U_ila_pro_0/U0/I_NO_D.U_ILA/U_TRIG/U_TM/G_NMU[0].U_M/U_MU/I_MUT_GANDX.U_match/I_SRL16.U_GANDX_SRL16/din_dly1<2>
                                                       U_icon_pro/U0/U_ICON/U_CTRL_OUT/F_NCP[0].F_CMD[5].U_LCE
    SLICE_X9Y128.G3      net (fanout=43)       2.424   icon_control0<9>
    SLICE_X9Y128.Y       Tilo                  0.194   U_ila_pro_0/U0/I_NO_D.U_ILA/U_G2.U_CAPCTRL/U_CAP_ADDRGEN/iSCNT<8>
                                                       U_ila_pro_0/U0/I_NO_D.U_ILA/U_G2.U_CAPCTRL/I_SRLT_NE_1.U_NS1/I_NOLUT6.I_SRL_T2.U_LUT
    SLICE_X8Y137.BY      net (fanout=1)        0.502   U_ila_pro_0/U0/I_NO_D.U_ILA/U_G2.U_CAPCTRL/I_SRLT_NE_1.U_NS1/iCFG_DIN
    SLICE_X8Y137.CLK     Tds                   0.296   U_ila_pro_0/U0/I_NO_D.U_ILA/U_G2.U_CAPCTRL/I_SRLT_NE_1.U_NS1/iCFG_DATA<2>
                                                       U_ila_pro_0/U0/I_NO_D.U_ILA/U_G2.U_CAPCTRL/I_SRLT_NE_1.U_NS1/I_NOLUT6.I_SRL_T2.I_YES_RPM.UG1_CFGLUT4
    -------------------------------------------------  ---------------------------
    Total                                      5.486ns (1.219ns logic, 4.267ns route)
                                                       (22.2% logic, 77.8% route)

--------------------------------------------------------------------------------
Slack (setup path):     24.518ns (requirement - (data path - clock path skew + uncertainty))
  Source:               U_icon_pro/U0/U_ICON/U_CMD/G_TARGET[10].I_NE0.U_TARGET (FF)
  Destination:          U_ila_pro_0/U0/I_NO_D.U_ILA/U_G2.U_CAPCTRL/I_SRLT_NE_1.U_NS1/I_NOLUT6.I_SRL_T2.I_YES_RPM.UG1_CFGLUT4 (FF)
  Requirement:          30.000ns
  Data Path Delay:      5.482ns (Levels of Logic = 4)
  Clock Path Skew:      0.000ns
  Source Clock:         icon_control0<0> rising at 0.000ns
  Destination Clock:    icon_control0<0> rising at 30.000ns
  Clock Uncertainty:    0.000ns

  Maximum Data Path: U_icon_pro/U0/U_ICON/U_CMD/G_TARGET[10].I_NE0.U_TARGET to U_ila_pro_0/U0/I_NO_D.U_ILA/U_G2.U_CAPCTRL/I_SRLT_NE_1.U_NS1/I_NOLUT6.I_SRL_T2.I_YES_RPM.UG1_CFGLUT4
    Location             Delay type         Delay(ns)  Physical Resource
                                                       Logical Resource(s)
    -------------------------------------------------  -------------------
    SLICE_X11Y63.XQ      Tcko                  0.340   U_icon_pro/U0/U_ICON/U_CMD/iTARGET<10>
                                                       U_icon_pro/U0/U_ICON/U_CMD/G_TARGET[10].I_NE0.U_TARGET
    SLICE_X9Y68.F2       net (fanout=9)        0.995   U_icon_pro/U0/U_ICON/U_CMD/iTARGET<10>
    SLICE_X9Y68.X        Tilo                  0.194   U_ila_pro_0/U0/I_NO_D.U_ILA/iCAP_WR_EN
                                                       U_icon_pro/U0/U_ICON/U_CMD/U_COMMAND_SEL/I4.FI[5].U_LUT
    SLICE_X8Y71.G4       net (fanout=1)        0.342   U_icon_pro/U0/U_ICON/iCOMMAND_SEL<5>
    SLICE_X8Y71.Y        Tilo                  0.195   U_ila_pro_0/U0/I_NO_D.U_ILA/U_TRIG/U_TM/G_NMU[0].U_M/U_MU/I_MUT_GANDX.U_match/I_SRL16.U_GANDX_SRL16/din_dly1<2>
                                                       U_icon_pro/U0/U_ICON/U_CTRL_OUT/F_NCP[0].F_CMD[5].U_LCE
    SLICE_X9Y128.G3      net (fanout=43)       2.424   icon_control0<9>
    SLICE_X9Y128.Y       Tilo                  0.194   U_ila_pro_0/U0/I_NO_D.U_ILA/U_G2.U_CAPCTRL/U_CAP_ADDRGEN/iSCNT<8>
                                                       U_ila_pro_0/U0/I_NO_D.U_ILA/U_G2.U_CAPCTRL/I_SRLT_NE_1.U_NS1/I_NOLUT6.I_SRL_T2.U_LUT
    SLICE_X8Y137.BY      net (fanout=1)        0.502   U_ila_pro_0/U0/I_NO_D.U_ILA/U_G2.U_CAPCTRL/I_SRLT_NE_1.U_NS1/iCFG_DIN
    SLICE_X8Y137.CLK     Tds                   0.296   U_ila_pro_0/U0/I_NO_D.U_ILA/U_G2.U_CAPCTRL/I_SRLT_NE_1.U_NS1/iCFG_DATA<2>
                                                       U_ila_pro_0/U0/I_NO_D.U_ILA/U_G2.U_CAPCTRL/I_SRLT_NE_1.U_NS1/I_NOLUT6.I_SRL_T2.I_YES_RPM.UG1_CFGLUT4
    -------------------------------------------------  ---------------------------
    Total                                      5.482ns (1.219ns logic, 4.263ns route)
                                                       (22.2% logic, 77.8% route)

--------------------------------------------------------------------------------
Slack (setup path):     24.562ns (requirement - (data path - clock path skew + uncertainty))
  Source:               U_icon_pro/U0/U_ICON/U_CMD/G_TARGET[15].I_EQ0.U_TARGET (FF)
  Destination:          U_ila_pro_0/U0/I_NO_D.U_ILA/U_G2.U_CAPCTRL/I_SRLT_NE_1.U_NS1/I_NOLUT6.I_SRL_T2.I_YES_RPM.UG1_CFGLUT4 (FF)
  Requirement:          30.000ns
  Data Path Delay:      5.438ns (Levels of Logic = 4)
  Clock Path Skew:      0.000ns
  Source Clock:         icon_control0<0> rising at 0.000ns
  Destination Clock:    icon_control0<0> rising at 30.000ns
  Clock Uncertainty:    0.000ns

  Maximum Data Path: U_icon_pro/U0/U_ICON/U_CMD/G_TARGET[15].I_EQ0.U_TARGET to U_ila_pro_0/U0/I_NO_D.U_ILA/U_G2.U_CAPCTRL/I_SRLT_NE_1.U_NS1/I_NOLUT6.I_SRL_T2.I_YES_RPM.UG1_CFGLUT4
    Location             Delay type         Delay(ns)  Physical Resource
                                                       Logical Resource(s)
    -------------------------------------------------  -------------------
    SLICE_X12Y63.YQ      Tcko                  0.360   U_icon_pro/U0/U_ICON/iCORE_ID<3>
                                                       U_icon_pro/U0/U_ICON/U_CMD/G_TARGET[15].I_EQ0.U_TARGET
    SLICE_X13Y64.F1      net (fanout=4)        0.619   U_icon_pro/U0/U_ICON/iCORE_ID<3>
    SLICE_X13Y64.X       Tilo                  0.194   U_icon_pro/U0/U_ICON/U_CMD/iTARGET<11>
                                                       U_icon_pro/U0/U_ICON/U_CMD/U_CORE_ID_SEL/I4.FI[0].U_LUT
    SLICE_X8Y71.G3       net (fanout=9)        0.654   U_icon_pro/U0/U_ICON/iCORE_ID_SEL<0>
    SLICE_X8Y71.Y        Tilo                  0.195   U_ila_pro_0/U0/I_NO_D.U_ILA/U_TRIG/U_TM/G_NMU[0].U_M/U_MU/I_MUT_GANDX.U_match/I_SRL16.U_GANDX_SRL16/din_dly1<2>
                                                       U_icon_pro/U0/U_ICON/U_CTRL_OUT/F_NCP[0].F_CMD[5].U_LCE
    SLICE_X9Y128.G3      net (fanout=43)       2.424   icon_control0<9>
    SLICE_X9Y128.Y       Tilo                  0.194   U_ila_pro_0/U0/I_NO_D.U_ILA/U_G2.U_CAPCTRL/U_CAP_ADDRGEN/iSCNT<8>
                                                       U_ila_pro_0/U0/I_NO_D.U_ILA/U_G2.U_CAPCTRL/I_SRLT_NE_1.U_NS1/I_NOLUT6.I_SRL_T2.U_LUT
    SLICE_X8Y137.BY      net (fanout=1)        0.502   U_ila_pro_0/U0/I_NO_D.U_ILA/U_G2.U_CAPCTRL/I_SRLT_NE_1.U_NS1/iCFG_DIN
    SLICE_X8Y137.CLK     Tds                   0.296   U_ila_pro_0/U0/I_NO_D.U_ILA/U_G2.U_CAPCTRL/I_SRLT_NE_1.U_NS1/iCFG_DATA<2>
                                                       U_ila_pro_0/U0/I_NO_D.U_ILA/U_G2.U_CAPCTRL/I_SRLT_NE_1.U_NS1/I_NOLUT6.I_SRL_T2.I_YES_RPM.UG1_CFGLUT4
    -------------------------------------------------  ---------------------------
    Total                                      5.438ns (1.239ns logic, 4.199ns route)
                                                       (22.8% logic, 77.2% route)

--------------------------------------------------------------------------------

Hold Paths: TS_J_CLK = PERIOD TIMEGRP "J_CLK" 30 ns HIGH 50%;
--------------------------------------------------------------------------------

Paths for end point U_ila_pro_0/U0/I_NO_D.U_ILA/U_CAPSTOR/I_CASE1.I_NO_TB.I_RT1.U_RAM/G_BRAM[0].U_BRAM/ram_rt1_s1_s32_if.ram_rt1_s1_s32_i (RAMB16_X0Y7.ADDRA11), 1 path
--------------------------------------------------------------------------------
Slack (hold path):      0.310ns (requirement - (clock path skew + uncertainty - data path))
  Source:               U_ila_pro_0/U0/I_NO_D.U_ILA/U_CAPSTOR/I_CASE1.I_NO_TB.I_RT1.I_RDADDR/U_HC/G[11].U_FDRE (FF)
  Destination:          U_ila_pro_0/U0/I_NO_D.U_ILA/U_CAPSTOR/I_CASE1.I_NO_TB.I_RT1.U_RAM/G_BRAM[0].U_BRAM/ram_rt1_s1_s32_if.ram_rt1_s1_s32_i (RAM)
  Requirement:          0.000ns
  Data Path Delay:      0.310ns (Levels of Logic = 0)
  Clock Path Skew:      0.000ns
  Source Clock:         icon_control0<0> rising at 30.000ns
  Destination Clock:    icon_control0<0> rising at 30.000ns
  Clock Uncertainty:    0.000ns

  Minimum Data Path: U_ila_pro_0/U0/I_NO_D.U_ILA/U_CAPSTOR/I_CASE1.I_NO_TB.I_RT1.I_RDADDR/U_HC/G[11].U_FDRE to U_ila_pro_0/U0/I_NO_D.U_ILA/U_CAPSTOR/I_CASE1.I_NO_TB.I_RT1.U_RAM/G_BRAM[0].U_BRAM/ram_rt1_s1_s32_if.ram_rt1_s1_s32_i
    Location             Delay type         Delay(ns)  Physical Resource
                                                       Logical Resource(s)
    -------------------------------------------------  -------------------
    SLICE_X7Y60.YQ       Tcko                  0.313   U_ila_pro_0/U0/I_NO_D.U_ILA/U_CAPSTOR/RD_ADDR<10>
                                                       U_ila_pro_0/U0/I_NO_D.U_ILA/U_CAPSTOR/I_CASE1.I_NO_TB.I_RT1.I_RDADDR/U_HC/G[11].U_FDRE
    RAMB16_X0Y7.ADDRA11  net (fanout=2)        0.319   U_ila_pro_0/U0/I_NO_D.U_ILA/U_CAPSTOR/RD_ADDR<11>
    RAMB16_X0Y7.CLKA     Trckc_ADDRA (-Th)     0.322   U_ila_pro_0/U0/I_NO_D.U_ILA/U_CAPSTOR/I_CASE1.I_NO_TB.I_RT1.U_RAM/G_BRAM[0].U_BRAM/ram_rt1_s1_s32_if.ram_rt1_s1_s32_i
                                                       U_ila_pro_0/U0/I_NO_D.U_ILA/U_CAPSTOR/I_CASE1.I_NO_TB.I_RT1.U_RAM/G_BRAM[0].U_BRAM/ram_rt1_s1_s32_if.ram_rt1_s1_s32_i
    -------------------------------------------------  ---------------------------
    Total                                      0.310ns (-0.009ns logic, 0.319ns route)
                                                       (-2.9% logic, 102.9% route)

--------------------------------------------------------------------------------

Paths for end point U_ila_pro_0/U0/I_NO_D.U_ILA/U_CAPSTOR/I_CASE1.I_NO_TB.I_RT1.U_RAM/G_BRAM[0].U_BRAM/ram_rt1_s1_s32_if.ram_rt1_s1_s32_i (RAMB16_X0Y7.ADDRA3), 1 path
--------------------------------------------------------------------------------
Slack (hold path):      0.310ns (requirement - (clock path skew + uncertainty - data path))
  Source:               U_ila_pro_0/U0/I_NO_D.U_ILA/U_CAPSTOR/I_CASE1.I_NO_TB.I_RT1.I_RDADDR/U_HC/G[3].U_FDRE (FF)
  Destination:          U_ila_pro_0/U0/I_NO_D.U_ILA/U_CAPSTOR/I_CASE1.I_NO_TB.I_RT1.U_RAM/G_BRAM[0].U_BRAM/ram_rt1_s1_s32_if.ram_rt1_s1_s32_i (RAM)
  Requirement:          0.000ns
  Data Path Delay:      0.310ns (Levels of Logic = 0)
  Clock Path Skew:      0.000ns
  Source Clock:         icon_control0<0> rising at 30.000ns
  Destination Clock:    icon_control0<0> rising at 30.000ns
  Clock Uncertainty:    0.000ns

  Minimum Data Path: U_ila_pro_0/U0/I_NO_D.U_ILA/U_CAPSTOR/I_CASE1.I_NO_TB.I_RT1.I_RDADDR/U_HC/G[3].U_FDRE to U_ila_pro_0/U0/I_NO_D.U_ILA/U_CAPSTOR/I_CASE1.I_NO_TB.I_RT1.U_RAM/G_BRAM[0].U_BRAM/ram_rt1_s1_s32_if.ram_rt1_s1_s32_i
    Location             Delay type         Delay(ns)  Physical Resource
                                                       Logical Resource(s)
    -------------------------------------------------  -------------------
    SLICE_X7Y56.YQ       Tcko                  0.313   U_ila_pro_0/U0/I_NO_D.U_ILA/U_CAPSTOR/RD_ADDR<2>
                                                       U_ila_pro_0/U0/I_NO_D.U_ILA/U_CAPSTOR/I_CASE1.I_NO_TB.I_RT1.I_RDADDR/U_HC/G[3].U_FDRE
    RAMB16_X0Y7.ADDRA3   net (fanout=2)        0.319   U_ila_pro_0/U0/I_NO_D.U_ILA/U_CAPSTOR/RD_ADDR<3>
    RAMB16_X0Y7.CLKA     Trckc_ADDRA (-Th)     0.322   U_ila_pro_0/U0/I_NO_D.U_ILA/U_CAPSTOR/I_CASE1.I_NO_TB.I_RT1.U_RAM/G_BRAM[0].U_BRAM/ram_rt1_s1_s32_if.ram_rt1_s1_s32_i
                                                       U_ila_pro_0/U0/I_NO_D.U_ILA/U_CAPSTOR/I_CASE1.I_NO_TB.I_RT1.U_RAM/G_BRAM[0].U_BRAM/ram_rt1_s1_s32_if.ram_rt1_s1_s32_i
    -------------------------------------------------  ---------------------------
    Total                                      0.310ns (-0.009ns logic, 0.319ns route)
                                                       (-2.9% logic, 102.9% route)

--------------------------------------------------------------------------------

Paths for end point U_ila_pro_0/U0/I_NO_D.U_ILA/U_CAPSTOR/I_CASE1.I_NO_TB.I_RT1.U_RAM/G_BRAM[0].U_BRAM/ram_rt1_s1_s32_if.ram_rt1_s1_s32_i (RAMB16_X0Y7.ADDRA7), 1 path
--------------------------------------------------------------------------------
Slack (hold path):      0.310ns (requirement - (clock path skew + uncertainty - data path))
  Source:               U_ila_pro_0/U0/I_NO_D.U_ILA/U_CAPSTOR/I_CASE1.I_NO_TB.I_RT1.I_RDADDR/U_HC/G[7].U_FDRE (FF)
  Destination:          U_ila_pro_0/U0/I_NO_D.U_ILA/U_CAPSTOR/I_CASE1.I_NO_TB.I_RT1.U_RAM/G_BRAM[0].U_BRAM/ram_rt1_s1_s32_if.ram_rt1_s1_s32_i (RAM)
  Requirement:          0.000ns
  Data Path Delay:      0.310ns (Levels of Logic = 0)
  Clock Path Skew:      0.000ns
  Source Clock:         icon_control0<0> rising at 30.000ns
  Destination Clock:    icon_control0<0> rising at 30.000ns
  Clock Uncertainty:    0.000ns

  Minimum Data Path: U_ila_pro_0/U0/I_NO_D.U_ILA/U_CAPSTOR/I_CASE1.I_NO_TB.I_RT1.I_RDADDR/U_HC/G[7].U_FDRE to U_ila_pro_0/U0/I_NO_D.U_ILA/U_CAPSTOR/I_CASE1.I_NO_TB.I_RT1.U_RAM/G_BRAM[0].U_BRAM/ram_rt1_s1_s32_if.ram_rt1_s1_s32_i
    Location             Delay type         Delay(ns)  Physical Resource
                                                       Logical Resource(s)
    -------------------------------------------------  -------------------
    SLICE_X7Y58.YQ       Tcko                  0.313   U_ila_pro_0/U0/I_NO_D.U_ILA/U_CAPSTOR/RD_ADDR<6>
                                                       U_ila_pro_0/U0/I_NO_D.U_ILA/U_CAPSTOR/I_CASE1.I_NO_TB.I_RT1.I_RDADDR/U_HC/G[7].U_FDRE
    RAMB16_X0Y7.ADDRA7   net (fanout=2)        0.319   U_ila_pro_0/U0/I_NO_D.U_ILA/U_CAPSTOR/RD_ADDR<7>
    RAMB16_X0Y7.CLKA     Trckc_ADDRA (-Th)     0.322   U_ila_pro_0/U0/I_NO_D.U_ILA/U_CAPSTOR/I_CASE1.I_NO_TB.I_RT1.U_RAM/G_BRAM[0].U_BRAM/ram_rt1_s1_s32_if.ram_rt1_s1_s32_i
                                                       U_ila_pro_0/U0/I_NO_D.U_ILA/U_CAPSTOR/I_CASE1.I_NO_TB.I_RT1.U_RAM/G_BRAM[0].U_BRAM/ram_rt1_s1_s32_if.ram_rt1_s1_s32_i
    -------------------------------------------------  ---------------------------
    Total                                      0.310ns (-0.009ns logic, 0.319ns route)
                                                       (-2.9% logic, 102.9% route)

--------------------------------------------------------------------------------

Component Switching Limit Checks: TS_J_CLK = PERIOD TIMEGRP "J_CLK" 30 ns HIGH 50%;
--------------------------------------------------------------------------------
Slack: 27.500ns (period - min period limit)
  Period: 30.000ns
  Min period limit: 2.500ns (400.000MHz) (Trper_CLKA)
  Physical resource: U_ila_pro_0/U0/I_NO_D.U_ILA/U_CAPSTOR/I_CASE1.I_NO_TB.I_RT1.U_RAM/G_BRAM[0].U_BRAM/ram_rt1_s1_s32_if.ram_rt1_s1_s32_i/CLKA
  Logical resource: U_ila_pro_0/U0/I_NO_D.U_ILA/U_CAPSTOR/I_CASE1.I_NO_TB.I_RT1.U_RAM/G_BRAM[0].U_BRAM/ram_rt1_s1_s32_if.ram_rt1_s1_s32_i/CLKA
  Location pin: RAMB16_X0Y7.CLKA
  Clock network: icon_control0<0>
--------------------------------------------------------------------------------
Slack: 28.600ns (period - (min low pulse limit / (low pulse / period)))
  Period: 30.000ns
  Low pulse: 15.000ns
  Low pulse limit: 0.700ns (Twpl)
  Physical resource: U_ila_pro_0/U0/I_NO_D.U_ILA/U_G2.U_CAPCTRL/cfg_data<3>/CLK
  Logical resource: U_ila_pro_0/U0/I_NO_D.U_ILA/U_G2.U_CAPCTRL/I_SRLT_NE_1.U_SCRST/I_NOLUT6.I_SRL_T2.I_YES_RPM.UF_cs_cfglut4/WS
  Location pin: SLICE_X4Y133.CLK
  Clock network: icon_control0<0>
--------------------------------------------------------------------------------
Slack: 28.600ns (period - (min low pulse limit / (low pulse / period)))
  Period: 30.000ns
  Low pulse: 15.000ns
  Low pulse limit: 0.700ns (Twpl)
  Physical resource: U_ila_pro_0/U0/I_NO_D.U_ILA/U_G2.U_CAPCTRL/cfg_data<3>/CLK
  Logical resource: U_ila_pro_0/U0/I_NO_D.U_ILA/U_G2.U_CAPCTRL/I_SRLT_NE_1.U_SCRST/I_NOLUT6.I_SRL_T2.I_YES_RPM.UG_cs_cfglut4/WS
  Location pin: SLICE_X4Y133.CLK
  Clock network: icon_control0<0>
--------------------------------------------------------------------------------

================================================================================
Timing constraint: TS_U_TO_J = MAXDELAY FROM TIMEGRP "U_CLK" TO TIMEGRP "J_CLK" 
15 ns;
For more information, see From:To (Multicycle) Analysis in the Timing Closure User Guide (UG612).

 18 paths analyzed, 18 endpoints analyzed, 0 failing endpoints
 0 timing errors detected. (0 setup errors, 0 hold errors)
 Maximum delay is   3.279ns.
--------------------------------------------------------------------------------

Paths for end point U_icon_pro/U0/U_ICON/U_CMD/G_TARGET[10].I_NE0.U_TARGET (SLICE_X11Y63.CE), 1 path
--------------------------------------------------------------------------------
Slack (setup paths):    11.721ns (requirement - (data path - clock path skew + uncertainty))
  Source:               U_icon_pro/U0/U_ICON/U_iDATA_CMD (FF)
  Destination:          U_icon_pro/U0/U_ICON/U_CMD/G_TARGET[10].I_NE0.U_TARGET (FF)
  Requirement:          15.000ns
  Data Path Delay:      3.279ns (Levels of Logic = 1)
  Clock Path Skew:      0.000ns
  Source Clock:         U_icon_pro/U0/iUPDATE_OUT rising
  Destination Clock:    icon_control0<0> rising at 0.000ns
  Clock Uncertainty:    0.000ns

  Maximum Data Path: U_icon_pro/U0/U_ICON/U_iDATA_CMD to U_icon_pro/U0/U_ICON/U_CMD/G_TARGET[10].I_NE0.U_TARGET
    Location             Delay type         Delay(ns)  Physical Resource
                                                       Logical Resource(s)
    -------------------------------------------------  -------------------
    SLICE_X27Y79.YQ      Tcko                  0.340   U_icon_pro/U0/U_ICON/iDATA_CMD
                                                       U_icon_pro/U0/U_ICON/U_iDATA_CMD
    SLICE_X14Y70.G1      net (fanout=7)        1.317   U_icon_pro/U0/U_ICON/iDATA_CMD
    SLICE_X14Y70.Y       Tilo                  0.195   U_icon_pro/U0/U_ICON/U_CMD/iTARGET_CE
                                                       U_icon_pro/U0/U_ICON/U_CMD/U_TARGET_CE
    SLICE_X11Y63.CE      net (fanout=7)        0.874   U_icon_pro/U0/U_ICON/U_CMD/iTARGET_CE
    SLICE_X11Y63.CLK     Tceck                 0.553   U_icon_pro/U0/U_ICON/U_CMD/iTARGET<10>
                                                       U_icon_pro/U0/U_ICON/U_CMD/G_TARGET[10].I_NE0.U_TARGET
    -------------------------------------------------  ---------------------------
    Total                                      3.279ns (1.088ns logic, 2.191ns route)
                                                       (33.2% logic, 66.8% route)

--------------------------------------------------------------------------------

Paths for end point U_icon_pro/U0/U_ICON/U_CMD/G_TARGET[9].I_NE0.U_TARGET (SLICE_X11Y63.CE), 1 path
--------------------------------------------------------------------------------
Slack (setup paths):    11.721ns (requirement - (data path - clock path skew + uncertainty))
  Source:               U_icon_pro/U0/U_ICON/U_iDATA_CMD (FF)
  Destination:          U_icon_pro/U0/U_ICON/U_CMD/G_TARGET[9].I_NE0.U_TARGET (FF)
  Requirement:          15.000ns
  Data Path Delay:      3.279ns (Levels of Logic = 1)
  Clock Path Skew:      0.000ns
  Source Clock:         U_icon_pro/U0/iUPDATE_OUT rising
  Destination Clock:    icon_control0<0> rising at 0.000ns
  Clock Uncertainty:    0.000ns

  Maximum Data Path: U_icon_pro/U0/U_ICON/U_iDATA_CMD to U_icon_pro/U0/U_ICON/U_CMD/G_TARGET[9].I_NE0.U_TARGET
    Location             Delay type         Delay(ns)  Physical Resource
                                                       Logical Resource(s)
    -------------------------------------------------  -------------------
    SLICE_X27Y79.YQ      Tcko                  0.340   U_icon_pro/U0/U_ICON/iDATA_CMD
                                                       U_icon_pro/U0/U_ICON/U_iDATA_CMD
    SLICE_X14Y70.G1      net (fanout=7)        1.317   U_icon_pro/U0/U_ICON/iDATA_CMD
    SLICE_X14Y70.Y       Tilo                  0.195   U_icon_pro/U0/U_ICON/U_CMD/iTARGET_CE
                                                       U_icon_pro/U0/U_ICON/U_CMD/U_TARGET_CE
    SLICE_X11Y63.CE      net (fanout=7)        0.874   U_icon_pro/U0/U_ICON/U_CMD/iTARGET_CE
    SLICE_X11Y63.CLK     Tceck                 0.553   U_icon_pro/U0/U_ICON/U_CMD/iTARGET<10>
                                                       U_icon_pro/U0/U_ICON/U_CMD/G_TARGET[9].I_NE0.U_TARGET
    -------------------------------------------------  ---------------------------
    Total                                      3.279ns (1.088ns logic, 2.191ns route)
                                                       (33.2% logic, 66.8% route)

--------------------------------------------------------------------------------

Paths for end point U_icon_pro/U0/U_ICON/U_CMD/G_TARGET[12].I_NE0.U_TARGET (SLICE_X12Y65.CE), 1 path
--------------------------------------------------------------------------------
Slack (setup paths):    11.737ns (requirement - (data path - clock path skew + uncertainty))
  Source:               U_icon_pro/U0/U_ICON/U_iDATA_CMD (FF)
  Destination:          U_icon_pro/U0/U_ICON/U_CMD/G_TARGET[12].I_NE0.U_TARGET (FF)
  Requirement:          15.000ns
  Data Path Delay:      3.263ns (Levels of Logic = 1)
  Clock Path Skew:      0.000ns
  Source Clock:         U_icon_pro/U0/iUPDATE_OUT rising
  Destination Clock:    icon_control0<0> rising at 0.000ns
  Clock Uncertainty:    0.000ns

  Maximum Data Path: U_icon_pro/U0/U_ICON/U_iDATA_CMD to U_icon_pro/U0/U_ICON/U_CMD/G_TARGET[12].I_NE0.U_TARGET
    Location             Delay type         Delay(ns)  Physical Resource
                                                       Logical Resource(s)
    -------------------------------------------------  -------------------
    SLICE_X27Y79.YQ      Tcko                  0.340   U_icon_pro/U0/U_ICON/iDATA_CMD
                                                       U_icon_pro/U0/U_ICON/U_iDATA_CMD
    SLICE_X14Y70.G1      net (fanout=7)        1.317   U_icon_pro/U0/U_ICON/iDATA_CMD
    SLICE_X14Y70.Y       Tilo                  0.195   U_icon_pro/U0/U_ICON/U_CMD/iTARGET_CE
                                                       U_icon_pro/U0/U_ICON/U_CMD/U_TARGET_CE
    SLICE_X12Y65.CE      net (fanout=7)        0.857   U_icon_pro/U0/U_ICON/U_CMD/iTARGET_CE
    SLICE_X12Y65.CLK     Tceck                 0.554   U_icon_pro/U0/U_ICON/iCORE_ID<0>
                                                       U_icon_pro/U0/U_ICON/U_CMD/G_TARGET[12].I_NE0.U_TARGET
    -------------------------------------------------  ---------------------------
    Total                                      3.263ns (1.089ns logic, 2.174ns route)
                                                       (33.4% logic, 66.6% route)

--------------------------------------------------------------------------------

Fastest Paths: TS_U_TO_J = MAXDELAY FROM TIMEGRP "U_CLK" TO TIMEGRP "J_CLK" 15 ns;
--------------------------------------------------------------------------------

Paths for end point U_icon_pro/U0/U_ICON/U_SYNC/G_SYNC_WORD[4].I_NE0.U_FDR (SLICE_X23Y75.SR), 1 path
--------------------------------------------------------------------------------
Slack (hold path):      1.279ns (requirement - (clock path skew + uncertainty - data path))
  Source:               U_icon_pro/U0/U_ICON/U_iDATA_CMD (FF)
  Destination:          U_icon_pro/U0/U_ICON/U_SYNC/G_SYNC_WORD[4].I_NE0.U_FDR (FF)
  Requirement:          0.000ns
  Data Path Delay:      1.279ns (Levels of Logic = 0)
  Clock Path Skew:      0.000ns
  Source Clock:         U_icon_pro/U0/iUPDATE_OUT rising
  Destination Clock:    icon_control0<0> rising at 0.000ns
  Clock Uncertainty:    0.000ns

  Minimum Data Path: U_icon_pro/U0/U_ICON/U_iDATA_CMD to U_icon_pro/U0/U_ICON/U_SYNC/G_SYNC_WORD[4].I_NE0.U_FDR
    Location             Delay type         Delay(ns)  Physical Resource
                                                       Logical Resource(s)
    -------------------------------------------------  -------------------
    SLICE_X27Y79.YQ      Tcko                  0.313   U_icon_pro/U0/U_ICON/iDATA_CMD
                                                       U_icon_pro/U0/U_ICON/U_iDATA_CMD
    SLICE_X23Y75.SR      net (fanout=7)        0.645   U_icon_pro/U0/U_ICON/iDATA_CMD
    SLICE_X23Y75.CLK     Tcksr       (-Th)    -0.321   U_icon_pro/U0/U_ICON/U_SYNC/iSYNC_WORD<4>
                                                       U_icon_pro/U0/U_ICON/U_SYNC/G_SYNC_WORD[4].I_NE0.U_FDR
    -------------------------------------------------  ---------------------------
    Total                                      1.279ns (0.634ns logic, 0.645ns route)
                                                       (49.6% logic, 50.4% route)

--------------------------------------------------------------------------------

Paths for end point U_icon_pro/U0/U_ICON/U_SYNC/G_SYNC_WORD[1].I_NE0.U_FDR (SLICE_X23Y75.SR), 1 path
--------------------------------------------------------------------------------
Slack (hold path):      1.279ns (requirement - (clock path skew + uncertainty - data path))
  Source:               U_icon_pro/U0/U_ICON/U_iDATA_CMD (FF)
  Destination:          U_icon_pro/U0/U_ICON/U_SYNC/G_SYNC_WORD[1].I_NE0.U_FDR (FF)
  Requirement:          0.000ns
  Data Path Delay:      1.279ns (Levels of Logic = 0)
  Clock Path Skew:      0.000ns
  Source Clock:         U_icon_pro/U0/iUPDATE_OUT rising
  Destination Clock:    icon_control0<0> rising at 0.000ns
  Clock Uncertainty:    0.000ns

  Minimum Data Path: U_icon_pro/U0/U_ICON/U_iDATA_CMD to U_icon_pro/U0/U_ICON/U_SYNC/G_SYNC_WORD[1].I_NE0.U_FDR
    Location             Delay type         Delay(ns)  Physical Resource
                                                       Logical Resource(s)
    -------------------------------------------------  -------------------
    SLICE_X27Y79.YQ      Tcko                  0.313   U_icon_pro/U0/U_ICON/iDATA_CMD
                                                       U_icon_pro/U0/U_ICON/U_iDATA_CMD
    SLICE_X23Y75.SR      net (fanout=7)        0.645   U_icon_pro/U0/U_ICON/iDATA_CMD
    SLICE_X23Y75.CLK     Tcksr       (-Th)    -0.321   U_icon_pro/U0/U_ICON/U_SYNC/iSYNC_WORD<4>
                                                       U_icon_pro/U0/U_ICON/U_SYNC/G_SYNC_WORD[1].I_NE0.U_FDR
    -------------------------------------------------  ---------------------------
    Total                                      1.279ns (0.634ns logic, 0.645ns route)
                                                       (49.6% logic, 50.4% route)

--------------------------------------------------------------------------------

Paths for end point U_icon_pro/U0/U_ICON/U_SYNC/G_SYNC_WORD[6].I_EQ0.U_FDR (SLICE_X20Y74.SR), 1 path
--------------------------------------------------------------------------------
Slack (hold path):      1.535ns (requirement - (clock path skew + uncertainty - data path))
  Source:               U_icon_pro/U0/U_ICON/U_iDATA_CMD (FF)
  Destination:          U_icon_pro/U0/U_ICON/U_SYNC/G_SYNC_WORD[6].I_EQ0.U_FDR (FF)
  Requirement:          0.000ns
  Data Path Delay:      1.535ns (Levels of Logic = 0)
  Clock Path Skew:      0.000ns
  Source Clock:         U_icon_pro/U0/iUPDATE_OUT rising
  Destination Clock:    icon_control0<0> rising at 0.000ns
  Clock Uncertainty:    0.000ns

  Minimum Data Path: U_icon_pro/U0/U_ICON/U_iDATA_CMD to U_icon_pro/U0/U_ICON/U_SYNC/G_SYNC_WORD[6].I_EQ0.U_FDR
    Location             Delay type         Delay(ns)  Physical Resource
                                                       Logical Resource(s)
    -------------------------------------------------  -------------------
    SLICE_X27Y79.YQ      Tcko                  0.313   U_icon_pro/U0/U_ICON/iDATA_CMD
                                                       U_icon_pro/U0/U_ICON/U_iDATA_CMD
    SLICE_X20Y74.SR      net (fanout=7)        0.709   U_icon_pro/U0/U_ICON/iDATA_CMD
    SLICE_X20Y74.CLK     Tcksr       (-Th)    -0.513   U_icon_pro/U0/U_ICON/U_SYNC/iSYNC_WORD<6>
                                                       U_icon_pro/U0/U_ICON/U_SYNC/G_SYNC_WORD[6].I_EQ0.U_FDR
    -------------------------------------------------  ---------------------------
    Total                                      1.535ns (0.826ns logic, 0.709ns route)
                                                       (53.8% logic, 46.2% route)

--------------------------------------------------------------------------------

================================================================================
Timing constraint: TS_U_TO_U = MAXDELAY FROM TIMEGRP "U_CLK" TO TIMEGRP "U_CLK" 
15 ns;
For more information, see From:To (Multicycle) Analysis in the Timing Closure User Guide (UG612).

 1 path analyzed, 1 endpoint analyzed, 0 failing endpoints
 0 timing errors detected. (0 setup errors, 0 hold errors)
 Maximum delay is   1.133ns.
--------------------------------------------------------------------------------

Paths for end point U_icon_pro/U0/U_ICON/U_iDATA_CMD (SLICE_X27Y79.BY), 1 path
--------------------------------------------------------------------------------
Slack (setup paths):    13.867ns (requirement - (data path - clock path skew + uncertainty))
  Source:               U_icon_pro/U0/U_ICON/U_iDATA_CMD (FF)
  Destination:          U_icon_pro/U0/U_ICON/U_iDATA_CMD (FF)
  Requirement:          15.000ns
  Data Path Delay:      1.133ns (Levels of Logic = 0)
  Clock Path Skew:      0.000ns
  Source Clock:         U_icon_pro/U0/iUPDATE_OUT rising
  Destination Clock:    U_icon_pro/U0/iUPDATE_OUT rising
  Clock Uncertainty:    0.000ns

  Maximum Data Path: U_icon_pro/U0/U_ICON/U_iDATA_CMD to U_icon_pro/U0/U_ICON/U_iDATA_CMD
    Location             Delay type         Delay(ns)  Physical Resource
                                                       Logical Resource(s)
    -------------------------------------------------  -------------------
    SLICE_X27Y79.YQ      Tcko                  0.340   U_icon_pro/U0/U_ICON/iDATA_CMD
                                                       U_icon_pro/U0/U_ICON/U_iDATA_CMD
    SLICE_X27Y79.BY      net (fanout=7)        0.532   U_icon_pro/U0/U_ICON/iDATA_CMD
    SLICE_X27Y79.CLK     Tdick                 0.261   U_icon_pro/U0/U_ICON/iDATA_CMD
                                                       U_icon_pro/U0/U_ICON/U_iDATA_CMD
    -------------------------------------------------  ---------------------------
    Total                                      1.133ns (0.601ns logic, 0.532ns route)
                                                       (53.0% logic, 47.0% route)

--------------------------------------------------------------------------------

Fastest Paths: TS_U_TO_U = MAXDELAY FROM TIMEGRP "U_CLK" TO TIMEGRP "U_CLK" 15 ns;
--------------------------------------------------------------------------------

Paths for end point U_icon_pro/U0/U_ICON/U_iDATA_CMD (SLICE_X27Y79.BY), 1 path
--------------------------------------------------------------------------------
Slack (hold path):      0.706ns (requirement - (clock path skew + uncertainty - data path))
  Source:               U_icon_pro/U0/U_ICON/U_iDATA_CMD (FF)
  Destination:          U_icon_pro/U0/U_ICON/U_iDATA_CMD (FF)
  Requirement:          0.000ns
  Data Path Delay:      0.706ns (Levels of Logic = 0)
  Clock Path Skew:      0.000ns
  Source Clock:         U_icon_pro/U0/iUPDATE_OUT rising
  Destination Clock:    U_icon_pro/U0/iUPDATE_OUT rising
  Clock Uncertainty:    0.000ns

  Minimum Data Path: U_icon_pro/U0/U_ICON/U_iDATA_CMD to U_icon_pro/U0/U_ICON/U_iDATA_CMD
    Location             Delay type         Delay(ns)  Physical Resource
                                                       Logical Resource(s)
    -------------------------------------------------  -------------------
    SLICE_X27Y79.YQ      Tcko                  0.313   U_icon_pro/U0/U_ICON/iDATA_CMD
                                                       U_icon_pro/U0/U_ICON/U_iDATA_CMD
    SLICE_X27Y79.BY      net (fanout=7)        0.490   U_icon_pro/U0/U_ICON/iDATA_CMD
    SLICE_X27Y79.CLK     Tckdi       (-Th)     0.097   U_icon_pro/U0/U_ICON/iDATA_CMD
                                                       U_icon_pro/U0/U_ICON/U_iDATA_CMD
    -------------------------------------------------  ---------------------------
    Total                                      0.706ns (0.216ns logic, 0.490ns route)
                                                       (30.6% logic, 69.4% route)

--------------------------------------------------------------------------------

================================================================================
Timing constraint: PATH "TS_J_TO_D_path" TIG;

 82 paths analyzed, 57 endpoints analyzed, 0 failing endpoints
 0 timing errors detected. (0 setup errors, 0 hold errors)
--------------------------------------------------------------------------------

Paths for end point U_ila_pro_0/U0/I_NO_D.U_ILA/U_G2.U_CAPCTRL/U_WCNT_HCMP_Q (SLICE_X8Y94.SR), 2 paths
--------------------------------------------------------------------------------
Delay (setup path):     5.579ns (data path - clock path skew + uncertainty)
  Source:               U_ila_pro_0/U0/I_NO_D.U_ILA/U_G2.U_CAPCTRL/I_SRLT_NE_1.U_CMPRESET/I_NOLUT6.I_SRL_T2.I_YES_RPM.UG_cs_cfglut4 (FF)
  Destination:          U_ila_pro_0/U0/I_NO_D.U_ILA/U_G2.U_CAPCTRL/U_WCNT_HCMP_Q (FF)
  Data Path Delay:      5.539ns (Levels of Logic = 0)
  Clock Path Skew:      0.000ns
  Source Clock:         icon_control0<0> rising
  Destination Clock:    GMII_RXCLK rising
  Clock Uncertainty:    0.040ns

  Clock Uncertainty:          0.040ns  ((TSJ^2 + TIJ^2)^1/2 + DJ) / 2 + PE
    Total System Jitter (TSJ):  0.000ns
    Total Input Jitter (TIJ):   0.080ns
    Discrete Jitter (DJ):       0.000ns
    Phase Error (PE):           0.000ns

  Maximum Data Path: U_ila_pro_0/U0/I_NO_D.U_ILA/U_G2.U_CAPCTRL/I_SRLT_NE_1.U_CMPRESET/I_NOLUT6.I_SRL_T2.I_YES_RPM.UG_cs_cfglut4 to U_ila_pro_0/U0/I_NO_D.U_ILA/U_G2.U_CAPCTRL/U_WCNT_HCMP_Q
    Location             Delay type         Delay(ns)  Physical Resource
                                                       Logical Resource(s)
    -------------------------------------------------  -------------------
    SLICE_X8Y133.XMUX    Treg                  2.568   U_ila_pro_0/U0/I_NO_D.U_ILA/U_G2.U_CAPCTRL/cfg_data<6>
                                                       U_ila_pro_0/U0/I_NO_D.U_ILA/U_G2.U_CAPCTRL/I_SRLT_NE_1.U_CMPRESET/I_NOLUT6.I_SRL_T2.I_YES_RPM.UF_cs_cfglut4.CE
                                                       U_ila_pro_0/U0/I_NO_D.U_ILA/U_G2.U_CAPCTRL/I_SRLT_NE_1.U_CMPRESET/I_NOLUT6.I_SRL_T2.I_YES_RPM.UG_cs_cfglut4
                                                       U_ila_pro_0/U0/I_NO_D.U_ILA/U_G2.U_CAPCTRL/I_SRLT_NE_1.U_CMPRESET/I_NOLUT6.I_SRL_T2.I_YES_RPM.I_NO_OREG.U_MUXF5
    SLICE_X8Y94.SR       net (fanout=3)        1.814   U_ila_pro_0/U0/I_NO_D.U_ILA/U_G2.U_CAPCTRL/CMP_RESET
    SLICE_X8Y94.CLK      Tsrck                 1.157   U_ila_pro_0/U0/I_NO_D.U_ILA/U_G2.U_CAPCTRL/WCNT_HCMP_Q
                                                       U_ila_pro_0/U0/I_NO_D.U_ILA/U_G2.U_CAPCTRL/U_WCNT_HCMP_Q
    -------------------------------------------------  ---------------------------
    Total                                      5.539ns (3.725ns logic, 1.814ns route)
                                                       (67.3% logic, 32.7% route)

--------------------------------------------------------------------------------
Delay (setup path):     5.574ns (data path - clock path skew + uncertainty)
  Source:               U_ila_pro_0/U0/I_NO_D.U_ILA/U_G2.U_CAPCTRL/I_SRLT_NE_1.U_CMPRESET/I_NOLUT6.I_SRL_T2.I_YES_RPM.UF_cs_cfglut4 (FF)
  Destination:          U_ila_pro_0/U0/I_NO_D.U_ILA/U_G2.U_CAPCTRL/U_WCNT_HCMP_Q (FF)
  Data Path Delay:      5.534ns (Levels of Logic = 0)
  Clock Path Skew:      0.000ns
  Source Clock:         icon_control0<0> rising
  Destination Clock:    GMII_RXCLK rising
  Clock Uncertainty:    0.040ns

  Clock Uncertainty:          0.040ns  ((TSJ^2 + TIJ^2)^1/2 + DJ) / 2 + PE
    Total System Jitter (TSJ):  0.000ns
    Total Input Jitter (TIJ):   0.080ns
    Discrete Jitter (DJ):       0.000ns
    Phase Error (PE):           0.000ns

  Maximum Data Path: U_ila_pro_0/U0/I_NO_D.U_ILA/U_G2.U_CAPCTRL/I_SRLT_NE_1.U_CMPRESET/I_NOLUT6.I_SRL_T2.I_YES_RPM.UF_cs_cfglut4 to U_ila_pro_0/U0/I_NO_D.U_ILA/U_G2.U_CAPCTRL/U_WCNT_HCMP_Q
    Location             Delay type         Delay(ns)  Physical Resource
                                                       Logical Resource(s)
    -------------------------------------------------  -------------------
    SLICE_X8Y133.XMUX    Treg                  2.563   U_ila_pro_0/U0/I_NO_D.U_ILA/U_G2.U_CAPCTRL/cfg_data<6>
                                                       U_ila_pro_0/U0/I_NO_D.U_ILA/U_G2.U_CAPCTRL/I_SRLT_NE_1.U_CMPRESET/I_NOLUT6.I_SRL_T2.I_YES_RPM.UF_cs_cfglut4.CE
                                                       U_ila_pro_0/U0/I_NO_D.U_ILA/U_G2.U_CAPCTRL/I_SRLT_NE_1.U_CMPRESET/I_NOLUT6.I_SRL_T2.I_YES_RPM.UF_cs_cfglut4
                                                       U_ila_pro_0/U0/I_NO_D.U_ILA/U_G2.U_CAPCTRL/I_SRLT_NE_1.U_CMPRESET/I_NOLUT6.I_SRL_T2.I_YES_RPM.I_NO_OREG.U_MUXF5
    SLICE_X8Y94.SR       net (fanout=3)        1.814   U_ila_pro_0/U0/I_NO_D.U_ILA/U_G2.U_CAPCTRL/CMP_RESET
    SLICE_X8Y94.CLK      Tsrck                 1.157   U_ila_pro_0/U0/I_NO_D.U_ILA/U_G2.U_CAPCTRL/WCNT_HCMP_Q
                                                       U_ila_pro_0/U0/I_NO_D.U_ILA/U_G2.U_CAPCTRL/U_WCNT_HCMP_Q
    -------------------------------------------------  ---------------------------
    Total                                      5.534ns (3.720ns logic, 1.814ns route)
                                                       (67.2% logic, 32.8% route)

--------------------------------------------------------------------------------

Paths for end point U_ila_pro_0/U0/I_NO_D.U_ILA/U_G2.U_CAPCTRL/U_SCNT_CMP_Q (SLICE_X8Y131.SR), 2 paths
--------------------------------------------------------------------------------
Delay (setup path):     5.126ns (data path - clock path skew + uncertainty)
  Source:               U_ila_pro_0/U0/I_NO_D.U_ILA/U_G2.U_CAPCTRL/I_SRLT_NE_1.U_CMPRESET/I_NOLUT6.I_SRL_T2.I_YES_RPM.UG_cs_cfglut4 (FF)
  Destination:          U_ila_pro_0/U0/I_NO_D.U_ILA/U_G2.U_CAPCTRL/U_SCNT_CMP_Q (FF)
  Data Path Delay:      5.086ns (Levels of Logic = 0)
  Clock Path Skew:      0.000ns
  Source Clock:         icon_control0<0> rising
  Destination Clock:    GMII_RXCLK rising
  Clock Uncertainty:    0.040ns

  Clock Uncertainty:          0.040ns  ((TSJ^2 + TIJ^2)^1/2 + DJ) / 2 + PE
    Total System Jitter (TSJ):  0.000ns
    Total Input Jitter (TIJ):   0.080ns
    Discrete Jitter (DJ):       0.000ns
    Phase Error (PE):           0.000ns

  Maximum Data Path: U_ila_pro_0/U0/I_NO_D.U_ILA/U_G2.U_CAPCTRL/I_SRLT_NE_1.U_CMPRESET/I_NOLUT6.I_SRL_T2.I_YES_RPM.UG_cs_cfglut4 to U_ila_pro_0/U0/I_NO_D.U_ILA/U_G2.U_CAPCTRL/U_SCNT_CMP_Q
    Location             Delay type         Delay(ns)  Physical Resource
                                                       Logical Resource(s)
    -------------------------------------------------  -------------------
    SLICE_X8Y133.XMUX    Treg                  2.568   U_ila_pro_0/U0/I_NO_D.U_ILA/U_G2.U_CAPCTRL/cfg_data<6>
                                                       U_ila_pro_0/U0/I_NO_D.U_ILA/U_G2.U_CAPCTRL/I_SRLT_NE_1.U_CMPRESET/I_NOLUT6.I_SRL_T2.I_YES_RPM.UF_cs_cfglut4.CE
                                                       U_ila_pro_0/U0/I_NO_D.U_ILA/U_G2.U_CAPCTRL/I_SRLT_NE_1.U_CMPRESET/I_NOLUT6.I_SRL_T2.I_YES_RPM.UG_cs_cfglut4
                                                       U_ila_pro_0/U0/I_NO_D.U_ILA/U_G2.U_CAPCTRL/I_SRLT_NE_1.U_CMPRESET/I_NOLUT6.I_SRL_T2.I_YES_RPM.I_NO_OREG.U_MUXF5
    SLICE_X8Y131.SR      net (fanout=3)        1.361   U_ila_pro_0/U0/I_NO_D.U_ILA/U_G2.U_CAPCTRL/CMP_RESET
    SLICE_X8Y131.CLK     Tsrck                 1.157   U_ila_pro_0/U0/I_NO_D.U_ILA/U_G2.U_CAPCTRL/SCNT_CMP_Q
                                                       U_ila_pro_0/U0/I_NO_D.U_ILA/U_G2.U_CAPCTRL/U_SCNT_CMP_Q
    -------------------------------------------------  ---------------------------
    Total                                      5.086ns (3.725ns logic, 1.361ns route)
                                                       (73.2% logic, 26.8% route)

--------------------------------------------------------------------------------
Delay (setup path):     5.121ns (data path - clock path skew + uncertainty)
  Source:               U_ila_pro_0/U0/I_NO_D.U_ILA/U_G2.U_CAPCTRL/I_SRLT_NE_1.U_CMPRESET/I_NOLUT6.I_SRL_T2.I_YES_RPM.UF_cs_cfglut4 (FF)
  Destination:          U_ila_pro_0/U0/I_NO_D.U_ILA/U_G2.U_CAPCTRL/U_SCNT_CMP_Q (FF)
  Data Path Delay:      5.081ns (Levels of Logic = 0)
  Clock Path Skew:      0.000ns
  Source Clock:         icon_control0<0> rising
  Destination Clock:    GMII_RXCLK rising
  Clock Uncertainty:    0.040ns

  Clock Uncertainty:          0.040ns  ((TSJ^2 + TIJ^2)^1/2 + DJ) / 2 + PE
    Total System Jitter (TSJ):  0.000ns
    Total Input Jitter (TIJ):   0.080ns
    Discrete Jitter (DJ):       0.000ns
    Phase Error (PE):           0.000ns

  Maximum Data Path: U_ila_pro_0/U0/I_NO_D.U_ILA/U_G2.U_CAPCTRL/I_SRLT_NE_1.U_CMPRESET/I_NOLUT6.I_SRL_T2.I_YES_RPM.UF_cs_cfglut4 to U_ila_pro_0/U0/I_NO_D.U_ILA/U_G2.U_CAPCTRL/U_SCNT_CMP_Q
    Location             Delay type         Delay(ns)  Physical Resource
                                                       Logical Resource(s)
    -------------------------------------------------  -------------------
    SLICE_X8Y133.XMUX    Treg                  2.563   U_ila_pro_0/U0/I_NO_D.U_ILA/U_G2.U_CAPCTRL/cfg_data<6>
                                                       U_ila_pro_0/U0/I_NO_D.U_ILA/U_G2.U_CAPCTRL/I_SRLT_NE_1.U_CMPRESET/I_NOLUT6.I_SRL_T2.I_YES_RPM.UF_cs_cfglut4.CE
                                                       U_ila_pro_0/U0/I_NO_D.U_ILA/U_G2.U_CAPCTRL/I_SRLT_NE_1.U_CMPRESET/I_NOLUT6.I_SRL_T2.I_YES_RPM.UF_cs_cfglut4
                                                       U_ila_pro_0/U0/I_NO_D.U_ILA/U_G2.U_CAPCTRL/I_SRLT_NE_1.U_CMPRESET/I_NOLUT6.I_SRL_T2.I_YES_RPM.I_NO_OREG.U_MUXF5
    SLICE_X8Y131.SR      net (fanout=3)        1.361   U_ila_pro_0/U0/I_NO_D.U_ILA/U_G2.U_CAPCTRL/CMP_RESET
    SLICE_X8Y131.CLK     Tsrck                 1.157   U_ila_pro_0/U0/I_NO_D.U_ILA/U_G2.U_CAPCTRL/SCNT_CMP_Q
                                                       U_ila_pro_0/U0/I_NO_D.U_ILA/U_G2.U_CAPCTRL/U_SCNT_CMP_Q
    -------------------------------------------------  ---------------------------
    Total                                      5.081ns (3.720ns logic, 1.361ns route)
                                                       (73.2% logic, 26.8% route)

--------------------------------------------------------------------------------

Paths for end point U_ila_pro_0/U0/I_NO_D.U_ILA/U_G2.U_CAPCTRL/U_WCNT_LCMP_Q (SLICE_X8Y127.SR), 2 paths
--------------------------------------------------------------------------------
Delay (setup path):     4.945ns (data path - clock path skew + uncertainty)
  Source:               U_ila_pro_0/U0/I_NO_D.U_ILA/U_G2.U_CAPCTRL/I_SRLT_NE_1.U_CMPRESET/I_NOLUT6.I_SRL_T2.I_YES_RPM.UG_cs_cfglut4 (FF)
  Destination:          U_ila_pro_0/U0/I_NO_D.U_ILA/U_G2.U_CAPCTRL/U_WCNT_LCMP_Q (FF)
  Data Path Delay:      4.905ns (Levels of Logic = 0)
  Clock Path Skew:      0.000ns
  Source Clock:         icon_control0<0> rising
  Destination Clock:    GMII_RXCLK rising
  Clock Uncertainty:    0.040ns

  Clock Uncertainty:          0.040ns  ((TSJ^2 + TIJ^2)^1/2 + DJ) / 2 + PE
    Total System Jitter (TSJ):  0.000ns
    Total Input Jitter (TIJ):   0.080ns
    Discrete Jitter (DJ):       0.000ns
    Phase Error (PE):           0.000ns

  Maximum Data Path: U_ila_pro_0/U0/I_NO_D.U_ILA/U_G2.U_CAPCTRL/I_SRLT_NE_1.U_CMPRESET/I_NOLUT6.I_SRL_T2.I_YES_RPM.UG_cs_cfglut4 to U_ila_pro_0/U0/I_NO_D.U_ILA/U_G2.U_CAPCTRL/U_WCNT_LCMP_Q
    Location             Delay type         Delay(ns)  Physical Resource
                                                       Logical Resource(s)
    -------------------------------------------------  -------------------
    SLICE_X8Y133.XMUX    Treg                  2.568   U_ila_pro_0/U0/I_NO_D.U_ILA/U_G2.U_CAPCTRL/cfg_data<6>
                                                       U_ila_pro_0/U0/I_NO_D.U_ILA/U_G2.U_CAPCTRL/I_SRLT_NE_1.U_CMPRESET/I_NOLUT6.I_SRL_T2.I_YES_RPM.UF_cs_cfglut4.CE
                                                       U_ila_pro_0/U0/I_NO_D.U_ILA/U_G2.U_CAPCTRL/I_SRLT_NE_1.U_CMPRESET/I_NOLUT6.I_SRL_T2.I_YES_RPM.UG_cs_cfglut4
                                                       U_ila_pro_0/U0/I_NO_D.U_ILA/U_G2.U_CAPCTRL/I_SRLT_NE_1.U_CMPRESET/I_NOLUT6.I_SRL_T2.I_YES_RPM.I_NO_OREG.U_MUXF5
    SLICE_X8Y127.SR      net (fanout=3)        1.180   U_ila_pro_0/U0/I_NO_D.U_ILA/U_G2.U_CAPCTRL/CMP_RESET
    SLICE_X8Y127.CLK     Tsrck                 1.157   U_ila_pro_0/U0/I_NO_D.U_ILA/U_G2.U_CAPCTRL/WCNT_LCMP_Q
                                                       U_ila_pro_0/U0/I_NO_D.U_ILA/U_G2.U_CAPCTRL/U_WCNT_LCMP_Q
    -------------------------------------------------  ---------------------------
    Total                                      4.905ns (3.725ns logic, 1.180ns route)
                                                       (75.9% logic, 24.1% route)

--------------------------------------------------------------------------------
Delay (setup path):     4.940ns (data path - clock path skew + uncertainty)
  Source:               U_ila_pro_0/U0/I_NO_D.U_ILA/U_G2.U_CAPCTRL/I_SRLT_NE_1.U_CMPRESET/I_NOLUT6.I_SRL_T2.I_YES_RPM.UF_cs_cfglut4 (FF)
  Destination:          U_ila_pro_0/U0/I_NO_D.U_ILA/U_G2.U_CAPCTRL/U_WCNT_LCMP_Q (FF)
  Data Path Delay:      4.900ns (Levels of Logic = 0)
  Clock Path Skew:      0.000ns
  Source Clock:         icon_control0<0> rising
  Destination Clock:    GMII_RXCLK rising
  Clock Uncertainty:    0.040ns

  Clock Uncertainty:          0.040ns  ((TSJ^2 + TIJ^2)^1/2 + DJ) / 2 + PE
    Total System Jitter (TSJ):  0.000ns
    Total Input Jitter (TIJ):   0.080ns
    Discrete Jitter (DJ):       0.000ns
    Phase Error (PE):           0.000ns

  Maximum Data Path: U_ila_pro_0/U0/I_NO_D.U_ILA/U_G2.U_CAPCTRL/I_SRLT_NE_1.U_CMPRESET/I_NOLUT6.I_SRL_T2.I_YES_RPM.UF_cs_cfglut4 to U_ila_pro_0/U0/I_NO_D.U_ILA/U_G2.U_CAPCTRL/U_WCNT_LCMP_Q
    Location             Delay type         Delay(ns)  Physical Resource
                                                       Logical Resource(s)
    -------------------------------------------------  -------------------
    SLICE_X8Y133.XMUX    Treg                  2.563   U_ila_pro_0/U0/I_NO_D.U_ILA/U_G2.U_CAPCTRL/cfg_data<6>
                                                       U_ila_pro_0/U0/I_NO_D.U_ILA/U_G2.U_CAPCTRL/I_SRLT_NE_1.U_CMPRESET/I_NOLUT6.I_SRL_T2.I_YES_RPM.UF_cs_cfglut4.CE
                                                       U_ila_pro_0/U0/I_NO_D.U_ILA/U_G2.U_CAPCTRL/I_SRLT_NE_1.U_CMPRESET/I_NOLUT6.I_SRL_T2.I_YES_RPM.UF_cs_cfglut4
                                                       U_ila_pro_0/U0/I_NO_D.U_ILA/U_G2.U_CAPCTRL/I_SRLT_NE_1.U_CMPRESET/I_NOLUT6.I_SRL_T2.I_YES_RPM.I_NO_OREG.U_MUXF5
    SLICE_X8Y127.SR      net (fanout=3)        1.180   U_ila_pro_0/U0/I_NO_D.U_ILA/U_G2.U_CAPCTRL/CMP_RESET
    SLICE_X8Y127.CLK     Tsrck                 1.157   U_ila_pro_0/U0/I_NO_D.U_ILA/U_G2.U_CAPCTRL/WCNT_LCMP_Q
                                                       U_ila_pro_0/U0/I_NO_D.U_ILA/U_G2.U_CAPCTRL/U_WCNT_LCMP_Q
    -------------------------------------------------  ---------------------------
    Total                                      4.900ns (3.720ns logic, 1.180ns route)
                                                       (75.9% logic, 24.1% route)

--------------------------------------------------------------------------------

Hold Paths: PATH "TS_J_TO_D_path" TIG;
--------------------------------------------------------------------------------

Paths for end point U_ila_pro_0/U0/I_NO_D.U_ILA/U_RST/U_ARM_XFER/U_DOUT0 (SLICE_X9Y50.BY), 1 path
--------------------------------------------------------------------------------
Delay (hold path):      0.533ns (datapath - clock path skew - uncertainty)
  Source:               U_ila_pro_0/U0/I_NO_D.U_ILA/U_RST/U_ARM_XFER/U_TFDRE (FF)
  Destination:          U_ila_pro_0/U0/I_NO_D.U_ILA/U_RST/U_ARM_XFER/U_DOUT0 (FF)
  Data Path Delay:      0.573ns (Levels of Logic = 0)
  Clock Path Skew:      0.000ns
  Source Clock:         icon_control0<0> rising
  Destination Clock:    GMII_RXCLK rising
  Clock Uncertainty:    0.040ns

  Clock Uncertainty:          0.040ns  ((TSJ^2 + TIJ^2)^1/2 + DJ) / 2 + PE
    Total System Jitter (TSJ):  0.000ns
    Total Input Jitter (TIJ):   0.080ns
    Discrete Jitter (DJ):       0.000ns
    Phase Error (PE):           0.000ns

  Minimum Data Path: U_ila_pro_0/U0/I_NO_D.U_ILA/U_RST/U_ARM_XFER/U_TFDRE to U_ila_pro_0/U0/I_NO_D.U_ILA/U_RST/U_ARM_XFER/U_DOUT0
    Location             Delay type         Delay(ns)  Physical Resource
                                                       Logical Resource(s)
    -------------------------------------------------  -------------------
    SLICE_X8Y50.YQ       Tcko                  0.331   U_ila_pro_0/U0/I_NO_D.U_ILA/U_RST/U_ARM_XFER/din_latched
                                                       U_ila_pro_0/U0/I_NO_D.U_ILA/U_RST/U_ARM_XFER/U_TFDRE
    SLICE_X9Y50.BY       net (fanout=1)        0.310   U_ila_pro_0/U0/I_NO_D.U_ILA/U_RST/U_ARM_XFER/din_latched
    SLICE_X9Y50.CLK      Tckdi       (-Th)     0.068   U_ila_pro_0/U0/I_NO_D.U_ILA/U_RST/U_ARM_XFER/iDIN<0>
                                                       U_ila_pro_0/U0/I_NO_D.U_ILA/U_RST/U_ARM_XFER/U_DOUT0
    -------------------------------------------------  ---------------------------
    Total                                      0.573ns (0.263ns logic, 0.310ns route)
                                                       (45.9% logic, 54.1% route)

--------------------------------------------------------------------------------

Paths for end point U_ila_pro_0/U0/I_NO_D.U_ILA/U_G2.U_CAPCTRL/U_CAP_ADDRGEN/I_INTCAP.F_CAP_ADDR[3].U_iCAP_ADDR (SLICE_X9Y77.G4), 1 path
--------------------------------------------------------------------------------
Delay (hold path):      0.507ns (datapath - clock path skew - uncertainty)
  Source:               U_ila_pro_0/U0/I_NO_D.U_ILA/U_G2.U_CAPCTRL/U_CAP_ADDRGEN/I_0_TO_64K.F_SEL[3].U_SEL (FF)
  Destination:          U_ila_pro_0/U0/I_NO_D.U_ILA/U_G2.U_CAPCTRL/U_CAP_ADDRGEN/I_INTCAP.F_CAP_ADDR[3].U_iCAP_ADDR (FF)
  Data Path Delay:      0.547ns (Levels of Logic = 1)
  Clock Path Skew:      0.000ns
  Source Clock:         icon_control0<0> rising
  Destination Clock:    GMII_RXCLK rising
  Clock Uncertainty:    0.040ns

  Clock Uncertainty:          0.040ns  ((TSJ^2 + TIJ^2)^1/2 + DJ) / 2 + PE
    Total System Jitter (TSJ):  0.000ns
    Total Input Jitter (TIJ):   0.080ns
    Discrete Jitter (DJ):       0.000ns
    Phase Error (PE):           0.000ns

  Minimum Data Path: U_ila_pro_0/U0/I_NO_D.U_ILA/U_G2.U_CAPCTRL/U_CAP_ADDRGEN/I_0_TO_64K.F_SEL[3].U_SEL to U_ila_pro_0/U0/I_NO_D.U_ILA/U_G2.U_CAPCTRL/U_CAP_ADDRGEN/I_INTCAP.F_CAP_ADDR[3].U_iCAP_ADDR
    Location             Delay type         Delay(ns)  Physical Resource
                                                       Logical Resource(s)
    -------------------------------------------------  -------------------
    SLICE_X11Y77.YQ      Tcko                  0.313   U_ila_pro_0/U0/I_NO_D.U_ILA/U_G2.U_CAPCTRL/U_CAP_ADDRGEN/cfg_data_vec<4>
                                                       U_ila_pro_0/U0/I_NO_D.U_ILA/U_G2.U_CAPCTRL/U_CAP_ADDRGEN/I_0_TO_64K.F_SEL[3].U_SEL
    SLICE_X9Y77.G4       net (fanout=2)        0.359   U_ila_pro_0/U0/I_NO_D.U_ILA/U_G2.U_CAPCTRL/U_CAP_ADDRGEN/cfg_data_vec<4>
    SLICE_X9Y77.CLK      Tckg        (-Th)     0.125   U_ila_pro_0/U0/I_NO_D.U_ILA/U_G2.U_CAPCTRL/U_CAP_ADDRGEN/iCAP_ADDR<3>
                                                       U_ila_pro_0/U0/I_NO_D.U_ILA/U_G2.U_CAPCTRL/U_CAP_ADDRGEN/I_INTCAP.F_CAP_ADDR[3].U_CAP_ADDR_MUX
                                                       U_ila_pro_0/U0/I_NO_D.U_ILA/U_G2.U_CAPCTRL/U_CAP_ADDRGEN/I_INTCAP.F_CAP_ADDR[3].U_iCAP_ADDR
    -------------------------------------------------  ---------------------------
    Total                                      0.547ns (0.188ns logic, 0.359ns route)
                                                       (34.4% logic, 65.6% route)

--------------------------------------------------------------------------------

Paths for end point U_ila_pro_0/U0/I_NO_D.U_ILA/U_G2.U_CAPCTRL/U_CAP_ADDRGEN/I_INTCAP.F_CAP_ADDR[1].U_iCAP_ADDR (SLICE_X11Y72.G3), 1 path
--------------------------------------------------------------------------------
Delay (hold path):      0.550ns (datapath - clock path skew - uncertainty)
  Source:               U_ila_pro_0/U0/I_NO_D.U_ILA/U_G2.U_CAPCTRL/U_CAP_ADDRGEN/I_0_TO_64K.F_SEL[1].U_SEL (FF)
  Destination:          U_ila_pro_0/U0/I_NO_D.U_ILA/U_G2.U_CAPCTRL/U_CAP_ADDRGEN/I_INTCAP.F_CAP_ADDR[1].U_iCAP_ADDR (FF)
  Data Path Delay:      0.590ns (Levels of Logic = 1)
  Clock Path Skew:      0.000ns
  Source Clock:         icon_control0<0> rising
  Destination Clock:    GMII_RXCLK rising
  Clock Uncertainty:    0.040ns

  Clock Uncertainty:          0.040ns  ((TSJ^2 + TIJ^2)^1/2 + DJ) / 2 + PE
    Total System Jitter (TSJ):  0.000ns
    Total Input Jitter (TIJ):   0.080ns
    Discrete Jitter (DJ):       0.000ns
    Phase Error (PE):           0.000ns

  Minimum Data Path: U_ila_pro_0/U0/I_NO_D.U_ILA/U_G2.U_CAPCTRL/U_CAP_ADDRGEN/I_0_TO_64K.F_SEL[1].U_SEL to U_ila_pro_0/U0/I_NO_D.U_ILA/U_G2.U_CAPCTRL/U_CAP_ADDRGEN/I_INTCAP.F_CAP_ADDR[1].U_iCAP_ADDR
    Location             Delay type         Delay(ns)  Physical Resource
                                                       Logical Resource(s)
    -------------------------------------------------  -------------------
    SLICE_X10Y72.YQ      Tcko                  0.331   U_ila_pro_0/U0/I_NO_D.U_ILA/U_G2.U_CAPCTRL/U_CAP_ADDRGEN/cfg_data_vec<2>
                                                       U_ila_pro_0/U0/I_NO_D.U_ILA/U_G2.U_CAPCTRL/U_CAP_ADDRGEN/I_0_TO_64K.F_SEL[1].U_SEL
    SLICE_X11Y72.G3      net (fanout=2)        0.384   U_ila_pro_0/U0/I_NO_D.U_ILA/U_G2.U_CAPCTRL/U_CAP_ADDRGEN/cfg_data_vec<2>
    SLICE_X11Y72.CLK     Tckg        (-Th)     0.125   U_ila_pro_0/U0/I_NO_D.U_ILA/U_G2.U_CAPCTRL/U_CAP_ADDRGEN/iCAP_ADDR<1>
                                                       U_ila_pro_0/U0/I_NO_D.U_ILA/U_G2.U_CAPCTRL/U_CAP_ADDRGEN/I_INTCAP.F_CAP_ADDR[1].U_CAP_ADDR_MUX
                                                       U_ila_pro_0/U0/I_NO_D.U_ILA/U_G2.U_CAPCTRL/U_CAP_ADDRGEN/I_INTCAP.F_CAP_ADDR[1].U_iCAP_ADDR
    -------------------------------------------------  ---------------------------
    Total                                      0.590ns (0.206ns logic, 0.384ns route)
                                                       (34.9% logic, 65.1% route)

--------------------------------------------------------------------------------

================================================================================
Timing constraint: PATH "TS_D_TO_J_path" TIG;

 132 paths analyzed, 117 endpoints analyzed, 0 failing endpoints
 0 timing errors detected. (0 setup errors, 0 hold errors)
--------------------------------------------------------------------------------

Paths for end point U_ila_pro_0/U0/I_NO_D.U_ILA/U_STAT/U_TDO (SLICE_X5Y53.F1), 16 paths
--------------------------------------------------------------------------------
Delay (setup path):     4.617ns (data path - clock path skew + uncertainty)
  Source:               U_ila_pro_0/U0/I_NO_D.U_ILA/U_STAT/G_NS[0].U_NSQ (FF)
  Destination:          U_ila_pro_0/U0/I_NO_D.U_ILA/U_STAT/U_TDO (FF)
  Data Path Delay:      4.577ns (Levels of Logic = 4)
  Clock Path Skew:      0.000ns
  Source Clock:         GMII_RXCLK rising
  Destination Clock:    icon_control0<0> rising
  Clock Uncertainty:    0.040ns

  Clock Uncertainty:          0.040ns  ((TSJ^2 + TIJ^2)^1/2 + DJ) / 2 + PE
    Total System Jitter (TSJ):  0.000ns
    Total Input Jitter (TIJ):   0.080ns
    Discrete Jitter (DJ):       0.000ns
    Phase Error (PE):           0.000ns

  Maximum Data Path: U_ila_pro_0/U0/I_NO_D.U_ILA/U_STAT/G_NS[0].U_NSQ to U_ila_pro_0/U0/I_NO_D.U_ILA/U_STAT/U_TDO
    Location             Delay type         Delay(ns)  Physical Resource
                                                       Logical Resource(s)
    -------------------------------------------------  -------------------
    SLICE_X6Y73.YQ       Tcko                  0.360   U_ila_pro_0/U0/I_NO_D.U_ILA/U_STAT/NS_dstat<7>
                                                       U_ila_pro_0/U0/I_NO_D.U_ILA/U_STAT/G_NS[0].U_NSQ
    SLICE_X4Y71.G2       net (fanout=1)        0.822   U_ila_pro_0/U0/I_NO_D.U_ILA/U_STAT/NS_dstat<0>
    SLICE_X4Y71.F5       Tif5                  0.459   U_ila_pro_0/U0/I_NO_D.U_ILA/iRESET<4>
                                                       U_ila_pro_0/U0/I_NO_D.U_ILA/U_STAT/U_DMUX/U_CS_MUX/I3.U_MUX8/Mmux_O_11
                                                       U_ila_pro_0/U0/I_NO_D.U_ILA/U_STAT/U_DMUX/U_CS_MUX/I3.U_MUX8/Mmux_O_9_f5
    SLICE_X4Y70.FXINB    net (fanout=1)        0.000   U_ila_pro_0/U0/I_NO_D.U_ILA/U_STAT/U_DMUX/U_CS_MUX/I3.U_MUX8/Mmux_O_9_f5
    SLICE_X4Y70.YMUX     Tif6y                 0.388   U_ila_pro_0/U0/I_NO_D.U_ILA/U_STAT/U_DMUX/U_CS_MUX/I3.U_MUX8/Mmux_O_8_f5
                                                       U_ila_pro_0/U0/I_NO_D.U_ILA/U_STAT/U_DMUX/U_CS_MUX/I3.U_MUX8/Mmux_O_7_f6
    SLICE_X5Y52.F2       net (fanout=1)        1.163   U_ila_pro_0/U0/I_NO_D.U_ILA/U_STAT/U_DMUX/U_CS_MUX/I3.U_MUX8/Mmux_O_7_f6
    SLICE_X5Y52.XMUX     Tif5x                 0.566   U_ila_pro_0/U0/I_NO_D.U_ILA/U_STAT/TDO_mux_in<0>1
                                                       U_ila_pro_0/U0/I_NO_D.U_ILA/U_STAT/U_DMUX/U_CS_MUX/I3.U_MUX8/Mmux_O_3
                                                       U_ila_pro_0/U0/I_NO_D.U_ILA/U_STAT/U_DMUX/U_CS_MUX/I3.U_MUX8/Mmux_O_2_f5
    SLICE_X5Y53.F1       net (fanout=1)        0.584   U_ila_pro_0/U0/I_NO_D.U_ILA/U_STAT/TDO_mux_in<0>1
    SLICE_X5Y53.CLK      Tfck                  0.235   U_ila_pro_0/U0/I_NO_D.U_ILA/iSTAT_DOUT
                                                       U_ila_pro_0/U0/I_NO_D.U_ILA/U_STAT/U_MUX/U_CS_MUX/I1.U_MUX2/O56
                                                       U_ila_pro_0/U0/I_NO_D.U_ILA/U_STAT/U_TDO
    -------------------------------------------------  ---------------------------
    Total                                      4.577ns (2.008ns logic, 2.569ns route)
                                                       (43.9% logic, 56.1% route)

--------------------------------------------------------------------------------
Delay (setup path):     4.552ns (data path - clock path skew + uncertainty)
  Source:               U_ila_pro_0/U0/I_NO_D.U_ILA/U_STAT/G_NS[2].U_NSQ (FF)
  Destination:          U_ila_pro_0/U0/I_NO_D.U_ILA/U_STAT/U_TDO (FF)
  Data Path Delay:      4.512ns (Levels of Logic = 4)
  Clock Path Skew:      0.000ns
  Source Clock:         GMII_RXCLK rising
  Destination Clock:    icon_control0<0> rising
  Clock Uncertainty:    0.040ns

  Clock Uncertainty:          0.040ns  ((TSJ^2 + TIJ^2)^1/2 + DJ) / 2 + PE
    Total System Jitter (TSJ):  0.000ns
    Total Input Jitter (TIJ):   0.080ns
    Discrete Jitter (DJ):       0.000ns
    Phase Error (PE):           0.000ns

  Maximum Data Path: U_ila_pro_0/U0/I_NO_D.U_ILA/U_STAT/G_NS[2].U_NSQ to U_ila_pro_0/U0/I_NO_D.U_ILA/U_STAT/U_TDO
    Location             Delay type         Delay(ns)  Physical Resource
                                                       Logical Resource(s)
    -------------------------------------------------  -------------------
    SLICE_X6Y72.YQ       Tcko                  0.360   U_ila_pro_0/U0/I_NO_D.U_ILA/U_STAT/NS_dstat<1>
                                                       U_ila_pro_0/U0/I_NO_D.U_ILA/U_STAT/G_NS[2].U_NSQ
    SLICE_X4Y71.F1       net (fanout=1)        0.762   U_ila_pro_0/U0/I_NO_D.U_ILA/U_STAT/NS_dstat<2>
    SLICE_X4Y71.F5       Tif5                  0.454   U_ila_pro_0/U0/I_NO_D.U_ILA/iRESET<4>
                                                       U_ila_pro_0/U0/I_NO_D.U_ILA/U_STAT/U_DMUX/U_CS_MUX/I3.U_MUX8/Mmux_O_101
                                                       U_ila_pro_0/U0/I_NO_D.U_ILA/U_STAT/U_DMUX/U_CS_MUX/I3.U_MUX8/Mmux_O_9_f5
    SLICE_X4Y70.FXINB    net (fanout=1)        0.000   U_ila_pro_0/U0/I_NO_D.U_ILA/U_STAT/U_DMUX/U_CS_MUX/I3.U_MUX8/Mmux_O_9_f5
    SLICE_X4Y70.YMUX     Tif6y                 0.388   U_ila_pro_0/U0/I_NO_D.U_ILA/U_STAT/U_DMUX/U_CS_MUX/I3.U_MUX8/Mmux_O_8_f5
                                                       U_ila_pro_0/U0/I_NO_D.U_ILA/U_STAT/U_DMUX/U_CS_MUX/I3.U_MUX8/Mmux_O_7_f6
    SLICE_X5Y52.F2       net (fanout=1)        1.163   U_ila_pro_0/U0/I_NO_D.U_ILA/U_STAT/U_DMUX/U_CS_MUX/I3.U_MUX8/Mmux_O_7_f6
    SLICE_X5Y52.XMUX     Tif5x                 0.566   U_ila_pro_0/U0/I_NO_D.U_ILA/U_STAT/TDO_mux_in<0>1
                                                       U_ila_pro_0/U0/I_NO_D.U_ILA/U_STAT/U_DMUX/U_CS_MUX/I3.U_MUX8/Mmux_O_3
                                                       U_ila_pro_0/U0/I_NO_D.U_ILA/U_STAT/U_DMUX/U_CS_MUX/I3.U_MUX8/Mmux_O_2_f5
    SLICE_X5Y53.F1       net (fanout=1)        0.584   U_ila_pro_0/U0/I_NO_D.U_ILA/U_STAT/TDO_mux_in<0>1
    SLICE_X5Y53.CLK      Tfck                  0.235   U_ila_pro_0/U0/I_NO_D.U_ILA/iSTAT_DOUT
                                                       U_ila_pro_0/U0/I_NO_D.U_ILA/U_STAT/U_MUX/U_CS_MUX/I1.U_MUX2/O56
                                                       U_ila_pro_0/U0/I_NO_D.U_ILA/U_STAT/U_TDO
    -------------------------------------------------  ---------------------------
    Total                                      4.512ns (2.003ns logic, 2.509ns route)
                                                       (44.4% logic, 55.6% route)

--------------------------------------------------------------------------------
Delay (setup path):     4.543ns (data path - clock path skew + uncertainty)
  Source:               U_ila_pro_0/U0/I_NO_D.U_ILA/U_STAT/G_NS[4].U_NSQ (FF)
  Destination:          U_ila_pro_0/U0/I_NO_D.U_ILA/U_STAT/U_TDO (FF)
  Data Path Delay:      4.503ns (Levels of Logic = 4)
  Clock Path Skew:      0.000ns
  Source Clock:         GMII_RXCLK rising
  Destination Clock:    icon_control0<0> rising
  Clock Uncertainty:    0.040ns

  Clock Uncertainty:          0.040ns  ((TSJ^2 + TIJ^2)^1/2 + DJ) / 2 + PE
    Total System Jitter (TSJ):  0.000ns
    Total Input Jitter (TIJ):   0.080ns
    Discrete Jitter (DJ):       0.000ns
    Phase Error (PE):           0.000ns

  Maximum Data Path: U_ila_pro_0/U0/I_NO_D.U_ILA/U_STAT/G_NS[4].U_NSQ to U_ila_pro_0/U0/I_NO_D.U_ILA/U_STAT/U_TDO
    Location             Delay type         Delay(ns)  Physical Resource
                                                       Logical Resource(s)
    -------------------------------------------------  -------------------
    SLICE_X6Y74.YQ       Tcko                  0.360   U_ila_pro_0/U0/I_NO_D.U_ILA/U_STAT/NS_dstat<3>
                                                       U_ila_pro_0/U0/I_NO_D.U_ILA/U_STAT/G_NS[4].U_NSQ
    SLICE_X4Y70.G2       net (fanout=1)        0.741   U_ila_pro_0/U0/I_NO_D.U_ILA/U_STAT/NS_dstat<4>
    SLICE_X4Y70.F5       Tif5                  0.459   U_ila_pro_0/U0/I_NO_D.U_ILA/U_STAT/U_DMUX/U_CS_MUX/I3.U_MUX8/Mmux_O_8_f5
                                                       U_ila_pro_0/U0/I_NO_D.U_ILA/U_STAT/U_DMUX/U_CS_MUX/I3.U_MUX8/Mmux_O_10
                                                       U_ila_pro_0/U0/I_NO_D.U_ILA/U_STAT/U_DMUX/U_CS_MUX/I3.U_MUX8/Mmux_O_8_f5
    SLICE_X4Y70.FXINA    net (fanout=1)        0.000   U_ila_pro_0/U0/I_NO_D.U_ILA/U_STAT/U_DMUX/U_CS_MUX/I3.U_MUX8/Mmux_O_8_f5
    SLICE_X4Y70.YMUX     Tif6y                 0.395   U_ila_pro_0/U0/I_NO_D.U_ILA/U_STAT/U_DMUX/U_CS_MUX/I3.U_MUX8/Mmux_O_8_f5
                                                       U_ila_pro_0/U0/I_NO_D.U_ILA/U_STAT/U_DMUX/U_CS_MUX/I3.U_MUX8/Mmux_O_7_f6
    SLICE_X5Y52.F2       net (fanout=1)        1.163   U_ila_pro_0/U0/I_NO_D.U_ILA/U_STAT/U_DMUX/U_CS_MUX/I3.U_MUX8/Mmux_O_7_f6
    SLICE_X5Y52.XMUX     Tif5x                 0.566   U_ila_pro_0/U0/I_NO_D.U_ILA/U_STAT/TDO_mux_in<0>1
                                                       U_ila_pro_0/U0/I_NO_D.U_ILA/U_STAT/U_DMUX/U_CS_MUX/I3.U_MUX8/Mmux_O_3
                                                       U_ila_pro_0/U0/I_NO_D.U_ILA/U_STAT/U_DMUX/U_CS_MUX/I3.U_MUX8/Mmux_O_2_f5
    SLICE_X5Y53.F1       net (fanout=1)        0.584   U_ila_pro_0/U0/I_NO_D.U_ILA/U_STAT/TDO_mux_in<0>1
    SLICE_X5Y53.CLK      Tfck                  0.235   U_ila_pro_0/U0/I_NO_D.U_ILA/iSTAT_DOUT
                                                       U_ila_pro_0/U0/I_NO_D.U_ILA/U_STAT/U_MUX/U_CS_MUX/I1.U_MUX2/O56
                                                       U_ila_pro_0/U0/I_NO_D.U_ILA/U_STAT/U_TDO
    -------------------------------------------------  ---------------------------
    Total                                      4.503ns (2.015ns logic, 2.488ns route)
                                                       (44.7% logic, 55.3% route)

--------------------------------------------------------------------------------

Paths for end point U_ila_pro_0/U0/I_NO_D.U_ILA/U_G2.U_CAPCTRL/I_SRLT_NE_1.U_WCE/I_NOLUT6.I_SRL_T2.U_SRLC16E (SLICE_X6Y93.G2), 1 path
--------------------------------------------------------------------------------
Delay (setup path):     2.770ns (data path)
  Source:               U_ila_pro_0/U0/I_NO_D.U_ILA/U_G2.U_CAPCTRL/I_SRLT_NE_1.U_NS1/I_NOLUT6.I_SRL_T2.I_YES_RPM.I_YES_OREG.OUT_REG (FF)
  Destination:          U_ila_pro_0/U0/I_NO_D.U_ILA/U_G2.U_CAPCTRL/I_SRLT_NE_1.U_WCE/I_NOLUT6.I_SRL_T2.U_SRLC16E (FF)
  Data Path Delay:      2.770ns (Levels of Logic = 0)
  Source Clock:         GMII_RXCLK rising at 0.000ns

  Maximum Data Path: U_ila_pro_0/U0/I_NO_D.U_ILA/U_G2.U_CAPCTRL/I_SRLT_NE_1.U_NS1/I_NOLUT6.I_SRL_T2.I_YES_RPM.I_YES_OREG.OUT_REG to U_ila_pro_0/U0/I_NO_D.U_ILA/U_G2.U_CAPCTRL/I_SRLT_NE_1.U_WCE/I_NOLUT6.I_SRL_T2.U_SRLC16E
    Location             Delay type         Delay(ns)  Physical Resource
                                                       Logical Resource(s)
    -------------------------------------------------  -------------------
    SLICE_X8Y138.YQ      Tcko                  0.360   U_ila_pro_0/U0/I_NO_D.U_ILA/iCAP_STATE<1>
                                                       U_ila_pro_0/U0/I_NO_D.U_ILA/U_G2.U_CAPCTRL/I_SRLT_NE_1.U_NS1/I_NOLUT6.I_SRL_T2.I_YES_RPM.I_YES_OREG.OUT_REG
    SLICE_X6Y93.G2       net (fanout=21)       2.410   U_ila_pro_0/U0/I_NO_D.U_ILA/iCAP_STATE<1>
    -------------------------------------------------  ---------------------------
    Total                                      2.770ns (0.360ns logic, 2.410ns route)
                                                       (13.0% logic, 87.0% route)

--------------------------------------------------------------------------------

Paths for end point U_ila_pro_0/U0/I_NO_D.U_ILA/U_G2.U_CAPCTRL/U_CAP_ADDRGEN/U_WCNT_LCMP/I_SRL16.U_GAND_SRL16/I_TW_GTE8.F_TW[0].I_YES_RPM.I_SRLT_EQ_2.U_SRLL (SLICE_X4Y128.F1), 1 path
--------------------------------------------------------------------------------
Delay (setup path):     2.705ns (data path)
  Source:               U_ila_pro_0/U0/I_NO_D.U_ILA/U_G2.U_CAPCTRL/U_CAP_ADDRGEN/I_SRLT_NE_1.U_WCNT/G[0].U_FDRE (FF)
  Destination:          U_ila_pro_0/U0/I_NO_D.U_ILA/U_G2.U_CAPCTRL/U_CAP_ADDRGEN/U_WCNT_LCMP/I_SRL16.U_GAND_SRL16/I_TW_GTE8.F_TW[0].I_YES_RPM.I_SRLT_EQ_2.U_SRLL (FF)
  Data Path Delay:      2.705ns (Levels of Logic = 0)
  Source Clock:         GMII_RXCLK rising at 0.000ns

  Maximum Data Path: U_ila_pro_0/U0/I_NO_D.U_ILA/U_G2.U_CAPCTRL/U_CAP_ADDRGEN/I_SRLT_NE_1.U_WCNT/G[0].U_FDRE to U_ila_pro_0/U0/I_NO_D.U_ILA/U_G2.U_CAPCTRL/U_CAP_ADDRGEN/U_WCNT_LCMP/I_SRL16.U_GAND_SRL16/I_TW_GTE8.F_TW[0].I_YES_RPM.I_SRLT_EQ_2.U_SRLL
    Location             Delay type         Delay(ns)  Physical Resource
                                                       Logical Resource(s)
    -------------------------------------------------  -------------------
    SLICE_X6Y84.XQ       Tcko                  0.360   U_ila_pro_0/U0/I_NO_D.U_ILA/iCAP_NUM_SAMPLES<0>
                                                       U_ila_pro_0/U0/I_NO_D.U_ILA/U_G2.U_CAPCTRL/U_CAP_ADDRGEN/I_SRLT_NE_1.U_WCNT/G[0].U_FDRE
    SLICE_X4Y128.F1      net (fanout=5)        2.345   U_ila_pro_0/U0/I_NO_D.U_ILA/iCAP_NUM_SAMPLES<0>
    -------------------------------------------------  ---------------------------
    Total                                      2.705ns (0.360ns logic, 2.345ns route)
                                                       (13.3% logic, 86.7% route)

--------------------------------------------------------------------------------

================================================================================
Timing constraint: TS_RXCLK = PERIOD TIMEGRP "TN_RXCLK" 8 ns HIGH 50% 
INPUT_JITTER 0.08 ns;
For more information, see Period Analysis in the Timing Closure User Guide (UG612).

 218502 paths analyzed, 13011 endpoints analyzed, 0 failing endpoints
 0 timing errors detected. (0 setup errors, 0 hold errors, 0 component switching limit errors)
 Minimum period is   7.878ns.
--------------------------------------------------------------------------------

Paths for end point strip_imp/write_data_4 (SLICE_X19Y97.F1), 156 paths
--------------------------------------------------------------------------------
Slack (setup path):     0.122ns (requirement - (data path - clock path skew + uncertainty))
  Source:               rx_addr_reg2_12 (FF)
  Destination:          strip_imp/write_data_4 (FF)
  Requirement:          8.000ns
  Data Path Delay:      7.838ns (Levels of Logic = 5)
  Clock Path Skew:      0.000ns
  Source Clock:         GMII_RXCLK rising at 0.000ns
  Destination Clock:    GMII_RXCLK rising at 8.000ns
  Clock Uncertainty:    0.040ns

  Clock Uncertainty:          0.040ns  ((TSJ^2 + TIJ^2)^1/2 + DJ) / 2 + PE
    Total System Jitter (TSJ):  0.000ns
    Total Input Jitter (TIJ):   0.080ns
    Discrete Jitter (DJ):       0.000ns
    Phase Error (PE):           0.000ns

  Maximum Data Path: rx_addr_reg2_12 to strip_imp/write_data_4
    Location             Delay type         Delay(ns)  Physical Resource
                                                       Logical Resource(s)
    -------------------------------------------------  -------------------
    SLICE_X24Y62.YQ      Tcko                  0.360   rx_addr_reg2<12>
                                                       rx_addr_reg2_12
    SLICE_X17Y60.G2      net (fanout=9)        1.160   rx_addr_reg2<12>
    SLICE_X17Y60.Y       Tilo                  0.194   strip_imp/write_data_23_mux0000417
                                                       strip_imp/write_data_31_cmp_eq00481
    SLICE_X11Y45.F1      net (fanout=130)      2.281   strip_imp/write_data_31_cmp_eq0048
    SLICE_X11Y45.X       Tilo                  0.194   strip_imp/write_data_4_mux0000457
                                                       strip_imp/write_data_4_mux0000457
    SLICE_X16Y63.F2      net (fanout=1)        1.260   strip_imp/write_data_4_mux0000457
    SLICE_X16Y63.X       Tilo                  0.195   strip_imp/write_data_4_mux0000471
                                                       strip_imp/write_data_4_mux0000471
    SLICE_X21Y76.F4      net (fanout=1)        0.736   strip_imp/write_data_4_mux0000471
    SLICE_X21Y76.X       Tilo                  0.194   strip_imp/STRIP_TRIG_INPUT_1<8>
                                                       strip_imp/write_data_4_mux0000557_1
    SLICE_X19Y97.F1      net (fanout=1)        1.029   strip_imp/write_data_4_mux0000557_1
    SLICE_X19Y97.CLK     Tfck                  0.235   strip_tx_data<4>
                                                       strip_imp/write_data_4_mux0000557
                                                       strip_imp/write_data_4
    -------------------------------------------------  ---------------------------
    Total                                      7.838ns (1.372ns logic, 6.466ns route)
                                                       (17.5% logic, 82.5% route)

--------------------------------------------------------------------------------
Slack (setup path):     0.251ns (requirement - (data path - clock path skew + uncertainty))
  Source:               rx_addr_reg2_13 (FF)
  Destination:          strip_imp/write_data_4 (FF)
  Requirement:          8.000ns
  Data Path Delay:      7.709ns (Levels of Logic = 5)
  Clock Path Skew:      0.000ns
  Source Clock:         GMII_RXCLK rising at 0.000ns
  Destination Clock:    GMII_RXCLK rising at 8.000ns
  Clock Uncertainty:    0.040ns

  Clock Uncertainty:          0.040ns  ((TSJ^2 + TIJ^2)^1/2 + DJ) / 2 + PE
    Total System Jitter (TSJ):  0.000ns
    Total Input Jitter (TIJ):   0.080ns
    Discrete Jitter (DJ):       0.000ns
    Phase Error (PE):           0.000ns

  Maximum Data Path: rx_addr_reg2_13 to strip_imp/write_data_4
    Location             Delay type         Delay(ns)  Physical Resource
                                                       Logical Resource(s)
    -------------------------------------------------  -------------------
    SLICE_X24Y63.YQ      Tcko                  0.360   rx_addr_reg2<13>
                                                       rx_addr_reg2_13
    SLICE_X17Y60.G1      net (fanout=9)        1.031   rx_addr_reg2<13>
    SLICE_X17Y60.Y       Tilo                  0.194   strip_imp/write_data_23_mux0000417
                                                       strip_imp/write_data_31_cmp_eq00481
    SLICE_X11Y45.F1      net (fanout=130)      2.281   strip_imp/write_data_31_cmp_eq0048
    SLICE_X11Y45.X       Tilo                  0.194   strip_imp/write_data_4_mux0000457
                                                       strip_imp/write_data_4_mux0000457
    SLICE_X16Y63.F2      net (fanout=1)        1.260   strip_imp/write_data_4_mux0000457
    SLICE_X16Y63.X       Tilo                  0.195   strip_imp/write_data_4_mux0000471
                                                       strip_imp/write_data_4_mux0000471
    SLICE_X21Y76.F4      net (fanout=1)        0.736   strip_imp/write_data_4_mux0000471
    SLICE_X21Y76.X       Tilo                  0.194   strip_imp/STRIP_TRIG_INPUT_1<8>
                                                       strip_imp/write_data_4_mux0000557_1
    SLICE_X19Y97.F1      net (fanout=1)        1.029   strip_imp/write_data_4_mux0000557_1
    SLICE_X19Y97.CLK     Tfck                  0.235   strip_tx_data<4>
                                                       strip_imp/write_data_4_mux0000557
                                                       strip_imp/write_data_4
    -------------------------------------------------  ---------------------------
    Total                                      7.709ns (1.372ns logic, 6.337ns route)
                                                       (17.8% logic, 82.2% route)

--------------------------------------------------------------------------------
Slack (setup path):     0.304ns (requirement - (data path - clock path skew + uncertainty))
  Source:               rx_addr_reg2_12 (FF)
  Destination:          strip_imp/write_data_4 (FF)
  Requirement:          8.000ns
  Data Path Delay:      7.656ns (Levels of Logic = 5)
  Clock Path Skew:      0.000ns
  Source Clock:         GMII_RXCLK rising at 0.000ns
  Destination Clock:    GMII_RXCLK rising at 8.000ns
  Clock Uncertainty:    0.040ns

  Clock Uncertainty:          0.040ns  ((TSJ^2 + TIJ^2)^1/2 + DJ) / 2 + PE
    Total System Jitter (TSJ):  0.000ns
    Total Input Jitter (TIJ):   0.080ns
    Discrete Jitter (DJ):       0.000ns
    Phase Error (PE):           0.000ns

  Maximum Data Path: rx_addr_reg2_12 to strip_imp/write_data_4
    Location             Delay type         Delay(ns)  Physical Resource
                                                       Logical Resource(s)
    -------------------------------------------------  -------------------
    SLICE_X24Y62.YQ      Tcko                  0.360   rx_addr_reg2<12>
                                                       rx_addr_reg2_12
    SLICE_X17Y60.G2      net (fanout=9)        1.160   rx_addr_reg2<12>
    SLICE_X17Y60.Y       Tilo                  0.194   strip_imp/write_data_23_mux0000417
                                                       strip_imp/write_data_31_cmp_eq00481
    SLICE_X15Y44.G4      net (fanout=130)      1.818   strip_imp/write_data_31_cmp_eq0048
    SLICE_X15Y44.Y       Tilo                  0.194   strip_imp/write_data_18_mux0000307
                                                       strip_imp/write_data_4_mux0000501
    SLICE_X21Y65.F3      net (fanout=1)        1.307   strip_imp/write_data_4_mux0000501
    SLICE_X21Y65.X       Tilo                  0.194   strip_imp/write_data_4_mux0000515
                                                       strip_imp/write_data_4_mux0000515
    SLICE_X21Y76.F1      net (fanout=1)        0.971   strip_imp/write_data_4_mux0000515
    SLICE_X21Y76.X       Tilo                  0.194   strip_imp/STRIP_TRIG_INPUT_1<8>
                                                       strip_imp/write_data_4_mux0000557_1
    SLICE_X19Y97.F1      net (fanout=1)        1.029   strip_imp/write_data_4_mux0000557_1
    SLICE_X19Y97.CLK     Tfck                  0.235   strip_tx_data<4>
                                                       strip_imp/write_data_4_mux0000557
                                                       strip_imp/write_data_4
    -------------------------------------------------  ---------------------------
    Total                                      7.656ns (1.371ns logic, 6.285ns route)
                                                       (17.9% logic, 82.1% route)

--------------------------------------------------------------------------------

Paths for end point strip_imp/write_data_5 (SLICE_X21Y88.F1), 156 paths
--------------------------------------------------------------------------------
Slack (setup path):     0.158ns (requirement - (data path - clock path skew + uncertainty))
  Source:               rx_addr_reg2_12 (FF)
  Destination:          strip_imp/write_data_5 (FF)
  Requirement:          8.000ns
  Data Path Delay:      7.802ns (Levels of Logic = 5)
  Clock Path Skew:      0.000ns
  Source Clock:         GMII_RXCLK rising at 0.000ns
  Destination Clock:    GMII_RXCLK rising at 8.000ns
  Clock Uncertainty:    0.040ns

  Clock Uncertainty:          0.040ns  ((TSJ^2 + TIJ^2)^1/2 + DJ) / 2 + PE
    Total System Jitter (TSJ):  0.000ns
    Total Input Jitter (TIJ):   0.080ns
    Discrete Jitter (DJ):       0.000ns
    Phase Error (PE):           0.000ns

  Maximum Data Path: rx_addr_reg2_12 to strip_imp/write_data_5
    Location             Delay type         Delay(ns)  Physical Resource
                                                       Logical Resource(s)
    -------------------------------------------------  -------------------
    SLICE_X24Y62.YQ      Tcko                  0.360   rx_addr_reg2<12>
                                                       rx_addr_reg2_12
    SLICE_X17Y60.G2      net (fanout=9)        1.160   rx_addr_reg2<12>
    SLICE_X17Y60.Y       Tilo                  0.194   strip_imp/write_data_23_mux0000417
                                                       strip_imp/write_data_31_cmp_eq00481
    SLICE_X10Y43.F4      net (fanout=130)      1.941   strip_imp/write_data_31_cmp_eq0048
    SLICE_X10Y43.X       Tilo                  0.195   strip_imp/please_count
                                                       strip_imp/write_data_5_mux0000457
    SLICE_X16Y44.F3      net (fanout=1)        0.832   strip_imp/write_data_5_mux0000457
    SLICE_X16Y44.X       Tilo                  0.195   strip_imp/write_data_5_mux0000471
                                                       strip_imp/write_data_5_mux0000471
    SLICE_X18Y73.F1      net (fanout=1)        1.232   strip_imp/write_data_5_mux0000471
    SLICE_X18Y73.X       Tilo                  0.195   strip_imp/strip_dac_value<7>
                                                       strip_imp/write_data_5_mux0000557_1
    SLICE_X21Y88.F1      net (fanout=1)        1.263   strip_imp/write_data_5_mux0000557_1
    SLICE_X21Y88.CLK     Tfck                  0.235   strip_tx_data<5>
                                                       strip_imp/write_data_5_mux0000557
                                                       strip_imp/write_data_5
    -------------------------------------------------  ---------------------------
    Total                                      7.802ns (1.374ns logic, 6.428ns route)
                                                       (17.6% logic, 82.4% route)

--------------------------------------------------------------------------------
Slack (setup path):     0.287ns (requirement - (data path - clock path skew + uncertainty))
  Source:               rx_addr_reg2_13 (FF)
  Destination:          strip_imp/write_data_5 (FF)
  Requirement:          8.000ns
  Data Path Delay:      7.673ns (Levels of Logic = 5)
  Clock Path Skew:      0.000ns
  Source Clock:         GMII_RXCLK rising at 0.000ns
  Destination Clock:    GMII_RXCLK rising at 8.000ns
  Clock Uncertainty:    0.040ns

  Clock Uncertainty:          0.040ns  ((TSJ^2 + TIJ^2)^1/2 + DJ) / 2 + PE
    Total System Jitter (TSJ):  0.000ns
    Total Input Jitter (TIJ):   0.080ns
    Discrete Jitter (DJ):       0.000ns
    Phase Error (PE):           0.000ns

  Maximum Data Path: rx_addr_reg2_13 to strip_imp/write_data_5
    Location             Delay type         Delay(ns)  Physical Resource
                                                       Logical Resource(s)
    -------------------------------------------------  -------------------
    SLICE_X24Y63.YQ      Tcko                  0.360   rx_addr_reg2<13>
                                                       rx_addr_reg2_13
    SLICE_X17Y60.G1      net (fanout=9)        1.031   rx_addr_reg2<13>
    SLICE_X17Y60.Y       Tilo                  0.194   strip_imp/write_data_23_mux0000417
                                                       strip_imp/write_data_31_cmp_eq00481
    SLICE_X10Y43.F4      net (fanout=130)      1.941   strip_imp/write_data_31_cmp_eq0048
    SLICE_X10Y43.X       Tilo                  0.195   strip_imp/please_count
                                                       strip_imp/write_data_5_mux0000457
    SLICE_X16Y44.F3      net (fanout=1)        0.832   strip_imp/write_data_5_mux0000457
    SLICE_X16Y44.X       Tilo                  0.195   strip_imp/write_data_5_mux0000471
                                                       strip_imp/write_data_5_mux0000471
    SLICE_X18Y73.F1      net (fanout=1)        1.232   strip_imp/write_data_5_mux0000471
    SLICE_X18Y73.X       Tilo                  0.195   strip_imp/strip_dac_value<7>
                                                       strip_imp/write_data_5_mux0000557_1
    SLICE_X21Y88.F1      net (fanout=1)        1.263   strip_imp/write_data_5_mux0000557_1
    SLICE_X21Y88.CLK     Tfck                  0.235   strip_tx_data<5>
                                                       strip_imp/write_data_5_mux0000557
                                                       strip_imp/write_data_5
    -------------------------------------------------  ---------------------------
    Total                                      7.673ns (1.374ns logic, 6.299ns route)
                                                       (17.9% logic, 82.1% route)

--------------------------------------------------------------------------------
Slack (setup path):     0.309ns (requirement - (data path - clock path skew + uncertainty))
  Source:               rx_addr_reg2_13 (FF)
  Destination:          strip_imp/write_data_5 (FF)
  Requirement:          8.000ns
  Data Path Delay:      7.651ns (Levels of Logic = 6)
  Clock Path Skew:      0.000ns
  Source Clock:         GMII_RXCLK rising at 0.000ns
  Destination Clock:    GMII_RXCLK rising at 8.000ns
  Clock Uncertainty:    0.040ns

  Clock Uncertainty:          0.040ns  ((TSJ^2 + TIJ^2)^1/2 + DJ) / 2 + PE
    Total System Jitter (TSJ):  0.000ns
    Total Input Jitter (TIJ):   0.080ns
    Discrete Jitter (DJ):       0.000ns
    Phase Error (PE):           0.000ns

  Maximum Data Path: rx_addr_reg2_13 to strip_imp/write_data_5
    Location             Delay type         Delay(ns)  Physical Resource
                                                       Logical Resource(s)
    -------------------------------------------------  -------------------
    SLICE_X24Y63.YQ      Tcko                  0.360   rx_addr_reg2<13>
                                                       rx_addr_reg2_13
    SLICE_X23Y58.G2      net (fanout=9)        0.792   rx_addr_reg2<13>
    SLICE_X23Y58.Y       Tilo                  0.194   strip_imp/write_data_21_mux0000259
                                                       strip_imp/write_data_31_cmp_eq00471
    SLICE_X22Y43.F2      net (fanout=130)      1.757   strip_imp/write_data_31_cmp_eq0047
    SLICE_X22Y43.X       Tilo                  0.195   strip_imp/write_data_5_mux0000335
                                                       strip_imp/write_data_5_mux0000335
    SLICE_X19Y51.G2      net (fanout=1)        1.154   strip_imp/write_data_5_mux0000335
    SLICE_X19Y51.Y       Tilo                  0.194   strip_imp/write_data_5_mux0000537_2
                                                       strip_imp/write_data_5_mux0000361
    SLICE_X19Y51.F4      net (fanout=1)        0.159   strip_imp/write_data_5_mux0000361
    SLICE_X19Y51.X       Tilo                  0.194   strip_imp/write_data_5_mux0000537_2
                                                       strip_imp/write_data_5_mux0000537_2
    SLICE_X18Y73.F2      net (fanout=1)        0.959   strip_imp/write_data_5_mux0000537_2
    SLICE_X18Y73.X       Tilo                  0.195   strip_imp/strip_dac_value<7>
                                                       strip_imp/write_data_5_mux0000557_1
    SLICE_X21Y88.F1      net (fanout=1)        1.263   strip_imp/write_data_5_mux0000557_1
    SLICE_X21Y88.CLK     Tfck                  0.235   strip_tx_data<5>
                                                       strip_imp/write_data_5_mux0000557
                                                       strip_imp/write_data_5
    -------------------------------------------------  ---------------------------
    Total                                      7.651ns (1.567ns logic, 6.084ns route)
                                                       (20.5% logic, 79.5% route)

--------------------------------------------------------------------------------

Paths for end point eth_interface/ec_wrapper/crcSplice/txd_6 (SLICE_X10Y84.BY), 11 paths
--------------------------------------------------------------------------------
Slack (setup path):     0.158ns (requirement - (data path - clock path skew + uncertainty))
  Source:               eth_interface/ec_wrapper/ethernet_controller/UDPDataSplicer/delay_sel_user (FF)
  Destination:          eth_interface/ec_wrapper/crcSplice/txd_6 (FF)
  Requirement:          8.000ns
  Data Path Delay:      7.791ns (Levels of Logic = 3)
  Clock Path Skew:      -0.011ns (2.536 - 2.547)
  Source Clock:         GMII_RXCLK rising at 0.000ns
  Destination Clock:    GMII_RXCLK rising at 8.000ns
  Clock Uncertainty:    0.040ns

  Clock Uncertainty:          0.040ns  ((TSJ^2 + TIJ^2)^1/2 + DJ) / 2 + PE
    Total System Jitter (TSJ):  0.000ns
    Total Input Jitter (TIJ):   0.080ns
    Discrete Jitter (DJ):       0.000ns
    Phase Error (PE):           0.000ns

  Maximum Data Path: eth_interface/ec_wrapper/ethernet_controller/UDPDataSplicer/delay_sel_user to eth_interface/ec_wrapper/crcSplice/txd_6
    Location             Delay type         Delay(ns)  Physical Resource
                                                       Logical Resource(s)
    -------------------------------------------------  -------------------
    SLICE_X35Y181.XQ     Tcko                  0.340   eth_interface/ec_wrapper/ethernet_controller/UDPDataSplicer/delay_sel_user
                                                       eth_interface/ec_wrapper/ethernet_controller/UDPDataSplicer/delay_sel_user
    SLICE_X33Y168.G2     net (fanout=8)        1.577   eth_interface/ec_wrapper/ethernet_controller/UDPDataSplicer/delay_sel_user
    SLICE_X33Y168.Y      Tilo                  0.194   eth_interface/ec_wrapper/ethernet_controller/UDPDataSplicer/latched_user_data<5>
                                                       eth_interface/ec_wrapper/ethernet_controller/UDPDataSplicer/udp_data_out<6>1
    SLICE_X28Y147.F3     net (fanout=1)        1.038   eth_interface/ec_wrapper/ethernet_controller/udp_data_out<6>
    SLICE_X28Y147.X      Tilo                  0.195   eth_interface/ec_wrapper/txd<6>
                                                       eth_interface/ec_wrapper/ethernet_controller/DataoutMux/txd<6>1
    SLICE_X11Y92.G1      net (fanout=5)        3.470   eth_interface/ec_wrapper/txd<6>
    SLICE_X11Y92.Y       Tilo                  0.194   eth_interface/ec_wrapper/crcSplice/nibble_reg<2>
                                                       eth_interface/ec_wrapper/crcSplice/dataout<6>1
    SLICE_X10Y84.BY      net (fanout=1)        0.503   eth_interface/ec_wrapper/crcSplice/dataout<6>
    SLICE_X10Y84.CLK     Tdick                 0.280   PHY_TXD_sig<6>
                                                       eth_interface/ec_wrapper/crcSplice/txd_6
    -------------------------------------------------  ---------------------------
    Total                                      7.791ns (1.203ns logic, 6.588ns route)
                                                       (15.4% logic, 84.6% route)

--------------------------------------------------------------------------------
Slack (setup path):     0.513ns (requirement - (data path - clock path skew + uncertainty))
  Source:               eth_interface/ec_wrapper/ethernet_controller/CreatePacketBlock/dataout_6 (FF)
  Destination:          eth_interface/ec_wrapper/crcSplice/txd_6 (FF)
  Requirement:          8.000ns
  Data Path Delay:      7.435ns (Levels of Logic = 3)
  Clock Path Skew:      -0.012ns (2.536 - 2.548)
  Source Clock:         GMII_RXCLK rising at 0.000ns
  Destination Clock:    GMII_RXCLK rising at 8.000ns
  Clock Uncertainty:    0.040ns

  Clock Uncertainty:          0.040ns  ((TSJ^2 + TIJ^2)^1/2 + DJ) / 2 + PE
    Total System Jitter (TSJ):  0.000ns
    Total Input Jitter (TIJ):   0.080ns
    Discrete Jitter (DJ):       0.000ns
    Phase Error (PE):           0.000ns

  Maximum Data Path: eth_interface/ec_wrapper/ethernet_controller/CreatePacketBlock/dataout_6 to eth_interface/ec_wrapper/crcSplice/txd_6
    Location             Delay type         Delay(ns)  Physical Resource
                                                       Logical Resource(s)
    -------------------------------------------------  -------------------
    SLICE_X41Y172.XQ     Tcko                  0.340   eth_interface/ec_wrapper/ethernet_controller/udp_gen_data<6>
                                                       eth_interface/ec_wrapper/ethernet_controller/CreatePacketBlock/dataout_6
    SLICE_X33Y168.G1     net (fanout=2)        1.221   eth_interface/ec_wrapper/ethernet_controller/udp_gen_data<6>
    SLICE_X33Y168.Y      Tilo                  0.194   eth_interface/ec_wrapper/ethernet_controller/UDPDataSplicer/latched_user_data<5>
                                                       eth_interface/ec_wrapper/ethernet_controller/UDPDataSplicer/udp_data_out<6>1
    SLICE_X28Y147.F3     net (fanout=1)        1.038   eth_interface/ec_wrapper/ethernet_controller/udp_data_out<6>
    SLICE_X28Y147.X      Tilo                  0.195   eth_interface/ec_wrapper/txd<6>
                                                       eth_interface/ec_wrapper/ethernet_controller/DataoutMux/txd<6>1
    SLICE_X11Y92.G1      net (fanout=5)        3.470   eth_interface/ec_wrapper/txd<6>
    SLICE_X11Y92.Y       Tilo                  0.194   eth_interface/ec_wrapper/crcSplice/nibble_reg<2>
                                                       eth_interface/ec_wrapper/crcSplice/dataout<6>1
    SLICE_X10Y84.BY      net (fanout=1)        0.503   eth_interface/ec_wrapper/crcSplice/dataout<6>
    SLICE_X10Y84.CLK     Tdick                 0.280   PHY_TXD_sig<6>
                                                       eth_interface/ec_wrapper/crcSplice/txd_6
    -------------------------------------------------  ---------------------------
    Total                                      7.435ns (1.203ns logic, 6.232ns route)
                                                       (16.2% logic, 83.8% route)

--------------------------------------------------------------------------------
Slack (setup path):     0.845ns (requirement - (data path - clock path skew + uncertainty))
  Source:               eth_interface/ec_wrapper/ethernet_controller/CreatePacketBlock/udp_data_sel (FF)
  Destination:          eth_interface/ec_wrapper/crcSplice/txd_6 (FF)
  Requirement:          8.000ns
  Data Path Delay:      7.044ns (Levels of Logic = 2)
  Clock Path Skew:      -0.071ns (2.536 - 2.607)
  Source Clock:         GMII_RXCLK rising at 0.000ns
  Destination Clock:    GMII_RXCLK rising at 8.000ns
  Clock Uncertainty:    0.040ns

  Clock Uncertainty:          0.040ns  ((TSJ^2 + TIJ^2)^1/2 + DJ) / 2 + PE
    Total System Jitter (TSJ):  0.000ns
    Total Input Jitter (TIJ):   0.080ns
    Discrete Jitter (DJ):       0.000ns
    Phase Error (PE):           0.000ns

  Maximum Data Path: eth_interface/ec_wrapper/ethernet_controller/CreatePacketBlock/udp_data_sel to eth_interface/ec_wrapper/crcSplice/txd_6
    Location             Delay type         Delay(ns)  Physical Resource
                                                       Logical Resource(s)
    -------------------------------------------------  -------------------
    SLICE_X19Y166.YQ     Tcko                  0.340   eth_interface/ec_wrapper/ethernet_controller/sel_udp
                                                       eth_interface/ec_wrapper/ethernet_controller/CreatePacketBlock/udp_data_sel
    SLICE_X28Y147.F1     net (fanout=14)       2.062   eth_interface/ec_wrapper/ethernet_controller/sel_udp
    SLICE_X28Y147.X      Tilo                  0.195   eth_interface/ec_wrapper/txd<6>
                                                       eth_interface/ec_wrapper/ethernet_controller/DataoutMux/txd<6>1
    SLICE_X11Y92.G1      net (fanout=5)        3.470   eth_interface/ec_wrapper/txd<6>
    SLICE_X11Y92.Y       Tilo                  0.194   eth_interface/ec_wrapper/crcSplice/nibble_reg<2>
                                                       eth_interface/ec_wrapper/crcSplice/dataout<6>1
    SLICE_X10Y84.BY      net (fanout=1)        0.503   eth_interface/ec_wrapper/crcSplice/dataout<6>
    SLICE_X10Y84.CLK     Tdick                 0.280   PHY_TXD_sig<6>
                                                       eth_interface/ec_wrapper/crcSplice/txd_6
    -------------------------------------------------  ---------------------------
    Total                                      7.044ns (1.009ns logic, 6.035ns route)
                                                       (14.3% logic, 85.7% route)

--------------------------------------------------------------------------------

Hold Paths: TS_RXCLK = PERIOD TIMEGRP "TN_RXCLK" 8 ns HIGH 50% INPUT_JITTER 0.08 ns;
--------------------------------------------------------------------------------

Paths for end point eth_interface/data_manager_blk/RX_SRC_ADDR_FIFO/U0/xst_fifo_generator/gconvfifo.rf/grf.rf/gntv_or_sync_fifo.mem/gdm.dm/Mram_RAM45.SLICEM_F (SLICE_X38Y172.G3), 1 path
--------------------------------------------------------------------------------
Slack (hold path):      0.337ns (requirement - (clock path skew + uncertainty - data path))
  Source:               eth_interface/data_manager_blk/RX_SRC_ADDR_FIFO/U0/xst_fifo_generator/gconvfifo.rf/grf.rf/gntv_or_sync_fifo.gl0.wr/wpntr/count_d1_2 (FF)
  Destination:          eth_interface/data_manager_blk/RX_SRC_ADDR_FIFO/U0/xst_fifo_generator/gconvfifo.rf/grf.rf/gntv_or_sync_fifo.mem/gdm.dm/Mram_RAM45.SLICEM_F (RAM)
  Requirement:          0.000ns
  Data Path Delay:      0.342ns (Levels of Logic = 1)
  Clock Path Skew:      0.005ns (0.122 - 0.117)
  Source Clock:         GMII_RXCLK rising at 8.000ns
  Destination Clock:    GMII_RXCLK rising at 8.000ns
  Clock Uncertainty:    0.000ns

  Minimum Data Path: eth_interface/data_manager_blk/RX_SRC_ADDR_FIFO/U0/xst_fifo_generator/gconvfifo.rf/grf.rf/gntv_or_sync_fifo.gl0.wr/wpntr/count_d1_2 to eth_interface/data_manager_blk/RX_SRC_ADDR_FIFO/U0/xst_fifo_generator/gconvfifo.rf/grf.rf/gntv_or_sync_fifo.mem/gdm.dm/Mram_RAM45.SLICEM_F
    Location             Delay type         Delay(ns)  Physical Resource
                                                       Logical Resource(s)
    -------------------------------------------------  -------------------
    SLICE_X39Y174.YQ     Tcko                  0.313   eth_interface/data_manager_blk/RX_SRC_ADDR_FIFO/U0/xst_fifo_generator/gconvfifo.rf/grf.rf/gntv_or_sync_fifo.gl0.wr/wpntr/count_d1<1>
                                                       eth_interface/data_manager_blk/RX_SRC_ADDR_FIFO/U0/xst_fifo_generator/gconvfifo.rf/grf.rf/gntv_or_sync_fifo.gl0.wr/wpntr/count_d1_2
    SLICE_X38Y172.G3     net (fanout=48)       0.441   eth_interface/data_manager_blk/RX_SRC_ADDR_FIFO/U0/xst_fifo_generator/gconvfifo.rf/grf.rf/gntv_or_sync_fifo.gl0.wr/wpntr/count_d1<2>
    SLICE_X38Y172.CLK    Tah         (-Th)     0.412   eth_interface/data_manager_blk/RX_SRC_ADDR_FIFO/U0/xst_fifo_generator/gconvfifo.rf/grf.rf/gntv_or_sync_fifo.mem/gdm.dm/_varindex0000<44>
                                                       eth_interface/data_manager_blk/RX_SRC_ADDR_FIFO/U0/xst_fifo_generator/gconvfifo.rf/grf.rf/gntv_or_sync_fifo.mem/gdm.dm/Mram_RAM45.SLICEM_F
    -------------------------------------------------  ---------------------------
    Total                                      0.342ns (-0.099ns logic, 0.441ns route)
                                                       (-28.9% logic, 128.9% route)

--------------------------------------------------------------------------------

Paths for end point eth_interface/data_manager_blk/RX_SRC_ADDR_FIFO/U0/xst_fifo_generator/gconvfifo.rf/grf.rf/gntv_or_sync_fifo.mem/gdm.dm/Mram_RAM45.SLICEM_G (SLICE_X38Y172.G3), 1 path
--------------------------------------------------------------------------------
Slack (hold path):      0.337ns (requirement - (clock path skew + uncertainty - data path))
  Source:               eth_interface/data_manager_blk/RX_SRC_ADDR_FIFO/U0/xst_fifo_generator/gconvfifo.rf/grf.rf/gntv_or_sync_fifo.gl0.wr/wpntr/count_d1_2 (FF)
  Destination:          eth_interface/data_manager_blk/RX_SRC_ADDR_FIFO/U0/xst_fifo_generator/gconvfifo.rf/grf.rf/gntv_or_sync_fifo.mem/gdm.dm/Mram_RAM45.SLICEM_G (RAM)
  Requirement:          0.000ns
  Data Path Delay:      0.342ns (Levels of Logic = 1)
  Clock Path Skew:      0.005ns (0.122 - 0.117)
  Source Clock:         GMII_RXCLK rising at 8.000ns
  Destination Clock:    GMII_RXCLK rising at 8.000ns
  Clock Uncertainty:    0.000ns

  Minimum Data Path: eth_interface/data_manager_blk/RX_SRC_ADDR_FIFO/U0/xst_fifo_generator/gconvfifo.rf/grf.rf/gntv_or_sync_fifo.gl0.wr/wpntr/count_d1_2 to eth_interface/data_manager_blk/RX_SRC_ADDR_FIFO/U0/xst_fifo_generator/gconvfifo.rf/grf.rf/gntv_or_sync_fifo.mem/gdm.dm/Mram_RAM45.SLICEM_G
    Location             Delay type         Delay(ns)  Physical Resource
                                                       Logical Resource(s)
    -------------------------------------------------  -------------------
    SLICE_X39Y174.YQ     Tcko                  0.313   eth_interface/data_manager_blk/RX_SRC_ADDR_FIFO/U0/xst_fifo_generator/gconvfifo.rf/grf.rf/gntv_or_sync_fifo.gl0.wr/wpntr/count_d1<1>
                                                       eth_interface/data_manager_blk/RX_SRC_ADDR_FIFO/U0/xst_fifo_generator/gconvfifo.rf/grf.rf/gntv_or_sync_fifo.gl0.wr/wpntr/count_d1_2
    SLICE_X38Y172.G3     net (fanout=48)       0.441   eth_interface/data_manager_blk/RX_SRC_ADDR_FIFO/U0/xst_fifo_generator/gconvfifo.rf/grf.rf/gntv_or_sync_fifo.gl0.wr/wpntr/count_d1<2>
    SLICE_X38Y172.CLK    Tah         (-Th)     0.412   eth_interface/data_manager_blk/RX_SRC_ADDR_FIFO/U0/xst_fifo_generator/gconvfifo.rf/grf.rf/gntv_or_sync_fifo.mem/gdm.dm/_varindex0000<44>
                                                       eth_interface/data_manager_blk/RX_SRC_ADDR_FIFO/U0/xst_fifo_generator/gconvfifo.rf/grf.rf/gntv_or_sync_fifo.mem/gdm.dm/Mram_RAM45.SLICEM_G
    -------------------------------------------------  ---------------------------
    Total                                      0.342ns (-0.099ns logic, 0.441ns route)
                                                       (-28.9% logic, 128.9% route)

--------------------------------------------------------------------------------

Paths for end point U_ila_pro_0/U0/I_NO_D.U_ILA/U_CAPSTOR/I_CASE1.I_NO_TB.I_RT1.U_RAM/G_BRAM[0].U_BRAM/ram_rt1_s1_s32_if.ram_rt1_s1_s32_i (RAMB16_X0Y7.DIB1), 1 path
--------------------------------------------------------------------------------
Slack (hold path):      0.341ns (requirement - (clock path skew + uncertainty - data path))
  Source:               U_ila_pro_0/U0/I_NO_D.U_ILA/I_DQ.U_DQQ/DLY_9.DLY_9_GEN[0].I_SRLT_NE_0.FF (FF)
  Destination:          U_ila_pro_0/U0/I_NO_D.U_ILA/U_CAPSTOR/I_CASE1.I_NO_TB.I_RT1.U_RAM/G_BRAM[0].U_BRAM/ram_rt1_s1_s32_if.ram_rt1_s1_s32_i (RAM)
  Requirement:          0.000ns
  Data Path Delay:      0.338ns (Levels of Logic = 0)
  Clock Path Skew:      -0.003ns (0.973 - 0.976)
  Source Clock:         GMII_RXCLK rising at 8.000ns
  Destination Clock:    GMII_RXCLK rising at 8.000ns
  Clock Uncertainty:    0.000ns

  Minimum Data Path: U_ila_pro_0/U0/I_NO_D.U_ILA/I_DQ.U_DQQ/DLY_9.DLY_9_GEN[0].I_SRLT_NE_0.FF to U_ila_pro_0/U0/I_NO_D.U_ILA/U_CAPSTOR/I_CASE1.I_NO_TB.I_RT1.U_RAM/G_BRAM[0].U_BRAM/ram_rt1_s1_s32_if.ram_rt1_s1_s32_i
    Location             Delay type         Delay(ns)  Physical Resource
                                                       Logical Resource(s)
    -------------------------------------------------  -------------------
    SLICE_X8Y57.YQ       Tcko                  0.331   U_ila_pro_0/U0/I_NO_D.U_ILA/iDATA<0>
                                                       U_ila_pro_0/U0/I_NO_D.U_ILA/I_DQ.U_DQQ/DLY_9.DLY_9_GEN[0].I_SRLT_NE_0.FF
    RAMB16_X0Y7.DIB1     net (fanout=1)        0.329   U_ila_pro_0/U0/I_NO_D.U_ILA/iDATA<0>
    RAMB16_X0Y7.CLKB     Trckd_DIB   (-Th)     0.322   U_ila_pro_0/U0/I_NO_D.U_ILA/U_CAPSTOR/I_CASE1.I_NO_TB.I_RT1.U_RAM/G_BRAM[0].U_BRAM/ram_rt1_s1_s32_if.ram_rt1_s1_s32_i
                                                       U_ila_pro_0/U0/I_NO_D.U_ILA/U_CAPSTOR/I_CASE1.I_NO_TB.I_RT1.U_RAM/G_BRAM[0].U_BRAM/ram_rt1_s1_s32_if.ram_rt1_s1_s32_i
    -------------------------------------------------  ---------------------------
    Total                                      0.338ns (0.009ns logic, 0.329ns route)
                                                       (2.7% logic, 97.3% route)

--------------------------------------------------------------------------------

Component Switching Limit Checks: TS_RXCLK = PERIOD TIMEGRP "TN_RXCLK" 8 ns HIGH 50% INPUT_JITTER 0.08 ns;
--------------------------------------------------------------------------------
Slack: 5.500ns (period - min period limit)
  Period: 8.000ns
  Min period limit: 2.500ns (400.000MHz) (Trper_CLKA)
  Physical resource: eth_interface/data_manager_blk/TX_DATA_INFO_FIFO/U0/xst_fifo_generator/gconvfifo.rf/grf.rf/gntv_or_sync_fifo.mem/gbm.gbmg.gbmga.ngecc.bmg/gnativebmg.native_blk_mem_gen/valid.cstr/ramloop[0].ram.r/v4_noinit.ram/SDP.SINGLE_PRIM.SDP/CLKA
  Logical resource: eth_interface/data_manager_blk/TX_DATA_INFO_FIFO/U0/xst_fifo_generator/gconvfifo.rf/grf.rf/gntv_or_sync_fifo.mem/gbm.gbmg.gbmga.ngecc.bmg/gnativebmg.native_blk_mem_gen/valid.cstr/ramloop[0].ram.r/v4_noinit.ram/SDP.SINGLE_PRIM.SDP/CLKA
  Location pin: RAMB16_X2Y22.CLKA
  Clock network: GMII_RXCLK
--------------------------------------------------------------------------------
Slack: 5.500ns (period - min period limit)
  Period: 8.000ns
  Min period limit: 2.500ns (400.000MHz) (Trper_CLKB)
  Physical resource: eth_interface/data_manager_blk/TX_DATA_INFO_FIFO/U0/xst_fifo_generator/gconvfifo.rf/grf.rf/gntv_or_sync_fifo.mem/gbm.gbmg.gbmga.ngecc.bmg/gnativebmg.native_blk_mem_gen/valid.cstr/ramloop[0].ram.r/v4_noinit.ram/SDP.SINGLE_PRIM.SDP/CLKB
  Logical resource: eth_interface/data_manager_blk/TX_DATA_INFO_FIFO/U0/xst_fifo_generator/gconvfifo.rf/grf.rf/gntv_or_sync_fifo.mem/gbm.gbmg.gbmga.ngecc.bmg/gnativebmg.native_blk_mem_gen/valid.cstr/ramloop[0].ram.r/v4_noinit.ram/SDP.SINGLE_PRIM.SDP/CLKB
  Location pin: RAMB16_X2Y22.CLKB
  Clock network: GMII_RXCLK
--------------------------------------------------------------------------------
Slack: 5.500ns (period - min period limit)
  Period: 8.000ns
  Min period limit: 2.500ns (400.000MHz) (Trper_CLKA)
  Physical resource: eth_interface/data_manager_blk/TX_DATA_FIFO/U0/xst_fifo_generator/gconvfifo.rf/grf.rf/gntv_or_sync_fifo.mem/gbm.gbmg.gbmga.ngecc.bmg/gnativebmg.native_blk_mem_gen/valid.cstr/ramloop[1].ram.r/v4_noinit.ram/SDP.SINGLE_PRIM.SDP/CLKA
  Logical resource: eth_interface/data_manager_blk/TX_DATA_FIFO/U0/xst_fifo_generator/gconvfifo.rf/grf.rf/gntv_or_sync_fifo.mem/gbm.gbmg.gbmga.ngecc.bmg/gnativebmg.native_blk_mem_gen/valid.cstr/ramloop[1].ram.r/v4_noinit.ram/SDP.SINGLE_PRIM.SDP/CLKA
  Location pin: RAMB16_X1Y19.CLKA
  Clock network: GMII_RXCLK
--------------------------------------------------------------------------------

================================================================================
Timing constraint: TS_CLK5MHZ = PERIOD TIMEGRP "TN_CLK5MHZ" 5 MHz HIGH 50%;
For more information, see Period Analysis in the Timing Closure User Guide (UG612).

 263 paths analyzed, 74 endpoints analyzed, 0 failing endpoints
 0 timing errors detected. (0 setup errors, 0 hold errors, 0 component switching limit errors)
 Minimum period is  11.312ns.
--------------------------------------------------------------------------------

Paths for end point strip_imp/dacspi_imp/STATE_FSM_FFd3 (SLICE_X25Y11.BY), 4 paths
--------------------------------------------------------------------------------
Slack (setup path):     94.344ns (requirement - (data path - clock path skew + uncertainty))
  Source:               strip_imp/dacspi_imp/LATCHED_STROBE (FF)
  Destination:          strip_imp/dacspi_imp/STATE_FSM_FFd3 (FF)
  Requirement:          100.000ns
  Data Path Delay:      4.976ns (Levels of Logic = 1)
  Clock Path Skew:      -0.680ns (1.625 - 2.305)
  Source Clock:         secondary_clk rising at 0.000ns
  Destination Clock:    secondary_clk falling at 100.000ns
  Clock Uncertainty:    0.000ns

  Maximum Data Path: strip_imp/dacspi_imp/LATCHED_STROBE to strip_imp/dacspi_imp/STATE_FSM_FFd3
    Location             Delay type         Delay(ns)  Physical Resource
                                                       Logical Resource(s)
    -------------------------------------------------  -------------------
    SLICE_X24Y36.YQ      Tcko                  0.360   strip_imp/dacspi_imp/LATCHED_STROBE
                                                       strip_imp/dacspi_imp/LATCHED_STROBE
    SLICE_X29Y9.F2       net (fanout=7)        2.058   strip_imp/dacspi_imp/LATCHED_STROBE
    SLICE_X29Y9.X        Tilo                  0.194   strip_imp/dacspi_imp/N43
                                                       strip_imp/dacspi_imp/SDI_mux000153
    SLICE_X25Y11.BY      net (fanout=8)        1.266   strip_imp/dacspi_imp/N43
    SLICE_X25Y11.CLK     Tsrck                 1.098   strip_imp/dacspi_imp/STATE_FSM_FFd3
                                                       strip_imp/dacspi_imp/STATE_FSM_FFd3
    -------------------------------------------------  ---------------------------
    Total                                      4.976ns (1.652ns logic, 3.324ns route)
                                                       (33.2% logic, 66.8% route)

--------------------------------------------------------------------------------
Slack (setup path):     195.644ns (requirement - (data path - clock path skew + uncertainty))
  Source:               strip_imp/dacspi_imp/STATE_FSM_FFd1 (FF)
  Destination:          strip_imp/dacspi_imp/STATE_FSM_FFd3 (FF)
  Requirement:          200.000ns
  Data Path Delay:      4.356ns (Levels of Logic = 1)
  Clock Path Skew:      0.000ns
  Source Clock:         secondary_clk falling at 100.000ns
  Destination Clock:    secondary_clk falling at 300.000ns
  Clock Uncertainty:    0.000ns

  Maximum Data Path: strip_imp/dacspi_imp/STATE_FSM_FFd1 to strip_imp/dacspi_imp/STATE_FSM_FFd3
    Location             Delay type         Delay(ns)  Physical Resource
                                                       Logical Resource(s)
    -------------------------------------------------  -------------------
    SLICE_X22Y4.YQ       Tcko                  0.307   strip_imp/dacspi_imp/STATE_FSM_FFd1
                                                       strip_imp/dacspi_imp/STATE_FSM_FFd1
    SLICE_X29Y9.F1       net (fanout=26)       1.491   strip_imp/dacspi_imp/STATE_FSM_FFd1
    SLICE_X29Y9.X        Tilo                  0.194   strip_imp/dacspi_imp/N43
                                                       strip_imp/dacspi_imp/SDI_mux000153
    SLICE_X25Y11.BY      net (fanout=8)        1.266   strip_imp/dacspi_imp/N43
    SLICE_X25Y11.CLK     Tsrck                 1.098   strip_imp/dacspi_imp/STATE_FSM_FFd3
                                                       strip_imp/dacspi_imp/STATE_FSM_FFd3
    -------------------------------------------------  ---------------------------
    Total                                      4.356ns (1.599ns logic, 2.757ns route)
                                                       (36.7% logic, 63.3% route)

--------------------------------------------------------------------------------
Slack (setup path):     195.951ns (requirement - (data path - clock path skew + uncertainty))
  Source:               strip_imp/dacspi_imp/STATE_FSM_FFd2 (FF)
  Destination:          strip_imp/dacspi_imp/STATE_FSM_FFd3 (FF)
  Requirement:          200.000ns
  Data Path Delay:      4.049ns (Levels of Logic = 1)
  Clock Path Skew:      0.000ns
  Source Clock:         secondary_clk falling at 100.000ns
  Destination Clock:    secondary_clk falling at 300.000ns
  Clock Uncertainty:    0.000ns

  Maximum Data Path: strip_imp/dacspi_imp/STATE_FSM_FFd2 to strip_imp/dacspi_imp/STATE_FSM_FFd3
    Location             Delay type         Delay(ns)  Physical Resource
                                                       Logical Resource(s)
    -------------------------------------------------  -------------------
    SLICE_X24Y5.YQ       Tcko                  0.307   strip_imp/dacspi_imp/STATE_FSM_FFd2
                                                       strip_imp/dacspi_imp/STATE_FSM_FFd2
    SLICE_X29Y9.F3       net (fanout=21)       1.184   strip_imp/dacspi_imp/STATE_FSM_FFd2
    SLICE_X29Y9.X        Tilo                  0.194   strip_imp/dacspi_imp/N43
                                                       strip_imp/dacspi_imp/SDI_mux000153
    SLICE_X25Y11.BY      net (fanout=8)        1.266   strip_imp/dacspi_imp/N43
    SLICE_X25Y11.CLK     Tsrck                 1.098   strip_imp/dacspi_imp/STATE_FSM_FFd3
                                                       strip_imp/dacspi_imp/STATE_FSM_FFd3
    -------------------------------------------------  ---------------------------
    Total                                      4.049ns (1.599ns logic, 2.450ns route)
                                                       (39.5% logic, 60.5% route)

--------------------------------------------------------------------------------

Paths for end point strip_imp/dacspi_imp/CS_1 (SLICE_X38Y42.G2), 4 paths
--------------------------------------------------------------------------------
Slack (setup path):     94.422ns (requirement - (data path - clock path skew + uncertainty))
  Source:               strip_imp/dacspi_imp/LATCHED_STROBE (FF)
  Destination:          strip_imp/dacspi_imp/CS_1 (FF)
  Requirement:          100.000ns
  Data Path Delay:      4.855ns (Levels of Logic = 2)
  Clock Path Skew:      -0.723ns (0.867 - 1.590)
  Source Clock:         secondary_clk rising at 0.000ns
  Destination Clock:    secondary_clk falling at 100.000ns
  Clock Uncertainty:    0.000ns

  Maximum Data Path: strip_imp/dacspi_imp/LATCHED_STROBE to strip_imp/dacspi_imp/CS_1
    Location             Delay type         Delay(ns)  Physical Resource
                                                       Logical Resource(s)
    -------------------------------------------------  -------------------
    SLICE_X24Y36.YQ      Tcko                  0.360   strip_imp/dacspi_imp/LATCHED_STROBE
                                                       strip_imp/dacspi_imp/LATCHED_STROBE
    SLICE_X29Y9.F2       net (fanout=7)        2.058   strip_imp/dacspi_imp/LATCHED_STROBE
    SLICE_X29Y9.X        Tilo                  0.194   strip_imp/dacspi_imp/N43
                                                       strip_imp/dacspi_imp/SDI_mux000153
    SLICE_X38Y42.G2      net (fanout=8)        1.981   strip_imp/dacspi_imp/N43
    SLICE_X38Y42.CLK     Tgck                  0.262   STRIP_DAC_CS<1>
                                                       strip_imp/dacspi_imp/CS_mux0001<1>1
                                                       strip_imp/dacspi_imp/CS_1
    -------------------------------------------------  ---------------------------
    Total                                      4.855ns (0.816ns logic, 4.039ns route)
                                                       (16.8% logic, 83.2% route)

--------------------------------------------------------------------------------
Slack (setup path):     195.686ns (requirement - (data path - clock path skew + uncertainty))
  Source:               strip_imp/dacspi_imp/STATE_FSM_FFd1 (FF)
  Destination:          strip_imp/dacspi_imp/CS_1 (FF)
  Requirement:          200.000ns
  Data Path Delay:      4.235ns (Levels of Logic = 2)
  Clock Path Skew:      -0.079ns (1.525 - 1.604)
  Source Clock:         secondary_clk falling at 100.000ns
  Destination Clock:    secondary_clk falling at 300.000ns
  Clock Uncertainty:    0.000ns

  Maximum Data Path: strip_imp/dacspi_imp/STATE_FSM_FFd1 to strip_imp/dacspi_imp/CS_1
    Location             Delay type         Delay(ns)  Physical Resource
                                                       Logical Resource(s)
    -------------------------------------------------  -------------------
    SLICE_X22Y4.YQ       Tcko                  0.307   strip_imp/dacspi_imp/STATE_FSM_FFd1
                                                       strip_imp/dacspi_imp/STATE_FSM_FFd1
    SLICE_X29Y9.F1       net (fanout=26)       1.491   strip_imp/dacspi_imp/STATE_FSM_FFd1
    SLICE_X29Y9.X        Tilo                  0.194   strip_imp/dacspi_imp/N43
                                                       strip_imp/dacspi_imp/SDI_mux000153
    SLICE_X38Y42.G2      net (fanout=8)        1.981   strip_imp/dacspi_imp/N43
    SLICE_X38Y42.CLK     Tgck                  0.262   STRIP_DAC_CS<1>
                                                       strip_imp/dacspi_imp/CS_mux0001<1>1
                                                       strip_imp/dacspi_imp/CS_1
    -------------------------------------------------  ---------------------------
    Total                                      4.235ns (0.763ns logic, 3.472ns route)
                                                       (18.0% logic, 82.0% route)

--------------------------------------------------------------------------------
Slack (setup path):     196.002ns (requirement - (data path - clock path skew + uncertainty))
  Source:               strip_imp/dacspi_imp/STATE_FSM_FFd2 (FF)
  Destination:          strip_imp/dacspi_imp/CS_1 (FF)
  Requirement:          200.000ns
  Data Path Delay:      3.928ns (Levels of Logic = 2)
  Clock Path Skew:      -0.070ns (1.525 - 1.595)
  Source Clock:         secondary_clk falling at 100.000ns
  Destination Clock:    secondary_clk falling at 300.000ns
  Clock Uncertainty:    0.000ns

  Maximum Data Path: strip_imp/dacspi_imp/STATE_FSM_FFd2 to strip_imp/dacspi_imp/CS_1
    Location             Delay type         Delay(ns)  Physical Resource
                                                       Logical Resource(s)
    -------------------------------------------------  -------------------
    SLICE_X24Y5.YQ       Tcko                  0.307   strip_imp/dacspi_imp/STATE_FSM_FFd2
                                                       strip_imp/dacspi_imp/STATE_FSM_FFd2
    SLICE_X29Y9.F3       net (fanout=21)       1.184   strip_imp/dacspi_imp/STATE_FSM_FFd2
    SLICE_X29Y9.X        Tilo                  0.194   strip_imp/dacspi_imp/N43
                                                       strip_imp/dacspi_imp/SDI_mux000153
    SLICE_X38Y42.G2      net (fanout=8)        1.981   strip_imp/dacspi_imp/N43
    SLICE_X38Y42.CLK     Tgck                  0.262   STRIP_DAC_CS<1>
                                                       strip_imp/dacspi_imp/CS_mux0001<1>1
                                                       strip_imp/dacspi_imp/CS_1
    -------------------------------------------------  ---------------------------
    Total                                      3.928ns (0.763ns logic, 3.165ns route)
                                                       (19.4% logic, 80.6% route)

--------------------------------------------------------------------------------

Paths for end point strip_imp/dacspi_imp/CS_0 (SLICE_X39Y43.G3), 4 paths
--------------------------------------------------------------------------------
Slack (setup path):     94.514ns (requirement - (data path - clock path skew + uncertainty))
  Source:               strip_imp/dacspi_imp/LATCHED_STROBE (FF)
  Destination:          strip_imp/dacspi_imp/CS_0 (FF)
  Requirement:          100.000ns
  Data Path Delay:      4.763ns (Levels of Logic = 2)
  Clock Path Skew:      -0.723ns (0.867 - 1.590)
  Source Clock:         secondary_clk rising at 0.000ns
  Destination Clock:    secondary_clk falling at 100.000ns
  Clock Uncertainty:    0.000ns

  Maximum Data Path: strip_imp/dacspi_imp/LATCHED_STROBE to strip_imp/dacspi_imp/CS_0
    Location             Delay type         Delay(ns)  Physical Resource
                                                       Logical Resource(s)
    -------------------------------------------------  -------------------
    SLICE_X24Y36.YQ      Tcko                  0.360   strip_imp/dacspi_imp/LATCHED_STROBE
                                                       strip_imp/dacspi_imp/LATCHED_STROBE
    SLICE_X29Y9.F2       net (fanout=7)        2.058   strip_imp/dacspi_imp/LATCHED_STROBE
    SLICE_X29Y9.X        Tilo                  0.194   strip_imp/dacspi_imp/N43
                                                       strip_imp/dacspi_imp/SDI_mux000153
    SLICE_X39Y43.G3      net (fanout=8)        1.870   strip_imp/dacspi_imp/N43
    SLICE_X39Y43.CLK     Tgck                  0.281   STRIP_DAC_CS<0>
                                                       strip_imp/dacspi_imp/CS_mux0001<0>1
                                                       strip_imp/dacspi_imp/CS_0
    -------------------------------------------------  ---------------------------
    Total                                      4.763ns (0.835ns logic, 3.928ns route)
                                                       (17.5% logic, 82.5% route)

--------------------------------------------------------------------------------
Slack (setup path):     195.778ns (requirement - (data path - clock path skew + uncertainty))
  Source:               strip_imp/dacspi_imp/STATE_FSM_FFd1 (FF)
  Destination:          strip_imp/dacspi_imp/CS_0 (FF)
  Requirement:          200.000ns
  Data Path Delay:      4.143ns (Levels of Logic = 2)
  Clock Path Skew:      -0.079ns (1.525 - 1.604)
  Source Clock:         secondary_clk falling at 100.000ns
  Destination Clock:    secondary_clk falling at 300.000ns
  Clock Uncertainty:    0.000ns

  Maximum Data Path: strip_imp/dacspi_imp/STATE_FSM_FFd1 to strip_imp/dacspi_imp/CS_0
    Location             Delay type         Delay(ns)  Physical Resource
                                                       Logical Resource(s)
    -------------------------------------------------  -------------------
    SLICE_X22Y4.YQ       Tcko                  0.307   strip_imp/dacspi_imp/STATE_FSM_FFd1
                                                       strip_imp/dacspi_imp/STATE_FSM_FFd1
    SLICE_X29Y9.F1       net (fanout=26)       1.491   strip_imp/dacspi_imp/STATE_FSM_FFd1
    SLICE_X29Y9.X        Tilo                  0.194   strip_imp/dacspi_imp/N43
                                                       strip_imp/dacspi_imp/SDI_mux000153
    SLICE_X39Y43.G3      net (fanout=8)        1.870   strip_imp/dacspi_imp/N43
    SLICE_X39Y43.CLK     Tgck                  0.281   STRIP_DAC_CS<0>
                                                       strip_imp/dacspi_imp/CS_mux0001<0>1
                                                       strip_imp/dacspi_imp/CS_0
    -------------------------------------------------  ---------------------------
    Total                                      4.143ns (0.782ns logic, 3.361ns route)
                                                       (18.9% logic, 81.1% route)

--------------------------------------------------------------------------------
Slack (setup path):     196.094ns (requirement - (data path - clock path skew + uncertainty))
  Source:               strip_imp/dacspi_imp/STATE_FSM_FFd2 (FF)
  Destination:          strip_imp/dacspi_imp/CS_0 (FF)
  Requirement:          200.000ns
  Data Path Delay:      3.836ns (Levels of Logic = 2)
  Clock Path Skew:      -0.070ns (1.525 - 1.595)
  Source Clock:         secondary_clk falling at 100.000ns
  Destination Clock:    secondary_clk falling at 300.000ns
  Clock Uncertainty:    0.000ns

  Maximum Data Path: strip_imp/dacspi_imp/STATE_FSM_FFd2 to strip_imp/dacspi_imp/CS_0
    Location             Delay type         Delay(ns)  Physical Resource
                                                       Logical Resource(s)
    -------------------------------------------------  -------------------
    SLICE_X24Y5.YQ       Tcko                  0.307   strip_imp/dacspi_imp/STATE_FSM_FFd2
                                                       strip_imp/dacspi_imp/STATE_FSM_FFd2
    SLICE_X29Y9.F3       net (fanout=21)       1.184   strip_imp/dacspi_imp/STATE_FSM_FFd2
    SLICE_X29Y9.X        Tilo                  0.194   strip_imp/dacspi_imp/N43
                                                       strip_imp/dacspi_imp/SDI_mux000153
    SLICE_X39Y43.G3      net (fanout=8)        1.870   strip_imp/dacspi_imp/N43
    SLICE_X39Y43.CLK     Tgck                  0.281   STRIP_DAC_CS<0>
                                                       strip_imp/dacspi_imp/CS_mux0001<0>1
                                                       strip_imp/dacspi_imp/CS_0
    -------------------------------------------------  ---------------------------
    Total                                      3.836ns (0.782ns logic, 3.054ns route)
                                                       (20.4% logic, 79.6% route)

--------------------------------------------------------------------------------

Hold Paths: TS_CLK5MHZ = PERIOD TIMEGRP "TN_CLK5MHZ" 5 MHz HIGH 50%;
--------------------------------------------------------------------------------

Paths for end point strip_imp/dacspi_imp/CS_1 (SLICE_X38Y42.G4), 1 path
--------------------------------------------------------------------------------
Slack (hold path):      0.529ns (requirement - (clock path skew + uncertainty - data path))
  Source:               strip_imp/dacspi_imp/CS_1 (FF)
  Destination:          strip_imp/dacspi_imp/CS_1 (FF)
  Requirement:          0.000ns
  Data Path Delay:      0.529ns (Levels of Logic = 1)
  Clock Path Skew:      0.000ns
  Source Clock:         secondary_clk falling at 300.000ns
  Destination Clock:    secondary_clk falling at 300.000ns
  Clock Uncertainty:    0.000ns

  Minimum Data Path: strip_imp/dacspi_imp/CS_1 to strip_imp/dacspi_imp/CS_1
    Location             Delay type         Delay(ns)  Physical Resource
                                                       Logical Resource(s)
    -------------------------------------------------  -------------------
    SLICE_X38Y42.YQ      Tcko                  0.282   STRIP_DAC_CS<1>
                                                       strip_imp/dacspi_imp/CS_1
    SLICE_X38Y42.G4      net (fanout=2)        0.337   STRIP_DAC_CS<1>
    SLICE_X38Y42.CLK     Tckg        (-Th)     0.090   STRIP_DAC_CS<1>
                                                       strip_imp/dacspi_imp/CS_mux0001<1>1
                                                       strip_imp/dacspi_imp/CS_1
    -------------------------------------------------  ---------------------------
    Total                                      0.529ns (0.192ns logic, 0.337ns route)
                                                       (36.3% logic, 63.7% route)

--------------------------------------------------------------------------------

Paths for end point strip_imp/dacspi_imp/IBIT_1 (SLICE_X22Y6.F3), 1 path
--------------------------------------------------------------------------------
Slack (hold path):      0.623ns (requirement - (clock path skew + uncertainty - data path))
  Source:               strip_imp/dacspi_imp/IBIT_1 (FF)
  Destination:          strip_imp/dacspi_imp/IBIT_1 (FF)
  Requirement:          0.000ns
  Data Path Delay:      0.623ns (Levels of Logic = 1)
  Clock Path Skew:      0.000ns
  Source Clock:         secondary_clk falling at 300.000ns
  Destination Clock:    secondary_clk falling at 300.000ns
  Clock Uncertainty:    0.000ns

  Minimum Data Path: strip_imp/dacspi_imp/IBIT_1 to strip_imp/dacspi_imp/IBIT_1
    Location             Delay type         Delay(ns)  Physical Resource
                                                       Logical Resource(s)
    -------------------------------------------------  -------------------
    SLICE_X22Y6.XQ       Tcko                  0.282   strip_imp/dacspi_imp/IBIT<1>
                                                       strip_imp/dacspi_imp/IBIT_1
    SLICE_X22Y6.F3       net (fanout=13)       0.429   strip_imp/dacspi_imp/IBIT<1>
    SLICE_X22Y6.CLK      Tckf        (-Th)     0.088   strip_imp/dacspi_imp/IBIT<1>
                                                       strip_imp/dacspi_imp/IBIT_mux0000<1>
                                                       strip_imp/dacspi_imp/IBIT_1
    -------------------------------------------------  ---------------------------
    Total                                      0.623ns (0.194ns logic, 0.429ns route)
                                                       (31.1% logic, 68.9% route)

--------------------------------------------------------------------------------

Paths for end point strip_imp/dacspi_imp/STATE_FSM_FFd1 (SLICE_X22Y4.G4), 1 path
--------------------------------------------------------------------------------
Slack (hold path):      0.647ns (requirement - (clock path skew + uncertainty - data path))
  Source:               strip_imp/dacspi_imp/STATE_FSM_FFd2 (FF)
  Destination:          strip_imp/dacspi_imp/STATE_FSM_FFd1 (FF)
  Requirement:          0.000ns
  Data Path Delay:      0.665ns (Levels of Logic = 1)
  Clock Path Skew:      0.018ns (0.123 - 0.105)
  Source Clock:         secondary_clk falling at 300.000ns
  Destination Clock:    secondary_clk falling at 300.000ns
  Clock Uncertainty:    0.000ns

  Minimum Data Path: strip_imp/dacspi_imp/STATE_FSM_FFd2 to strip_imp/dacspi_imp/STATE_FSM_FFd1
    Location             Delay type         Delay(ns)  Physical Resource
                                                       Logical Resource(s)
    -------------------------------------------------  -------------------
    SLICE_X24Y5.YQ       Tcko                  0.282   strip_imp/dacspi_imp/STATE_FSM_FFd2
                                                       strip_imp/dacspi_imp/STATE_FSM_FFd2
    SLICE_X22Y4.G4       net (fanout=21)       0.473   strip_imp/dacspi_imp/STATE_FSM_FFd2
    SLICE_X22Y4.CLK      Tckg        (-Th)     0.090   strip_imp/dacspi_imp/STATE_FSM_FFd1
                                                       strip_imp/dacspi_imp/STATE_FSM_FFd1-In24
                                                       strip_imp/dacspi_imp/STATE_FSM_FFd1
    -------------------------------------------------  ---------------------------
    Total                                      0.665ns (0.192ns logic, 0.473ns route)
                                                       (28.9% logic, 71.1% route)

--------------------------------------------------------------------------------

Component Switching Limit Checks: TS_CLK5MHZ = PERIOD TIMEGRP "TN_CLK5MHZ" 5 MHz HIGH 50%;
--------------------------------------------------------------------------------
Slack: 198.942ns (period - (min low pulse limit / (low pulse / period)))
  Period: 200.000ns
  Low pulse: 100.000ns
  Low pulse limit: 0.529ns (Tcl)
  Physical resource: strip_imp/dacspi_imp/JBIT<1>/CLK
  Logical resource: strip_imp/dacspi_imp/JBIT_1/CK
  Location pin: SLICE_X22Y3.CLK
  Clock network: secondary_clk
--------------------------------------------------------------------------------
Slack: 198.942ns (period - (min low pulse limit / (low pulse / period)))
  Period: 200.000ns
  Low pulse: 100.000ns
  Low pulse limit: 0.529ns (Tcl)
  Physical resource: STRIP_DAC_CS<0>/CLK
  Logical resource: strip_imp/dacspi_imp/CS_0/CK
  Location pin: SLICE_X39Y43.CLK
  Clock network: secondary_clk
--------------------------------------------------------------------------------
Slack: 198.942ns (period - (min low pulse limit / (low pulse / period)))
  Period: 200.000ns
  Low pulse: 100.000ns
  Low pulse limit: 0.529ns (Tcl)
  Physical resource: STRIP_DAC_CS<1>/CLK
  Logical resource: strip_imp/dacspi_imp/CS_1/CK
  Location pin: SLICE_X38Y42.CLK
  Clock network: secondary_clk
--------------------------------------------------------------------------------

================================================================================
Timing constraint: TS_CLK15NS_PAD = PERIOD TIMEGRP "CLK15NS_PAD" 15 ns HIGH 
50%;
For more information, see Period Analysis in the Timing Closure User Guide (UG612).

 2670 paths analyzed, 204 endpoints analyzed, 0 failing endpoints
 0 timing errors detected. (0 setup errors, 0 hold errors, 0 component switching limit errors)
 Minimum period is   5.529ns.
--------------------------------------------------------------------------------

Paths for end point strip_imp/busclk_count_2 (SLICE_X11Y33.SR), 32 paths
--------------------------------------------------------------------------------
Slack (setup path):     9.471ns (requirement - (data path - clock path skew + uncertainty))
  Source:               strip_imp/busclk_count_30 (FF)
  Destination:          strip_imp/busclk_count_2 (FF)
  Requirement:          15.000ns
  Data Path Delay:      5.529ns (Levels of Logic = 3)
  Clock Path Skew:      0.000ns
  Source Clock:         CLK15NS rising at 0.000ns
  Destination Clock:    CLK15NS rising at 15.000ns
  Clock Uncertainty:    0.000ns

  Maximum Data Path: strip_imp/busclk_count_30 to strip_imp/busclk_count_2
    Location             Delay type         Delay(ns)  Physical Resource
                                                       Logical Resource(s)
    -------------------------------------------------  -------------------
    SLICE_X9Y47.YQ       Tcko                  0.340   strip_imp/busclk_count<30>
                                                       strip_imp/busclk_count_30
    SLICE_X8Y45.G1       net (fanout=2)        0.591   strip_imp/busclk_count<30>
    SLICE_X8Y45.Y        Tilo                  0.195   strip_imp/N386
                                                       strip_imp/please_count_cmp_eq00001_2
    SLICE_X8Y45.F3       net (fanout=1)        0.213   strip_imp/please_count_cmp_eq00001_2
    SLICE_X8Y45.X        Tilo                  0.195   strip_imp/N386
                                                       strip_imp/please_count_cmp_eq00001
    SLICE_X11Y39.F3      net (fanout=3)        0.626   strip_imp/N386
    SLICE_X11Y39.XB      Topxb                 0.581   strip_imp/please_count_cmp_eq0000
                                                       strip_imp/please_count_cmp_eq0000_wg_lut<6>
                                                       strip_imp/please_count_cmp_eq0000_wg_cy<6>
    SLICE_X11Y33.SR      net (fanout=31)       1.751   strip_imp/please_count_cmp_eq0000
    SLICE_X11Y33.CLK     Tsrck                 1.037   strip_imp/busclk_count<2>
                                                       strip_imp/busclk_count_2
    -------------------------------------------------  ---------------------------
    Total                                      5.529ns (2.348ns logic, 3.181ns route)
                                                       (42.5% logic, 57.5% route)

--------------------------------------------------------------------------------
Slack (setup path):     9.495ns (requirement - (data path - clock path skew + uncertainty))
  Source:               strip_imp/busclk_count_28 (FF)
  Destination:          strip_imp/busclk_count_2 (FF)
  Requirement:          15.000ns
  Data Path Delay:      5.505ns (Levels of Logic = 3)
  Clock Path Skew:      0.000ns
  Source Clock:         CLK15NS rising at 0.000ns
  Destination Clock:    CLK15NS rising at 15.000ns
  Clock Uncertainty:    0.000ns

  Maximum Data Path: strip_imp/busclk_count_28 to strip_imp/busclk_count_2
    Location             Delay type         Delay(ns)  Physical Resource
                                                       Logical Resource(s)
    -------------------------------------------------  -------------------
    SLICE_X8Y44.YQ       Tcko                  0.360   strip_imp/busclk_count<27>
                                                       strip_imp/busclk_count_28
    SLICE_X8Y45.G2       net (fanout=2)        0.547   strip_imp/busclk_count<28>
    SLICE_X8Y45.Y        Tilo                  0.195   strip_imp/N386
                                                       strip_imp/please_count_cmp_eq00001_2
    SLICE_X8Y45.F3       net (fanout=1)        0.213   strip_imp/please_count_cmp_eq00001_2
    SLICE_X8Y45.X        Tilo                  0.195   strip_imp/N386
                                                       strip_imp/please_count_cmp_eq00001
    SLICE_X11Y39.F3      net (fanout=3)        0.626   strip_imp/N386
    SLICE_X11Y39.XB      Topxb                 0.581   strip_imp/please_count_cmp_eq0000
                                                       strip_imp/please_count_cmp_eq0000_wg_lut<6>
                                                       strip_imp/please_count_cmp_eq0000_wg_cy<6>
    SLICE_X11Y33.SR      net (fanout=31)       1.751   strip_imp/please_count_cmp_eq0000
    SLICE_X11Y33.CLK     Tsrck                 1.037   strip_imp/busclk_count<2>
                                                       strip_imp/busclk_count_2
    -------------------------------------------------  ---------------------------
    Total                                      5.505ns (2.368ns logic, 3.137ns route)
                                                       (43.0% logic, 57.0% route)

--------------------------------------------------------------------------------
Slack (setup path):     9.580ns (requirement - (data path - clock path skew + uncertainty))
  Source:               strip_imp/busclk_count_31 (FF)
  Destination:          strip_imp/busclk_count_2 (FF)
  Requirement:          15.000ns
  Data Path Delay:      5.420ns (Levels of Logic = 3)
  Clock Path Skew:      0.000ns
  Source Clock:         CLK15NS rising at 0.000ns
  Destination Clock:    CLK15NS rising at 15.000ns
  Clock Uncertainty:    0.000ns

  Maximum Data Path: strip_imp/busclk_count_31 to strip_imp/busclk_count_2
    Location             Delay type         Delay(ns)  Physical Resource
                                                       Logical Resource(s)
    -------------------------------------------------  -------------------
    SLICE_X8Y46.YQ       Tcko                  0.360   strip_imp/busclk_count<31>
                                                       strip_imp/busclk_count_31
    SLICE_X8Y45.G3       net (fanout=2)        0.462   strip_imp/busclk_count<31>
    SLICE_X8Y45.Y        Tilo                  0.195   strip_imp/N386
                                                       strip_imp/please_count_cmp_eq00001_2
    SLICE_X8Y45.F3       net (fanout=1)        0.213   strip_imp/please_count_cmp_eq00001_2
    SLICE_X8Y45.X        Tilo                  0.195   strip_imp/N386
                                                       strip_imp/please_count_cmp_eq00001
    SLICE_X11Y39.F3      net (fanout=3)        0.626   strip_imp/N386
    SLICE_X11Y39.XB      Topxb                 0.581   strip_imp/please_count_cmp_eq0000
                                                       strip_imp/please_count_cmp_eq0000_wg_lut<6>
                                                       strip_imp/please_count_cmp_eq0000_wg_cy<6>
    SLICE_X11Y33.SR      net (fanout=31)       1.751   strip_imp/please_count_cmp_eq0000
    SLICE_X11Y33.CLK     Tsrck                 1.037   strip_imp/busclk_count<2>
                                                       strip_imp/busclk_count_2
    -------------------------------------------------  ---------------------------
    Total                                      5.420ns (2.368ns logic, 3.052ns route)
                                                       (43.7% logic, 56.3% route)

--------------------------------------------------------------------------------

Paths for end point strip_imp/busclk_count_3 (SLICE_X11Y33.SR), 32 paths
--------------------------------------------------------------------------------
Slack (setup path):     9.471ns (requirement - (data path - clock path skew + uncertainty))
  Source:               strip_imp/busclk_count_30 (FF)
  Destination:          strip_imp/busclk_count_3 (FF)
  Requirement:          15.000ns
  Data Path Delay:      5.529ns (Levels of Logic = 3)
  Clock Path Skew:      0.000ns
  Source Clock:         CLK15NS rising at 0.000ns
  Destination Clock:    CLK15NS rising at 15.000ns
  Clock Uncertainty:    0.000ns

  Maximum Data Path: strip_imp/busclk_count_30 to strip_imp/busclk_count_3
    Location             Delay type         Delay(ns)  Physical Resource
                                                       Logical Resource(s)
    -------------------------------------------------  -------------------
    SLICE_X9Y47.YQ       Tcko                  0.340   strip_imp/busclk_count<30>
                                                       strip_imp/busclk_count_30
    SLICE_X8Y45.G1       net (fanout=2)        0.591   strip_imp/busclk_count<30>
    SLICE_X8Y45.Y        Tilo                  0.195   strip_imp/N386
                                                       strip_imp/please_count_cmp_eq00001_2
    SLICE_X8Y45.F3       net (fanout=1)        0.213   strip_imp/please_count_cmp_eq00001_2
    SLICE_X8Y45.X        Tilo                  0.195   strip_imp/N386
                                                       strip_imp/please_count_cmp_eq00001
    SLICE_X11Y39.F3      net (fanout=3)        0.626   strip_imp/N386
    SLICE_X11Y39.XB      Topxb                 0.581   strip_imp/please_count_cmp_eq0000
                                                       strip_imp/please_count_cmp_eq0000_wg_lut<6>
                                                       strip_imp/please_count_cmp_eq0000_wg_cy<6>
    SLICE_X11Y33.SR      net (fanout=31)       1.751   strip_imp/please_count_cmp_eq0000
    SLICE_X11Y33.CLK     Tsrck                 1.037   strip_imp/busclk_count<2>
                                                       strip_imp/busclk_count_3
    -------------------------------------------------  ---------------------------
    Total                                      5.529ns (2.348ns logic, 3.181ns route)
                                                       (42.5% logic, 57.5% route)

--------------------------------------------------------------------------------
Slack (setup path):     9.495ns (requirement - (data path - clock path skew + uncertainty))
  Source:               strip_imp/busclk_count_28 (FF)
  Destination:          strip_imp/busclk_count_3 (FF)
  Requirement:          15.000ns
  Data Path Delay:      5.505ns (Levels of Logic = 3)
  Clock Path Skew:      0.000ns
  Source Clock:         CLK15NS rising at 0.000ns
  Destination Clock:    CLK15NS rising at 15.000ns
  Clock Uncertainty:    0.000ns

  Maximum Data Path: strip_imp/busclk_count_28 to strip_imp/busclk_count_3
    Location             Delay type         Delay(ns)  Physical Resource
                                                       Logical Resource(s)
    -------------------------------------------------  -------------------
    SLICE_X8Y44.YQ       Tcko                  0.360   strip_imp/busclk_count<27>
                                                       strip_imp/busclk_count_28
    SLICE_X8Y45.G2       net (fanout=2)        0.547   strip_imp/busclk_count<28>
    SLICE_X8Y45.Y        Tilo                  0.195   strip_imp/N386
                                                       strip_imp/please_count_cmp_eq00001_2
    SLICE_X8Y45.F3       net (fanout=1)        0.213   strip_imp/please_count_cmp_eq00001_2
    SLICE_X8Y45.X        Tilo                  0.195   strip_imp/N386
                                                       strip_imp/please_count_cmp_eq00001
    SLICE_X11Y39.F3      net (fanout=3)        0.626   strip_imp/N386
    SLICE_X11Y39.XB      Topxb                 0.581   strip_imp/please_count_cmp_eq0000
                                                       strip_imp/please_count_cmp_eq0000_wg_lut<6>
                                                       strip_imp/please_count_cmp_eq0000_wg_cy<6>
    SLICE_X11Y33.SR      net (fanout=31)       1.751   strip_imp/please_count_cmp_eq0000
    SLICE_X11Y33.CLK     Tsrck                 1.037   strip_imp/busclk_count<2>
                                                       strip_imp/busclk_count_3
    -------------------------------------------------  ---------------------------
    Total                                      5.505ns (2.368ns logic, 3.137ns route)
                                                       (43.0% logic, 57.0% route)

--------------------------------------------------------------------------------
Slack (setup path):     9.580ns (requirement - (data path - clock path skew + uncertainty))
  Source:               strip_imp/busclk_count_31 (FF)
  Destination:          strip_imp/busclk_count_3 (FF)
  Requirement:          15.000ns
  Data Path Delay:      5.420ns (Levels of Logic = 3)
  Clock Path Skew:      0.000ns
  Source Clock:         CLK15NS rising at 0.000ns
  Destination Clock:    CLK15NS rising at 15.000ns
  Clock Uncertainty:    0.000ns

  Maximum Data Path: strip_imp/busclk_count_31 to strip_imp/busclk_count_3
    Location             Delay type         Delay(ns)  Physical Resource
                                                       Logical Resource(s)
    -------------------------------------------------  -------------------
    SLICE_X8Y46.YQ       Tcko                  0.360   strip_imp/busclk_count<31>
                                                       strip_imp/busclk_count_31
    SLICE_X8Y45.G3       net (fanout=2)        0.462   strip_imp/busclk_count<31>
    SLICE_X8Y45.Y        Tilo                  0.195   strip_imp/N386
                                                       strip_imp/please_count_cmp_eq00001_2
    SLICE_X8Y45.F3       net (fanout=1)        0.213   strip_imp/please_count_cmp_eq00001_2
    SLICE_X8Y45.X        Tilo                  0.195   strip_imp/N386
                                                       strip_imp/please_count_cmp_eq00001
    SLICE_X11Y39.F3      net (fanout=3)        0.626   strip_imp/N386
    SLICE_X11Y39.XB      Topxb                 0.581   strip_imp/please_count_cmp_eq0000
                                                       strip_imp/please_count_cmp_eq0000_wg_lut<6>
                                                       strip_imp/please_count_cmp_eq0000_wg_cy<6>
    SLICE_X11Y33.SR      net (fanout=31)       1.751   strip_imp/please_count_cmp_eq0000
    SLICE_X11Y33.CLK     Tsrck                 1.037   strip_imp/busclk_count<2>
                                                       strip_imp/busclk_count_3
    -------------------------------------------------  ---------------------------
    Total                                      5.420ns (2.368ns logic, 3.052ns route)
                                                       (43.7% logic, 56.3% route)

--------------------------------------------------------------------------------

Paths for end point strip_imp/busclk_count_5 (SLICE_X10Y33.SR), 32 paths
--------------------------------------------------------------------------------
Slack (setup path):     9.770ns (requirement - (data path - clock path skew + uncertainty))
  Source:               strip_imp/busclk_count_30 (FF)
  Destination:          strip_imp/busclk_count_5 (FF)
  Requirement:          15.000ns
  Data Path Delay:      5.230ns (Levels of Logic = 3)
  Clock Path Skew:      0.000ns
  Source Clock:         CLK15NS rising at 0.000ns
  Destination Clock:    CLK15NS rising at 15.000ns
  Clock Uncertainty:    0.000ns

  Maximum Data Path: strip_imp/busclk_count_30 to strip_imp/busclk_count_5
    Location             Delay type         Delay(ns)  Physical Resource
                                                       Logical Resource(s)
    -------------------------------------------------  -------------------
    SLICE_X9Y47.YQ       Tcko                  0.340   strip_imp/busclk_count<30>
                                                       strip_imp/busclk_count_30
    SLICE_X8Y45.G1       net (fanout=2)        0.591   strip_imp/busclk_count<30>
    SLICE_X8Y45.Y        Tilo                  0.195   strip_imp/N386
                                                       strip_imp/please_count_cmp_eq00001_2
    SLICE_X8Y45.F3       net (fanout=1)        0.213   strip_imp/please_count_cmp_eq00001_2
    SLICE_X8Y45.X        Tilo                  0.195   strip_imp/N386
                                                       strip_imp/please_count_cmp_eq00001
    SLICE_X11Y39.F3      net (fanout=3)        0.626   strip_imp/N386
    SLICE_X11Y39.XB      Topxb                 0.581   strip_imp/please_count_cmp_eq0000
                                                       strip_imp/please_count_cmp_eq0000_wg_lut<6>
                                                       strip_imp/please_count_cmp_eq0000_wg_cy<6>
    SLICE_X10Y33.SR      net (fanout=31)       1.332   strip_imp/please_count_cmp_eq0000
    SLICE_X10Y33.CLK     Tsrck                 1.157   strip_imp/busclk_count<5>
                                                       strip_imp/busclk_count_5
    -------------------------------------------------  ---------------------------
    Total                                      5.230ns (2.468ns logic, 2.762ns route)
                                                       (47.2% logic, 52.8% route)

--------------------------------------------------------------------------------
Slack (setup path):     9.794ns (requirement - (data path - clock path skew + uncertainty))
  Source:               strip_imp/busclk_count_28 (FF)
  Destination:          strip_imp/busclk_count_5 (FF)
  Requirement:          15.000ns
  Data Path Delay:      5.206ns (Levels of Logic = 3)
  Clock Path Skew:      0.000ns
  Source Clock:         CLK15NS rising at 0.000ns
  Destination Clock:    CLK15NS rising at 15.000ns
  Clock Uncertainty:    0.000ns

  Maximum Data Path: strip_imp/busclk_count_28 to strip_imp/busclk_count_5
    Location             Delay type         Delay(ns)  Physical Resource
                                                       Logical Resource(s)
    -------------------------------------------------  -------------------
    SLICE_X8Y44.YQ       Tcko                  0.360   strip_imp/busclk_count<27>
                                                       strip_imp/busclk_count_28
    SLICE_X8Y45.G2       net (fanout=2)        0.547   strip_imp/busclk_count<28>
    SLICE_X8Y45.Y        Tilo                  0.195   strip_imp/N386
                                                       strip_imp/please_count_cmp_eq00001_2
    SLICE_X8Y45.F3       net (fanout=1)        0.213   strip_imp/please_count_cmp_eq00001_2
    SLICE_X8Y45.X        Tilo                  0.195   strip_imp/N386
                                                       strip_imp/please_count_cmp_eq00001
    SLICE_X11Y39.F3      net (fanout=3)        0.626   strip_imp/N386
    SLICE_X11Y39.XB      Topxb                 0.581   strip_imp/please_count_cmp_eq0000
                                                       strip_imp/please_count_cmp_eq0000_wg_lut<6>
                                                       strip_imp/please_count_cmp_eq0000_wg_cy<6>
    SLICE_X10Y33.SR      net (fanout=31)       1.332   strip_imp/please_count_cmp_eq0000
    SLICE_X10Y33.CLK     Tsrck                 1.157   strip_imp/busclk_count<5>
                                                       strip_imp/busclk_count_5
    -------------------------------------------------  ---------------------------
    Total                                      5.206ns (2.488ns logic, 2.718ns route)
                                                       (47.8% logic, 52.2% route)

--------------------------------------------------------------------------------
Slack (setup path):     9.879ns (requirement - (data path - clock path skew + uncertainty))
  Source:               strip_imp/busclk_count_31 (FF)
  Destination:          strip_imp/busclk_count_5 (FF)
  Requirement:          15.000ns
  Data Path Delay:      5.121ns (Levels of Logic = 3)
  Clock Path Skew:      0.000ns
  Source Clock:         CLK15NS rising at 0.000ns
  Destination Clock:    CLK15NS rising at 15.000ns
  Clock Uncertainty:    0.000ns

  Maximum Data Path: strip_imp/busclk_count_31 to strip_imp/busclk_count_5
    Location             Delay type         Delay(ns)  Physical Resource
                                                       Logical Resource(s)
    -------------------------------------------------  -------------------
    SLICE_X8Y46.YQ       Tcko                  0.360   strip_imp/busclk_count<31>
                                                       strip_imp/busclk_count_31
    SLICE_X8Y45.G3       net (fanout=2)        0.462   strip_imp/busclk_count<31>
    SLICE_X8Y45.Y        Tilo                  0.195   strip_imp/N386
                                                       strip_imp/please_count_cmp_eq00001_2
    SLICE_X8Y45.F3       net (fanout=1)        0.213   strip_imp/please_count_cmp_eq00001_2
    SLICE_X8Y45.X        Tilo                  0.195   strip_imp/N386
                                                       strip_imp/please_count_cmp_eq00001
    SLICE_X11Y39.F3      net (fanout=3)        0.626   strip_imp/N386
    SLICE_X11Y39.XB      Topxb                 0.581   strip_imp/please_count_cmp_eq0000
                                                       strip_imp/please_count_cmp_eq0000_wg_lut<6>
                                                       strip_imp/please_count_cmp_eq0000_wg_cy<6>
    SLICE_X10Y33.SR      net (fanout=31)       1.332   strip_imp/please_count_cmp_eq0000
    SLICE_X10Y33.CLK     Tsrck                 1.157   strip_imp/busclk_count<5>
                                                       strip_imp/busclk_count_5
    -------------------------------------------------  ---------------------------
    Total                                      5.121ns (2.488ns logic, 2.633ns route)
                                                       (48.6% logic, 51.4% route)

--------------------------------------------------------------------------------

Hold Paths: TS_CLK15NS_PAD = PERIOD TIMEGRP "CLK15NS_PAD" 15 ns HIGH 50%;
--------------------------------------------------------------------------------

Paths for end point strip_imp/please_count (SLICE_X10Y43.G4), 1 path
--------------------------------------------------------------------------------
Slack (hold path):      0.535ns (requirement - (clock path skew + uncertainty - data path))
  Source:               strip_imp/busclk_count_23 (FF)
  Destination:          strip_imp/please_count (FF)
  Requirement:          0.000ns
  Data Path Delay:      0.535ns (Levels of Logic = 1)
  Clock Path Skew:      0.000ns
  Source Clock:         CLK15NS rising at 15.000ns
  Destination Clock:    CLK15NS rising at 15.000ns
  Clock Uncertainty:    0.000ns

  Minimum Data Path: strip_imp/busclk_count_23 to strip_imp/please_count
    Location             Delay type         Delay(ns)  Physical Resource
                                                       Logical Resource(s)
    -------------------------------------------------  -------------------
    SLICE_X11Y43.XQ      Tcko                  0.313   strip_imp/busclk_count<23>
                                                       strip_imp/busclk_count_23
    SLICE_X10Y43.G4      net (fanout=4)        0.365   strip_imp/busclk_count<23>
    SLICE_X10Y43.CLK     Tckg        (-Th)     0.143   strip_imp/please_count
                                                       strip_imp/please_count_mux000311
                                                       strip_imp/please_count
    -------------------------------------------------  ---------------------------
    Total                                      0.535ns (0.170ns logic, 0.365ns route)
                                                       (31.8% logic, 68.2% route)

--------------------------------------------------------------------------------

Paths for end point strip_imp/busclk_count_16 (SLICE_X8Y38.G4), 1 path
--------------------------------------------------------------------------------
Slack (hold path):      0.580ns (requirement - (clock path skew + uncertainty - data path))
  Source:               strip_imp/busclk_count_20 (FF)
  Destination:          strip_imp/busclk_count_16 (FF)
  Requirement:          0.000ns
  Data Path Delay:      0.583ns (Levels of Logic = 1)
  Clock Path Skew:      0.003ns (0.131 - 0.128)
  Source Clock:         CLK15NS rising at 15.000ns
  Destination Clock:    CLK15NS rising at 15.000ns
  Clock Uncertainty:    0.000ns

  Minimum Data Path: strip_imp/busclk_count_20 to strip_imp/busclk_count_16
    Location             Delay type         Delay(ns)  Physical Resource
                                                       Logical Resource(s)
    -------------------------------------------------  -------------------
    SLICE_X8Y41.YQ       Tcko                  0.331   strip_imp/busclk_count<20>
                                                       strip_imp/busclk_count_20
    SLICE_X8Y38.G4       net (fanout=17)       0.395   strip_imp/busclk_count<20>
    SLICE_X8Y38.CLK      Tckg        (-Th)     0.143   strip_imp/busclk_count<16>
                                                       strip_imp/busclk_count_mux0004<16>111
                                                       strip_imp/busclk_count_16
    -------------------------------------------------  ---------------------------
    Total                                      0.583ns (0.188ns logic, 0.395ns route)
                                                       (32.2% logic, 67.8% route)

--------------------------------------------------------------------------------

Paths for end point strip_imp/busclk_count_21 (SLICE_X11Y40.G4), 1 path
--------------------------------------------------------------------------------
Slack (hold path):      0.599ns (requirement - (clock path skew + uncertainty - data path))
  Source:               strip_imp/busclk_count_21 (FF)
  Destination:          strip_imp/busclk_count_21 (FF)
  Requirement:          0.000ns
  Data Path Delay:      0.599ns (Levels of Logic = 1)
  Clock Path Skew:      0.000ns
  Source Clock:         CLK15NS rising at 15.000ns
  Destination Clock:    CLK15NS rising at 15.000ns
  Clock Uncertainty:    0.000ns

  Minimum Data Path: strip_imp/busclk_count_21 to strip_imp/busclk_count_21
    Location             Delay type         Delay(ns)  Physical Resource
                                                       Logical Resource(s)
    -------------------------------------------------  -------------------
    SLICE_X11Y40.YQ      Tcko                  0.313   strip_imp/busclk_count<21>
                                                       strip_imp/busclk_count_21
    SLICE_X11Y40.G4      net (fanout=18)       0.411   strip_imp/busclk_count<21>
    SLICE_X11Y40.CLK     Tckg        (-Th)     0.125   strip_imp/busclk_count<21>
                                                       strip_imp/busclk_count_mux0004<21>111
                                                       strip_imp/busclk_count_21
    -------------------------------------------------  ---------------------------
    Total                                      0.599ns (0.188ns logic, 0.411ns route)
                                                       (31.4% logic, 68.6% route)

--------------------------------------------------------------------------------

Component Switching Limit Checks: TS_CLK15NS_PAD = PERIOD TIMEGRP "CLK15NS_PAD" 15 ns HIGH 50%;
--------------------------------------------------------------------------------
Slack: 13.051ns (period - min period limit)
  Period: 15.000ns
  Min period limit: 1.949ns (513.084MHz) (Tbcper_I1)
  Physical resource: strip_imp/stripclk_imp/bcoclkmux/I0
  Logical resource: strip_imp/stripclk_imp/bcoclkmux/I0
  Location pin: BUFGCTRL_X0Y29.I0
  Clock network: CLK15NS
--------------------------------------------------------------------------------
Slack: 13.051ns (period - min period limit)
  Period: 15.000ns
  Min period limit: 1.949ns (513.084MHz) (Tbcper_I0)
  Physical resource: strip_imp/stripclk_imp/bcoclkmux/I1
  Logical resource: strip_imp/stripclk_imp/bcoclkmux/I1
  Location pin: BUFGCTRL_X0Y29.I1
  Clock network: ext_clk
--------------------------------------------------------------------------------
Slack: 13.942ns (period - (min low pulse limit / (low pulse / period)))
  Period: 15.000ns
  Low pulse: 7.500ns
  Low pulse limit: 0.529ns (Tcl)
  Physical resource: strip_imp/stripclk_imp/clkz_watchdog_low_timer<0>/CLK
  Logical resource: strip_imp/stripclk_imp/clkz_watchdog_low_timer_0/CK
  Location pin: SLICE_X28Y164.CLK
  Clock network: strip_imp/stripclk_imp/clk_z_src
--------------------------------------------------------------------------------

================================================================================
Timing constraint: TS_EXT_CLK_PAD_P = PERIOD TIMEGRP "EXT_CLK_PAD_P" 37 ns HIGH 
50%;
For more information, see Period Analysis in the Timing Closure User Guide (UG612).

 1728 paths analyzed, 282 endpoints analyzed, 0 failing endpoints
 0 timing errors detected. (0 setup errors, 0 hold errors, 0 component switching limit errors)
 Minimum period is  10.280ns.
--------------------------------------------------------------------------------

Paths for end point strip_imp/start_count_4 (SLICE_X13Y120.CE), 3 paths
--------------------------------------------------------------------------------
Slack (setup path):     13.360ns (requirement - (data path - clock path skew + uncertainty))
  Source:               startpattern_imp/DLY_3 (FF)
  Destination:          strip_imp/start_count_4 (FF)
  Requirement:          18.500ns
  Data Path Delay:      5.140ns (Levels of Logic = 2)
  Clock Path Skew:      0.000ns
  Source Clock:         ext_clk falling at 18.500ns
  Destination Clock:    ext_clk rising at 37.000ns
  Clock Uncertainty:    0.000ns

  Maximum Data Path: startpattern_imp/DLY_3 to strip_imp/start_count_4
    Location             Delay type         Delay(ns)  Physical Resource
                                                       Logical Resource(s)
    -------------------------------------------------  -------------------
    SLICE_X5Y154.YQ      Tcko                  0.286   START
                                                       startpattern_imp/DLY_3
    SLICE_X8Y155.F2      net (fanout=2)        0.774   START
    SLICE_X8Y155.X       Tilo                  0.195   local_start<0>
                                                       start_OR1
    SLICE_X13Y126.F1     net (fanout=6)        2.266   start_OR
    SLICE_X13Y126.X      Tilo                  0.194   strip_imp/start_count_and0000
                                                       strip_imp/start_count_and00001
    SLICE_X13Y120.CE     net (fanout=8)        0.872   strip_imp/start_count_and0000
    SLICE_X13Y120.CLK    Tceck                 0.553   strip_imp/start_count<4>
                                                       strip_imp/start_count_4
    -------------------------------------------------  ---------------------------
    Total                                      5.140ns (1.228ns logic, 3.912ns route)
                                                       (23.9% logic, 76.1% route)

--------------------------------------------------------------------------------
Slack (setup path):     31.319ns (requirement - (data path - clock path skew + uncertainty))
  Source:               startpattern_imp_alt/DLY_3 (FF)
  Destination:          strip_imp/start_count_4 (FF)
  Requirement:          37.000ns
  Data Path Delay:      5.681ns (Levels of Logic = 2)
  Clock Path Skew:      0.000ns
  Source Clock:         ext_clk rising at 0.000ns
  Destination Clock:    ext_clk rising at 37.000ns
  Clock Uncertainty:    0.000ns

  Maximum Data Path: startpattern_imp_alt/DLY_3 to strip_imp/start_count_4
    Location             Delay type         Delay(ns)  Physical Resource
                                                       Logical Resource(s)
    -------------------------------------------------  -------------------
    SLICE_X6Y176.YQ      Tcko                  0.360   start_alternative
                                                       startpattern_imp_alt/DLY_3
    SLICE_X8Y155.F3      net (fanout=1)        1.241   start_alternative
    SLICE_X8Y155.X       Tilo                  0.195   local_start<0>
                                                       start_OR1
    SLICE_X13Y126.F1     net (fanout=6)        2.266   start_OR
    SLICE_X13Y126.X      Tilo                  0.194   strip_imp/start_count_and0000
                                                       strip_imp/start_count_and00001
    SLICE_X13Y120.CE     net (fanout=8)        0.872   strip_imp/start_count_and0000
    SLICE_X13Y120.CLK    Tceck                 0.553   strip_imp/start_count<4>
                                                       strip_imp/start_count_4
    -------------------------------------------------  ---------------------------
    Total                                      5.681ns (1.302ns logic, 4.379ns route)
                                                       (22.9% logic, 77.1% route)

--------------------------------------------------------------------------------
Slack (setup path):     34.303ns (requirement - (data path - clock path skew + uncertainty))
  Source:               strip_imp/latched_start (FF)
  Destination:          strip_imp/start_count_4 (FF)
  Requirement:          37.000ns
  Data Path Delay:      2.314ns (Levels of Logic = 1)
  Clock Path Skew:      -0.383ns (0.104 - 0.487)
  Source Clock:         ext_clk rising at 0.000ns
  Destination Clock:    ext_clk rising at 37.000ns
  Clock Uncertainty:    0.000ns

  Maximum Data Path: strip_imp/latched_start to strip_imp/start_count_4
    Location             Delay type         Delay(ns)  Physical Resource
                                                       Logical Resource(s)
    -------------------------------------------------  -------------------
    SLICE_X12Y127.YQ     Tcko                  0.360   strip_imp/latched_start
                                                       strip_imp/latched_start
    SLICE_X13Y126.F4     net (fanout=1)        0.335   strip_imp/latched_start
    SLICE_X13Y126.X      Tilo                  0.194   strip_imp/start_count_and0000
                                                       strip_imp/start_count_and00001
    SLICE_X13Y120.CE     net (fanout=8)        0.872   strip_imp/start_count_and0000
    SLICE_X13Y120.CLK    Tceck                 0.553   strip_imp/start_count<4>
                                                       strip_imp/start_count_4
    -------------------------------------------------  ---------------------------
    Total                                      2.314ns (1.107ns logic, 1.207ns route)
                                                       (47.8% logic, 52.2% route)

--------------------------------------------------------------------------------

Paths for end point strip_imp/start_count_5 (SLICE_X13Y120.CE), 3 paths
--------------------------------------------------------------------------------
Slack (setup path):     13.360ns (requirement - (data path - clock path skew + uncertainty))
  Source:               startpattern_imp/DLY_3 (FF)
  Destination:          strip_imp/start_count_5 (FF)
  Requirement:          18.500ns
  Data Path Delay:      5.140ns (Levels of Logic = 2)
  Clock Path Skew:      0.000ns
  Source Clock:         ext_clk falling at 18.500ns
  Destination Clock:    ext_clk rising at 37.000ns
  Clock Uncertainty:    0.000ns

  Maximum Data Path: startpattern_imp/DLY_3 to strip_imp/start_count_5
    Location             Delay type         Delay(ns)  Physical Resource
                                                       Logical Resource(s)
    -------------------------------------------------  -------------------
    SLICE_X5Y154.YQ      Tcko                  0.286   START
                                                       startpattern_imp/DLY_3
    SLICE_X8Y155.F2      net (fanout=2)        0.774   START
    SLICE_X8Y155.X       Tilo                  0.195   local_start<0>
                                                       start_OR1
    SLICE_X13Y126.F1     net (fanout=6)        2.266   start_OR
    SLICE_X13Y126.X      Tilo                  0.194   strip_imp/start_count_and0000
                                                       strip_imp/start_count_and00001
    SLICE_X13Y120.CE     net (fanout=8)        0.872   strip_imp/start_count_and0000
    SLICE_X13Y120.CLK    Tceck                 0.553   strip_imp/start_count<4>
                                                       strip_imp/start_count_5
    -------------------------------------------------  ---------------------------
    Total                                      5.140ns (1.228ns logic, 3.912ns route)
                                                       (23.9% logic, 76.1% route)

--------------------------------------------------------------------------------
Slack (setup path):     31.319ns (requirement - (data path - clock path skew + uncertainty))
  Source:               startpattern_imp_alt/DLY_3 (FF)
  Destination:          strip_imp/start_count_5 (FF)
  Requirement:          37.000ns
  Data Path Delay:      5.681ns (Levels of Logic = 2)
  Clock Path Skew:      0.000ns
  Source Clock:         ext_clk rising at 0.000ns
  Destination Clock:    ext_clk rising at 37.000ns
  Clock Uncertainty:    0.000ns

  Maximum Data Path: startpattern_imp_alt/DLY_3 to strip_imp/start_count_5
    Location             Delay type         Delay(ns)  Physical Resource
                                                       Logical Resource(s)
    -------------------------------------------------  -------------------
    SLICE_X6Y176.YQ      Tcko                  0.360   start_alternative
                                                       startpattern_imp_alt/DLY_3
    SLICE_X8Y155.F3      net (fanout=1)        1.241   start_alternative
    SLICE_X8Y155.X       Tilo                  0.195   local_start<0>
                                                       start_OR1
    SLICE_X13Y126.F1     net (fanout=6)        2.266   start_OR
    SLICE_X13Y126.X      Tilo                  0.194   strip_imp/start_count_and0000
                                                       strip_imp/start_count_and00001
    SLICE_X13Y120.CE     net (fanout=8)        0.872   strip_imp/start_count_and0000
    SLICE_X13Y120.CLK    Tceck                 0.553   strip_imp/start_count<4>
                                                       strip_imp/start_count_5
    -------------------------------------------------  ---------------------------
    Total                                      5.681ns (1.302ns logic, 4.379ns route)
                                                       (22.9% logic, 77.1% route)

--------------------------------------------------------------------------------
Slack (setup path):     34.303ns (requirement - (data path - clock path skew + uncertainty))
  Source:               strip_imp/latched_start (FF)
  Destination:          strip_imp/start_count_5 (FF)
  Requirement:          37.000ns
  Data Path Delay:      2.314ns (Levels of Logic = 1)
  Clock Path Skew:      -0.383ns (0.104 - 0.487)
  Source Clock:         ext_clk rising at 0.000ns
  Destination Clock:    ext_clk rising at 37.000ns
  Clock Uncertainty:    0.000ns

  Maximum Data Path: strip_imp/latched_start to strip_imp/start_count_5
    Location             Delay type         Delay(ns)  Physical Resource
                                                       Logical Resource(s)
    -------------------------------------------------  -------------------
    SLICE_X12Y127.YQ     Tcko                  0.360   strip_imp/latched_start
                                                       strip_imp/latched_start
    SLICE_X13Y126.F4     net (fanout=1)        0.335   strip_imp/latched_start
    SLICE_X13Y126.X      Tilo                  0.194   strip_imp/start_count_and0000
                                                       strip_imp/start_count_and00001
    SLICE_X13Y120.CE     net (fanout=8)        0.872   strip_imp/start_count_and0000
    SLICE_X13Y120.CLK    Tceck                 0.553   strip_imp/start_count<4>
                                                       strip_imp/start_count_5
    -------------------------------------------------  ---------------------------
    Total                                      2.314ns (1.107ns logic, 1.207ns route)
                                                       (47.8% logic, 52.2% route)

--------------------------------------------------------------------------------

Paths for end point strip_imp/start_count_6 (SLICE_X13Y121.CE), 3 paths
--------------------------------------------------------------------------------
Slack (setup path):     13.360ns (requirement - (data path - clock path skew + uncertainty))
  Source:               startpattern_imp/DLY_3 (FF)
  Destination:          strip_imp/start_count_6 (FF)
  Requirement:          18.500ns
  Data Path Delay:      5.140ns (Levels of Logic = 2)
  Clock Path Skew:      0.000ns
  Source Clock:         ext_clk falling at 18.500ns
  Destination Clock:    ext_clk rising at 37.000ns
  Clock Uncertainty:    0.000ns

  Maximum Data Path: startpattern_imp/DLY_3 to strip_imp/start_count_6
    Location             Delay type         Delay(ns)  Physical Resource
                                                       Logical Resource(s)
    -------------------------------------------------  -------------------
    SLICE_X5Y154.YQ      Tcko                  0.286   START
                                                       startpattern_imp/DLY_3
    SLICE_X8Y155.F2      net (fanout=2)        0.774   START
    SLICE_X8Y155.X       Tilo                  0.195   local_start<0>
                                                       start_OR1
    SLICE_X13Y126.F1     net (fanout=6)        2.266   start_OR
    SLICE_X13Y126.X      Tilo                  0.194   strip_imp/start_count_and0000
                                                       strip_imp/start_count_and00001
    SLICE_X13Y121.CE     net (fanout=8)        0.872   strip_imp/start_count_and0000
    SLICE_X13Y121.CLK    Tceck                 0.553   strip_imp/start_count<6>
                                                       strip_imp/start_count_6
    -------------------------------------------------  ---------------------------
    Total                                      5.140ns (1.228ns logic, 3.912ns route)
                                                       (23.9% logic, 76.1% route)

--------------------------------------------------------------------------------
Slack (setup path):     31.319ns (requirement - (data path - clock path skew + uncertainty))
  Source:               startpattern_imp_alt/DLY_3 (FF)
  Destination:          strip_imp/start_count_6 (FF)
  Requirement:          37.000ns
  Data Path Delay:      5.681ns (Levels of Logic = 2)
  Clock Path Skew:      0.000ns
  Source Clock:         ext_clk rising at 0.000ns
  Destination Clock:    ext_clk rising at 37.000ns
  Clock Uncertainty:    0.000ns

  Maximum Data Path: startpattern_imp_alt/DLY_3 to strip_imp/start_count_6
    Location             Delay type         Delay(ns)  Physical Resource
                                                       Logical Resource(s)
    -------------------------------------------------  -------------------
    SLICE_X6Y176.YQ      Tcko                  0.360   start_alternative
                                                       startpattern_imp_alt/DLY_3
    SLICE_X8Y155.F3      net (fanout=1)        1.241   start_alternative
    SLICE_X8Y155.X       Tilo                  0.195   local_start<0>
                                                       start_OR1
    SLICE_X13Y126.F1     net (fanout=6)        2.266   start_OR
    SLICE_X13Y126.X      Tilo                  0.194   strip_imp/start_count_and0000
                                                       strip_imp/start_count_and00001
    SLICE_X13Y121.CE     net (fanout=8)        0.872   strip_imp/start_count_and0000
    SLICE_X13Y121.CLK    Tceck                 0.553   strip_imp/start_count<6>
                                                       strip_imp/start_count_6
    -------------------------------------------------  ---------------------------
    Total                                      5.681ns (1.302ns logic, 4.379ns route)
                                                       (22.9% logic, 77.1% route)

--------------------------------------------------------------------------------
Slack (setup path):     34.303ns (requirement - (data path - clock path skew + uncertainty))
  Source:               strip_imp/latched_start (FF)
  Destination:          strip_imp/start_count_6 (FF)
  Requirement:          37.000ns
  Data Path Delay:      2.314ns (Levels of Logic = 1)
  Clock Path Skew:      -0.383ns (0.104 - 0.487)
  Source Clock:         ext_clk rising at 0.000ns
  Destination Clock:    ext_clk rising at 37.000ns
  Clock Uncertainty:    0.000ns

  Maximum Data Path: strip_imp/latched_start to strip_imp/start_count_6
    Location             Delay type         Delay(ns)  Physical Resource
                                                       Logical Resource(s)
    -------------------------------------------------  -------------------
    SLICE_X12Y127.YQ     Tcko                  0.360   strip_imp/latched_start
                                                       strip_imp/latched_start
    SLICE_X13Y126.F4     net (fanout=1)        0.335   strip_imp/latched_start
    SLICE_X13Y126.X      Tilo                  0.194   strip_imp/start_count_and0000
                                                       strip_imp/start_count_and00001
    SLICE_X13Y121.CE     net (fanout=8)        0.872   strip_imp/start_count_and0000
    SLICE_X13Y121.CLK    Tceck                 0.553   strip_imp/start_count<6>
                                                       strip_imp/start_count_6
    -------------------------------------------------  ---------------------------
    Total                                      2.314ns (1.107ns logic, 1.207ns route)
                                                       (47.8% logic, 52.2% route)

--------------------------------------------------------------------------------

Hold Paths: TS_EXT_CLK_PAD_P = PERIOD TIMEGRP "EXT_CLK_PAD_P" 37 ns HIGH 50%;
--------------------------------------------------------------------------------

Paths for end point startpattern_imp/DLY_2 (SLICE_X4Y154.BY), 1 path
--------------------------------------------------------------------------------
Slack (hold path):      0.318ns (requirement - (clock path skew + uncertainty - data path))
  Source:               startpattern_imp/DLY_1 (FF)
  Destination:          startpattern_imp/DLY_2 (FF)
  Requirement:          0.000ns
  Data Path Delay:      0.692ns (Levels of Logic = 0)
  Clock Path Skew:      0.374ns (1.009 - 0.635)
  Source Clock:         ext_clk falling at 55.500ns
  Destination Clock:    ext_clk falling at 55.500ns
  Clock Uncertainty:    0.000ns

  Minimum Data Path: startpattern_imp/DLY_1 to startpattern_imp/DLY_2
    Location             Delay type         Delay(ns)  Physical Resource
                                                       Logical Resource(s)
    -------------------------------------------------  -------------------
    SLICE_X5Y159.YQ      Tcko                  0.263   startpattern_imp/DLY<1>
                                                       startpattern_imp/DLY_1
    SLICE_X4Y154.BY      net (fanout=1)        0.457   startpattern_imp/DLY<1>
    SLICE_X4Y154.CLK     Tckdi       (-Th)     0.028   startpattern_imp/DLY<2>
                                                       startpattern_imp/DLY_2
    -------------------------------------------------  ---------------------------
    Total                                      0.692ns (0.235ns logic, 0.457ns route)
                                                       (34.0% logic, 66.0% route)

--------------------------------------------------------------------------------

Paths for end point startpattern_imp/SR_2 (SLICE_X5Y158.BX), 1 path
--------------------------------------------------------------------------------
Slack (hold path):      0.510ns (requirement - (clock path skew + uncertainty - data path))
  Source:               startpattern_imp/SR_1 (FF)
  Destination:          startpattern_imp/SR_2 (FF)
  Requirement:          0.000ns
  Data Path Delay:      0.564ns (Levels of Logic = 0)
  Clock Path Skew:      0.054ns (0.493 - 0.439)
  Source Clock:         ext_clk falling at 55.500ns
  Destination Clock:    ext_clk falling at 55.500ns
  Clock Uncertainty:    0.000ns

  Minimum Data Path: startpattern_imp/SR_1 to startpattern_imp/SR_2
    Location             Delay type         Delay(ns)  Physical Resource
                                                       Logical Resource(s)
    -------------------------------------------------  -------------------
    SLICE_X2Y158.YQ      Tcko                  0.282   startpattern_imp/SR<0>
                                                       startpattern_imp/SR_1
    SLICE_X5Y158.BX      net (fanout=2)        0.307   startpattern_imp/SR<1>
    SLICE_X5Y158.CLK     Tckdi       (-Th)     0.025   startpattern_imp/SR<2>
                                                       startpattern_imp/SR_2
    -------------------------------------------------  ---------------------------
    Total                                      0.564ns (0.257ns logic, 0.307ns route)
                                                       (45.6% logic, 54.4% route)

--------------------------------------------------------------------------------

Paths for end point startpattern_imp_alt/SR_1 (SLICE_X1Y176.BX), 1 path
--------------------------------------------------------------------------------
Slack (hold path):      0.529ns (requirement - (clock path skew + uncertainty - data path))
  Source:               startpattern_imp_alt/SR_0 (FF)
  Destination:          startpattern_imp_alt/SR_1 (FF)
  Requirement:          0.000ns
  Data Path Delay:      0.569ns (Levels of Logic = 0)
  Clock Path Skew:      0.040ns (0.308 - 0.268)
  Source Clock:         ext_clk rising at 37.000ns
  Destination Clock:    ext_clk rising at 37.000ns
  Clock Uncertainty:    0.000ns

  Minimum Data Path: startpattern_imp_alt/SR_0 to startpattern_imp_alt/SR_1
    Location             Delay type         Delay(ns)  Physical Resource
                                                       Logical Resource(s)
    -------------------------------------------------  -------------------
    SLICE_X0Y174.YQ      Tcko                  0.331   startpattern_imp_alt/SR<0>
                                                       startpattern_imp_alt/SR_0
    SLICE_X1Y176.BX      net (fanout=2)        0.317   startpattern_imp_alt/SR<0>
    SLICE_X1Y176.CLK     Tckdi       (-Th)     0.079   startpattern_imp_alt/SR<1>
                                                       startpattern_imp_alt/SR_1
    -------------------------------------------------  ---------------------------
    Total                                      0.569ns (0.252ns logic, 0.317ns route)
                                                       (44.3% logic, 55.7% route)

--------------------------------------------------------------------------------

Component Switching Limit Checks: TS_EXT_CLK_PAD_P = PERIOD TIMEGRP "EXT_CLK_PAD_P" 37 ns HIGH 50%;
--------------------------------------------------------------------------------
Slack: 35.051ns (period - min period limit)
  Period: 37.000ns
  Min period limit: 1.949ns (513.084MHz) (Tbcper_I1)
  Physical resource: strip_imp/stripclk_imp/bcoclkmux/I0
  Logical resource: strip_imp/stripclk_imp/bcoclkmux/I0
  Location pin: BUFGCTRL_X0Y29.I0
  Clock network: CLK15NS
--------------------------------------------------------------------------------
Slack: 35.051ns (period - min period limit)
  Period: 37.000ns
  Min period limit: 1.949ns (513.084MHz) (Tbcper_I0)
  Physical resource: strip_imp/stripclk_imp/bcoclkmux/I1
  Logical resource: strip_imp/stripclk_imp/bcoclkmux/I1
  Location pin: BUFGCTRL_X0Y29.I1
  Clock network: ext_clk
--------------------------------------------------------------------------------
Slack: 35.942ns (period - (min low pulse limit / (low pulse / period)))
  Period: 37.000ns
  Low pulse: 18.500ns
  Low pulse limit: 0.529ns (Tcl)
  Physical resource: trigpattern_imp/SR<4>/CLK
  Logical resource: trigpattern_imp/SR_4/CK
  Location pin: SLICE_X1Y151.CLK
  Clock network: ext_clk
--------------------------------------------------------------------------------

================================================================================
Timing constraint: PATH "TS_BUSCLK_TO_MCLKA_path" TIG;

 2227 paths analyzed, 2227 endpoints analyzed, 0 failing endpoints
 0 timing errors detected. (0 setup errors, 0 hold errors)
--------------------------------------------------------------------------------

Paths for end point STRIP_MCLKA1_PAD_P (AF24.PAD), 1 path
--------------------------------------------------------------------------------
Delay (setup path):     6.587ns (data path)
  Source:               clk15ns_ibufg (OTHER)
  Destination:          STRIP_MCLKA1_PAD_P (PAD)
  Data Path Delay:      6.587ns (Levels of Logic = 3)

  Maximum Data Path: clk15ns_ibufg to STRIP_MCLKA1_PAD_P
    Location             Delay type         Delay(ns)  Physical Resource
                                                       Logical Resource(s)
    -------------------------------------------------  -------------------
    DCM_ADV_X0Y2.CLKIN   net (fanout=39)       3.754   CLK15NS
    DCM_ADV_X0Y2.CLK0    Tdmcko_CLK           -5.793   strip_imp/stripclk_imp/mclk_dcm
                                                       strip_imp/stripclk_imp/mclk_dcm
    BUFGCTRL_X0Y3.I0     net (fanout=1)        1.504   strip_imp/stripclk_imp/dcm_mclk_a
    BUFGCTRL_X0Y3.O      Tbgcko_O              0.534   strip_imp/stripclk_imp/mclka_bufg
                                                       strip_imp/stripclk_imp/mclka_bufg
    AF24.O               net (fanout=1329)     4.660   STRIP_MCLKA
    AF24.PAD             Tioop                 1.928   STRIP_MCLKA1_PAD_P
                                                       strip_mclka1_obuf/OBUFDS
                                                       STRIP_MCLKA1_PAD_P
    -------------------------------------------------  ---------------------------
    Total                                      6.587ns (-3.331ns logic, 9.918ns route)

--------------------------------------------------------------------------------

Paths for end point STRIP_MCLKA1_PAD_N (AE24.PAD), 1 path
--------------------------------------------------------------------------------
Delay (setup path):     6.572ns (data path)
  Source:               clk15ns_ibufg (OTHER)
  Destination:          STRIP_MCLKA1_PAD_N (PAD)
  Data Path Delay:      6.572ns (Levels of Logic = 4)

  Maximum Data Path: clk15ns_ibufg to STRIP_MCLKA1_PAD_N
    Location             Delay type         Delay(ns)  Physical Resource
                                                       Logical Resource(s)
    -------------------------------------------------  -------------------
    DCM_ADV_X0Y2.CLKIN   net (fanout=39)       3.754   CLK15NS
    DCM_ADV_X0Y2.CLK0    Tdmcko_CLK           -5.793   strip_imp/stripclk_imp/mclk_dcm
                                                       strip_imp/stripclk_imp/mclk_dcm
    BUFGCTRL_X0Y3.I0     net (fanout=1)        1.504   strip_imp/stripclk_imp/dcm_mclk_a
    BUFGCTRL_X0Y3.O      Tbgcko_O              0.534   strip_imp/stripclk_imp/mclka_bufg
                                                       strip_imp/stripclk_imp/mclka_bufg
    AF24.O               net (fanout=1329)     4.660   STRIP_MCLKA
    AF24.DIFFO_OUT       Tiood                 0.000   STRIP_MCLKA1_PAD_P
                                                       strip_mclka1_obuf/OBUFDS
    AE24.DIFFO_IN        net (fanout=1)        0.000   strip_mclka1_obuf/SLAVEBUF.DIFFOUT
    AE24.PAD             Tiodop                1.913   STRIP_MCLKA1_PAD_N
                                                       STRIP_MCLKA1_PAD_N
    -------------------------------------------------  ---------------------------
    Total                                      6.572ns (-3.346ns logic, 9.918ns route)

--------------------------------------------------------------------------------

Paths for end point STRIP_MCLKA0_PAD_P (AA7.PAD), 1 path
--------------------------------------------------------------------------------
Delay (setup path):     6.406ns (data path)
  Source:               clk15ns_ibufg (OTHER)
  Destination:          STRIP_MCLKA0_PAD_P (PAD)
  Data Path Delay:      6.406ns (Levels of Logic = 3)

  Maximum Data Path: clk15ns_ibufg to STRIP_MCLKA0_PAD_P
    Location             Delay type         Delay(ns)  Physical Resource
                                                       Logical Resource(s)
    -------------------------------------------------  -------------------
    DCM_ADV_X0Y2.CLKIN   net (fanout=39)       3.754   CLK15NS
    DCM_ADV_X0Y2.CLK0    Tdmcko_CLK           -5.793   strip_imp/stripclk_imp/mclk_dcm
                                                       strip_imp/stripclk_imp/mclk_dcm
    BUFGCTRL_X0Y3.I0     net (fanout=1)        1.504   strip_imp/stripclk_imp/dcm_mclk_a
    BUFGCTRL_X0Y3.O      Tbgcko_O              0.534   strip_imp/stripclk_imp/mclka_bufg
                                                       strip_imp/stripclk_imp/mclka_bufg
    AA7.O                net (fanout=1329)     4.523   STRIP_MCLKA
    AA7.PAD              Tioop                 1.884   STRIP_MCLKA0_PAD_P
                                                       strip_mclka0_obuf/OBUFDS
                                                       STRIP_MCLKA0_PAD_P
    -------------------------------------------------  ---------------------------
    Total                                      6.406ns (-3.375ns logic, 9.781ns route)

--------------------------------------------------------------------------------

================================================================================
Timing constraint: PATH "TS_BUSCLK_TO_MCLKB_path" TIG;

 2177 paths analyzed, 1097 endpoints analyzed, 0 failing endpoints
 0 timing errors detected. (0 setup errors, 0 hold errors)
--------------------------------------------------------------------------------

Paths for end point STRIP_MCLKB1_PAD_P (AF23.PAD), 1 path
--------------------------------------------------------------------------------
Delay (setup path):     6.600ns (data path)
  Source:               clk15ns_ibufg (OTHER)
  Destination:          STRIP_MCLKB1_PAD_P (PAD)
  Data Path Delay:      6.600ns (Levels of Logic = 3)

  Maximum Data Path: clk15ns_ibufg to STRIP_MCLKB1_PAD_P
    Location             Delay type         Delay(ns)  Physical Resource
                                                       Logical Resource(s)
    -------------------------------------------------  -------------------
    DCM_ADV_X0Y2.CLKIN   net (fanout=39)       3.754   CLK15NS
    DCM_ADV_X0Y2.CLK90   Tdmcko_CLK           -5.793   strip_imp/stripclk_imp/mclk_dcm
                                                       strip_imp/stripclk_imp/mclk_dcm
    BUFGCTRL_X0Y7.I0     net (fanout=1)        1.504   strip_imp/stripclk_imp/dcm_mclk_b
    BUFGCTRL_X0Y7.O      Tbgcko_O              0.534   strip_imp/stripclk_imp/mclkb_bufg
                                                       strip_imp/stripclk_imp/mclkb_bufg
    AF23.O               net (fanout=8)        4.667   STRIP_MCLKB
    AF23.PAD             Tioop                 1.934   STRIP_MCLKB1_PAD_P
                                                       strip_mclkb1_obuf/OBUFDS
                                                       STRIP_MCLKB1_PAD_P
    -------------------------------------------------  ---------------------------
    Total                                      6.600ns (-3.325ns logic, 9.925ns route)

--------------------------------------------------------------------------------

Paths for end point STRIP_MCLKB1_PAD_N (AE23.PAD), 1 path
--------------------------------------------------------------------------------
Delay (setup path):     6.590ns (data path)
  Source:               clk15ns_ibufg (OTHER)
  Destination:          STRIP_MCLKB1_PAD_N (PAD)
  Data Path Delay:      6.590ns (Levels of Logic = 4)

  Maximum Data Path: clk15ns_ibufg to STRIP_MCLKB1_PAD_N
    Location             Delay type         Delay(ns)  Physical Resource
                                                       Logical Resource(s)
    -------------------------------------------------  -------------------
    DCM_ADV_X0Y2.CLKIN   net (fanout=39)       3.754   CLK15NS
    DCM_ADV_X0Y2.CLK90   Tdmcko_CLK           -5.793   strip_imp/stripclk_imp/mclk_dcm
                                                       strip_imp/stripclk_imp/mclk_dcm
    BUFGCTRL_X0Y7.I0     net (fanout=1)        1.504   strip_imp/stripclk_imp/dcm_mclk_b
    BUFGCTRL_X0Y7.O      Tbgcko_O              0.534   strip_imp/stripclk_imp/mclkb_bufg
                                                       strip_imp/stripclk_imp/mclkb_bufg
    AF23.O               net (fanout=8)        4.667   STRIP_MCLKB
    AF23.DIFFO_OUT       Tiood                 0.000   STRIP_MCLKB1_PAD_P
                                                       strip_mclkb1_obuf/OBUFDS
    AE23.DIFFO_IN        net (fanout=1)        0.000   strip_mclkb1_obuf/SLAVEBUF.DIFFOUT
    AE23.PAD             Tiodop                1.924   STRIP_MCLKB1_PAD_N
                                                       STRIP_MCLKB1_PAD_N
    -------------------------------------------------  ---------------------------
    Total                                      6.590ns (-3.335ns logic, 9.925ns route)

--------------------------------------------------------------------------------

Paths for end point STRIP_MCLKB0_PAD_P (V4.PAD), 1 path
--------------------------------------------------------------------------------
Delay (setup path):     6.351ns (data path)
  Source:               clk15ns_ibufg (OTHER)
  Destination:          STRIP_MCLKB0_PAD_P (PAD)
  Data Path Delay:      6.351ns (Levels of Logic = 3)

  Maximum Data Path: clk15ns_ibufg to STRIP_MCLKB0_PAD_P
    Location             Delay type         Delay(ns)  Physical Resource
                                                       Logical Resource(s)
    -------------------------------------------------  -------------------
    DCM_ADV_X0Y2.CLKIN   net (fanout=39)       3.754   CLK15NS
    DCM_ADV_X0Y2.CLK90   Tdmcko_CLK           -5.793   strip_imp/stripclk_imp/mclk_dcm
                                                       strip_imp/stripclk_imp/mclk_dcm
    BUFGCTRL_X0Y7.I0     net (fanout=1)        1.504   strip_imp/stripclk_imp/dcm_mclk_b
    BUFGCTRL_X0Y7.O      Tbgcko_O              0.534   strip_imp/stripclk_imp/mclkb_bufg
                                                       strip_imp/stripclk_imp/mclkb_bufg
    V4.O                 net (fanout=8)        4.459   STRIP_MCLKB
    V4.PAD               Tioop                 1.893   STRIP_MCLKB0_PAD_P
                                                       strip_mclkb0_obuf/OBUFDS
                                                       STRIP_MCLKB0_PAD_P
    -------------------------------------------------  ---------------------------
    Total                                      6.351ns (-3.366ns logic, 9.717ns route)

--------------------------------------------------------------------------------

================================================================================
Timing constraint: PATH "TS_MCLKA_TO_BUSCLK_path" TIG;

 0 paths analyzed, 0 endpoints analyzed, 0 failing endpoints
 0 timing errors detected.
--------------------------------------------------------------------------------

================================================================================
Timing constraint: PATH "TS_MCLKB_TO_BUSCLK_path" TIG;

 0 paths analyzed, 0 endpoints analyzed, 0 failing endpoints
 0 timing errors detected.
--------------------------------------------------------------------------------

================================================================================
Timing constraint: PATH "TS_BUSCLK_TO_DACCLK_path" TIG;

 35 paths analyzed, 35 endpoints analyzed, 0 failing endpoints
 0 timing errors detected. (0 setup errors, 0 hold errors)
--------------------------------------------------------------------------------

Paths for end point STRIP_DAC_CLK_PAD_P<2> (A4.PAD), 1 path
--------------------------------------------------------------------------------
Delay (setup path):     6.478ns (data path)
  Source:               clk15ns_ibufg (OTHER)
  Destination:          STRIP_DAC_CLK_PAD_P<2> (PAD)
  Data Path Delay:      6.478ns (Levels of Logic = 3)

  Maximum Data Path: clk15ns_ibufg to STRIP_DAC_CLK_PAD_P<2>
    Location             Delay type         Delay(ns)  Physical Resource
                                                       Logical Resource(s)
    -------------------------------------------------  -------------------
    DCM_ADV_X0Y2.CLKIN   net (fanout=39)       3.754   CLK15NS
    DCM_ADV_X0Y2.CLKFX   Tdmcko_CLKFX         -5.793   strip_imp/stripclk_imp/mclk_dcm
                                                       strip_imp/stripclk_imp/mclk_dcm
    BUFGCTRL_X0Y12.I0    net (fanout=1)        1.504   strip_imp/stripclk_imp/dcm_mclk_fx
    BUFGCTRL_X0Y12.O     Tbgcko_O              0.534   strip_imp/stripclk_imp/fclk_bufg
                                                       strip_imp/stripclk_imp/fclk_bufg
    A4.O                 net (fanout=24)       4.552   STRIP_DAC_CLK
    A4.PAD               Tioop                 1.927   STRIP_DAC_CLK_PAD_P<2>
                                                       DACCLK[2].dac_clk_obuf/OBUFDS
                                                       STRIP_DAC_CLK_PAD_P<2>
    -------------------------------------------------  ---------------------------
    Total                                      6.478ns (-3.332ns logic, 9.810ns route)

--------------------------------------------------------------------------------

Paths for end point STRIP_DAC_CLK_PAD_P<3> (A3.PAD), 1 path
--------------------------------------------------------------------------------
Delay (setup path):     6.474ns (data path)
  Source:               clk15ns_ibufg (OTHER)
  Destination:          STRIP_DAC_CLK_PAD_P<3> (PAD)
  Data Path Delay:      6.474ns (Levels of Logic = 3)

  Maximum Data Path: clk15ns_ibufg to STRIP_DAC_CLK_PAD_P<3>
    Location             Delay type         Delay(ns)  Physical Resource
                                                       Logical Resource(s)
    -------------------------------------------------  -------------------
    DCM_ADV_X0Y2.CLKIN   net (fanout=39)       3.754   CLK15NS
    DCM_ADV_X0Y2.CLKFX   Tdmcko_CLKFX         -5.793   strip_imp/stripclk_imp/mclk_dcm
                                                       strip_imp/stripclk_imp/mclk_dcm
    BUFGCTRL_X0Y12.I0    net (fanout=1)        1.504   strip_imp/stripclk_imp/dcm_mclk_fx
    BUFGCTRL_X0Y12.O     Tbgcko_O              0.534   strip_imp/stripclk_imp/fclk_bufg
                                                       strip_imp/stripclk_imp/fclk_bufg
    A3.O                 net (fanout=24)       4.551   STRIP_DAC_CLK
    A3.PAD               Tioop                 1.924   STRIP_DAC_CLK_PAD_P<3>
                                                       DACCLK[3].dac_clk_obuf/OBUFDS
                                                       STRIP_DAC_CLK_PAD_P<3>
    -------------------------------------------------  ---------------------------
    Total                                      6.474ns (-3.335ns logic, 9.809ns route)

--------------------------------------------------------------------------------

Paths for end point STRIP_DAC_CLK_PAD_N<2> (B4.PAD), 1 path
--------------------------------------------------------------------------------
Delay (setup path):     6.470ns (data path)
  Source:               clk15ns_ibufg (OTHER)
  Destination:          STRIP_DAC_CLK_PAD_N<2> (PAD)
  Data Path Delay:      6.470ns (Levels of Logic = 4)

  Maximum Data Path: clk15ns_ibufg to STRIP_DAC_CLK_PAD_N<2>
    Location             Delay type         Delay(ns)  Physical Resource
                                                       Logical Resource(s)
    -------------------------------------------------  -------------------
    DCM_ADV_X0Y2.CLKIN   net (fanout=39)       3.754   CLK15NS
    DCM_ADV_X0Y2.CLKFX   Tdmcko_CLKFX         -5.793   strip_imp/stripclk_imp/mclk_dcm
                                                       strip_imp/stripclk_imp/mclk_dcm
    BUFGCTRL_X0Y12.I0    net (fanout=1)        1.504   strip_imp/stripclk_imp/dcm_mclk_fx
    BUFGCTRL_X0Y12.O     Tbgcko_O              0.534   strip_imp/stripclk_imp/fclk_bufg
                                                       strip_imp/stripclk_imp/fclk_bufg
    A4.O                 net (fanout=24)       4.552   STRIP_DAC_CLK
    A4.DIFFO_OUT         Tiood                 0.000   STRIP_DAC_CLK_PAD_P<2>
                                                       DACCLK[2].dac_clk_obuf/OBUFDS
    B4.DIFFO_IN          net (fanout=1)        0.000   DACCLK[2].dac_clk_obuf/SLAVEBUF.DIFFOUT
    B4.PAD               Tiodop                1.919   STRIP_DAC_CLK_PAD_N<2>
                                                       STRIP_DAC_CLK_PAD_N<2>
    -------------------------------------------------  ---------------------------
    Total                                      6.470ns (-3.340ns logic, 9.810ns route)

--------------------------------------------------------------------------------

================================================================================
Timing constraint: PATH "TS_BUSCLK_TO_FBCOCLK_path" TIG;

 0 paths analyzed, 0 endpoints analyzed, 0 failing endpoints
 0 timing errors detected.
--------------------------------------------------------------------------------

================================================================================
Timing constraint: PATH "TS_FBCOCLK_TO_BUSCLK_path" TIG;

 0 paths analyzed, 0 endpoints analyzed, 0 failing endpoints
 0 timing errors detected.
--------------------------------------------------------------------------------

================================================================================
Timing constraint: PATH "TS_EXTCLK_TO_DACCLK_path" TIG;

 0 paths analyzed, 0 endpoints analyzed, 0 failing endpoints
 0 timing errors detected.
--------------------------------------------------------------------------------

================================================================================
Timing constraint: PATH "TS_BCOCLK_TO_DACCLK_path" TIG;

 50 paths analyzed, 37 endpoints analyzed, 0 failing endpoints
 0 timing errors detected. (0 setup errors, 0 hold errors)
--------------------------------------------------------------------------------

Paths for end point strip_imp/dac_imp/COUNT_5 (SLICE_X11Y64.CE), 2 paths
--------------------------------------------------------------------------------
Delay (setup path):     4.905ns (data path - clock path skew + uncertainty)
  Source:               strip_imp/dac_imp/STATE_FSM_FFd2 (FF)
  Destination:          strip_imp/dac_imp/COUNT_5 (FF)
  Data Path Delay:      4.669ns (Levels of Logic = 1)
  Clock Path Skew:      0.000ns
  Source Clock:         STRIP_BCOCLK<0> falling
  Destination Clock:    STRIP_DAC_CLK falling
  Clock Uncertainty:    0.236ns

  Clock Uncertainty:          0.236ns  ((TSJ^2 + TIJ^2)^1/2 + DJ) / 2 + PE
    Total System Jitter (TSJ):  0.000ns
    Total Input Jitter (TIJ):   0.000ns
    Discrete Jitter (DJ):       0.231ns
    Phase Error (PE):           0.120ns

  Maximum Data Path: strip_imp/dac_imp/STATE_FSM_FFd2 to strip_imp/dac_imp/COUNT_5
    Location             Delay type         Delay(ns)  Physical Resource
                                                       Logical Resource(s)
    -------------------------------------------------  -------------------
    SLICE_X16Y69.XQ      Tcko                  0.307   strip_imp/dac_imp/STATE_FSM_FFd2
                                                       strip_imp/dac_imp/STATE_FSM_FFd2
    SLICE_X10Y30.F3      net (fanout=17)       2.035   strip_imp/dac_imp/STATE_FSM_FFd2
    SLICE_X10Y30.X       Tilo                  0.195   strip_imp/dac_imp/COUNT_not0001
                                                       strip_imp/dac_imp/COUNT_not00011
    SLICE_X11Y64.CE      net (fanout=6)        1.529   strip_imp/dac_imp/COUNT_not0001
    SLICE_X11Y64.CLK     Tceck                 0.603   strip_imp/dac_imp/COUNT<5>
                                                       strip_imp/dac_imp/COUNT_5
    -------------------------------------------------  ---------------------------
    Total                                      4.669ns (1.105ns logic, 3.564ns route)
                                                       (23.7% logic, 76.3% route)

--------------------------------------------------------------------------------
Delay (setup path):     4.901ns (data path - clock path skew + uncertainty)
  Source:               strip_imp/dac_imp/STATE_FSM_FFd1 (FF)
  Destination:          strip_imp/dac_imp/COUNT_5 (FF)
  Data Path Delay:      4.665ns (Levels of Logic = 1)
  Clock Path Skew:      0.000ns
  Source Clock:         STRIP_BCOCLK<0> falling
  Destination Clock:    STRIP_DAC_CLK falling
  Clock Uncertainty:    0.236ns

  Clock Uncertainty:          0.236ns  ((TSJ^2 + TIJ^2)^1/2 + DJ) / 2 + PE
    Total System Jitter (TSJ):  0.000ns
    Total Input Jitter (TIJ):   0.000ns
    Discrete Jitter (DJ):       0.231ns
    Phase Error (PE):           0.120ns

  Maximum Data Path: strip_imp/dac_imp/STATE_FSM_FFd1 to strip_imp/dac_imp/COUNT_5
    Location             Delay type         Delay(ns)  Physical Resource
                                                       Logical Resource(s)
    -------------------------------------------------  -------------------
    SLICE_X16Y71.XQ      Tcko                  0.307   strip_imp/dac_imp/STATE_FSM_FFd1
                                                       strip_imp/dac_imp/STATE_FSM_FFd1
    SLICE_X10Y30.F2      net (fanout=18)       2.031   strip_imp/dac_imp/STATE_FSM_FFd1
    SLICE_X10Y30.X       Tilo                  0.195   strip_imp/dac_imp/COUNT_not0001
                                                       strip_imp/dac_imp/COUNT_not00011
    SLICE_X11Y64.CE      net (fanout=6)        1.529   strip_imp/dac_imp/COUNT_not0001
    SLICE_X11Y64.CLK     Tceck                 0.603   strip_imp/dac_imp/COUNT<5>
                                                       strip_imp/dac_imp/COUNT_5
    -------------------------------------------------  ---------------------------
    Total                                      4.665ns (1.105ns logic, 3.560ns route)
                                                       (23.7% logic, 76.3% route)

--------------------------------------------------------------------------------

Paths for end point strip_imp/dac_imp/COUNT_7 (SLICE_X11Y64.CE), 2 paths
--------------------------------------------------------------------------------
Delay (setup path):     4.905ns (data path - clock path skew + uncertainty)
  Source:               strip_imp/dac_imp/STATE_FSM_FFd2 (FF)
  Destination:          strip_imp/dac_imp/COUNT_7 (FF)
  Data Path Delay:      4.669ns (Levels of Logic = 1)
  Clock Path Skew:      0.000ns
  Source Clock:         STRIP_BCOCLK<0> falling
  Destination Clock:    STRIP_DAC_CLK falling
  Clock Uncertainty:    0.236ns

  Clock Uncertainty:          0.236ns  ((TSJ^2 + TIJ^2)^1/2 + DJ) / 2 + PE
    Total System Jitter (TSJ):  0.000ns
    Total Input Jitter (TIJ):   0.000ns
    Discrete Jitter (DJ):       0.231ns
    Phase Error (PE):           0.120ns

  Maximum Data Path: strip_imp/dac_imp/STATE_FSM_FFd2 to strip_imp/dac_imp/COUNT_7
    Location             Delay type         Delay(ns)  Physical Resource
                                                       Logical Resource(s)
    -------------------------------------------------  -------------------
    SLICE_X16Y69.XQ      Tcko                  0.307   strip_imp/dac_imp/STATE_FSM_FFd2
                                                       strip_imp/dac_imp/STATE_FSM_FFd2
    SLICE_X10Y30.F3      net (fanout=17)       2.035   strip_imp/dac_imp/STATE_FSM_FFd2
    SLICE_X10Y30.X       Tilo                  0.195   strip_imp/dac_imp/COUNT_not0001
                                                       strip_imp/dac_imp/COUNT_not00011
    SLICE_X11Y64.CE      net (fanout=6)        1.529   strip_imp/dac_imp/COUNT_not0001
    SLICE_X11Y64.CLK     Tceck                 0.603   strip_imp/dac_imp/COUNT<5>
                                                       strip_imp/dac_imp/COUNT_7
    -------------------------------------------------  ---------------------------
    Total                                      4.669ns (1.105ns logic, 3.564ns route)
                                                       (23.7% logic, 76.3% route)

--------------------------------------------------------------------------------
Delay (setup path):     4.901ns (data path - clock path skew + uncertainty)
  Source:               strip_imp/dac_imp/STATE_FSM_FFd1 (FF)
  Destination:          strip_imp/dac_imp/COUNT_7 (FF)
  Data Path Delay:      4.665ns (Levels of Logic = 1)
  Clock Path Skew:      0.000ns
  Source Clock:         STRIP_BCOCLK<0> falling
  Destination Clock:    STRIP_DAC_CLK falling
  Clock Uncertainty:    0.236ns

  Clock Uncertainty:          0.236ns  ((TSJ^2 + TIJ^2)^1/2 + DJ) / 2 + PE
    Total System Jitter (TSJ):  0.000ns
    Total Input Jitter (TIJ):   0.000ns
    Discrete Jitter (DJ):       0.231ns
    Phase Error (PE):           0.120ns

  Maximum Data Path: strip_imp/dac_imp/STATE_FSM_FFd1 to strip_imp/dac_imp/COUNT_7
    Location             Delay type         Delay(ns)  Physical Resource
                                                       Logical Resource(s)
    -------------------------------------------------  -------------------
    SLICE_X16Y71.XQ      Tcko                  0.307   strip_imp/dac_imp/STATE_FSM_FFd1
                                                       strip_imp/dac_imp/STATE_FSM_FFd1
    SLICE_X10Y30.F2      net (fanout=18)       2.031   strip_imp/dac_imp/STATE_FSM_FFd1
    SLICE_X10Y30.X       Tilo                  0.195   strip_imp/dac_imp/COUNT_not0001
                                                       strip_imp/dac_imp/COUNT_not00011
    SLICE_X11Y64.CE      net (fanout=6)        1.529   strip_imp/dac_imp/COUNT_not0001
    SLICE_X11Y64.CLK     Tceck                 0.603   strip_imp/dac_imp/COUNT<5>
                                                       strip_imp/dac_imp/COUNT_7
    -------------------------------------------------  ---------------------------
    Total                                      4.665ns (1.105ns logic, 3.560ns route)
                                                       (23.7% logic, 76.3% route)

--------------------------------------------------------------------------------

Paths for end point strip_imp/dac_imp/COUNT_0 (SLICE_X11Y65.CE), 2 paths
--------------------------------------------------------------------------------
Delay (setup path):     4.905ns (data path - clock path skew + uncertainty)
  Source:               strip_imp/dac_imp/STATE_FSM_FFd2 (FF)
  Destination:          strip_imp/dac_imp/COUNT_0 (FF)
  Data Path Delay:      4.669ns (Levels of Logic = 1)
  Clock Path Skew:      0.000ns
  Source Clock:         STRIP_BCOCLK<0> falling
  Destination Clock:    STRIP_DAC_CLK falling
  Clock Uncertainty:    0.236ns

  Clock Uncertainty:          0.236ns  ((TSJ^2 + TIJ^2)^1/2 + DJ) / 2 + PE
    Total System Jitter (TSJ):  0.000ns
    Total Input Jitter (TIJ):   0.000ns
    Discrete Jitter (DJ):       0.231ns
    Phase Error (PE):           0.120ns

  Maximum Data Path: strip_imp/dac_imp/STATE_FSM_FFd2 to strip_imp/dac_imp/COUNT_0
    Location             Delay type         Delay(ns)  Physical Resource
                                                       Logical Resource(s)
    -------------------------------------------------  -------------------
    SLICE_X16Y69.XQ      Tcko                  0.307   strip_imp/dac_imp/STATE_FSM_FFd2
                                                       strip_imp/dac_imp/STATE_FSM_FFd2
    SLICE_X10Y30.F3      net (fanout=17)       2.035   strip_imp/dac_imp/STATE_FSM_FFd2
    SLICE_X10Y30.X       Tilo                  0.195   strip_imp/dac_imp/COUNT_not0001
                                                       strip_imp/dac_imp/COUNT_not00011
    SLICE_X11Y65.CE      net (fanout=6)        1.529   strip_imp/dac_imp/COUNT_not0001
    SLICE_X11Y65.CLK     Tceck                 0.603   strip_imp/dac_imp/COUNT<0>
                                                       strip_imp/dac_imp/COUNT_0
    -------------------------------------------------  ---------------------------
    Total                                      4.669ns (1.105ns logic, 3.564ns route)
                                                       (23.7% logic, 76.3% route)

--------------------------------------------------------------------------------
Delay (setup path):     4.901ns (data path - clock path skew + uncertainty)
  Source:               strip_imp/dac_imp/STATE_FSM_FFd1 (FF)
  Destination:          strip_imp/dac_imp/COUNT_0 (FF)
  Data Path Delay:      4.665ns (Levels of Logic = 1)
  Clock Path Skew:      0.000ns
  Source Clock:         STRIP_BCOCLK<0> falling
  Destination Clock:    STRIP_DAC_CLK falling
  Clock Uncertainty:    0.236ns

  Clock Uncertainty:          0.236ns  ((TSJ^2 + TIJ^2)^1/2 + DJ) / 2 + PE
    Total System Jitter (TSJ):  0.000ns
    Total Input Jitter (TIJ):   0.000ns
    Discrete Jitter (DJ):       0.231ns
    Phase Error (PE):           0.120ns

  Maximum Data Path: strip_imp/dac_imp/STATE_FSM_FFd1 to strip_imp/dac_imp/COUNT_0
    Location             Delay type         Delay(ns)  Physical Resource
                                                       Logical Resource(s)
    -------------------------------------------------  -------------------
    SLICE_X16Y71.XQ      Tcko                  0.307   strip_imp/dac_imp/STATE_FSM_FFd1
                                                       strip_imp/dac_imp/STATE_FSM_FFd1
    SLICE_X10Y30.F2      net (fanout=18)       2.031   strip_imp/dac_imp/STATE_FSM_FFd1
    SLICE_X10Y30.X       Tilo                  0.195   strip_imp/dac_imp/COUNT_not0001
                                                       strip_imp/dac_imp/COUNT_not00011
    SLICE_X11Y65.CE      net (fanout=6)        1.529   strip_imp/dac_imp/COUNT_not0001
    SLICE_X11Y65.CLK     Tceck                 0.603   strip_imp/dac_imp/COUNT<0>
                                                       strip_imp/dac_imp/COUNT_0
    -------------------------------------------------  ---------------------------
    Total                                      4.665ns (1.105ns logic, 3.560ns route)
                                                       (23.7% logic, 76.3% route)

--------------------------------------------------------------------------------

Hold Paths: PATH "TS_BCOCLK_TO_DACCLK_path" TIG;
--------------------------------------------------------------------------------

Paths for end point strip_imp/dac_imp/COUNT_1 (SLICE_X9Y66.F4), 1 path
--------------------------------------------------------------------------------
Delay (hold path):      0.353ns (datapath - clock path skew - uncertainty)
  Source:               strip_imp/dac_imp/STATE_FSM_FFd1 (FF)
  Destination:          strip_imp/dac_imp/COUNT_1 (FF)
  Data Path Delay:      1.216ns (Levels of Logic = 1)
  Clock Path Skew:      0.863ns (6.027 - 5.164)
  Source Clock:         STRIP_BCOCLK<0> falling
  Destination Clock:    STRIP_DAC_CLK falling
  Clock Uncertainty:    0.000ns

  Minimum Data Path: strip_imp/dac_imp/STATE_FSM_FFd1 to strip_imp/dac_imp/COUNT_1
    Location             Delay type         Delay(ns)  Physical Resource
                                                       Logical Resource(s)
    -------------------------------------------------  -------------------
    SLICE_X16Y71.XQ      Tcko                  0.282   strip_imp/dac_imp/STATE_FSM_FFd1
                                                       strip_imp/dac_imp/STATE_FSM_FFd1
    SLICE_X9Y66.F4       net (fanout=18)       1.001   strip_imp/dac_imp/STATE_FSM_FFd1
    SLICE_X9Y66.CLK      Tckf        (-Th)     0.067   strip_imp/dac_imp/COUNT<1>
                                                       strip_imp/dac_imp/COUNT_mux0000<1>1
                                                       strip_imp/dac_imp/COUNT_1
    -------------------------------------------------  ---------------------------
    Total                                      1.216ns (0.215ns logic, 1.001ns route)
                                                       (17.7% logic, 82.3% route)

--------------------------------------------------------------------------------

Paths for end point strip_imp/dac_imp/COUNT_2 (SLICE_X9Y66.G4), 1 path
--------------------------------------------------------------------------------
Delay (hold path):      0.349ns (datapath - clock path skew - uncertainty)
  Source:               strip_imp/dac_imp/STATE_FSM_FFd1 (FF)
  Destination:          strip_imp/dac_imp/COUNT_2 (FF)
  Data Path Delay:      1.212ns (Levels of Logic = 1)
  Clock Path Skew:      0.863ns (6.027 - 5.164)
  Source Clock:         STRIP_BCOCLK<0> falling
  Destination Clock:    STRIP_DAC_CLK falling
  Clock Uncertainty:    0.000ns

  Minimum Data Path: strip_imp/dac_imp/STATE_FSM_FFd1 to strip_imp/dac_imp/COUNT_2
    Location             Delay type         Delay(ns)  Physical Resource
                                                       Logical Resource(s)
    -------------------------------------------------  -------------------
    SLICE_X16Y71.XQ      Tcko                  0.282   strip_imp/dac_imp/STATE_FSM_FFd1
                                                       strip_imp/dac_imp/STATE_FSM_FFd1
    SLICE_X9Y66.G4       net (fanout=18)       1.001   strip_imp/dac_imp/STATE_FSM_FFd1
    SLICE_X9Y66.CLK      Tckg        (-Th)     0.071   strip_imp/dac_imp/COUNT<1>
                                                       strip_imp/dac_imp/COUNT_mux0000<2>1
                                                       strip_imp/dac_imp/COUNT_2
    -------------------------------------------------  ---------------------------
    Total                                      1.212ns (0.211ns logic, 1.001ns route)
                                                       (17.4% logic, 82.6% route)

--------------------------------------------------------------------------------

Paths for end point strip_imp/dac_imp/COUNT_10 (SLICE_X10Y64.F1), 1 path
--------------------------------------------------------------------------------
Delay (hold path):      0.391ns (datapath - clock path skew - uncertainty)
  Source:               strip_imp/dac_imp/STATE_FSM_FFd1 (FF)
  Destination:          strip_imp/dac_imp/COUNT_10 (FF)
  Data Path Delay:      1.261ns (Levels of Logic = 1)
  Clock Path Skew:      0.870ns (6.034 - 5.164)
  Source Clock:         STRIP_BCOCLK<0> falling
  Destination Clock:    STRIP_DAC_CLK falling
  Clock Uncertainty:    0.000ns

  Minimum Data Path: strip_imp/dac_imp/STATE_FSM_FFd1 to strip_imp/dac_imp/COUNT_10
    Location             Delay type         Delay(ns)  Physical Resource
                                                       Logical Resource(s)
    -------------------------------------------------  -------------------
    SLICE_X16Y71.XQ      Tcko                  0.282   strip_imp/dac_imp/STATE_FSM_FFd1
                                                       strip_imp/dac_imp/STATE_FSM_FFd1
    SLICE_X10Y64.F1      net (fanout=18)       1.067   strip_imp/dac_imp/STATE_FSM_FFd1
    SLICE_X10Y64.CLK     Tckf        (-Th)     0.088   strip_imp/dac_imp/COUNT<10>
                                                       strip_imp/dac_imp/COUNT_mux0000<10>1
                                                       strip_imp/dac_imp/COUNT_10
    -------------------------------------------------  ---------------------------
    Total                                      1.261ns (0.194ns logic, 1.067ns route)
                                                       (15.4% logic, 84.6% route)

--------------------------------------------------------------------------------

================================================================================
Timing constraint: PATH "TS_BUSCLK_TO_BCOCLK_path" TIG;

 209 paths analyzed, 145 endpoints analyzed, 0 failing endpoints
 0 timing errors detected. (0 setup errors, 0 hold errors)
--------------------------------------------------------------------------------

Paths for end point strip_imp/stripclk_imp/bcocounter_imp/blk00000001/blk00000063 (SLICE_X33Y131.CLK), 1 path
--------------------------------------------------------------------------------
Delay (setup path):     10.339ns (data path)
  Source:               strip_imp/stripclk_imp/bcoclkmux (OTHER)
  Destination:          strip_imp/stripclk_imp/bcocounter_imp/blk00000001/blk00000063 (FF)
  Data Path Delay:      10.339ns (Levels of Logic = 3)

  Maximum Data Path: strip_imp/stripclk_imp/bcoclkmux to strip_imp/stripclk_imp/bcocounter_imp/blk00000001/blk00000063
    Location             Delay type         Delay(ns)  Physical Resource
                                                       Logical Resource(s)
    -------------------------------------------------  -------------------
    DCM_ADV_X0Y3.CLKIN   net (fanout=13)       3.754   strip_imp/stripclk_imp/clk_z_src
    DCM_ADV_X0Y3.CLK0    Tdmcko_CLK           -0.169   strip_imp/stripclk_imp/clkzWatchdog[0].clkz_dcm
                                                       strip_imp/stripclk_imp/clkzWatchdog[0].clkz_dcm
    BUFGCTRL_X0Y16.I0    net (fanout=2)        1.504   strip_imp/stripclk_imp/clkz_unbuf
    BUFGCTRL_X0Y16.O     Tbgcko_O              0.534   strip_imp/stripclk_imp/clkzWatchdog[0].dcm_clkz_bufg
                                                       strip_imp/stripclk_imp/clkzWatchdog[0].dcm_clkz_bufg
    BUFGCTRL_X0Y23.I1    net (fanout=16)       0.750   strip_imp/stripclk_imp/clk_z
    BUFGCTRL_X0Y23.O     Tbccko_O              0.534   strip_imp/stripclk_imp/bcoclkmux_imp
                                                       strip_imp/stripclk_imp/bcoclkmux_imp
    SLICE_X33Y131.CLK    net (fanout=24)       3.432   strip_imp/stripclk_imp/debug<0>
    -------------------------------------------------  ---------------------------
    Total                                     10.339ns (0.899ns logic, 9.440ns route)

--------------------------------------------------------------------------------

Paths for end point strip_imp/stripclk_imp/bcocounter_imp/blk00000001/blk00000064 (SLICE_X33Y131.CLK), 1 path
--------------------------------------------------------------------------------
Delay (setup path):     10.339ns (data path)
  Source:               strip_imp/stripclk_imp/bcoclkmux (OTHER)
  Destination:          strip_imp/stripclk_imp/bcocounter_imp/blk00000001/blk00000064 (FF)
  Data Path Delay:      10.339ns (Levels of Logic = 3)

  Maximum Data Path: strip_imp/stripclk_imp/bcoclkmux to strip_imp/stripclk_imp/bcocounter_imp/blk00000001/blk00000064
    Location             Delay type         Delay(ns)  Physical Resource
                                                       Logical Resource(s)
    -------------------------------------------------  -------------------
    DCM_ADV_X0Y3.CLKIN   net (fanout=13)       3.754   strip_imp/stripclk_imp/clk_z_src
    DCM_ADV_X0Y3.CLK0    Tdmcko_CLK           -0.169   strip_imp/stripclk_imp/clkzWatchdog[0].clkz_dcm
                                                       strip_imp/stripclk_imp/clkzWatchdog[0].clkz_dcm
    BUFGCTRL_X0Y16.I0    net (fanout=2)        1.504   strip_imp/stripclk_imp/clkz_unbuf
    BUFGCTRL_X0Y16.O     Tbgcko_O              0.534   strip_imp/stripclk_imp/clkzWatchdog[0].dcm_clkz_bufg
                                                       strip_imp/stripclk_imp/clkzWatchdog[0].dcm_clkz_bufg
    BUFGCTRL_X0Y23.I1    net (fanout=16)       0.750   strip_imp/stripclk_imp/clk_z
    BUFGCTRL_X0Y23.O     Tbccko_O              0.534   strip_imp/stripclk_imp/bcoclkmux_imp
                                                       strip_imp/stripclk_imp/bcoclkmux_imp
    SLICE_X33Y131.CLK    net (fanout=24)       3.432   strip_imp/stripclk_imp/debug<0>
    -------------------------------------------------  ---------------------------
    Total                                     10.339ns (0.899ns logic, 9.440ns route)

--------------------------------------------------------------------------------

Paths for end point strip_imp/stripclk_imp/bcocounter_imp/blk00000001/blk00000065 (SLICE_X33Y132.CLK), 1 path
--------------------------------------------------------------------------------
Delay (setup path):     10.337ns (data path)
  Source:               strip_imp/stripclk_imp/bcoclkmux (OTHER)
  Destination:          strip_imp/stripclk_imp/bcocounter_imp/blk00000001/blk00000065 (FF)
  Data Path Delay:      10.337ns (Levels of Logic = 3)

  Maximum Data Path: strip_imp/stripclk_imp/bcoclkmux to strip_imp/stripclk_imp/bcocounter_imp/blk00000001/blk00000065
    Location             Delay type         Delay(ns)  Physical Resource
                                                       Logical Resource(s)
    -------------------------------------------------  -------------------
    DCM_ADV_X0Y3.CLKIN   net (fanout=13)       3.754   strip_imp/stripclk_imp/clk_z_src
    DCM_ADV_X0Y3.CLK0    Tdmcko_CLK           -0.169   strip_imp/stripclk_imp/clkzWatchdog[0].clkz_dcm
                                                       strip_imp/stripclk_imp/clkzWatchdog[0].clkz_dcm
    BUFGCTRL_X0Y16.I0    net (fanout=2)        1.504   strip_imp/stripclk_imp/clkz_unbuf
    BUFGCTRL_X0Y16.O     Tbgcko_O              0.534   strip_imp/stripclk_imp/clkzWatchdog[0].dcm_clkz_bufg
                                                       strip_imp/stripclk_imp/clkzWatchdog[0].dcm_clkz_bufg
    BUFGCTRL_X0Y23.I1    net (fanout=16)       0.750   strip_imp/stripclk_imp/clk_z
    BUFGCTRL_X0Y23.O     Tbccko_O              0.534   strip_imp/stripclk_imp/bcoclkmux_imp
                                                       strip_imp/stripclk_imp/bcoclkmux_imp
    SLICE_X33Y132.CLK    net (fanout=24)       3.430   strip_imp/stripclk_imp/debug<0>
    -------------------------------------------------  ---------------------------
    Total                                     10.337ns (0.899ns logic, 9.438ns route)

--------------------------------------------------------------------------------

Hold Paths: PATH "TS_BUSCLK_TO_BCOCLK_path" TIG;
--------------------------------------------------------------------------------

Paths for end point strip_imp/bcoclk_freq_1 (SLICE_X21Y128.CE), 1 path
--------------------------------------------------------------------------------
Delay (hold path):      3.447ns (datapath - clock path skew - uncertainty)
  Source:               strip_imp/latch_count (FF)
  Destination:          strip_imp/bcoclk_freq_1 (FF)
  Data Path Delay:      2.622ns (Levels of Logic = 0)
  Clock Path Skew:      -0.825ns (5.204 - 6.029)
  Source Clock:         CLK15NS rising at 0.000ns
  Destination Clock:    STRIP_BCOCLK<0> rising
  Clock Uncertainty:    0.000ns

  Minimum Data Path: strip_imp/latch_count to strip_imp/bcoclk_freq_1
    Location             Delay type         Delay(ns)  Physical Resource
                                                       Logical Resource(s)
    -------------------------------------------------  -------------------
    SLICE_X16Y51.YQ      Tcko                  0.331   strip_imp/latch_count
                                                       strip_imp/latch_count
    SLICE_X21Y128.CE     net (fanout=23)       2.289   strip_imp/latch_count
    SLICE_X21Y128.CLK    Tckce       (-Th)    -0.002   strip_imp/bcoclk_freq<1>
                                                       strip_imp/bcoclk_freq_1
    -------------------------------------------------  ---------------------------
    Total                                      2.622ns (0.333ns logic, 2.289ns route)
                                                       (12.7% logic, 87.3% route)

--------------------------------------------------------------------------------

Paths for end point strip_imp/bcoclk_freq_9 (SLICE_X19Y131.CE), 1 path
--------------------------------------------------------------------------------
Delay (hold path):      3.764ns (datapath - clock path skew - uncertainty)
  Source:               strip_imp/latch_count (FF)
  Destination:          strip_imp/bcoclk_freq_9 (FF)
  Data Path Delay:      2.972ns (Levels of Logic = 0)
  Clock Path Skew:      -0.792ns (5.237 - 6.029)
  Source Clock:         CLK15NS rising at 0.000ns
  Destination Clock:    STRIP_BCOCLK<0> rising
  Clock Uncertainty:    0.000ns

  Minimum Data Path: strip_imp/latch_count to strip_imp/bcoclk_freq_9
    Location             Delay type         Delay(ns)  Physical Resource
                                                       Logical Resource(s)
    -------------------------------------------------  -------------------
    SLICE_X16Y51.YQ      Tcko                  0.331   strip_imp/latch_count
                                                       strip_imp/latch_count
    SLICE_X19Y131.CE     net (fanout=23)       2.639   strip_imp/latch_count
    SLICE_X19Y131.CLK    Tckce       (-Th)    -0.002   strip_imp/bcoclk_freq<9>
                                                       strip_imp/bcoclk_freq_9
    -------------------------------------------------  ---------------------------
    Total                                      2.972ns (0.333ns logic, 2.639ns route)
                                                       (11.2% logic, 88.8% route)

--------------------------------------------------------------------------------

Paths for end point strip_imp/bcoclk_freq_18 (SLICE_X19Y131.CE), 1 path
--------------------------------------------------------------------------------
Delay (hold path):      3.764ns (datapath - clock path skew - uncertainty)
  Source:               strip_imp/latch_count (FF)
  Destination:          strip_imp/bcoclk_freq_18 (FF)
  Data Path Delay:      2.972ns (Levels of Logic = 0)
  Clock Path Skew:      -0.792ns (5.237 - 6.029)
  Source Clock:         CLK15NS rising at 0.000ns
  Destination Clock:    STRIP_BCOCLK<0> rising
  Clock Uncertainty:    0.000ns

  Minimum Data Path: strip_imp/latch_count to strip_imp/bcoclk_freq_18
    Location             Delay type         Delay(ns)  Physical Resource
                                                       Logical Resource(s)
    -------------------------------------------------  -------------------
    SLICE_X16Y51.YQ      Tcko                  0.331   strip_imp/latch_count
                                                       strip_imp/latch_count
    SLICE_X19Y131.CE     net (fanout=23)       2.639   strip_imp/latch_count
    SLICE_X19Y131.CLK    Tckce       (-Th)    -0.002   strip_imp/bcoclk_freq<9>
                                                       strip_imp/bcoclk_freq_18
    -------------------------------------------------  ---------------------------
    Total                                      2.972ns (0.333ns logic, 2.639ns route)
                                                       (11.2% logic, 88.8% route)

--------------------------------------------------------------------------------

================================================================================
Timing constraint: PATH "TS_BCOCLK_TO_BUSCLK_path" TIG;

 0 paths analyzed, 0 endpoints analyzed, 0 failing endpoints
 0 timing errors detected.
--------------------------------------------------------------------------------

================================================================================
Timing constraint: PATH "TS_BCOCLK_TO_MCLKA_path" TIG;

 5279 paths analyzed, 319 endpoints analyzed, 0 failing endpoints
 0 timing errors detected. (0 setup errors, 0 hold errors)
--------------------------------------------------------------------------------

Paths for end point strip_imp/stripana_imp/COUNTERS_1_28 (SLICE_X2Y146.CE), 32 paths
--------------------------------------------------------------------------------
Delay (setup path):     11.278ns (data path - clock path skew + uncertainty)
  Source:               strip_imp/stripana_imp/BCO_29 (FF)
  Destination:          strip_imp/stripana_imp/COUNTERS_1_28 (FF)
  Data Path Delay:      11.098ns (Levels of Logic = 8)
  Clock Path Skew:      0.000ns
  Source Clock:         STRIP_BCOCLK<0> rising
  Destination Clock:    STRIP_MCLKA rising
  Clock Uncertainty:    0.180ns

  Clock Uncertainty:          0.180ns  ((TSJ^2 + TIJ^2)^1/2 + DJ) / 2 + PE
    Total System Jitter (TSJ):  0.000ns
    Total Input Jitter (TIJ):   0.000ns
    Discrete Jitter (DJ):       0.120ns
    Phase Error (PE):           0.120ns

  Maximum Data Path: strip_imp/stripana_imp/BCO_29 to strip_imp/stripana_imp/COUNTERS_1_28
    Location             Delay type         Delay(ns)  Physical Resource
                                                       Logical Resource(s)
    -------------------------------------------------  -------------------
    SLICE_X6Y142.YQ      Tcko                  0.360   strip_imp/STRIP_ANA_BCO<28>
                                                       strip_imp/stripana_imp/BCO_29
    SLICE_X4Y124.G3      net (fanout=3)        1.441   strip_imp/STRIP_ANA_BCO<29>
    SLICE_X4Y124.F5      Tif5                  0.459   strip_imp/stripana_imp/Mmux_TERM_COUNT_5_f5
                                                       strip_imp/stripana_imp/Mmux_TERM_COUNT_7
                                                       strip_imp/stripana_imp/Mmux_TERM_COUNT_5_f5
    SLICE_X4Y124.FXINA   net (fanout=1)        0.000   strip_imp/stripana_imp/Mmux_TERM_COUNT_5_f5
    SLICE_X4Y124.FX      Tinafx                0.267   strip_imp/stripana_imp/Mmux_TERM_COUNT_5_f5
                                                       strip_imp/stripana_imp/Mmux_TERM_COUNT_4_f6
    SLICE_X4Y125.FXINA   net (fanout=1)        0.000   strip_imp/stripana_imp/Mmux_TERM_COUNT_4_f6
    SLICE_X4Y125.FX      Tinafx                0.267   strip_imp/stripana_imp/Mmux_TERM_COUNT_6_f5
                                                       strip_imp/stripana_imp/Mmux_TERM_COUNT_3_f7
    SLICE_X5Y125.FXINA   net (fanout=1)        0.000   strip_imp/stripana_imp/Mmux_TERM_COUNT_3_f7
    SLICE_X5Y125.YMUX    Tif6y                 0.375   strip_imp/stripana_imp/Mmux_TERM_COUNT_7_f5
                                                       strip_imp/stripana_imp/Mmux_TERM_COUNT_2_f8
    SLICE_X10Y66.G3      net (fanout=18)       2.115   strip_imp/STRIP_ANA_DONE
    SLICE_X10Y66.Y       Tilo                  0.195   strip_imp/stripana_imp/COUNTERS_1_not0001158
                                                       strip_imp/stripana_imp/COUNTERS_1_not0001158_SW1_f5
    SLICE_X10Y66.F4      net (fanout=1)        0.159   strip_imp/stripana_imp/N65
    SLICE_X10Y66.X       Tilo                  0.195   strip_imp/stripana_imp/COUNTERS_1_not0001158
                                                       strip_imp/stripana_imp/COUNTERS_1_not0001158
    SLICE_X5Y76.G4       net (fanout=1)        0.956   strip_imp/stripana_imp/COUNTERS_1_not0001158
    SLICE_X5Y76.Y        Tilo                  0.194   strip_imp/stripana_imp/COUNTERS_5_not0001
                                                       strip_imp/stripana_imp/COUNTERS_1_not00011259
    SLICE_X2Y110.G4      net (fanout=5)        1.426   strip_imp/stripana_imp/N11
    SLICE_X2Y110.Y       Tilo                  0.195   strip_imp/stripana_imp/COUNTERS_3_not0001
                                                       strip_imp/stripana_imp/COUNTERS_1_not00012
    SLICE_X2Y146.CE      net (fanout=16)       1.940   strip_imp/stripana_imp/COUNTERS_1_not0001
    SLICE_X2Y146.CLK     Tceck                 0.554   strip_imp/STRIP_ANA_NHIT1<28>
                                                       strip_imp/stripana_imp/COUNTERS_1_28
    -------------------------------------------------  ---------------------------
    Total                                     11.098ns (3.061ns logic, 8.037ns route)
                                                       (27.6% logic, 72.4% route)

--------------------------------------------------------------------------------
Delay (setup path):     11.034ns (data path - clock path skew + uncertainty)
  Source:               strip_imp/stripana_imp/BCO_28 (FF)
  Destination:          strip_imp/stripana_imp/COUNTERS_1_28 (FF)
  Data Path Delay:      10.854ns (Levels of Logic = 8)
  Clock Path Skew:      0.000ns
  Source Clock:         STRIP_BCOCLK<0> rising
  Destination Clock:    STRIP_MCLKA rising
  Clock Uncertainty:    0.180ns

  Clock Uncertainty:          0.180ns  ((TSJ^2 + TIJ^2)^1/2 + DJ) / 2 + PE
    Total System Jitter (TSJ):  0.000ns
    Total Input Jitter (TIJ):   0.000ns
    Discrete Jitter (DJ):       0.120ns
    Phase Error (PE):           0.120ns

  Maximum Data Path: strip_imp/stripana_imp/BCO_28 to strip_imp/stripana_imp/COUNTERS_1_28
    Location             Delay type         Delay(ns)  Physical Resource
                                                       Logical Resource(s)
    -------------------------------------------------  -------------------
    SLICE_X6Y142.XQ      Tcko                  0.360   strip_imp/STRIP_ANA_BCO<28>
                                                       strip_imp/stripana_imp/BCO_28
    SLICE_X4Y124.G1      net (fanout=3)        1.197   strip_imp/STRIP_ANA_BCO<28>
    SLICE_X4Y124.F5      Tif5                  0.459   strip_imp/stripana_imp/Mmux_TERM_COUNT_5_f5
                                                       strip_imp/stripana_imp/Mmux_TERM_COUNT_7
                                                       strip_imp/stripana_imp/Mmux_TERM_COUNT_5_f5
    SLICE_X4Y124.FXINA   net (fanout=1)        0.000   strip_imp/stripana_imp/Mmux_TERM_COUNT_5_f5
    SLICE_X4Y124.FX      Tinafx                0.267   strip_imp/stripana_imp/Mmux_TERM_COUNT_5_f5
                                                       strip_imp/stripana_imp/Mmux_TERM_COUNT_4_f6
    SLICE_X4Y125.FXINA   net (fanout=1)        0.000   strip_imp/stripana_imp/Mmux_TERM_COUNT_4_f6
    SLICE_X4Y125.FX      Tinafx                0.267   strip_imp/stripana_imp/Mmux_TERM_COUNT_6_f5
                                                       strip_imp/stripana_imp/Mmux_TERM_COUNT_3_f7
    SLICE_X5Y125.FXINA   net (fanout=1)        0.000   strip_imp/stripana_imp/Mmux_TERM_COUNT_3_f7
    SLICE_X5Y125.YMUX    Tif6y                 0.375   strip_imp/stripana_imp/Mmux_TERM_COUNT_7_f5
                                                       strip_imp/stripana_imp/Mmux_TERM_COUNT_2_f8
    SLICE_X10Y66.G3      net (fanout=18)       2.115   strip_imp/STRIP_ANA_DONE
    SLICE_X10Y66.Y       Tilo                  0.195   strip_imp/stripana_imp/COUNTERS_1_not0001158
                                                       strip_imp/stripana_imp/COUNTERS_1_not0001158_SW1_f5
    SLICE_X10Y66.F4      net (fanout=1)        0.159   strip_imp/stripana_imp/N65
    SLICE_X10Y66.X       Tilo                  0.195   strip_imp/stripana_imp/COUNTERS_1_not0001158
                                                       strip_imp/stripana_imp/COUNTERS_1_not0001158
    SLICE_X5Y76.G4       net (fanout=1)        0.956   strip_imp/stripana_imp/COUNTERS_1_not0001158
    SLICE_X5Y76.Y        Tilo                  0.194   strip_imp/stripana_imp/COUNTERS_5_not0001
                                                       strip_imp/stripana_imp/COUNTERS_1_not00011259
    SLICE_X2Y110.G4      net (fanout=5)        1.426   strip_imp/stripana_imp/N11
    SLICE_X2Y110.Y       Tilo                  0.195   strip_imp/stripana_imp/COUNTERS_3_not0001
                                                       strip_imp/stripana_imp/COUNTERS_1_not00012
    SLICE_X2Y146.CE      net (fanout=16)       1.940   strip_imp/stripana_imp/COUNTERS_1_not0001
    SLICE_X2Y146.CLK     Tceck                 0.554   strip_imp/STRIP_ANA_NHIT1<28>
                                                       strip_imp/stripana_imp/COUNTERS_1_28
    -------------------------------------------------  ---------------------------
    Total                                     10.854ns (3.061ns logic, 7.793ns route)
                                                       (28.2% logic, 71.8% route)

--------------------------------------------------------------------------------
Delay (setup path):     10.995ns (data path - clock path skew + uncertainty)
  Source:               strip_imp/stripana_imp/BCO_22 (FF)
  Destination:          strip_imp/stripana_imp/COUNTERS_1_28 (FF)
  Data Path Delay:      10.815ns (Levels of Logic = 8)
  Clock Path Skew:      0.000ns
  Source Clock:         STRIP_BCOCLK<0> rising
  Destination Clock:    STRIP_MCLKA rising
  Clock Uncertainty:    0.180ns

  Clock Uncertainty:          0.180ns  ((TSJ^2 + TIJ^2)^1/2 + DJ) / 2 + PE
    Total System Jitter (TSJ):  0.000ns
    Total Input Jitter (TIJ):   0.000ns
    Discrete Jitter (DJ):       0.120ns
    Phase Error (PE):           0.120ns

  Maximum Data Path: strip_imp/stripana_imp/BCO_22 to strip_imp/stripana_imp/COUNTERS_1_28
    Location             Delay type         Delay(ns)  Physical Resource
                                                       Logical Resource(s)
    -------------------------------------------------  -------------------
    SLICE_X6Y139.XQ      Tcko                  0.360   strip_imp/STRIP_ANA_BCO<22>
                                                       strip_imp/stripana_imp/BCO_22
    SLICE_X5Y124.F1      net (fanout=3)        1.191   strip_imp/STRIP_ANA_BCO<22>
    SLICE_X5Y124.F5      Tif5                  0.452   strip_imp/stripana_imp/Mmux_TERM_COUNT_6_f51
                                                       strip_imp/stripana_imp/Mmux_TERM_COUNT_72
                                                       strip_imp/stripana_imp/Mmux_TERM_COUNT_6_f5_0
    SLICE_X5Y124.FXINA   net (fanout=1)        0.000   strip_imp/stripana_imp/Mmux_TERM_COUNT_6_f51
    SLICE_X5Y124.FX      Tinafx                0.248   strip_imp/stripana_imp/Mmux_TERM_COUNT_6_f51
                                                       strip_imp/stripana_imp/Mmux_TERM_COUNT_5_f6
    SLICE_X4Y125.FXINB   net (fanout=1)        0.000   strip_imp/stripana_imp/Mmux_TERM_COUNT_5_f6
    SLICE_X4Y125.FX      Tinbfx                0.260   strip_imp/stripana_imp/Mmux_TERM_COUNT_6_f5
                                                       strip_imp/stripana_imp/Mmux_TERM_COUNT_3_f7
    SLICE_X5Y125.FXINA   net (fanout=1)        0.000   strip_imp/stripana_imp/Mmux_TERM_COUNT_3_f7
    SLICE_X5Y125.YMUX    Tif6y                 0.375   strip_imp/stripana_imp/Mmux_TERM_COUNT_7_f5
                                                       strip_imp/stripana_imp/Mmux_TERM_COUNT_2_f8
    SLICE_X10Y66.G3      net (fanout=18)       2.115   strip_imp/STRIP_ANA_DONE
    SLICE_X10Y66.Y       Tilo                  0.195   strip_imp/stripana_imp/COUNTERS_1_not0001158
                                                       strip_imp/stripana_imp/COUNTERS_1_not0001158_SW1_f5
    SLICE_X10Y66.F4      net (fanout=1)        0.159   strip_imp/stripana_imp/N65
    SLICE_X10Y66.X       Tilo                  0.195   strip_imp/stripana_imp/COUNTERS_1_not0001158
                                                       strip_imp/stripana_imp/COUNTERS_1_not0001158
    SLICE_X5Y76.G4       net (fanout=1)        0.956   strip_imp/stripana_imp/COUNTERS_1_not0001158
    SLICE_X5Y76.Y        Tilo                  0.194   strip_imp/stripana_imp/COUNTERS_5_not0001
                                                       strip_imp/stripana_imp/COUNTERS_1_not00011259
    SLICE_X2Y110.G4      net (fanout=5)        1.426   strip_imp/stripana_imp/N11
    SLICE_X2Y110.Y       Tilo                  0.195   strip_imp/stripana_imp/COUNTERS_3_not0001
                                                       strip_imp/stripana_imp/COUNTERS_1_not00012
    SLICE_X2Y146.CE      net (fanout=16)       1.940   strip_imp/stripana_imp/COUNTERS_1_not0001
    SLICE_X2Y146.CLK     Tceck                 0.554   strip_imp/STRIP_ANA_NHIT1<28>
                                                       strip_imp/stripana_imp/COUNTERS_1_28
    -------------------------------------------------  ---------------------------
    Total                                     10.815ns (3.028ns logic, 7.787ns route)
                                                       (28.0% logic, 72.0% route)

--------------------------------------------------------------------------------

Paths for end point strip_imp/stripana_imp/COUNTERS_1_29 (SLICE_X2Y146.CE), 32 paths
--------------------------------------------------------------------------------
Delay (setup path):     11.278ns (data path - clock path skew + uncertainty)
  Source:               strip_imp/stripana_imp/BCO_29 (FF)
  Destination:          strip_imp/stripana_imp/COUNTERS_1_29 (FF)
  Data Path Delay:      11.098ns (Levels of Logic = 8)
  Clock Path Skew:      0.000ns
  Source Clock:         STRIP_BCOCLK<0> rising
  Destination Clock:    STRIP_MCLKA rising
  Clock Uncertainty:    0.180ns

  Clock Uncertainty:          0.180ns  ((TSJ^2 + TIJ^2)^1/2 + DJ) / 2 + PE
    Total System Jitter (TSJ):  0.000ns
    Total Input Jitter (TIJ):   0.000ns
    Discrete Jitter (DJ):       0.120ns
    Phase Error (PE):           0.120ns

  Maximum Data Path: strip_imp/stripana_imp/BCO_29 to strip_imp/stripana_imp/COUNTERS_1_29
    Location             Delay type         Delay(ns)  Physical Resource
                                                       Logical Resource(s)
    -------------------------------------------------  -------------------
    SLICE_X6Y142.YQ      Tcko                  0.360   strip_imp/STRIP_ANA_BCO<28>
                                                       strip_imp/stripana_imp/BCO_29
    SLICE_X4Y124.G3      net (fanout=3)        1.441   strip_imp/STRIP_ANA_BCO<29>
    SLICE_X4Y124.F5      Tif5                  0.459   strip_imp/stripana_imp/Mmux_TERM_COUNT_5_f5
                                                       strip_imp/stripana_imp/Mmux_TERM_COUNT_7
                                                       strip_imp/stripana_imp/Mmux_TERM_COUNT_5_f5
    SLICE_X4Y124.FXINA   net (fanout=1)        0.000   strip_imp/stripana_imp/Mmux_TERM_COUNT_5_f5
    SLICE_X4Y124.FX      Tinafx                0.267   strip_imp/stripana_imp/Mmux_TERM_COUNT_5_f5
                                                       strip_imp/stripana_imp/Mmux_TERM_COUNT_4_f6
    SLICE_X4Y125.FXINA   net (fanout=1)        0.000   strip_imp/stripana_imp/Mmux_TERM_COUNT_4_f6
    SLICE_X4Y125.FX      Tinafx                0.267   strip_imp/stripana_imp/Mmux_TERM_COUNT_6_f5
                                                       strip_imp/stripana_imp/Mmux_TERM_COUNT_3_f7
    SLICE_X5Y125.FXINA   net (fanout=1)        0.000   strip_imp/stripana_imp/Mmux_TERM_COUNT_3_f7
    SLICE_X5Y125.YMUX    Tif6y                 0.375   strip_imp/stripana_imp/Mmux_TERM_COUNT_7_f5
                                                       strip_imp/stripana_imp/Mmux_TERM_COUNT_2_f8
    SLICE_X10Y66.G3      net (fanout=18)       2.115   strip_imp/STRIP_ANA_DONE
    SLICE_X10Y66.Y       Tilo                  0.195   strip_imp/stripana_imp/COUNTERS_1_not0001158
                                                       strip_imp/stripana_imp/COUNTERS_1_not0001158_SW1_f5
    SLICE_X10Y66.F4      net (fanout=1)        0.159   strip_imp/stripana_imp/N65
    SLICE_X10Y66.X       Tilo                  0.195   strip_imp/stripana_imp/COUNTERS_1_not0001158
                                                       strip_imp/stripana_imp/COUNTERS_1_not0001158
    SLICE_X5Y76.G4       net (fanout=1)        0.956   strip_imp/stripana_imp/COUNTERS_1_not0001158
    SLICE_X5Y76.Y        Tilo                  0.194   strip_imp/stripana_imp/COUNTERS_5_not0001
                                                       strip_imp/stripana_imp/COUNTERS_1_not00011259
    SLICE_X2Y110.G4      net (fanout=5)        1.426   strip_imp/stripana_imp/N11
    SLICE_X2Y110.Y       Tilo                  0.195   strip_imp/stripana_imp/COUNTERS_3_not0001
                                                       strip_imp/stripana_imp/COUNTERS_1_not00012
    SLICE_X2Y146.CE      net (fanout=16)       1.940   strip_imp/stripana_imp/COUNTERS_1_not0001
    SLICE_X2Y146.CLK     Tceck                 0.554   strip_imp/STRIP_ANA_NHIT1<28>
                                                       strip_imp/stripana_imp/COUNTERS_1_29
    -------------------------------------------------  ---------------------------
    Total                                     11.098ns (3.061ns logic, 8.037ns route)
                                                       (27.6% logic, 72.4% route)

--------------------------------------------------------------------------------
Delay (setup path):     11.034ns (data path - clock path skew + uncertainty)
  Source:               strip_imp/stripana_imp/BCO_28 (FF)
  Destination:          strip_imp/stripana_imp/COUNTERS_1_29 (FF)
  Data Path Delay:      10.854ns (Levels of Logic = 8)
  Clock Path Skew:      0.000ns
  Source Clock:         STRIP_BCOCLK<0> rising
  Destination Clock:    STRIP_MCLKA rising
  Clock Uncertainty:    0.180ns

  Clock Uncertainty:          0.180ns  ((TSJ^2 + TIJ^2)^1/2 + DJ) / 2 + PE
    Total System Jitter (TSJ):  0.000ns
    Total Input Jitter (TIJ):   0.000ns
    Discrete Jitter (DJ):       0.120ns
    Phase Error (PE):           0.120ns

  Maximum Data Path: strip_imp/stripana_imp/BCO_28 to strip_imp/stripana_imp/COUNTERS_1_29
    Location             Delay type         Delay(ns)  Physical Resource
                                                       Logical Resource(s)
    -------------------------------------------------  -------------------
    SLICE_X6Y142.XQ      Tcko                  0.360   strip_imp/STRIP_ANA_BCO<28>
                                                       strip_imp/stripana_imp/BCO_28
    SLICE_X4Y124.G1      net (fanout=3)        1.197   strip_imp/STRIP_ANA_BCO<28>
    SLICE_X4Y124.F5      Tif5                  0.459   strip_imp/stripana_imp/Mmux_TERM_COUNT_5_f5
                                                       strip_imp/stripana_imp/Mmux_TERM_COUNT_7
                                                       strip_imp/stripana_imp/Mmux_TERM_COUNT_5_f5
    SLICE_X4Y124.FXINA   net (fanout=1)        0.000   strip_imp/stripana_imp/Mmux_TERM_COUNT_5_f5
    SLICE_X4Y124.FX      Tinafx                0.267   strip_imp/stripana_imp/Mmux_TERM_COUNT_5_f5
                                                       strip_imp/stripana_imp/Mmux_TERM_COUNT_4_f6
    SLICE_X4Y125.FXINA   net (fanout=1)        0.000   strip_imp/stripana_imp/Mmux_TERM_COUNT_4_f6
    SLICE_X4Y125.FX      Tinafx                0.267   strip_imp/stripana_imp/Mmux_TERM_COUNT_6_f5
                                                       strip_imp/stripana_imp/Mmux_TERM_COUNT_3_f7
    SLICE_X5Y125.FXINA   net (fanout=1)        0.000   strip_imp/stripana_imp/Mmux_TERM_COUNT_3_f7
    SLICE_X5Y125.YMUX    Tif6y                 0.375   strip_imp/stripana_imp/Mmux_TERM_COUNT_7_f5
                                                       strip_imp/stripana_imp/Mmux_TERM_COUNT_2_f8
    SLICE_X10Y66.G3      net (fanout=18)       2.115   strip_imp/STRIP_ANA_DONE
    SLICE_X10Y66.Y       Tilo                  0.195   strip_imp/stripana_imp/COUNTERS_1_not0001158
                                                       strip_imp/stripana_imp/COUNTERS_1_not0001158_SW1_f5
    SLICE_X10Y66.F4      net (fanout=1)        0.159   strip_imp/stripana_imp/N65
    SLICE_X10Y66.X       Tilo                  0.195   strip_imp/stripana_imp/COUNTERS_1_not0001158
                                                       strip_imp/stripana_imp/COUNTERS_1_not0001158
    SLICE_X5Y76.G4       net (fanout=1)        0.956   strip_imp/stripana_imp/COUNTERS_1_not0001158
    SLICE_X5Y76.Y        Tilo                  0.194   strip_imp/stripana_imp/COUNTERS_5_not0001
                                                       strip_imp/stripana_imp/COUNTERS_1_not00011259
    SLICE_X2Y110.G4      net (fanout=5)        1.426   strip_imp/stripana_imp/N11
    SLICE_X2Y110.Y       Tilo                  0.195   strip_imp/stripana_imp/COUNTERS_3_not0001
                                                       strip_imp/stripana_imp/COUNTERS_1_not00012
    SLICE_X2Y146.CE      net (fanout=16)       1.940   strip_imp/stripana_imp/COUNTERS_1_not0001
    SLICE_X2Y146.CLK     Tceck                 0.554   strip_imp/STRIP_ANA_NHIT1<28>
                                                       strip_imp/stripana_imp/COUNTERS_1_29
    -------------------------------------------------  ---------------------------
    Total                                     10.854ns (3.061ns logic, 7.793ns route)
                                                       (28.2% logic, 71.8% route)

--------------------------------------------------------------------------------
Delay (setup path):     10.995ns (data path - clock path skew + uncertainty)
  Source:               strip_imp/stripana_imp/BCO_22 (FF)
  Destination:          strip_imp/stripana_imp/COUNTERS_1_29 (FF)
  Data Path Delay:      10.815ns (Levels of Logic = 8)
  Clock Path Skew:      0.000ns
  Source Clock:         STRIP_BCOCLK<0> rising
  Destination Clock:    STRIP_MCLKA rising
  Clock Uncertainty:    0.180ns

  Clock Uncertainty:          0.180ns  ((TSJ^2 + TIJ^2)^1/2 + DJ) / 2 + PE
    Total System Jitter (TSJ):  0.000ns
    Total Input Jitter (TIJ):   0.000ns
    Discrete Jitter (DJ):       0.120ns
    Phase Error (PE):           0.120ns

  Maximum Data Path: strip_imp/stripana_imp/BCO_22 to strip_imp/stripana_imp/COUNTERS_1_29
    Location             Delay type         Delay(ns)  Physical Resource
                                                       Logical Resource(s)
    -------------------------------------------------  -------------------
    SLICE_X6Y139.XQ      Tcko                  0.360   strip_imp/STRIP_ANA_BCO<22>
                                                       strip_imp/stripana_imp/BCO_22
    SLICE_X5Y124.F1      net (fanout=3)        1.191   strip_imp/STRIP_ANA_BCO<22>
    SLICE_X5Y124.F5      Tif5                  0.452   strip_imp/stripana_imp/Mmux_TERM_COUNT_6_f51
                                                       strip_imp/stripana_imp/Mmux_TERM_COUNT_72
                                                       strip_imp/stripana_imp/Mmux_TERM_COUNT_6_f5_0
    SLICE_X5Y124.FXINA   net (fanout=1)        0.000   strip_imp/stripana_imp/Mmux_TERM_COUNT_6_f51
    SLICE_X5Y124.FX      Tinafx                0.248   strip_imp/stripana_imp/Mmux_TERM_COUNT_6_f51
                                                       strip_imp/stripana_imp/Mmux_TERM_COUNT_5_f6
    SLICE_X4Y125.FXINB   net (fanout=1)        0.000   strip_imp/stripana_imp/Mmux_TERM_COUNT_5_f6
    SLICE_X4Y125.FX      Tinbfx                0.260   strip_imp/stripana_imp/Mmux_TERM_COUNT_6_f5
                                                       strip_imp/stripana_imp/Mmux_TERM_COUNT_3_f7
    SLICE_X5Y125.FXINA   net (fanout=1)        0.000   strip_imp/stripana_imp/Mmux_TERM_COUNT_3_f7
    SLICE_X5Y125.YMUX    Tif6y                 0.375   strip_imp/stripana_imp/Mmux_TERM_COUNT_7_f5
                                                       strip_imp/stripana_imp/Mmux_TERM_COUNT_2_f8
    SLICE_X10Y66.G3      net (fanout=18)       2.115   strip_imp/STRIP_ANA_DONE
    SLICE_X10Y66.Y       Tilo                  0.195   strip_imp/stripana_imp/COUNTERS_1_not0001158
                                                       strip_imp/stripana_imp/COUNTERS_1_not0001158_SW1_f5
    SLICE_X10Y66.F4      net (fanout=1)        0.159   strip_imp/stripana_imp/N65
    SLICE_X10Y66.X       Tilo                  0.195   strip_imp/stripana_imp/COUNTERS_1_not0001158
                                                       strip_imp/stripana_imp/COUNTERS_1_not0001158
    SLICE_X5Y76.G4       net (fanout=1)        0.956   strip_imp/stripana_imp/COUNTERS_1_not0001158
    SLICE_X5Y76.Y        Tilo                  0.194   strip_imp/stripana_imp/COUNTERS_5_not0001
                                                       strip_imp/stripana_imp/COUNTERS_1_not00011259
    SLICE_X2Y110.G4      net (fanout=5)        1.426   strip_imp/stripana_imp/N11
    SLICE_X2Y110.Y       Tilo                  0.195   strip_imp/stripana_imp/COUNTERS_3_not0001
                                                       strip_imp/stripana_imp/COUNTERS_1_not00012
    SLICE_X2Y146.CE      net (fanout=16)       1.940   strip_imp/stripana_imp/COUNTERS_1_not0001
    SLICE_X2Y146.CLK     Tceck                 0.554   strip_imp/STRIP_ANA_NHIT1<28>
                                                       strip_imp/stripana_imp/COUNTERS_1_29
    -------------------------------------------------  ---------------------------
    Total                                     10.815ns (3.028ns logic, 7.787ns route)
                                                       (28.0% logic, 72.0% route)

--------------------------------------------------------------------------------

Paths for end point strip_imp/stripana_imp/COUNTERS_1_30 (SLICE_X2Y147.CE), 32 paths
--------------------------------------------------------------------------------
Delay (setup path):     11.278ns (data path - clock path skew + uncertainty)
  Source:               strip_imp/stripana_imp/BCO_29 (FF)
  Destination:          strip_imp/stripana_imp/COUNTERS_1_30 (FF)
  Data Path Delay:      11.098ns (Levels of Logic = 8)
  Clock Path Skew:      0.000ns
  Source Clock:         STRIP_BCOCLK<0> rising
  Destination Clock:    STRIP_MCLKA rising
  Clock Uncertainty:    0.180ns

  Clock Uncertainty:          0.180ns  ((TSJ^2 + TIJ^2)^1/2 + DJ) / 2 + PE
    Total System Jitter (TSJ):  0.000ns
    Total Input Jitter (TIJ):   0.000ns
    Discrete Jitter (DJ):       0.120ns
    Phase Error (PE):           0.120ns

  Maximum Data Path: strip_imp/stripana_imp/BCO_29 to strip_imp/stripana_imp/COUNTERS_1_30
    Location             Delay type         Delay(ns)  Physical Resource
                                                       Logical Resource(s)
    -------------------------------------------------  -------------------
    SLICE_X6Y142.YQ      Tcko                  0.360   strip_imp/STRIP_ANA_BCO<28>
                                                       strip_imp/stripana_imp/BCO_29
    SLICE_X4Y124.G3      net (fanout=3)        1.441   strip_imp/STRIP_ANA_BCO<29>
    SLICE_X4Y124.F5      Tif5                  0.459   strip_imp/stripana_imp/Mmux_TERM_COUNT_5_f5
                                                       strip_imp/stripana_imp/Mmux_TERM_COUNT_7
                                                       strip_imp/stripana_imp/Mmux_TERM_COUNT_5_f5
    SLICE_X4Y124.FXINA   net (fanout=1)        0.000   strip_imp/stripana_imp/Mmux_TERM_COUNT_5_f5
    SLICE_X4Y124.FX      Tinafx                0.267   strip_imp/stripana_imp/Mmux_TERM_COUNT_5_f5
                                                       strip_imp/stripana_imp/Mmux_TERM_COUNT_4_f6
    SLICE_X4Y125.FXINA   net (fanout=1)        0.000   strip_imp/stripana_imp/Mmux_TERM_COUNT_4_f6
    SLICE_X4Y125.FX      Tinafx                0.267   strip_imp/stripana_imp/Mmux_TERM_COUNT_6_f5
                                                       strip_imp/stripana_imp/Mmux_TERM_COUNT_3_f7
    SLICE_X5Y125.FXINA   net (fanout=1)        0.000   strip_imp/stripana_imp/Mmux_TERM_COUNT_3_f7
    SLICE_X5Y125.YMUX    Tif6y                 0.375   strip_imp/stripana_imp/Mmux_TERM_COUNT_7_f5
                                                       strip_imp/stripana_imp/Mmux_TERM_COUNT_2_f8
    SLICE_X10Y66.G3      net (fanout=18)       2.115   strip_imp/STRIP_ANA_DONE
    SLICE_X10Y66.Y       Tilo                  0.195   strip_imp/stripana_imp/COUNTERS_1_not0001158
                                                       strip_imp/stripana_imp/COUNTERS_1_not0001158_SW1_f5
    SLICE_X10Y66.F4      net (fanout=1)        0.159   strip_imp/stripana_imp/N65
    SLICE_X10Y66.X       Tilo                  0.195   strip_imp/stripana_imp/COUNTERS_1_not0001158
                                                       strip_imp/stripana_imp/COUNTERS_1_not0001158
    SLICE_X5Y76.G4       net (fanout=1)        0.956   strip_imp/stripana_imp/COUNTERS_1_not0001158
    SLICE_X5Y76.Y        Tilo                  0.194   strip_imp/stripana_imp/COUNTERS_5_not0001
                                                       strip_imp/stripana_imp/COUNTERS_1_not00011259
    SLICE_X2Y110.G4      net (fanout=5)        1.426   strip_imp/stripana_imp/N11
    SLICE_X2Y110.Y       Tilo                  0.195   strip_imp/stripana_imp/COUNTERS_3_not0001
                                                       strip_imp/stripana_imp/COUNTERS_1_not00012
    SLICE_X2Y147.CE      net (fanout=16)       1.940   strip_imp/stripana_imp/COUNTERS_1_not0001
    SLICE_X2Y147.CLK     Tceck                 0.554   strip_imp/STRIP_ANA_NHIT1<30>
                                                       strip_imp/stripana_imp/COUNTERS_1_30
    -------------------------------------------------  ---------------------------
    Total                                     11.098ns (3.061ns logic, 8.037ns route)
                                                       (27.6% logic, 72.4% route)

--------------------------------------------------------------------------------
Delay (setup path):     11.034ns (data path - clock path skew + uncertainty)
  Source:               strip_imp/stripana_imp/BCO_28 (FF)
  Destination:          strip_imp/stripana_imp/COUNTERS_1_30 (FF)
  Data Path Delay:      10.854ns (Levels of Logic = 8)
  Clock Path Skew:      0.000ns
  Source Clock:         STRIP_BCOCLK<0> rising
  Destination Clock:    STRIP_MCLKA rising
  Clock Uncertainty:    0.180ns

  Clock Uncertainty:          0.180ns  ((TSJ^2 + TIJ^2)^1/2 + DJ) / 2 + PE
    Total System Jitter (TSJ):  0.000ns
    Total Input Jitter (TIJ):   0.000ns
    Discrete Jitter (DJ):       0.120ns
    Phase Error (PE):           0.120ns

  Maximum Data Path: strip_imp/stripana_imp/BCO_28 to strip_imp/stripana_imp/COUNTERS_1_30
    Location             Delay type         Delay(ns)  Physical Resource
                                                       Logical Resource(s)
    -------------------------------------------------  -------------------
    SLICE_X6Y142.XQ      Tcko                  0.360   strip_imp/STRIP_ANA_BCO<28>
                                                       strip_imp/stripana_imp/BCO_28
    SLICE_X4Y124.G1      net (fanout=3)        1.197   strip_imp/STRIP_ANA_BCO<28>
    SLICE_X4Y124.F5      Tif5                  0.459   strip_imp/stripana_imp/Mmux_TERM_COUNT_5_f5
                                                       strip_imp/stripana_imp/Mmux_TERM_COUNT_7
                                                       strip_imp/stripana_imp/Mmux_TERM_COUNT_5_f5
    SLICE_X4Y124.FXINA   net (fanout=1)        0.000   strip_imp/stripana_imp/Mmux_TERM_COUNT_5_f5
    SLICE_X4Y124.FX      Tinafx                0.267   strip_imp/stripana_imp/Mmux_TERM_COUNT_5_f5
                                                       strip_imp/stripana_imp/Mmux_TERM_COUNT_4_f6
    SLICE_X4Y125.FXINA   net (fanout=1)        0.000   strip_imp/stripana_imp/Mmux_TERM_COUNT_4_f6
    SLICE_X4Y125.FX      Tinafx                0.267   strip_imp/stripana_imp/Mmux_TERM_COUNT_6_f5
                                                       strip_imp/stripana_imp/Mmux_TERM_COUNT_3_f7
    SLICE_X5Y125.FXINA   net (fanout=1)        0.000   strip_imp/stripana_imp/Mmux_TERM_COUNT_3_f7
    SLICE_X5Y125.YMUX    Tif6y                 0.375   strip_imp/stripana_imp/Mmux_TERM_COUNT_7_f5
                                                       strip_imp/stripana_imp/Mmux_TERM_COUNT_2_f8
    SLICE_X10Y66.G3      net (fanout=18)       2.115   strip_imp/STRIP_ANA_DONE
    SLICE_X10Y66.Y       Tilo                  0.195   strip_imp/stripana_imp/COUNTERS_1_not0001158
                                                       strip_imp/stripana_imp/COUNTERS_1_not0001158_SW1_f5
    SLICE_X10Y66.F4      net (fanout=1)        0.159   strip_imp/stripana_imp/N65
    SLICE_X10Y66.X       Tilo                  0.195   strip_imp/stripana_imp/COUNTERS_1_not0001158
                                                       strip_imp/stripana_imp/COUNTERS_1_not0001158
    SLICE_X5Y76.G4       net (fanout=1)        0.956   strip_imp/stripana_imp/COUNTERS_1_not0001158
    SLICE_X5Y76.Y        Tilo                  0.194   strip_imp/stripana_imp/COUNTERS_5_not0001
                                                       strip_imp/stripana_imp/COUNTERS_1_not00011259
    SLICE_X2Y110.G4      net (fanout=5)        1.426   strip_imp/stripana_imp/N11
    SLICE_X2Y110.Y       Tilo                  0.195   strip_imp/stripana_imp/COUNTERS_3_not0001
                                                       strip_imp/stripana_imp/COUNTERS_1_not00012
    SLICE_X2Y147.CE      net (fanout=16)       1.940   strip_imp/stripana_imp/COUNTERS_1_not0001
    SLICE_X2Y147.CLK     Tceck                 0.554   strip_imp/STRIP_ANA_NHIT1<30>
                                                       strip_imp/stripana_imp/COUNTERS_1_30
    -------------------------------------------------  ---------------------------
    Total                                     10.854ns (3.061ns logic, 7.793ns route)
                                                       (28.2% logic, 71.8% route)

--------------------------------------------------------------------------------
Delay (setup path):     10.995ns (data path - clock path skew + uncertainty)
  Source:               strip_imp/stripana_imp/BCO_22 (FF)
  Destination:          strip_imp/stripana_imp/COUNTERS_1_30 (FF)
  Data Path Delay:      10.815ns (Levels of Logic = 8)
  Clock Path Skew:      0.000ns
  Source Clock:         STRIP_BCOCLK<0> rising
  Destination Clock:    STRIP_MCLKA rising
  Clock Uncertainty:    0.180ns

  Clock Uncertainty:          0.180ns  ((TSJ^2 + TIJ^2)^1/2 + DJ) / 2 + PE
    Total System Jitter (TSJ):  0.000ns
    Total Input Jitter (TIJ):   0.000ns
    Discrete Jitter (DJ):       0.120ns
    Phase Error (PE):           0.120ns

  Maximum Data Path: strip_imp/stripana_imp/BCO_22 to strip_imp/stripana_imp/COUNTERS_1_30
    Location             Delay type         Delay(ns)  Physical Resource
                                                       Logical Resource(s)
    -------------------------------------------------  -------------------
    SLICE_X6Y139.XQ      Tcko                  0.360   strip_imp/STRIP_ANA_BCO<22>
                                                       strip_imp/stripana_imp/BCO_22
    SLICE_X5Y124.F1      net (fanout=3)        1.191   strip_imp/STRIP_ANA_BCO<22>
    SLICE_X5Y124.F5      Tif5                  0.452   strip_imp/stripana_imp/Mmux_TERM_COUNT_6_f51
                                                       strip_imp/stripana_imp/Mmux_TERM_COUNT_72
                                                       strip_imp/stripana_imp/Mmux_TERM_COUNT_6_f5_0
    SLICE_X5Y124.FXINA   net (fanout=1)        0.000   strip_imp/stripana_imp/Mmux_TERM_COUNT_6_f51
    SLICE_X5Y124.FX      Tinafx                0.248   strip_imp/stripana_imp/Mmux_TERM_COUNT_6_f51
                                                       strip_imp/stripana_imp/Mmux_TERM_COUNT_5_f6
    SLICE_X4Y125.FXINB   net (fanout=1)        0.000   strip_imp/stripana_imp/Mmux_TERM_COUNT_5_f6
    SLICE_X4Y125.FX      Tinbfx                0.260   strip_imp/stripana_imp/Mmux_TERM_COUNT_6_f5
                                                       strip_imp/stripana_imp/Mmux_TERM_COUNT_3_f7
    SLICE_X5Y125.FXINA   net (fanout=1)        0.000   strip_imp/stripana_imp/Mmux_TERM_COUNT_3_f7
    SLICE_X5Y125.YMUX    Tif6y                 0.375   strip_imp/stripana_imp/Mmux_TERM_COUNT_7_f5
                                                       strip_imp/stripana_imp/Mmux_TERM_COUNT_2_f8
    SLICE_X10Y66.G3      net (fanout=18)       2.115   strip_imp/STRIP_ANA_DONE
    SLICE_X10Y66.Y       Tilo                  0.195   strip_imp/stripana_imp/COUNTERS_1_not0001158
                                                       strip_imp/stripana_imp/COUNTERS_1_not0001158_SW1_f5
    SLICE_X10Y66.F4      net (fanout=1)        0.159   strip_imp/stripana_imp/N65
    SLICE_X10Y66.X       Tilo                  0.195   strip_imp/stripana_imp/COUNTERS_1_not0001158
                                                       strip_imp/stripana_imp/COUNTERS_1_not0001158
    SLICE_X5Y76.G4       net (fanout=1)        0.956   strip_imp/stripana_imp/COUNTERS_1_not0001158
    SLICE_X5Y76.Y        Tilo                  0.194   strip_imp/stripana_imp/COUNTERS_5_not0001
                                                       strip_imp/stripana_imp/COUNTERS_1_not00011259
    SLICE_X2Y110.G4      net (fanout=5)        1.426   strip_imp/stripana_imp/N11
    SLICE_X2Y110.Y       Tilo                  0.195   strip_imp/stripana_imp/COUNTERS_3_not0001
                                                       strip_imp/stripana_imp/COUNTERS_1_not00012
    SLICE_X2Y147.CE      net (fanout=16)       1.940   strip_imp/stripana_imp/COUNTERS_1_not0001
    SLICE_X2Y147.CLK     Tceck                 0.554   strip_imp/STRIP_ANA_NHIT1<30>
                                                       strip_imp/stripana_imp/COUNTERS_1_30
    -------------------------------------------------  ---------------------------
    Total                                     10.815ns (3.028ns logic, 7.787ns route)
                                                       (28.0% logic, 72.0% route)

--------------------------------------------------------------------------------

Hold Paths: PATH "TS_BCOCLK_TO_MCLKA_path" TIG;
--------------------------------------------------------------------------------

Paths for end point strip_imp/trigprim2_imp/fifo_imp/U0/xst_fifo_generator/gconvfifo.rf/gbiv4.fgfifo16_patch/fblk/gen_wgtr.inst_wgtr/lut_f/gntv_or_sync_fifo.gcx.clkx/gsync_stage[1].rd_stg_inst/Q_reg_3 (SLICE_X32Y158.BY), 1 path
--------------------------------------------------------------------------------
Delay (hold path):      -0.390ns (datapath - clock path skew - uncertainty)
  Source:               strip_imp/trigprim2_imp/fifo_imp/U0/xst_fifo_generator/gconvfifo.rf/gbiv4.fgfifo16_patch/fblk/gen_wgtr.inst_wgtr/lut_f/gntv_or_sync_fifo.gcx.clkx/wr_pntr_gc_3 (FF)
  Destination:          strip_imp/trigprim2_imp/fifo_imp/U0/xst_fifo_generator/gconvfifo.rf/gbiv4.fgfifo16_patch/fblk/gen_wgtr.inst_wgtr/lut_f/gntv_or_sync_fifo.gcx.clkx/gsync_stage[1].rd_stg_inst/Q_reg_3 (FF)
  Data Path Delay:      0.477ns (Levels of Logic = 0)
  Clock Path Skew:      0.867ns (5.958 - 5.091)
  Source Clock:         STRIP_BCOCLK<0> falling
  Destination Clock:    STRIP_MCLKA rising
  Clock Uncertainty:    0.000ns

  Minimum Data Path: strip_imp/trigprim2_imp/fifo_imp/U0/xst_fifo_generator/gconvfifo.rf/gbiv4.fgfifo16_patch/fblk/gen_wgtr.inst_wgtr/lut_f/gntv_or_sync_fifo.gcx.clkx/wr_pntr_gc_3 to strip_imp/trigprim2_imp/fifo_imp/U0/xst_fifo_generator/gconvfifo.rf/gbiv4.fgfifo16_patch/fblk/gen_wgtr.inst_wgtr/lut_f/gntv_or_sync_fifo.gcx.clkx/gsync_stage[1].rd_stg_inst/Q_reg_3
    Location             Delay type         Delay(ns)  Physical Resource
                                                       Logical Resource(s)
    -------------------------------------------------  -------------------
    SLICE_X33Y158.YQ     Tcko                  0.263   strip_imp/trigprim2_imp/fifo_imp/U0/xst_fifo_generator/gconvfifo.rf/gbiv4.fgfifo16_patch/fblk/gen_wgtr.inst_wgtr/lut_f/gntv_or_sync_fifo.gcx.clkx/wr_pntr_gc<3>
                                                       strip_imp/trigprim2_imp/fifo_imp/U0/xst_fifo_generator/gconvfifo.rf/gbiv4.fgfifo16_patch/fblk/gen_wgtr.inst_wgtr/lut_f/gntv_or_sync_fifo.gcx.clkx/wr_pntr_gc_3
    SLICE_X32Y158.BY     net (fanout=1)        0.295   strip_imp/trigprim2_imp/fifo_imp/U0/xst_fifo_generator/gconvfifo.rf/gbiv4.fgfifo16_patch/fblk/gen_wgtr.inst_wgtr/lut_f/gntv_or_sync_fifo.gcx.clkx/wr_pntr_gc<3>
    SLICE_X32Y158.CLK    Tckdi       (-Th)     0.081   strip_imp/trigprim2_imp/fifo_imp/U0/xst_fifo_generator/gconvfifo.rf/gbiv4.fgfifo16_patch/fblk/gen_wgtr.inst_wgtr/lut_f/gntv_or_sync_fifo.gcx.clkx/gsync_stage[1].rd_stg_inst/Q_reg<3>
                                                       strip_imp/trigprim2_imp/fifo_imp/U0/xst_fifo_generator/gconvfifo.rf/gbiv4.fgfifo16_patch/fblk/gen_wgtr.inst_wgtr/lut_f/gntv_or_sync_fifo.gcx.clkx/gsync_stage[1].rd_stg_inst/Q_reg_3
    -------------------------------------------------  ---------------------------
    Total                                      0.477ns (0.182ns logic, 0.295ns route)
                                                       (38.2% logic, 61.8% route)

--------------------------------------------------------------------------------

Paths for end point strip_imp/trigprim2_imp/fifo_imp/U0/xst_fifo_generator/gconvfifo.rf/gbiv4.fgfifo16_patch/fblk/gen_wgtr.inst_wgtr/lut_f/gntv_or_sync_fifo.gcx.clkx/gsync_stage[1].rd_stg_inst/Q_reg_0 (SLICE_X42Y170.BY), 1 path
--------------------------------------------------------------------------------
Delay (hold path):      -0.377ns (datapath - clock path skew - uncertainty)
  Source:               strip_imp/trigprim2_imp/fifo_imp/U0/xst_fifo_generator/gconvfifo.rf/gbiv4.fgfifo16_patch/fblk/gen_wgtr.inst_wgtr/lut_f/gntv_or_sync_fifo.gcx.clkx/wr_pntr_gc_0 (FF)
  Destination:          strip_imp/trigprim2_imp/fifo_imp/U0/xst_fifo_generator/gconvfifo.rf/gbiv4.fgfifo16_patch/fblk/gen_wgtr.inst_wgtr/lut_f/gntv_or_sync_fifo.gcx.clkx/gsync_stage[1].rd_stg_inst/Q_reg_0 (FF)
  Data Path Delay:      0.496ns (Levels of Logic = 0)
  Clock Path Skew:      0.873ns (6.021 - 5.148)
  Source Clock:         STRIP_BCOCLK<0> falling
  Destination Clock:    STRIP_MCLKA rising
  Clock Uncertainty:    0.000ns

  Minimum Data Path: strip_imp/trigprim2_imp/fifo_imp/U0/xst_fifo_generator/gconvfifo.rf/gbiv4.fgfifo16_patch/fblk/gen_wgtr.inst_wgtr/lut_f/gntv_or_sync_fifo.gcx.clkx/wr_pntr_gc_0 to strip_imp/trigprim2_imp/fifo_imp/U0/xst_fifo_generator/gconvfifo.rf/gbiv4.fgfifo16_patch/fblk/gen_wgtr.inst_wgtr/lut_f/gntv_or_sync_fifo.gcx.clkx/gsync_stage[1].rd_stg_inst/Q_reg_0
    Location             Delay type         Delay(ns)  Physical Resource
                                                       Logical Resource(s)
    -------------------------------------------------  -------------------
    SLICE_X42Y171.YQ     Tcko                  0.282   strip_imp/trigprim2_imp/fifo_imp/U0/xst_fifo_generator/gconvfifo.rf/gbiv4.fgfifo16_patch/fblk/gen_wgtr.inst_wgtr/lut_f/gntv_or_sync_fifo.gcx.clkx/gsync_stage[2].wr_stg_inst/Q_reg<3>
                                                       strip_imp/trigprim2_imp/fifo_imp/U0/xst_fifo_generator/gconvfifo.rf/gbiv4.fgfifo16_patch/fblk/gen_wgtr.inst_wgtr/lut_f/gntv_or_sync_fifo.gcx.clkx/wr_pntr_gc_0
    SLICE_X42Y170.BY     net (fanout=1)        0.295   strip_imp/trigprim2_imp/fifo_imp/U0/xst_fifo_generator/gconvfifo.rf/gbiv4.fgfifo16_patch/fblk/gen_wgtr.inst_wgtr/lut_f/gntv_or_sync_fifo.gcx.clkx/wr_pntr_gc<0>
    SLICE_X42Y170.CLK    Tckdi       (-Th)     0.081   strip_imp/trigprim2_imp/fifo_imp/U0/xst_fifo_generator/gconvfifo.rf/gbiv4.fgfifo16_patch/fblk/gen_wgtr.inst_wgtr/lut_f/gntv_or_sync_fifo.gcx.clkx/rd_pntr_gc<0>
                                                       strip_imp/trigprim2_imp/fifo_imp/U0/xst_fifo_generator/gconvfifo.rf/gbiv4.fgfifo16_patch/fblk/gen_wgtr.inst_wgtr/lut_f/gntv_or_sync_fifo.gcx.clkx/gsync_stage[1].rd_stg_inst/Q_reg_0
    -------------------------------------------------  ---------------------------
    Total                                      0.496ns (0.201ns logic, 0.295ns route)
                                                       (40.5% logic, 59.5% route)

--------------------------------------------------------------------------------

Paths for end point strip_imp/trigprim1_imp/fifo_imp/U0/xst_fifo_generator/gconvfifo.rf/gbiv4.fgfifo16_patch/fblk/gen_wgtr.inst_wgtr/lut_f/gntv_or_sync_fifo.gcx.clkx/gsync_stage[1].rd_stg_inst/Q_reg_1 (SLICE_X21Y21.BX), 1 path
--------------------------------------------------------------------------------
Delay (hold path):      -0.364ns (datapath - clock path skew - uncertainty)
  Source:               strip_imp/trigprim1_imp/fifo_imp/U0/xst_fifo_generator/gconvfifo.rf/gbiv4.fgfifo16_patch/fblk/gen_wgtr.inst_wgtr/lut_f/gntv_or_sync_fifo.gcx.clkx/wr_pntr_gc_1 (FF)
  Destination:          strip_imp/trigprim1_imp/fifo_imp/U0/xst_fifo_generator/gconvfifo.rf/gbiv4.fgfifo16_patch/fblk/gen_wgtr.inst_wgtr/lut_f/gntv_or_sync_fifo.gcx.clkx/gsync_stage[1].rd_stg_inst/Q_reg_1 (FF)
  Data Path Delay:      0.473ns (Levels of Logic = 0)
  Clock Path Skew:      0.837ns (6.049 - 5.212)
  Source Clock:         STRIP_BCOCLK<0> falling
  Destination Clock:    STRIP_MCLKA rising
  Clock Uncertainty:    0.000ns

  Minimum Data Path: strip_imp/trigprim1_imp/fifo_imp/U0/xst_fifo_generator/gconvfifo.rf/gbiv4.fgfifo16_patch/fblk/gen_wgtr.inst_wgtr/lut_f/gntv_or_sync_fifo.gcx.clkx/wr_pntr_gc_1 to strip_imp/trigprim1_imp/fifo_imp/U0/xst_fifo_generator/gconvfifo.rf/gbiv4.fgfifo16_patch/fblk/gen_wgtr.inst_wgtr/lut_f/gntv_or_sync_fifo.gcx.clkx/gsync_stage[1].rd_stg_inst/Q_reg_1
    Location             Delay type         Delay(ns)  Physical Resource
                                                       Logical Resource(s)
    -------------------------------------------------  -------------------
    SLICE_X21Y20.YQ      Tcko                  0.263   strip_imp/trigprim1_imp/fifo_imp/U0/xst_fifo_generator/gconvfifo.rf/gbiv4.fgfifo16_patch/fblk/gen_wgtr.inst_wgtr/lut_f/gntv_or_sync_fifo.gcx.clkx/wr_pntr_gc<1>
                                                       strip_imp/trigprim1_imp/fifo_imp/U0/xst_fifo_generator/gconvfifo.rf/gbiv4.fgfifo16_patch/fblk/gen_wgtr.inst_wgtr/lut_f/gntv_or_sync_fifo.gcx.clkx/wr_pntr_gc_1
    SLICE_X21Y21.BX      net (fanout=1)        0.289   strip_imp/trigprim1_imp/fifo_imp/U0/xst_fifo_generator/gconvfifo.rf/gbiv4.fgfifo16_patch/fblk/gen_wgtr.inst_wgtr/lut_f/gntv_or_sync_fifo.gcx.clkx/wr_pntr_gc<1>
    SLICE_X21Y21.CLK     Tckdi       (-Th)     0.079   strip_imp/trigprim1_imp/fifo_imp/U0/xst_fifo_generator/gconvfifo.rf/gbiv4.fgfifo16_patch/fblk/gen_wgtr.inst_wgtr/lut_f/gntv_or_sync_fifo.gcx.clkx/gsync_stage[1].rd_stg_inst/Q_reg<1>
                                                       strip_imp/trigprim1_imp/fifo_imp/U0/xst_fifo_generator/gconvfifo.rf/gbiv4.fgfifo16_patch/fblk/gen_wgtr.inst_wgtr/lut_f/gntv_or_sync_fifo.gcx.clkx/gsync_stage[1].rd_stg_inst/Q_reg_1
    -------------------------------------------------  ---------------------------
    Total                                      0.473ns (0.184ns logic, 0.289ns route)
                                                       (38.9% logic, 61.1% route)

--------------------------------------------------------------------------------

================================================================================
Timing constraint: PATH "TS_BCOCLK_TO_MCLKB_path" TIG;

 1020 paths analyzed, 1020 endpoints analyzed, 0 failing endpoints
 0 timing errors detected. (0 setup errors, 0 hold errors)
--------------------------------------------------------------------------------

Paths for end point strip_imp/G[4].chipserdes2_imp/DOUT_6 (SLICE_X29Y35.CE), 1 path
--------------------------------------------------------------------------------
Delay (setup path):     6.290ns (data path - clock path skew + uncertainty)
  Source:               strip_imp/reset_imp/link_reset_4 (FF)
  Destination:          strip_imp/G[4].chipserdes2_imp/DOUT_6 (FF)
  Data Path Delay:      6.110ns (Levels of Logic = 1)
  Clock Path Skew:      0.000ns
  Source Clock:         STRIP_BCOCLK<0> rising
  Destination Clock:    strip_imp/strip_mclk<4> falling
  Clock Uncertainty:    0.180ns

  Clock Uncertainty:          0.180ns  ((TSJ^2 + TIJ^2)^1/2 + DJ) / 2 + PE
    Total System Jitter (TSJ):  0.000ns
    Total Input Jitter (TIJ):   0.000ns
    Discrete Jitter (DJ):       0.120ns
    Phase Error (PE):           0.120ns

  Maximum Data Path: strip_imp/reset_imp/link_reset_4 to strip_imp/G[4].chipserdes2_imp/DOUT_6
    Location             Delay type         Delay(ns)  Physical Resource
                                                       Logical Resource(s)
    -------------------------------------------------  -------------------
    SLICE_X31Y72.XQ      Tcko                  0.340   strip_imp/strip_serdes_reset<4>
                                                       strip_imp/reset_imp/link_reset_4
    SLICE_X17Y17.G1      net (fanout=259)      3.235   strip_imp/strip_serdes_reset<4>
    SLICE_X17Y17.Y       Tilo                  0.194   strip_imp/STRIP_DATA_ARRAY<4><3><18>
                                                       strip_imp/G[4].chipserdes2_imp/DOUT_not00011
    SLICE_X29Y35.CE      net (fanout=24)       1.738   strip_imp/G[4].chipserdes2_imp/DOUT_not0001
    SLICE_X29Y35.CLK     Tceck                 0.603   strip_imp/STRIP_DATA_ARRAY<4><3><6>
                                                       strip_imp/G[4].chipserdes2_imp/DOUT_6
    -------------------------------------------------  ---------------------------
    Total                                      6.110ns (1.137ns logic, 4.973ns route)
                                                       (18.6% logic, 81.4% route)

--------------------------------------------------------------------------------

Paths for end point strip_imp/G[4].chipserdes2_imp/DOUT_11 (SLICE_X29Y30.CE), 1 path
--------------------------------------------------------------------------------
Delay (setup path):     6.108ns (data path - clock path skew + uncertainty)
  Source:               strip_imp/reset_imp/link_reset_4 (FF)
  Destination:          strip_imp/G[4].chipserdes2_imp/DOUT_11 (FF)
  Data Path Delay:      5.928ns (Levels of Logic = 1)
  Clock Path Skew:      0.000ns
  Source Clock:         STRIP_BCOCLK<0> rising
  Destination Clock:    strip_imp/strip_mclk<4> falling
  Clock Uncertainty:    0.180ns

  Clock Uncertainty:          0.180ns  ((TSJ^2 + TIJ^2)^1/2 + DJ) / 2 + PE
    Total System Jitter (TSJ):  0.000ns
    Total Input Jitter (TIJ):   0.000ns
    Discrete Jitter (DJ):       0.120ns
    Phase Error (PE):           0.120ns

  Maximum Data Path: strip_imp/reset_imp/link_reset_4 to strip_imp/G[4].chipserdes2_imp/DOUT_11
    Location             Delay type         Delay(ns)  Physical Resource
                                                       Logical Resource(s)
    -------------------------------------------------  -------------------
    SLICE_X31Y72.XQ      Tcko                  0.340   strip_imp/strip_serdes_reset<4>
                                                       strip_imp/reset_imp/link_reset_4
    SLICE_X17Y17.G1      net (fanout=259)      3.235   strip_imp/strip_serdes_reset<4>
    SLICE_X17Y17.Y       Tilo                  0.194   strip_imp/STRIP_DATA_ARRAY<4><3><18>
                                                       strip_imp/G[4].chipserdes2_imp/DOUT_not00011
    SLICE_X29Y30.CE      net (fanout=24)       1.556   strip_imp/G[4].chipserdes2_imp/DOUT_not0001
    SLICE_X29Y30.CLK     Tceck                 0.603   strip_imp/STRIP_DATA_ARRAY<4><3><11>
                                                       strip_imp/G[4].chipserdes2_imp/DOUT_11
    -------------------------------------------------  ---------------------------
    Total                                      5.928ns (1.137ns logic, 4.791ns route)
                                                       (19.2% logic, 80.8% route)

--------------------------------------------------------------------------------

Paths for end point strip_imp/G[4].chipserdes4_imp/DOUT_23 (SLICE_X17Y41.CE), 1 path
--------------------------------------------------------------------------------
Delay (setup path):     6.089ns (data path - clock path skew + uncertainty)
  Source:               strip_imp/reset_imp/link_reset_4 (FF)
  Destination:          strip_imp/G[4].chipserdes4_imp/DOUT_23 (FF)
  Data Path Delay:      5.909ns (Levels of Logic = 1)
  Clock Path Skew:      0.000ns
  Source Clock:         STRIP_BCOCLK<0> rising
  Destination Clock:    strip_imp/strip_mclk<4> falling
  Clock Uncertainty:    0.180ns

  Clock Uncertainty:          0.180ns  ((TSJ^2 + TIJ^2)^1/2 + DJ) / 2 + PE
    Total System Jitter (TSJ):  0.000ns
    Total Input Jitter (TIJ):   0.000ns
    Discrete Jitter (DJ):       0.120ns
    Phase Error (PE):           0.120ns

  Maximum Data Path: strip_imp/reset_imp/link_reset_4 to strip_imp/G[4].chipserdes4_imp/DOUT_23
    Location             Delay type         Delay(ns)  Physical Resource
                                                       Logical Resource(s)
    -------------------------------------------------  -------------------
    SLICE_X31Y72.XQ      Tcko                  0.340   strip_imp/strip_serdes_reset<4>
                                                       strip_imp/reset_imp/link_reset_4
    SLICE_X17Y14.G3      net (fanout=259)      2.816   strip_imp/strip_serdes_reset<4>
    SLICE_X17Y14.Y       Tilo                  0.194   strip_imp/STRIP_DATA_ARRAY<4><5><15>
                                                       strip_imp/G[4].chipserdes4_imp/DOUT_not00011
    SLICE_X17Y41.CE      net (fanout=24)       1.956   strip_imp/G[4].chipserdes4_imp/DOUT_not0001
    SLICE_X17Y41.CLK     Tceck                 0.603   strip_imp/STRIP_DATA_ARRAY<4><5><23>
                                                       strip_imp/G[4].chipserdes4_imp/DOUT_23
    -------------------------------------------------  ---------------------------
    Total                                      5.909ns (1.137ns logic, 4.772ns route)
                                                       (19.2% logic, 80.8% route)

--------------------------------------------------------------------------------

Hold Paths: PATH "TS_BCOCLK_TO_MCLKB_path" TIG;
--------------------------------------------------------------------------------

Paths for end point strip_imp/G[2].chipserdes0_imp/CHIP_STATUS_4 (SLICE_X28Y57.SR), 1 path
--------------------------------------------------------------------------------
Delay (hold path):      -0.198ns (datapath - clock path skew - uncertainty)
  Source:               strip_imp/reset_imp/link_reset_2 (FF)
  Destination:          strip_imp/G[2].chipserdes0_imp/CHIP_STATUS_4 (FF)
  Data Path Delay:      1.985ns (Levels of Logic = 0)
  Clock Path Skew:      2.183ns (7.240 - 5.057)
  Source Clock:         STRIP_BCOCLK<0> rising
  Destination Clock:    strip_imp/strip_mclk<2> falling
  Clock Uncertainty:    0.000ns

  Minimum Data Path: strip_imp/reset_imp/link_reset_2 to strip_imp/G[2].chipserdes0_imp/CHIP_STATUS_4
    Location             Delay type         Delay(ns)  Physical Resource
                                                       Logical Resource(s)
    -------------------------------------------------  -------------------
    SLICE_X29Y83.YQ      Tcko                  0.313   strip_imp/strip_serdes_reset<2>
                                                       strip_imp/reset_imp/link_reset_2
    SLICE_X28Y57.SR      net (fanout=275)      1.045   strip_imp/strip_serdes_reset<2>
    SLICE_X28Y57.CLK     Tcksr       (-Th)    -0.627   strip_imp/STRIP_STATUS_ARRAY<2><1><28>
                                                       strip_imp/G[2].chipserdes0_imp/CHIP_STATUS_4
    -------------------------------------------------  ---------------------------
    Total                                      1.985ns (0.940ns logic, 1.045ns route)
                                                       (47.4% logic, 52.6% route)

--------------------------------------------------------------------------------

Paths for end point strip_imp/G[2].chipserdes0_imp/CHIP_STATUS_2 (SLICE_X28Y52.SR), 1 path
--------------------------------------------------------------------------------
Delay (hold path):      -0.180ns (datapath - clock path skew - uncertainty)
  Source:               strip_imp/reset_imp/link_reset_2 (FF)
  Destination:          strip_imp/G[2].chipserdes0_imp/CHIP_STATUS_2 (FF)
  Data Path Delay:      1.997ns (Levels of Logic = 0)
  Clock Path Skew:      2.177ns (7.234 - 5.057)
  Source Clock:         STRIP_BCOCLK<0> rising
  Destination Clock:    strip_imp/strip_mclk<2> falling
  Clock Uncertainty:    0.000ns

  Minimum Data Path: strip_imp/reset_imp/link_reset_2 to strip_imp/G[2].chipserdes0_imp/CHIP_STATUS_2
    Location             Delay type         Delay(ns)  Physical Resource
                                                       Logical Resource(s)
    -------------------------------------------------  -------------------
    SLICE_X29Y83.YQ      Tcko                  0.313   strip_imp/strip_serdes_reset<2>
                                                       strip_imp/reset_imp/link_reset_2
    SLICE_X28Y52.SR      net (fanout=275)      1.057   strip_imp/strip_serdes_reset<2>
    SLICE_X28Y52.CLK     Tcksr       (-Th)    -0.627   strip_imp/STRIP_STATUS_ARRAY<2><1><26>
                                                       strip_imp/G[2].chipserdes0_imp/CHIP_STATUS_2
    -------------------------------------------------  ---------------------------
    Total                                      1.997ns (0.940ns logic, 1.057ns route)
                                                       (47.1% logic, 52.9% route)

--------------------------------------------------------------------------------

Paths for end point strip_imp/G[2].chipserdes0_imp/CHIP_STATUS_3 (SLICE_X28Y52.SR), 1 path
--------------------------------------------------------------------------------
Delay (hold path):      -0.180ns (datapath - clock path skew - uncertainty)
  Source:               strip_imp/reset_imp/link_reset_2 (FF)
  Destination:          strip_imp/G[2].chipserdes0_imp/CHIP_STATUS_3 (FF)
  Data Path Delay:      1.997ns (Levels of Logic = 0)
  Clock Path Skew:      2.177ns (7.234 - 5.057)
  Source Clock:         STRIP_BCOCLK<0> rising
  Destination Clock:    strip_imp/strip_mclk<2> falling
  Clock Uncertainty:    0.000ns

  Minimum Data Path: strip_imp/reset_imp/link_reset_2 to strip_imp/G[2].chipserdes0_imp/CHIP_STATUS_3
    Location             Delay type         Delay(ns)  Physical Resource
                                                       Logical Resource(s)
    -------------------------------------------------  -------------------
    SLICE_X29Y83.YQ      Tcko                  0.313   strip_imp/strip_serdes_reset<2>
                                                       strip_imp/reset_imp/link_reset_2
    SLICE_X28Y52.SR      net (fanout=275)      1.057   strip_imp/strip_serdes_reset<2>
    SLICE_X28Y52.CLK     Tcksr       (-Th)    -0.627   strip_imp/STRIP_STATUS_ARRAY<2><1><26>
                                                       strip_imp/G[2].chipserdes0_imp/CHIP_STATUS_3
    -------------------------------------------------  ---------------------------
    Total                                      1.997ns (0.940ns logic, 1.057ns route)
                                                       (47.1% logic, 52.9% route)

--------------------------------------------------------------------------------

================================================================================
Timing constraint: PATH "TS_MCLKA_TO_BCOCLK_path" TIG;

 264 paths analyzed, 264 endpoints analyzed, 0 failing endpoints
 0 timing errors detected. (0 setup errors, 0 hold errors)
--------------------------------------------------------------------------------

Paths for end point strip_imp/trigprim3_imp/fifo_imp/U0/xst_fifo_generator/gconvfifo.rf/gbiv4.fgfifo16_patch/fblk/gen_wgtr.inst_wgtr/lut_f/gntv_or_sync_fifo.mem/gdm.dm/Mram_RAM8.SLICEM_F (SLICE_X38Y105.F4), 1 path
--------------------------------------------------------------------------------
Delay (setup path):     3.879ns (data path)
  Source:               strip_imp/trigprim3_imp/fifo_imp/U0/xst_fifo_generator/gconvfifo.rf/gbiv4.fgfifo16_patch/fblk/gen_wgtr.inst_wgtr/lut_f/gntv_or_sync_fifo.gl0.rd/rpntr/count_d1_3 (FF)
  Destination:          strip_imp/trigprim3_imp/fifo_imp/U0/xst_fifo_generator/gconvfifo.rf/gbiv4.fgfifo16_patch/fblk/gen_wgtr.inst_wgtr/lut_f/gntv_or_sync_fifo.mem/gdm.dm/Mram_RAM8.SLICEM_F (RAM)
  Data Path Delay:      3.879ns (Levels of Logic = 0)
  Source Clock:         STRIP_MCLKA rising

  Maximum Data Path: strip_imp/trigprim3_imp/fifo_imp/U0/xst_fifo_generator/gconvfifo.rf/gbiv4.fgfifo16_patch/fblk/gen_wgtr.inst_wgtr/lut_f/gntv_or_sync_fifo.gl0.rd/rpntr/count_d1_3 to strip_imp/trigprim3_imp/fifo_imp/U0/xst_fifo_generator/gconvfifo.rf/gbiv4.fgfifo16_patch/fblk/gen_wgtr.inst_wgtr/lut_f/gntv_or_sync_fifo.mem/gdm.dm/Mram_RAM8.SLICEM_F
    Location             Delay type         Delay(ns)  Physical Resource
                                                       Logical Resource(s)
    -------------------------------------------------  -------------------
    SLICE_X23Y147.YQ     Tcko                  0.340   strip_imp/trigprim3_imp/fifo_imp/U0/xst_fifo_generator/gconvfifo.rf/gbiv4.fgfifo16_patch/fblk/gen_wgtr.inst_wgtr/lut_f/gntv_or_sync_fifo.gl0.rd/rpntr/count_d1<3>
                                                       strip_imp/trigprim3_imp/fifo_imp/U0/xst_fifo_generator/gconvfifo.rf/gbiv4.fgfifo16_patch/fblk/gen_wgtr.inst_wgtr/lut_f/gntv_or_sync_fifo.gl0.rd/rpntr/count_d1_3
    SLICE_X38Y105.F4     net (fanout=34)       3.539   strip_imp/trigprim3_imp/fifo_imp/U0/xst_fifo_generator/gconvfifo.rf/gbiv4.fgfifo16_patch/fblk/gen_wgtr.inst_wgtr/lut_f/gntv_or_sync_fifo.gl0.rd/rpntr/count_d1<3>
    -------------------------------------------------  ---------------------------
    Total                                      3.879ns (0.340ns logic, 3.539ns route)
                                                       (8.8% logic, 91.2% route)

--------------------------------------------------------------------------------

Paths for end point strip_imp/trigprim3_imp/fifo_imp/U0/xst_fifo_generator/gconvfifo.rf/gbiv4.fgfifo16_patch/fblk/gen_wgtr.inst_wgtr/lut_f/gntv_or_sync_fifo.mem/gdm.dm/Mram_RAM11.SLICEM_F (SLICE_X32Y108.F4), 1 path
--------------------------------------------------------------------------------
Delay (setup path):     3.869ns (data path)
  Source:               strip_imp/trigprim3_imp/fifo_imp/U0/xst_fifo_generator/gconvfifo.rf/gbiv4.fgfifo16_patch/fblk/gen_wgtr.inst_wgtr/lut_f/gntv_or_sync_fifo.gl0.rd/rpntr/count_d1_3 (FF)
  Destination:          strip_imp/trigprim3_imp/fifo_imp/U0/xst_fifo_generator/gconvfifo.rf/gbiv4.fgfifo16_patch/fblk/gen_wgtr.inst_wgtr/lut_f/gntv_or_sync_fifo.mem/gdm.dm/Mram_RAM11.SLICEM_F (RAM)
  Data Path Delay:      3.869ns (Levels of Logic = 0)
  Source Clock:         STRIP_MCLKA rising

  Maximum Data Path: strip_imp/trigprim3_imp/fifo_imp/U0/xst_fifo_generator/gconvfifo.rf/gbiv4.fgfifo16_patch/fblk/gen_wgtr.inst_wgtr/lut_f/gntv_or_sync_fifo.gl0.rd/rpntr/count_d1_3 to strip_imp/trigprim3_imp/fifo_imp/U0/xst_fifo_generator/gconvfifo.rf/gbiv4.fgfifo16_patch/fblk/gen_wgtr.inst_wgtr/lut_f/gntv_or_sync_fifo.mem/gdm.dm/Mram_RAM11.SLICEM_F
    Location             Delay type         Delay(ns)  Physical Resource
                                                       Logical Resource(s)
    -------------------------------------------------  -------------------
    SLICE_X23Y147.YQ     Tcko                  0.340   strip_imp/trigprim3_imp/fifo_imp/U0/xst_fifo_generator/gconvfifo.rf/gbiv4.fgfifo16_patch/fblk/gen_wgtr.inst_wgtr/lut_f/gntv_or_sync_fifo.gl0.rd/rpntr/count_d1<3>
                                                       strip_imp/trigprim3_imp/fifo_imp/U0/xst_fifo_generator/gconvfifo.rf/gbiv4.fgfifo16_patch/fblk/gen_wgtr.inst_wgtr/lut_f/gntv_or_sync_fifo.gl0.rd/rpntr/count_d1_3
    SLICE_X32Y108.F4     net (fanout=34)       3.529   strip_imp/trigprim3_imp/fifo_imp/U0/xst_fifo_generator/gconvfifo.rf/gbiv4.fgfifo16_patch/fblk/gen_wgtr.inst_wgtr/lut_f/gntv_or_sync_fifo.gl0.rd/rpntr/count_d1<3>
    -------------------------------------------------  ---------------------------
    Total                                      3.869ns (0.340ns logic, 3.529ns route)
                                                       (8.8% logic, 91.2% route)

--------------------------------------------------------------------------------

Paths for end point strip_imp/trigprim3_imp/fifo_imp/U0/xst_fifo_generator/gconvfifo.rf/gbiv4.fgfifo16_patch/fblk/gen_wgtr.inst_wgtr/lut_f/gntv_or_sync_fifo.mem/gdm.dm/Mram_RAM3.SLICEM_F (SLICE_X36Y104.F4), 1 path
--------------------------------------------------------------------------------
Delay (setup path):     3.864ns (data path)
  Source:               strip_imp/trigprim3_imp/fifo_imp/U0/xst_fifo_generator/gconvfifo.rf/gbiv4.fgfifo16_patch/fblk/gen_wgtr.inst_wgtr/lut_f/gntv_or_sync_fifo.gl0.rd/rpntr/count_d1_3 (FF)
  Destination:          strip_imp/trigprim3_imp/fifo_imp/U0/xst_fifo_generator/gconvfifo.rf/gbiv4.fgfifo16_patch/fblk/gen_wgtr.inst_wgtr/lut_f/gntv_or_sync_fifo.mem/gdm.dm/Mram_RAM3.SLICEM_F (RAM)
  Data Path Delay:      3.864ns (Levels of Logic = 0)
  Source Clock:         STRIP_MCLKA rising

  Maximum Data Path: strip_imp/trigprim3_imp/fifo_imp/U0/xst_fifo_generator/gconvfifo.rf/gbiv4.fgfifo16_patch/fblk/gen_wgtr.inst_wgtr/lut_f/gntv_or_sync_fifo.gl0.rd/rpntr/count_d1_3 to strip_imp/trigprim3_imp/fifo_imp/U0/xst_fifo_generator/gconvfifo.rf/gbiv4.fgfifo16_patch/fblk/gen_wgtr.inst_wgtr/lut_f/gntv_or_sync_fifo.mem/gdm.dm/Mram_RAM3.SLICEM_F
    Location             Delay type         Delay(ns)  Physical Resource
                                                       Logical Resource(s)
    -------------------------------------------------  -------------------
    SLICE_X23Y147.YQ     Tcko                  0.340   strip_imp/trigprim3_imp/fifo_imp/U0/xst_fifo_generator/gconvfifo.rf/gbiv4.fgfifo16_patch/fblk/gen_wgtr.inst_wgtr/lut_f/gntv_or_sync_fifo.gl0.rd/rpntr/count_d1<3>
                                                       strip_imp/trigprim3_imp/fifo_imp/U0/xst_fifo_generator/gconvfifo.rf/gbiv4.fgfifo16_patch/fblk/gen_wgtr.inst_wgtr/lut_f/gntv_or_sync_fifo.gl0.rd/rpntr/count_d1_3
    SLICE_X36Y104.F4     net (fanout=34)       3.524   strip_imp/trigprim3_imp/fifo_imp/U0/xst_fifo_generator/gconvfifo.rf/gbiv4.fgfifo16_patch/fblk/gen_wgtr.inst_wgtr/lut_f/gntv_or_sync_fifo.gl0.rd/rpntr/count_d1<3>
    -------------------------------------------------  ---------------------------
    Total                                      3.864ns (0.340ns logic, 3.524ns route)
                                                       (8.8% logic, 91.2% route)

--------------------------------------------------------------------------------

================================================================================
Timing constraint: PATH "TS_MCLKB_TO_BCOCLK_path" TIG;

 0 paths analyzed, 0 endpoints analyzed, 0 failing endpoints
 0 timing errors detected.
--------------------------------------------------------------------------------

================================================================================
Timing constraint: PATH "TS_FBCOCLK_TO_MCLKA_path" TIG;

 4 paths analyzed, 4 endpoints analyzed, 0 failing endpoints
 0 timing errors detected. (0 setup errors, 0 hold errors)
--------------------------------------------------------------------------------

Paths for end point strip_imp/trigproc_imp/fifo_imp/U0/xst_fifo_generator/gconvfifo.rf/gbiv4.fgfifo16_patch/fblk/gen_wgtr.inst_wgtr/lut_f/gntv_or_sync_fifo.gcx.clkx/gsync_stage[1].rd_stg_inst/Q_reg_3 (SLICE_X16Y178.BY), 1 path
--------------------------------------------------------------------------------
Delay (setup path):     2.007ns (data path - clock path skew + uncertainty)
  Source:               strip_imp/trigproc_imp/fifo_imp/U0/xst_fifo_generator/gconvfifo.rf/gbiv4.fgfifo16_patch/fblk/gen_wgtr.inst_wgtr/lut_f/gntv_or_sync_fifo.gcx.clkx/wr_pntr_gc_3 (FF)
  Destination:          strip_imp/trigproc_imp/fifo_imp/U0/xst_fifo_generator/gconvfifo.rf/gbiv4.fgfifo16_patch/fblk/gen_wgtr.inst_wgtr/lut_f/gntv_or_sync_fifo.gcx.clkx/gsync_stage[1].rd_stg_inst/Q_reg_3 (FF)
  Data Path Delay:      1.827ns (Levels of Logic = 0)
  Clock Path Skew:      0.000ns
  Source Clock:         strip_imp/fracbcoclk falling
  Destination Clock:    STRIP_MCLKA rising
  Clock Uncertainty:    0.180ns

  Clock Uncertainty:          0.180ns  ((TSJ^2 + TIJ^2)^1/2 + DJ) / 2 + PE
    Total System Jitter (TSJ):  0.000ns
    Total Input Jitter (TIJ):   0.000ns
    Discrete Jitter (DJ):       0.120ns
    Phase Error (PE):           0.120ns

  Maximum Data Path: strip_imp/trigproc_imp/fifo_imp/U0/xst_fifo_generator/gconvfifo.rf/gbiv4.fgfifo16_patch/fblk/gen_wgtr.inst_wgtr/lut_f/gntv_or_sync_fifo.gcx.clkx/wr_pntr_gc_3 to strip_imp/trigproc_imp/fifo_imp/U0/xst_fifo_generator/gconvfifo.rf/gbiv4.fgfifo16_patch/fblk/gen_wgtr.inst_wgtr/lut_f/gntv_or_sync_fifo.gcx.clkx/gsync_stage[1].rd_stg_inst/Q_reg_3
    Location             Delay type         Delay(ns)  Physical Resource
                                                       Logical Resource(s)
    -------------------------------------------------  -------------------
    SLICE_X31Y178.YQ     Tcko                  0.286   strip_imp/trigproc_imp/fifo_imp/U0/xst_fifo_generator/gconvfifo.rf/gbiv4.fgfifo16_patch/fblk/gen_wgtr.inst_wgtr/lut_f/gntv_or_sync_fifo.gcx.clkx/wr_pntr_gc<3>
                                                       strip_imp/trigproc_imp/fifo_imp/U0/xst_fifo_generator/gconvfifo.rf/gbiv4.fgfifo16_patch/fblk/gen_wgtr.inst_wgtr/lut_f/gntv_or_sync_fifo.gcx.clkx/wr_pntr_gc_3
    SLICE_X16Y178.BY     net (fanout=1)        1.261   strip_imp/trigproc_imp/fifo_imp/U0/xst_fifo_generator/gconvfifo.rf/gbiv4.fgfifo16_patch/fblk/gen_wgtr.inst_wgtr/lut_f/gntv_or_sync_fifo.gcx.clkx/wr_pntr_gc<3>
    SLICE_X16Y178.CLK    Tdick                 0.280   strip_imp/trigproc_imp/fifo_imp/U0/xst_fifo_generator/gconvfifo.rf/gbiv4.fgfifo16_patch/fblk/gen_wgtr.inst_wgtr/lut_f/gntv_or_sync_fifo.gcx.clkx/gsync_stage[1].rd_stg_inst/Q_reg<2>
                                                       strip_imp/trigproc_imp/fifo_imp/U0/xst_fifo_generator/gconvfifo.rf/gbiv4.fgfifo16_patch/fblk/gen_wgtr.inst_wgtr/lut_f/gntv_or_sync_fifo.gcx.clkx/gsync_stage[1].rd_stg_inst/Q_reg_3
    -------------------------------------------------  ---------------------------
    Total                                      1.827ns (0.566ns logic, 1.261ns route)
                                                       (31.0% logic, 69.0% route)

--------------------------------------------------------------------------------

Paths for end point strip_imp/trigproc_imp/fifo_imp/U0/xst_fifo_generator/gconvfifo.rf/gbiv4.fgfifo16_patch/fblk/gen_wgtr.inst_wgtr/lut_f/gntv_or_sync_fifo.gcx.clkx/gsync_stage[1].rd_stg_inst/Q_reg_1 (SLICE_X22Y179.BY), 1 path
--------------------------------------------------------------------------------
Delay (setup path):     1.908ns (data path - clock path skew + uncertainty)
  Source:               strip_imp/trigproc_imp/fifo_imp/U0/xst_fifo_generator/gconvfifo.rf/gbiv4.fgfifo16_patch/fblk/gen_wgtr.inst_wgtr/lut_f/gntv_or_sync_fifo.gcx.clkx/wr_pntr_gc_1 (FF)
  Destination:          strip_imp/trigproc_imp/fifo_imp/U0/xst_fifo_generator/gconvfifo.rf/gbiv4.fgfifo16_patch/fblk/gen_wgtr.inst_wgtr/lut_f/gntv_or_sync_fifo.gcx.clkx/gsync_stage[1].rd_stg_inst/Q_reg_1 (FF)
  Data Path Delay:      1.728ns (Levels of Logic = 0)
  Clock Path Skew:      0.000ns
  Source Clock:         strip_imp/fracbcoclk falling
  Destination Clock:    STRIP_MCLKA rising
  Clock Uncertainty:    0.180ns

  Clock Uncertainty:          0.180ns  ((TSJ^2 + TIJ^2)^1/2 + DJ) / 2 + PE
    Total System Jitter (TSJ):  0.000ns
    Total Input Jitter (TIJ):   0.000ns
    Discrete Jitter (DJ):       0.120ns
    Phase Error (PE):           0.120ns

  Maximum Data Path: strip_imp/trigproc_imp/fifo_imp/U0/xst_fifo_generator/gconvfifo.rf/gbiv4.fgfifo16_patch/fblk/gen_wgtr.inst_wgtr/lut_f/gntv_or_sync_fifo.gcx.clkx/wr_pntr_gc_1 to strip_imp/trigproc_imp/fifo_imp/U0/xst_fifo_generator/gconvfifo.rf/gbiv4.fgfifo16_patch/fblk/gen_wgtr.inst_wgtr/lut_f/gntv_or_sync_fifo.gcx.clkx/gsync_stage[1].rd_stg_inst/Q_reg_1
    Location             Delay type         Delay(ns)  Physical Resource
                                                       Logical Resource(s)
    -------------------------------------------------  -------------------
    SLICE_X33Y179.YQ     Tcko                  0.286   strip_imp/trigproc_imp/fifo_imp/U0/xst_fifo_generator/gconvfifo.rf/gbiv4.fgfifo16_patch/fblk/gen_wgtr.inst_wgtr/lut_f/gntv_or_sync_fifo.gcx.clkx/wr_pntr_gc<0>
                                                       strip_imp/trigproc_imp/fifo_imp/U0/xst_fifo_generator/gconvfifo.rf/gbiv4.fgfifo16_patch/fblk/gen_wgtr.inst_wgtr/lut_f/gntv_or_sync_fifo.gcx.clkx/wr_pntr_gc_1
    SLICE_X22Y179.BY     net (fanout=1)        1.162   strip_imp/trigproc_imp/fifo_imp/U0/xst_fifo_generator/gconvfifo.rf/gbiv4.fgfifo16_patch/fblk/gen_wgtr.inst_wgtr/lut_f/gntv_or_sync_fifo.gcx.clkx/wr_pntr_gc<1>
    SLICE_X22Y179.CLK    Tdick                 0.280   strip_imp/trigproc_imp/fifo_imp/U0/xst_fifo_generator/gconvfifo.rf/gbiv4.fgfifo16_patch/fblk/gen_wgtr.inst_wgtr/lut_f/gntv_or_sync_fifo.gcx.clkx/rd_pntr_gc<3>
                                                       strip_imp/trigproc_imp/fifo_imp/U0/xst_fifo_generator/gconvfifo.rf/gbiv4.fgfifo16_patch/fblk/gen_wgtr.inst_wgtr/lut_f/gntv_or_sync_fifo.gcx.clkx/gsync_stage[1].rd_stg_inst/Q_reg_1
    -------------------------------------------------  ---------------------------
    Total                                      1.728ns (0.566ns logic, 1.162ns route)
                                                       (32.8% logic, 67.2% route)

--------------------------------------------------------------------------------

Paths for end point strip_imp/trigproc_imp/fifo_imp/U0/xst_fifo_generator/gconvfifo.rf/gbiv4.fgfifo16_patch/fblk/gen_wgtr.inst_wgtr/lut_f/gntv_or_sync_fifo.gcx.clkx/gsync_stage[1].rd_stg_inst/Q_reg_2 (SLICE_X16Y178.BX), 1 path
--------------------------------------------------------------------------------
Delay (setup path):     1.887ns (data path - clock path skew + uncertainty)
  Source:               strip_imp/trigproc_imp/fifo_imp/U0/xst_fifo_generator/gconvfifo.rf/gbiv4.fgfifo16_patch/fblk/gen_wgtr.inst_wgtr/lut_f/gntv_or_sync_fifo.gcx.clkx/wr_pntr_gc_2 (FF)
  Destination:          strip_imp/trigproc_imp/fifo_imp/U0/xst_fifo_generator/gconvfifo.rf/gbiv4.fgfifo16_patch/fblk/gen_wgtr.inst_wgtr/lut_f/gntv_or_sync_fifo.gcx.clkx/gsync_stage[1].rd_stg_inst/Q_reg_2 (FF)
  Data Path Delay:      1.707ns (Levels of Logic = 0)
  Clock Path Skew:      0.000ns
  Source Clock:         strip_imp/fracbcoclk falling
  Destination Clock:    STRIP_MCLKA rising
  Clock Uncertainty:    0.180ns

  Clock Uncertainty:          0.180ns  ((TSJ^2 + TIJ^2)^1/2 + DJ) / 2 + PE
    Total System Jitter (TSJ):  0.000ns
    Total Input Jitter (TIJ):   0.000ns
    Discrete Jitter (DJ):       0.120ns
    Phase Error (PE):           0.120ns

  Maximum Data Path: strip_imp/trigproc_imp/fifo_imp/U0/xst_fifo_generator/gconvfifo.rf/gbiv4.fgfifo16_patch/fblk/gen_wgtr.inst_wgtr/lut_f/gntv_or_sync_fifo.gcx.clkx/wr_pntr_gc_2 to strip_imp/trigproc_imp/fifo_imp/U0/xst_fifo_generator/gconvfifo.rf/gbiv4.fgfifo16_patch/fblk/gen_wgtr.inst_wgtr/lut_f/gntv_or_sync_fifo.gcx.clkx/gsync_stage[1].rd_stg_inst/Q_reg_2
    Location             Delay type         Delay(ns)  Physical Resource
                                                       Logical Resource(s)
    -------------------------------------------------  -------------------
    SLICE_X30Y179.YQ     Tcko                  0.307   strip_imp/trigproc_imp/fifo_imp/U0/xst_fifo_generator/gconvfifo.rf/gbiv4.fgfifo16_patch/fblk/gen_wgtr.inst_wgtr/lut_f/gntv_or_sync_fifo.gcx.clkx/wr_pntr_gc<2>
                                                       strip_imp/trigproc_imp/fifo_imp/U0/xst_fifo_generator/gconvfifo.rf/gbiv4.fgfifo16_patch/fblk/gen_wgtr.inst_wgtr/lut_f/gntv_or_sync_fifo.gcx.clkx/wr_pntr_gc_2
    SLICE_X16Y178.BX     net (fanout=1)        1.121   strip_imp/trigproc_imp/fifo_imp/U0/xst_fifo_generator/gconvfifo.rf/gbiv4.fgfifo16_patch/fblk/gen_wgtr.inst_wgtr/lut_f/gntv_or_sync_fifo.gcx.clkx/wr_pntr_gc<2>
    SLICE_X16Y178.CLK    Tdick                 0.279   strip_imp/trigproc_imp/fifo_imp/U0/xst_fifo_generator/gconvfifo.rf/gbiv4.fgfifo16_patch/fblk/gen_wgtr.inst_wgtr/lut_f/gntv_or_sync_fifo.gcx.clkx/gsync_stage[1].rd_stg_inst/Q_reg<2>
                                                       strip_imp/trigproc_imp/fifo_imp/U0/xst_fifo_generator/gconvfifo.rf/gbiv4.fgfifo16_patch/fblk/gen_wgtr.inst_wgtr/lut_f/gntv_or_sync_fifo.gcx.clkx/gsync_stage[1].rd_stg_inst/Q_reg_2
    -------------------------------------------------  ---------------------------
    Total                                      1.707ns (0.586ns logic, 1.121ns route)
                                                       (34.3% logic, 65.7% route)

--------------------------------------------------------------------------------

Hold Paths: PATH "TS_FBCOCLK_TO_MCLKA_path" TIG;
--------------------------------------------------------------------------------

Paths for end point strip_imp/trigproc_imp/fifo_imp/U0/xst_fifo_generator/gconvfifo.rf/gbiv4.fgfifo16_patch/fblk/gen_wgtr.inst_wgtr/lut_f/gntv_or_sync_fifo.gcx.clkx/gsync_stage[1].rd_stg_inst/Q_reg_0 (SLICE_X21Y176.BY), 1 path
--------------------------------------------------------------------------------
Delay (hold path):      0.301ns (datapath - clock path skew - uncertainty)
  Source:               strip_imp/trigproc_imp/fifo_imp/U0/xst_fifo_generator/gconvfifo.rf/gbiv4.fgfifo16_patch/fblk/gen_wgtr.inst_wgtr/lut_f/gntv_or_sync_fifo.gcx.clkx/wr_pntr_gc_0 (FF)
  Destination:          strip_imp/trigproc_imp/fifo_imp/U0/xst_fifo_generator/gconvfifo.rf/gbiv4.fgfifo16_patch/fblk/gen_wgtr.inst_wgtr/lut_f/gntv_or_sync_fifo.gcx.clkx/gsync_stage[1].rd_stg_inst/Q_reg_0 (FF)
  Data Path Delay:      1.078ns (Levels of Logic = 0)
  Clock Path Skew:      0.777ns (6.053 - 5.276)
  Source Clock:         strip_imp/fracbcoclk falling
  Destination Clock:    STRIP_MCLKA rising
  Clock Uncertainty:    0.000ns

  Minimum Data Path: strip_imp/trigproc_imp/fifo_imp/U0/xst_fifo_generator/gconvfifo.rf/gbiv4.fgfifo16_patch/fblk/gen_wgtr.inst_wgtr/lut_f/gntv_or_sync_fifo.gcx.clkx/wr_pntr_gc_0 to strip_imp/trigproc_imp/fifo_imp/U0/xst_fifo_generator/gconvfifo.rf/gbiv4.fgfifo16_patch/fblk/gen_wgtr.inst_wgtr/lut_f/gntv_or_sync_fifo.gcx.clkx/gsync_stage[1].rd_stg_inst/Q_reg_0
    Location             Delay type         Delay(ns)  Physical Resource
                                                       Logical Resource(s)
    -------------------------------------------------  -------------------
    SLICE_X33Y179.XQ     Tcko                  0.263   strip_imp/trigproc_imp/fifo_imp/U0/xst_fifo_generator/gconvfifo.rf/gbiv4.fgfifo16_patch/fblk/gen_wgtr.inst_wgtr/lut_f/gntv_or_sync_fifo.gcx.clkx/wr_pntr_gc<0>
                                                       strip_imp/trigproc_imp/fifo_imp/U0/xst_fifo_generator/gconvfifo.rf/gbiv4.fgfifo16_patch/fblk/gen_wgtr.inst_wgtr/lut_f/gntv_or_sync_fifo.gcx.clkx/wr_pntr_gc_0
    SLICE_X21Y176.BY     net (fanout=1)        0.883   strip_imp/trigproc_imp/fifo_imp/U0/xst_fifo_generator/gconvfifo.rf/gbiv4.fgfifo16_patch/fblk/gen_wgtr.inst_wgtr/lut_f/gntv_or_sync_fifo.gcx.clkx/wr_pntr_gc<0>
    SLICE_X21Y176.CLK    Tckdi       (-Th)     0.068   strip_imp/trigproc_imp/fifo_imp/U0/xst_fifo_generator/gconvfifo.rf/gbiv4.fgfifo16_patch/fblk/gen_wgtr.inst_wgtr/lut_f/gntv_or_sync_fifo.gcx.clkx/gsync_stage[1].rd_stg_inst/Q_reg<0>
                                                       strip_imp/trigproc_imp/fifo_imp/U0/xst_fifo_generator/gconvfifo.rf/gbiv4.fgfifo16_patch/fblk/gen_wgtr.inst_wgtr/lut_f/gntv_or_sync_fifo.gcx.clkx/gsync_stage[1].rd_stg_inst/Q_reg_0
    -------------------------------------------------  ---------------------------
    Total                                      1.078ns (0.195ns logic, 0.883ns route)
                                                       (18.1% logic, 81.9% route)

--------------------------------------------------------------------------------

Paths for end point strip_imp/trigproc_imp/fifo_imp/U0/xst_fifo_generator/gconvfifo.rf/gbiv4.fgfifo16_patch/fblk/gen_wgtr.inst_wgtr/lut_f/gntv_or_sync_fifo.gcx.clkx/gsync_stage[1].rd_stg_inst/Q_reg_2 (SLICE_X16Y178.BX), 1 path
--------------------------------------------------------------------------------
Delay (hold path):      0.422ns (datapath - clock path skew - uncertainty)
  Source:               strip_imp/trigproc_imp/fifo_imp/U0/xst_fifo_generator/gconvfifo.rf/gbiv4.fgfifo16_patch/fblk/gen_wgtr.inst_wgtr/lut_f/gntv_or_sync_fifo.gcx.clkx/wr_pntr_gc_2 (FF)
  Destination:          strip_imp/trigproc_imp/fifo_imp/U0/xst_fifo_generator/gconvfifo.rf/gbiv4.fgfifo16_patch/fblk/gen_wgtr.inst_wgtr/lut_f/gntv_or_sync_fifo.gcx.clkx/gsync_stage[1].rd_stg_inst/Q_reg_2 (FF)
  Data Path Delay:      1.232ns (Levels of Logic = 0)
  Clock Path Skew:      0.810ns (6.079 - 5.269)
  Source Clock:         strip_imp/fracbcoclk falling
  Destination Clock:    STRIP_MCLKA rising
  Clock Uncertainty:    0.000ns

  Minimum Data Path: strip_imp/trigproc_imp/fifo_imp/U0/xst_fifo_generator/gconvfifo.rf/gbiv4.fgfifo16_patch/fblk/gen_wgtr.inst_wgtr/lut_f/gntv_or_sync_fifo.gcx.clkx/wr_pntr_gc_2 to strip_imp/trigproc_imp/fifo_imp/U0/xst_fifo_generator/gconvfifo.rf/gbiv4.fgfifo16_patch/fblk/gen_wgtr.inst_wgtr/lut_f/gntv_or_sync_fifo.gcx.clkx/gsync_stage[1].rd_stg_inst/Q_reg_2
    Location             Delay type         Delay(ns)  Physical Resource
                                                       Logical Resource(s)
    -------------------------------------------------  -------------------
    SLICE_X30Y179.YQ     Tcko                  0.282   strip_imp/trigproc_imp/fifo_imp/U0/xst_fifo_generator/gconvfifo.rf/gbiv4.fgfifo16_patch/fblk/gen_wgtr.inst_wgtr/lut_f/gntv_or_sync_fifo.gcx.clkx/wr_pntr_gc<2>
                                                       strip_imp/trigproc_imp/fifo_imp/U0/xst_fifo_generator/gconvfifo.rf/gbiv4.fgfifo16_patch/fblk/gen_wgtr.inst_wgtr/lut_f/gntv_or_sync_fifo.gcx.clkx/wr_pntr_gc_2
    SLICE_X16Y178.BX     net (fanout=1)        1.032   strip_imp/trigproc_imp/fifo_imp/U0/xst_fifo_generator/gconvfifo.rf/gbiv4.fgfifo16_patch/fblk/gen_wgtr.inst_wgtr/lut_f/gntv_or_sync_fifo.gcx.clkx/wr_pntr_gc<2>
    SLICE_X16Y178.CLK    Tckdi       (-Th)     0.082   strip_imp/trigproc_imp/fifo_imp/U0/xst_fifo_generator/gconvfifo.rf/gbiv4.fgfifo16_patch/fblk/gen_wgtr.inst_wgtr/lut_f/gntv_or_sync_fifo.gcx.clkx/gsync_stage[1].rd_stg_inst/Q_reg<2>
                                                       strip_imp/trigproc_imp/fifo_imp/U0/xst_fifo_generator/gconvfifo.rf/gbiv4.fgfifo16_patch/fblk/gen_wgtr.inst_wgtr/lut_f/gntv_or_sync_fifo.gcx.clkx/gsync_stage[1].rd_stg_inst/Q_reg_2
    -------------------------------------------------  ---------------------------
    Total                                      1.232ns (0.200ns logic, 1.032ns route)
                                                       (16.2% logic, 83.8% route)

--------------------------------------------------------------------------------

Paths for end point strip_imp/trigproc_imp/fifo_imp/U0/xst_fifo_generator/gconvfifo.rf/gbiv4.fgfifo16_patch/fblk/gen_wgtr.inst_wgtr/lut_f/gntv_or_sync_fifo.gcx.clkx/gsync_stage[1].rd_stg_inst/Q_reg_1 (SLICE_X22Y179.BY), 1 path
--------------------------------------------------------------------------------
Delay (hold path):      0.475ns (datapath - clock path skew - uncertainty)
  Source:               strip_imp/trigproc_imp/fifo_imp/U0/xst_fifo_generator/gconvfifo.rf/gbiv4.fgfifo16_patch/fblk/gen_wgtr.inst_wgtr/lut_f/gntv_or_sync_fifo.gcx.clkx/wr_pntr_gc_1 (FF)
  Destination:          strip_imp/trigproc_imp/fifo_imp/U0/xst_fifo_generator/gconvfifo.rf/gbiv4.fgfifo16_patch/fblk/gen_wgtr.inst_wgtr/lut_f/gntv_or_sync_fifo.gcx.clkx/gsync_stage[1].rd_stg_inst/Q_reg_1 (FF)
  Data Path Delay:      1.251ns (Levels of Logic = 0)
  Clock Path Skew:      0.776ns (6.052 - 5.276)
  Source Clock:         strip_imp/fracbcoclk falling
  Destination Clock:    STRIP_MCLKA rising
  Clock Uncertainty:    0.000ns

  Minimum Data Path: strip_imp/trigproc_imp/fifo_imp/U0/xst_fifo_generator/gconvfifo.rf/gbiv4.fgfifo16_patch/fblk/gen_wgtr.inst_wgtr/lut_f/gntv_or_sync_fifo.gcx.clkx/wr_pntr_gc_1 to strip_imp/trigproc_imp/fifo_imp/U0/xst_fifo_generator/gconvfifo.rf/gbiv4.fgfifo16_patch/fblk/gen_wgtr.inst_wgtr/lut_f/gntv_or_sync_fifo.gcx.clkx/gsync_stage[1].rd_stg_inst/Q_reg_1
    Location             Delay type         Delay(ns)  Physical Resource
                                                       Logical Resource(s)
    -------------------------------------------------  -------------------
    SLICE_X33Y179.YQ     Tcko                  0.263   strip_imp/trigproc_imp/fifo_imp/U0/xst_fifo_generator/gconvfifo.rf/gbiv4.fgfifo16_patch/fblk/gen_wgtr.inst_wgtr/lut_f/gntv_or_sync_fifo.gcx.clkx/wr_pntr_gc<0>
                                                       strip_imp/trigproc_imp/fifo_imp/U0/xst_fifo_generator/gconvfifo.rf/gbiv4.fgfifo16_patch/fblk/gen_wgtr.inst_wgtr/lut_f/gntv_or_sync_fifo.gcx.clkx/wr_pntr_gc_1
    SLICE_X22Y179.BY     net (fanout=1)        1.069   strip_imp/trigproc_imp/fifo_imp/U0/xst_fifo_generator/gconvfifo.rf/gbiv4.fgfifo16_patch/fblk/gen_wgtr.inst_wgtr/lut_f/gntv_or_sync_fifo.gcx.clkx/wr_pntr_gc<1>
    SLICE_X22Y179.CLK    Tckdi       (-Th)     0.081   strip_imp/trigproc_imp/fifo_imp/U0/xst_fifo_generator/gconvfifo.rf/gbiv4.fgfifo16_patch/fblk/gen_wgtr.inst_wgtr/lut_f/gntv_or_sync_fifo.gcx.clkx/rd_pntr_gc<3>
                                                       strip_imp/trigproc_imp/fifo_imp/U0/xst_fifo_generator/gconvfifo.rf/gbiv4.fgfifo16_patch/fblk/gen_wgtr.inst_wgtr/lut_f/gntv_or_sync_fifo.gcx.clkx/gsync_stage[1].rd_stg_inst/Q_reg_1
    -------------------------------------------------  ---------------------------
    Total                                      1.251ns (0.182ns logic, 1.069ns route)
                                                       (14.5% logic, 85.5% route)

--------------------------------------------------------------------------------

================================================================================
Timing constraint: PATH "TS_MCLKA_TO_FBCOCLK_path" TIG;

 4 paths analyzed, 4 endpoints analyzed, 0 failing endpoints
 0 timing errors detected. (0 setup errors, 0 hold errors)
--------------------------------------------------------------------------------

Paths for end point strip_imp/trigproc_imp/fifo_imp/U0/xst_fifo_generator/gconvfifo.rf/gbiv4.fgfifo16_patch/fblk/gen_wgtr.inst_wgtr/lut_f/gntv_or_sync_fifo.gcx.clkx/gsync_stage[1].wr_stg_inst/Q_reg_0 (SLICE_X32Y184.BY), 1 path
--------------------------------------------------------------------------------
Delay (setup path):     2.913ns (data path - clock path skew + uncertainty)
  Source:               strip_imp/trigproc_imp/fifo_imp/U0/xst_fifo_generator/gconvfifo.rf/gbiv4.fgfifo16_patch/fblk/gen_wgtr.inst_wgtr/lut_f/gntv_or_sync_fifo.gcx.clkx/rd_pntr_gc_0 (FF)
  Destination:          strip_imp/trigproc_imp/fifo_imp/U0/xst_fifo_generator/gconvfifo.rf/gbiv4.fgfifo16_patch/fblk/gen_wgtr.inst_wgtr/lut_f/gntv_or_sync_fifo.gcx.clkx/gsync_stage[1].wr_stg_inst/Q_reg_0 (FF)
  Data Path Delay:      1.902ns (Levels of Logic = 0)
  Clock Path Skew:      -0.831ns (5.284 - 6.115)
  Source Clock:         STRIP_MCLKA rising
  Destination Clock:    strip_imp/fracbcoclk falling
  Clock Uncertainty:    0.180ns

  Clock Uncertainty:          0.180ns  ((TSJ^2 + TIJ^2)^1/2 + DJ) / 2 + PE
    Total System Jitter (TSJ):  0.000ns
    Total Input Jitter (TIJ):   0.000ns
    Discrete Jitter (DJ):       0.120ns
    Phase Error (PE):           0.120ns

  Maximum Data Path: strip_imp/trigproc_imp/fifo_imp/U0/xst_fifo_generator/gconvfifo.rf/gbiv4.fgfifo16_patch/fblk/gen_wgtr.inst_wgtr/lut_f/gntv_or_sync_fifo.gcx.clkx/rd_pntr_gc_0 to strip_imp/trigproc_imp/fifo_imp/U0/xst_fifo_generator/gconvfifo.rf/gbiv4.fgfifo16_patch/fblk/gen_wgtr.inst_wgtr/lut_f/gntv_or_sync_fifo.gcx.clkx/gsync_stage[1].wr_stg_inst/Q_reg_0
    Location             Delay type         Delay(ns)  Physical Resource
                                                       Logical Resource(s)
    -------------------------------------------------  -------------------
    SLICE_X11Y181.XQ     Tcko                  0.340   strip_imp/trigproc_imp/fifo_imp/U0/xst_fifo_generator/gconvfifo.rf/gbiv4.fgfifo16_patch/fblk/gen_wgtr.inst_wgtr/lut_f/gntv_or_sync_fifo.gcx.clkx/rd_pntr_gc<0>
                                                       strip_imp/trigproc_imp/fifo_imp/U0/xst_fifo_generator/gconvfifo.rf/gbiv4.fgfifo16_patch/fblk/gen_wgtr.inst_wgtr/lut_f/gntv_or_sync_fifo.gcx.clkx/rd_pntr_gc_0
    SLICE_X32Y184.BY     net (fanout=1)        1.233   strip_imp/trigproc_imp/fifo_imp/U0/xst_fifo_generator/gconvfifo.rf/gbiv4.fgfifo16_patch/fblk/gen_wgtr.inst_wgtr/lut_f/gntv_or_sync_fifo.gcx.clkx/rd_pntr_gc<0>
    SLICE_X32Y184.CLK    Tdick                 0.329   strip_imp/trigproc_imp/fifo_imp/U0/xst_fifo_generator/gconvfifo.rf/gbiv4.fgfifo16_patch/fblk/gen_wgtr.inst_wgtr/lut_f/gntv_or_sync_fifo.gcx.clkx/gsync_stage[1].wr_stg_inst/Q_reg<0>
                                                       strip_imp/trigproc_imp/fifo_imp/U0/xst_fifo_generator/gconvfifo.rf/gbiv4.fgfifo16_patch/fblk/gen_wgtr.inst_wgtr/lut_f/gntv_or_sync_fifo.gcx.clkx/gsync_stage[1].wr_stg_inst/Q_reg_0
    -------------------------------------------------  ---------------------------
    Total                                      1.902ns (0.669ns logic, 1.233ns route)
                                                       (35.2% logic, 64.8% route)

--------------------------------------------------------------------------------

Paths for end point strip_imp/trigproc_imp/fifo_imp/U0/xst_fifo_generator/gconvfifo.rf/gbiv4.fgfifo16_patch/fblk/gen_wgtr.inst_wgtr/lut_f/gntv_or_sync_fifo.gcx.clkx/gsync_stage[1].wr_stg_inst/Q_reg_2 (SLICE_X39Y183.BY), 1 path
--------------------------------------------------------------------------------
Delay (setup path):     2.717ns (data path - clock path skew + uncertainty)
  Source:               strip_imp/trigproc_imp/fifo_imp/U0/xst_fifo_generator/gconvfifo.rf/gbiv4.fgfifo16_patch/fblk/gen_wgtr.inst_wgtr/lut_f/gntv_or_sync_fifo.gcx.clkx/rd_pntr_gc_2 (FF)
  Destination:          strip_imp/trigproc_imp/fifo_imp/U0/xst_fifo_generator/gconvfifo.rf/gbiv4.fgfifo16_patch/fblk/gen_wgtr.inst_wgtr/lut_f/gntv_or_sync_fifo.gcx.clkx/gsync_stage[1].wr_stg_inst/Q_reg_2 (FF)
  Data Path Delay:      1.798ns (Levels of Logic = 0)
  Clock Path Skew:      -0.739ns (5.319 - 6.058)
  Source Clock:         STRIP_MCLKA rising
  Destination Clock:    strip_imp/fracbcoclk falling
  Clock Uncertainty:    0.180ns

  Clock Uncertainty:          0.180ns  ((TSJ^2 + TIJ^2)^1/2 + DJ) / 2 + PE
    Total System Jitter (TSJ):  0.000ns
    Total Input Jitter (TIJ):   0.000ns
    Discrete Jitter (DJ):       0.120ns
    Phase Error (PE):           0.120ns

  Maximum Data Path: strip_imp/trigproc_imp/fifo_imp/U0/xst_fifo_generator/gconvfifo.rf/gbiv4.fgfifo16_patch/fblk/gen_wgtr.inst_wgtr/lut_f/gntv_or_sync_fifo.gcx.clkx/rd_pntr_gc_2 to strip_imp/trigproc_imp/fifo_imp/U0/xst_fifo_generator/gconvfifo.rf/gbiv4.fgfifo16_patch/fblk/gen_wgtr.inst_wgtr/lut_f/gntv_or_sync_fifo.gcx.clkx/gsync_stage[1].wr_stg_inst/Q_reg_2
    Location             Delay type         Delay(ns)  Physical Resource
                                                       Logical Resource(s)
    -------------------------------------------------  -------------------
    SLICE_X23Y182.YQ     Tcko                  0.340   strip_imp/trigproc_imp/fifo_imp/U0/xst_fifo_generator/gconvfifo.rf/gbiv4.fgfifo16_patch/fblk/gen_wgtr.inst_wgtr/lut_f/gntv_or_sync_fifo.gcx.clkx/rd_pntr_gc<1>
                                                       strip_imp/trigproc_imp/fifo_imp/U0/xst_fifo_generator/gconvfifo.rf/gbiv4.fgfifo16_patch/fblk/gen_wgtr.inst_wgtr/lut_f/gntv_or_sync_fifo.gcx.clkx/rd_pntr_gc_2
    SLICE_X39Y183.BY     net (fanout=1)        1.116   strip_imp/trigproc_imp/fifo_imp/U0/xst_fifo_generator/gconvfifo.rf/gbiv4.fgfifo16_patch/fblk/gen_wgtr.inst_wgtr/lut_f/gntv_or_sync_fifo.gcx.clkx/rd_pntr_gc<2>
    SLICE_X39Y183.CLK    Tdick                 0.342   strip_imp/trigproc_imp/fifo_imp/U0/xst_fifo_generator/gconvfifo.rf/gbiv4.fgfifo16_patch/fblk/gen_wgtr.inst_wgtr/lut_f/gntv_or_sync_fifo.gcx.clkx/gsync_stage[1].wr_stg_inst/Q_reg<1>
                                                       strip_imp/trigproc_imp/fifo_imp/U0/xst_fifo_generator/gconvfifo.rf/gbiv4.fgfifo16_patch/fblk/gen_wgtr.inst_wgtr/lut_f/gntv_or_sync_fifo.gcx.clkx/gsync_stage[1].wr_stg_inst/Q_reg_2
    -------------------------------------------------  ---------------------------
    Total                                      1.798ns (0.682ns logic, 1.116ns route)
                                                       (37.9% logic, 62.1% route)

--------------------------------------------------------------------------------

Paths for end point strip_imp/trigproc_imp/fifo_imp/U0/xst_fifo_generator/gconvfifo.rf/gbiv4.fgfifo16_patch/fblk/gen_wgtr.inst_wgtr/lut_f/gntv_or_sync_fifo.gcx.clkx/gsync_stage[1].wr_stg_inst/Q_reg_3 (SLICE_X30Y176.BY), 1 path
--------------------------------------------------------------------------------
Delay (setup path):     2.622ns (data path - clock path skew + uncertainty)
  Source:               strip_imp/trigproc_imp/fifo_imp/U0/xst_fifo_generator/gconvfifo.rf/gbiv4.fgfifo16_patch/fblk/gen_wgtr.inst_wgtr/lut_f/gntv_or_sync_fifo.gcx.clkx/rd_pntr_gc_3 (FF)
  Destination:          strip_imp/trigproc_imp/fifo_imp/U0/xst_fifo_generator/gconvfifo.rf/gbiv4.fgfifo16_patch/fblk/gen_wgtr.inst_wgtr/lut_f/gntv_or_sync_fifo.gcx.clkx/gsync_stage[1].wr_stg_inst/Q_reg_3 (FF)
  Data Path Delay:      1.655ns (Levels of Logic = 0)
  Clock Path Skew:      -0.787ns (5.265 - 6.052)
  Source Clock:         STRIP_MCLKA rising
  Destination Clock:    strip_imp/fracbcoclk falling
  Clock Uncertainty:    0.180ns

  Clock Uncertainty:          0.180ns  ((TSJ^2 + TIJ^2)^1/2 + DJ) / 2 + PE
    Total System Jitter (TSJ):  0.000ns
    Total Input Jitter (TIJ):   0.000ns
    Discrete Jitter (DJ):       0.120ns
    Phase Error (PE):           0.120ns

  Maximum Data Path: strip_imp/trigproc_imp/fifo_imp/U0/xst_fifo_generator/gconvfifo.rf/gbiv4.fgfifo16_patch/fblk/gen_wgtr.inst_wgtr/lut_f/gntv_or_sync_fifo.gcx.clkx/rd_pntr_gc_3 to strip_imp/trigproc_imp/fifo_imp/U0/xst_fifo_generator/gconvfifo.rf/gbiv4.fgfifo16_patch/fblk/gen_wgtr.inst_wgtr/lut_f/gntv_or_sync_fifo.gcx.clkx/gsync_stage[1].wr_stg_inst/Q_reg_3
    Location             Delay type         Delay(ns)  Physical Resource
                                                       Logical Resource(s)
    -------------------------------------------------  -------------------
    SLICE_X22Y179.XQ     Tcko                  0.360   strip_imp/trigproc_imp/fifo_imp/U0/xst_fifo_generator/gconvfifo.rf/gbiv4.fgfifo16_patch/fblk/gen_wgtr.inst_wgtr/lut_f/gntv_or_sync_fifo.gcx.clkx/rd_pntr_gc<3>
                                                       strip_imp/trigproc_imp/fifo_imp/U0/xst_fifo_generator/gconvfifo.rf/gbiv4.fgfifo16_patch/fblk/gen_wgtr.inst_wgtr/lut_f/gntv_or_sync_fifo.gcx.clkx/rd_pntr_gc_3
    SLICE_X30Y176.BY     net (fanout=1)        0.966   strip_imp/trigproc_imp/fifo_imp/U0/xst_fifo_generator/gconvfifo.rf/gbiv4.fgfifo16_patch/fblk/gen_wgtr.inst_wgtr/lut_f/gntv_or_sync_fifo.gcx.clkx/rd_pntr_gc<3>
    SLICE_X30Y176.CLK    Tdick                 0.329   strip_imp/trigproc_imp/fifo_imp/U0/xst_fifo_generator/gconvfifo.rf/gbiv4.fgfifo16_patch/fblk/gen_wgtr.inst_wgtr/lut_f/gntv_or_sync_fifo.gcx.clkx/gsync_stage[1].wr_stg_inst/Q_reg<3>
                                                       strip_imp/trigproc_imp/fifo_imp/U0/xst_fifo_generator/gconvfifo.rf/gbiv4.fgfifo16_patch/fblk/gen_wgtr.inst_wgtr/lut_f/gntv_or_sync_fifo.gcx.clkx/gsync_stage[1].wr_stg_inst/Q_reg_3
    -------------------------------------------------  ---------------------------
    Total                                      1.655ns (0.689ns logic, 0.966ns route)
                                                       (41.6% logic, 58.4% route)

--------------------------------------------------------------------------------

Hold Paths: PATH "TS_MCLKA_TO_FBCOCLK_path" TIG;
--------------------------------------------------------------------------------

Paths for end point strip_imp/trigproc_imp/fifo_imp/U0/xst_fifo_generator/gconvfifo.rf/gbiv4.fgfifo16_patch/fblk/gen_wgtr.inst_wgtr/lut_f/gntv_or_sync_fifo.gcx.clkx/gsync_stage[1].wr_stg_inst/Q_reg_1 (SLICE_X39Y183.BX), 1 path
--------------------------------------------------------------------------------
Delay (hold path):      1.883ns (datapath - clock path skew - uncertainty)
  Source:               strip_imp/trigproc_imp/fifo_imp/U0/xst_fifo_generator/gconvfifo.rf/gbiv4.fgfifo16_patch/fblk/gen_wgtr.inst_wgtr/lut_f/gntv_or_sync_fifo.gcx.clkx/rd_pntr_gc_1 (FF)
  Destination:          strip_imp/trigproc_imp/fifo_imp/U0/xst_fifo_generator/gconvfifo.rf/gbiv4.fgfifo16_patch/fblk/gen_wgtr.inst_wgtr/lut_f/gntv_or_sync_fifo.gcx.clkx/gsync_stage[1].wr_stg_inst/Q_reg_1 (FF)
  Data Path Delay:      1.144ns (Levels of Logic = 0)
  Clock Path Skew:      -0.739ns (5.319 - 6.058)
  Source Clock:         STRIP_MCLKA rising
  Destination Clock:    strip_imp/fracbcoclk falling
  Clock Uncertainty:    0.000ns

  Minimum Data Path: strip_imp/trigproc_imp/fifo_imp/U0/xst_fifo_generator/gconvfifo.rf/gbiv4.fgfifo16_patch/fblk/gen_wgtr.inst_wgtr/lut_f/gntv_or_sync_fifo.gcx.clkx/rd_pntr_gc_1 to strip_imp/trigproc_imp/fifo_imp/U0/xst_fifo_generator/gconvfifo.rf/gbiv4.fgfifo16_patch/fblk/gen_wgtr.inst_wgtr/lut_f/gntv_or_sync_fifo.gcx.clkx/gsync_stage[1].wr_stg_inst/Q_reg_1
    Location             Delay type         Delay(ns)  Physical Resource
                                                       Logical Resource(s)
    -------------------------------------------------  -------------------
    SLICE_X23Y182.XQ     Tcko                  0.313   strip_imp/trigproc_imp/fifo_imp/U0/xst_fifo_generator/gconvfifo.rf/gbiv4.fgfifo16_patch/fblk/gen_wgtr.inst_wgtr/lut_f/gntv_or_sync_fifo.gcx.clkx/rd_pntr_gc<1>
                                                       strip_imp/trigproc_imp/fifo_imp/U0/xst_fifo_generator/gconvfifo.rf/gbiv4.fgfifo16_patch/fblk/gen_wgtr.inst_wgtr/lut_f/gntv_or_sync_fifo.gcx.clkx/rd_pntr_gc_1
    SLICE_X39Y183.BX     net (fanout=1)        0.856   strip_imp/trigproc_imp/fifo_imp/U0/xst_fifo_generator/gconvfifo.rf/gbiv4.fgfifo16_patch/fblk/gen_wgtr.inst_wgtr/lut_f/gntv_or_sync_fifo.gcx.clkx/rd_pntr_gc<1>
    SLICE_X39Y183.CLK    Tckdi       (-Th)     0.025   strip_imp/trigproc_imp/fifo_imp/U0/xst_fifo_generator/gconvfifo.rf/gbiv4.fgfifo16_patch/fblk/gen_wgtr.inst_wgtr/lut_f/gntv_or_sync_fifo.gcx.clkx/gsync_stage[1].wr_stg_inst/Q_reg<1>
                                                       strip_imp/trigproc_imp/fifo_imp/U0/xst_fifo_generator/gconvfifo.rf/gbiv4.fgfifo16_patch/fblk/gen_wgtr.inst_wgtr/lut_f/gntv_or_sync_fifo.gcx.clkx/gsync_stage[1].wr_stg_inst/Q_reg_1
    -------------------------------------------------  ---------------------------
    Total                                      1.144ns (0.288ns logic, 0.856ns route)
                                                       (25.2% logic, 74.8% route)

--------------------------------------------------------------------------------

Paths for end point strip_imp/trigproc_imp/fifo_imp/U0/xst_fifo_generator/gconvfifo.rf/gbiv4.fgfifo16_patch/fblk/gen_wgtr.inst_wgtr/lut_f/gntv_or_sync_fifo.gcx.clkx/gsync_stage[1].wr_stg_inst/Q_reg_3 (SLICE_X30Y176.BY), 1 path
--------------------------------------------------------------------------------
Delay (hold path):      1.979ns (datapath - clock path skew - uncertainty)
  Source:               strip_imp/trigproc_imp/fifo_imp/U0/xst_fifo_generator/gconvfifo.rf/gbiv4.fgfifo16_patch/fblk/gen_wgtr.inst_wgtr/lut_f/gntv_or_sync_fifo.gcx.clkx/rd_pntr_gc_3 (FF)
  Destination:          strip_imp/trigproc_imp/fifo_imp/U0/xst_fifo_generator/gconvfifo.rf/gbiv4.fgfifo16_patch/fblk/gen_wgtr.inst_wgtr/lut_f/gntv_or_sync_fifo.gcx.clkx/gsync_stage[1].wr_stg_inst/Q_reg_3 (FF)
  Data Path Delay:      1.192ns (Levels of Logic = 0)
  Clock Path Skew:      -0.787ns (5.265 - 6.052)
  Source Clock:         STRIP_MCLKA rising
  Destination Clock:    strip_imp/fracbcoclk falling
  Clock Uncertainty:    0.000ns

  Minimum Data Path: strip_imp/trigproc_imp/fifo_imp/U0/xst_fifo_generator/gconvfifo.rf/gbiv4.fgfifo16_patch/fblk/gen_wgtr.inst_wgtr/lut_f/gntv_or_sync_fifo.gcx.clkx/rd_pntr_gc_3 to strip_imp/trigproc_imp/fifo_imp/U0/xst_fifo_generator/gconvfifo.rf/gbiv4.fgfifo16_patch/fblk/gen_wgtr.inst_wgtr/lut_f/gntv_or_sync_fifo.gcx.clkx/gsync_stage[1].wr_stg_inst/Q_reg_3
    Location             Delay type         Delay(ns)  Physical Resource
                                                       Logical Resource(s)
    -------------------------------------------------  -------------------
    SLICE_X22Y179.XQ     Tcko                  0.331   strip_imp/trigproc_imp/fifo_imp/U0/xst_fifo_generator/gconvfifo.rf/gbiv4.fgfifo16_patch/fblk/gen_wgtr.inst_wgtr/lut_f/gntv_or_sync_fifo.gcx.clkx/rd_pntr_gc<3>
                                                       strip_imp/trigproc_imp/fifo_imp/U0/xst_fifo_generator/gconvfifo.rf/gbiv4.fgfifo16_patch/fblk/gen_wgtr.inst_wgtr/lut_f/gntv_or_sync_fifo.gcx.clkx/rd_pntr_gc_3
    SLICE_X30Y176.BY     net (fanout=1)        0.889   strip_imp/trigproc_imp/fifo_imp/U0/xst_fifo_generator/gconvfifo.rf/gbiv4.fgfifo16_patch/fblk/gen_wgtr.inst_wgtr/lut_f/gntv_or_sync_fifo.gcx.clkx/rd_pntr_gc<3>
    SLICE_X30Y176.CLK    Tckdi       (-Th)     0.028   strip_imp/trigproc_imp/fifo_imp/U0/xst_fifo_generator/gconvfifo.rf/gbiv4.fgfifo16_patch/fblk/gen_wgtr.inst_wgtr/lut_f/gntv_or_sync_fifo.gcx.clkx/gsync_stage[1].wr_stg_inst/Q_reg<3>
                                                       strip_imp/trigproc_imp/fifo_imp/U0/xst_fifo_generator/gconvfifo.rf/gbiv4.fgfifo16_patch/fblk/gen_wgtr.inst_wgtr/lut_f/gntv_or_sync_fifo.gcx.clkx/gsync_stage[1].wr_stg_inst/Q_reg_3
    -------------------------------------------------  ---------------------------
    Total                                      1.192ns (0.303ns logic, 0.889ns route)
                                                       (25.4% logic, 74.6% route)

--------------------------------------------------------------------------------

Paths for end point strip_imp/trigproc_imp/fifo_imp/U0/xst_fifo_generator/gconvfifo.rf/gbiv4.fgfifo16_patch/fblk/gen_wgtr.inst_wgtr/lut_f/gntv_or_sync_fifo.gcx.clkx/gsync_stage[1].wr_stg_inst/Q_reg_2 (SLICE_X39Y183.BY), 1 path
--------------------------------------------------------------------------------
Delay (hold path):      2.065ns (datapath - clock path skew - uncertainty)
  Source:               strip_imp/trigproc_imp/fifo_imp/U0/xst_fifo_generator/gconvfifo.rf/gbiv4.fgfifo16_patch/fblk/gen_wgtr.inst_wgtr/lut_f/gntv_or_sync_fifo.gcx.clkx/rd_pntr_gc_2 (FF)
  Destination:          strip_imp/trigproc_imp/fifo_imp/U0/xst_fifo_generator/gconvfifo.rf/gbiv4.fgfifo16_patch/fblk/gen_wgtr.inst_wgtr/lut_f/gntv_or_sync_fifo.gcx.clkx/gsync_stage[1].wr_stg_inst/Q_reg_2 (FF)
  Data Path Delay:      1.326ns (Levels of Logic = 0)
  Clock Path Skew:      -0.739ns (5.319 - 6.058)
  Source Clock:         STRIP_MCLKA rising
  Destination Clock:    strip_imp/fracbcoclk falling
  Clock Uncertainty:    0.000ns

  Minimum Data Path: strip_imp/trigproc_imp/fifo_imp/U0/xst_fifo_generator/gconvfifo.rf/gbiv4.fgfifo16_patch/fblk/gen_wgtr.inst_wgtr/lut_f/gntv_or_sync_fifo.gcx.clkx/rd_pntr_gc_2 to strip_imp/trigproc_imp/fifo_imp/U0/xst_fifo_generator/gconvfifo.rf/gbiv4.fgfifo16_patch/fblk/gen_wgtr.inst_wgtr/lut_f/gntv_or_sync_fifo.gcx.clkx/gsync_stage[1].wr_stg_inst/Q_reg_2
    Location             Delay type         Delay(ns)  Physical Resource
                                                       Logical Resource(s)
    -------------------------------------------------  -------------------
    SLICE_X23Y182.YQ     Tcko                  0.313   strip_imp/trigproc_imp/fifo_imp/U0/xst_fifo_generator/gconvfifo.rf/gbiv4.fgfifo16_patch/fblk/gen_wgtr.inst_wgtr/lut_f/gntv_or_sync_fifo.gcx.clkx/rd_pntr_gc<1>
                                                       strip_imp/trigproc_imp/fifo_imp/U0/xst_fifo_generator/gconvfifo.rf/gbiv4.fgfifo16_patch/fblk/gen_wgtr.inst_wgtr/lut_f/gntv_or_sync_fifo.gcx.clkx/rd_pntr_gc_2
    SLICE_X39Y183.BY     net (fanout=1)        1.027   strip_imp/trigproc_imp/fifo_imp/U0/xst_fifo_generator/gconvfifo.rf/gbiv4.fgfifo16_patch/fblk/gen_wgtr.inst_wgtr/lut_f/gntv_or_sync_fifo.gcx.clkx/rd_pntr_gc<2>
    SLICE_X39Y183.CLK    Tckdi       (-Th)     0.014   strip_imp/trigproc_imp/fifo_imp/U0/xst_fifo_generator/gconvfifo.rf/gbiv4.fgfifo16_patch/fblk/gen_wgtr.inst_wgtr/lut_f/gntv_or_sync_fifo.gcx.clkx/gsync_stage[1].wr_stg_inst/Q_reg<1>
                                                       strip_imp/trigproc_imp/fifo_imp/U0/xst_fifo_generator/gconvfifo.rf/gbiv4.fgfifo16_patch/fblk/gen_wgtr.inst_wgtr/lut_f/gntv_or_sync_fifo.gcx.clkx/gsync_stage[1].wr_stg_inst/Q_reg_2
    -------------------------------------------------  ---------------------------
    Total                                      1.326ns (0.299ns logic, 1.027ns route)
                                                       (22.5% logic, 77.5% route)

--------------------------------------------------------------------------------

================================================================================
Timing constraint: PATH "TS_CLKQ_TO_DACCLK_path" TIG;

 0 paths analyzed, 0 endpoints analyzed, 0 failing endpoints
 0 timing errors detected.
--------------------------------------------------------------------------------

================================================================================
Timing constraint: PATH "TS_CLKQ_TO_BUSCLK_path" TIG;

 0 paths analyzed, 0 endpoints analyzed, 0 failing endpoints
 0 timing errors detected.
--------------------------------------------------------------------------------

================================================================================
Timing constraint: PATH "TS_BCOCLK_TO_OUTCLK_path" TIG;

 1650 paths analyzed, 1650 endpoints analyzed, 0 failing endpoints
 0 timing errors detected. (0 setup errors, 0 hold errors)
--------------------------------------------------------------------------------

Paths for end point strip_imp/G[2].chipserdes3_imp/TRY_AGAIN_0 (SLICE_X1Y13.SR), 1 path
--------------------------------------------------------------------------------
Delay (setup path):     6.802ns (data path - clock path skew + uncertainty)
  Source:               strip_imp/reset_imp/link_reset_2 (FF)
  Destination:          strip_imp/G[2].chipserdes3_imp/TRY_AGAIN_0 (FF)
  Data Path Delay:      6.657ns (Levels of Logic = 0)
  Clock Path Skew:      0.000ns
  Source Clock:         STRIP_BCOCLK<0> rising
  Destination Clock:    strip_imp/dcm_outclk rising
  Clock Uncertainty:    0.145ns

  Clock Uncertainty:          0.145ns  ((TSJ^2 + TIJ^2)^1/2 + DJ) / 2 + PE
    Total System Jitter (TSJ):  0.000ns
    Total Input Jitter (TIJ):   0.000ns
    Discrete Jitter (DJ):       0.050ns
    Phase Error (PE):           0.120ns

  Maximum Data Path: strip_imp/reset_imp/link_reset_2 to strip_imp/G[2].chipserdes3_imp/TRY_AGAIN_0
    Location             Delay type         Delay(ns)  Physical Resource
                                                       Logical Resource(s)
    -------------------------------------------------  -------------------
    SLICE_X29Y83.YQ      Tcko                  0.340   strip_imp/strip_serdes_reset<2>
                                                       strip_imp/reset_imp/link_reset_2
    SLICE_X1Y13.SR       net (fanout=275)      5.280   strip_imp/strip_serdes_reset<2>
    SLICE_X1Y13.CLK      Tsrck                 1.037   strip_imp/G[2].chipserdes3_imp/TRY_AGAIN<0>
                                                       strip_imp/G[2].chipserdes3_imp/TRY_AGAIN_0
    -------------------------------------------------  ---------------------------
    Total                                      6.657ns (1.377ns logic, 5.280ns route)
                                                       (20.7% logic, 79.3% route)

--------------------------------------------------------------------------------

Paths for end point strip_imp/G[2].chipserdes3_imp/TRY_AGAIN_2 (SLICE_X1Y12.SR), 1 path
--------------------------------------------------------------------------------
Delay (setup path):     6.802ns (data path - clock path skew + uncertainty)
  Source:               strip_imp/reset_imp/link_reset_2 (FF)
  Destination:          strip_imp/G[2].chipserdes3_imp/TRY_AGAIN_2 (FF)
  Data Path Delay:      6.657ns (Levels of Logic = 0)
  Clock Path Skew:      0.000ns
  Source Clock:         STRIP_BCOCLK<0> rising
  Destination Clock:    strip_imp/dcm_outclk rising
  Clock Uncertainty:    0.145ns

  Clock Uncertainty:          0.145ns  ((TSJ^2 + TIJ^2)^1/2 + DJ) / 2 + PE
    Total System Jitter (TSJ):  0.000ns
    Total Input Jitter (TIJ):   0.000ns
    Discrete Jitter (DJ):       0.050ns
    Phase Error (PE):           0.120ns

  Maximum Data Path: strip_imp/reset_imp/link_reset_2 to strip_imp/G[2].chipserdes3_imp/TRY_AGAIN_2
    Location             Delay type         Delay(ns)  Physical Resource
                                                       Logical Resource(s)
    -------------------------------------------------  -------------------
    SLICE_X29Y83.YQ      Tcko                  0.340   strip_imp/strip_serdes_reset<2>
                                                       strip_imp/reset_imp/link_reset_2
    SLICE_X1Y12.SR       net (fanout=275)      5.280   strip_imp/strip_serdes_reset<2>
    SLICE_X1Y12.CLK      Tsrck                 1.037   strip_imp/G[2].chipserdes3_imp/TRY_AGAIN<2>
                                                       strip_imp/G[2].chipserdes3_imp/TRY_AGAIN_2
    -------------------------------------------------  ---------------------------
    Total                                      6.657ns (1.377ns logic, 5.280ns route)
                                                       (20.7% logic, 79.3% route)

--------------------------------------------------------------------------------

Paths for end point strip_imp/G[2].chipserdes1_imp/MISSING_SYNC_COUNT_4 (SLICE_X5Y12.SR), 1 path
--------------------------------------------------------------------------------
Delay (setup path):     6.598ns (data path - clock path skew + uncertainty)
  Source:               strip_imp/reset_imp/link_reset_2 (FF)
  Destination:          strip_imp/G[2].chipserdes1_imp/MISSING_SYNC_COUNT_4 (FF)
  Data Path Delay:      6.453ns (Levels of Logic = 0)
  Clock Path Skew:      0.000ns
  Source Clock:         STRIP_BCOCLK<0> rising
  Destination Clock:    strip_imp/dcm_outclk rising
  Clock Uncertainty:    0.145ns

  Clock Uncertainty:          0.145ns  ((TSJ^2 + TIJ^2)^1/2 + DJ) / 2 + PE
    Total System Jitter (TSJ):  0.000ns
    Total Input Jitter (TIJ):   0.000ns
    Discrete Jitter (DJ):       0.050ns
    Phase Error (PE):           0.120ns

  Maximum Data Path: strip_imp/reset_imp/link_reset_2 to strip_imp/G[2].chipserdes1_imp/MISSING_SYNC_COUNT_4
    Location             Delay type         Delay(ns)  Physical Resource
                                                       Logical Resource(s)
    -------------------------------------------------  -------------------
    SLICE_X29Y83.YQ      Tcko                  0.340   strip_imp/strip_serdes_reset<2>
                                                       strip_imp/reset_imp/link_reset_2
    SLICE_X5Y12.SR       net (fanout=275)      5.076   strip_imp/strip_serdes_reset<2>
    SLICE_X5Y12.CLK      Tsrck                 1.037   strip_imp/STRIP_STATUS_ARRAY<2><2><18>
                                                       strip_imp/G[2].chipserdes1_imp/MISSING_SYNC_COUNT_4
    -------------------------------------------------  ---------------------------
    Total                                      6.453ns (1.377ns logic, 5.076ns route)
                                                       (21.3% logic, 78.7% route)

--------------------------------------------------------------------------------

Hold Paths: PATH "TS_BCOCLK_TO_OUTCLK_path" TIG;
--------------------------------------------------------------------------------

Paths for end point strip_imp/G[4].chipserdes3_imp/SERDES_RESET (SLICE_X27Y75.SR), 1 path
--------------------------------------------------------------------------------
Delay (hold path):      0.642ns (datapath - clock path skew - uncertainty)
  Source:               strip_imp/reset_imp/link_reset_4 (FF)
  Destination:          strip_imp/G[4].chipserdes3_imp/SERDES_RESET (FF)
  Data Path Delay:      1.525ns (Levels of Logic = 0)
  Clock Path Skew:      0.883ns (5.958 - 5.075)
  Source Clock:         STRIP_BCOCLK<0> rising
  Destination Clock:    strip_imp/dcm_outclk rising
  Clock Uncertainty:    0.000ns

  Minimum Data Path: strip_imp/reset_imp/link_reset_4 to strip_imp/G[4].chipserdes3_imp/SERDES_RESET
    Location             Delay type         Delay(ns)  Physical Resource
                                                       Logical Resource(s)
    -------------------------------------------------  -------------------
    SLICE_X31Y72.XQ      Tcko                  0.313   strip_imp/strip_serdes_reset<4>
                                                       strip_imp/reset_imp/link_reset_4
    SLICE_X27Y75.SR      net (fanout=259)      0.891   strip_imp/strip_serdes_reset<4>
    SLICE_X27Y75.CLK     Tcksr       (-Th)    -0.321   strip_imp/G[4].chipserdes3_imp/SERDES_RESET
                                                       strip_imp/G[4].chipserdes3_imp/SERDES_RESET
    -------------------------------------------------  ---------------------------
    Total                                      1.525ns (0.634ns logic, 0.891ns route)
                                                       (41.6% logic, 58.4% route)

--------------------------------------------------------------------------------

Paths for end point strip_imp/G[4].chipserdes1_imp/SERDES_RESET (SLICE_X26Y71.SR), 1 path
--------------------------------------------------------------------------------
Delay (hold path):      0.850ns (datapath - clock path skew - uncertainty)
  Source:               strip_imp/reset_imp/link_reset_4 (FF)
  Destination:          strip_imp/G[4].chipserdes1_imp/SERDES_RESET (FF)
  Data Path Delay:      1.739ns (Levels of Logic = 0)
  Clock Path Skew:      0.889ns (5.964 - 5.075)
  Source Clock:         STRIP_BCOCLK<0> rising
  Destination Clock:    strip_imp/dcm_outclk rising
  Clock Uncertainty:    0.000ns

  Minimum Data Path: strip_imp/reset_imp/link_reset_4 to strip_imp/G[4].chipserdes1_imp/SERDES_RESET
    Location             Delay type         Delay(ns)  Physical Resource
                                                       Logical Resource(s)
    -------------------------------------------------  -------------------
    SLICE_X31Y72.XQ      Tcko                  0.313   strip_imp/strip_serdes_reset<4>
                                                       strip_imp/reset_imp/link_reset_4
    SLICE_X26Y71.SR      net (fanout=259)      0.913   strip_imp/strip_serdes_reset<4>
    SLICE_X26Y71.CLK     Tcksr       (-Th)    -0.513   strip_imp/G[4].chipserdes1_imp/SERDES_RESET
                                                       strip_imp/G[4].chipserdes1_imp/SERDES_RESET
    -------------------------------------------------  ---------------------------
    Total                                      1.739ns (0.826ns logic, 0.913ns route)
                                                       (47.5% logic, 52.5% route)

--------------------------------------------------------------------------------

Paths for end point strip_imp/G[4].chipserdes1_imp/INTERNAL_STATE_1 (SLICE_X19Y61.SR), 1 path
--------------------------------------------------------------------------------
Delay (hold path):      0.865ns (datapath - clock path skew - uncertainty)
  Source:               strip_imp/reset_imp/link_reset_4 (FF)
  Destination:          strip_imp/G[4].chipserdes1_imp/INTERNAL_STATE_1 (FF)
  Data Path Delay:      1.862ns (Levels of Logic = 0)
  Clock Path Skew:      0.997ns (6.072 - 5.075)
  Source Clock:         STRIP_BCOCLK<0> rising
  Destination Clock:    strip_imp/dcm_outclk rising
  Clock Uncertainty:    0.000ns

  Minimum Data Path: strip_imp/reset_imp/link_reset_4 to strip_imp/G[4].chipserdes1_imp/INTERNAL_STATE_1
    Location             Delay type         Delay(ns)  Physical Resource
                                                       Logical Resource(s)
    -------------------------------------------------  -------------------
    SLICE_X31Y72.XQ      Tcko                  0.313   strip_imp/strip_serdes_reset<4>
                                                       strip_imp/reset_imp/link_reset_4
    SLICE_X19Y61.SR      net (fanout=259)      1.167   strip_imp/strip_serdes_reset<4>
    SLICE_X19Y61.CLK     Tcksr       (-Th)    -0.382   strip_imp/STRIP_STATUS_ARRAY<4><2><21>
                                                       strip_imp/G[4].chipserdes1_imp/INTERNAL_STATE_1
    -------------------------------------------------  ---------------------------
    Total                                      1.862ns (0.695ns logic, 1.167ns route)
                                                       (37.3% logic, 62.7% route)

--------------------------------------------------------------------------------

================================================================================
Timing constraint: PATH "TS_MCLK_TO_MCLKA_path" TIG;

 605 paths analyzed, 142 endpoints analyzed, 0 failing endpoints
 0 timing errors detected. (0 setup errors, 0 hold errors)
--------------------------------------------------------------------------------

Paths for end point strip_imp/G[0].trigbuf_imp/U0/xst_blk_mem_generator/gnativebmg.native_blk_mem_gen/valid.cstr/ramloop[0].ram.r/v4_noinit.ram/SDP.SINGLE_PRIM.SDP (RAMB16_X2Y13.ADDRB9), 17 paths
--------------------------------------------------------------------------------
Delay (setup path):     8.142ns (data path - clock path skew + uncertainty)
  Source:               strip_imp/G[0].chipserdes1_imp/DATA_VALID (FF)
  Destination:          strip_imp/G[0].trigbuf_imp/U0/xst_blk_mem_generator/gnativebmg.native_blk_mem_gen/valid.cstr/ramloop[0].ram.r/v4_noinit.ram/SDP.SINGLE_PRIM.SDP (RAM)
  Data Path Delay:      6.719ns (Levels of Logic = 4)
  Clock Path Skew:      -1.363ns (3.418 - 4.781)
  Source Clock:         strip_imp/strip_mclk<0> falling
  Destination Clock:    STRIP_MCLKA rising
  Clock Uncertainty:    0.060ns

  Clock Uncertainty:          0.060ns  ((TSJ^2 + TIJ^2)^1/2 + DJ) / 2 + PE
    Total System Jitter (TSJ):  0.000ns
    Total Input Jitter (TIJ):   0.000ns
    Discrete Jitter (DJ):       0.120ns
    Phase Error (PE):           0.000ns

  Maximum Data Path: strip_imp/G[0].chipserdes1_imp/DATA_VALID to strip_imp/G[0].trigbuf_imp/U0/xst_blk_mem_generator/gnativebmg.native_blk_mem_gen/valid.cstr/ramloop[0].ram.r/v4_noinit.ram/SDP.SINGLE_PRIM.SDP
    Location             Delay type         Delay(ns)  Physical Resource
                                                       Logical Resource(s)
    -------------------------------------------------  -------------------
    SLICE_X50Y106.XQ     Tcko                  0.307   strip_imp/STRIP_DATA_VALID<0><2>
                                                       strip_imp/G[0].chipserdes1_imp/DATA_VALID
    SLICE_X49Y85.G1      net (fanout=31)       1.985   strip_imp/STRIP_DATA_VALID<0><2>
    SLICE_X49Y85.Y       Tilo                  0.194   strip_imp/STRIP_SPY_DATA<0><26>
                                                       strip_imp/G[0].strip_fifo_imp/BUFFERED_DATA<0>111
    SLICE_X49Y85.F4      net (fanout=2)        0.165   strip_imp/G[0].strip_fifo_imp/N5
    SLICE_X49Y85.X       Tilo                  0.194   strip_imp/STRIP_SPY_DATA<0><26>
                                                       strip_imp/G[0].strip_fifo_imp/BUFFERED_DATA<0>11
    SLICE_X53Y113.G3     net (fanout=28)       1.586   strip_imp/STRIP_DATA_ACK<0><5>
    SLICE_X53Y113.Y      Tilo                  0.194   strip_imp/G[0].strip_fifo_imp/TRIGGERED_DATA<8>
                                                       strip_imp/G[0].strip_fifo_imp/BUFFERED_DATA<8>15
    SLICE_X53Y113.F2     net (fanout=1)        0.597   strip_imp/G[0].strip_fifo_imp/BUFFERED_DATA<8>15/O
    SLICE_X53Y113.X      Tilo                  0.194   strip_imp/G[0].strip_fifo_imp/TRIGGERED_DATA<8>
                                                       strip_imp/G[0].strip_fifo_imp/BUFFERED_DATA<8>16
    RAMB16_X2Y13.ADDRB9  net (fanout=1)        0.877   strip_imp/TRIG_ADDR<0><4>
    RAMB16_X2Y13.CLKB    Trcck_ADDRB           0.426   strip_imp/G[0].trigbuf_imp/U0/xst_blk_mem_generator/gnativebmg.native_blk_mem_gen/valid.cstr/ramloop[0].ram.r/v4_noinit.ram/SDP.SINGLE_PRIM.SDP
                                                       strip_imp/G[0].trigbuf_imp/U0/xst_blk_mem_generator/gnativebmg.native_blk_mem_gen/valid.cstr/ramloop[0].ram.r/v4_noinit.ram/SDP.SINGLE_PRIM.SDP
    -------------------------------------------------  ---------------------------
    Total                                      6.719ns (1.509ns logic, 5.210ns route)
                                                       (22.5% logic, 77.5% route)

--------------------------------------------------------------------------------
Delay (setup path):     7.930ns (data path - clock path skew + uncertainty)
  Source:               strip_imp/G[0].chipserdes0_imp/DATA_VALID (FF)
  Destination:          strip_imp/G[0].trigbuf_imp/U0/xst_blk_mem_generator/gnativebmg.native_blk_mem_gen/valid.cstr/ramloop[0].ram.r/v4_noinit.ram/SDP.SINGLE_PRIM.SDP (RAM)
  Data Path Delay:      6.486ns (Levels of Logic = 4)
  Clock Path Skew:      -1.384ns (3.418 - 4.802)
  Source Clock:         strip_imp/strip_mclk<0> falling
  Destination Clock:    STRIP_MCLKA rising
  Clock Uncertainty:    0.060ns

  Clock Uncertainty:          0.060ns  ((TSJ^2 + TIJ^2)^1/2 + DJ) / 2 + PE
    Total System Jitter (TSJ):  0.000ns
    Total Input Jitter (TIJ):   0.000ns
    Discrete Jitter (DJ):       0.120ns
    Phase Error (PE):           0.000ns

  Maximum Data Path: strip_imp/G[0].chipserdes0_imp/DATA_VALID to strip_imp/G[0].trigbuf_imp/U0/xst_blk_mem_generator/gnativebmg.native_blk_mem_gen/valid.cstr/ramloop[0].ram.r/v4_noinit.ram/SDP.SINGLE_PRIM.SDP
    Location             Delay type         Delay(ns)  Physical Resource
                                                       Logical Resource(s)
    -------------------------------------------------  -------------------
    SLICE_X53Y101.YQ     Tcko                  0.286   strip_imp/STRIP_DATA_ACK<0><1>
                                                       strip_imp/G[0].chipserdes0_imp/DATA_VALID
    SLICE_X49Y85.G4      net (fanout=32)       1.773   strip_imp/STRIP_DATA_ACK<0><1>
    SLICE_X49Y85.Y       Tilo                  0.194   strip_imp/STRIP_SPY_DATA<0><26>
                                                       strip_imp/G[0].strip_fifo_imp/BUFFERED_DATA<0>111
    SLICE_X49Y85.F4      net (fanout=2)        0.165   strip_imp/G[0].strip_fifo_imp/N5
    SLICE_X49Y85.X       Tilo                  0.194   strip_imp/STRIP_SPY_DATA<0><26>
                                                       strip_imp/G[0].strip_fifo_imp/BUFFERED_DATA<0>11
    SLICE_X53Y113.G3     net (fanout=28)       1.586   strip_imp/STRIP_DATA_ACK<0><5>
    SLICE_X53Y113.Y      Tilo                  0.194   strip_imp/G[0].strip_fifo_imp/TRIGGERED_DATA<8>
                                                       strip_imp/G[0].strip_fifo_imp/BUFFERED_DATA<8>15
    SLICE_X53Y113.F2     net (fanout=1)        0.597   strip_imp/G[0].strip_fifo_imp/BUFFERED_DATA<8>15/O
    SLICE_X53Y113.X      Tilo                  0.194   strip_imp/G[0].strip_fifo_imp/TRIGGERED_DATA<8>
                                                       strip_imp/G[0].strip_fifo_imp/BUFFERED_DATA<8>16
    RAMB16_X2Y13.ADDRB9  net (fanout=1)        0.877   strip_imp/TRIG_ADDR<0><4>
    RAMB16_X2Y13.CLKB    Trcck_ADDRB           0.426   strip_imp/G[0].trigbuf_imp/U0/xst_blk_mem_generator/gnativebmg.native_blk_mem_gen/valid.cstr/ramloop[0].ram.r/v4_noinit.ram/SDP.SINGLE_PRIM.SDP
                                                       strip_imp/G[0].trigbuf_imp/U0/xst_blk_mem_generator/gnativebmg.native_blk_mem_gen/valid.cstr/ramloop[0].ram.r/v4_noinit.ram/SDP.SINGLE_PRIM.SDP
    -------------------------------------------------  ---------------------------
    Total                                      6.486ns (1.488ns logic, 4.998ns route)
                                                       (22.9% logic, 77.1% route)

--------------------------------------------------------------------------------
Delay (setup path):     7.198ns (data path - clock path skew + uncertainty)
  Source:               strip_imp/G[0].chipserdes2_imp/DATA_VALID (FF)
  Destination:          strip_imp/G[0].trigbuf_imp/U0/xst_blk_mem_generator/gnativebmg.native_blk_mem_gen/valid.cstr/ramloop[0].ram.r/v4_noinit.ram/SDP.SINGLE_PRIM.SDP (RAM)
  Data Path Delay:      5.764ns (Levels of Logic = 4)
  Clock Path Skew:      -1.374ns (3.418 - 4.792)
  Source Clock:         strip_imp/strip_mclk<0> falling
  Destination Clock:    STRIP_MCLKA rising
  Clock Uncertainty:    0.060ns

  Clock Uncertainty:          0.060ns  ((TSJ^2 + TIJ^2)^1/2 + DJ) / 2 + PE
    Total System Jitter (TSJ):  0.000ns
    Total Input Jitter (TIJ):   0.000ns
    Discrete Jitter (DJ):       0.120ns
    Phase Error (PE):           0.000ns

  Maximum Data Path: strip_imp/G[0].chipserdes2_imp/DATA_VALID to strip_imp/G[0].trigbuf_imp/U0/xst_blk_mem_generator/gnativebmg.native_blk_mem_gen/valid.cstr/ramloop[0].ram.r/v4_noinit.ram/SDP.SINGLE_PRIM.SDP
    Location             Delay type         Delay(ns)  Physical Resource
                                                       Logical Resource(s)
    -------------------------------------------------  -------------------
    SLICE_X50Y99.YQ      Tcko                  0.307   strip_imp/STRIP_DATA_VALID<0><3>
                                                       strip_imp/G[0].chipserdes2_imp/DATA_VALID
    SLICE_X49Y85.G2      net (fanout=30)       1.030   strip_imp/STRIP_DATA_VALID<0><3>
    SLICE_X49Y85.Y       Tilo                  0.194   strip_imp/STRIP_SPY_DATA<0><26>
                                                       strip_imp/G[0].strip_fifo_imp/BUFFERED_DATA<0>111
    SLICE_X49Y85.F4      net (fanout=2)        0.165   strip_imp/G[0].strip_fifo_imp/N5
    SLICE_X49Y85.X       Tilo                  0.194   strip_imp/STRIP_SPY_DATA<0><26>
                                                       strip_imp/G[0].strip_fifo_imp/BUFFERED_DATA<0>11
    SLICE_X53Y113.G3     net (fanout=28)       1.586   strip_imp/STRIP_DATA_ACK<0><5>
    SLICE_X53Y113.Y      Tilo                  0.194   strip_imp/G[0].strip_fifo_imp/TRIGGERED_DATA<8>
                                                       strip_imp/G[0].strip_fifo_imp/BUFFERED_DATA<8>15
    SLICE_X53Y113.F2     net (fanout=1)        0.597   strip_imp/G[0].strip_fifo_imp/BUFFERED_DATA<8>15/O
    SLICE_X53Y113.X      Tilo                  0.194   strip_imp/G[0].strip_fifo_imp/TRIGGERED_DATA<8>
                                                       strip_imp/G[0].strip_fifo_imp/BUFFERED_DATA<8>16
    RAMB16_X2Y13.ADDRB9  net (fanout=1)        0.877   strip_imp/TRIG_ADDR<0><4>
    RAMB16_X2Y13.CLKB    Trcck_ADDRB           0.426   strip_imp/G[0].trigbuf_imp/U0/xst_blk_mem_generator/gnativebmg.native_blk_mem_gen/valid.cstr/ramloop[0].ram.r/v4_noinit.ram/SDP.SINGLE_PRIM.SDP
                                                       strip_imp/G[0].trigbuf_imp/U0/xst_blk_mem_generator/gnativebmg.native_blk_mem_gen/valid.cstr/ramloop[0].ram.r/v4_noinit.ram/SDP.SINGLE_PRIM.SDP
    -------------------------------------------------  ---------------------------
    Total                                      5.764ns (1.509ns logic, 4.255ns route)
                                                       (26.2% logic, 73.8% route)

--------------------------------------------------------------------------------

Paths for end point strip_imp/G[0].trigbuf_imp/U0/xst_blk_mem_generator/gnativebmg.native_blk_mem_gen/valid.cstr/ramloop[0].ram.r/v4_noinit.ram/SDP.SINGLE_PRIM.SDP (RAMB16_X2Y13.ADDRB8), 17 paths
--------------------------------------------------------------------------------
Delay (setup path):     7.824ns (data path - clock path skew + uncertainty)
  Source:               strip_imp/G[0].chipserdes1_imp/DATA_VALID (FF)
  Destination:          strip_imp/G[0].trigbuf_imp/U0/xst_blk_mem_generator/gnativebmg.native_blk_mem_gen/valid.cstr/ramloop[0].ram.r/v4_noinit.ram/SDP.SINGLE_PRIM.SDP (RAM)
  Data Path Delay:      6.401ns (Levels of Logic = 4)
  Clock Path Skew:      -1.363ns (3.418 - 4.781)
  Source Clock:         strip_imp/strip_mclk<0> falling
  Destination Clock:    STRIP_MCLKA rising
  Clock Uncertainty:    0.060ns

  Clock Uncertainty:          0.060ns  ((TSJ^2 + TIJ^2)^1/2 + DJ) / 2 + PE
    Total System Jitter (TSJ):  0.000ns
    Total Input Jitter (TIJ):   0.000ns
    Discrete Jitter (DJ):       0.120ns
    Phase Error (PE):           0.000ns

  Maximum Data Path: strip_imp/G[0].chipserdes1_imp/DATA_VALID to strip_imp/G[0].trigbuf_imp/U0/xst_blk_mem_generator/gnativebmg.native_blk_mem_gen/valid.cstr/ramloop[0].ram.r/v4_noinit.ram/SDP.SINGLE_PRIM.SDP
    Location             Delay type         Delay(ns)  Physical Resource
                                                       Logical Resource(s)
    -------------------------------------------------  -------------------
    SLICE_X50Y106.XQ     Tcko                  0.307   strip_imp/STRIP_DATA_VALID<0><2>
                                                       strip_imp/G[0].chipserdes1_imp/DATA_VALID
    SLICE_X49Y85.G1      net (fanout=31)       1.985   strip_imp/STRIP_DATA_VALID<0><2>
    SLICE_X49Y85.Y       Tilo                  0.194   strip_imp/STRIP_SPY_DATA<0><26>
                                                       strip_imp/G[0].strip_fifo_imp/BUFFERED_DATA<0>111
    SLICE_X49Y85.F4      net (fanout=2)        0.165   strip_imp/G[0].strip_fifo_imp/N5
    SLICE_X49Y85.X       Tilo                  0.194   strip_imp/STRIP_SPY_DATA<0><26>
                                                       strip_imp/G[0].strip_fifo_imp/BUFFERED_DATA<0>11
    SLICE_X50Y104.G1     net (fanout=28)       1.569   strip_imp/STRIP_DATA_ACK<0><5>
    SLICE_X50Y104.Y      Tilo                  0.195   strip_imp/G[0].strip_fifo_imp/TRIGGERED_DATA<7>
                                                       strip_imp/G[0].strip_fifo_imp/BUFFERED_DATA<7>15
    SLICE_X50Y104.F2     net (fanout=1)        0.593   strip_imp/G[0].strip_fifo_imp/BUFFERED_DATA<7>15/O
    SLICE_X50Y104.X      Tilo                  0.195   strip_imp/G[0].strip_fifo_imp/TRIGGERED_DATA<7>
                                                       strip_imp/G[0].strip_fifo_imp/BUFFERED_DATA<7>16
    RAMB16_X2Y13.ADDRB8  net (fanout=1)        0.578   strip_imp/TRIG_ADDR<0><3>
    RAMB16_X2Y13.CLKB    Trcck_ADDRB           0.426   strip_imp/G[0].trigbuf_imp/U0/xst_blk_mem_generator/gnativebmg.native_blk_mem_gen/valid.cstr/ramloop[0].ram.r/v4_noinit.ram/SDP.SINGLE_PRIM.SDP
                                                       strip_imp/G[0].trigbuf_imp/U0/xst_blk_mem_generator/gnativebmg.native_blk_mem_gen/valid.cstr/ramloop[0].ram.r/v4_noinit.ram/SDP.SINGLE_PRIM.SDP
    -------------------------------------------------  ---------------------------
    Total                                      6.401ns (1.511ns logic, 4.890ns route)
                                                       (23.6% logic, 76.4% route)

--------------------------------------------------------------------------------
Delay (setup path):     7.612ns (data path - clock path skew + uncertainty)
  Source:               strip_imp/G[0].chipserdes0_imp/DATA_VALID (FF)
  Destination:          strip_imp/G[0].trigbuf_imp/U0/xst_blk_mem_generator/gnativebmg.native_blk_mem_gen/valid.cstr/ramloop[0].ram.r/v4_noinit.ram/SDP.SINGLE_PRIM.SDP (RAM)
  Data Path Delay:      6.168ns (Levels of Logic = 4)
  Clock Path Skew:      -1.384ns (3.418 - 4.802)
  Source Clock:         strip_imp/strip_mclk<0> falling
  Destination Clock:    STRIP_MCLKA rising
  Clock Uncertainty:    0.060ns

  Clock Uncertainty:          0.060ns  ((TSJ^2 + TIJ^2)^1/2 + DJ) / 2 + PE
    Total System Jitter (TSJ):  0.000ns
    Total Input Jitter (TIJ):   0.000ns
    Discrete Jitter (DJ):       0.120ns
    Phase Error (PE):           0.000ns

  Maximum Data Path: strip_imp/G[0].chipserdes0_imp/DATA_VALID to strip_imp/G[0].trigbuf_imp/U0/xst_blk_mem_generator/gnativebmg.native_blk_mem_gen/valid.cstr/ramloop[0].ram.r/v4_noinit.ram/SDP.SINGLE_PRIM.SDP
    Location             Delay type         Delay(ns)  Physical Resource
                                                       Logical Resource(s)
    -------------------------------------------------  -------------------
    SLICE_X53Y101.YQ     Tcko                  0.286   strip_imp/STRIP_DATA_ACK<0><1>
                                                       strip_imp/G[0].chipserdes0_imp/DATA_VALID
    SLICE_X49Y85.G4      net (fanout=32)       1.773   strip_imp/STRIP_DATA_ACK<0><1>
    SLICE_X49Y85.Y       Tilo                  0.194   strip_imp/STRIP_SPY_DATA<0><26>
                                                       strip_imp/G[0].strip_fifo_imp/BUFFERED_DATA<0>111
    SLICE_X49Y85.F4      net (fanout=2)        0.165   strip_imp/G[0].strip_fifo_imp/N5
    SLICE_X49Y85.X       Tilo                  0.194   strip_imp/STRIP_SPY_DATA<0><26>
                                                       strip_imp/G[0].strip_fifo_imp/BUFFERED_DATA<0>11
    SLICE_X50Y104.G1     net (fanout=28)       1.569   strip_imp/STRIP_DATA_ACK<0><5>
    SLICE_X50Y104.Y      Tilo                  0.195   strip_imp/G[0].strip_fifo_imp/TRIGGERED_DATA<7>
                                                       strip_imp/G[0].strip_fifo_imp/BUFFERED_DATA<7>15
    SLICE_X50Y104.F2     net (fanout=1)        0.593   strip_imp/G[0].strip_fifo_imp/BUFFERED_DATA<7>15/O
    SLICE_X50Y104.X      Tilo                  0.195   strip_imp/G[0].strip_fifo_imp/TRIGGERED_DATA<7>
                                                       strip_imp/G[0].strip_fifo_imp/BUFFERED_DATA<7>16
    RAMB16_X2Y13.ADDRB8  net (fanout=1)        0.578   strip_imp/TRIG_ADDR<0><3>
    RAMB16_X2Y13.CLKB    Trcck_ADDRB           0.426   strip_imp/G[0].trigbuf_imp/U0/xst_blk_mem_generator/gnativebmg.native_blk_mem_gen/valid.cstr/ramloop[0].ram.r/v4_noinit.ram/SDP.SINGLE_PRIM.SDP
                                                       strip_imp/G[0].trigbuf_imp/U0/xst_blk_mem_generator/gnativebmg.native_blk_mem_gen/valid.cstr/ramloop[0].ram.r/v4_noinit.ram/SDP.SINGLE_PRIM.SDP
    -------------------------------------------------  ---------------------------
    Total                                      6.168ns (1.490ns logic, 4.678ns route)
                                                       (24.2% logic, 75.8% route)

--------------------------------------------------------------------------------
Delay (setup path):     6.880ns (data path - clock path skew + uncertainty)
  Source:               strip_imp/G[0].chipserdes2_imp/DATA_VALID (FF)
  Destination:          strip_imp/G[0].trigbuf_imp/U0/xst_blk_mem_generator/gnativebmg.native_blk_mem_gen/valid.cstr/ramloop[0].ram.r/v4_noinit.ram/SDP.SINGLE_PRIM.SDP (RAM)
  Data Path Delay:      5.446ns (Levels of Logic = 4)
  Clock Path Skew:      -1.374ns (3.418 - 4.792)
  Source Clock:         strip_imp/strip_mclk<0> falling
  Destination Clock:    STRIP_MCLKA rising
  Clock Uncertainty:    0.060ns

  Clock Uncertainty:          0.060ns  ((TSJ^2 + TIJ^2)^1/2 + DJ) / 2 + PE
    Total System Jitter (TSJ):  0.000ns
    Total Input Jitter (TIJ):   0.000ns
    Discrete Jitter (DJ):       0.120ns
    Phase Error (PE):           0.000ns

  Maximum Data Path: strip_imp/G[0].chipserdes2_imp/DATA_VALID to strip_imp/G[0].trigbuf_imp/U0/xst_blk_mem_generator/gnativebmg.native_blk_mem_gen/valid.cstr/ramloop[0].ram.r/v4_noinit.ram/SDP.SINGLE_PRIM.SDP
    Location             Delay type         Delay(ns)  Physical Resource
                                                       Logical Resource(s)
    -------------------------------------------------  -------------------
    SLICE_X50Y99.YQ      Tcko                  0.307   strip_imp/STRIP_DATA_VALID<0><3>
                                                       strip_imp/G[0].chipserdes2_imp/DATA_VALID
    SLICE_X49Y85.G2      net (fanout=30)       1.030   strip_imp/STRIP_DATA_VALID<0><3>
    SLICE_X49Y85.Y       Tilo                  0.194   strip_imp/STRIP_SPY_DATA<0><26>
                                                       strip_imp/G[0].strip_fifo_imp/BUFFERED_DATA<0>111
    SLICE_X49Y85.F4      net (fanout=2)        0.165   strip_imp/G[0].strip_fifo_imp/N5
    SLICE_X49Y85.X       Tilo                  0.194   strip_imp/STRIP_SPY_DATA<0><26>
                                                       strip_imp/G[0].strip_fifo_imp/BUFFERED_DATA<0>11
    SLICE_X50Y104.G1     net (fanout=28)       1.569   strip_imp/STRIP_DATA_ACK<0><5>
    SLICE_X50Y104.Y      Tilo                  0.195   strip_imp/G[0].strip_fifo_imp/TRIGGERED_DATA<7>
                                                       strip_imp/G[0].strip_fifo_imp/BUFFERED_DATA<7>15
    SLICE_X50Y104.F2     net (fanout=1)        0.593   strip_imp/G[0].strip_fifo_imp/BUFFERED_DATA<7>15/O
    SLICE_X50Y104.X      Tilo                  0.195   strip_imp/G[0].strip_fifo_imp/TRIGGERED_DATA<7>
                                                       strip_imp/G[0].strip_fifo_imp/BUFFERED_DATA<7>16
    RAMB16_X2Y13.ADDRB8  net (fanout=1)        0.578   strip_imp/TRIG_ADDR<0><3>
    RAMB16_X2Y13.CLKB    Trcck_ADDRB           0.426   strip_imp/G[0].trigbuf_imp/U0/xst_blk_mem_generator/gnativebmg.native_blk_mem_gen/valid.cstr/ramloop[0].ram.r/v4_noinit.ram/SDP.SINGLE_PRIM.SDP
                                                       strip_imp/G[0].trigbuf_imp/U0/xst_blk_mem_generator/gnativebmg.native_blk_mem_gen/valid.cstr/ramloop[0].ram.r/v4_noinit.ram/SDP.SINGLE_PRIM.SDP
    -------------------------------------------------  ---------------------------
    Total                                      5.446ns (1.511ns logic, 3.935ns route)
                                                       (27.7% logic, 72.3% route)

--------------------------------------------------------------------------------

Paths for end point strip_imp/G[0].trigbuf_imp/U0/xst_blk_mem_generator/gnativebmg.native_blk_mem_gen/valid.cstr/ramloop[0].ram.r/v4_noinit.ram/SDP.SINGLE_PRIM.SDP (RAMB16_X2Y13.ADDRB12), 17 paths
--------------------------------------------------------------------------------
Delay (setup path):     7.452ns (data path - clock path skew + uncertainty)
  Source:               strip_imp/G[0].chipserdes1_imp/DATA_VALID (FF)
  Destination:          strip_imp/G[0].trigbuf_imp/U0/xst_blk_mem_generator/gnativebmg.native_blk_mem_gen/valid.cstr/ramloop[0].ram.r/v4_noinit.ram/SDP.SINGLE_PRIM.SDP (RAM)
  Data Path Delay:      6.029ns (Levels of Logic = 4)
  Clock Path Skew:      -1.363ns (3.418 - 4.781)
  Source Clock:         strip_imp/strip_mclk<0> falling
  Destination Clock:    STRIP_MCLKA rising
  Clock Uncertainty:    0.060ns

  Clock Uncertainty:          0.060ns  ((TSJ^2 + TIJ^2)^1/2 + DJ) / 2 + PE
    Total System Jitter (TSJ):  0.000ns
    Total Input Jitter (TIJ):   0.000ns
    Discrete Jitter (DJ):       0.120ns
    Phase Error (PE):           0.000ns

  Maximum Data Path: strip_imp/G[0].chipserdes1_imp/DATA_VALID to strip_imp/G[0].trigbuf_imp/U0/xst_blk_mem_generator/gnativebmg.native_blk_mem_gen/valid.cstr/ramloop[0].ram.r/v4_noinit.ram/SDP.SINGLE_PRIM.SDP
    Location             Delay type         Delay(ns)  Physical Resource
                                                       Logical Resource(s)
    -------------------------------------------------  -------------------
    SLICE_X50Y106.XQ     Tcko                  0.307   strip_imp/STRIP_DATA_VALID<0><2>
                                                       strip_imp/G[0].chipserdes1_imp/DATA_VALID
    SLICE_X49Y85.G1      net (fanout=31)       1.985   strip_imp/STRIP_DATA_VALID<0><2>
    SLICE_X49Y85.Y       Tilo                  0.194   strip_imp/STRIP_SPY_DATA<0><26>
                                                       strip_imp/G[0].strip_fifo_imp/BUFFERED_DATA<0>111
    SLICE_X49Y85.F4      net (fanout=2)        0.165   strip_imp/G[0].strip_fifo_imp/N5
    SLICE_X49Y85.X       Tilo                  0.194   strip_imp/STRIP_SPY_DATA<0><26>
                                                       strip_imp/G[0].strip_fifo_imp/BUFFERED_DATA<0>11
    SLICE_X53Y106.G2     net (fanout=28)       1.426   strip_imp/STRIP_DATA_ACK<0><5>
    SLICE_X53Y106.Y      Tilo                  0.194   strip_imp/G[0].strip_fifo_imp/TRIGGERED_DATA<11>
                                                       strip_imp/G[0].strip_fifo_imp/BUFFERED_DATA<11>15
    SLICE_X53Y106.F4     net (fanout=1)        0.338   strip_imp/G[0].strip_fifo_imp/BUFFERED_DATA<11>15/O
    SLICE_X53Y106.X      Tilo                  0.194   strip_imp/G[0].strip_fifo_imp/TRIGGERED_DATA<11>
                                                       strip_imp/G[0].strip_fifo_imp/BUFFERED_DATA<11>16
    RAMB16_X2Y13.ADDRB12 net (fanout=1)        0.606   strip_imp/TRIG_ADDR<0><7>
    RAMB16_X2Y13.CLKB    Trcck_ADDRB           0.426   strip_imp/G[0].trigbuf_imp/U0/xst_blk_mem_generator/gnativebmg.native_blk_mem_gen/valid.cstr/ramloop[0].ram.r/v4_noinit.ram/SDP.SINGLE_PRIM.SDP
                                                       strip_imp/G[0].trigbuf_imp/U0/xst_blk_mem_generator/gnativebmg.native_blk_mem_gen/valid.cstr/ramloop[0].ram.r/v4_noinit.ram/SDP.SINGLE_PRIM.SDP
    -------------------------------------------------  ---------------------------
    Total                                      6.029ns (1.509ns logic, 4.520ns route)
                                                       (25.0% logic, 75.0% route)

--------------------------------------------------------------------------------
Delay (setup path):     7.240ns (data path - clock path skew + uncertainty)
  Source:               strip_imp/G[0].chipserdes0_imp/DATA_VALID (FF)
  Destination:          strip_imp/G[0].trigbuf_imp/U0/xst_blk_mem_generator/gnativebmg.native_blk_mem_gen/valid.cstr/ramloop[0].ram.r/v4_noinit.ram/SDP.SINGLE_PRIM.SDP (RAM)
  Data Path Delay:      5.796ns (Levels of Logic = 4)
  Clock Path Skew:      -1.384ns (3.418 - 4.802)
  Source Clock:         strip_imp/strip_mclk<0> falling
  Destination Clock:    STRIP_MCLKA rising
  Clock Uncertainty:    0.060ns

  Clock Uncertainty:          0.060ns  ((TSJ^2 + TIJ^2)^1/2 + DJ) / 2 + PE
    Total System Jitter (TSJ):  0.000ns
    Total Input Jitter (TIJ):   0.000ns
    Discrete Jitter (DJ):       0.120ns
    Phase Error (PE):           0.000ns

  Maximum Data Path: strip_imp/G[0].chipserdes0_imp/DATA_VALID to strip_imp/G[0].trigbuf_imp/U0/xst_blk_mem_generator/gnativebmg.native_blk_mem_gen/valid.cstr/ramloop[0].ram.r/v4_noinit.ram/SDP.SINGLE_PRIM.SDP
    Location             Delay type         Delay(ns)  Physical Resource
                                                       Logical Resource(s)
    -------------------------------------------------  -------------------
    SLICE_X53Y101.YQ     Tcko                  0.286   strip_imp/STRIP_DATA_ACK<0><1>
                                                       strip_imp/G[0].chipserdes0_imp/DATA_VALID
    SLICE_X49Y85.G4      net (fanout=32)       1.773   strip_imp/STRIP_DATA_ACK<0><1>
    SLICE_X49Y85.Y       Tilo                  0.194   strip_imp/STRIP_SPY_DATA<0><26>
                                                       strip_imp/G[0].strip_fifo_imp/BUFFERED_DATA<0>111
    SLICE_X49Y85.F4      net (fanout=2)        0.165   strip_imp/G[0].strip_fifo_imp/N5
    SLICE_X49Y85.X       Tilo                  0.194   strip_imp/STRIP_SPY_DATA<0><26>
                                                       strip_imp/G[0].strip_fifo_imp/BUFFERED_DATA<0>11
    SLICE_X53Y106.G2     net (fanout=28)       1.426   strip_imp/STRIP_DATA_ACK<0><5>
    SLICE_X53Y106.Y      Tilo                  0.194   strip_imp/G[0].strip_fifo_imp/TRIGGERED_DATA<11>
                                                       strip_imp/G[0].strip_fifo_imp/BUFFERED_DATA<11>15
    SLICE_X53Y106.F4     net (fanout=1)        0.338   strip_imp/G[0].strip_fifo_imp/BUFFERED_DATA<11>15/O
    SLICE_X53Y106.X      Tilo                  0.194   strip_imp/G[0].strip_fifo_imp/TRIGGERED_DATA<11>
                                                       strip_imp/G[0].strip_fifo_imp/BUFFERED_DATA<11>16
    RAMB16_X2Y13.ADDRB12 net (fanout=1)        0.606   strip_imp/TRIG_ADDR<0><7>
    RAMB16_X2Y13.CLKB    Trcck_ADDRB           0.426   strip_imp/G[0].trigbuf_imp/U0/xst_blk_mem_generator/gnativebmg.native_blk_mem_gen/valid.cstr/ramloop[0].ram.r/v4_noinit.ram/SDP.SINGLE_PRIM.SDP
                                                       strip_imp/G[0].trigbuf_imp/U0/xst_blk_mem_generator/gnativebmg.native_blk_mem_gen/valid.cstr/ramloop[0].ram.r/v4_noinit.ram/SDP.SINGLE_PRIM.SDP
    -------------------------------------------------  ---------------------------
    Total                                      5.796ns (1.488ns logic, 4.308ns route)
                                                       (25.7% logic, 74.3% route)

--------------------------------------------------------------------------------
Delay (setup path):     6.508ns (data path - clock path skew + uncertainty)
  Source:               strip_imp/G[0].chipserdes2_imp/DATA_VALID (FF)
  Destination:          strip_imp/G[0].trigbuf_imp/U0/xst_blk_mem_generator/gnativebmg.native_blk_mem_gen/valid.cstr/ramloop[0].ram.r/v4_noinit.ram/SDP.SINGLE_PRIM.SDP (RAM)
  Data Path Delay:      5.074ns (Levels of Logic = 4)
  Clock Path Skew:      -1.374ns (3.418 - 4.792)
  Source Clock:         strip_imp/strip_mclk<0> falling
  Destination Clock:    STRIP_MCLKA rising
  Clock Uncertainty:    0.060ns

  Clock Uncertainty:          0.060ns  ((TSJ^2 + TIJ^2)^1/2 + DJ) / 2 + PE
    Total System Jitter (TSJ):  0.000ns
    Total Input Jitter (TIJ):   0.000ns
    Discrete Jitter (DJ):       0.120ns
    Phase Error (PE):           0.000ns

  Maximum Data Path: strip_imp/G[0].chipserdes2_imp/DATA_VALID to strip_imp/G[0].trigbuf_imp/U0/xst_blk_mem_generator/gnativebmg.native_blk_mem_gen/valid.cstr/ramloop[0].ram.r/v4_noinit.ram/SDP.SINGLE_PRIM.SDP
    Location             Delay type         Delay(ns)  Physical Resource
                                                       Logical Resource(s)
    -------------------------------------------------  -------------------
    SLICE_X50Y99.YQ      Tcko                  0.307   strip_imp/STRIP_DATA_VALID<0><3>
                                                       strip_imp/G[0].chipserdes2_imp/DATA_VALID
    SLICE_X49Y85.G2      net (fanout=30)       1.030   strip_imp/STRIP_DATA_VALID<0><3>
    SLICE_X49Y85.Y       Tilo                  0.194   strip_imp/STRIP_SPY_DATA<0><26>
                                                       strip_imp/G[0].strip_fifo_imp/BUFFERED_DATA<0>111
    SLICE_X49Y85.F4      net (fanout=2)        0.165   strip_imp/G[0].strip_fifo_imp/N5
    SLICE_X49Y85.X       Tilo                  0.194   strip_imp/STRIP_SPY_DATA<0><26>
                                                       strip_imp/G[0].strip_fifo_imp/BUFFERED_DATA<0>11
    SLICE_X53Y106.G2     net (fanout=28)       1.426   strip_imp/STRIP_DATA_ACK<0><5>
    SLICE_X53Y106.Y      Tilo                  0.194   strip_imp/G[0].strip_fifo_imp/TRIGGERED_DATA<11>
                                                       strip_imp/G[0].strip_fifo_imp/BUFFERED_DATA<11>15
    SLICE_X53Y106.F4     net (fanout=1)        0.338   strip_imp/G[0].strip_fifo_imp/BUFFERED_DATA<11>15/O
    SLICE_X53Y106.X      Tilo                  0.194   strip_imp/G[0].strip_fifo_imp/TRIGGERED_DATA<11>
                                                       strip_imp/G[0].strip_fifo_imp/BUFFERED_DATA<11>16
    RAMB16_X2Y13.ADDRB12 net (fanout=1)        0.606   strip_imp/TRIG_ADDR<0><7>
    RAMB16_X2Y13.CLKB    Trcck_ADDRB           0.426   strip_imp/G[0].trigbuf_imp/U0/xst_blk_mem_generator/gnativebmg.native_blk_mem_gen/valid.cstr/ramloop[0].ram.r/v4_noinit.ram/SDP.SINGLE_PRIM.SDP
                                                       strip_imp/G[0].trigbuf_imp/U0/xst_blk_mem_generator/gnativebmg.native_blk_mem_gen/valid.cstr/ramloop[0].ram.r/v4_noinit.ram/SDP.SINGLE_PRIM.SDP
    -------------------------------------------------  ---------------------------
    Total                                      5.074ns (1.509ns logic, 3.565ns route)
                                                       (29.7% logic, 70.3% route)

--------------------------------------------------------------------------------

Hold Paths: PATH "TS_MCLK_TO_MCLKA_path" TIG;
--------------------------------------------------------------------------------

Paths for end point strip_imp/G[0].strip_fifo_imp/TRIGGERED_DATA_21 (SLICE_X48Y116.F4), 1 path
--------------------------------------------------------------------------------
Delay (hold path):      1.794ns (datapath - clock path skew - uncertainty)
  Source:               strip_imp/G[0].chipserdes3_imp/DOUT_21 (FF)
  Destination:          strip_imp/G[0].strip_fifo_imp/TRIGGERED_DATA_21 (FF)
  Data Path Delay:      0.483ns (Levels of Logic = 1)
  Clock Path Skew:      -1.311ns (3.443 - 4.754)
  Source Clock:         strip_imp/strip_mclk<0> falling
  Destination Clock:    STRIP_MCLKA falling
  Clock Uncertainty:    0.000ns

  Minimum Data Path: strip_imp/G[0].chipserdes3_imp/DOUT_21 to strip_imp/G[0].strip_fifo_imp/TRIGGERED_DATA_21
    Location             Delay type         Delay(ns)  Physical Resource
                                                       Logical Resource(s)
    -------------------------------------------------  -------------------
    SLICE_X49Y116.YQ     Tcko                  0.263   strip_imp/STRIP_DATA_ARRAY<0><4><21>
                                                       strip_imp/G[0].chipserdes3_imp/DOUT_21
    SLICE_X48Y116.F4     net (fanout=1)        0.308   strip_imp/STRIP_DATA_ARRAY<0><4><21>
    SLICE_X48Y116.CLK    Tckf        (-Th)     0.088   strip_imp/G[0].strip_fifo_imp/TRIGGERED_DATA<21>
                                                       strip_imp/G[0].strip_fifo_imp/BUFFERED_DATA<21>15
                                                       strip_imp/G[0].strip_fifo_imp/TRIGGERED_DATA_21
    -------------------------------------------------  ---------------------------
    Total                                      0.483ns (0.175ns logic, 0.308ns route)
                                                       (36.2% logic, 63.8% route)

--------------------------------------------------------------------------------

Paths for end point strip_imp/G[0].strip_fifo_imp/TRIGGERED_DATA_22 (SLICE_X48Y108.G4), 1 path
--------------------------------------------------------------------------------
Delay (hold path):      1.805ns (datapath - clock path skew - uncertainty)
  Source:               strip_imp/G[0].chipserdes4_imp/DOUT_22 (FF)
  Destination:          strip_imp/G[0].strip_fifo_imp/TRIGGERED_DATA_22 (FF)
  Data Path Delay:      0.493ns (Levels of Logic = 1)
  Clock Path Skew:      -1.312ns (3.440 - 4.752)
  Source Clock:         strip_imp/strip_mclk<0> falling
  Destination Clock:    STRIP_MCLKA falling
  Clock Uncertainty:    0.000ns

  Minimum Data Path: strip_imp/G[0].chipserdes4_imp/DOUT_22 to strip_imp/G[0].strip_fifo_imp/TRIGGERED_DATA_22
    Location             Delay type         Delay(ns)  Physical Resource
                                                       Logical Resource(s)
    -------------------------------------------------  -------------------
    SLICE_X49Y109.YQ     Tcko                  0.263   strip_imp/STRIP_DATA_ARRAY<0><5><3>
                                                       strip_imp/G[0].chipserdes4_imp/DOUT_22
    SLICE_X48Y108.G4     net (fanout=1)        0.320   strip_imp/STRIP_DATA_ARRAY<0><5><22>
    SLICE_X48Y108.CLK    Tckg        (-Th)     0.090   strip_imp/G[0].strip_fifo_imp/TRIGGERED_DATA<22>
                                                       strip_imp/G[0].strip_fifo_imp/BUFFERED_DATA<22>15
                                                       strip_imp/G[0].strip_fifo_imp/TRIGGERED_DATA_22
    -------------------------------------------------  ---------------------------
    Total                                      0.493ns (0.173ns logic, 0.320ns route)
                                                       (35.1% logic, 64.9% route)

--------------------------------------------------------------------------------

Paths for end point strip_imp/G[0].strip_fifo_imp/TRIGGERED_DATA_20 (SLICE_X45Y108.G4), 1 path
--------------------------------------------------------------------------------
Delay (hold path):      1.825ns (datapath - clock path skew - uncertainty)
  Source:               strip_imp/G[0].chipserdes3_imp/DOUT_20 (FF)
  Destination:          strip_imp/G[0].strip_fifo_imp/TRIGGERED_DATA_20 (FF)
  Data Path Delay:      0.519ns (Levels of Logic = 1)
  Clock Path Skew:      -1.306ns (3.400 - 4.706)
  Source Clock:         strip_imp/strip_mclk<0> falling
  Destination Clock:    STRIP_MCLKA falling
  Clock Uncertainty:    0.000ns

  Minimum Data Path: strip_imp/G[0].chipserdes3_imp/DOUT_20 to strip_imp/G[0].strip_fifo_imp/TRIGGERED_DATA_20
    Location             Delay type         Delay(ns)  Physical Resource
                                                       Logical Resource(s)
    -------------------------------------------------  -------------------
    SLICE_X44Y108.YQ     Tcko                  0.282   strip_imp/STRIP_DATA_ARRAY<0><4><20>
                                                       strip_imp/G[0].chipserdes3_imp/DOUT_20
    SLICE_X45Y108.G4     net (fanout=1)        0.308   strip_imp/STRIP_DATA_ARRAY<0><4><20>
    SLICE_X45Y108.CLK    Tckg        (-Th)     0.071   strip_imp/STRIP_SPY_DATA<0><20>
                                                       strip_imp/G[0].strip_fifo_imp/BUFFERED_DATA<20>15
                                                       strip_imp/G[0].strip_fifo_imp/TRIGGERED_DATA_20
    -------------------------------------------------  ---------------------------
    Total                                      0.519ns (0.211ns logic, 0.308ns route)
                                                       (40.7% logic, 59.3% route)

--------------------------------------------------------------------------------

================================================================================
Timing constraint: PATH "TS_MCLK_TO_MCLKB_path" TIG;

 35 paths analyzed, 25 endpoints analyzed, 0 failing endpoints
 0 timing errors detected. (0 setup errors, 0 hold errors)
--------------------------------------------------------------------------------

Paths for end point strip_imp/G[0].chipserdes4_imp/ACKED (SLICE_X52Y104.CE), 5 paths
--------------------------------------------------------------------------------
Delay (setup path):     4.962ns (data path - clock path skew + uncertainty)
  Source:               strip_imp/G[0].chipserdes1_imp/DATA_VALID (FF)
  Destination:          strip_imp/G[0].chipserdes4_imp/ACKED (FF)
  Data Path Delay:      4.762ns (Levels of Logic = 2)
  Clock Path Skew:      0.000ns
  Source Clock:         strip_imp/strip_mclk<0> falling
  Destination Clock:    strip_imp/strip_mclk<0> rising
  Clock Uncertainty:    0.200ns

  Clock Uncertainty:          0.200ns  ((TSJ^2 + TIJ^2)^1/2 + DJ) / 2 + PE
    Total System Jitter (TSJ):  0.000ns
    Total Input Jitter (TIJ):   0.000ns
    Discrete Jitter (DJ):       0.120ns
    Phase Error (PE):           0.140ns

  Maximum Data Path: strip_imp/G[0].chipserdes1_imp/DATA_VALID to strip_imp/G[0].chipserdes4_imp/ACKED
    Location             Delay type         Delay(ns)  Physical Resource
                                                       Logical Resource(s)
    -------------------------------------------------  -------------------
    SLICE_X50Y106.XQ     Tcko                  0.307   strip_imp/STRIP_DATA_VALID<0><2>
                                                       strip_imp/G[0].chipserdes1_imp/DATA_VALID
    SLICE_X49Y85.G1      net (fanout=31)       1.985   strip_imp/STRIP_DATA_VALID<0><2>
    SLICE_X49Y85.Y       Tilo                  0.194   strip_imp/STRIP_SPY_DATA<0><26>
                                                       strip_imp/G[0].strip_fifo_imp/BUFFERED_DATA<0>111
    SLICE_X49Y85.F4      net (fanout=2)        0.165   strip_imp/G[0].strip_fifo_imp/N5
    SLICE_X49Y85.X       Tilo                  0.194   strip_imp/STRIP_SPY_DATA<0><26>
                                                       strip_imp/G[0].strip_fifo_imp/BUFFERED_DATA<0>11
    SLICE_X52Y104.CE     net (fanout=28)       1.363   strip_imp/STRIP_DATA_ACK<0><5>
    SLICE_X52Y104.CLK    Tceck                 0.554   strip_imp/G[0].chipserdes4_imp/ACKED
                                                       strip_imp/G[0].chipserdes4_imp/ACKED
    -------------------------------------------------  ---------------------------
    Total                                      4.762ns (1.249ns logic, 3.513ns route)
                                                       (26.2% logic, 73.8% route)

--------------------------------------------------------------------------------
Delay (setup path):     4.736ns (data path - clock path skew + uncertainty)
  Source:               strip_imp/G[0].chipserdes0_imp/DATA_VALID (FF)
  Destination:          strip_imp/G[0].chipserdes4_imp/ACKED (FF)
  Data Path Delay:      4.529ns (Levels of Logic = 2)
  Clock Path Skew:      -0.007ns (0.130 - 0.137)
  Source Clock:         strip_imp/strip_mclk<0> falling
  Destination Clock:    strip_imp/strip_mclk<0> rising
  Clock Uncertainty:    0.200ns

  Clock Uncertainty:          0.200ns  ((TSJ^2 + TIJ^2)^1/2 + DJ) / 2 + PE
    Total System Jitter (TSJ):  0.000ns
    Total Input Jitter (TIJ):   0.000ns
    Discrete Jitter (DJ):       0.120ns
    Phase Error (PE):           0.140ns

  Maximum Data Path: strip_imp/G[0].chipserdes0_imp/DATA_VALID to strip_imp/G[0].chipserdes4_imp/ACKED
    Location             Delay type         Delay(ns)  Physical Resource
                                                       Logical Resource(s)
    -------------------------------------------------  -------------------
    SLICE_X53Y101.YQ     Tcko                  0.286   strip_imp/STRIP_DATA_ACK<0><1>
                                                       strip_imp/G[0].chipserdes0_imp/DATA_VALID
    SLICE_X49Y85.G4      net (fanout=32)       1.773   strip_imp/STRIP_DATA_ACK<0><1>
    SLICE_X49Y85.Y       Tilo                  0.194   strip_imp/STRIP_SPY_DATA<0><26>
                                                       strip_imp/G[0].strip_fifo_imp/BUFFERED_DATA<0>111
    SLICE_X49Y85.F4      net (fanout=2)        0.165   strip_imp/G[0].strip_fifo_imp/N5
    SLICE_X49Y85.X       Tilo                  0.194   strip_imp/STRIP_SPY_DATA<0><26>
                                                       strip_imp/G[0].strip_fifo_imp/BUFFERED_DATA<0>11
    SLICE_X52Y104.CE     net (fanout=28)       1.363   strip_imp/STRIP_DATA_ACK<0><5>
    SLICE_X52Y104.CLK    Tceck                 0.554   strip_imp/G[0].chipserdes4_imp/ACKED
                                                       strip_imp/G[0].chipserdes4_imp/ACKED
    -------------------------------------------------  ---------------------------
    Total                                      4.529ns (1.228ns logic, 3.301ns route)
                                                       (27.1% logic, 72.9% route)

--------------------------------------------------------------------------------
Delay (setup path):     4.007ns (data path - clock path skew + uncertainty)
  Source:               strip_imp/G[0].chipserdes2_imp/DATA_VALID (FF)
  Destination:          strip_imp/G[0].chipserdes4_imp/ACKED (FF)
  Data Path Delay:      3.807ns (Levels of Logic = 2)
  Clock Path Skew:      0.000ns
  Source Clock:         strip_imp/strip_mclk<0> falling
  Destination Clock:    strip_imp/strip_mclk<0> rising
  Clock Uncertainty:    0.200ns

  Clock Uncertainty:          0.200ns  ((TSJ^2 + TIJ^2)^1/2 + DJ) / 2 + PE
    Total System Jitter (TSJ):  0.000ns
    Total Input Jitter (TIJ):   0.000ns
    Discrete Jitter (DJ):       0.120ns
    Phase Error (PE):           0.140ns

  Maximum Data Path: strip_imp/G[0].chipserdes2_imp/DATA_VALID to strip_imp/G[0].chipserdes4_imp/ACKED
    Location             Delay type         Delay(ns)  Physical Resource
                                                       Logical Resource(s)
    -------------------------------------------------  -------------------
    SLICE_X50Y99.YQ      Tcko                  0.307   strip_imp/STRIP_DATA_VALID<0><3>
                                                       strip_imp/G[0].chipserdes2_imp/DATA_VALID
    SLICE_X49Y85.G2      net (fanout=30)       1.030   strip_imp/STRIP_DATA_VALID<0><3>
    SLICE_X49Y85.Y       Tilo                  0.194   strip_imp/STRIP_SPY_DATA<0><26>
                                                       strip_imp/G[0].strip_fifo_imp/BUFFERED_DATA<0>111
    SLICE_X49Y85.F4      net (fanout=2)        0.165   strip_imp/G[0].strip_fifo_imp/N5
    SLICE_X49Y85.X       Tilo                  0.194   strip_imp/STRIP_SPY_DATA<0><26>
                                                       strip_imp/G[0].strip_fifo_imp/BUFFERED_DATA<0>11
    SLICE_X52Y104.CE     net (fanout=28)       1.363   strip_imp/STRIP_DATA_ACK<0><5>
    SLICE_X52Y104.CLK    Tceck                 0.554   strip_imp/G[0].chipserdes4_imp/ACKED
                                                       strip_imp/G[0].chipserdes4_imp/ACKED
    -------------------------------------------------  ---------------------------
    Total                                      3.807ns (1.249ns logic, 2.558ns route)
                                                       (32.8% logic, 67.2% route)

--------------------------------------------------------------------------------

Paths for end point strip_imp/G[0].chipserdes1_imp/ACKED (SLICE_X47Y109.CE), 2 paths
--------------------------------------------------------------------------------
Delay (setup path):     3.805ns (data path - clock path skew + uncertainty)
  Source:               strip_imp/G[0].chipserdes1_imp/DATA_VALID (FF)
  Destination:          strip_imp/G[0].chipserdes1_imp/ACKED (FF)
  Data Path Delay:      3.552ns (Levels of Logic = 1)
  Clock Path Skew:      -0.053ns (0.933 - 0.986)
  Source Clock:         strip_imp/strip_mclk<0> falling
  Destination Clock:    strip_imp/strip_mclk<0> rising
  Clock Uncertainty:    0.200ns

  Clock Uncertainty:          0.200ns  ((TSJ^2 + TIJ^2)^1/2 + DJ) / 2 + PE
    Total System Jitter (TSJ):  0.000ns
    Total Input Jitter (TIJ):   0.000ns
    Discrete Jitter (DJ):       0.120ns
    Phase Error (PE):           0.140ns

  Maximum Data Path: strip_imp/G[0].chipserdes1_imp/DATA_VALID to strip_imp/G[0].chipserdes1_imp/ACKED
    Location             Delay type         Delay(ns)  Physical Resource
                                                       Logical Resource(s)
    -------------------------------------------------  -------------------
    SLICE_X50Y106.XQ     Tcko                  0.307   strip_imp/STRIP_DATA_VALID<0><2>
                                                       strip_imp/G[0].chipserdes1_imp/DATA_VALID
    SLICE_X44Y94.G1      net (fanout=31)       1.650   strip_imp/STRIP_DATA_VALID<0><2>
    SLICE_X44Y94.Y       Tilo                  0.195   strip_imp/STRIP_SPY_DATA<0><25>
                                                       strip_imp/G[0].strip_fifo_imp/BUFFERED_DATA<0>42
    SLICE_X47Y109.CE     net (fanout=1)        0.847   strip_imp/STRIP_DATA_ACK<0><2>
    SLICE_X47Y109.CLK    Tceck                 0.553   strip_imp/G[0].chipserdes1_imp/ACKED
                                                       strip_imp/G[0].chipserdes1_imp/ACKED
    -------------------------------------------------  ---------------------------
    Total                                      3.552ns (1.055ns logic, 2.497ns route)
                                                       (29.7% logic, 70.3% route)

--------------------------------------------------------------------------------
Delay (setup path):     3.431ns (data path - clock path skew + uncertainty)
  Source:               strip_imp/G[0].chipserdes0_imp/DATA_VALID (FF)
  Destination:          strip_imp/G[0].chipserdes1_imp/ACKED (FF)
  Data Path Delay:      3.157ns (Levels of Logic = 1)
  Clock Path Skew:      -0.074ns (0.933 - 1.007)
  Source Clock:         strip_imp/strip_mclk<0> falling
  Destination Clock:    strip_imp/strip_mclk<0> rising
  Clock Uncertainty:    0.200ns

  Clock Uncertainty:          0.200ns  ((TSJ^2 + TIJ^2)^1/2 + DJ) / 2 + PE
    Total System Jitter (TSJ):  0.000ns
    Total Input Jitter (TIJ):   0.000ns
    Discrete Jitter (DJ):       0.120ns
    Phase Error (PE):           0.140ns

  Maximum Data Path: strip_imp/G[0].chipserdes0_imp/DATA_VALID to strip_imp/G[0].chipserdes1_imp/ACKED
    Location             Delay type         Delay(ns)  Physical Resource
                                                       Logical Resource(s)
    -------------------------------------------------  -------------------
    SLICE_X53Y101.YQ     Tcko                  0.286   strip_imp/STRIP_DATA_ACK<0><1>
                                                       strip_imp/G[0].chipserdes0_imp/DATA_VALID
    SLICE_X44Y94.G2      net (fanout=32)       1.276   strip_imp/STRIP_DATA_ACK<0><1>
    SLICE_X44Y94.Y       Tilo                  0.195   strip_imp/STRIP_SPY_DATA<0><25>
                                                       strip_imp/G[0].strip_fifo_imp/BUFFERED_DATA<0>42
    SLICE_X47Y109.CE     net (fanout=1)        0.847   strip_imp/STRIP_DATA_ACK<0><2>
    SLICE_X47Y109.CLK    Tceck                 0.553   strip_imp/G[0].chipserdes1_imp/ACKED
                                                       strip_imp/G[0].chipserdes1_imp/ACKED
    -------------------------------------------------  ---------------------------
    Total                                      3.157ns (1.034ns logic, 2.123ns route)
                                                       (32.8% logic, 67.2% route)

--------------------------------------------------------------------------------

Paths for end point strip_imp/G[0].chipserdes4_imp/DATA_VALID (SLICE_X52Y105.CE), 1 path
--------------------------------------------------------------------------------
Delay (setup path):     3.550ns (data path - clock path skew + uncertainty)
  Source:               strip_imp/G[0].chipserdes4_imp/ACKED (FF)
  Destination:          strip_imp/G[0].chipserdes4_imp/DATA_VALID (FF)
  Data Path Delay:      3.350ns (Levels of Logic = 1)
  Clock Path Skew:      0.000ns
  Source Clock:         strip_imp/strip_mclk<0> rising
  Destination Clock:    strip_imp/strip_mclk<0> falling
  Clock Uncertainty:    0.200ns

  Clock Uncertainty:          0.200ns  ((TSJ^2 + TIJ^2)^1/2 + DJ) / 2 + PE
    Total System Jitter (TSJ):  0.000ns
    Total Input Jitter (TIJ):   0.000ns
    Discrete Jitter (DJ):       0.120ns
    Phase Error (PE):           0.140ns

  Maximum Data Path: strip_imp/G[0].chipserdes4_imp/ACKED to strip_imp/G[0].chipserdes4_imp/DATA_VALID
    Location             Delay type         Delay(ns)  Physical Resource
                                                       Logical Resource(s)
    -------------------------------------------------  -------------------
    SLICE_X52Y104.YQ     Tcko                  0.360   strip_imp/G[0].chipserdes4_imp/ACKED
                                                       strip_imp/G[0].chipserdes4_imp/ACKED
    SLICE_X53Y88.G4      net (fanout=3)        0.771   strip_imp/G[0].chipserdes4_imp/ACKED
    SLICE_X53Y88.XMUX    Tif5x                 0.574   strip_imp/G[0].chipserdes4_imp/DATA_VALID_not0001
                                                       strip_imp/G[0].chipserdes4_imp/DATA_VALID_not000111
                                                       strip_imp/G[0].chipserdes4_imp/DATA_VALID_not00011_f5
    SLICE_X52Y105.CE     net (fanout=1)        1.042   strip_imp/G[0].chipserdes4_imp/DATA_VALID_not0001
    SLICE_X52Y105.CLK    Tceck                 0.603   strip_imp/STRIP_DATA_VALID<0><5>
                                                       strip_imp/G[0].chipserdes4_imp/DATA_VALID
    -------------------------------------------------  ---------------------------
    Total                                      3.350ns (1.537ns logic, 1.813ns route)
                                                       (45.9% logic, 54.1% route)

--------------------------------------------------------------------------------

Hold Paths: PATH "TS_MCLK_TO_MCLKB_path" TIG;
--------------------------------------------------------------------------------

Paths for end point strip_imp/G[0].chipserdes2_imp/DOUT_30 (SLICE_X46Y121.BY), 1 path
--------------------------------------------------------------------------------
Delay (hold path):      0.554ns (datapath - clock path skew - uncertainty)
  Source:               strip_imp/G[0].chipserdes2_imp/DATA_LOST (FF)
  Destination:          strip_imp/G[0].chipserdes2_imp/DOUT_30 (FF)
  Data Path Delay:      0.556ns (Levels of Logic = 0)
  Clock Path Skew:      0.002ns (0.129 - 0.127)
  Source Clock:         strip_imp/strip_mclk<0> falling
  Destination Clock:    strip_imp/strip_mclk<0> falling
  Clock Uncertainty:    0.000ns

  Minimum Data Path: strip_imp/G[0].chipserdes2_imp/DATA_LOST to strip_imp/G[0].chipserdes2_imp/DOUT_30
    Location             Delay type         Delay(ns)  Physical Resource
                                                       Logical Resource(s)
    -------------------------------------------------  -------------------
    SLICE_X47Y118.YQ     Tcko                  0.263   strip_imp/G[0].chipserdes2_imp/DATA_LOST
                                                       strip_imp/G[0].chipserdes2_imp/DATA_LOST
    SLICE_X46Y121.BY     net (fanout=1)        0.321   strip_imp/G[0].chipserdes2_imp/DATA_LOST
    SLICE_X46Y121.CLK    Tckdi       (-Th)     0.028   strip_imp/STRIP_DATA_ARRAY<0><3><30>
                                                       strip_imp/G[0].chipserdes2_imp/DOUT_30
    -------------------------------------------------  ---------------------------
    Total                                      0.556ns (0.235ns logic, 0.321ns route)
                                                       (42.3% logic, 57.7% route)

--------------------------------------------------------------------------------

Paths for end point strip_imp/G[0].chipserdes3_imp/DATA_VALID (SLICE_X48Y98.G2), 1 path
--------------------------------------------------------------------------------
Delay (hold path):      0.747ns (datapath - clock path skew - uncertainty)
  Source:               strip_imp/G[0].chipserdes3_imp/ACKED (FF)
  Destination:          strip_imp/G[0].chipserdes3_imp/DATA_VALID (FF)
  Data Path Delay:      0.749ns (Levels of Logic = 1)
  Clock Path Skew:      0.002ns (0.135 - 0.133)
  Source Clock:         strip_imp/strip_mclk<0> rising
  Destination Clock:    strip_imp/strip_mclk<0> falling
  Clock Uncertainty:    0.000ns

  Minimum Data Path: strip_imp/G[0].chipserdes3_imp/ACKED to strip_imp/G[0].chipserdes3_imp/DATA_VALID
    Location             Delay type         Delay(ns)  Physical Resource
                                                       Logical Resource(s)
    -------------------------------------------------  -------------------
    SLICE_X49Y101.YQ     Tcko                  0.313   strip_imp/G[0].chipserdes3_imp/ACKED
                                                       strip_imp/G[0].chipserdes3_imp/ACKED
    SLICE_X48Y98.G2      net (fanout=3)        0.526   strip_imp/G[0].chipserdes3_imp/ACKED
    SLICE_X48Y98.CLK     Tckg        (-Th)     0.090   strip_imp/STRIP_DATA_VALID<0><4>
                                                       strip_imp/G[0].chipserdes3_imp/DATA_VALID_mux00011
                                                       strip_imp/G[0].chipserdes3_imp/DATA_VALID
    -------------------------------------------------  ---------------------------
    Total                                      0.749ns (0.223ns logic, 0.526ns route)
                                                       (29.8% logic, 70.2% route)

--------------------------------------------------------------------------------

Paths for end point strip_imp/G[0].chipserdes4_imp/DATA_VALID (SLICE_X52Y105.G1), 1 path
--------------------------------------------------------------------------------
Delay (hold path):      0.768ns (datapath - clock path skew - uncertainty)
  Source:               strip_imp/G[0].chipserdes4_imp/ACKED (FF)
  Destination:          strip_imp/G[0].chipserdes4_imp/DATA_VALID (FF)
  Data Path Delay:      0.768ns (Levels of Logic = 1)
  Clock Path Skew:      0.000ns
  Source Clock:         strip_imp/strip_mclk<0> rising
  Destination Clock:    strip_imp/strip_mclk<0> falling
  Clock Uncertainty:    0.000ns

  Minimum Data Path: strip_imp/G[0].chipserdes4_imp/ACKED to strip_imp/G[0].chipserdes4_imp/DATA_VALID
    Location             Delay type         Delay(ns)  Physical Resource
                                                       Logical Resource(s)
    -------------------------------------------------  -------------------
    SLICE_X52Y104.YQ     Tcko                  0.331   strip_imp/G[0].chipserdes4_imp/ACKED
                                                       strip_imp/G[0].chipserdes4_imp/ACKED
    SLICE_X52Y105.G1     net (fanout=3)        0.527   strip_imp/G[0].chipserdes4_imp/ACKED
    SLICE_X52Y105.CLK    Tckg        (-Th)     0.090   strip_imp/STRIP_DATA_VALID<0><5>
                                                       strip_imp/G[0].chipserdes4_imp/DATA_VALID_mux00011
                                                       strip_imp/G[0].chipserdes4_imp/DATA_VALID
    -------------------------------------------------  ---------------------------
    Total                                      0.768ns (0.241ns logic, 0.527ns route)
                                                       (31.4% logic, 68.6% route)

--------------------------------------------------------------------------------


All constraints were met.


Data Sheet report:
-----------------
All values displayed in nanoseconds (ns)

Clock to Setup on destination clock CLK5MHZ_PAD
---------------+---------+---------+---------+---------+
               | Src:Rise| Src:Fall| Src:Rise| Src:Fall|
Source Clock   |Dest:Rise|Dest:Rise|Dest:Fall|Dest:Fall|
---------------+---------+---------+---------+---------+
CLK5MHZ_PAD    |         |    5.258|    5.656|    6.871|
---------------+---------+---------+---------+---------+

Clock to Setup on destination clock CLK15NS_PAD
---------------+---------+---------+---------+---------+
               | Src:Rise| Src:Fall| Src:Rise| Src:Fall|
Source Clock   |Dest:Rise|Dest:Rise|Dest:Fall|Dest:Fall|
---------------+---------+---------+---------+---------+
CLK15NS_PAD    |    5.529|    8.142|    3.550|    6.902|
EXT_CLK_PAD_N  |    4.612|         |         |         |
EXT_CLK_PAD_P  |    4.612|         |         |         |
---------------+---------+---------+---------+---------+

Clock to Setup on destination clock EXT_CLK_PAD_N
---------------+---------+---------+---------+---------+
               | Src:Rise| Src:Fall| Src:Rise| Src:Fall|
Source Clock   |Dest:Rise|Dest:Rise|Dest:Fall|Dest:Fall|
---------------+---------+---------+---------+---------+
CLK15NS_PAD    |    4.612|         |         |         |
EXT_CLK_PAD_N  |    5.681|    5.140|         |    3.634|
EXT_CLK_PAD_P  |    5.681|    5.140|         |    3.634|
---------------+---------+---------+---------+---------+

Clock to Setup on destination clock EXT_CLK_PAD_P
---------------+---------+---------+---------+---------+
               | Src:Rise| Src:Fall| Src:Rise| Src:Fall|
Source Clock   |Dest:Rise|Dest:Rise|Dest:Fall|Dest:Fall|
---------------+---------+---------+---------+---------+
CLK15NS_PAD    |    4.612|         |         |         |
EXT_CLK_PAD_N  |    5.681|    5.140|         |    3.634|
EXT_CLK_PAD_P  |    5.681|    5.140|         |    3.634|
---------------+---------+---------+---------+---------+

Clock to Setup on destination clock GMII_RXCLK_PAD
---------------+---------+---------+---------+---------+
               | Src:Rise| Src:Fall| Src:Rise| Src:Fall|
Source Clock   |Dest:Rise|Dest:Rise|Dest:Fall|Dest:Fall|
---------------+---------+---------+---------+---------+
GMII_RXCLK_PAD |    7.878|    3.006|         |         |
---------------+---------+---------+---------+---------+


Timing summary:
---------------

Timing errors: 0  Score: 0  (Setup/Max: 0, Hold: 0)

Constraints cover 238577 paths, 0 nets, and 38949 connections

Design statistics:
   Minimum period:  11.312ns{1}   (Maximum frequency:  88.402MHz)
   Maximum path delay from/to any node:   3.279ns


------------------------------------Footnotes-----------------------------------
1)  The minimum period statistic assumes all single cycle delays.

Analysis completed Thu Jan 27 01:24:15 2022 
--------------------------------------------------------------------------------

Trace Settings:
-------------------------
Trace Settings 

Peak Memory Usage: 691 MB



